[1]+  Terminated              sudo cat /sys/kernel/debug/usb/usbmon/2u > /tmp/gchd-usbmon.txt
ff5@ff5-VirtualBox:~/elgato-gchd/drivers/elgato_gchd$ sudo head -30000 /tmp/gchd-usbmon.txt
ffff8e67c6eead80 3896196143 S Co:2:006:0 s 00 09 0001 0000 0000 0
ffff8e67c6eead80 3896252335 C Co:2:006:0 0 0
ffff8e67c6eead80 3896252864 S Ci:2:006:0 s c0 bc 0800 0094 0004 4 <
ffff8e67c6eead80 3896255028 C Ci:2:006:0 0 4 = 56313330
ffff8e67c26db480 3896256595 S Ci:2:006:0 s c0 bc 0800 0098 0004 4 <
ffff8e67c26db480 3896257757 C Ci:2:006:0 0 4 = 37323330
ffff8e67c26db480 3896257902 S Ci:2:006:0 s c0 bc 0800 0094 0004 4 <
ffff8e67c26db480 3896260576 C Ci:2:006:0 0 4 = 56313330
ffff8e67c26db480 3896260728 S Ci:2:006:0 s c0 bc 0800 0098 0004 4 <
ffff8e67c26db480 3896263362 C Ci:2:006:0 0 4 = 37323330
ffff8e67c26db480 3896263521 S Ci:2:006:0 s c0 bc 0800 009c 0004 4 <
ffff8e67c26db480 3896266048 C Ci:2:006:0 0 4 = 301a0001
ffff8e67c26db480 3896266200 S Co:2:006:0 s 40 bc 0900 0000 0002 2 = 0000
ffff8e67c26db480 3896269019 C Co:2:006:0 0 2 >
ffff8e67c26db480 3896269203 S Ci:2:006:0 s c0 bc 0900 0014 0002 2 <
ffff8e67c26db480 3896271934 C Ci:2:006:0 0 2 = d086
ffff8e67c26db480 3896272137 S Ci:2:006:0 s c0 bc 0800 2008 0002 2 <
ffff8e67c26db480 3896274671 C Ci:2:006:0 0 2 = 0012
ffff8e67c26db480 3896274784 S Ci:2:006:0 s c0 bc 0800 2008 0002 2 <
ffff8e67c26db480 3896277437 C Ci:2:006:0 0 2 = 0012
ffff8e67c26db480 3896277536 S Co:2:006:0 s 40 b8 0000 0000 0004 4 = 02000000
ffff8e67c26db480 3896280426 C Co:2:006:0 0 4 >
ffff8e67c26db480 3896280533 S Ci:2:006:0 s c0 bc 0800 2008 0002 2 <
ffff8e67c26db480 3896283213 C Ci:2:006:0 0 2 = 0012
ffff8e67c26db480 3896283292 S Ci:2:006:0 s c0 bc 0900 0074 0002 2 <
ffff8e67c26db480 3896285939 C Ci:2:006:0 0 2 = 011a
ffff8e67c26db480 3896286062 S Ci:2:006:0 s c0 bc 0900 01b0 0002 2 <
ffff8e67c26db480 3896288846 C Ci:2:006:0 0 2 = 0000
ffff8e67c26db480 3896289111 S Ci:2:006:0 s c0 bc 0800 2008 0002 2 <
ffff8e67c26db480 3896291477 C Ci:2:006:0 0 2 = 0012
ffff8e67c26db480 3896291553 S Ci:2:006:0 s c0 bc 0900 0074 0002 2 <
ffff8e67c26db480 3896294187 C Ci:2:006:0 0 2 = 011e
ffff8e67c26db480 3896294268 S Ci:2:006:0 s c0 bc 0900 01b0 0002 2 <
ffff8e67c26db480 3896296958 C Ci:2:006:0 0 2 = 0000
ffff8e67c26db480 3896297080 S Ci:2:006:0 s c0 bc 0800 2008 0002 2 <
ffff8e67c26db480 3896299652 C Ci:2:006:0 0 2 = 0010
ffff8e67c26db480 3896299745 S Ci:2:006:0 s c0 bc 0800 2008 0002 2 <
ffff8e67c26db480 3896302472 C Ci:2:006:0 0 2 = 0010
ffff8e67c26db480 3896302559 S Co:2:006:0 s 40 bc 0900 0074 0002 2 = 0004
ffff8e67c26db480 3896305234 C Co:2:006:0 0 2 >
ffff8e67c26db480 3896305351 S Co:2:006:0 s 40 bc 0900 01b0 0002 2 = 0000
ffff8e67c26db480 3896307981 C Co:2:006:0 0 2 >
ffff8e67c26db480 3896308090 S Ci:2:006:0 s c0 bc 0800 2008 0002 2 <
ffff8e67c26db480 3896310659 C Ci:2:006:0 0 2 = 0010
ffff8e67c26db480 3896310842 S Co:2:006:0 s 40 b8 0000 0000 0004 4 = 01000000
ffff8e67c26db480 3896313479 C Co:2:006:0 0 4 >
ffff8e67c26db480 3896313686 S Ii:2:006:3 -115:1 3 <
ffff8e67c26db480 3896314773 C Ii:2:006:3 0:1 3 = 100000
ffff8e67c26db480 3896315148 S Ci:2:006:0 s c0 bc 0800 0014 0002 2 <
ffff8e67c26db480 3896317542 C Ci:2:006:0 0 2 = 0100
ffff8e67f59f0cc0 3896318098 S Ci:2:006:0 s c0 bc 0800 2008 0002 2 <
ffff8e67f59f0cc0 3896320107 C Ci:2:006:0 0 2 = 0011
ffff8e67f59f0cc0 3896320160 S Ci:2:006:0 s c0 bc 0900 0074 0002 2 <
ffff8e67f59f0cc0 3896322918 C Ci:2:006:0 0 2 = 011e
ffff8e67f59f0cc0 3896323078 S Ci:2:006:0 s c0 bc 0900 01b0 0002 2 <
ffff8e67f59f0cc0 3896325647 C Ci:2:006:0 0 2 = 0000
ffff8e67f59f0cc0 3896325819 S Ci:2:006:0 s c0 bc 0800 2008 0002 2 <
ffff8e67f59f0cc0 3896328354 C Ci:2:006:0 0 2 = 0011
ffff8e67f59f0cc0 3896328537 S Ci:2:006:0 s c0 bc 0800 2008 0002 2 <
ffff8e67f59f0cc0 3896331154 C Ci:2:006:0 0 2 = 0011
ffff8e67f59f0cc0 3896331341 S Co:2:006:0 s 40 bc 0900 0074 0002 2 = 0004
ffff8e67f59f0cc0 3896333880 C Co:2:006:0 0 2 >
ffff8e67f59f0cc0 3896334015 S Co:2:006:0 s 40 bc 0900 01b0 0002 2 = 0000
ffff8e67f59f0cc0 3896336683 C Co:2:006:0 0 2 >
ffff8e67f59f0cc0 3896336859 S Co:2:006:0 s 40 bc 0800 00c0 0006 6 = aba90fa4 5500
ffff8e67f59f0cc0 3896339395 C Co:2:006:0 0 6 >
ffff8e67f59f0cc0 3896339531 S Co:2:006:0 s 40 b9 0000 0000 0004 4 = 09006605
ffff8e67f59f0cc0 3896342152 C Co:2:006:0 0 4 >
ffff8e67f59f0cc0 3896342386 S Ii:2:006:3 -115:1 3 <
ffff8e67f59f0cc0 3896343503 C Ii:2:006:3 0:1 3 = 100000
ffff8e67f59f0cc0 3896343638 S Ci:2:006:0 s c0 bc 0800 0016 0002 2 <
ffff8e67f59f0cc0 3896346319 C Ci:2:006:0 0 2 = 0900
ffff8e67f59f0cc0 3896346509 S Ci:2:006:0 s c0 bc 0900 001c 0002 2 <
ffff8e67f59f0cc0 3896349137 C Ci:2:006:0 0 2 = 2e69
ffff8e67f59f0cc0 3896349221 S Ci:2:006:0 s c0 bc 0800 23be 0002 2 <
ffff8e67f59f0cc0 3896351773 C Ci:2:006:0 0 2 = 0000
ffff8e67f59f0cc0 3896351866 S Co:2:006:0 s 40 bc 0900 0014 0002 2 = d086
ffff8e67f59f0cc0 3896354429 C Co:2:006:0 0 2 >
ffff8e67f59f0cc0 3896354627 S Ci:2:006:0 s c0 bc 0900 001c 0002 2 <
ffff8e67f59f0cc0 3896357252 C Ci:2:006:0 0 2 = 2e69
ffff8e67f59f0cc0 3896357331 S Co:2:006:0 s 40 b9 0000 0000 0004 4 = 09016603
ffff8e67f59f0cc0 3896359968 C Co:2:006:0 0 4 >
ffff8e67f59f0cc0 3896360053 S Ii:2:006:3 -115:1 3 <
ffff8e67f59f0cc0 3896361260 C Ii:2:006:3 0:1 3 = 100000
ffff8e67f59f0cc0 3896361374 S Ci:2:006:0 s c0 bc 0800 0016 0002 2 <
ffff8e67f59f0cc0 3896364143 C Ci:2:006:0 0 2 = 0900
ffff8e67f59f0cc0 3896364218 S Ci:2:006:0 s c0 bc 0900 001c 0002 2 <
ffff8e67f59f0cc0 3896366857 C Ci:2:006:0 0 2 = 2e69
ffff8e67f59f0cc0 3896367002 S Ci:2:006:0 s c0 bc 0800 23be 0006 6 <
ffff8e67f59f0cc0 3896369555 C Ci:2:006:0 0 6 = 00003344 5542
ffff8e67f59f0cc0 3896369703 S Co:2:006:0 s 40 bc 0800 00c0 0006 6 = aba90fa4 5500
ffff8e67f59f0cc0 3896372369 C Co:2:006:0 0 6 >
ffff8e67f59f0cc0 3896372468 S Co:2:006:0 s 40 b9 0000 0000 0004 4 = 09006605
ffff8e67f59f0cc0 3896375096 C Co:2:006:0 0 4 >
ffff8e67f59f0cc0 3896375164 S Ii:2:006:3 -115:1 3 <
ffff8e67f59f0cc0 3896376429 C Ii:2:006:3 0:1 3 = 100000
ffff8e67f59f0cc0 3896376561 S Ci:2:006:0 s c0 bc 0800 0016 0002 2 <
ffff8e67f59f0cc0 3896379188 C Ci:2:006:0 0 2 = 0900
ffff8e67f59f0cc0 3896379240 S Ci:2:006:0 s c0 bc 0900 001c 0002 2 <
ffff8e67f59f0cc0 3896382014 C Ci:2:006:0 0 2 = 2e69
ffff8e67f59f0cc0 3896382186 S Ci:2:006:0 s c0 bc 0800 23be 0002 2 <
ffff8e67f59f0cc0 3896384659 C Ci:2:006:0 0 2 = 0000
ffff8e67f59f0cc0 3896384788 S Co:2:006:0 s 40 bc 0900 0014 0002 2 = d086
ffff8e67f59f0cc0 3896387329 C Co:2:006:0 0 2 >
ffff8e67f59f0cc0 3896387460 S Ci:2:006:0 s c0 bc 0900 001c 0002 2 <
ffff8e67f59f0cc0 3896390085 C Ci:2:006:0 0 2 = 2e69
ffff8e67f59f0cc0 3896390167 S Co:2:006:0 s 40 b9 0000 0000 0004 4 = 09016603
ffff8e67f59f0cc0 3896392882 C Co:2:006:0 0 4 >
ffff8e67f59f0cc0 3896393071 S Ii:2:006:3 -115:1 3 <
ffff8e67f59f0cc0 3896394170 C Ii:2:006:3 0:1 3 = 100000
ffff8e67f59f0cc0 3896394248 S Ci:2:006:0 s c0 bc 0800 0016 0002 2 <
ffff8e67f59f0cc0 3896397004 C Ci:2:006:0 0 2 = 0900
ffff8e67f59f0cc0 3896397107 S Ci:2:006:0 s c0 bc 0900 001c 0002 2 <
ffff8e67f59f0cc0 3896399650 C Ci:2:006:0 0 2 = 2e69
ffff8e67f59f0cc0 3896399829 S Ci:2:006:0 s c0 bc 0800 23be 0006 6 <
ffff8e67f59f0cc0 3896402395 C Ci:2:006:0 0 6 = 00003344 5542
ffff8e67f59f0cc0 3896402564 S Co:2:006:0 s 40 bc 0900 0014 0002 2 = d086
ffff8e67f59f0cc0 3896405147 C Co:2:006:0 0 2 >
ffff8e67f59f0cc0 3896405213 S Ci:2:006:0 s c0 bc 0900 001c 0002 2 <
ffff8e67f59f0cc0 3896407917 C Ci:2:006:0 0 2 = 2e69
ffff8e67f59f0cc0 3896408024 S Co:2:006:0 s 40 bc 0900 0014 0002 2 = d086
ffff8e67f59f0cc0 3896410635 C Co:2:006:0 0 2 >
ffff8e67f59f0cc0 3896410969 S Co:2:006:0 s 40 bc 0900 0018 0002 2 = 0004
ffff8e67f59f0cc0 3896413416 C Co:2:006:0 0 2 >
ffff8e67f59f0cc0 3896413544 S Ci:2:006:0 s c0 bc 0900 0014 0002 2 <
ffff8e67f59f0cc0 3896416149 C Ci:2:006:0 0 2 = d086
ffff8e67f59f0cc0 3896416249 S Ci:2:006:0 s c0 bc 0900 0018 0002 2 <
ffff8e67f59f0cc0 3896418898 C Ci:2:006:0 0 2 = 0004
ffff8e67f59f0cc0 3896419024 S Co:2:006:0 s 40 bc 0900 0014 0002 2 = d086
ffff8e67f59f0cc0 3896421655 C Co:2:006:0 0 2 >
ffff8e67f59f0cc0 3896421721 S Co:2:006:0 s 40 bc 0900 0018 0002 2 = 0006
ffff8e67f59f0cc0 3896424402 C Co:2:006:0 0 2 >
ffff8e67f59f0cc0 3896424572 S Ci:2:006:0 s c0 bc 0900 0014 0002 2 <
ffff8e67f59f0cc0 3896427154 C Ci:2:006:0 0 2 = d086
ffff8e67f59f0cc0 3896427293 S Ci:2:006:0 s c0 bc 0900 0018 0002 2 <
ffff8e67f59f0cc0 3896429951 C Ci:2:006:0 0 2 = 0006
ffff8e67f59f0cc0 3896430126 S Co:2:006:0 s 40 bc 0800 00c0 0006 6 = aba90fa4 5500
ffff8e67f59f0cc0 3896432662 C Co:2:006:0 0 6 >
ffff8e67f59f0cc0 3896432751 S Co:2:006:0 s 40 b9 0000 0000 0004 4 = 09006605
ffff8e67f59f0cc0 3896435402 C Co:2:006:0 0 4 >
ffff8e67f59f0cc0 3896435475 S Ii:2:006:3 -115:1 3 <
ffff8e67f59f0cc0 3896436787 C Ii:2:006:3 0:1 3 = 100000
ffff8e67f59f0cc0 3896436882 S Ci:2:006:0 s c0 bc 0800 0016 0002 2 <
ffff8e67f59f0cc0 3896439522 C Ci:2:006:0 0 2 = 0900
ffff8e67f59f0cc0 3896439624 S Ci:2:006:0 s c0 bc 0900 001c 0002 2 <
ffff8e67f59f0cc0 3896442409 C Ci:2:006:0 0 2 = 2e6f
ffff8e67f59f0cc0 3896442505 S Ci:2:006:0 s c0 bc 0800 23be 0002 2 <
ffff8e67f59f0cc0 3896445189 C Ci:2:006:0 0 2 = 0000
ffff8e67f59f0cc0 3896445318 S Co:2:006:0 s 40 bc 0900 0014 0002 2 = d086
ffff8e67f59f0cc0 3896447883 C Co:2:006:0 0 2 >
ffff8e67f59f0cc0 3896447981 S Ci:2:006:0 s c0 bc 0900 001c 0002 2 <
ffff8e67f59f0cc0 3896450545 C Ci:2:006:0 0 2 = 2e6f
ffff8e67f59f0cc0 3896450627 S Co:2:006:0 s 40 b9 0000 0000 0004 4 = 09016603
ffff8e67f59f0cc0 3896453273 C Co:2:006:0 0 4 >
ffff8e67f59f0cc0 3896453380 S Ii:2:006:3 -115:1 3 <
ffff8e67f59f0cc0 3896454726 C Ii:2:006:3 0:1 3 = 100000
ffff8e67f59f0cc0 3896454851 S Ci:2:006:0 s c0 bc 0800 0016 0002 2 <
ffff8e67f59f0cc0 3896457415 C Ci:2:006:0 0 2 = 0900
ffff8e67f59f0cc0 3896457539 S Ci:2:006:0 s c0 bc 0900 001c 0002 2 <
ffff8e67f59f0cc0 3896460136 C Ci:2:006:0 0 2 = 2f7f
ffff8e67f59f0cc0 3896460306 S Ci:2:006:0 s c0 bc 0800 23be 0006 6 <
ffff8e67f59f0cc0 3896462900 C Ci:2:006:0 0 6 = 00003344 5542
ffff8e67f59f0cc0 3896463038 S Co:2:006:0 s 40 bc 0900 0014 0002 2 = d086
ffff8e67f59f0cc0 3896465649 C Co:2:006:0 0 2 >
ffff8e67f59f0cc0 3896465714 S Ci:2:006:0 s c0 bc 0900 001c 0002 2 <
ffff8e67f59f0cc0 3896468388 C Ci:2:006:0 0 2 = 2f7f
ffff8e67f59f0cc0 3896468559 S Co:2:006:0 s 40 bc 0900 0014 0002 2 = d086
ffff8e67f59f0cc0 3896471176 C Co:2:006:0 0 2 >
ffff8e67f59f0cc0 3896471268 S Co:2:006:0 s 40 bc 0900 0018 0002 2 = 0006
ffff8e67f59f0cc0 3896473899 C Co:2:006:0 0 2 >
ffff8e67f59f0cc0 3896473987 S Ci:2:006:0 s c0 bc 0900 0014 0002 2 <
ffff8e67f59f0cc0 3896476657 C Ci:2:006:0 0 2 = d086
ffff8e67f59f0cc0 3896476774 S Ci:2:006:0 s c0 bc 0900 0018 0002 2 <
ffff8e67f59f0cc0 3896479463 C Ci:2:006:0 0 2 = 0006
ffff8e67f59f0cc0 3896479537 S Co:2:006:0 s 40 bc 0900 0014 0002 2 = d086
ffff8e67f59f0cc0 3896482131 C Co:2:006:0 0 2 >
ffff8e67f59f0cc0 3896482313 S Co:2:006:0 s 40 bc 0900 0018 0002 2 = 0006
ffff8e67f59f0cc0 3896484903 C Co:2:006:0 0 2 >
ffff8e67f59f0cc0 3896485041 S Ci:2:006:0 s c0 bc 0900 0014 0002 2 <
ffff8e67f59f0cc0 3896487645 C Ci:2:006:0 0 2 = d086
ffff8e67f59f0cc0 3896487746 S Ci:2:006:0 s c0 bc 0900 0018 0002 2 <
ffff8e67f59f0cc0 3896490411 C Ci:2:006:0 0 2 = 0006
ffff8e67f59f0cc0 3896490535 S Co:2:006:0 s 40 bc 0800 00c0 0006 6 = aba90fa4 5500
ffff8e67f59f0cc0 3896493094 C Co:2:006:0 0 6 >
ffff8e67f59f0cc0 3896493303 S Co:2:006:0 s 40 b9 0000 0000 0004 4 = 09006605
ffff8e67f59f0cc0 3896495758 C Co:2:006:0 0 4 >
ffff8e67f59f0cc0 3896495885 S Ii:2:006:3 -115:1 3 <
ffff8e67f59f0cc0 3896497085 C Ii:2:006:3 0:1 3 = 100000
ffff8e67f59f0cc0 3896497226 S Ci:2:006:0 s c0 bc 0800 0016 0002 2 <
ffff8e67f59f0cc0 3896499782 C Ci:2:006:0 0 2 = 0900
ffff8e67f59f0cc0 3896499906 S Ci:2:006:0 s c0 bc 0900 001c 0002 2 <
ffff8e67f59f0cc0 3896502517 C Ci:2:006:0 0 2 = 2f7f
ffff8e67f59f0cc0 3896502569 S Ci:2:006:0 s c0 bc 0800 23be 0002 2 <
ffff8e67f59f0cc0 3896505312 C Ci:2:006:0 0 2 = 0000
ffff8e67f59f0cc0 3896505379 S Co:2:006:0 s 40 bc 0900 0014 0002 2 = d086
ffff8e67f59f0cc0 3896508025 C Co:2:006:0 0 2 >
ffff8e67f59f0cc0 3896508204 S Ci:2:006:0 s c0 bc 0900 001c 0002 2 <
ffff8e67f59f0cc0 3896510750 C Ci:2:006:0 0 2 = 2f7f
ffff8e67f59f0cc0 3896510880 S Co:2:006:0 s 40 b9 0000 0000 0004 4 = 09016603
ffff8e67f59f0cc0 3896513487 C Co:2:006:0 0 4 >
ffff8e67f59f0cc0 3896513600 S Ii:2:006:3 -115:1 3 <
ffff8e67f59f0cc0 3896514925 C Ii:2:006:3 0:1 3 = 100000
ffff8e67f59f0cc0 3896515003 S Ci:2:006:0 s c0 bc 0800 0016 0002 2 <
ffff8e67f59f0cc0 3896517753 C Ci:2:006:0 0 2 = 0900
ffff8e67f59f0cc0 3896517902 S Ci:2:006:0 s c0 bc 0900 001c 0002 2 <
ffff8e67f59f0cc0 3896520530 C Ci:2:006:0 0 2 = 2f7f
ffff8e67f59f0cc0 3896520657 S Ci:2:006:0 s c0 bc 0800 23be 0006 6 <
ffff8e67f59f0cc0 3896523272 C Ci:2:006:0 0 6 = 000027f9 7b42
ffff8e67f59f0cc0 3896523415 S Co:2:006:0 s 40 bc 0900 0014 0002 2 = d086
ffff8e67f59f0cc0 3896526027 C Co:2:006:0 0 2 >
ffff8e67f59f0cc0 3896526197 S Co:2:006:0 s 40 bc 0900 0018 0002 2 = 0006
ffff8e67f59f0cc0 3896528801 C Co:2:006:0 0 2 >
ffff8e67f59f0cc0 3896528889 S Ci:2:006:0 s c0 bc 0900 0014 0002 2 <
ffff8e67f59f0cc0 3896531593 C Ci:2:006:0 0 2 = d086
ffff8e67f59f0cc0 3896531689 S Ci:2:006:0 s c0 bc 0900 0018 0002 2 <
ffff8e67f59f0cc0 3896534280 C Ci:2:006:0 0 2 = 0006
ffff8e67f59f0cc0 3896534465 S Co:2:006:0 s 40 bc 0000 0000 0002 2 = 0000
ffff8e67f59f0cc0 3896536973 C Co:2:006:0 0 2 >
ffff8e67f59f0cc0 3896537116 S Co:2:006:0 s 40 bc 0001 1000 0008 8 = 00000000 00000002
ffff8e67f59f0cc0 3896539588 C Co:2:006:0 0 8 >
ffff8e67f59f0cc0 3896539726 S Co:2:006:0 s 40 bc 0001 1000 0008 8 = 00000010 00000010
ffff8e67f59f0cc0 3896542237 C Co:2:006:0 0 8 >
ffff8e67f59f0cc0 3896542380 S Co:2:006:0 s 40 bc 0001 1004 0008 8 = 00000000 00010000
ffff8e67f59f0cc0 3896544881 C Co:2:006:0 0 8 >
ffff8e67f59f0cc0 3896544980 S Co:2:006:0 s 40 bc 0001 1004 0008 8 = 00000000 60000000
ffff8e67f59f0cc0 3896547588 C Co:2:006:0 0 8 >
ffff8e67f59f0cc0 3896547781 S Co:2:006:0 s 40 bc 0001 1004 0008 8 = 00000000 18000000
ffff8e67f59f0cc0 3896550213 C Co:2:006:0 0 8 >
ffff8e67f59f0cc0 3896550352 S Co:2:006:0 s 40 bc 0001 1004 0008 8 = 00000000 04000000
ffff8e67f59f0cc0 3896552896 C Co:2:006:0 0 8 >
ffff8e67f59f0cc0 3896553032 S Co:2:006:0 s 40 bc 0001 1004 0008 8 = 01000000 03000000
ffff8e67f59f0cc0 3896555683 C Co:2:006:0 0 8 >
ffff8e67f59f0cc0 3896555752 S Co:2:006:0 s 40 bc 0001 1004 0008 8 = 00000000 00800000
ffff8e67f59f0cc0 3896558464 C Co:2:006:0 0 8 >
ffff8e67f59f0cc0 3896558542 S Co:2:006:0 s 40 bc 0001 1004 0008 8 = 00040000 007f0000
ffff8e67f59f0cc0 3896561135 C Co:2:006:0 0 8 >
ffff8e67f59f0cc0 3896561243 S Co:2:006:0 s 40 bc 0001 1004 0008 8 = 00000000 00008000
ffff8e67f59f0cc0 3896563875 C Co:2:006:0 0 8 >
ffff8e67f59f0cc0 3896563965 S Co:2:006:0 s 40 bc 0001 1004 0008 8 = 00000000 00000400
ffff8e67f59f0cc0 3896566521 C Co:2:006:0 0 8 >
ffff8e67f59f0cc0 3896566686 S Co:2:006:0 s 40 bc 0001 1004 0008 8 = 00000000 00000080
ffff8e67f59f0cc0 3896569119 C Co:2:006:0 0 8 >
ffff8e67f59f0cc0 3896569244 S Co:2:006:0 s 40 bc 0001 1100 0008 8 = 00000000 00000004
ffff8e67f59f0cc0 3896571904 C Co:2:006:0 0 8 >
ffff8e67f59f0cc0 3896572105 S Co:2:006:0 s 40 bc 0001 1240 0008 8 = 00000000 00000004
ffff8e67f59f0cc0 3896574643 C Co:2:006:0 0 8 >
ffff8e67f59f0cc0 3896574708 S Co:2:006:0 s 40 bc 0001 1100 0008 8 = 00000002 00000003
ffff8e67f59f0cc0 3896577393 C Co:2:006:0 0 8 >
ffff8e67f59f0cc0 3896577464 S Co:2:006:0 s 40 bc 0001 1240 0008 8 = 00000002 00000003
ffff8e67f59f0cc0 3896580169 C Co:2:006:0 0 8 >
ffff8e67f59f0cc0 3896580271 S Co:2:006:0 s 40 bc 0001 1104 0008 8 = 61a80000 ffff0000
ffff8e67f59f0cc0 3896582924 C Co:2:006:0 0 8 >
ffff8e67f59f0cc0 3896582997 S Co:2:006:0 s 40 bc 0001 1244 0008 8 = 1f400000 ffff0000
ffff8e67f59f0cc0 3896585637 C Co:2:006:0 0 8 >
ffff8e67f59f0cc0 3896589277 S Co:2:006:0 s 40 bc 0001 1104 0008 8 = 00000000 0000ffff
ffff8e67f59f0cc0 3896590527 C Co:2:006:0 0 8 >
ffff8e67f59f0cc0 3896590578 S Co:2:006:0 s 40 bc 0001 1244 0008 8 = 00000000 0000ffff
ffff8e67f59f0cc0 3896593210 C Co:2:006:0 0 8 >
ffff8e67f59f0cc0 3896593252 S Co:2:006:0 s 40 bc 0001 1124 0008 8 = 00001011 00001fff
ffff8e67f59f0cc0 3896595828 C Co:2:006:0 0 8 >
ffff8e67f59f0cc0 3896595913 S Co:2:006:0 s 40 bc 0001 1264 0008 8 = 00001011 00001fff
ffff8e67f59f0cc0 3896598478 C Co:2:006:0 0 8 >
ffff8e67f59f0cc0 3896598524 S Co:2:006:0 s 40 bc 0001 1128 0008 8 = 010f0000 1fff0000
ffff8e67f59f0cc0 3896601136 C Co:2:006:0 0 8 >
ffff8e67f59f0cc0 3896601226 S Co:2:006:0 s 40 bc 0001 1268 0008 8 = 010f0000 1fff0000
ffff8e67f59f0cc0 3896603706 C Co:2:006:0 0 8 >
ffff8e67f59f0cc0 3896603751 S Co:2:006:0 s 40 bc 0001 112c 0008 8 = 01100000 1fff0000
ffff8e67f59f0cc0 3896606336 C Co:2:006:0 0 8 >
ffff8e67f59f0cc0 3896606465 S Co:2:006:0 s 40 bc 0001 126c 0008 8 = 01100000 1fff0000
ffff8e67f59f0cc0 3896609095 C Co:2:006:0 0 8 >
ffff8e67f59f0cc0 3896609135 S Co:2:006:0 s 40 bc 0001 112c 0008 8 = 00000100 00001fff
ffff8e67f59f0cc0 3896611762 C Co:2:006:0 0 8 >
ffff8e67f59f0cc0 3896611802 S Co:2:006:0 s 40 bc 0001 126c 0008 8 = 00000100 00001fff
ffff8e67f59f0cc0 3896614487 C Co:2:006:0 0 8 >
ffff8e67f59f0cc0 3896614528 S Co:2:006:0 s 40 bc 0001 1134 0008 8 = 001f0000 1fff0000
ffff8e67f59f0cc0 3896617094 C Co:2:006:0 0 8 >
ffff8e67f59f0cc0 3896617174 S Co:2:006:0 s 40 bc 0001 1138 0008 8 = 10000000 ff000000
ffff8e67f59f0cc0 3896619791 C Co:2:006:0 0 8 >
ffff8e67f59f0cc0 3896619886 S Co:2:006:0 s 40 bc 0001 1138 0008 8 = 00320000 00ff0000
ffff8e67f59f0cc0 3896622488 C Co:2:006:0 0 8 >
ffff8e67f59f0cc0 3896622543 S Co:2:006:0 s 40 bc 0001 113c 0008 8 = 00000a00 0000ff00
ffff8e67f59f0cc0 3896625117 C Co:2:006:0 0 8 >
ffff8e67f59f0cc0 3896625169 S Co:2:006:0 s 40 bc 0001 100c 0008 8 = 00200000 00f00000
ffff8e67f59f0cc0 3896627702 C Co:2:006:0 0 8 >
ffff8e67f59f0cc0 3896627757 S Co:2:006:0 s 40 bc 0001 100c 0008 8 = 30000000 f0000000
ffff8e67f59f0cc0 3896630335 C Co:2:006:0 0 8 >
ffff8e67f59f0cc0 3896630392 S Co:2:006:0 s 40 bc 0000 1144 0002 2 = 00b0
ffff8e67f59f0cc0 3896633112 C Co:2:006:0 0 2 >
ffff8e67f59f0cc0 3896633160 S Co:2:006:0 s 40 bc 0000 1146 0002 2 = 1100
ffff8e67f59f0cc0 3896635707 C Co:2:006:0 0 2 >
ffff8e67f59f0cc0 3896635757 S Co:2:006:0 s 40 bc 0000 1148 0002 2 = 0001
ffff8e67f59f0cc0 3896638487 C Co:2:006:0 0 2 >
ffff8e67f59f0cc0 3896638533 S Co:2:006:0 s 40 bc 0000 114a 0002 2 = 0000
ffff8e67f59f0cc0 3896641110 C Co:2:006:0 0 2 >
ffff8e67f59f0cc0 3896641154 S Co:2:006:0 s 40 bc 0000 114c 0002 2 = 0001
ffff8e67f59f0cc0 3896643693 C Co:2:006:0 0 2 >
ffff8e67f59f0cc0 3896643738 S Co:2:006:0 s 40 bc 0000 114e 0002 2 = e110
ffff8e67f59f0cc0 3896646463 C Co:2:006:0 0 2 >
ffff8e67f59f0cc0 3896646502 S Co:2:006:0 s 40 bc 0000 1150 0002 2 = 0000
ffff8e67f59f0cc0 3896649057 C Co:2:006:0 0 2 >
ffff8e67f59f0cc0 3896649098 S Co:2:006:0 s 40 bc 0000 1152 0002 2 = e01f
ffff8e67f59f0cc0 3896651699 C Co:2:006:0 0 2 >
ffff8e67f59f0cc0 3896651743 S Co:2:006:0 s 40 bc 0000 1174 0002 2 = 02b0
ffff8e67f59f0cc0 3896654442 C Co:2:006:0 0 2 >
ffff8e67f59f0cc0 3896654477 S Co:2:006:0 s 40 bc 0000 1176 0002 2 = 3300
ffff8e67f59f0cc0 3896657053 C Co:2:006:0 0 2 >
ffff8e67f59f0cc0 3896657117 S Co:2:006:0 s 40 bc 0000 1178 0002 2 = 0101
ffff8e67f59f0cc0 3896659685 C Co:2:006:0 0 2 >
ffff8e67f59f0cc0 3896659722 S Co:2:006:0 s 40 bc 0000 117a 0002 2 = 0000
ffff8e67f59f0cc0 3896662314 C Co:2:006:0 0 2 >
ffff8e67f59f0cc0 3896662350 S Co:2:006:0 s 40 bc 0000 117c 0002 2 = e000
ffff8e67f59f0cc0 3896664910 C Co:2:006:0 0 2 >
ffff8e67f59f0cc0 3896664950 S Co:2:006:0 s 40 bc 0000 117e 0002 2 = f00c
ffff8e67f59f0cc0 3896667555 C Co:2:006:0 0 2 >
ffff8e67f59f0cc0 3896667584 S Co:2:006:0 s 40 bc 0000 1180 0002 2 = 0504
ffff8e67f59f0cc0 3896670139 C Co:2:006:0 0 2 >
ffff8e67f59f0cc0 3896670175 S Co:2:006:0 s 40 bc 0000 1182 0002 2 = 4844
ffff8e67f59f0cc0 3896672789 C Co:2:006:0 0 2 >
ffff8e67f59f0cc0 3896672826 S Co:2:006:0 s 40 bc 0000 1184 0002 2 = 4d56
ffff8e67f59f0cc0 3896675409 C Co:2:006:0 0 2 >
ffff8e67f59f0cc0 3896675457 S Co:2:006:0 s 40 bc 0000 1186 0002 2 = 8804
ffff8e67f59f0cc0 3896678041 C Co:2:006:0 0 2 >
ffff8e67f59f0cc0 3896678075 S Co:2:006:0 s 40 bc 0000 1188 0002 2 = 0fff
ffff8e67f59f0cc0 3896680655 C Co:2:006:0 0 2 >
ffff8e67f59f0cc0 3896680690 S Co:2:006:0 s 40 bc 0000 118a 0002 2 = fcfc
ffff8e67f59f0cc0 3896683288 C Co:2:006:0 0 2 >
ffff8e67f59f0cc0 3896683320 S Co:2:006:0 s 40 bc 0000 118c 0002 2 = 1be0
ffff8e67f59f0cc0 3896686056 C Co:2:006:0 0 2 >
ffff8e67f59f0cc0 3896686085 S Co:2:006:0 s 40 bc 0000 118e 0002 2 = 11f0
ffff8e67f59f0cc0 3896688650 C Co:2:006:0 0 2 >
ffff8e67f59f0cc0 3896688685 S Co:2:006:0 s 40 bc 0000 1190 0002 2 = 1405
ffff8e67f59f0cc0 3896691318 C Co:2:006:0 0 2 >
ffff8e67f59f0cc0 3896691350 S Co:2:006:0 s 40 bc 0000 1192 0002 2 = 0848
ffff8e67f59f0cc0 3896694044 C Co:2:006:0 0 2 >
ffff8e67f59f0cc0 3896694072 S Co:2:006:0 s 40 bc 0000 1194 0002 2 = 444d
ffff8e67f59f0cc0 3896696609 C Co:2:006:0 0 2 >
ffff8e67f59f0cc0 3896696636 S Co:2:006:0 s 40 bc 0000 1196 0002 2 = 56ff
ffff8e67f59f0cc0 3896699252 C Co:2:006:0 0 2 >
ffff8e67f59f0cc0 3896699286 S Co:2:006:0 s 40 bc 0000 1198 0002 2 = 1b44
ffff8e67f59f0cc0 3896701895 C Co:2:006:0 0 2 >
ffff8e67f59f0cc0 3896701926 S Co:2:006:0 s 40 bc 0000 119a 0002 2 = 3f28
ffff8e67f59f0cc0 3896704501 C Co:2:006:0 0 2 >
ffff8e67f59f0cc0 3896704531 S Co:2:006:0 s 40 bc 0000 119c 0002 2 = 042a
ffff8e67f59f0cc0 3896707117 C Co:2:006:0 0 2 >
ffff8e67f59f0cc0 3896707148 S Co:2:006:0 s 40 bc 0000 119e 0002 2 = 027e
ffff8e67f59f0cc0 3896709748 C Co:2:006:0 0 2 >
ffff8e67f59f0cc0 3896709777 S Co:2:006:0 s 40 bc 0000 11a0 0002 2 = ff03
ffff8e67f59f0cc0 3896712389 C Co:2:006:0 0 2 >
ffff8e67f59f0cc0 3896712432 S Co:2:006:0 s 40 bc 0000 11a2 0002 2 = e10f
ffff8e67f59f0cc0 3896715043 C Co:2:006:0 0 2 >
ffff8e67f59f0cc0 3896715069 S Co:2:006:0 s 40 bc 0000 11a4 0002 2 = f000
ffff8e67f59f0cc0 3896717632 C Co:2:006:0 0 2 >
ffff8e67f59f0cc0 3896717661 S Co:2:006:0 s 40 bc 0000 1010 0002 2 = 7ff0
ffff8e67f59f0cc0 3896720218 C Co:2:006:0 0 2 >
ffff8e67f59f0cc0 3896720248 S Co:2:006:0 s 40 bc 0000 1012 0002 2 = 0bff
ffff8e67f59f0cc0 3896722904 C Co:2:006:0 0 2 >
ffff8e67f59f0cc0 3896722934 S Co:2:006:0 s 40 bc 0000 1014 0002 2 = ff01
ffff8e67f59f0cc0 3896725509 C Co:2:006:0 0 2 >
ffff8e67f59f0cc0 3896725538 S Co:2:006:0 s 40 bc 0000 1016 0002 2 = 0000
ffff8e67f59f0cc0 3896728135 C Co:2:006:0 0 2 >
ffff8e67f59f0cc0 3896728173 S Co:2:006:0 s 40 bc 0000 1018 0002 2 = f000
ffff8e67f59f0cc0 3896730747 C Co:2:006:0 0 2 >
ffff8e67f59f0cc0 3896730776 S Co:2:006:0 s 40 bc 0001 1278 0008 8 = 10000000 ff000000
ffff8e67f59f0cc0 3896733376 C Co:2:006:0 0 8 >
ffff8e67f59f0cc0 3896733401 S Co:2:006:0 s 40 bc 0001 1278 0008 8 = 00320000 00ff0000
ffff8e67f59f0cc0 3896736011 C Co:2:006:0 0 8 >
ffff8e67f59f0cc0 3896736062 S Co:2:006:0 s 40 bc 0001 127c 0008 8 = 00000a00 0000ff00
ffff8e67f59f0cc0 3896738625 C Co:2:006:0 0 8 >
ffff8e67f59f0cc0 3896738653 S Co:2:006:0 s 40 bc 0000 1284 0002 2 = 00b0
ffff8e67f59f0cc0 3896741250 C Co:2:006:0 0 2 >
ffff8e67f59f0cc0 3896741280 S Co:2:006:0 s 40 bc 0000 1286 0002 2 = 1100
ffff8e67f59f0cc0 3896743875 C Co:2:006:0 0 2 >
ffff8e67f59f0cc0 3896743903 S Co:2:006:0 s 40 bc 0000 1288 0002 2 = 0001
ffff8e67f59f0cc0 3896746621 C Co:2:006:0 0 2 >
ffff8e67f59f0cc0 3896746652 S Co:2:006:0 s 40 bc 0000 128a 0002 2 = 0000
ffff8e67f59f0cc0 3896749250 C Co:2:006:0 0 2 >
ffff8e67f59f0cc0 3896749274 S Co:2:006:0 s 40 bc 0000 128c 0002 2 = 0001
ffff8e67f59f0cc0 3896751868 C Co:2:006:0 0 2 >
ffff8e67f59f0cc0 3896751905 S Co:2:006:0 s 40 bc 0000 128e 0002 2 = e110
ffff8e67f59f0cc0 3896754510 C Co:2:006:0 0 2 >
ffff8e67f59f0cc0 3896754536 S Co:2:006:0 s 40 bc 0000 1290 0002 2 = 0000
ffff8e67f59f0cc0 3896757104 C Co:2:006:0 0 2 >
ffff8e67f59f0cc0 3896757131 S Co:2:006:0 s 40 bc 0000 1292 0002 2 = e01f
ffff8e67f59f0cc0 3896759743 C Co:2:006:0 0 2 >
ffff8e67f59f0cc0 3896759775 S Co:2:006:0 s 40 bc 0000 12b4 0002 2 = 02b0
ffff8e67f59f0cc0 3896762360 C Co:2:006:0 0 2 >
ffff8e67f59f0cc0 3896762388 S Co:2:006:0 s 40 bc 0000 12b6 0002 2 = 3300
ffff8e67f59f0cc0 3896764994 C Co:2:006:0 0 2 >
ffff8e67f59f0cc0 3896765043 S Co:2:006:0 s 40 bc 0000 12b8 0002 2 = 0101
ffff8e67f59f0cc0 3896767629 C Co:2:006:0 0 2 >
ffff8e67f59f0cc0 3896767657 S Co:2:006:0 s 40 bc 0000 12ba 0002 2 = 0000
ffff8e67f59f0cc0 3896770266 C Co:2:006:0 0 2 >
ffff8e67f59f0cc0 3896770294 S Co:2:006:0 s 40 bc 0000 12bc 0002 2 = e000
ffff8e67f59f0cc0 3896772890 C Co:2:006:0 0 2 >
ffff8e67f59f0cc0 3896772923 S Co:2:006:0 s 40 bc 0000 12be 0002 2 = f00c
ffff8e67f59f0cc0 3896775508 C Co:2:006:0 0 2 >
ffff8e67f59f0cc0 3896775534 S Co:2:006:0 s 40 bc 0000 12c0 0002 2 = 0504
ffff8e67f59f0cc0 3896778104 C Co:2:006:0 0 2 >
ffff8e67f59f0cc0 3896778135 S Co:2:006:0 s 40 bc 0000 12c2 0002 2 = 4844
ffff8e67f59f0cc0 3896780742 C Co:2:006:0 0 2 >
ffff8e67f59f0cc0 3896780772 S Co:2:006:0 s 40 bc 0000 12c4 0002 2 = 4d56
ffff8e67f59f0cc0 3896783373 C Co:2:006:0 0 2 >
ffff8e67f59f0cc0 3896783398 S Co:2:006:0 s 40 bc 0000 12c6 0002 2 = 8804
ffff8e67f59f0cc0 3896785993 C Co:2:006:0 0 2 >
ffff8e67f59f0cc0 3896786023 S Co:2:006:0 s 40 bc 0000 12c8 0002 2 = 0fff
ffff8e67f59f0cc0 3896788617 C Co:2:006:0 0 2 >
ffff8e67f59f0cc0 3896788645 S Co:2:006:0 s 40 bc 0000 12ca 0002 2 = fcfc
ffff8e67f59f0cc0 3896791253 C Co:2:006:0 0 2 >
ffff8e67f59f0cc0 3896791278 S Co:2:006:0 s 40 bc 0000 12cc 0002 2 = 1be0
ffff8e67f59f0cc0 3896793856 C Co:2:006:0 0 2 >
ffff8e67f59f0cc0 3896793886 S Co:2:006:0 s 40 bc 0000 12ce 0002 2 = 11f0
ffff8e67f59f0cc0 3896796533 C Co:2:006:0 0 2 >
ffff8e67f59f0cc0 3896796576 S Co:2:006:0 s 40 bc 0000 12d0 0002 2 = 1405
ffff8e67f59f0cc0 3896799107 C Co:2:006:0 0 2 >
ffff8e67f59f0cc0 3896799129 S Co:2:006:0 s 40 bc 0000 12d2 0002 2 = 0848
ffff8e67f59f0cc0 3896801744 C Co:2:006:0 0 2 >
ffff8e67f59f0cc0 3896801774 S Co:2:006:0 s 40 bc 0000 12d4 0002 2 = 444d
ffff8e67f59f0cc0 3896804372 C Co:2:006:0 0 2 >
ffff8e67f59f0cc0 3896804410 S Co:2:006:0 s 40 bc 0000 12d6 0002 2 = 56ff
ffff8e67f59f0cc0 3896807030 C Co:2:006:0 0 2 >
ffff8e67f59f0cc0 3896807063 S Co:2:006:0 s 40 bc 0000 12d8 0002 2 = 1b44
ffff8e67f59f0cc0 3896809643 C Co:2:006:0 0 2 >
ffff8e67f59f0cc0 3896809672 S Co:2:006:0 s 40 bc 0000 12da 0002 2 = 3f28
ffff8e67f59f0cc0 3896812241 C Co:2:006:0 0 2 >
ffff8e67f59f0cc0 3896812272 S Co:2:006:0 s 40 bc 0000 12dc 0002 2 = 042a
ffff8e67f59f0cc0 3896814873 C Co:2:006:0 0 2 >
ffff8e67f59f0cc0 3896814903 S Co:2:006:0 s 40 bc 0000 12de 0002 2 = 027e
ffff8e67f59f0cc0 3896817507 C Co:2:006:0 0 2 >
ffff8e67f59f0cc0 3896817537 S Co:2:006:0 s 40 bc 0000 12e0 0002 2 = ff03
ffff8e67f59f0cc0 3896820125 C Co:2:006:0 0 2 >
ffff8e67f59f0cc0 3896820151 S Co:2:006:0 s 40 bc 0000 12e2 0002 2 = e10f
ffff8e67f59f0cc0 3896822744 C Co:2:006:0 0 2 >
ffff8e67f59f0cc0 3896822775 S Co:2:006:0 s 40 bc 0000 12e4 0002 2 = f000
ffff8e67f59f0cc0 3896825364 C Co:2:006:0 0 2 >
ffff8e67f59f0cc0 3896825396 S Co:2:006:0 s 40 bc 0000 1370 0002 2 = 7ff0
ffff8e67f59f0cc0 3896827999 C Co:2:006:0 0 2 >
ffff8e67f59f0cc0 3896828044 S Co:2:006:0 s 40 bc 0000 1372 0002 2 = 0bff
ffff8e67f59f0cc0 3896830751 C Co:2:006:0 0 2 >
ffff8e67f59f0cc0 3896830887 S Co:2:006:0 s 40 bc 0000 1374 0002 2 = ff01
ffff8e67f59f0cc0 3896833485 C Co:2:006:0 0 2 >
ffff8e67f59f0cc0 3896833637 S Co:2:006:0 s 40 bc 0000 1376 0002 2 = 0000
ffff8e67f59f0cc0 3896836169 C Co:2:006:0 0 2 >
ffff8e67f59f0cc0 3896836281 S Co:2:006:0 s 40 bc 0000 1378 0002 2 = f000
ffff8e67f59f0cc0 3896838904 C Co:2:006:0 0 2 >
ffff8e67f59f0cc0 3896838995 S Co:2:006:0 s 40 bc 0001 1274 0008 8 = 001f0000 1fff0000
ffff8e67f59f0cc0 3896841635 C Co:2:006:0 0 8 >
ffff8e67f59f0cc0 3896841832 S Co:2:006:0 s 40 bc 0001 1268 0008 8 = 00001111 00001fff
ffff8e67f59f0cc0 3896844394 C Co:2:006:0 0 8 >
ffff8e67f59f0cc0 3896844476 S Co:2:006:0 s 40 bc 0001 1130 0008 8 = 00e00000 00ff0000
ffff8e67f59f0cc0 3896847160 C Co:2:006:0 0 8 >
ffff8e67f59f0cc0 3896847253 S Co:2:006:0 s 40 bc 0001 1270 0008 8 = 00e00000 00ff0000
ffff8e67f59f0cc0 3896849838 C Co:2:006:0 0 8 >
ffff8e67f59f0cc0 3896849928 S Co:2:006:0 s 40 bc 0001 1130 0008 8 = 000000c0 000000ff
ffff8e67f59f0cc0 3896852629 C Co:2:006:0 0 8 >
ffff8e67f59f0cc0 3896852795 S Co:2:006:0 s 40 bc 0001 1270 0008 8 = 000000c0 000000ff
ffff8e67f59f0cc0 3896855384 C Co:2:006:0 0 8 >
ffff8e67f59f0cc0 3896855479 S Co:2:006:0 s 40 bc 0001 113c 0008 8 = 00000000 00ff0000
ffff8e67f59f0cc0 3896858132 C Co:2:006:0 0 8 >
ffff8e67f59f0cc0 3896858209 S Co:2:006:0 s 40 bc 0001 127c 0008 8 = 00000000 00ff0000
ffff8e67f59f0cc0 3896860878 C Co:2:006:0 0 8 >
ffff8e67f59f0cc0 3896860971 S Co:2:006:0 s 40 bc 0001 113c 0008 8 = 00000000 000000ff
ffff8e67f59f0cc0 3896863660 C Co:2:006:0 0 8 >
ffff8e67f59f0cc0 3896863765 S Co:2:006:0 s 40 bc 0001 127c 0008 8 = 00000000 000000ff
ffff8e67f59f0cc0 3896866373 C Co:2:006:0 0 8 >
ffff8e67f59f0cc0 3896866498 S Co:2:006:0 s 40 bc 0001 1140 0008 8 = 00000000 00ff0000
ffff8e67f59f0cc0 3896869157 C Co:2:006:0 0 8 >
ffff8e67f59f0cc0 3896869265 S Co:2:006:0 s 40 bc 0001 1280 0008 8 = 00000000 00ff0000
ffff8e67f59f0cc0 3896871909 C Co:2:006:0 0 8 >
ffff8e67f59f0cc0 3896871979 S Co:2:006:0 s 40 bc 0001 1140 0008 8 = 00000000 000003ff
ffff8e67f59f0cc0 3896874620 C Co:2:006:0 0 8 >
ffff8e67f59f0cc0 3896874752 S Co:2:006:0 s 40 bc 0001 1280 0008 8 = 00000000 000003ff
ffff8e67f59f0cc0 3896877371 C Co:2:006:0 0 8 >
ffff8e67f59f0cc0 3896877462 S Co:2:006:0 s 40 bc 0001 1710 0008 8 = 10000000 30000000
ffff8e67f59f0cc0 3896880212 C Co:2:006:0 0 8 >
ffff8e67f59f0cc0 3896880316 S Co:2:006:0 s 40 bc 0001 1500 0008 8 = 00000400 00000400
ffff8e67f59f0cc0 3896882880 C Co:2:006:0 0 8 >
ffff8e67f59f0cc0 3896882962 S Co:2:006:0 s 40 bc 0001 1500 0008 8 = 00000004 000000ff
ffff8e67f59f0cc0 3896885580 C Co:2:006:0 0 8 >
ffff8e67f59f0cc0 3896885746 S Co:2:006:0 s 40 bc 0001 1504 0008 8 = 00020000 00030000
ffff8e67f59f0cc0 3896888255 C Co:2:006:0 0 8 >
ffff8e67f59f0cc0 3896888339 S Co:2:006:0 s 40 bc 0001 1510 0008 8 = 00000000 03000000
ffff8e67f59f0cc0 3896891025 C Co:2:006:0 0 8 >
ffff8e67f59f0cc0 3896891087 S Co:2:006:0 s 40 bc 0001 1510 0008 8 = 00000000 00200000
ffff8e67f59f0cc0 3896893747 C Co:2:006:0 0 8 >
ffff8e67f59f0cc0 3896893899 S Co:2:006:0 s 40 bc 0001 1510 0008 8 = 00100000 00100000
ffff8e67f59f0cc0 3896896502 C Co:2:006:0 0 8 >
ffff8e67f59f0cc0 3896896570 S Co:2:006:0 s 40 bc 0001 1510 0008 8 = 00000000 00080000
ffff8e67f59f0cc0 3896899244 C Co:2:006:0 0 8 >
ffff8e67f59f0cc0 3896899344 S Co:2:006:0 s 40 bc 0001 1510 0008 8 = 00000000 00040000
ffff8e67f59f0cc0 3896902001 C Co:2:006:0 0 8 >
ffff8e67f59f0cc0 3896902127 S Co:2:006:0 s 40 bc 0001 1510 0008 8 = 00010000 00030000
ffff8e67f59f0cc0 3896904805 C Co:2:006:0 0 8 >
ffff8e67f59f0cc0 3896904931 S Co:2:006:0 s 40 bc 0001 1518 0008 8 = 00000000 00ff0000
ffff8e67f59f0cc0 3896907487 C Co:2:006:0 0 8 >
ffff8e67f59f0cc0 3896907655 S Co:2:006:0 s 40 bc 0001 1518 0008 8 = 0f000000 ff000000
ffff8e67f59f0cc0 3896910252 C Co:2:006:0 0 8 >
ffff8e67f59f0cc0 3896910359 S Co:2:006:0 s 40 bc 0001 1518 0008 8 = 00000000 0000ffff
ffff8e67f59f0cc0 3896913034 C Co:2:006:0 0 8 >
ffff8e67f59f0cc0 3896913150 S Co:2:006:0 s 40 bc 0001 151c 0008 8 = 00000000 ffff0000
ffff8e67f59f0cc0 3896915759 C Co:2:006:0 0 8 >
ffff8e67f59f0cc0 3896915837 S Co:2:006:0 s 40 bc 0001 1524 0008 8 = 00000029 000000ff
ffff8e67f59f0cc0 3896918500 C Co:2:006:0 0 8 >
ffff8e67f59f0cc0 3896918573 S Co:2:006:0 s 40 bc 0001 1524 0008 8 = 00000100 0000ff00
ffff8e67f59f0cc0 3896921134 C Co:2:006:0 0 8 >
ffff8e67f59f0cc0 3896921301 S Co:2:006:0 s 40 bc 0001 152c 0008 8 = 07800000 ffff0000
ffff8e67f59f0cc0 3896923857 C Co:2:006:0 0 8 >
ffff8e67f59f0cc0 3896923988 S Co:2:006:0 s 40 bc 0001 152c 0008 8 = 00000438 0000ffff
ffff8e67f59f0cc0 3896926590 C Co:2:006:0 0 8 >
ffff8e67f59f0cc0 3896926745 S Co:2:006:0 s 40 bc 0001 1530 0008 8 = 00003e80 0000ffff
ffff8e67f59f0cc0 3896929357 C Co:2:006:0 0 8 >
ffff8e67f59f0cc0 3896929525 S Co:2:006:0 s 40 bc 0001 1534 0008 8 = 36b00000 ffff0000
ffff8e67f59f0cc0 3896932150 C Co:2:006:0 0 8 >
ffff8e67f59f0cc0 3896932275 S Co:2:006:0 s 40 bc 0001 1534 0008 8 = 00001f40 0000ffff
ffff8e67f59f0cc0 3896934908 C Co:2:006:0 0 8 >
ffff8e67f59f0cc0 3896934992 S Co:2:006:0 s 40 bc 0001 1538 0008 8 = 00000000 ffff0000
ffff8e67f59f0cc0 3896937594 C Co:2:006:0 0 8 >
ffff8e67f59f0cc0 3896937771 S Co:2:006:0 s 40 bc 0001 1570 0008 8 = 00010000 00010000
ffff8e67f59f0cc0 3896940371 C Co:2:006:0 0 8 >
ffff8e67f59f0cc0 3896940445 S Co:2:006:0 s 40 bc 0001 1570 0008 8 = 08000000 08000000
ffff8e67f59f0cc0 3896943149 C Co:2:006:0 0 8 >
ffff8e67f59f0cc0 3896943213 S Co:2:006:0 s 40 bc 0001 1570 0008 8 = 40000000 40000000
ffff8e67f59f0cc0 3896945866 C Co:2:006:0 0 8 >
ffff8e67f59f0cc0 3896945984 S Co:2:006:0 s 40 bc 0001 1570 0008 8 = 80000000 80000000
ffff8e67f59f0cc0 3896948602 C Co:2:006:0 0 8 >
ffff8e67f59f0cc0 3896948668 S Co:2:006:0 s 40 bc 0001 157c 0008 8 = 08000000 08000000
ffff8e67f59f0cc0 3896951368 C Co:2:006:0 0 8 >
ffff8e67f59f0cc0 3896951507 S Co:2:006:0 s 40 bc 0001 157c 0008 8 = 40000000 40000000
ffff8e67f59f0cc0 3896954156 C Co:2:006:0 0 8 >
ffff8e67f59f0cc0 3896954223 S Co:2:006:0 s 40 bc 0001 157c 0008 8 = 80000000 80000000
ffff8e67f59f0cc0 3896956903 C Co:2:006:0 0 8 >
ffff8e67f59f0cc0 3896957009 S Co:2:006:0 s 40 bc 0001 157c 0008 8 = 00000000 00000001
ffff8e67f59f0cc0 3896959611 C Co:2:006:0 0 8 >
ffff8e67f59f0cc0 3896959741 S Co:2:006:0 s 40 bc 0001 157c 0008 8 = 00000050 00000070
ffff8e67f59f0cc0 3896962353 C Co:2:006:0 0 8 >
ffff8e67f59f0cc0 3896962520 S Co:2:006:0 s 40 bc 0001 157c 0008 8 = 00001000 00001000
ffff8e67f59f0cc0 3896965154 C Co:2:006:0 0 8 >
ffff8e67f59f0cc0 3896965239 S Co:2:006:0 s 40 bc 0001 1580 0008 8 = 00010000 00ff0000
ffff8e67f59f0cc0 3896967867 C Co:2:006:0 0 8 >
ffff8e67f59f0cc0 3896967945 S Co:2:006:0 s 40 bc 0001 1580 0008 8 = 10000000 10000000
ffff8e67f59f0cc0 3896970617 C Co:2:006:0 0 8 >
ffff8e67f59f0cc0 3896970763 S Co:2:006:0 s 40 bc 0001 1580 0008 8 = 00000001 000000ff
ffff8e67f59f0cc0 3896973363 C Co:2:006:0 0 8 >
ffff8e67f59f0cc0 3896973452 S Co:2:006:0 s 40 bc 0001 1580 0008 8 = 00000100 0000ff00
ffff8e67f59f0cc0 3896976075 C Co:2:006:0 0 8 >
ffff8e67f59f0cc0 3896976173 S Co:2:006:0 s 40 bc 0001 1584 0008 8 = 00000000 ffff0000
ffff8e67f59f0cc0 3896978860 C Co:2:006:0 0 8 >
ffff8e67f59f0cc0 3896978967 S Co:2:006:0 s 40 bc 0001 1584 0008 8 = 00000000 0000ffff
ffff8e67f59f0cc0 3896981600 C Co:2:006:0 0 8 >
ffff8e67f59f0cc0 3896981661 S Co:2:006:0 s 40 bc 0001 1588 0008 8 = 00000000 ffff0000
ffff8e67f59f0cc0 3896984380 C Co:2:006:0 0 8 >
ffff8e67f59f0cc0 3896984520 S Co:2:006:0 s 40 bc 0001 1a00 0008 8 = 00000000 00000003
ffff8e67f59f0cc0 3896987112 C Co:2:006:0 0 8 >
ffff8e67f59f0cc0 3896987224 S Co:2:006:0 s 40 bc 0001 1a04 0008 8 = 01800000 ffff0000
ffff8e67f59f0cc0 3896989840 C Co:2:006:0 0 8 >
ffff8e67f59f0cc0 3896990011 S Co:2:006:0 s 40 bc 0001 1a04 0008 8 = 00000000 00000001
ffff8e67f59f0cc0 3896992605 C Co:2:006:0 0 8 >
ffff8e67f59f0cc0 3896992733 S Co:2:006:0 s 40 bc 0001 1a08 0008 8 = 00080000 00080000
ffff8e67f59f0cc0 3896995374 C Co:2:006:0 0 8 >
ffff8e67f59f0cc0 3896995470 S Co:2:006:0 s 40 bc 0001 1a08 0008 8 = 00200000 00300000
ffff8e67f59f0cc0 3896998121 C Co:2:006:0 0 8 >
ffff8e67f59f0cc0 3896998238 S Co:2:006:0 s 40 bc 0001 1a08 0008 8 = 00400000 00400000
ffff8e67f59f0cc0 3897000864 C Co:2:006:0 0 8 >
ffff8e67f59f0cc0 3897000921 S Co:2:006:0 s 40 bc 0001 1a08 0008 8 = 00800000 00800000
ffff8e67f59f0cc0 3897003586 C Co:2:006:0 0 8 >
ffff8e67f59f0cc0 3897003761 S Co:2:006:0 s 40 bc 0001 1a14 0008 8 = 00000000 00000001
ffff8e67f59f0cc0 3897006410 C Co:2:006:0 0 8 >
ffff8e67f59f0cc0 3897006475 S Co:2:006:0 s 40 bc 0001 1a14 0008 8 = 00000000 00000006
ffff8e67f59f0cc0 3897009141 C Co:2:006:0 0 8 >
ffff8e67f59f0cc0 3897009278 S Co:2:006:0 s 40 bc 0001 1a14 0008 8 = 00000000 00000008
ffff8e67f59f0cc0 3897011863 C Co:2:006:0 0 8 >
ffff8e67f59f0cc0 3897012015 S Co:2:006:0 s 40 bc 0001 1a14 0008 8 = 00000010 00000010
ffff8e67f59f0cc0 3897014602 C Co:2:006:0 0 8 >
ffff8e67f59f0cc0 3897014738 S Co:2:006:0 s 40 bc 0001 1a14 0008 8 = 00000000 00000060
ffff8e67f59f0cc0 3897017372 C Co:2:006:0 0 8 >
ffff8e67f59f0cc0 3897017508 S Co:2:006:0 s 40 bc 0001 1008 0008 8 = 00000000 0000000f
ffff8e67f59f0cc0 3897020151 C Co:2:006:0 0 8 >
ffff8e67f59f0cc0 3897020210 S Co:2:006:0 s 40 bc 0001 1008 0008 8 = 00000010 000000f0
ffff8e67f59f0cc0 3897022857 C Co:2:006:0 0 8 >
ffff8e67f59f0cc0 3897023002 S Co:2:006:0 s 40 bc 0001 1008 0008 8 = 00000000 00000f00
ffff8e67f59f0cc0 3897025608 C Co:2:006:0 0 8 >
ffff8e67f59f0cc0 3897025672 S Co:2:006:0 s 40 bc 0001 1008 0008 8 = 00000000 0000f000
ffff8e67f59f0cc0 3897028365 C Co:2:006:0 0 8 >
ffff8e67f59f0cc0 3897028492 S Co:2:006:0 s 40 bc 0001 100c 0008 8 = 00000000 000f0000
ffff8e67f59f0cc0 3897031143 C Co:2:006:0 0 8 >
ffff8e67f59f0cc0 3897031241 S Co:2:006:0 s 40 bc 0001 100c 0008 8 = 00200000 00f00000
ffff8e67f59f0cc0 3897033855 C Co:2:006:0 0 8 >
ffff8e67f59f0cc0 3897033952 S Co:2:006:0 s 40 bc 0001 100c 0008 8 = 00000000 0f000000
ffff8e67f59f0cc0 3897036572 C Co:2:006:0 0 8 >
ffff8e67f59f0cc0 3897036663 S Co:2:006:0 s 40 bc 0001 100c 0008 8 = 30000000 f0000000
ffff8e67f59f0cc0 3897039270 C Co:2:006:0 0 8 >
ffff8e67f59f0cc0 3897039440 S Co:2:006:0 s 40 b8 0000 0000 0004 4 = 04000000
ffff8e67f59f0cc0 3897042086 C Co:2:006:0 0 4 >
ffff8e67f59f0cc0 3897042282 S Ii:2:006:3 -115:1 3 <
ffff8e67f59f0cc0 3897043471 C Ii:2:006:3 0:1 3 = 100000
ffff8e67f59f0cc0 3897043652 S Ci:2:006:0 s c0 bc 0800 0014 0002 2 <
ffff8e67f59f0cc0 3897046148 C Ci:2:006:0 0 2 = 0400
ffff8e67f59f0cc0 3897060364 S Bo:2:006:2 -115 32768 = 4d423841 43303331 00000000 000000a0 00380000 00000001 0016e450 6f3eaf9d
ffff8e67f59f0cc0 3897062839 C Bo:2:006:2 0 32768 >
ffff8e67f59f0cc0 3897063028 S Bo:2:006:2 -115 32768 = 459390c7 ad7361ee 357e708c 82400226 c79c8040 e1be18ee ddf45ddf a8263b1f
ffff8e67f59f0cc0 3897066454 C Bo:2:006:2 0 32768 >
ffff8e67f59f0cc0 3897066582 S Bo:2:006:2 -115 32768 = f82b3de5 7e78521d b2df26ab 5c3b4d2e c555fed1 101ab81e 5bf248a7 67907ef9
ffff8e67f59f0cc0 3897070034 C Bo:2:006:2 0 32768 >
ffff8e67f59f0cc0 3897070172 S Bo:2:006:2 -115 32768 = 86ba10bc f8dbd01d aa18a492 fbae6543 be4f17a1 94e7db00 e2bd3d47 16421d11
ffff8e67f59f0cc0 3897073846 C Bo:2:006:2 0 32768 >
ffff8e67f59f0cc0 3897074039 S Bo:2:006:2 -115 32768 = 85131719 13adea05 12dc0e43 91461cdf be9897a0 539e115a e0286384 f0136c55
ffff8e67f59f0cc0 3897077453 C Bo:2:006:2 0 32768 >
ffff8e67f59f0cc0 3897077646 S Bo:2:006:2 -115 32768 = d16371df 8d4fcd21 ce92ba93 17874aec 7e1172c2 b8d8125b d660a546 c13a7eed
ffff8e67f59f0cc0 3897081025 C Bo:2:006:2 0 32768 >
ffff8e67f59f0cc0 3897081145 S Bo:2:006:2 -115 32768 = 2bba7566 34d911b2 48322512 920fb880 14ad43a3 1d381ff5 017dd30f ec5efe26
ffff8e67f59f0cc0 3897084652 C Bo:2:006:2 0 32768 >
ffff8e67f59f0cc0 3897084839 S Bo:2:006:2 -115 32768 = c9d779bb 2ba58163 8b7bae5c 764e7db6 5bc9ef5f 7f2648ce 39f0dec8 8bf3bdad
ffff8e67f59f0cc0 3897088369 C Bo:2:006:2 0 32768 >
ffff8e67f59f0cc0 3897088585 S Bo:2:006:2 -115 32768 = 4e0e0fd6 7d0a496e d511a7e0 cec45bca a04d921f 354ae81c 14a9f377 0b8537a4
ffff8e67f59f0cc0 3897092007 C Bo:2:006:2 0 32768 >
ffff8e67f59f0cc0 3897092193 S Bo:2:006:2 -115 32768 = 4a258885 3ffc784f 4fe057a2 dbe61866 1641a789 bb7bc884 ac81a912 b0288a6b
ffff8e67f59f0cc0 3897095677 C Bo:2:006:2 0 32768 >
ffff8e67f59f0cc0 3897095782 S Bo:2:006:2 -115 32768 = 55e85959 b9d37625 54e5960f 10024d2c f01acaca a040a3b5 ebdb7e1d 5dc62ad9
ffff8e67f59f0cc0 3897099261 C Bo:2:006:2 0 32768 >
ffff8e67f59f0cc0 3897099453 S Bo:2:006:2 -115 32768 = c6c67b45 c02d5f3d b07e0720 6c149605 23b494f8 d7863c35 125f1641 0c1d3222
ffff8e67f59f0cc0 3897102969 C Bo:2:006:2 0 32768 >
ffff8e67f59f0cc0 3897103075 S Bo:2:006:2 -115 32768 = b0be6abd 3edea79d 2036b52d 0d33f0bb e715ade9 bbcca2b1 5b52e1bb 7c73ce1c
ffff8e67f59f0cc0 3897106571 C Bo:2:006:2 0 32768 >
ffff8e67f59f0cc0 3897106756 S Bo:2:006:2 -115 32768 = 70ff6f20 cf70510c 741bc89a 8912d5b2 c0285994 218e2c29 2397beeb 5b2d42b7
ffff8e67f59f0cc0 3897110158 C Bo:2:006:2 0 32768 >
ffff8e67f59f0cc0 3897110308 S Bo:2:006:2 -115 32768 = 9fb59404 4c983772 80fc35b9 be46c51a e6c321eb 798b46a5 3cb7a40a 01a3b0fa
ffff8e67f59f0cc0 3897113870 C Bo:2:006:2 0 32768 >
ffff8e67f59f0cc0 3897114065 S Bo:2:006:2 -115 32768 = 4a275e66 87d9040e c1ac05b9 45c05555 17f5eef8 ac0ac462 858a224b ac891c92
ffff8e67f59f0cc0 3897117357 C Bo:2:006:2 0 32768 >
ffff8e67f59f0cc0 3897117555 S Bo:2:006:2 -115 32768 = 25c2d040 048cfff4 00f6979e e00a6f16 5696ea3e 5690205f b6f84d89 3516d697
ffff8e67f59f0cc0 3897121057 C Bo:2:006:2 0 32768 >
ffff8e67f59f0cc0 3897121177 S Bo:2:006:2 -115 32768 = 6023fbbe e9917ec6 b363e23b 69c95ce6 f40259c2 41f0b38f 489d0579 2045e75a
ffff8e67f59f0cc0 3897124658 C Bo:2:006:2 0 32768 >
ffff8e67f59f0cc0 3897124844 S Bo:2:006:2 -115 32768 = 735ad409 35dcf6e6 e6690c40 00040de1 01ff55e4 77c84ea6 fa787a9b fc50a41e
ffff8e67f59f0cc0 3897128315 C Bo:2:006:2 0 32768 >
ffff8e67f59f0cc0 3897128478 S Bo:2:006:2 -115 32768 = 48e7ae51 3e898960 68d54945 ca5bc1ef f74200b9 ef4d1c5a 335ce8f4 aa4b100b
ffff8e67f59f0cc0 3897131984 C Bo:2:006:2 0 32768 >
ffff8e67f59f0cc0 3897132161 S Bo:2:006:2 -115 32768 = ca8da8c2 3e72fa1c e5bb061c 61dd1b52 d3f1e662 e37656b9 04aac02f e156871c
ffff8e67f59f0cc0 3897135683 C Bo:2:006:2 0 32768 >
ffff8e67f59f0cc0 3897135801 S Bo:2:006:2 -115 32768 = 302064e7 aebe92ac a2bd6cae 1ab59d24 d6a42592 d19aa99e d4c137e1 4c3835d3
ffff8e67f59f0cc0 3897139298 C Bo:2:006:2 0 32768 >
ffff8e67f59f0cc0 3897139468 S Bo:2:006:2 -115 32768 = 2a4392d4 192d728c 16588cda eda8f7bc 87a52bda 15d635f1 587b10d1 436f4c7b
ffff8e67f59f0cc0 3897142728 C Bo:2:006:2 0 32768 >
ffff8e67f59f0cc0 3897142993 S Bo:2:006:2 -115 32768 = 46ee0a05 e9836907 9cdf9b99 343bbb48 76bda731 595ddfe6 3d0bc11d c73bb88a
ffff8e67f59f0cc0 3897146405 C Bo:2:006:2 0 32768 >
ffff8e67f59f0cc0 3897146582 S Bo:2:006:2 -115 32768 = 29497b8a 241fabba 694df2f7 4c65acb2 a6b6d498 24bd2091 bef3cdc3 863f71df
ffff8e67f59f0cc0 3897150043 C Bo:2:006:2 0 32768 >
ffff8e67f59f0cc0 3897150162 S Bo:2:006:2 -115 32768 = 00712cbc 506dcf73 6a3da0bf 027600bd 32883148 d9c09b90 47286fc0 1b20477d
ffff8e67f59f0cc0 3897153714 C Bo:2:006:2 0 32768 >
ffff8e67f59f0cc0 3897153904 S Bo:2:006:2 -115 32768 = 9d62139f 3d67b63c 5e485997 f0338abc ae284276 fb203f0c b5baa3d9 a149d7b4
ffff8e67f59f0cc0 3897157395 C Bo:2:006:2 0 32768 >
ffff8e67f59f0cc0 3897157488 S Bo:2:006:2 -115 32768 = 035bc2ba f295d682 eef7c842 459af1e6 44f968a6 6c21d821 e4d1bb48 ceefe50d
ffff8e67f59f0cc0 3897160989 C Bo:2:006:2 0 32768 >
ffff8e67f59f0cc0 3897161181 S Bo:2:006:2 -115 32768 = f2a42acb e3a77eb7 a7372857 2a677c39 b05b7a78 7d563ed8 218bf5c8 2d3e59fb
ffff8e67f59f0cc0 3897164479 C Bo:2:006:2 0 32768 >
ffff8e67f59f0cc0 3897164641 S Bo:2:006:2 -115 32768 = a9ae8ecb ff3e5f4b 18e6c0a9 aee9d31a 9ddad2d9 de5fe966 22fb0e5e 97c8ad1e
ffff8e67f59f0cc0 3897168076 C Bo:2:006:2 0 32768 >
ffff8e67f59f0cc0 3897168255 S Bo:2:006:2 -115 32768 = 7f2f2797 8a15f346 87e81052 0449e8f1 beae1af4 c83e4d14 368e5a5a 498f489a
ffff8e67f59f0cc0 3897171806 C Bo:2:006:2 0 32768 >
ffff8e67f59f0cc0 3897172085 S Bo:2:006:2 -115 32768 = 7663cc8e 831f9f62 ba81eed8 79905025 5c4e8045 d4a40ee0 fff03d64 4a558390
ffff8e67f59f0cc0 3897175429 C Bo:2:006:2 0 32768 >
ffff8e67f59f0cc0 3897175592 S Bo:2:006:2 -115 32768 = 013172ee 86d83fb6 fbc0d910 0b7e12bc fe722f37 4bacbf38 6fb28cf6 78aa0d61
ffff8e67f59f0cc0 3897179058 C Bo:2:006:2 0 32768 >
ffff8e67f59f0cc0 3897179167 S Bo:2:006:2 -115 32768 = 04a22f9e 76871f97 9fc04d07 e154b8a2 85bc474b b4198137 97d8ce99 90e9d117
ffff8e67f59f0cc0 3897182706 C Bo:2:006:2 0 32768 >
ffff8e67f59f0cc0 3897182898 S Bo:2:006:2 -115 32768 = d7b165ab dbe01981 4ba70572 6628fca9 f299ccbb 3b31511b 24a9d06f 8f79a994
ffff8e67f59f0cc0 3897186338 C Bo:2:006:2 0 32768 >
ffff8e67f59f0cc0 3897186452 S Bo:2:006:2 -115 32768 = 11d3226a d9d7e11e 64429194 2c529d1b 52ae5410 d59fcf85 d815bcbd 9ab8bd76
ffff8e67f59f0cc0 3897190056 C Bo:2:006:2 0 32768 >
ffff8e67f59f0cc0 3897190214 S Bo:2:006:2 -115 32768 = 2c6c5b3f 2154ead9 15da54bd 3a10a2d1 7251bff8 b6408d6e 7bcee7d4 48a17a39
ffff8e67f59f0cc0 3897193701 C Bo:2:006:2 0 32768 >
ffff8e67f59f0cc0 3897193886 S Bo:2:006:2 -115 32768 = 7a1928d3 f37cc593 4ae5b2b4 26f25b78 73e03e9a ea63c953 f536c3e9 82d2dc1f
ffff8e67f59f0cc0 3897197297 C Bo:2:006:2 0 32768 >
ffff8e67f59f0cc0 3897197421 S Bo:2:006:2 -115 32768 = 1aa3edf6 bfd4972b 1aa3edf6 bfd4972b 1aa3edf6 bfd4972b 1aa3edf6 bfd4972b
ffff8e67f59f0cc0 3897201007 C Bo:2:006:2 0 32768 >
ffff8e67f59f0cc0 3897201192 S Bo:2:006:2 -115 32768 = e020a7f8 5170f55b ea4a3279 6bdf3c8a b08e46f5 f5daed3d 9a6c8a05 24f72017
ffff8e67f59f0cc0 3897204588 C Bo:2:006:2 0 32768 >
ffff8e67f59f0cc0 3897204749 S Bo:2:006:2 -115 32768 = 96484c0a 04e4daef a835e578 73b288ba de2c1a64 0ce4fc45 dfe7dd59 555dc92c
ffff8e67f59f0cc0 3897208108 C Bo:2:006:2 0 32768 >
ffff8e67f59f0cc0 3897208294 S Bo:2:006:2 -115 32768 = 522da892 fe693da0 736fde09 1d40091d d074ac06 95e90ec9 425fba55 cbf50e2e
ffff8e67f59f0cc0 3897211705 C Bo:2:006:2 0 32768 >
ffff8e67f59f0cc0 3897211929 S Bo:2:006:2 -115 32768 = 763ff695 bfd7bd00 92938b32 5691aebb cdc94288 96d15f7d f9878077 43e08db8
ffff8e67f59f0cc0 3897215302 C Bo:2:006:2 0 32768 >
ffff8e67f59f0cc0 3897215461 S Bo:2:006:2 -115 32768 = 814281d7 8b3765de c30fa280 1256c789 e4f96159 aec7c88e 3379d77f 66bc0a6a
ffff8e67f59f0cc0 3897218924 C Bo:2:006:2 0 32768 >
ffff8e67f59f0cc0 3897219121 S Bo:2:006:2 -115 32768 = 1865b88b bffb3968 55224cc8 909b1ee7 47544f1a 212e9109 4c6a4e54 8b8795d2
ffff8e67f59f0cc0 3897222543 C Bo:2:006:2 0 32768 >
ffff8e67f59f0cc0 3897222693 S Bo:2:006:2 -115 26224 = 6d0d822e e3d15d8e 1f67e581 8f522c6d d29abfa4 adb59d21 f94b05db a82ddea4
ffff8e67f59f0cc0 3897225907 C Bo:2:006:2 0 26224 >
ffff8e67f59f0cc0 3897226151 S Ci:2:006:0 s c0 bc 0000 0010 0002 2 <
ffff8e67f59f0cc0 3897228841 C Ci:2:006:0 0 2 = 2013
ffff8e67f59f0cc0 3897230504 S Ci:2:006:0 s c0 bc 0000 0012 0002 2 <
ffff8e67f59f0cc0 3897231586 C Ci:2:006:0 0 2 = 1210
ffff8e67f59f0cc0 3897231651 S Ci:2:006:0 s c0 bc 0000 0014 0002 2 <
ffff8e67f59f0cc0 3897234132 C Ci:2:006:0 0 2 = 1880
ffff8e67f59f0cc0 3897234211 S Ci:2:006:0 s c0 bc 0000 0016 0002 2 <
ffff8e67f59f0cc0 3897236879 C Ci:2:006:0 0 2 = 2030
ffff8e67f59f0cc0 3897237079 S Co:2:006:0 s 40 bc 0800 00c0 0006 6 = aba90fa4 5500
ffff8e67f59f0cc0 3897239670 C Co:2:006:0 0 6 >
ffff8e67f59f0cc0 3897239776 S Co:2:006:0 s 40 b9 0000 0000 0004 4 = 09006605
ffff8e67f59f0cc0 3897242396 C Co:2:006:0 0 4 >
ffff8e67f59f0cc0 3897242465 S Ii:2:006:3 -115:1 3 <
ffff8e67f59f0cc0 3897243772 C Ii:2:006:3 0:1 3 = 100000
ffff8e67f59f0cc0 3897243940 S Ci:2:006:0 s c0 bc 0800 0016 0002 2 <
ffff8e67f59f0cc0 3897246568 C Ci:2:006:0 0 2 = 0900
ffff8e67f59f0cc0 3897246739 S Ci:2:006:0 s c0 bc 0900 001c 0002 2 <
ffff8e67f59f0cc0 3897249303 C Ci:2:006:0 0 2 = 2f7f
ffff8e67f59f0cc0 3897249403 S Ci:2:006:0 s c0 bc 0800 23be 0002 2 <
ffff8e67f59f0cc0 3897252049 C Ci:2:006:0 0 2 = 0000
ffff8e67f59f0cc0 3897252223 S Co:2:006:0 s 40 bc 0900 0014 0002 2 = d086
ffff8e67f59f0cc0 3897254756 C Co:2:006:0 0 2 >
ffff8e67f59f0cc0 3897254930 S Ci:2:006:0 s c0 bc 0900 001c 0002 2 <
ffff8e67f59f0cc0 3897257560 C Ci:2:006:0 0 2 = 2f7f
ffff8e67f59f0cc0 3897257606 S Co:2:006:0 s 40 b9 0000 0000 0004 4 = 09016603
ffff8e67f59f0cc0 3897260157 C Co:2:006:0 0 4 >
ffff8e67f59f0cc0 3897260297 S Ii:2:006:3 -115:1 3 <
ffff8e67f59f0cc0 3897261504 C Ii:2:006:3 0:1 3 = 100000
ffff8e67f59f0cc0 3897261588 S Ci:2:006:0 s c0 bc 0800 0016 0002 2 <
ffff8e67f59f0cc0 3897264296 C Ci:2:006:0 0 2 = 0900
ffff8e67f59f0cc0 3897264393 S Ci:2:006:0 s c0 bc 0900 001c 0002 2 <
ffff8e67f59f0cc0 3897267049 C Ci:2:006:0 0 2 = 2f7f
ffff8e67f59f0cc0 3897267141 S Ci:2:006:0 s c0 bc 0800 23be 0006 6 <
ffff8e67f59f0cc0 3897269805 C Ci:2:006:0 0 6 = 000027f9 7b42
ffff8e67f59f0cc0 3914611992 S Co:2:006:0 s 40 bc 0800 00c0 0006 6 = aba90fa4 5b00
ffff8e67f59f0cc0 3914630489 C Co:2:006:0 0 6 >
ffff8e67f59f0cc0 3914630613 S Co:2:006:0 s 40 b9 0000 0000 0004 4 = 09006605
ffff8e67f59f0cc0 3914633213 C Co:2:006:0 0 4 >
ffff8e67f59f0cc0 3914633320 S Ii:2:006:3 -115:1 3 <
ffff8e67f59f0cc0 3914634517 C Ii:2:006:3 0:1 3 = 100000
ffff8e67f59f0cc0 3914634642 S Ci:2:006:0 s c0 bc 0800 0016 0002 2 <
ffff8e67f59f0cc0 3914637198 C Ci:2:006:0 0 2 = 0900
ffff8e67f59f0cc0 3914637304 S Ci:2:006:0 s c0 bc 0900 001c 0002 2 <
ffff8e67f59f0cc0 3914639802 C Ci:2:006:0 0 2 = 2f7f
ffff8e67f59f0cc0 3914639866 S Ci:2:006:0 s c0 bc 0800 23be 0002 2 <
ffff8e67f59f0cc0 3914642450 C Ci:2:006:0 0 2 = 0000
ffff8e67f59f0cc0 3914642549 S Co:2:006:0 s 40 bc 0900 0014 0002 2 = d086
ffff8e67f59f0cc0 3914645175 C Co:2:006:0 0 2 >
ffff8e67f59f0cc0 3914645292 S Ci:2:006:0 s c0 bc 0900 001c 0002 2 <
ffff8e67f59f0cc0 3914647798 C Ci:2:006:0 0 2 = 2f7f
ffff8e67f59f0cc0 3914647860 S Co:2:006:0 s 40 b9 0000 0000 0004 4 = 09016603
ffff8e67f59f0cc0 3914650472 C Co:2:006:0 0 4 >
ffff8e67f59f0cc0 3914650571 S Ii:2:006:3 -115:1 3 <
ffff8e67f59f0cc0 3914651769 C Ii:2:006:3 0:1 3 = 100000
ffff8e67f59f0cc0 3914651863 S Ci:2:006:0 s c0 bc 0800 0016 0002 2 <
ffff8e67f59f0cc0 3914654455 C Ci:2:006:0 0 2 = 0900
ffff8e67f59f0cc0 3914654555 S Ci:2:006:0 s c0 bc 0900 001c 0002 2 <
ffff8e67f59f0cc0 3914657150 C Ci:2:006:0 0 2 = 2f7f
ffff8e67f59f0cc0 3914657346 S Ci:2:006:0 s c0 bc 0800 23be 0006 6 <
ffff8e67f59f0cc0 3914659828 C Ci:2:006:0 0 6 = 000078e0 4542
ffff8e67f59f0cc0 3914659930 S Co:2:006:0 s 40 bc 0900 0014 0002 2 = d086
ffff8e67f59f0cc0 3914662445 C Co:2:006:0 0 2 >
ffff8e67f59f0cc0 3914662543 S Co:2:006:0 s 40 bc 0900 0018 0002 2 = 0006
ffff8e67f59f0cc0 3914665073 C Co:2:006:0 0 2 >
ffff8e67f59f0cc0 3914665113 S Ci:2:006:0 s c0 bc 0900 0014 0002 2 <
ffff8e67f59f0cc0 3914667679 C Ci:2:006:0 0 2 = d086
ffff8e67f59f0cc0 3914667768 S Ci:2:006:0 s c0 bc 0900 0018 0002 2 <
ffff8e67f59f0cc0 3914670425 C Ci:2:006:0 0 2 = 0006
ffff8e67f59f0cc0 3914670536 S Co:2:006:0 s 40 bc 0900 0014 0002 2 = d08e
ffff8e67f59f0cc0 3914673036 C Co:2:006:0 0 2 >
ffff8e67f59f0cc0 3914673132 S Co:2:006:0 s 40 bc 0900 0018 0002 2 = 000e
ffff8e67f59f0cc0 3914675649 C Co:2:006:0 0 2 >
ffff8e67f59f0cc0 3914675760 S Ci:2:006:0 s c0 bc 0900 0014 0002 2 <
ffff8e67f59f0cc0 3914678320 C Ci:2:006:0 0 2 = d08e
ffff8e67f59f0cc0 3914678418 S Ci:2:006:0 s c0 bc 0900 0018 0002 2 <
ffff8e67f59f0cc0 3914680941 C Ci:2:006:0 0 2 = 000e
ffff8e67f59f0cc0 3914681037 S Co:2:006:0 s 40 bc 0800 00c0 0006 6 = aba90fa4 5500
ffff8e67f59f0cc0 3914683677 C Co:2:006:0 0 6 >
ffff8e67f59f0cc0 3914683901 S Co:2:006:0 s 40 b9 0000 0000 0004 4 = 09006605
ffff8e67f59f0cc0 3914686453 C Co:2:006:0 0 4 >
ffff8e67f59f0cc0 3914686551 S Ii:2:006:3 -115:1 3 <
ffff8e67f59f0cc0 3914687770 C Ii:2:006:3 0:1 3 = 100000
ffff8e67f59f0cc0 3914687837 S Ci:2:006:0 s c0 bc 0800 0016 0002 2 <
ffff8e67f59f0cc0 3914690425 C Ci:2:006:0 0 2 = 0900
ffff8e67f59f0cc0 3914690523 S Ci:2:006:0 s c0 bc 0900 001c 0002 2 <
ffff8e67f59f0cc0 3914693060 C Ci:2:006:0 0 2 = 2f7f
ffff8e67f59f0cc0 3914693157 S Ci:2:006:0 s c0 bc 0800 23be 0002 2 <
ffff8e67f59f0cc0 3914695656 C Ci:2:006:0 0 2 = 0000
ffff8e67f59f0cc0 3914695768 S Co:2:006:0 s 40 bc 0900 0014 0002 2 = d08e
ffff8e67f59f0cc0 3914698418 C Co:2:006:0 0 2 >
ffff8e67f59f0cc0 3914698514 S Ci:2:006:0 s c0 bc 0900 001c 0002 2 <
ffff8e67f59f0cc0 3914701066 C Ci:2:006:0 0 2 = 2f7f
ffff8e67f59f0cc0 3914701162 S Co:2:006:0 s 40 b9 0000 0000 0004 4 = 09016603
ffff8e67f59f0cc0 3914703665 C Co:2:006:0 0 4 >
ffff8e67f59f0cc0 3914703774 S Ii:2:006:3 -115:1 3 <
ffff8e67f59f0cc0 3914705034 C Ii:2:006:3 0:1 3 = 100000
ffff8e67f59f0cc0 3914705113 S Ci:2:006:0 s c0 bc 0800 0016 0002 2 <
ffff8e67f59f0cc0 3914707706 C Ci:2:006:0 0 2 = 0900
ffff8e67f59f0cc0 3914707797 S Ci:2:006:0 s c0 bc 0900 001c 0002 2 <
ffff8e67f59f0cc0 3914710335 C Ci:2:006:0 0 2 = 2f7f
ffff8e67f59f0cc0 3914710426 S Ci:2:006:0 s c0 bc 0800 23be 0006 6 <
ffff8e67f59f0cc0 3914713066 C Ci:2:006:0 0 6 = 000027f9 7b42
ffff8e67f59f0cc0 3914713160 S Co:2:006:0 s 40 bc 0800 00c0 0002 2 = 2828
ffff8e67f59f0cc0 3914715643 C Co:2:006:0 0 2 >
ffff8e67f59f0cc0 3914715755 S Co:2:006:0 s 40 b9 0000 0000 0004 4 = 09006602
ffff8e67f59f0cc0 3914718419 C Co:2:006:0 0 4 >
ffff8e67f59f0cc0 3914718512 S Ii:2:006:3 -115:1 3 <
ffff8e67f59f0cc0 3914719765 C Ii:2:006:3 0:1 3 = 100000
ffff8e67f59f0cc0 3914719826 S Ci:2:006:0 s c0 bc 0800 0016 0002 2 <
ffff8e67f59f0cc0 3914722422 C Ci:2:006:0 0 2 = 0900
ffff8e67f59f0cc0 3914722516 S Ci:2:006:0 s c0 bc 0900 001c 0002 2 <
ffff8e67f59f0cc0 3914725199 C Ci:2:006:0 0 2 = 2f7f
ffff8e67f59f0cc0 3914725295 S Ci:2:006:0 s c0 bc 0800 23be 0002 2 <
ffff8e67f59f0cc0 3914727751 C Ci:2:006:0 0 2 = 0000
ffff8e67f59f0cc0 3914727827 S Co:2:006:0 s 40 bc 0900 0014 0002 2 = d08e
ffff8e67f59f0cc0 3914730422 C Co:2:006:0 0 2 >
ffff8e67f59f0cc0 3914730520 S Ci:2:006:0 s c0 bc 0900 001c 0002 2 <
ffff8e67f59f0cc0 3914733033 C Ci:2:006:0 0 2 = 2f7f
ffff8e67f59f0cc0 3914733131 S Co:2:006:0 s 40 bc 0800 00c0 0004 4 = 29895b00
ffff8e67f59f0cc0 3914735656 C Co:2:006:0 0 4 >
ffff8e67f59f0cc0 3914735769 S Co:2:006:0 s 40 b9 0000 0000 0004 4 = 09006603
ffff8e67f59f0cc0 3914738417 C Co:2:006:0 0 4 >
ffff8e67f59f0cc0 3914738514 S Ii:2:006:3 -115:1 3 <
ffff8e67f59f0cc0 3914739758 C Ii:2:006:3 0:1 3 = 100000
ffff8e67f59f0cc0 3914739834 S Ci:2:006:0 s c0 bc 0800 0016 0002 2 <
ffff8e67f59f0cc0 3914742394 C Ci:2:006:0 0 2 = 0900
ffff8e67f59f0cc0 3914742489 S Ci:2:006:0 s c0 bc 0900 001c 0002 2 <
ffff8e67f59f0cc0 3914745067 C Ci:2:006:0 0 2 = 2f7f
ffff8e67f59f0cc0 3914745162 S Ci:2:006:0 s c0 bc 0800 23be 0002 2 <
ffff8e67f59f0cc0 3914747671 C Ci:2:006:0 0 2 = 0000
ffff8e67f59f0cc0 3914747778 S Co:2:006:0 s 40 bc 0900 0014 0002 2 = d08e
ffff8e67f59f0cc0 3914750339 C Co:2:006:0 0 2 >
ffff8e67f59f0cc0 3914750419 S Ci:2:006:0 s c0 bc 0900 001c 0002 2 <
ffff8e67f59f0cc0 3914753037 C Ci:2:006:0 0 2 = 2f7f
ffff8e67f59f0cc0 3914753134 S Co:2:006:0 s 40 b9 0000 0000 0004 4 = 09016601
ffff8e67f59f0cc0 3914755787 C Co:2:006:0 0 4 >
ffff8e67f59f0cc0 3914755844 S Ii:2:006:3 -115:1 3 <
ffff8e67f59f0cc0 3914757123 C Ii:2:006:3 0:1 3 = 100000
ffff8e67f59f0cc0 3914757206 S Ci:2:006:0 s c0 bc 0800 0016 0002 2 <
ffff8e67f59f0cc0 3914759775 C Ci:2:006:0 0 2 = 0900
ffff8e67f59f0cc0 3914759835 S Ci:2:006:0 s c0 bc 0900 001c 0002 2 <
ffff8e67f59f0cc0 3914762436 C Ci:2:006:0 0 2 = 2f7f
ffff8e67f59f0cc0 3914762535 S Ci:2:006:0 s c0 bc 0800 23be 0004 4 <
ffff8e67f59f0cc0 3914765054 C Ci:2:006:0 0 4 = 000091f9
ffff8e67f59f0cc0 3914765099 S Co:2:006:0 s 40 bc 0800 00c0 0004 4 = ddce3fb2
ffff8e67f59f0cc0 3914767641 C Co:2:006:0 0 4 >
ffff8e67f59f0cc0 3914767746 S Co:2:006:0 s 40 b9 0000 0000 0004 4 = 09006604
ffff8e67f59f0cc0 3914770435 C Co:2:006:0 0 4 >
ffff8e67f59f0cc0 3914770529 S Ii:2:006:3 -115:1 3 <
ffff8e67f59f0cc0 3914771722 C Ii:2:006:3 0:1 3 = 100000
ffff8e67f59f0cc0 3914771824 S Ci:2:006:0 s c0 bc 0800 0016 0002 2 <
ffff8e67f59f0cc0 3914774379 C Ci:2:006:0 0 2 = 0900
ffff8e67f59f0cc0 3914774474 S Ci:2:006:0 s c0 bc 0900 001c 0002 2 <
ffff8e67f59f0cc0 3914776996 C Ci:2:006:0 0 2 = 2f7f
ffff8e67f59f0cc0 3914777096 S Ci:2:006:0 s c0 bc 0800 23be 0002 2 <
ffff8e67f59f0cc0 3914779619 C Ci:2:006:0 0 2 = 0000
ffff8e67f59f0cc0 3914779717 S Co:2:006:0 s 40 bc 0900 0014 0002 2 = d08e
ffff8e67f59f0cc0 3914782450 C Co:2:006:0 0 2 >
ffff8e67f59f0cc0 3914782547 S Ci:2:006:0 s c0 bc 0900 001c 0002 2 <
ffff8e67f59f0cc0 3914785175 C Ci:2:006:0 0 2 = 2f7f
ffff8e67f59f0cc0 3914785270 S Co:2:006:0 s 40 b9 0000 0000 0004 4 = 09016602
ffff8e67f59f0cc0 3914787792 C Co:2:006:0 0 4 >
ffff8e67f59f0cc0 3914787846 S Ii:2:006:3 -115:1 3 <
ffff8e67f59f0cc0 3914789111 C Ii:2:006:3 0:1 3 = 100000
ffff8e67f59f0cc0 3914789202 S Ci:2:006:0 s c0 bc 0800 0016 0002 2 <
ffff8e67f59f0cc0 3914791832 C Ci:2:006:0 0 2 = 0900
ffff8e67f59f0cc0 3914791904 S Ci:2:006:0 s c0 bc 0900 001c 0002 2 <
ffff8e67f59f0cc0 3914794391 C Ci:2:006:0 0 2 = 2f7f
ffff8e67f59f0cc0 3914794491 S Ci:2:006:0 s c0 bc 0800 23be 0004 4 <
ffff8e67f59f0cc0 3914797016 C Ci:2:006:0 0 4 = 0000da67
ffff8e67f59f0cc0 3914797114 S Co:2:006:0 s 40 bc 0900 0014 0002 2 = d09e
ffff8e67f59f0cc0 3914799640 C Co:2:006:0 0 2 >
ffff8e67f59f0cc0 3914799750 S Co:2:006:0 s 40 bc 0900 0018 0002 2 = 001e
ffff8e67f59f0cc0 3914802432 C Co:2:006:0 0 2 >
ffff8e67f59f0cc0 3914802529 S Ci:2:006:0 s c0 bc 0900 0014 0002 2 <
ffff8e67f59f0cc0 3914805164 C Ci:2:006:0 0 2 = d09e
ffff8e67f59f0cc0 3914805208 S Ci:2:006:0 s c0 bc 0900 0018 0002 2 <
ffff8e67f59f0cc0 3914807912 C Ci:2:006:0 0 2 = 001e
ffff8e67f59f0cc0 3914808009 S Co:2:006:0 s 40 bc 0800 00c0 0004 4 = 43238400
ffff8e67f59f0cc0 3914810697 C Co:2:006:0 0 4 >
ffff8e67f59f0cc0 3914810815 S Co:2:006:0 s 40 b9 0000 0000 0004 4 = 09006603
ffff8e67f59f0cc0 3914813421 C Co:2:006:0 0 4 >
ffff8e67f59f0cc0 3914813521 S Ii:2:006:3 -115:1 3 <
ffff8e67f59f0cc0 3914814755 C Ii:2:006:3 0:1 3 = 100000
ffff8e67f59f0cc0 3914814811 S Ci:2:006:0 s c0 bc 0800 0016 0002 2 <
ffff8e67f59f0cc0 3914817456 C Ci:2:006:0 0 2 = 0900
ffff8e67f59f0cc0 3914817555 S Ci:2:006:0 s c0 bc 0900 001c 0002 2 <
ffff8e67f59f0cc0 3914820180 C Ci:2:006:0 0 2 = 2f7f
ffff8e67f59f0cc0 3914820228 S Ci:2:006:0 s c0 bc 0800 23be 0002 2 <
ffff8e67f59f0cc0 3914822778 C Ci:2:006:0 0 2 = 0000
ffff8e67f59f0cc0 3914822835 S Co:2:006:0 s 40 bc 0900 0014 0002 2 = d09e
ffff8e67f59f0cc0 3914825458 C Co:2:006:0 0 2 >
ffff8e67f59f0cc0 3914825558 S Ci:2:006:0 s c0 bc 0900 001c 0002 2 <
ffff8e67f59f0cc0 3914828063 C Ci:2:006:0 0 2 = 2f7f
ffff8e67f59f0cc0 3914828164 S Co:2:006:0 s 40 b9 0000 0000 0004 4 = 09016601
ffff8e67f59f0cc0 3914830651 C Co:2:006:0 0 4 >
ffff8e67f59f0cc0 3914830761 S Ii:2:006:3 -115:1 3 <
ffff8e67f59f0cc0 3914832017 C Ii:2:006:3 0:1 3 = 100000
ffff8e67c6eea840 3914832162 S Ci:2:006:0 s c0 bc 0800 0016 0002 2 <
ffff8e67c6eea840 3914834905 C Ci:2:006:0 0 2 = 0900
ffff8e67c6eea840 3914835063 S Ci:2:006:0 s c0 bc 0900 001c 0002 2 <
ffff8e67c6eea840 3914837466 C Ci:2:006:0 0 2 = 2f7f
ffff8e67c6eea840 3914837571 S Ci:2:006:0 s c0 bc 0800 23be 0004 4 <
ffff8e67c6eea840 3914840246 C Ci:2:006:0 0 4 = 0000f767
ffff8e67c6eea840 3914840407 S Co:2:006:0 s 40 bc 0900 0014 0002 2 = d09e
ffff8e67c6eea840 3914842964 C Co:2:006:0 0 2 >
ffff8e67c6eea840 3914843110 S Co:2:006:0 s 40 bc 0900 0018 0002 2 = 000e
ffff8e67c6eea840 3914845630 C Co:2:006:0 0 2 >
ffff8e67c6eea840 3914845783 S Ci:2:006:0 s c0 bc 0900 0014 0002 2 <
ffff8e67c6eea840 3914848443 C Ci:2:006:0 0 2 = d09e
ffff8e67c6eea840 3914848586 S Ci:2:006:0 s c0 bc 0900 0018 0002 2 <
ffff8e67c6eea840 3914851115 C Ci:2:006:0 0 2 = 000e
ffff8e67c6eea840 3914851256 S Co:2:006:0 s 40 bc 0800 00c0 0004 4 = 8989fb00
ffff8e67c6eea840 3914853847 C Co:2:006:0 0 4 >
ffff8e67c6eea840 3914853986 S Co:2:006:0 s 40 b9 0000 0000 0004 4 = 09006603
ffff8e67c6eea840 3914856488 C Co:2:006:0 0 4 >
ffff8e67c6eea840 3914856625 S Ii:2:006:3 -115:1 3 <
ffff8e67c6eea840 3914857760 C Ii:2:006:3 0:1 3 = 100000
ffff8e67c6eea840 3914857925 S Ci:2:006:0 s c0 bc 0800 0016 0002 2 <
ffff8e67c6eea840 3914860495 C Ci:2:006:0 0 2 = 0900
ffff8e67c6eea840 3914860688 S Ci:2:006:0 s c0 bc 0900 001c 0002 2 <
ffff8e67c6eea840 3914863102 C Ci:2:006:0 0 2 = 2f6f
ffff8e67c6eea840 3914863276 S Ci:2:006:0 s c0 bc 0800 23be 0002 2 <
ffff8e67c6eea840 3914865742 C Ci:2:006:0 0 2 = 0000
ffff8e67c6eea840 3914865915 S Co:2:006:0 s 40 bc 0900 0014 0002 2 = d09e
ffff8e67c6eea840 3914868520 C Co:2:006:0 0 2 >
ffff8e67c6eea840 3914868662 S Ci:2:006:0 s c0 bc 0900 001c 0002 2 <
ffff8e67c6eea840 3914871246 C Ci:2:006:0 0 2 = 2f6f
ffff8e67c6eea840 3914871393 S Co:2:006:0 s 40 b9 0000 0000 0004 4 = 09016601
ffff8e67c6eea840 3914873985 C Co:2:006:0 0 4 >
ffff8e67c6eea840 3914874143 S Ii:2:006:3 -115:1 3 <
ffff8e67c6eea840 3914875330 C Ii:2:006:3 0:1 3 = 100000
ffff8e67c6eea840 3914875426 S Ci:2:006:0 s c0 bc 0800 0016 0002 2 <
ffff8e67c6eea840 3914878109 C Ci:2:006:0 0 2 = 0900
ffff8e67c6eea840 3914878260 S Ci:2:006:0 s c0 bc 0900 001c 0002 2 <
ffff8e67c6eea840 3914880736 C Ci:2:006:0 0 2 = 2f6f
ffff8e67c6eea840 3914880886 S Ci:2:006:0 s c0 bc 0800 23be 0004 4 <
ffff8e67c6eea840 3914883579 C Ci:2:006:0 0 4 = 00006e67
ffff8e67c6eea840 3914883734 S Co:2:006:0 s 40 bc 0800 00c0 0002 2 = 02c9
ffff8e67c6eea840 3914886250 C Co:2:006:0 0 2 >
ffff8e67c6eea840 3914886387 S Co:2:006:0 s 40 b9 0000 0000 0004 4 = 09008802
ffff8e67c6eea840 3914888952 C Co:2:006:0 0 4 >
ffff8e67c6eea840 3914889092 S Ii:2:006:3 -115:1 3 <
ffff8e67c6eea840 3914890332 C Ii:2:006:3 0:1 3 = 100000
ffff8e67c6eea840 3914890437 S Ci:2:006:0 s c0 bc 0800 0016 0002 2 <
ffff8e67c6eea840 3914893113 C Ci:2:006:0 0 2 = 0900
ffff8e67c6eea840 3914893249 S Ci:2:006:0 s c0 bc 0900 001c 0002 2 <
ffff8e67c6eea840 3914895819 C Ci:2:006:0 0 2 = 2f6f
ffff8e67c6eea840 3914895951 S Ci:2:006:0 s c0 bc 0800 23be 0002 2 <
ffff8e67c6eea840 3914898569 C Ci:2:006:0 0 2 = 0000
ffff8e67c6eea840 3914898703 S Co:2:006:0 s 40 bc 0900 0014 0002 2 = d09e
ffff8e67c6eea840 3914901278 C Co:2:006:0 0 2 >
ffff8e67c6eea840 3914901534 S Ci:2:006:0 s c0 bc 0900 001c 0002 2 <
ffff8e67c6eea840 3914903955 C Ci:2:006:0 0 2 = 2f6f
ffff8e67f59f0900 3914904525 S Co:2:006:0 s 40 bc 0800 00c0 0002 2 = 14d2
ffff8e67f59f0900 3914906681 C Co:2:006:0 0 2 >
ffff8e67f59f0900 3914906814 S Co:2:006:0 s 40 b9 0000 0000 0004 4 = 09008802
ffff8e67f59f0900 3914909559 C Co:2:006:0 0 4 >
ffff8e67f59f0900 3914909708 S Ii:2:006:3 -115:1 3 <
ffff8e67f59f0900 3914910767 C Ii:2:006:3 0:1 3 = 100000
ffff8e67f59f0900 3914910880 S Ci:2:006:0 s c0 bc 0800 0016 0002 2 <
ffff8e67f59f0900 3914913681 C Ci:2:006:0 0 2 = 0900
ffff8e67f59f0900 3914913825 S Ci:2:006:0 s c0 bc 0900 001c 0002 2 <
ffff8e67f59f0900 3914916413 C Ci:2:006:0 0 2 = 2f6f
ffff8e67f59f0900 3914916570 S Ci:2:006:0 s c0 bc 0800 23be 0002 2 <
ffff8e67f59f0900 3914919124 C Ci:2:006:0 0 2 = 0000
ffff8e67f59f0900 3914919268 S Co:2:006:0 s 40 bc 0900 0014 0002 2 = d09e
ffff8e67f59f0900 3914921871 C Co:2:006:0 0 2 >
ffff8e67f59f0900 3914922055 S Ci:2:006:0 s c0 bc 0900 001c 0002 2 <
ffff8e67f59f0900 3914924447 C Ci:2:006:0 0 2 = 2f6f
ffff8e67f59f0900 3914924539 S Co:2:006:0 s 40 bc 0800 00c0 0002 2 = 3c6b
ffff8e67f59f0900 3914927190 C Co:2:006:0 0 2 >
ffff8e67f59f0900 3914927324 S Co:2:006:0 s 40 b9 0000 0000 0004 4 = 09008802
ffff8e67f59f0900 3914929873 C Co:2:006:0 0 4 >
ffff8e67f59f0900 3914930075 S Ii:2:006:3 -115:1 3 <
ffff8e67f59f0900 3914931152 C Ii:2:006:3 0:1 3 = 100000
ffff8e67f59f0900 3914931214 S Ci:2:006:0 s c0 bc 0800 0016 0002 2 <
ffff8e67f59f0900 3914933990 C Ci:2:006:0 0 2 = 0900
ffff8e67f59f0900 3914934124 S Ci:2:006:0 s c0 bc 0900 001c 0002 2 <
ffff8e67f59f0900 3914936706 C Ci:2:006:0 0 2 = 2f6f
ffff8e67f59f0900 3914936832 S Ci:2:006:0 s c0 bc 0800 23be 0002 2 <
ffff8e67f59f0900 3914939578 C Ci:2:006:0 0 2 = 0000
ffff8e67f59f0900 3914939730 S Co:2:006:0 s 40 bc 0900 0014 0002 2 = d09e
ffff8e67f59f0900 3914942238 C Co:2:006:0 0 2 >
ffff8e67f59f0900 3914942386 S Ci:2:006:0 s c0 bc 0900 001c 0002 2 <
ffff8e67f59f0900 3914945003 C Ci:2:006:0 0 2 = 2f6f
ffff8e67f59f0900 3914945116 S Co:2:006:0 s 40 bc 0800 00c0 0004 4 = 8989fa00
ffff8e67f59f0900 3914947686 C Co:2:006:0 0 4 >
ffff8e67f59f0900 3914947822 S Co:2:006:0 s 40 b9 0000 0000 0004 4 = 09006603
ffff8e67f59f0900 3914950496 C Co:2:006:0 0 4 >
ffff8e67f59f0900 3914950630 S Ii:2:006:3 -115:1 3 <
ffff8e67f59f0900 3914951826 C Ii:2:006:3 0:1 3 = 100000
ffff8e67f59f0900 3914951961 S Ci:2:006:0 s c0 bc 0800 0016 0002 2 <
ffff8e67f59f0900 3914954608 C Ci:2:006:0 0 2 = 0900
ffff8e67f59f0900 3914954758 S Ci:2:006:0 s c0 bc 0900 001c 0002 2 <
ffff8e67f59f0900 3914957393 C Ci:2:006:0 0 2 = 2f6f
ffff8e67f59f0900 3914957528 S Ci:2:006:0 s c0 bc 0800 23be 0002 2 <
ffff8e67f59f0900 3914960172 C Ci:2:006:0 0 2 = 0000
ffff8e67f59f0900 3914960320 S Co:2:006:0 s 40 bc 0900 0014 0002 2 = d09e
ffff8e67f59f0900 3914962849 C Co:2:006:0 0 2 >
ffff8e67f59f0900 3914962986 S Ci:2:006:0 s c0 bc 0900 001c 0002 2 <
ffff8e67f59f0900 3914965530 C Ci:2:006:0 0 2 = 2f6f
ffff8e67f59f0900 3914965601 S Co:2:006:0 s 40 b9 0000 0000 0004 4 = 09016601
ffff8e67f59f0900 3914968253 C Co:2:006:0 0 4 >
ffff8e67f59f0900 3914968385 S Ii:2:006:3 -115:1 3 <
ffff8e67f59f0900 3914969565 C Ii:2:006:3 0:1 3 = 100000
ffff8e67f59f0900 3914969698 S Ci:2:006:0 s c0 bc 0800 0016 0002 2 <
ffff8e67f59f0900 3914972398 C Ci:2:006:0 0 2 = 0900
ffff8e67f59f0900 3914972543 S Ci:2:006:0 s c0 bc 0900 001c 0002 2 <
ffff8e67f59f0900 3914975029 C Ci:2:006:0 0 2 = 2f6f
ffff8e67f59f0900 3914975191 S Ci:2:006:0 s c0 bc 0800 23be 0004 4 <
ffff8e67f59f0900 3914977659 C Ci:2:006:0 0 4 = 0000ed67
ffff8e67f59f0900 3914977800 S Co:2:006:0 s 40 bc 0800 00c0 0004 4 = 8989ca00
ffff8e67f59f0900 3914980334 C Co:2:006:0 0 4 >
ffff8e67f59f0900 3914980469 S Co:2:006:0 s 40 b9 0000 0000 0004 4 = 09006603
ffff8e67f59f0900 3914983054 C Co:2:006:0 0 4 >
ffff8e67f59f0900 3914983210 S Ii:2:006:3 -115:1 3 <
ffff8e67f59f0900 3914984479 C Ii:2:006:3 0:1 3 = 100000
ffff8e67f59f0900 3914984607 S Ci:2:006:0 s c0 bc 0800 0016 0002 2 <
ffff8e67f59f0900 3914987200 C Ci:2:006:0 0 2 = 0900
ffff8e67f59f0900 3914987359 S Ci:2:006:0 s c0 bc 0900 001c 0002 2 <
ffff8e67f59f0900 3914989964 C Ci:2:006:0 0 2 = 2f6f
ffff8e67f59f0900 3914990102 S Ci:2:006:0 s c0 bc 0800 23be 0002 2 <
ffff8e67f59f0900 3914992703 C Ci:2:006:0 0 2 = 0000
ffff8e67f59f0900 3914992885 S Co:2:006:0 s 40 bc 0900 0014 0002 2 = d09e
ffff8e67f59f0900 3914995485 C Co:2:006:0 0 2 >
ffff8e67f59f0900 3914995630 S Ci:2:006:0 s c0 bc 0900 001c 0002 2 <
ffff8e67f59f0900 3914998078 C Ci:2:006:0 0 2 = 2f6f
ffff8e67f59f0900 3914998214 S Co:2:006:0 s 40 b9 0000 0000 0004 4 = 09016601
ffff8e67f59f0900 3915000753 C Co:2:006:0 0 4 >
ffff8e67f59f0900 3915000936 S Ii:2:006:3 -115:1 3 <
ffff8e67f59f0900 3915002128 C Ii:2:006:3 0:1 3 = 100000
ffff8e67f59f0900 3915002258 S Ci:2:006:0 s c0 bc 0800 0016 0002 2 <
ffff8e67f59f0900 3915005103 C Ci:2:006:0 0 2 = 0900
ffff8e67f59f0900 3915005237 S Ci:2:006:0 s c0 bc 0900 001c 0002 2 <
ffff8e67f59f0900 3915007841 C Ci:2:006:0 0 2 = 2f6f
ffff8e67f59f0900 3915007980 S Ci:2:006:0 s c0 bc 0800 23be 0004 4 <
ffff8e67f59f0900 3915010527 C Ci:2:006:0 0 4 = 0000ee67
ffff8e67f59f0900 3915010632 S Co:2:006:0 s 40 bc 0800 00c0 0004 4 = 8989e700
ffff8e67f59f0900 3915013203 C Co:2:006:0 0 4 >
ffff8e67f59f0900 3915013300 S Co:2:006:0 s 40 b9 0000 0000 0004 4 = 09006603
ffff8e67f59f0900 3915015907 C Co:2:006:0 0 4 >
ffff8e67f59f0900 3915016068 S Ii:2:006:3 -115:1 3 <
ffff8e67f59f0900 3915017127 C Ii:2:006:3 0:1 3 = 100000
ffff8e67f59f0900 3915017200 S Ci:2:006:0 s c0 bc 0800 0016 0002 2 <
ffff8e67f59f0900 3915019833 C Ci:2:006:0 0 2 = 0900
ffff8e67f59f0900 3915019967 S Ci:2:006:0 s c0 bc 0900 001c 0002 2 <
ffff8e67f59f0900 3915022406 C Ci:2:006:0 0 2 = 2f6f
ffff8e67f59f0900 3915022554 S Ci:2:006:0 s c0 bc 0800 23be 0002 2 <
ffff8e67f59f0900 3915025030 C Ci:2:006:0 0 2 = 0000
ffff8e67f59f0900 3915025174 S Co:2:006:0 s 40 bc 0900 0014 0002 2 = d09e
ffff8e67f59f0900 3915027648 C Co:2:006:0 0 2 >
ffff8e67f59f0900 3915027784 S Ci:2:006:0 s c0 bc 0900 001c 0002 2 <
ffff8e67f59f0900 3915030322 C Ci:2:006:0 0 2 = 2f6f
ffff8e67f59f0900 3915030460 S Co:2:006:0 s 40 b9 0000 0000 0004 4 = 09016601
ffff8e67f59f0900 3915032930 C Co:2:006:0 0 4 >
ffff8e67f59f0900 3915033069 S Ii:2:006:3 -115:1 3 <
ffff8e67f59f0900 3915034138 C Ii:2:006:3 0:1 3 = 100000
ffff8e67f59f0900 3915034199 S Ci:2:006:0 s c0 bc 0800 0016 0002 2 <
ffff8e67f59f0900 3915036766 C Ci:2:006:0 0 2 = 0900
ffff8e67f59f0900 3915036913 S Ci:2:006:0 s c0 bc 0900 001c 0002 2 <
ffff8e67f59f0900 3915039454 C Ci:2:006:0 0 2 = 2f6f
ffff8e67f59f0900 3915039693 S Ci:2:006:0 s c0 bc 0800 23be 0004 4 <
ffff8e67f59f0900 3915042038 C Ci:2:006:0 0 4 = 00004967
ffff8e67f59f0900 3915042172 S Co:2:006:0 s 40 bc 0800 00c0 0002 2 = 032a
ffff8e67f59f0900 3915044664 C Co:2:006:0 0 2 >
ffff8e67f59f0900 3915044815 S Co:2:006:0 s 40 b9 0000 0000 0004 4 = 09008802
ffff8e67f59f0900 3915047345 C Co:2:006:0 0 4 >
ffff8e67f59f0900 3915047524 S Ii:2:006:3 -115:1 3 <
ffff8e67f59f0900 3915048498 C Ii:2:006:3 0:1 3 = 100000
ffff8e67f59f0900 3915048580 S Ci:2:006:0 s c0 bc 0800 0016 0002 2 <
ffff8e67f59f0900 3915051218 C Ci:2:006:0 0 2 = 0900
ffff8e67f59f0900 3915051351 S Ci:2:006:0 s c0 bc 0900 001c 0002 2 <
ffff8e67f59f0900 3915053894 C Ci:2:006:0 0 2 = 2f6f
ffff8e67f59f0900 3915054035 S Ci:2:006:0 s c0 bc 0800 23be 0002 2 <
ffff8e67f59f0900 3915056544 C Ci:2:006:0 0 2 = 0000
ffff8e67f59f0900 3915056675 S Co:2:006:0 s 40 bc 0900 0014 0002 2 = d09e
ffff8e67f59f0900 3915059157 C Co:2:006:0 0 2 >
ffff8e67f59f0900 3915059292 S Ci:2:006:0 s c0 bc 0900 001c 0002 2 <
ffff8e67f59f0900 3915061774 C Ci:2:006:0 0 2 = 2f6f
ffff8e67f59f0900 3915061916 S Co:2:006:0 s 40 bc 0800 00c0 0002 2 = 0589
ffff8e67f59f0900 3915064404 C Co:2:006:0 0 2 >
ffff8e67f59f0900 3915064544 S Co:2:006:0 s 40 b9 0000 0000 0004 4 = 09008802
ffff8e67f59f0900 3915067027 C Co:2:006:0 0 4 >
ffff8e67f59f0900 3915067165 S Ii:2:006:3 -115:1 3 <
ffff8e67f59f0900 3915068282 C Ii:2:006:3 0:1 3 = 100000
ffff8e67f59f0900 3915068380 S Ci:2:006:0 s c0 bc 0800 0016 0002 2 <
ffff8e67f59f0900 3915071005 C Ci:2:006:0 0 2 = 0900
ffff8e67f59f0900 3915071122 S Ci:2:006:0 s c0 bc 0900 001c 0002 2 <
ffff8e67f59f0900 3915073661 C Ci:2:006:0 0 2 = 2f6f
ffff8e67f59f0900 3915073764 S Ci:2:006:0 s c0 bc 0800 23be 0002 2 <
ffff8e67f59f0900 3915076264 C Ci:2:006:0 0 2 = 0000
ffff8e67f59f0900 3915076401 S Co:2:006:0 s 40 bc 0900 0014 0002 2 = d09e
ffff8e67f59f0900 3915078913 C Co:2:006:0 0 2 >
ffff8e67f59f0900 3915079060 S Ci:2:006:0 s c0 bc 0900 001c 0002 2 <
ffff8e67f59f0900 3915081530 C Ci:2:006:0 0 2 = 2f6f
ffff8e67f59f0900 3915081675 S Co:2:006:0 s 40 bc 0800 00c0 0002 2 = 0891
ffff8e67f59f0900 3915084187 C Co:2:006:0 0 2 >
ffff8e67f59f0900 3915084328 S Co:2:006:0 s 40 b9 0000 0000 0004 4 = 09008802
ffff8e67f59f0900 3915086781 C Co:2:006:0 0 4 >
ffff8e67f59f0900 3915086925 S Ii:2:006:3 -115:1 3 <
ffff8e67f59f0900 3915088007 C Ii:2:006:3 0:1 3 = 100000
ffff8e67f59f0900 3915088144 S Ci:2:006:0 s c0 bc 0800 0016 0002 2 <
ffff8e67f59f0900 3915090626 C Ci:2:006:0 0 2 = 0900
ffff8e67f59f0900 3915090770 S Ci:2:006:0 s c0 bc 0900 001c 0002 2 <
ffff8e67f59f0900 3915093337 C Ci:2:006:0 0 2 = 2f6f
ffff8e67f59f0900 3915093484 S Ci:2:006:0 s c0 bc 0800 23be 0002 2 <
ffff8e67f59f0900 3915095883 C Ci:2:006:0 0 2 = 0000
ffff8e67f59f0900 3915096068 S Co:2:006:0 s 40 bc 0900 0014 0002 2 = d09e
ffff8e67f59f0900 3915098533 C Co:2:006:0 0 2 >
ffff8e67f59f0900 3915098691 S Ci:2:006:0 s c0 bc 0900 001c 0002 2 <
ffff8e67f59f0900 3915101218 C Ci:2:006:0 0 2 = 2f6f
ffff8e67f59f0900 3915101356 S Co:2:006:0 s 40 bc 0800 00c0 0002 2 = 09a8
ffff8e67f59f0900 3915103962 C Co:2:006:0 0 2 >
ffff8e67f59f0900 3915104105 S Co:2:006:0 s 40 b9 0000 0000 0004 4 = 09008802
ffff8e67f59f0900 3915106508 C Co:2:006:0 0 4 >
ffff8e67f59f0900 3915106642 S Ii:2:006:3 -115:1 3 <
ffff8e67f59f0900 3915107806 C Ii:2:006:3 0:1 3 = 100000
ffff8e67f59f0900 3915107953 S Ci:2:006:0 s c0 bc 0800 0016 0002 2 <
ffff8e67f59f0900 3915110589 C Ci:2:006:0 0 2 = 0900
ffff8e67f59f0900 3915110757 S Ci:2:006:0 s c0 bc 0900 001c 0002 2 <
ffff8e67f59f0900 3915113218 C Ci:2:006:0 0 2 = 2f6f
ffff8e67f59f0900 3915113355 S Ci:2:006:0 s c0 bc 0800 23be 0002 2 <
ffff8e67f59f0900 3915115938 C Ci:2:006:0 0 2 = 0000
ffff8e67f59f0900 3915116093 S Co:2:006:0 s 40 bc 0900 0014 0002 2 = d09e
ffff8e67f59f0900 3915118635 C Co:2:006:0 0 2 >
ffff8e67f59f0900 3915118775 S Ci:2:006:0 s c0 bc 0900 001c 0002 2 <
ffff8e67f59f0900 3915121405 C Ci:2:006:0 0 2 = 2f6f
ffff8e67f59f0900 3915121503 S Co:2:006:0 s 40 bc 0800 00c0 0002 2 = 19de
ffff8e67f59f0900 3915124081 C Co:2:006:0 0 2 >
ffff8e67f59f0900 3915124220 S Co:2:006:0 s 40 b9 0000 0000 0004 4 = 09008802
ffff8e67f59f0900 3915126690 C Co:2:006:0 0 4 >
ffff8e67f59f0900 3915126866 S Ii:2:006:3 -115:1 3 <
ffff8e67f59f0900 3915128074 C Ii:2:006:3 0:1 3 = 100000
ffff8e67f59f0900 3915128213 S Ci:2:006:0 s c0 bc 0800 0016 0002 2 <
ffff8e67f59f0900 3915130909 C Ci:2:006:0 0 2 = 0900
ffff8e67f59f0900 3915131080 S Ci:2:006:0 s c0 bc 0900 001c 0002 2 <
ffff8e67f59f0900 3915133501 C Ci:2:006:0 0 2 = 2f6f
ffff8e67f59f0900 3915133623 S Ci:2:006:0 s c0 bc 0800 23be 0002 2 <
ffff8e67f59f0900 3915136183 C Ci:2:006:0 0 2 = 0000
ffff8e67f59f0900 3915136336 S Co:2:006:0 s 40 bc 0900 0014 0002 2 = d09e
ffff8e67f59f0900 3915138827 C Co:2:006:0 0 2 >
ffff8e67f59f0900 3915138966 S Ci:2:006:0 s c0 bc 0900 001c 0002 2 <
ffff8e67f59f0900 3915141436 C Ci:2:006:0 0 2 = 2f6f
ffff8e67f59f0900 3915141574 S Co:2:006:0 s 40 bc 0800 00c0 0002 2 = 1a87
ffff8e67f59f0900 3915144039 C Co:2:006:0 0 2 >
ffff8e67f59f0900 3915144177 S Co:2:006:0 s 40 b9 0000 0000 0004 4 = 09008802
ffff8e67f59f0900 3915146587 C Co:2:006:0 0 4 >
ffff8e67f59f0900 3915146766 S Ii:2:006:3 -115:1 3 <
ffff8e67f59f0900 3915147912 C Ii:2:006:3 0:1 3 = 100000
ffff8e67f59f0900 3915148094 S Ci:2:006:0 s c0 bc 0800 0016 0002 2 <
ffff8e67f59f0900 3915150728 C Ci:2:006:0 0 2 = 0900
ffff8e67f59f0900 3915150856 S Ci:2:006:0 s c0 bc 0900 001c 0002 2 <
ffff8e67f59f0900 3915153501 C Ci:2:006:0 0 2 = 2f6f
ffff8e67f59f0900 3915153606 S Ci:2:006:0 s c0 bc 0800 23be 0002 2 <
ffff8e67f59f0900 3915156250 C Ci:2:006:0 0 2 = 0000
ffff8e67f59f0900 3915156384 S Co:2:006:0 s 40 bc 0900 0014 0002 2 = d09e
ffff8e67f59f0900 3915158943 C Co:2:006:0 0 2 >
ffff8e67f59f0900 3915159085 S Ci:2:006:0 s c0 bc 0900 001c 0002 2 <
ffff8e67f59f0900 3915161606 C Ci:2:006:0 0 2 = 2f6f
ffff8e67f59f0900 3915161766 S Co:2:006:0 s 40 bc 0800 00c0 0002 2 = 1b88
ffff8e67f59f0900 3915164393 C Co:2:006:0 0 2 >
ffff8e67f59f0900 3915164529 S Co:2:006:0 s 40 b9 0000 0000 0004 4 = 09008802
ffff8e67f59f0900 3915167038 C Co:2:006:0 0 4 >
ffff8e67f59f0900 3915167208 S Ii:2:006:3 -115:1 3 <
ffff8e67f59f0900 3915168452 C Ii:2:006:3 0:1 3 = 100000
ffff8e67f59f0900 3915168585 S Ci:2:006:0 s c0 bc 0800 0016 0002 2 <
ffff8e67f59f0900 3915171196 C Ci:2:006:0 0 2 = 0900
ffff8e67f59f0900 3915171345 S Ci:2:006:0 s c0 bc 0900 001c 0002 2 <
ffff8e67f59f0900 3915173946 C Ci:2:006:0 0 2 = 2f6f
ffff8e67f59f0900 3915174088 S Ci:2:006:0 s c0 bc 0800 23be 0002 2 <
ffff8e67f59f0900 3915176674 C Ci:2:006:0 0 2 = 0000
ffff8e67f59f0900 3915176862 S Co:2:006:0 s 40 bc 0900 0014 0002 2 = d09e
ffff8e67f59f0900 3915179508 C Co:2:006:0 0 2 >
ffff8e67f59f0900 3915179648 S Ci:2:006:0 s c0 bc 0900 001c 0002 2 <
ffff8e67f59f0900 3915182260 C Ci:2:006:0 0 2 = 2f6f
ffff8e67f59f0900 3915182398 S Co:2:006:0 s 40 bc 0800 00c0 0002 2 = 298b
ffff8e67f59f0900 3915184954 C Co:2:006:0 0 2 >
ffff8e67f59f0900 3915185099 S Co:2:006:0 s 40 b9 0000 0000 0004 4 = 09008802
ffff8e67f59f0900 3915187672 C Co:2:006:0 0 4 >
ffff8e67f59f0900 3915187834 S Ii:2:006:3 -115:1 3 <
ffff8e67f59f0900 3915189059 C Ii:2:006:3 0:1 3 = 100000
ffff8e67f59f0900 3915189173 S Ci:2:006:0 s c0 bc 0800 0016 0002 2 <
ffff8e67f59f0900 3915191891 C Ci:2:006:0 0 2 = 0900
ffff8e67f59f0900 3915192049 S Ci:2:006:0 s c0 bc 0900 001c 0002 2 <
ffff8e67f59f0900 3915194433 C Ci:2:006:0 0 2 = 2f6f
ffff8e67f59f0900 3915194564 S Ci:2:006:0 s c0 bc 0800 23be 0002 2 <
ffff8e67f59f0900 3915197173 C Ci:2:006:0 0 2 = 0000
ffff8e67f59f0900 3915197308 S Co:2:006:0 s 40 bc 0900 0014 0002 2 = d09e
ffff8e67f59f0900 3915199960 C Co:2:006:0 0 2 >
ffff8e67f59f0900 3915200110 S Ci:2:006:0 s c0 bc 0900 001c 0002 2 <
ffff8e67f59f0900 3915202752 C Ci:2:006:0 0 2 = 2f6f
ffff8e67f59f0900 3915202903 S Co:2:006:0 s 40 bc 0800 00c0 0002 2 = 2d8f
ffff8e67f59f0900 3915205516 C Co:2:006:0 0 2 >
ffff8e67f59f0900 3915205649 S Co:2:006:0 s 40 b9 0000 0000 0004 4 = 09008802
ffff8e67f59f0900 3915208231 C Co:2:006:0 0 4 >
ffff8e67f59f0900 3915208362 S Ii:2:006:3 -115:1 3 <
ffff8e67f59f0900 3915209542 C Ii:2:006:3 0:1 3 = 100000
ffff8e67f59f0900 3915209676 S Ci:2:006:0 s c0 bc 0800 0016 0002 2 <
ffff8e67f59f0900 3915212391 C Ci:2:006:0 0 2 = 0900
ffff8e67f59f0900 3915212523 S Ci:2:006:0 s c0 bc 0900 001c 0002 2 <
ffff8e67f59f0900 3915215068 C Ci:2:006:0 0 2 = 2f6f
ffff8e67f59f0900 3915215235 S Ci:2:006:0 s c0 bc 0800 23be 0002 2 <
ffff8e67f59f0900 3915217808 C Ci:2:006:0 0 2 = 0000
ffff8e67f59f0900 3915217928 S Co:2:006:0 s 40 bc 0900 0014 0002 2 = d09e
ffff8e67f59f0900 3915220618 C Co:2:006:0 0 2 >
ffff8e67f59f0900 3915220774 S Ci:2:006:0 s c0 bc 0900 001c 0002 2 <
ffff8e67f59f0900 3915223411 C Ci:2:006:0 0 2 = 2f6f
ffff8e67f59f0900 3915223561 S Co:2:006:0 s 40 bc 0800 00c0 0002 2 = 4c89
ffff8e67f59f0900 3915226041 C Co:2:006:0 0 2 >
ffff8e67f59f0900 3915226175 S Co:2:006:0 s 40 b9 0000 0000 0004 4 = 09008802
ffff8e67f59f0900 3915228706 C Co:2:006:0 0 4 >
ffff8e67f59f0900 3915228846 S Ii:2:006:3 -115:1 3 <
ffff8e67f59f0900 3915229989 C Ii:2:006:3 0:1 3 = 100000
ffff8e67f59f0900 3915230118 S Ci:2:006:0 s c0 bc 0800 0016 0002 2 <
ffff8e67f59f0900 3915232850 C Ci:2:006:0 0 2 = 0900
ffff8e67f59f0900 3915232984 S Ci:2:006:0 s c0 bc 0900 001c 0002 2 <
ffff8e67f59f0900 3915235432 C Ci:2:006:0 0 2 = 2f6f
ffff8e67f59f0900 3915235565 S Ci:2:006:0 s c0 bc 0800 23be 0002 2 <
ffff8e67f59f0900 3915238204 C Ci:2:006:0 0 2 = 0000
ffff8e67f59f0900 3915238337 S Co:2:006:0 s 40 bc 0900 0014 0002 2 = d09e
ffff8e67f59f0900 3915240943 C Co:2:006:0 0 2 >
ffff8e67f59f0900 3915241080 S Ci:2:006:0 s c0 bc 0900 001c 0002 2 <
ffff8e67f59f0900 3915243595 C Ci:2:006:0 0 2 = 2f6f
ffff8e67f59f0900 3915243764 S Co:2:006:0 s 40 bc 0800 00c0 0002 2 = 5588
ffff8e67f59f0900 3915246296 C Co:2:006:0 0 2 >
ffff8e67f59f0900 3915246428 S Co:2:006:0 s 40 b9 0000 0000 0004 4 = 09008802
ffff8e67f59f0900 3915249102 C Co:2:006:0 0 4 >
ffff8e67f59f0900 3915249244 S Ii:2:006:3 -115:1 3 <
ffff8e67f59f0900 3915250424 C Ii:2:006:3 0:1 3 = 100000
ffff8e67f59f0900 3915250554 S Ci:2:006:0 s c0 bc 0800 0016 0002 2 <
ffff8e67f59f0900 3915253209 C Ci:2:006:0 0 2 = 0900
ffff8e67f59f0900 3915253341 S Ci:2:006:0 s c0 bc 0900 001c 0002 2 <
ffff8e67f59f0900 3915255950 C Ci:2:006:0 0 2 = 2f6f
ffff8e67f59f0900 3915256102 S Ci:2:006:0 s c0 bc 0800 23be 0002 2 <
ffff8e67f59f0900 3915258719 C Ci:2:006:0 0 2 = 0000
ffff8e67f59f0900 3915258845 S Co:2:006:0 s 40 bc 0900 0014 0002 2 = d09e
ffff8e67f59f0900 3915261498 C Co:2:006:0 0 2 >
ffff8e67f59f0900 3915261647 S Ci:2:006:0 s c0 bc 0900 001c 0002 2 <
ffff8e67f59f0900 3915264213 C Ci:2:006:0 0 2 = 2f6f
ffff8e67f59f0900 3915264338 S Co:2:006:0 s 40 bc 0800 00c0 0002 2 = 6bae
ffff8e67f59f0900 3915266958 C Co:2:006:0 0 2 >
ffff8e67f59f0900 3915267101 S Co:2:006:0 s 40 b9 0000 0000 0004 4 = 09008802
ffff8e67f59f0900 3915269717 C Co:2:006:0 0 4 >
ffff8e67f59f0900 3915269832 S Ii:2:006:3 -115:1 3 <
ffff8e67f59f0900 3915271031 C Ii:2:006:3 0:1 3 = 100000
ffff8e67f59f0900 3915271178 S Ci:2:006:0 s c0 bc 0800 0016 0002 2 <
ffff8e67f59f0900 3915273801 C Ci:2:006:0 0 2 = 0900
ffff8e67f59f0900 3915273964 S Ci:2:006:0 s c0 bc 0900 001c 0002 2 <
ffff8e67f59f0900 3915276552 C Ci:2:006:0 0 2 = 2f6f
ffff8e67f59f0900 3915276711 S Ci:2:006:0 s c0 bc 0800 23be 0002 2 <
ffff8e67f59f0900 3915279244 C Ci:2:006:0 0 2 = 0000
ffff8e67f59f0900 3915279381 S Co:2:006:0 s 40 bc 0900 0014 0002 2 = d09e
ffff8e67f59f0900 3915282006 C Co:2:006:0 0 2 >
ffff8e67f59f0900 3915282142 S Ci:2:006:0 s c0 bc 0900 001c 0002 2 <
ffff8e67f59f0900 3915284767 C Ci:2:006:0 0 2 = 2f6f
ffff8e67f59f0900 3915284957 S Co:2:006:0 s 40 bc 0800 00c0 0002 2 = 6cbe
ffff8e67f59f0900 3915287315 C Co:2:006:0 0 2 >
ffff8e67f59f0900 3915287452 S Co:2:006:0 s 40 b9 0000 0000 0004 4 = 09008802
ffff8e67f59f0900 3915290122 C Co:2:006:0 0 4 >
ffff8e67f59f0900 3915290201 S Ii:2:006:3 -115:1 3 <
ffff8e67f59f0900 3915291457 C Ii:2:006:3 0:1 3 = 100000
ffff8e67f59f0900 3915291558 S Ci:2:006:0 s c0 bc 0800 0016 0002 2 <
ffff8e67f59f0900 3915294225 C Ci:2:006:0 0 2 = 0900
ffff8e67f59f0900 3915294357 S Ci:2:006:0 s c0 bc 0900 001c 0002 2 <
ffff8e67f59f0900 3915296987 C Ci:2:006:0 0 2 = 2f6f
ffff8e67f59f0900 3915297129 S Ci:2:006:0 s c0 bc 0800 23be 0002 2 <
ffff8e67f59f0900 3915299725 C Ci:2:006:0 0 2 = 0000
ffff8e67f59f0900 3915299898 S Co:2:006:0 s 40 bc 0900 0014 0002 2 = d09e
ffff8e67f59f0900 3915302373 C Co:2:006:0 0 2 >
ffff8e67f59f0900 3915302509 S Ci:2:006:0 s c0 bc 0900 001c 0002 2 <
ffff8e67f59f0900 3915305193 C Ci:2:006:0 0 2 = 2f6f
ffff8e67f59f0900 3915305328 S Co:2:006:0 s 40 bc 0800 00c0 0002 2 = 6d78
ffff8e67f59f0900 3915307964 C Co:2:006:0 0 2 >
ffff8e67f59f0900 3915308120 S Co:2:006:0 s 40 b9 0000 0000 0004 4 = 09008802
ffff8e67f59f0900 3915310646 C Co:2:006:0 0 4 >
ffff8e67f59f0900 3915310778 S Ii:2:006:3 -115:1 3 <
ffff8e67f59f0900 3915312047 C Ii:2:006:3 0:1 3 = 100000
ffff8e67f59f0900 3915312177 S Ci:2:006:0 s c0 bc 0800 0016 0002 2 <
ffff8e67f59f0900 3915314897 C Ci:2:006:0 0 2 = 0900
ffff8e67f59f0900 3915315050 S Ci:2:006:0 s c0 bc 0900 001c 0002 2 <
ffff8e67f59f0900 3915317548 C Ci:2:006:0 0 2 = 2f6f
ffff8e67f59f0900 3915317700 S Ci:2:006:0 s c0 bc 0800 23be 0002 2 <
ffff8e67f59f0900 3915320403 C Ci:2:006:0 0 2 = 0000
ffff8e67f59f0900 3915320534 S Co:2:006:0 s 40 bc 0900 0014 0002 2 = d09e
ffff8e67f59f0900 3915323084 C Co:2:006:0 0 2 >
ffff8e67f59f0900 3915323232 S Ci:2:006:0 s c0 bc 0900 001c 0002 2 <
ffff8e67f59f0900 3915325740 C Ci:2:006:0 0 2 = 2f6f
ffff8e67f59f0900 3915325836 S Co:2:006:0 s 40 bc 0800 00c0 0002 2 = 6ea0
ffff8e67f59f0900 3915328447 C Co:2:006:0 0 2 >
ffff8e67f59f0900 3915328580 S Co:2:006:0 s 40 b9 0000 0000 0004 4 = 09008802
ffff8e67f59f0900 3915331227 C Co:2:006:0 0 4 >
ffff8e67f59f0900 3915331357 S Ii:2:006:3 -115:1 3 <
ffff8e67f59f0900 3915332572 C Ii:2:006:3 0:1 3 = 100000
ffff8e67f59f0900 3915332705 S Ci:2:006:0 s c0 bc 0800 0016 0002 2 <
ffff8e67f59f0900 3915335357 C Ci:2:006:0 0 2 = 0900
ffff8e67f59f0900 3915335491 S Ci:2:006:0 s c0 bc 0900 001c 0002 2 <
ffff8e67f59f0900 3915338062 C Ci:2:006:0 0 2 = 2f6f
ffff8e67f59f0900 3915338209 S Ci:2:006:0 s c0 bc 0800 23be 0002 2 <
ffff8e67f59f0900 3915340901 C Ci:2:006:0 0 2 = 0000
ffff8e67f59f0900 3915341052 S Co:2:006:0 s 40 bc 0900 0014 0002 2 = d09e
ffff8e67f59f0900 3915343513 C Co:2:006:0 0 2 >
ffff8e67f59f0900 3915343621 S Ci:2:006:0 s c0 bc 0900 001c 0002 2 <
ffff8e67f59f0900 3915346238 C Ci:2:006:0 0 2 = 2f6f
ffff8e67f59f0900 3915346352 S Co:2:006:0 s 40 bc 0800 00c0 0002 2 = 0608
ffff8e67f59f0900 3915348938 C Co:2:006:0 0 2 >
ffff8e67f59f0900 3915349078 S Co:2:006:0 s 40 b9 0000 0000 0004 4 = 09008802
ffff8e67f59f0900 3915351598 C Co:2:006:0 0 4 >
ffff8e67f59f0900 3915351759 S Ii:2:006:3 -115:1 3 <
ffff8e67f59f0900 3915352900 C Ii:2:006:3 0:1 3 = 100000
ffff8e67f59f0900 3915353053 S Ci:2:006:0 s c0 bc 0800 0016 0002 2 <
ffff8e67f59f0900 3915355776 C Ci:2:006:0 0 2 = 0900
ffff8e67f59f0900 3915355912 S Ci:2:006:0 s c0 bc 0900 001c 0002 2 <
ffff8e67f59f0900 3915358353 C Ci:2:006:0 0 2 = 2f6f
ffff8e67f59f0900 3915358486 S Ci:2:006:0 s c0 bc 0800 23be 0002 2 <
ffff8e67f59f0900 3915361074 C Ci:2:006:0 0 2 = 0000
ffff8e67f59f0900 3915361209 S Co:2:006:0 s 40 bc 0900 0014 0002 2 = d09e
ffff8e67f59f0900 3915363686 C Co:2:006:0 0 2 >
ffff8e67f59f0900 3915363834 S Ci:2:006:0 s c0 bc 0900 001c 0002 2 <
ffff8e67f59f0900 3915366464 C Ci:2:006:0 0 2 = 2f6f
ffff8e67f59f0900 3915366609 S Co:2:006:0 s 40 bc 0800 00c0 0002 2 = 02c9
ffff8e67f59f0900 3915369227 C Co:2:006:0 0 2 >
ffff8e67f59f0900 3915369359 S Co:2:006:0 s 40 b9 0000 0000 0004 4 = 09008802
ffff8e67f59f0900 3915371957 C Co:2:006:0 0 4 >
ffff8e67f59f0900 3915372092 S Ii:2:006:3 -115:1 3 <
ffff8e67f59f0900 3915373319 C Ii:2:006:3 0:1 3 = 100000
ffff8e67f59f0900 3915373452 S Ci:2:006:0 s c0 bc 0800 0016 0002 2 <
ffff8e67f59f0900 3915376106 C Ci:2:006:0 0 2 = 0900
ffff8e67f59f0900 3915376242 S Ci:2:006:0 s c0 bc 0900 001c 0002 2 <
ffff8e67f59f0900 3915378818 C Ci:2:006:0 0 2 = 2f6f
ffff8e67f59f0900 3915378950 S Ci:2:006:0 s c0 bc 0800 23be 0002 2 <
ffff8e67f59f0900 3915381608 C Ci:2:006:0 0 2 = 0000
ffff8e67f59f0900 3915381761 S Co:2:006:0 s 40 bc 0900 0014 0002 2 = d09e
ffff8e67f59f0900 3915384366 C Co:2:006:0 0 2 >
ffff8e67f59f0900 3915384502 S Ci:2:006:0 s c0 bc 0900 001c 0002 2 <
ffff8e67f59f0900 3915387106 C Ci:2:006:0 0 2 = 2f6f
ffff8e67f59f0900 3915387258 S Co:2:006:0 s 40 bc 0800 00c0 0002 2 = 14d2
ffff8e67f59f0900 3915389889 C Co:2:006:0 0 2 >
ffff8e67f59f0900 3915389997 S Co:2:006:0 s 40 b9 0000 0000 0004 4 = 09008802
ffff8e67f59f0900 3915392585 C Co:2:006:0 0 4 >
ffff8e67f59f0900 3915392725 S Ii:2:006:3 -115:1 3 <
ffff8e67f59f0900 3915393978 C Ii:2:006:3 0:1 3 = 100000
ffff8e67f59f0900 3915394125 S Ci:2:006:0 s c0 bc 0800 0016 0002 2 <
ffff8e67f59f0900 3915396869 C Ci:2:006:0 0 2 = 0900
ffff8e67f59f0900 3915397003 S Ci:2:006:0 s c0 bc 0900 001c 0002 2 <
ffff8e67f59f0900 3915399575 C Ci:2:006:0 0 2 = 2f6f
ffff8e67f59f0900 3915399734 S Ci:2:006:0 s c0 bc 0800 23be 0002 2 <
ffff8e67f59f0900 3915402391 C Ci:2:006:0 0 2 = 0000
ffff8e67f59f0900 3915402536 S Co:2:006:0 s 40 bc 0900 0014 0002 2 = d09e
ffff8e67f59f0900 3915405085 C Co:2:006:0 0 2 >
ffff8e67f59f0900 3915405217 S Ci:2:006:0 s c0 bc 0900 001c 0002 2 <
ffff8e67f59f0900 3915407888 C Ci:2:006:0 0 2 = 2f6f
ffff8e67f59f0900 3915408052 S Co:2:006:0 s 40 bc 0800 00c0 0002 2 = 3c6b
ffff8e67f59f0900 3915410600 C Co:2:006:0 0 2 >
ffff8e67f59f0900 3915410743 S Co:2:006:0 s 40 b9 0000 0000 0004 4 = 09008802
ffff8e67f59f0900 3915413339 C Co:2:006:0 0 4 >
ffff8e67f59f0900 3915413469 S Ii:2:006:3 -115:1 3 <
ffff8e67f59f0900 3915414658 C Ii:2:006:3 0:1 3 = 100000
ffff8e67f59f0900 3915414836 S Ci:2:006:0 s c0 bc 0800 0016 0002 2 <
ffff8e67f59f0900 3915417535 C Ci:2:006:0 0 2 = 0900
ffff8e67f59f0900 3915417711 S Ci:2:006:0 s c0 bc 0900 001c 0002 2 <
ffff8e67f59f0900 3915420190 C Ci:2:006:0 0 2 = 2f6f
ffff8e67f59f0900 3915420323 S Ci:2:006:0 s c0 bc 0800 23be 0002 2 <
ffff8e67f59f0900 3915422985 C Ci:2:006:0 0 2 = 0000
ffff8e67f59f0900 3915423132 S Co:2:006:0 s 40 bc 0900 0014 0002 2 = d09e
ffff8e67f59f0900 3915425692 C Co:2:006:0 0 2 >
ffff8e67f59f0900 3915425808 S Ci:2:006:0 s c0 bc 0900 001c 0002 2 <
ffff8e67f59f0900 3915428334 C Ci:2:006:0 0 2 = 2f6f
ffff8e67f59f0900 3915428483 S Co:2:006:0 s 40 bc 0800 00c0 0004 4 = 8989fa00
ffff8e67f59f0900 3915430948 C Co:2:006:0 0 4 >
ffff8e67f59f0900 3915431091 S Co:2:006:0 s 40 b9 0000 0000 0004 4 = 09006603
ffff8e67f59f0900 3915433644 C Co:2:006:0 0 4 >
ffff8e67f59f0900 3915433798 S Ii:2:006:3 -115:1 3 <
ffff8e67f59f0900 3915435024 C Ii:2:006:3 0:1 3 = 100000
ffff8e67f59f0900 3915435158 S Ci:2:006:0 s c0 bc 0800 0016 0002 2 <
ffff8e67f59f0900 3915437855 C Ci:2:006:0 0 2 = 0900
ffff8e67f59f0900 3915437989 S Ci:2:006:0 s c0 bc 0900 001c 0002 2 <
ffff8e67f59f0900 3915440538 C Ci:2:006:0 0 2 = 2f6f
ffff8e67f59f0900 3915440691 S Ci:2:006:0 s c0 bc 0800 23be 0002 2 <
ffff8e67f59f0900 3915443223 C Ci:2:006:0 0 2 = 0000
ffff8e67f59f0900 3915443359 S Co:2:006:0 s 40 bc 0900 0014 0002 2 = d09e
ffff8e67f59f0900 3915445931 C Co:2:006:0 0 2 >
ffff8e67f59f0900 3915446102 S Ci:2:006:0 s c0 bc 0900 001c 0002 2 <
ffff8e67f59f0900 3915448608 C Ci:2:006:0 0 2 = 2f6f
ffff8e67f59f0900 3915448760 S Co:2:006:0 s 40 b9 0000 0000 0004 4 = 09016601
ffff8e67f59f0900 3915451404 C Co:2:006:0 0 4 >
ffff8e67f59f0900 3915451537 S Ii:2:006:3 -115:1 3 <
ffff8e67f59f0900 3915452601 C Ii:2:006:3 0:1 3 = 100000
ffff8e67f59f0900 3915452754 S Ci:2:006:0 s c0 bc 0800 0016 0002 2 <
ffff8e67f59f0900 3915455458 C Ci:2:006:0 0 2 = 0900
ffff8e67f59f0900 3915455562 S Ci:2:006:0 s c0 bc 0900 001c 0002 2 <
ffff8e67f59f0900 3915458212 C Ci:2:006:0 0 2 = 2f6f
ffff8e67f59f0900 3915458363 S Ci:2:006:0 s c0 bc 0800 23be 0004 4 <
ffff8e67f59f0900 3915460952 C Ci:2:006:0 0 4 = 0000fd67
ffff8e67f59f0900 3915461101 S Co:2:006:0 s 40 bc 0800 00c0 0002 2 = 2888
ffff8e67f59f0900 3915463716 C Co:2:006:0 0 2 >
ffff8e67f59f0900 3915463822 S Co:2:006:0 s 40 b9 0000 0000 0004 4 = 09008802
ffff8e67f59f0900 3915466462 C Co:2:006:0 0 4 >
ffff8e67f59f0900 3915466595 S Ii:2:006:3 -115:1 3 <
ffff8e67f59f0900 3915467737 C Ii:2:006:3 0:1 3 = 100000
ffff8e67f59f0900 3915467842 S Ci:2:006:0 s c0 bc 0800 0016 0002 2 <
ffff8e67f59f0900 3915470573 C Ci:2:006:0 0 2 = 0900
ffff8e67f59f0900 3915470725 S Ci:2:006:0 s c0 bc 0900 001c 0002 2 <
ffff8e67f59f0900 3915473379 C Ci:2:006:0 0 2 = 2f6f
ffff8e67f59f0900 3915473523 S Ci:2:006:0 s c0 bc 0800 23be 0002 2 <
ffff8e67f59f0900 3915476058 C Ci:2:006:0 0 2 = 0000
ffff8e67f59f0900 3915476202 S Co:2:006:0 s 40 bc 0900 0014 0002 2 = d09e
ffff8e67f59f0900 3915478858 C Co:2:006:0 0 2 >
ffff8e67f59f0900 3915479005 S Ci:2:006:0 s c0 bc 0900 001c 0002 2 <
ffff8e67f59f0900 3915481508 C Ci:2:006:0 0 2 = 2f6f
ffff8e67f59f0900 3915481645 S Co:2:006:0 s 40 bc 0800 00c0 0002 2 = 1088
ffff8e67f59f0900 3915484158 C Co:2:006:0 0 2 >
ffff8e67f59f0900 3915484291 S Co:2:006:0 s 40 b9 0000 0000 0004 4 = 09008802
ffff8e67f59f0900 3915486934 C Co:2:006:0 0 4 >
ffff8e67f59f0900 3915487070 S Ii:2:006:3 -115:1 3 <
ffff8e67f59f0900 3915488330 C Ii:2:006:3 0:1 3 = 100000
ffff8e67f59f0900 3915488464 S Ci:2:006:0 s c0 bc 0800 0016 0002 2 <
ffff8e67f59f0900 3915491079 C Ci:2:006:0 0 2 = 0900
ffff8e67f59f0900 3915491213 S Ci:2:006:0 s c0 bc 0900 001c 0002 2 <
ffff8e67f59f0900 3915493795 C Ci:2:006:0 0 2 = 2f6f
ffff8e67f59f0900 3915493926 S Ci:2:006:0 s c0 bc 0800 23be 0002 2 <
ffff8e67f59f0900 3915496433 C Ci:2:006:0 0 2 = 0000
ffff8e67f59f0900 3915496572 S Co:2:006:0 s 40 bc 0900 0014 0002 2 = d09e
ffff8e67f59f0900 3915499285 C Co:2:006:0 0 2 >
ffff8e67f59f0900 3915499422 S Ci:2:006:0 s c0 bc 0900 001c 0002 2 <
ffff8e67f59f0900 3915501963 C Ci:2:006:0 0 2 = 2f6f
ffff8e67f59f0900 3915502111 S Co:2:006:0 s 40 bc 0800 00c0 0002 2 = 11d4
ffff8e67f59f0900 3915504726 C Co:2:006:0 0 2 >
ffff8e67f59f0900 3915504821 S Co:2:006:0 s 40 b9 0000 0000 0004 4 = 09008802
ffff8e67f59f0900 3915507305 C Co:2:006:0 0 4 >
ffff8e67f59f0900 3915507439 S Ii:2:006:3 -115:1 3 <
ffff8e67f59f0900 3915508648 C Ii:2:006:3 0:1 3 = 100000
ffff8e67f59f0900 3915508801 S Ci:2:006:0 s c0 bc 0800 0016 0002 2 <
ffff8e67f59f0900 3915511465 C Ci:2:006:0 0 2 = 0900
ffff8e67f59f0900 3915511570 S Ci:2:006:0 s c0 bc 0900 001c 0002 2 <
ffff8e67f59f0900 3915514191 C Ci:2:006:0 0 2 = 2f6f
ffff8e67f59f0900 3915514323 S Ci:2:006:0 s c0 bc 0800 23be 0002 2 <
ffff8e67f59f0900 3915516966 C Ci:2:006:0 0 2 = 0000
ffff8e67f59f0900 3915517101 S Co:2:006:0 s 40 bc 0900 0014 0002 2 = d09e
ffff8e67f59f0900 3915519714 C Co:2:006:0 0 2 >
ffff8e67f59f0900 3915519819 S Ci:2:006:0 s c0 bc 0900 001c 0002 2 <
ffff8e67f59f0900 3915522379 C Ci:2:006:0 0 2 = 2f6f
ffff8e67f59f0900 3915522516 S Co:2:006:0 s 40 bc 0800 00c0 0002 2 = 12d0
ffff8e67f59f0900 3915525085 C Co:2:006:0 0 2 >
ffff8e67f59f0900 3915525233 S Co:2:006:0 s 40 b9 0000 0000 0004 4 = 09008802
ffff8e67f59f0900 3915527696 C Co:2:006:0 0 4 >
ffff8e67f59f0900 3915527843 S Ii:2:006:3 -115:1 3 <
ffff8e67f59f0900 3915529130 C Ii:2:006:3 0:1 3 = 100000
ffff8e67f59f0900 3915529267 S Ci:2:006:0 s c0 bc 0800 0016 0002 2 <
ffff8e67f59f0900 3915531640 C Ci:2:006:0 0 2 = 0900
ffff8e67f59f0900 3915531775 S Ci:2:006:0 s c0 bc 0900 001c 0002 2 <
ffff8e67f59f0900 3915534288 C Ci:2:006:0 0 2 = 2f6f
ffff8e67f59f0900 3915534428 S Ci:2:006:0 s c0 bc 0800 23be 0002 2 <
ffff8e67f59f0900 3915537034 C Ci:2:006:0 0 2 = 0000
ffff8e67f59f0900 3915537171 S Co:2:006:0 s 40 bc 0900 0014 0002 2 = d09e
ffff8e67f59f0900 3915539790 C Co:2:006:0 0 2 >
ffff8e67f59f0900 3915539928 S Ci:2:006:0 s c0 bc 0900 001c 0002 2 <
ffff8e67f59f0900 3915542452 C Ci:2:006:0 0 2 = 2f6f
ffff8e67f59f0900 3915542647 S Co:2:006:0 s 40 bc 0800 00c0 0002 2 = 1308
ffff8e67f59f0900 3915545179 C Co:2:006:0 0 2 >
ffff8e67f59f0900 3915545315 S Co:2:006:0 s 40 b9 0000 0000 0004 4 = 09008802
ffff8e67f59f0900 3915547898 C Co:2:006:0 0 4 >
ffff8e67f59f0900 3915548061 S Ii:2:006:3 -115:1 3 <
ffff8e67f59f0900 3915549271 C Ii:2:006:3 0:1 3 = 100000
ffff8e67f59f0900 3915549406 S Ci:2:006:0 s c0 bc 0800 0016 0002 2 <
ffff8e67f59f0900 3915552072 C Ci:2:006:0 0 2 = 0900
ffff8e67f59f0900 3915552253 S Ci:2:006:0 s c0 bc 0900 001c 0002 2 <
ffff8e67f59f0900 3915554810 C Ci:2:006:0 0 2 = 2f6f
ffff8e67f59f0900 3915554929 S Ci:2:006:0 s c0 bc 0800 23be 0002 2 <
ffff8e67f59f0900 3915557608 C Ci:2:006:0 0 2 = 0000
ffff8e67f59f0900 3915557721 S Co:2:006:0 s 40 bc 0900 0014 0002 2 = d09e
ffff8e67f59f0900 3915560317 C Co:2:006:0 0 2 >
ffff8e67f59f0900 3915560409 S Ci:2:006:0 s c0 bc 0900 001c 0002 2 <
ffff8e67f59f0900 3915563087 C Ci:2:006:0 0 2 = 2f6f
ffff8e67f59f0900 3915563224 S Co:2:006:0 s 40 bc 0800 00c0 0002 2 = 1408
ffff8e67f59f0900 3915565803 C Co:2:006:0 0 2 >
ffff8e67f59f0900 3915565936 S Co:2:006:0 s 40 b9 0000 0000 0004 4 = 09008802
ffff8e67f59f0900 3915568350 C Co:2:006:0 0 4 >
ffff8e67f59f0900 3915568501 S Ii:2:006:3 -115:1 3 <
ffff8e67f59f0900 3915569550 C Ii:2:006:3 0:1 3 = 100000
ffff8e67f59f0900 3915569719 S Ci:2:006:0 s c0 bc 0800 0016 0002 2 <
ffff8e67f59f0900 3915572287 C Ci:2:006:0 0 2 = 0900
ffff8e67f59f0900 3915572438 S Ci:2:006:0 s c0 bc 0900 001c 0002 2 <
ffff8e67f59f0900 3915574865 C Ci:2:006:0 0 2 = 2f6f
ffff8e67f59f0900 3915574980 S Ci:2:006:0 s c0 bc 0800 23be 0002 2 <
ffff8e67f59f0900 3915577525 C Ci:2:006:0 0 2 = 0000
ffff8e67f59f0900 3915577677 S Co:2:006:0 s 40 bc 0900 0014 0002 2 = d09e
ffff8e67f59f0900 3915580161 C Co:2:006:0 0 2 >
ffff8e67f59f0900 3915580311 S Ci:2:006:0 s c0 bc 0900 001c 0002 2 <
ffff8e67f59f0900 3915582773 C Ci:2:006:0 0 2 = 2f6f
ffff8e67f59f0900 3915582911 S Co:2:006:0 s 40 bc 0800 00c0 0002 2 = 1588
ffff8e67f59f0900 3915585378 C Co:2:006:0 0 2 >
ffff8e67f59f0900 3915585516 S Co:2:006:0 s 40 b9 0000 0000 0004 4 = 09008802
ffff8e67f59f0900 3915587991 C Co:2:006:0 0 4 >
ffff8e67f59f0900 3915588131 S Ii:2:006:3 -115:1 3 <
ffff8e67f59f0900 3915589163 C Ii:2:006:3 0:1 3 = 100000
ffff8e67f59f0900 3915589223 S Ci:2:006:0 s c0 bc 0800 0016 0002 2 <
ffff8e67f59f0900 3915591905 C Ci:2:006:0 0 2 = 0900
ffff8e67f59f0900 3915592060 S Ci:2:006:0 s c0 bc 0900 001c 0002 2 <
ffff8e67f59f0900 3915594474 C Ci:2:006:0 0 2 = 2f6f
ffff8e67f59f0900 3915594609 S Ci:2:006:0 s c0 bc 0800 23be 0002 2 <
ffff8e67f59f0900 3915597137 C Ci:2:006:0 0 2 = 0000
ffff8e67f59f0900 3915597287 S Co:2:006:0 s 40 bc 0900 0014 0002 2 = d09e
ffff8e67f59f0900 3915599864 C Co:2:006:0 0 2 >
ffff8e67f59f0900 3915600013 S Ci:2:006:0 s c0 bc 0900 001c 0002 2 <
ffff8e67f59f0900 3915602507 C Ci:2:006:0 0 2 = 2f6f
ffff8e67f59f0900 3915602622 S Co:2:006:0 s 40 bc 0800 00c0 0004 4 = 9447f900
ffff8e67f59f0900 3915605136 C Co:2:006:0 0 4 >
ffff8e67f59f0900 3915605284 S Co:2:006:0 s 40 b9 0000 0000 0004 4 = 09006603
ffff8e67f59f0900 3915607728 C Co:2:006:0 0 4 >
ffff8e67f59f0900 3915607818 S Ii:2:006:3 -115:1 3 <
ffff8e67f59f0900 3915608957 C Ii:2:006:3 0:1 3 = 100000
ffff8e67f59f0900 3915609111 S Ci:2:006:0 s c0 bc 0800 0016 0002 2 <
ffff8e67f59f0900 3915611669 C Ci:2:006:0 0 2 = 0900
ffff8e67f59f0900 3915611804 S Ci:2:006:0 s c0 bc 0900 001c 0002 2 <
ffff8e67f59f0900 3915614259 C Ci:2:006:0 0 2 = 2f6f
ffff8e67f59f0900 3915614399 S Ci:2:006:0 s c0 bc 0800 23be 0002 2 <
ffff8e67f59f0900 3915616858 C Ci:2:006:0 0 2 = 0000
ffff8e67f59f0900 3915617059 S Co:2:006:0 s 40 bc 0900 0014 0002 2 = d09e
ffff8e67f59f0900 3915619492 C Co:2:006:0 0 2 >
ffff8e67f59f0900 3915619632 S Ci:2:006:0 s c0 bc 0900 001c 0002 2 <
ffff8e67f59f0900 3915622155 C Ci:2:006:0 0 2 = 2f6f
ffff8e67f59f0900 3915622293 S Co:2:006:0 s 40 bc 0800 00c0 0004 4 = 9440f300
ffff8e67f59f0900 3915624759 C Co:2:006:0 0 4 >
ffff8e67f59f0900 3915624939 S Co:2:006:0 s 40 b9 0000 0000 0004 4 = 09006603
ffff8e67f59f0900 3915627396 C Co:2:006:0 0 4 >
ffff8e67f59f0900 3915627503 S Ii:2:006:3 -115:1 3 <
ffff8e67f59f0900 3915628697 C Ii:2:006:3 0:1 3 = 100000
ffff8e67f59f0900 3915628801 S Ci:2:006:0 s c0 bc 0800 0016 0002 2 <
ffff8e67f59f0900 3915631400 C Ci:2:006:0 0 2 = 0900
ffff8e67f59f0900 3915631532 S Ci:2:006:0 s c0 bc 0900 001c 0002 2 <
ffff8e67f59f0900 3915633971 C Ci:2:006:0 0 2 = 2f6f
ffff8e67f59f0900 3915634112 S Ci:2:006:0 s c0 bc 0800 23be 0002 2 <
ffff8e67f59f0900 3915636603 C Ci:2:006:0 0 2 = 0000
ffff8e67f59f0900 3915636761 S Co:2:006:0 s 40 bc 0900 0014 0002 2 = d09e
ffff8e67f59f0900 3915639251 C Co:2:006:0 0 2 >
ffff8e67f59f0900 3915639403 S Ci:2:006:0 s c0 bc 0900 001c 0002 2 <
ffff8e67f59f0900 3915642045 C Ci:2:006:0 0 2 = 2f6f
ffff8e67f59f0900 3915642187 S Co:2:006:0 s 40 bc 0800 00c0 0004 4 = 9443b700
ffff8e67f59f0900 3915644665 C Co:2:006:0 0 4 >
ffff8e67f59f0900 3915644793 S Co:2:006:0 s 40 b9 0000 0000 0004 4 = 09006603
ffff8e67f59f0900 3915647332 C Co:2:006:0 0 4 >
ffff8e67f59f0900 3915647517 S Ii:2:006:3 -115:1 3 <
ffff8e67f59f0900 3915648600 C Ii:2:006:3 0:1 3 = 100000
ffff8e67f59f0900 3915648765 S Ci:2:006:0 s c0 bc 0800 0016 0002 2 <
ffff8e67f59f0900 3915651340 C Ci:2:006:0 0 2 = 0900
ffff8e67f59f0900 3915651491 S Ci:2:006:0 s c0 bc 0900 001c 0002 2 <
ffff8e67f59f0900 3915654014 C Ci:2:006:0 0 2 = 2f6f
ffff8e67f59f0900 3915654153 S Ci:2:006:0 s c0 bc 0800 23be 0002 2 <
ffff8e67f59f0900 3915656731 C Ci:2:006:0 0 2 = 0000
ffff8e67f59f0900 3915656829 S Co:2:006:0 s 40 bc 0900 0014 0002 2 = d09e
ffff8e67f59f0900 3915659362 C Co:2:006:0 0 2 >
ffff8e67f59f0900 3915659501 S Ci:2:006:0 s c0 bc 0900 001c 0002 2 <
ffff8e67f59f0900 3915662000 C Ci:2:006:0 0 2 = 2f6f
ffff8e67f59f0900 3915662139 S Co:2:006:0 s 40 bc 0800 00c0 0004 4 = 944eb700
ffff8e67f59f0900 3915664621 C Co:2:006:0 0 4 >
ffff8e67f59f0900 3915664763 S Co:2:006:0 s 40 b9 0000 0000 0004 4 = 09006603
ffff8e67f59f0900 3915667265 C Co:2:006:0 0 4 >
ffff8e67f59f0900 3915667401 S Ii:2:006:3 -115:1 3 <
ffff8e67f59f0900 3915668412 C Ii:2:006:3 0:1 3 = 100000
ffff8e67f59f0900 3915668551 S Ci:2:006:0 s c0 bc 0800 0016 0002 2 <
ffff8e67f59f0900 3915671171 C Ci:2:006:0 0 2 = 0900
ffff8e67f59f0900 3915671324 S Ci:2:006:0 s c0 bc 0900 001c 0002 2 <
ffff8e67f59f0900 3915673719 C Ci:2:006:0 0 2 = 2f6f
ffff8e67f59f0900 3915673813 S Ci:2:006:0 s c0 bc 0800 23be 0002 2 <
ffff8e67f59f0900 3915676354 C Ci:2:006:0 0 2 = 0000
ffff8e67f59f0900 3915676493 S Co:2:006:0 s 40 bc 0900 0014 0002 2 = d09e
ffff8e67f59f0900 3915679017 C Co:2:006:0 0 2 >
ffff8e67f59f0900 3915679227 S Ci:2:006:0 s c0 bc 0900 001c 0002 2 <
ffff8e67f59f0900 3915681636 C Ci:2:006:0 0 2 = 2f6f
ffff8e67f59f0900 3915681789 S Co:2:006:0 s 40 bc 0800 00c0 0004 4 = 944fb700
ffff8e67f59f0900 3915684236 C Co:2:006:0 0 4 >
ffff8e67f59f0900 3915684372 S Co:2:006:0 s 40 b9 0000 0000 0004 4 = 09006603
ffff8e67f59f0900 3915686865 C Co:2:006:0 0 4 >
ffff8e67f59f0900 3915687004 S Ii:2:006:3 -115:1 3 <
ffff8e67f59f0900 3915688144 C Ii:2:006:3 0:1 3 = 100000
ffff8e67f59f0900 3915688196 S Ci:2:006:0 s c0 bc 0800 0016 0002 2 <
ffff8e67f59f0900 3915690716 C Ci:2:006:0 0 2 = 0900
ffff8e67f59f0900 3915690810 S Ci:2:006:0 s c0 bc 0900 001c 0002 2 <
ffff8e67f59f0900 3915693414 C Ci:2:006:0 0 2 = 2f6f
ffff8e67f59f0900 3915693552 S Ci:2:006:0 s c0 bc 0800 23be 0002 2 <
ffff8e67f59f0900 3915695972 C Ci:2:006:0 0 2 = 0000
ffff8e67f59f0900 3915696125 S Co:2:006:0 s 40 bc 0900 0014 0002 2 = d09e
ffff8e67f59f0900 3915698573 C Co:2:006:0 0 2 >
ffff8e67f59f0900 3915698706 S Ci:2:006:0 s c0 bc 0900 001c 0002 2 <
ffff8e67f59f0900 3915701275 C Ci:2:006:0 0 2 = 2f6f
ffff8e67f59f0900 3915701415 S Co:2:006:0 s 40 bc 0800 00c0 0004 4 = 9448b700
ffff8e67f59f0900 3915703978 C Co:2:006:0 0 4 >
ffff8e67f59f0900 3915704139 S Co:2:006:0 s 40 b9 0000 0000 0004 4 = 09006603
ffff8e67f59f0900 3915706613 C Co:2:006:0 0 4 >
ffff8e67f59f0900 3915706761 S Ii:2:006:3 -115:1 3 <
ffff8e67f59f0900 3915707791 C Ii:2:006:3 0:1 3 = 100000
ffff8e67f59f0900 3915707929 S Ci:2:006:0 s c0 bc 0800 0016 0002 2 <
ffff8e67f59f0900 3915710500 C Ci:2:006:0 0 2 = 0900
ffff8e67f59f0900 3915710659 S Ci:2:006:0 s c0 bc 0900 001c 0002 2 <
ffff8e67f59f0900 3915713179 C Ci:2:006:0 0 2 = 2f6f
ffff8e67f59f0900 3915713331 S Ci:2:006:0 s c0 bc 0800 23be 0002 2 <
ffff8e67f59f0900 3915715756 C Ci:2:006:0 0 2 = 0000
ffff8e67f59f0900 3915715893 S Co:2:006:0 s 40 bc 0900 0014 0002 2 = d09e
ffff8e67f59f0900 3915718408 C Co:2:006:0 0 2 >
ffff8e67f59f0900 3915718545 S Ci:2:006:0 s c0 bc 0900 001c 0002 2 <
ffff8e67f59f0900 3915721030 C Ci:2:006:0 0 2 = 2f6f
ffff8e67f59f0900 3915721183 S Co:2:006:0 s 40 bc 0800 00c0 0004 4 = 9449b700
ffff8e67f59f0900 3915723589 C Co:2:006:0 0 4 >
ffff8e67f59f0900 3915723746 S Co:2:006:0 s 40 b9 0000 0000 0004 4 = 09006603
ffff8e67f59f0900 3915726293 C Co:2:006:0 0 4 >
ffff8e67f59f0900 3915726411 S Ii:2:006:3 -115:1 3 <
ffff8e67f59f0900 3915727626 C Ii:2:006:3 0:1 3 = 100000
ffff8e67f59f0900 3915727819 S Ci:2:006:0 s c0 bc 0800 0016 0002 2 <
ffff8e67f59f0900 3915730253 C Ci:2:006:0 0 2 = 0900
ffff8e67f59f0900 3915730391 S Ci:2:006:0 s c0 bc 0900 001c 0002 2 <
ffff8e67f59f0900 3915732848 C Ci:2:006:0 0 2 = 2f6f
ffff8e67f59f0900 3915732986 S Ci:2:006:0 s c0 bc 0800 23be 0002 2 <
ffff8e67f59f0900 3915735516 C Ci:2:006:0 0 2 = 0000
ffff8e67f59f0900 3915735660 S Co:2:006:0 s 40 bc 0900 0014 0002 2 = d09e
ffff8e67f59f0900 3915738137 C Co:2:006:0 0 2 >
ffff8e67f59f0900 3915738278 S Ci:2:006:0 s c0 bc 0900 001c 0002 2 <
ffff8e67f59f0900 3915740991 C Ci:2:006:0 0 2 = 2f6f
ffff8e67f59f0900 3915741131 S Co:2:006:0 s 40 bc 0800 00c0 0004 4 = 94587700
ffff8e67f59f0900 3915743699 C Co:2:006:0 0 4 >
ffff8e67f59f0900 3915743805 S Co:2:006:0 s 40 b9 0000 0000 0004 4 = 09006603
ffff8e67f59f0900 3915746292 C Co:2:006:0 0 4 >
ffff8e67f59f0900 3915746445 S Ii:2:006:3 -115:1 3 <
ffff8e67f59f0900 3915747547 C Ii:2:006:3 0:1 3 = 100000
ffff8e67f59f0900 3915747707 S Ci:2:006:0 s c0 bc 0800 0016 0002 2 <
ffff8e67f59f0900 3915750244 C Ci:2:006:0 0 2 = 0900
ffff8e67f59f0900 3915750385 S Ci:2:006:0 s c0 bc 0900 001c 0002 2 <
ffff8e67f59f0900 3915752880 C Ci:2:006:0 0 2 = 2f6f
ffff8e67f59f0900 3915753040 S Ci:2:006:0 s c0 bc 0800 23be 0002 2 <
ffff8e67f59f0900 3915755450 C Ci:2:006:0 0 2 = 0000
ffff8e67f59f0900 3915755590 S Co:2:006:0 s 40 bc 0900 0014 0002 2 = d09e
ffff8e67f59f0900 3915758147 C Co:2:006:0 0 2 >
ffff8e67f59f0900 3915758297 S Ci:2:006:0 s c0 bc 0900 001c 0002 2 <
ffff8e67f59f0900 3915760750 C Ci:2:006:0 0 2 = 2f6f
ffff8e67f59f0900 3915760892 S Co:2:006:0 s 40 bc 0800 00c0 0004 4 = 9440f100
ffff8e67f59f0900 3915763367 C Co:2:006:0 0 4 >
ffff8e67f59f0900 3915763506 S Co:2:006:0 s 40 b9 0000 0000 0004 4 = 09006603
ffff8e67f59f0900 3915765976 C Co:2:006:0 0 4 >
ffff8e67f59f0900 3915766119 S Ii:2:006:3 -115:1 3 <
ffff8e67f59f0900 3915767229 C Ii:2:006:3 0:1 3 = 100000
ffff8e67f59f0900 3915767396 S Ci:2:006:0 s c0 bc 0800 0016 0002 2 <
ffff8e67f59f0900 3915769858 C Ci:2:006:0 0 2 = 0900
ffff8e67f59f0900 3915770002 S Ci:2:006:0 s c0 bc 0900 001c 0002 2 <
ffff8e67f59f0900 3915772668 C Ci:2:006:0 0 2 = 2f6f
ffff8e67f59f0900 3915772796 S Ci:2:006:0 s c0 bc 0800 23be 0002 2 <
ffff8e67f59f0900 3915775538 C Ci:2:006:0 0 2 = 0000
ffff8e67f59f0900 3915775721 S Co:2:006:0 s 40 bc 0900 0014 0002 2 = d09e
ffff8e67f59f0900 3915778326 C Co:2:006:0 0 2 >
ffff8e67f59f0900 3915778477 S Ci:2:006:0 s c0 bc 0900 001c 0002 2 <
ffff8e67f59f0900 3915780998 C Ci:2:006:0 0 2 = 2f6f
ffff8e67f59f0900 3915781151 S Co:2:006:0 s 40 bc 0800 00c0 0004 4 = 944df500
ffff8e67f59f0900 3915783713 C Co:2:006:0 0 4 >
ffff8e67f59f0900 3915783806 S Co:2:006:0 s 40 b9 0000 0000 0004 4 = 09006603
ffff8e67f59f0900 3915786190 C Co:2:006:0 0 4 >
ffff8e67f59f0900 3915786339 S Ii:2:006:3 -115:1 3 <
ffff8e67f59f0900 3915787397 C Ii:2:006:3 0:1 3 = 100000
ffff8e67f59f0900 3915787546 S Ci:2:006:0 s c0 bc 0800 0016 0002 2 <
ffff8e67f59f0900 3915790197 C Ci:2:006:0 0 2 = 0900
ffff8e67f59f0900 3915790348 S Ci:2:006:0 s c0 bc 0900 001c 0002 2 <
ffff8e67f59f0900 3915792904 C Ci:2:006:0 0 2 = 2f6f
ffff8e67f59f0900 3915793054 S Ci:2:006:0 s c0 bc 0800 23be 0002 2 <
ffff8e67f59f0900 3915795496 C Ci:2:006:0 0 2 = 0000
ffff8e67f59f0900 3915795649 S Co:2:006:0 s 40 bc 0900 0014 0002 2 = d09e
ffff8e67f59f0900 3915798143 C Co:2:006:0 0 2 >
ffff8e67f59f0900 3915798284 S Ci:2:006:0 s c0 bc 0900 001c 0002 2 <
ffff8e67f59f0900 3915800878 C Ci:2:006:0 0 2 = 2f6f
ffff8e67f59f0900 3915801015 S Co:2:006:0 s 40 bc 0800 00c0 0004 4 = 944aaf00
ffff8e67f59f0900 3915803487 C Co:2:006:0 0 4 >
ffff8e67f59f0900 3915803655 S Co:2:006:0 s 40 b9 0000 0000 0004 4 = 09006603
ffff8e67f59f0900 3915806066 C Co:2:006:0 0 4 >
ffff8e67f59f0900 3915806203 S Ii:2:006:3 -115:1 3 <
ffff8e67f59f0900 3915807316 C Ii:2:006:3 0:1 3 = 100000
ffff8e67f59f0900 3915807426 S Ci:2:006:0 s c0 bc 0800 0016 0002 2 <
ffff8e67f59f0900 3915809990 C Ci:2:006:0 0 2 = 0900
ffff8e67f59f0900 3915810132 S Ci:2:006:0 s c0 bc 0900 001c 0002 2 <
ffff8e67f59f0900 3915812582 C Ci:2:006:0 0 2 = 2f6f
ffff8e67f59f0900 3915812724 S Ci:2:006:0 s c0 bc 0800 23be 0002 2 <
ffff8e67f59f0900 3915815252 C Ci:2:006:0 0 2 = 0000
ffff8e67f59f0900 3915815452 S Co:2:006:0 s 40 bc 0900 0014 0002 2 = d09e
ffff8e67f59f0900 3915817835 C Co:2:006:0 0 2 >
ffff8e67f59f0900 3915817986 S Ci:2:006:0 s c0 bc 0900 001c 0002 2 <
ffff8e67f59f0900 3915820485 C Ci:2:006:0 0 2 = 2f6f
ffff8e67f59f0900 3915820625 S Co:2:006:0 s 40 bc 0800 00c0 0004 4 = 944baf00
ffff8e67f59f0900 3915823145 C Co:2:006:0 0 4 >
ffff8e67f59f0900 3915823358 S Co:2:006:0 s 40 b9 0000 0000 0004 4 = 09006603
ffff8e67f59f0900 3915825755 C Co:2:006:0 0 4 >
ffff8e67f59f0900 3915825883 S Ii:2:006:3 -115:1 3 <
ffff8e67f59f0900 3915826955 C Ii:2:006:3 0:1 3 = 100000
ffff8e67f59f0900 3915827081 S Ci:2:006:0 s c0 bc 0800 0016 0002 2 <
ffff8e67f59f0900 3915829585 C Ci:2:006:0 0 2 = 0900
ffff8e67f59f0900 3915829726 S Ci:2:006:0 s c0 bc 0900 001c 0002 2 <
ffff8e67f59f0900 3915832260 C Ci:2:006:0 0 2 = 2f6f
ffff8e67f59f0900 3915832411 S Ci:2:006:0 s c0 bc 0800 23be 0002 2 <
ffff8e67f59f0900 3915834850 C Ci:2:006:0 0 2 = 0000
ffff8e67f59f0900 3915835056 S Co:2:006:0 s 40 bc 0900 0014 0002 2 = d09e
ffff8e67f59f0900 3915837472 C Co:2:006:0 0 2 >
ffff8e67f59f0900 3915837625 S Ci:2:006:0 s c0 bc 0900 001c 0002 2 <
ffff8e67f59f0900 3915840173 C Ci:2:006:0 0 2 = 2f6f
ffff8e67f59f0900 3915840325 S Co:2:006:0 s 40 bc 0800 00c0 0004 4 = 945cb700
ffff8e67f59f0900 3915842707 C Co:2:006:0 0 4 >
ffff8e67f59f0900 3915842842 S Co:2:006:0 s 40 b9 0000 0000 0004 4 = 09006603
ffff8e67f59f0900 3915845363 C Co:2:006:0 0 4 >
ffff8e67f59f0900 3915845498 S Ii:2:006:3 -115:1 3 <
ffff8e67f59f0900 3915846530 C Ii:2:006:3 0:1 3 = 100000
ffff8e67f59f0900 3915846701 S Ci:2:006:0 s c0 bc 0800 0016 0002 2 <
ffff8e67f59f0900 3915849272 C Ci:2:006:0 0 2 = 0900
ffff8e67f59f0900 3915849411 S Ci:2:006:0 s c0 bc 0900 001c 0002 2 <
ffff8e67f59f0900 3915851840 C Ci:2:006:0 0 2 = 2f6f
ffff8e67f59f0900 3915851980 S Ci:2:006:0 s c0 bc 0800 23be 0002 2 <
ffff8e67f59f0900 3915854437 C Ci:2:006:0 0 2 = 0000
ffff8e67f59f0900 3915854579 S Co:2:006:0 s 40 bc 0900 0014 0002 2 = d09e
ffff8e67f59f0900 3915857107 C Co:2:006:0 0 2 >
ffff8e67f59f0900 3915857255 S Ci:2:006:0 s c0 bc 0900 001c 0002 2 <
ffff8e67f59f0900 3915859768 C Ci:2:006:0 0 2 = 2f6f
ffff8e67f59f0900 3915859970 S Co:2:006:0 s 40 bc 0800 00c0 0004 4 = 9446d700
ffff8e67f59f0900 3915862383 C Co:2:006:0 0 4 >
ffff8e67f59f0900 3915862524 S Co:2:006:0 s 40 b9 0000 0000 0004 4 = 09006603
ffff8e67f59f0900 3915864929 C Co:2:006:0 0 4 >
ffff8e67f59f0900 3915865098 S Ii:2:006:3 -115:1 3 <
ffff8e67f59f0900 3915866321 C Ii:2:006:3 0:1 3 = 100000
ffff8e67f59f0900 3915866418 S Ci:2:006:0 s c0 bc 0800 0016 0002 2 <
ffff8e67f59f0900 3915868983 C Ci:2:006:0 0 2 = 0900
ffff8e67f59f0900 3915869120 S Ci:2:006:0 s c0 bc 0900 001c 0002 2 <
ffff8e67f59f0900 3915871622 C Ci:2:006:0 0 2 = 2f6f
ffff8e67f59f0900 3915871777 S Ci:2:006:0 s c0 bc 0800 23be 0002 2 <
ffff8e67f59f0900 3915874233 C Ci:2:006:0 0 2 = 0000
ffff8e67f59f0900 3915874368 S Co:2:006:0 s 40 bc 0900 0014 0002 2 = d09e
ffff8e67f59f0900 3915876865 C Co:2:006:0 0 2 >
ffff8e67f59f0900 3915876997 S Ci:2:006:0 s c0 bc 0900 001c 0002 2 <
ffff8e67f59f0900 3915879600 C Ci:2:006:0 0 2 = 2f6f
ffff8e67f59f0900 3915879772 S Co:2:006:0 s 40 bc 0800 00c0 0004 4 = 9dcd8800
ffff8e67f59f0900 3915882099 C Co:2:006:0 0 4 >
ffff8e67f59f0900 3915882232 S Co:2:006:0 s 40 b9 0000 0000 0004 4 = 09006603
ffff8e67f59f0900 3915884893 C Co:2:006:0 0 4 >
ffff8e67f59f0900 3915885074 S Ii:2:006:3 -115:1 3 <
ffff8e67f59f0900 3915886165 C Ii:2:006:3 0:1 3 = 100000
ffff8e67f59f0900 3915886227 S Ci:2:006:0 s c0 bc 0800 0016 0002 2 <
ffff8e67f59f0900 3915889024 C Ci:2:006:0 0 2 = 0900
ffff8e67f59f0900 3915889226 S Ci:2:006:0 s c0 bc 0900 001c 0002 2 <
ffff8e67f59f0900 3915891749 C Ci:2:006:0 0 2 = 2f6f
ffff8e67f59f0900 3915891898 S Ci:2:006:0 s c0 bc 0800 23be 0002 2 <
ffff8e67f59f0900 3915894361 C Ci:2:006:0 0 2 = 0000
ffff8e67f59f0900 3915894492 S Co:2:006:0 s 40 bc 0900 0014 0002 2 = d09e
ffff8e67f59f0900 3915897136 C Co:2:006:0 0 2 >
ffff8e67f59f0900 3915897304 S Ci:2:006:0 s c0 bc 0900 001c 0002 2 <
ffff8e67f59f0900 3915899839 C Ci:2:006:0 0 2 = 2f6f
ffff8e67f59f0900 3915900062 S Co:2:006:0 s 40 b9 0000 0000 0004 4 = 09016601
ffff8e67f59f0900 3915902441 C Co:2:006:0 0 4 >
ffff8e67f59f0900 3915902572 S Ii:2:006:3 -115:1 3 <
ffff8e67f59f0900 3915903681 C Ii:2:006:3 0:1 3 = 100000
ffff8e67f59f0900 3915903777 S Ci:2:006:0 s c0 bc 0800 0016 0002 2 <
ffff8e67f59f0900 3915906371 C Ci:2:006:0 0 2 = 0900
ffff8e67f59f0900 3915906507 S Ci:2:006:0 s c0 bc 0900 001c 0002 2 <
ffff8e67f59f0900 3915909021 C Ci:2:006:0 0 2 = 2f6f
ffff8e67f59f0900 3915909155 S Ci:2:006:0 s c0 bc 0800 23be 0004 4 <
ffff8e67f59f0900 3915911727 C Ci:2:006:0 0 4 = 0000b267
ffff8e67f59f0900 3915911813 S Co:2:006:0 s 40 bc 0800 00c0 0002 2 = b7ce
ffff8e67f59f0900 3915914349 C Co:2:006:0 0 2 >
ffff8e67f59f0900 3915914486 S Co:2:006:0 s 40 b9 0000 0000 0004 4 = 09009c02
ffff8e67f59f0900 3915916967 C Co:2:006:0 0 4 >
ffff8e67f59f0900 3915917102 S Ii:2:006:3 -115:1 3 <
ffff8e67f59f0900 3915918378 C Ii:2:006:3 0:1 3 = 100000
ffff8e67f59f0900 3915918480 S Ci:2:006:0 s c0 bc 0800 0016 0002 2 <
ffff8e67f59f0900 3915921191 C Ci:2:006:0 0 2 = 0900
ffff8e67f59f0900 3915921334 S Ci:2:006:0 s c0 bc 0900 001c 0002 2 <
ffff8e67f59f0900 3915923868 C Ci:2:006:0 0 2 = 2f6f
ffff8e67f59f0900 3915924066 S Ci:2:006:0 s c0 bc 0800 23be 0002 2 <
ffff8e67f59f0900 3915926497 C Ci:2:006:0 0 2 = 0000
ffff8e67f59f0900 3915926614 S Co:2:006:0 s 40 bc 0900 0014 0002 2 = d09e
ffff8e67f59f0900 3915929258 C Co:2:006:0 0 2 >
ffff8e67f59f0900 3915929374 S Ci:2:006:0 s c0 bc 0900 001c 0002 2 <
ffff8e67f59f0900 3915931893 C Ci:2:006:0 0 2 = 2f6f
ffff8e67f59f0900 3915932079 S Co:2:006:0 s 40 bc 0800 00c0 0002 2 = 41a3
ffff8e67f59f0900 3915934606 C Co:2:006:0 0 2 >
ffff8e67f59f0900 3915934780 S Co:2:006:0 s 40 b9 0000 0000 0004 4 = 09009c02
ffff8e67f59f0900 3915937242 C Co:2:006:0 0 4 >
ffff8e67f59f0900 3915937383 S Ii:2:006:3 -115:1 3 <
ffff8e67f59f0900 3915938582 C Ii:2:006:3 0:1 3 = 100000
ffff8e67f59f0900 3915938713 S Ci:2:006:0 s c0 bc 0800 0016 0002 2 <
ffff8e67f59f0900 3915941295 C Ci:2:006:0 0 2 = 0900
ffff8e67f59f0900 3915941416 S Ci:2:006:0 s c0 bc 0900 001c 0002 2 <
ffff8e67f59f0900 3915943838 C Ci:2:006:0 0 2 = 2f6f
ffff8e67f59f0900 3915943947 S Ci:2:006:0 s c0 bc 0800 23be 0002 2 <
ffff8e67f59f0900 3915946615 C Ci:2:006:0 0 2 = 0000
ffff8e67f59f0900 3915946773 S Co:2:006:0 s 40 bc 0900 0014 0002 2 = d09e
ffff8e67f59f0900 3915949451 C Co:2:006:0 0 2 >
ffff8e67f59f0900 3915949595 S Ci:2:006:0 s c0 bc 0900 001c 0002 2 <
ffff8e67f59f0900 3915952161 C Ci:2:006:0 0 2 = 2f6f
ffff8e67f59f0900 3915952305 S Co:2:006:0 s 40 bc 0800 00c0 0002 2 = b8cc
ffff8e67f59f0900 3915954854 C Co:2:006:0 0 2 >
ffff8e67f59f0900 3915955037 S Co:2:006:0 s 40 b9 0000 0000 0004 4 = 09009c02
ffff8e67f59f0900 3915957475 C Co:2:006:0 0 4 >
ffff8e67f59f0900 3915957664 S Ii:2:006:3 -115:1 3 <
ffff8e67f59f0900 3915958834 C Ii:2:006:3 0:1 3 = 100000
ffff8e67f59f0900 3915959040 S Ci:2:006:0 s c0 bc 0800 0016 0002 2 <
ffff8e67f59f0900 3915961671 C Ci:2:006:0 0 2 = 0900
ffff8e67f59f0900 3915961771 S Ci:2:006:0 s c0 bc 0900 001c 0002 2 <
ffff8e67f59f0900 3915964255 C Ci:2:006:0 0 2 = 2f6f
ffff8e67f59f0900 3915964400 S Ci:2:006:0 s c0 bc 0800 23be 0002 2 <
ffff8e67f59f0900 3915966867 C Ci:2:006:0 0 2 = 0000
ffff8e67f59f0900 3915967000 S Co:2:006:0 s 40 bc 0900 0014 0002 2 = d09e
ffff8e67f59f0900 3915969541 C Co:2:006:0 0 2 >
ffff8e67f59f0900 3915969696 S Ci:2:006:0 s c0 bc 0900 001c 0002 2 <
ffff8e67f59f0900 3915972176 C Ci:2:006:0 0 2 = 2f6f
ffff8e67f59f0900 3915972311 S Co:2:006:0 s 40 bc 0800 00c0 0004 4 = 9dcd3f00
ffff8e67f59f0900 3915974890 C Co:2:006:0 0 4 >
ffff8e67f59f0900 3915975047 S Co:2:006:0 s 40 b9 0000 0000 0004 4 = 09006603
ffff8e67f59f0900 3915977473 C Co:2:006:0 0 4 >
ffff8e67f59f0900 3915977645 S Ii:2:006:3 -115:1 3 <
ffff8e67f59f0900 3915978882 C Ii:2:006:3 0:1 3 = 100000
ffff8e67f59f0900 3915979059 S Ci:2:006:0 s c0 bc 0800 0016 0002 2 <
ffff8e67f59f0900 3915981657 C Ci:2:006:0 0 2 = 0900
ffff8e67f59f0900 3915981762 S Ci:2:006:0 s c0 bc 0900 001c 0002 2 <
ffff8e67f59f0900 3915984461 C Ci:2:006:0 0 2 = 2f6f
ffff8e67f59f0900 3915984567 S Ci:2:006:0 s c0 bc 0800 23be 0002 2 <
ffff8e67f59f0900 3915987127 C Ci:2:006:0 0 2 = 0000
ffff8e67f59f0900 3915987246 S Co:2:006:0 s 40 bc 0900 0014 0002 2 = d09e
ffff8e67f59f0900 3915989854 C Co:2:006:0 0 2 >
ffff8e67f59f0900 3915989988 S Ci:2:006:0 s c0 bc 0900 001c 0002 2 <
ffff8e67f59f0900 3915992439 C Ci:2:006:0 0 2 = 2f6f
ffff8e67f59f0900 3915992570 S Co:2:006:0 s 40 b9 0000 0000 0004 4 = 09016601
ffff8e67f59f0900 3915995098 C Co:2:006:0 0 4 >
ffff8e67f59f0900 3915995229 S Ii:2:006:3 -115:1 3 <
ffff8e67f59f0900 3915996283 C Ii:2:006:3 0:1 3 = 100000
ffff8e67f59f0900 3915996413 S Ci:2:006:0 s c0 bc 0800 0016 0002 2 <
ffff8e67f59f0900 3915999003 C Ci:2:006:0 0 2 = 0900
ffff8e67f59f0900 3915999149 S Ci:2:006:0 s c0 bc 0900 001c 0002 2 <
ffff8e67f59f0900 3916001567 C Ci:2:006:0 0 2 = 2f6f
ffff8e67f59f0900 3916001703 S Ci:2:006:0 s c0 bc 0800 23be 0004 4 <
ffff8e67f59f0900 3916004272 C Ci:2:006:0 0 4 = 0000b267
ffff8e67f59f0900 3916004431 S Co:2:006:0 s 40 bc 0800 00c0 0002 2 = 00cd
ffff8e67f59f0900 3916006840 C Co:2:006:0 0 2 >
ffff8e67f59f0900 3916006979 S Co:2:006:0 s 40 b9 0000 0000 0004 4 = 09009c02
ffff8e67f59f0900 3916009432 C Co:2:006:0 0 4 >
ffff8e67f59f0900 3916009567 S Ii:2:006:3 -115:1 3 <
ffff8e67f59f0900 3916010665 C Ii:2:006:3 0:1 3 = 100000
ffff8e67f59f0900 3916010761 S Ci:2:006:0 s c0 bc 0800 0016 0002 2 <
ffff8e67f59f0900 3916013419 C Ci:2:006:0 0 2 = 0900
ffff8e67f59f0900 3916013556 S Ci:2:006:0 s c0 bc 0900 001c 0002 2 <
ffff8e67f59f0900 3916016099 C Ci:2:006:0 0 2 = 2f6f
ffff8e67f59f0900 3916016248 S Ci:2:006:0 s c0 bc 0800 23be 0002 2 <
ffff8e67f59f0900 3916018701 C Ci:2:006:0 0 2 = 0000
ffff8e67f59f0900 3916018847 S Co:2:006:0 s 40 bc 0900 0014 0002 2 = d09e
ffff8e67f59f0900 3916021372 C Co:2:006:0 0 2 >
ffff8e67f59f0900 3916021509 S Ci:2:006:0 s c0 bc 0900 001c 0002 2 <
ffff8e67f59f0900 3916023968 C Ci:2:006:0 0 2 = 2f6f
ffff8e67f59f0900 3916024121 S Co:2:006:0 s 40 bc 0800 00c0 0002 2 = 0fce
ffff8e67f59f0900 3916026569 C Co:2:006:0 0 2 >
ffff8e67f59f0900 3916026688 S Co:2:006:0 s 40 b9 0000 0000 0004 4 = 09009c02
ffff8e67f59f0900 3916029187 C Co:2:006:0 0 4 >
ffff8e67f59f0900 3916029324 S Ii:2:006:3 -115:1 3 <
ffff8e67f59f0900 3916030456 C Ii:2:006:3 0:1 3 = 100000
ffff8e67f59f0900 3916030593 S Ci:2:006:0 s c0 bc 0800 0016 0002 2 <
ffff8e67f59f0900 3916033161 C Ci:2:006:0 0 2 = 0900
ffff8e67f59f0900 3916033311 S Ci:2:006:0 s c0 bc 0900 001c 0002 2 <
ffff8e67f59f0900 3916035692 C Ci:2:006:0 0 2 = 2f6f
ffff8e67f59f0900 3916035784 S Ci:2:006:0 s c0 bc 0800 23be 0002 2 <
ffff8e67f59f0900 3916038366 C Ci:2:006:0 0 2 = 0000
ffff8e67f59f0900 3916038512 S Co:2:006:0 s 40 bc 0900 0014 0002 2 = d09e
ffff8e67f59f0900 3916041122 C Co:2:006:0 0 2 >
ffff8e67f59f0900 3916041262 S Ci:2:006:0 s c0 bc 0900 001c 0002 2 <
ffff8e67f59f0900 3916043730 C Ci:2:006:0 0 2 = 2f6f
ffff8e67f59f0900 3916043866 S Co:2:006:0 s 40 bc 0800 00c0 0002 2 = 16fc
ffff8e67f59f0900 3916046312 C Co:2:006:0 0 2 >
ffff8e67f59f0900 3916046448 S Co:2:006:0 s 40 b9 0000 0000 0004 4 = 09009c02
ffff8e67f59f0900 3916048943 C Co:2:006:0 0 4 >
ffff8e67f59f0900 3916049092 S Ii:2:006:3 -115:1 3 <
ffff8e67f59f0900 3916050120 C Ii:2:006:3 0:1 3 = 100000
ffff8e67f59f0900 3916050265 S Ci:2:006:0 s c0 bc 0800 0016 0002 2 <
ffff8e67f59f0900 3916052842 C Ci:2:006:0 0 2 = 0900
ffff8e67f59f0900 3916052998 S Ci:2:006:0 s c0 bc 0900 001c 0002 2 <
ffff8e67f59f0900 3916055587 C Ci:2:006:0 0 2 = 2f6f
ffff8e67f59f0900 3916055691 S Ci:2:006:0 s c0 bc 0800 23be 0002 2 <
ffff8e67f59f0900 3916058233 C Ci:2:006:0 0 2 = 0000
ffff8e67f59f0900 3916058364 S Co:2:006:0 s 40 bc 0900 0014 0002 2 = d09e
ffff8e67f59f0900 3916060909 C Co:2:006:0 0 2 >
ffff8e67f59f0900 3916061010 S Ci:2:006:0 s c0 bc 0900 001c 0002 2 <
ffff8e67f59f0900 3916063659 C Ci:2:006:0 0 2 = 2f6f
ffff8e67f59f0900 3916063761 S Co:2:006:0 s 40 bc 0800 00c0 0002 2 = 17cc
ffff8e67f59f0900 3916066215 C Co:2:006:0 0 2 >
ffff8e67f59f0900 3916066352 S Co:2:006:0 s 40 b9 0000 0000 0004 4 = 09009c02
ffff8e67f59f0900 3916068868 C Co:2:006:0 0 4 >
ffff8e67f59f0900 3916069079 S Ii:2:006:3 -115:1 3 <
ffff8e67f59f0900 3916070017 C Ii:2:006:3 0:1 3 = 100000
ffff8e67f59f0900 3916070160 S Ci:2:006:0 s c0 bc 0800 0016 0002 2 <
ffff8e67f59f0900 3916072718 C Ci:2:006:0 0 2 = 0900
ffff8e67f59f0900 3916072866 S Ci:2:006:0 s c0 bc 0900 001c 0002 2 <
ffff8e67f59f0900 3916075390 C Ci:2:006:0 0 2 = 2f6f
ffff8e67f59f0900 3916075528 S Ci:2:006:0 s c0 bc 0800 23be 0002 2 <
ffff8e67f59f0900 3916077970 C Ci:2:006:0 0 2 = 0000
ffff8e67f59f0900 3916078115 S Co:2:006:0 s 40 bc 0900 0014 0002 2 = d09e
ffff8e67f59f0900 3916080594 C Co:2:006:0 0 2 >
ffff8e67f59f0900 3916080711 S Ci:2:006:0 s c0 bc 0900 001c 0002 2 <
ffff8e67f59f0900 3916083282 C Ci:2:006:0 0 2 = 2f6f
ffff8e67f59f0900 3916083434 S Co:2:006:0 s 40 bc 0800 00c0 0002 2 = 18cc
ffff8e67f59f0900 3916085856 C Co:2:006:0 0 2 >
ffff8e67f59f0900 3916085993 S Co:2:006:0 s 40 b9 0000 0000 0004 4 = 09009c02
ffff8e67f59f0900 3916088423 C Co:2:006:0 0 4 >
ffff8e67f59f0900 3916088556 S Ii:2:006:3 -115:1 3 <
ffff8e67f59f0900 3916089686 C Ii:2:006:3 0:1 3 = 100000
ffff8e67f59f0900 3916089792 S Ci:2:006:0 s c0 bc 0800 0016 0002 2 <
ffff8e67f59f0900 3916092381 C Ci:2:006:0 0 2 = 0900
ffff8e67f59f0900 3916092517 S Ci:2:006:0 s c0 bc 0900 001c 0002 2 <
ffff8e67f59f0900 3916094952 C Ci:2:006:0 0 2 = 2f6f
ffff8e67f59f0900 3916095094 S Ci:2:006:0 s c0 bc 0800 23be 0002 2 <
ffff8e67f59f0900 3916097585 C Ci:2:006:0 0 2 = 0000
ffff8e67f59f0900 3916097745 S Co:2:006:0 s 40 bc 0900 0014 0002 2 = d09e
ffff8e67f59f0900 3916100209 C Co:2:006:0 0 2 >
ffff8e67f59f0900 3916100345 S Ci:2:006:0 s c0 bc 0900 001c 0002 2 <
ffff8e67f59f0900 3916102855 C Ci:2:006:0 0 2 = 2f6f
ffff8e67f59f0900 3916102993 S Co:2:006:0 s 40 bc 0800 00c0 0002 2 = 19cc
ffff8e67f59f0900 3916105455 C Co:2:006:0 0 2 >
ffff8e67f59f0900 3916105629 S Co:2:006:0 s 40 b9 0000 0000 0004 4 = 09009c02
ffff8e67f59f0900 3916108044 C Co:2:006:0 0 4 >
ffff8e67f59f0900 3916108183 S Ii:2:006:3 -115:1 3 <
ffff8e67f59f0900 3916109248 C Ii:2:006:3 0:1 3 = 100000
ffff8e67f59f0900 3916109387 S Ci:2:006:0 s c0 bc 0800 0016 0002 2 <
ffff8e67f59f0900 3916111972 C Ci:2:006:0 0 2 = 0900
ffff8e67f59f0900 3916112117 S Ci:2:006:0 s c0 bc 0900 001c 0002 2 <
ffff8e67f59f0900 3916114571 C Ci:2:006:0 0 2 = 2f6f
ffff8e67f59f0900 3916114721 S Ci:2:006:0 s c0 bc 0800 23be 0002 2 <
ffff8e67f59f0900 3916117227 C Ci:2:006:0 0 2 = 0000
ffff8e67f59f0900 3916117369 S Co:2:006:0 s 40 bc 0900 0014 0002 2 = d09e
ffff8e67f59f0900 3916119767 C Co:2:006:0 0 2 >
ffff8e67f59f0900 3916119914 S Ci:2:006:0 s c0 bc 0900 001c 0002 2 <
ffff8e67f59f0900 3916122496 C Ci:2:006:0 0 2 = 2f6f
ffff8e67f59f0900 3916122666 S Co:2:006:0 s 40 bc 0800 00c0 0002 2 = 1a9c
ffff8e67f59f0900 3916125110 C Co:2:006:0 0 2 >
ffff8e67f59f0900 3916125254 S Co:2:006:0 s 40 b9 0000 0000 0004 4 = 09009c02
ffff8e67f59f0900 3916127704 C Co:2:006:0 0 4 >
ffff8e67f59f0900 3916127833 S Ii:2:006:3 -115:1 3 <
ffff8e67f59f0900 3916128964 C Ii:2:006:3 0:1 3 = 100000
ffff8e67f59f0900 3916129113 S Ci:2:006:0 s c0 bc 0800 0016 0002 2 <
ffff8e67f59f0900 3916131560 C Ci:2:006:0 0 2 = 0900
ffff8e67f59f0900 3916131700 S Ci:2:006:0 s c0 bc 0900 001c 0002 2 <
ffff8e67f59f0900 3916134280 C Ci:2:006:0 0 2 = 2f6f
ffff8e67f59f0900 3916134425 S Ci:2:006:0 s c0 bc 0800 23be 0002 2 <
ffff8e67f59f0900 3916136949 C Ci:2:006:0 0 2 = 0000
ffff8e67f59f0900 3916137094 S Co:2:006:0 s 40 bc 0900 0014 0002 2 = d09e
ffff8e67f59f0900 3916139565 C Co:2:006:0 0 2 >
ffff8e67f59f0900 3916139708 S Ci:2:006:0 s c0 bc 0900 001c 0002 2 <
ffff8e67f59f0900 3916142250 C Ci:2:006:0 0 2 = 2f6f
ffff8e67f59f0900 3916142385 S Co:2:006:0 s 40 bc 0800 00c0 0004 4 = 9dcd1500
ffff8e67f59f0900 3916144842 C Co:2:006:0 0 4 >
ffff8e67f59f0900 3916144975 S Co:2:006:0 s 40 b9 0000 0000 0004 4 = 09006603
ffff8e67f59f0900 3916147457 C Co:2:006:0 0 4 >
ffff8e67f59f0900 3916147588 S Ii:2:006:3 -115:1 3 <
ffff8e67f59f0900 3916148651 C Ii:2:006:3 0:1 3 = 100000
ffff8e67f59f0900 3916148741 S Ci:2:006:0 s c0 bc 0800 0016 0002 2 <
ffff8e67f59f0900 3916151358 C Ci:2:006:0 0 2 = 0900
ffff8e67f59f0900 3916151503 S Ci:2:006:0 s c0 bc 0900 001c 0002 2 <
ffff8e67f59f0900 3916153966 C Ci:2:006:0 0 2 = 2f6f
ffff8e67f59f0900 3916154103 S Ci:2:006:0 s c0 bc 0800 23be 0002 2 <
ffff8e67f59f0900 3916156585 C Ci:2:006:0 0 2 = 0000
ffff8e67f59f0900 3916156761 S Co:2:006:0 s 40 bc 0900 0014 0002 2 = d09e
ffff8e67f59f0900 3916159233 C Co:2:006:0 0 2 >
ffff8e67f59f0900 3916159365 S Ci:2:006:0 s c0 bc 0900 001c 0002 2 <
ffff8e67f59f0900 3916161849 C Ci:2:006:0 0 2 = 2f6f
ffff8e67f59f0900 3916161981 S Co:2:006:0 s 40 b9 0000 0000 0004 4 = 09016601
ffff8e67f59f0900 3916164414 C Co:2:006:0 0 4 >
ffff8e67f59f0900 3916164542 S Ii:2:006:3 -115:1 3 <
ffff8e67f59f0900 3916165669 C Ii:2:006:3 0:1 3 = 100000
ffff8e67f59f0900 3916165738 S Ci:2:006:0 s c0 bc 0800 0016 0002 2 <
ffff8e67f59f0900 3916168372 C Ci:2:006:0 0 2 = 0900
ffff8e67f59f0900 3916168510 S Ci:2:006:0 s c0 bc 0900 001c 0002 2 <
ffff8e67f59f0900 3916170967 C Ci:2:006:0 0 2 = 2f6f
ffff8e67f59f0900 3916171119 S Ci:2:006:0 s c0 bc 0800 23be 0004 4 <
ffff8e67f59f0900 3916173596 C Ci:2:006:0 0 4 = 0000b267
ffff8e67f59f0900 3916173760 S Co:2:006:0 s 40 bc 0800 00c0 0002 2 = 2acb
ffff8e67f59f0900 3916176234 C Co:2:006:0 0 2 >
ffff8e67f59f0900 3916176372 S Co:2:006:0 s 40 b9 0000 0000 0004 4 = 09009c02
ffff8e67f59f0900 3916178795 C Co:2:006:0 0 4 >
ffff8e67f59f0900 3916178930 S Ii:2:006:3 -115:1 3 <
ffff8e67f59f0900 3916180021 C Ii:2:006:3 0:1 3 = 100000
ffff8e67f59f0900 3916180157 S Ci:2:006:0 s c0 bc 0800 0016 0002 2 <
ffff8e67f59f0900 3916182717 C Ci:2:006:0 0 2 = 0900
ffff8e67f59f0900 3916182854 S Ci:2:006:0 s c0 bc 0900 001c 0002 2 <
ffff8e67f59f0900 3916185335 C Ci:2:006:0 0 2 = 2f6f
ffff8e67f59f0900 3916185470 S Ci:2:006:0 s c0 bc 0800 23be 0002 2 <
ffff8e67f59f0900 3916187964 C Ci:2:006:0 0 2 = 0000
ffff8e67f59f0900 3916188111 S Co:2:006:0 s 40 bc 0900 0014 0002 2 = d09e
ffff8e67f59f0900 3916190542 C Co:2:006:0 0 2 >
ffff8e67f59f0900 3916190664 S Ci:2:006:0 s c0 bc 0900 001c 0002 2 <
ffff8e67f59f0900 3916193296 C Ci:2:006:0 0 2 = 2f6f
ffff8e67f59f0900 3916193445 S Co:2:006:0 s 40 bc 0800 00c0 0004 4 = 9dcd3f00
ffff8e67f59f0900 3916195829 C Co:2:006:0 0 4 >
ffff8e67f59f0900 3916195967 S Co:2:006:0 s 40 b9 0000 0000 0004 4 = 09006603
ffff8e67f59f0900 3916198451 C Co:2:006:0 0 4 >
ffff8e67f59f0900 3916198586 S Ii:2:006:3 -115:1 3 <
ffff8e67f59f0900 3916199646 C Ii:2:006:3 0:1 3 = 100000
ffff8e67f59f0900 3916199752 S Ci:2:006:0 s c0 bc 0800 0016 0002 2 <
ffff8e67f59f0900 3916202371 C Ci:2:006:0 0 2 = 0900
ffff8e67f59f0900 3916202507 S Ci:2:006:0 s c0 bc 0900 001c 0002 2 <
ffff8e67f59f0900 3916204972 C Ci:2:006:0 0 2 = 2f6f
ffff8e67f59f0900 3916205118 S Ci:2:006:0 s c0 bc 0800 23be 0002 2 <
ffff8e67f59f0900 3916207548 C Ci:2:006:0 0 2 = 0000
ffff8e67f59f0900 3916207695 S Co:2:006:0 s 40 bc 0900 0014 0002 2 = d09e
ffff8e67f59f0900 3916210229 C Co:2:006:0 0 2 >
ffff8e67f59f0900 3916210368 S Ci:2:006:0 s c0 bc 0900 001c 0002 2 <
ffff8e67f59f0900 3916212845 C Ci:2:006:0 0 2 = 2f6f
ffff8e67f59f0900 3916212981 S Co:2:006:0 s 40 b9 0000 0000 0004 4 = 09016601
ffff8e67f59f0900 3916215410 C Co:2:006:0 0 4 >
ffff8e67f59f0900 3916215542 S Ii:2:006:3 -115:1 3 <
ffff8e67f59f0900 3916216688 C Ii:2:006:3 0:1 3 = 100000
ffff8e67f59f0900 3916216849 S Ci:2:006:0 s c0 bc 0800 0016 0002 2 <
ffff8e67f59f0900 3916219339 C Ci:2:006:0 0 2 = 0900
ffff8e67f59f0900 3916219483 S Ci:2:006:0 s c0 bc 0900 001c 0002 2 <
ffff8e67f59f0900 3916221981 C Ci:2:006:0 0 2 = 2f6f
ffff8e67f59f0900 3916222131 S Ci:2:006:0 s c0 bc 0800 23be 0004 4 <
ffff8e67f59f0900 3916224707 C Ci:2:006:0 0 4 = 0000b367
ffff8e67f59f0900 3916224845 S Co:2:006:0 s 40 bc 0800 00c0 0002 2 = 00ce
ffff8e67f59f0900 3916227384 C Co:2:006:0 0 2 >
ffff8e67f59f0900 3916227533 S Co:2:006:0 s 40 b9 0000 0000 0004 4 = 09009c02
ffff8e67f59f0900 3916229978 C Co:2:006:0 0 4 >
ffff8e67f59f0900 3916230129 S Ii:2:006:3 -115:1 3 <
ffff8e67f59f0900 3916231113 C Ii:2:006:3 0:1 3 = 100000
ffff8e67f59f0900 3916231186 S Ci:2:006:0 s c0 bc 0800 0016 0002 2 <
ffff8e67f59f0900 3916233830 C Ci:2:006:0 0 2 = 0900
ffff8e67f59f0900 3916233979 S Ci:2:006:0 s c0 bc 0900 001c 0002 2 <
ffff8e67f59f0900 3916236414 C Ci:2:006:0 0 2 = 2f6f
ffff8e67f59f0900 3916236552 S Ci:2:006:0 s c0 bc 0800 23be 0002 2 <
ffff8e67f59f0900 3916239081 C Ci:2:006:0 0 2 = 0000
ffff8e67f59f0900 3916239218 S Co:2:006:0 s 40 bc 0900 0014 0002 2 = d09e
ffff8e67f59f0900 3916241798 C Co:2:006:0 0 2 >
ffff8e67f59f0900 3916241935 S Ci:2:006:0 s c0 bc 0900 001c 0002 2 <
ffff8e67f59f0900 3916244458 C Ci:2:006:0 0 2 = 2f6f
ffff8e67f59f0900 3916244609 S Co:2:006:0 s 40 bc 0800 00c0 0002 2 = 08cf
ffff8e67f59f0900 3916247076 C Co:2:006:0 0 2 >
ffff8e67f59f0900 3916247216 S Co:2:006:0 s 40 b9 0000 0000 0004 4 = 09009c02
ffff8e67f59f0900 3916249698 C Co:2:006:0 0 4 >
ffff8e67f59f0900 3916249852 S Ii:2:006:3 -115:1 3 <
ffff8e67f59f0900 3916250920 C Ii:2:006:3 0:1 3 = 100000
ffff8e67f59f0900 3916251060 S Ci:2:006:0 s c0 bc 0800 0016 0002 2 <
ffff8e67f59f0900 3916253584 C Ci:2:006:0 0 2 = 0900
ffff8e67f59f0900 3916253755 S Ci:2:006:0 s c0 bc 0900 001c 0002 2 <
ffff8e67f59f0900 3916256248 C Ci:2:006:0 0 2 = 2f6f
ffff8e67f59f0900 3916256386 S Ci:2:006:0 s c0 bc 0800 23be 0002 2 <
ffff8e67f59f0900 3916258805 C Ci:2:006:0 0 2 = 0000
ffff8e67f59f0900 3916258941 S Co:2:006:0 s 40 bc 0900 0014 0002 2 = d09e
ffff8e67f59f0900 3916261475 C Co:2:006:0 0 2 >
ffff8e67f59f0900 3916261656 S Ci:2:006:0 s c0 bc 0900 001c 0002 2 <
ffff8e67f59f0900 3916264119 C Ci:2:006:0 0 2 = 2f6f
ffff8e67f59f0900 3916264275 S Co:2:006:0 s 40 bc 0800 00c0 0004 4 = 9dcd3f00
ffff8e67f59f0900 3916266722 C Co:2:006:0 0 4 >
ffff8e67f59f0900 3916266872 S Co:2:006:0 s 40 b9 0000 0000 0004 4 = 09006603
ffff8e67f59f0900 3916269324 C Co:2:006:0 0 4 >
ffff8e67f59f0900 3916269462 S Ii:2:006:3 -115:1 3 <
ffff8e67f59f0900 3916270532 C Ii:2:006:3 0:1 3 = 100000
ffff8e67f59f0900 3916270690 S Ci:2:006:0 s c0 bc 0800 0016 0002 2 <
ffff8e67f59f0900 3916273238 C Ci:2:006:0 0 2 = 0900
ffff8e67f59f0900 3916273380 S Ci:2:006:0 s c0 bc 0900 001c 0002 2 <
ffff8e67f59f0900 3916275847 C Ci:2:006:0 0 2 = 2f6f
ffff8e67f59f0900 3916275984 S Ci:2:006:0 s c0 bc 0800 23be 0002 2 <
ffff8e67f59f0900 3916278392 C Ci:2:006:0 0 2 = 0000
ffff8e67f59f0900 3916278529 S Co:2:006:0 s 40 bc 0900 0014 0002 2 = d09e
ffff8e67f59f0900 3916281103 C Co:2:006:0 0 2 >
ffff8e67f59f0900 3916281239 S Ci:2:006:0 s c0 bc 0900 001c 0002 2 <
ffff8e67f59f0900 3916283711 C Ci:2:006:0 0 2 = 2f6f
ffff8e67f59f0900 3916283849 S Co:2:006:0 s 40 b9 0000 0000 0004 4 = 09016601
ffff8e67f59f0900 3916286356 C Co:2:006:0 0 4 >
ffff8e67f59f0900 3916286488 S Ii:2:006:3 -115:1 3 <
ffff8e67f59f0900 3916287511 C Ii:2:006:3 0:1 3 = 100000
ffff8e67f59f0900 3916287651 S Ci:2:006:0 s c0 bc 0800 0016 0002 2 <
ffff8e67f59f0900 3916290224 C Ci:2:006:0 0 2 = 0900
ffff8e67f59f0900 3916290374 S Ci:2:006:0 s c0 bc 0900 001c 0002 2 <
ffff8e67f59f0900 3916292808 C Ci:2:006:0 0 2 = 2f6f
ffff8e67f59f0900 3916292944 S Ci:2:006:0 s c0 bc 0800 23be 0004 4 <
ffff8e67f59f0900 3916295429 C Ci:2:006:0 0 4 = 0000b067
ffff8e67f59f0900 3916295564 S Co:2:006:0 s 40 bc 0800 00c0 0002 2 = 00cd
ffff8e67f59f0900 3916298105 C Co:2:006:0 0 2 >
ffff8e67f59f0900 3916298242 S Co:2:006:0 s 40 b9 0000 0000 0004 4 = 09009c02
ffff8e67f59f0900 3916300692 C Co:2:006:0 0 4 >
ffff8e67f59f0900 3916300828 S Ii:2:006:3 -115:1 3 <
ffff8e67f59f0900 3916301877 C Ii:2:006:3 0:1 3 = 100000
ffff8e67f59f0900 3916302014 S Ci:2:006:0 s c0 bc 0800 0016 0002 2 <
ffff8e67f59f0900 3916304557 C Ci:2:006:0 0 2 = 0900
ffff8e67f59f0900 3916304705 S Ci:2:006:0 s c0 bc 0900 001c 0002 2 <
ffff8e67f59f0900 3916307241 C Ci:2:006:0 0 2 = 2f6f
ffff8e67f59f0900 3916307407 S Ci:2:006:0 s c0 bc 0800 23be 0002 2 <
ffff8e67f59f0900 3916309834 C Ci:2:006:0 0 2 = 0000
ffff8e67f59f0900 3916310017 S Co:2:006:0 s 40 bc 0900 0014 0002 2 = d09e
ffff8e67f59f0900 3916312377 C Co:2:006:0 0 2 >
ffff8e67f59f0900 3916312462 S Ci:2:006:0 s c0 bc 0900 001c 0002 2 <
ffff8e67f59f0900 3916315142 C Ci:2:006:0 0 2 = 2f6f
ffff8e67f59f0900 3916315231 S Co:2:006:0 s 40 bc 0800 00c0 0002 2 = 248c
ffff8e67f59f0900 3916317801 C Co:2:006:0 0 2 >
ffff8e67f59f0900 3916317935 S Co:2:006:0 s 40 b9 0000 0000 0004 4 = 09009c02
ffff8e67f59f0900 3916320457 C Co:2:006:0 0 4 >
ffff8e67f59f0900 3916320628 S Ii:2:006:3 -115:1 3 <
ffff8e67f59f0900 3916321676 C Ii:2:006:3 0:1 3 = 100000
ffff8e67f59f0900 3916321789 S Ci:2:006:0 s c0 bc 0800 0016 0002 2 <
ffff8e67f59f0900 3916324364 C Ci:2:006:0 0 2 = 0900
ffff8e67f59f0900 3916324496 S Ci:2:006:0 s c0 bc 0900 001c 0002 2 <
ffff8e67f59f0900 3916326982 C Ci:2:006:0 0 2 = 2f6f
ffff8e67f59f0900 3916327097 S Ci:2:006:0 s c0 bc 0800 23be 0002 2 <
ffff8e67f59f0900 3916329541 C Ci:2:006:0 0 2 = 0000
ffff8e67f59f0900 3916329685 S Co:2:006:0 s 40 bc 0900 0014 0002 2 = d09e
ffff8e67f59f0900 3916332246 C Co:2:006:0 0 2 >
ffff8e67f59f0900 3916332390 S Ci:2:006:0 s c0 bc 0900 001c 0002 2 <
ffff8e67f59f0900 3916334834 C Ci:2:006:0 0 2 = 2f6f
ffff8e67f59f0900 3916334967 S Co:2:006:0 s 40 bc 0800 00c0 0002 2 = 25cc
ffff8e67f59f0900 3916337448 C Co:2:006:0 0 2 >
ffff8e67f59f0900 3916337599 S Co:2:006:0 s 40 b9 0000 0000 0004 4 = 09009c02
ffff8e67f59f0900 3916340105 C Co:2:006:0 0 4 >
ffff8e67f59f0900 3916340235 S Ii:2:006:3 -115:1 3 <
ffff8e67f59f0900 3916341390 C Ii:2:006:3 0:1 3 = 100000
ffff8e67f59f0900 3916341522 S Ci:2:006:0 s c0 bc 0800 0016 0002 2 <
ffff8e67f59f0900 3916344129 C Ci:2:006:0 0 2 = 0900
ffff8e67f59f0900 3916344273 S Ci:2:006:0 s c0 bc 0900 001c 0002 2 <
ffff8e67f59f0900 3916346695 C Ci:2:006:0 0 2 = 2f6f
ffff8e67f59f0900 3916346838 S Ci:2:006:0 s c0 bc 0800 23be 0002 2 <
ffff8e67f59f0900 3916349341 C Ci:2:006:0 0 2 = 0000
ffff8e67f59f0900 3916349504 S Co:2:006:0 s 40 bc 0900 0014 0002 2 = d09e
ffff8e67f59f0900 3916352123 C Co:2:006:0 0 2 >
ffff8e67f59f0900 3916352256 S Ci:2:006:0 s c0 bc 0900 001c 0002 2 <
ffff8e67f59f0900 3916354745 C Ci:2:006:0 0 2 = 2f6f
ffff8e67f59f0900 3916354878 S Co:2:006:0 s 40 bc 0800 00c0 0002 2 = 304c
ffff8e67f59f0900 3916357477 C Co:2:006:0 0 2 >
ffff8e67f59f0900 3916357603 S Co:2:006:0 s 40 b9 0000 0000 0004 4 = 09009c02
ffff8e67f59f0900 3916360294 C Co:2:006:0 0 4 >
ffff8e67f59f0900 3916360433 S Ii:2:006:3 -115:1 3 <
ffff8e67f59f0900 3916361522 C Ii:2:006:3 0:1 3 = 100000
ffff8e67f59f0900 3916361671 S Ci:2:006:0 s c0 bc 0800 0016 0002 2 <
ffff8e67f59f0900 3916364293 C Ci:2:006:0 0 2 = 0900
ffff8e67f59f0900 3916364427 S Ci:2:006:0 s c0 bc 0900 001c 0002 2 <
ffff8e67f59f0900 3916366954 C Ci:2:006:0 0 2 = 2f6f
ffff8e67f59f0900 3916367115 S Ci:2:006:0 s c0 bc 0800 23be 0002 2 <
ffff8e67f59f0900 3916369565 C Ci:2:006:0 0 2 = 0000
ffff8e67f59f0900 3916369689 S Co:2:006:0 s 40 bc 0900 0014 0002 2 = d09e
ffff8e67f59f0900 3916372490 C Co:2:006:0 0 2 >
ffff8e67f59f0900 3916372686 S Ci:2:006:0 s c0 bc 0900 001c 0002 2 <
ffff8e67f59f0900 3916375146 C Ci:2:006:0 0 2 = 2f6f
ffff8e67f59f0900 3916375257 S Co:2:006:0 s 40 bc 0800 00c0 0002 2 = 31cc
ffff8e67f59f0900 3916377872 C Co:2:006:0 0 2 >
ffff8e67f59f0900 3916378007 S Co:2:006:0 s 40 b9 0000 0000 0004 4 = 09009c02
ffff8e67f59f0900 3916380489 C Co:2:006:0 0 4 >
ffff8e67f59f0900 3916380649 S Ii:2:006:3 -115:1 3 <
ffff8e67f59f0900 3916381764 C Ii:2:006:3 0:1 3 = 100000
ffff8e67f59f0900 3916381897 S Ci:2:006:0 s c0 bc 0800 0016 0002 2 <
ffff8e67f59f0900 3916384510 C Ci:2:006:0 0 2 = 0900
ffff8e67f59f0900 3916384663 S Ci:2:006:0 s c0 bc 0900 001c 0002 2 <
ffff8e67f59f0900 3916387279 C Ci:2:006:0 0 2 = 2f6f
ffff8e67f59f0900 3916387423 S Ci:2:006:0 s c0 bc 0800 23be 0002 2 <
ffff8e67f59f0900 3916390010 C Ci:2:006:0 0 2 = 0000
ffff8e67f59f0900 3916390145 S Co:2:006:0 s 40 bc 0900 0014 0002 2 = d09e
ffff8e67f59f0900 3916392718 C Co:2:006:0 0 2 >
ffff8e67f59f0900 3916392848 S Ci:2:006:0 s c0 bc 0900 001c 0002 2 <
ffff8e67f59f0900 3916395365 C Ci:2:006:0 0 2 = 2f6f
ffff8e67f59f0900 3916395496 S Co:2:006:0 s 40 bc 0800 00c0 0002 2 = 32cc
ffff8e67f59f0900 3916398114 C Co:2:006:0 0 2 >
ffff8e67f59f0900 3916398248 S Co:2:006:0 s 40 b9 0000 0000 0004 4 = 09009c02
ffff8e67f59f0900 3916400767 C Co:2:006:0 0 4 >
ffff8e67f59f0900 3916400898 S Ii:2:006:3 -115:1 3 <
ffff8e67f59f0900 3916401881 C Ii:2:006:3 0:1 3 = 100000
ffff8e67f59f0900 3916402012 S Ci:2:006:0 s c0 bc 0800 0016 0002 2 <
ffff8e67f59f0900 3916404652 C Ci:2:006:0 0 2 = 0900
ffff8e67f59f0900 3916404744 S Ci:2:006:0 s c0 bc 0900 001c 0002 2 <
ffff8e67f59f0900 3916407353 C Ci:2:006:0 0 2 = 2f6f
ffff8e67f59f0900 3916407487 S Ci:2:006:0 s c0 bc 0800 23be 0002 2 <
ffff8e67f59f0900 3916410149 C Ci:2:006:0 0 2 = 0000
ffff8e67f59f0900 3916410281 S Co:2:006:0 s 40 bc 0900 0014 0002 2 = d09e
ffff8e67f59f0900 3916412883 C Co:2:006:0 0 2 >
ffff8e67f59f0900 3916413017 S Ci:2:006:0 s c0 bc 0900 001c 0002 2 <
ffff8e67f59f0900 3916415645 C Ci:2:006:0 0 2 = 2f6f
ffff8e67f59f0900 3916415737 S Co:2:006:0 s 40 bc 0800 00c0 0002 2 = 25cc
ffff8e67f59f0900 3916418310 C Co:2:006:0 0 2 >
ffff8e67f59f0900 3916418443 S Co:2:006:0 s 40 b9 0000 0000 0004 4 = 09009c02
ffff8e67f59f0900 3916421014 C Co:2:006:0 0 4 >
ffff8e67f59f0900 3916421159 S Ii:2:006:3 -115:1 3 <
ffff8e67f59f0900 3916422294 C Ii:2:006:3 0:1 3 = 100000
ffff8e67f59f0900 3916422425 S Ci:2:006:0 s c0 bc 0800 0016 0002 2 <
ffff8e67f59f0900 3916425072 C Ci:2:006:0 0 2 = 0900
ffff8e67f59f0900 3916425202 S Ci:2:006:0 s c0 bc 0900 001c 0002 2 <
ffff8e67f59f0900 3916427787 C Ci:2:006:0 0 2 = 2f6f
ffff8e67f59f0900 3916428065 S Ci:2:006:0 s c0 bc 0800 23be 0002 2 <
ffff8e67f59f0900 3916430436 C Ci:2:006:0 0 2 = 0000
ffff8e67f59f0900 3916430568 S Co:2:006:0 s 40 bc 0900 0014 0002 2 = d09e
ffff8e67f59f0900 3916433131 C Co:2:006:0 0 2 >
ffff8e67f59f0900 3916433264 S Ci:2:006:0 s c0 bc 0900 001c 0002 2 <
ffff8e67f59f0900 3916435806 C Ci:2:006:0 0 2 = 2f6f
ffff8e67f59f0900 3916435937 S Co:2:006:0 s 40 bc 0800 00c0 0002 2 = 26cc
ffff8e67f59f0900 3916438494 C Co:2:006:0 0 2 >
ffff8e67f59f0900 3916438649 S Co:2:006:0 s 40 b9 0000 0000 0004 4 = 09009c02
ffff8e67f59f0900 3916441083 C Co:2:006:0 0 4 >
ffff8e67f59f0900 3916441212 S Ii:2:006:3 -115:1 3 <
ffff8e67f59f0900 3916442437 C Ii:2:006:3 0:1 3 = 100000
ffff8e67f59f0900 3916442587 S Ci:2:006:0 s c0 bc 0800 0016 0002 2 <
ffff8e67f59f0900 3916445254 C Ci:2:006:0 0 2 = 0900
ffff8e67f59f0900 3916445388 S Ci:2:006:0 s c0 bc 0900 001c 0002 2 <
ffff8e67f59f0900 3916448008 C Ci:2:006:0 0 2 = 2f6f
ffff8e67f59f0900 3916448153 S Ci:2:006:0 s c0 bc 0800 23be 0002 2 <
ffff8e67f59f0900 3916450555 C Ci:2:006:0 0 2 = 0000
ffff8e67f59f0900 3916450707 S Co:2:006:0 s 40 bc 0900 0014 0002 2 = d09e
ffff8e67f59f0900 3916453235 C Co:2:006:0 0 2 >
ffff8e67f59f0900 3916453378 S Ci:2:006:0 s c0 bc 0900 001c 0002 2 <
ffff8e67f59f0900 3916455982 C Ci:2:006:0 0 2 = 2f6f
ffff8e67f59f0900 3916456118 S Co:2:006:0 s 40 bc 0800 00c0 0002 2 = 27cc
ffff8e67f59f0900 3916458602 C Co:2:006:0 0 2 >
ffff8e67f59f0900 3916458724 S Co:2:006:0 s 40 b9 0000 0000 0004 4 = 09009c02
ffff8e67f59f0900 3916461393 C Co:2:006:0 0 4 >
ffff8e67f59f0900 3916461523 S Ii:2:006:3 -115:1 3 <
ffff8e67f59f0900 3916462658 C Ii:2:006:3 0:1 3 = 100000
ffff8e67f59f0900 3916462772 S Ci:2:006:0 s c0 bc 0800 0016 0002 2 <
ffff8e67f59f0900 3916465387 C Ci:2:006:0 0 2 = 0900
ffff8e67f59f0900 3916465511 S Ci:2:006:0 s c0 bc 0900 001c 0002 2 <
ffff8e67f59f0900 3916468244 C Ci:2:006:0 0 2 = 2f6f
ffff8e67f59f0900 3916468387 S Ci:2:006:0 s c0 bc 0800 23be 0002 2 <
ffff8e67f59f0900 3916470977 C Ci:2:006:0 0 2 = 0000
ffff8e67f59f0900 3916471110 S Co:2:006:0 s 40 bc 0900 0014 0002 2 = d09e
ffff8e67f59f0900 3916473636 C Co:2:006:0 0 2 >
ffff8e67f59f0900 3916473731 S Ci:2:006:0 s c0 bc 0900 001c 0002 2 <
ffff8e67f59f0900 3916476257 C Ci:2:006:0 0 2 = 2f6f
ffff8e67f59f0900 3916476392 S Co:2:006:0 s 40 bc 0800 00c0 0002 2 = 27cc
ffff8e67f59f0900 3916478991 C Co:2:006:0 0 2 >
ffff8e67f59f0900 3916479126 S Co:2:006:0 s 40 b9 0000 0000 0004 4 = 09009c02
ffff8e67f59f0900 3916481557 C Co:2:006:0 0 4 >
ffff8e67f59f0900 3916481727 S Ii:2:006:3 -115:1 3 <
ffff8e67f59f0900 3916482921 C Ii:2:006:3 0:1 3 = 100000
ffff8e67f59f0900 3916483057 S Ci:2:006:0 s c0 bc 0800 0016 0002 2 <
ffff8e67f59f0900 3916485741 C Ci:2:006:0 0 2 = 0900
ffff8e67f59f0900 3916485872 S Ci:2:006:0 s c0 bc 0900 001c 0002 2 <
ffff8e67f59f0900 3916488321 C Ci:2:006:0 0 2 = 2f6f
ffff8e67f59f0900 3916488451 S Ci:2:006:0 s c0 bc 0800 23be 0002 2 <
ffff8e67f59f0900 3916490980 C Ci:2:006:0 0 2 = 0000
ffff8e67f59f0900 3916491115 S Co:2:006:0 s 40 bc 0900 0014 0002 2 = d09e
ffff8e67f59f0900 3916493741 C Co:2:006:0 0 2 >
ffff8e67f59f0900 3916493873 S Ci:2:006:0 s c0 bc 0900 001c 0002 2 <
ffff8e67f59f0900 3916496394 C Ci:2:006:0 0 2 = 2f6f
ffff8e67f59f0900 3916496513 S Co:2:006:0 s 40 bc 0800 00c0 0002 2 = 27cc
ffff8e67f59f0900 3916499215 C Co:2:006:0 0 2 >
ffff8e67f59f0900 3916499331 S Co:2:006:0 s 40 b9 0000 0000 0004 4 = 09009c02
ffff8e67f59f0900 3916501857 C Co:2:006:0 0 4 >
ffff8e67f59f0900 3916501991 S Ii:2:006:3 -115:1 3 <
ffff8e67f59f0900 3916503147 C Ii:2:006:3 0:1 3 = 100000
ffff8e67f59f0900 3916503182 S Ci:2:006:0 s c0 bc 0800 0016 0002 2 <
ffff8e67f59f0900 3916505808 C Ci:2:006:0 0 2 = 0900
ffff8e67f59f0900 3916505939 S Ci:2:006:0 s c0 bc 0900 001c 0002 2 <
ffff8e67f59f0900 3916508472 C Ci:2:006:0 0 2 = 2f6f
ffff8e67f59f0900 3916508630 S Ci:2:006:0 s c0 bc 0800 23be 0002 2 <
ffff8e67f59f0900 3916511265 C Ci:2:006:0 0 2 = 0000
ffff8e67f59f0900 3916511409 S Co:2:006:0 s 40 bc 0900 0014 0002 2 = d09e
ffff8e67f59f0900 3916513994 C Co:2:006:0 0 2 >
ffff8e67f59f0900 3916514128 S Ci:2:006:0 s c0 bc 0900 001c 0002 2 <
ffff8e67f59f0900 3916516581 C Ci:2:006:0 0 2 = 2f6f
ffff8e67f59f0900 3916516728 S Co:2:006:0 s 40 bc 0800 00c0 0002 2 = 27cc
ffff8e67f59f0900 3916519275 C Co:2:006:0 0 2 >
ffff8e67f59f0900 3916519411 S Co:2:006:0 s 40 b9 0000 0000 0004 4 = 09009c02
ffff8e67f59f0900 3916521926 C Co:2:006:0 0 4 >
ffff8e67f59f0900 3916522071 S Ii:2:006:3 -115:1 3 <
ffff8e67f59f0900 3916523141 C Ii:2:006:3 0:1 3 = 100000
ffff8e67f59f0900 3916523202 S Ci:2:006:0 s c0 bc 0800 0016 0002 2 <
ffff8e67f59f0900 3916525973 C Ci:2:006:0 0 2 = 0900
ffff8e67f59f0900 3916526090 S Ci:2:006:0 s c0 bc 0900 001c 0002 2 <
ffff8e67f59f0900 3916528489 C Ci:2:006:0 0 2 = 2f6f
ffff8e67f59f0900 3916528580 S Ci:2:006:0 s c0 bc 0800 23be 0002 2 <
ffff8e67f59f0900 3916531117 C Ci:2:006:0 0 2 = 0000
ffff8e67f59f0900 3916531202 S Co:2:006:0 s 40 bc 0900 0014 0002 2 = d09e
ffff8e67f59f0900 3916533848 C Co:2:006:0 0 2 >
ffff8e67f59f0900 3916533991 S Ci:2:006:0 s c0 bc 0900 001c 0002 2 <
ffff8e67f59f0900 3916536496 C Ci:2:006:0 0 2 = 2f6f
ffff8e67f59f0900 3916536645 S Co:2:006:0 s 40 bc 0800 00c0 0002 2 = 27cc
ffff8e67f59f0900 3916539304 C Co:2:006:0 0 2 >
ffff8e67f59f0900 3916539452 S Co:2:006:0 s 40 b9 0000 0000 0004 4 = 09009c02
ffff8e67f59f0900 3916542022 C Co:2:006:0 0 4 >
ffff8e67f59f0900 3916542137 S Ii:2:006:3 -115:1 3 <
ffff8e67f59f0900 3916543311 C Ii:2:006:3 0:1 3 = 100000
ffff8e67f59f0900 3916543455 S Ci:2:006:0 s c0 bc 0800 0016 0002 2 <
ffff8e67f59f0900 3916545920 C Ci:2:006:0 0 2 = 0900
ffff8e67f59f0900 3916546064 S Ci:2:006:0 s c0 bc 0900 001c 0002 2 <
ffff8e67f59f0900 3916548540 C Ci:2:006:0 0 2 = 2f6f
ffff8e67f59f0900 3916548703 S Ci:2:006:0 s c0 bc 0800 23be 0002 2 <
ffff8e67f59f0900 3916551214 C Ci:2:006:0 0 2 = 0000
ffff8e67f59f0900 3916551333 S Co:2:006:0 s 40 bc 0900 0014 0002 2 = d09e
ffff8e67f59f0900 3916553984 C Co:2:006:0 0 2 >
ffff8e67f59f0900 3916554129 S Ci:2:006:0 s c0 bc 0900 001c 0002 2 <
ffff8e67f59f0900 3916556713 C Ci:2:006:0 0 2 = 2f6f
ffff8e67f59f0900 3916556861 S Co:2:006:0 s 40 bc 0800 00c0 0004 4 = 9dcd3f00
ffff8e67f59f0900 3916559315 C Co:2:006:0 0 4 >
ffff8e67f59f0900 3916559465 S Co:2:006:0 s 40 b9 0000 0000 0004 4 = 09006603
ffff8e67f59f0900 3916561970 C Co:2:006:0 0 4 >
ffff8e67f59f0900 3916562109 S Ii:2:006:3 -115:1 3 <
ffff8e67f59f0900 3916563173 C Ii:2:006:3 0:1 3 = 100000
ffff8e67f59f0900 3916563224 S Ci:2:006:0 s c0 bc 0800 0016 0002 2 <
ffff8e67f59f0900 3916565905 C Ci:2:006:0 0 2 = 0900
ffff8e67f59f0900 3916566054 S Ci:2:006:0 s c0 bc 0900 001c 0002 2 <
ffff8e67f59f0900 3916568594 C Ci:2:006:0 0 2 = 2f6f
ffff8e67f59f0900 3916568708 S Ci:2:006:0 s c0 bc 0800 23be 0002 2 <
ffff8e67f59f0900 3916571215 C Ci:2:006:0 0 2 = 0000
ffff8e67f59f0900 3916571353 S Co:2:006:0 s 40 bc 0900 0014 0002 2 = d09e
ffff8e67f59f0900 3916573851 C Co:2:006:0 0 2 >
ffff8e67f59f0900 3916573992 S Ci:2:006:0 s c0 bc 0900 001c 0002 2 <
ffff8e67f59f0900 3916576463 C Ci:2:006:0 0 2 = 2f6f
ffff8e67f59f0900 3916576643 S Co:2:006:0 s 40 b9 0000 0000 0004 4 = 09016601
ffff8e67f59f0900 3916579068 C Co:2:006:0 0 4 >
ffff8e67f59f0900 3916579203 S Ii:2:006:3 -115:1 3 <
ffff8e67f59f0900 3916580427 C Ii:2:006:3 0:1 3 = 100000
ffff8e67f59f0900 3916580579 S Ci:2:006:0 s c0 bc 0800 0016 0002 2 <
ffff8e67f59f0900 3916583230 C Ci:2:006:0 0 2 = 0900
ffff8e67f59f0900 3916583370 S Ci:2:006:0 s c0 bc 0900 001c 0002 2 <
ffff8e67f59f0900 3916585889 C Ci:2:006:0 0 2 = 2f6f
ffff8e67f59f0900 3916585961 S Ci:2:006:0 s c0 bc 0800 23be 0004 4 <
ffff8e67f59f0900 3916588617 C Ci:2:006:0 0 4 = 0000b367
ffff8e67f59f0900 3916588716 S Co:2:006:0 s 40 bc 0800 00c0 0002 2 = 00cc
ffff8e67f59f0900 3916591248 C Co:2:006:0 0 2 >
ffff8e67f59f0900 3916591381 S Co:2:006:0 s 40 b9 0000 0000 0004 4 = 09009c02
ffff8e67f59f0900 3916593934 C Co:2:006:0 0 4 >
ffff8e67f59f0900 3916594073 S Ii:2:006:3 -115:1 3 <
ffff8e67f59f0900 3916595322 C Ii:2:006:3 0:1 3 = 100000
ffff8e67f59f0900 3916595451 S Ci:2:006:0 s c0 bc 0800 0016 0002 2 <
ffff8e67f59f0900 3916598143 C Ci:2:006:0 0 2 = 0900
ffff8e67f59f0900 3916598276 S Ci:2:006:0 s c0 bc 0900 001c 0002 2 <
ffff8e67f59f0900 3916600852 C Ci:2:006:0 0 2 = 2f6f
ffff8e67f59f0900 3916600984 S Ci:2:006:0 s c0 bc 0800 23be 0002 2 <
ffff8e67f59f0900 3916603620 C Ci:2:006:0 0 2 = 0000
ffff8e67f59f0900 3916603716 S Co:2:006:0 s 40 bc 0900 0014 0002 2 = d09e
ffff8e67f59f0900 3916606201 C Co:2:006:0 0 2 >
ffff8e67f59f0900 3916606344 S Ci:2:006:0 s c0 bc 0900 001c 0002 2 <
ffff8e67f59f0900 3916608869 C Ci:2:006:0 0 2 = 2f6f
ffff8e67f59f0900 3916609005 S Co:2:006:0 s 40 bc 0800 00c0 0002 2 = b0e8
ffff8e67f59f0900 3916611613 C Co:2:006:0 0 2 >
ffff8e67f59f0900 3916611713 S Co:2:006:0 s 40 b9 0000 0000 0004 4 = 09009c02
ffff8e67f59f0900 3916614250 C Co:2:006:0 0 4 >
ffff8e67f59f0900 3916614384 S Ii:2:006:3 -115:1 3 <
ffff8e67f59f0900 3916615537 C Ii:2:006:3 0:1 3 = 100000
ffff8e67f59f0900 3916615690 S Ci:2:006:0 s c0 bc 0800 0016 0002 2 <
ffff8e67f59f0900 3916618387 C Ci:2:006:0 0 2 = 0900
ffff8e67f59f0900 3916618524 S Ci:2:006:0 s c0 bc 0900 001c 0002 2 <
ffff8e67f59f0900 3916621180 C Ci:2:006:0 0 2 = 2f6f
ffff8e67f59f0900 3916621311 S Ci:2:006:0 s c0 bc 0800 23be 0002 2 <
ffff8e67f59f0900 3916623768 C Ci:2:006:0 0 2 = 0000
ffff8e67f59f0900 3916623899 S Co:2:006:0 s 40 bc 0900 0014 0002 2 = d09e
ffff8e67f59f0900 3916626430 C Co:2:006:0 0 2 >
ffff8e67f59f0900 3916626581 S Ci:2:006:0 s c0 bc 0900 001c 0002 2 <
ffff8e67f59f0900 3916629097 C Ci:2:006:0 0 2 = 2f6f
ffff8e67f59f0900 3916629231 S Co:2:006:0 s 40 bc 0800 00c0 0004 4 = 9dcd9100
ffff8e67f59f0900 3916631672 C Co:2:006:0 0 4 >
ffff8e67f59f0900 3916631840 S Co:2:006:0 s 40 b9 0000 0000 0004 4 = 09006603
ffff8e67f59f0900 3916634343 C Co:2:006:0 0 4 >
ffff8e67f59f0900 3916634487 S Ii:2:006:3 -115:1 3 <
ffff8e67f59f0900 3916635476 C Ii:2:006:3 0:1 3 = 100000
ffff8e67f59f0900 3916635632 S Ci:2:006:0 s c0 bc 0800 0016 0002 2 <
ffff8e67f59f0900 3916638189 C Ci:2:006:0 0 2 = 0900
ffff8e67f59f0900 3916638325 S Ci:2:006:0 s c0 bc 0900 001c 0002 2 <
ffff8e67f59f0900 3916640806 C Ci:2:006:0 0 2 = 2f6f
ffff8e67f59f0900 3916640939 S Ci:2:006:0 s c0 bc 0800 23be 0002 2 <
ffff8e67f59f0900 3916643369 C Ci:2:006:0 0 2 = 0000
ffff8e67f59f0900 3916643498 S Co:2:006:0 s 40 bc 0900 0014 0002 2 = d09e
ffff8e67f59f0900 3916646079 C Co:2:006:0 0 2 >
ffff8e67f59f0900 3916646219 S Ci:2:006:0 s c0 bc 0900 001c 0002 2 <
ffff8e67f59f0900 3916648699 C Ci:2:006:0 0 2 = 2f6f
ffff8e67f59f0900 3916648833 S Co:2:006:0 s 40 b9 0000 0000 0004 4 = 09016601
ffff8e67f59f0900 3916651307 C Co:2:006:0 0 4 >
ffff8e67f59f0900 3916651439 S Ii:2:006:3 -115:1 3 <
ffff8e67f59f0900 3916652580 C Ii:2:006:3 0:1 3 = 100000
ffff8e67f59f0900 3916652683 S Ci:2:006:0 s c0 bc 0800 0016 0002 2 <
ffff8e67f59f0900 3916655191 C Ci:2:006:0 0 2 = 0900
ffff8e67f59f0900 3916655327 S Ci:2:006:0 s c0 bc 0900 001c 0002 2 <
ffff8e67f59f0900 3916657769 C Ci:2:006:0 0 2 = 2f6f
ffff8e67f59f0900 3916657901 S Ci:2:006:0 s c0 bc 0800 23be 0004 4 <
ffff8e67f59f0900 3916660422 C Ci:2:006:0 0 4 = 0000b267
ffff8e67f59f0900 3916660613 S Co:2:006:0 s 40 bc 0800 00c0 0002 2 = aec8
ffff8e67f59f0900 3916663084 C Co:2:006:0 0 2 >
ffff8e67f59f0900 3916663215 S Co:2:006:0 s 40 b9 0000 0000 0004 4 = 09009c02
ffff8e67f59f0900 3916665674 C Co:2:006:0 0 4 >
ffff8e67f59f0900 3916665804 S Ii:2:006:3 -115:1 3 <
ffff8e67f59f0900 3916666880 C Ii:2:006:3 0:1 3 = 100000
ffff8e67f59f0900 3916667012 S Ci:2:006:0 s c0 bc 0800 0016 0002 2 <
ffff8e67f59f0900 3916669577 C Ci:2:006:0 0 2 = 0900
ffff8e67f59f0900 3916669720 S Ci:2:006:0 s c0 bc 0900 001c 0002 2 <
ffff8e67f59f0900 3916672186 C Ci:2:006:0 0 2 = 2f6f
ffff8e67f59f0900 3916672318 S Ci:2:006:0 s c0 bc 0800 23be 0002 2 <
ffff8e67f59f0900 3916674787 C Ci:2:006:0 0 2 = 0000
ffff8e67f59f0900 3916674930 S Co:2:006:0 s 40 bc 0900 0014 0002 2 = d09e
ffff8e67f59f0900 3916677397 C Co:2:006:0 0 2 >
ffff8e67f59f0900 3916677527 S Ci:2:006:0 s c0 bc 0900 001c 0002 2 <
ffff8e67f59f0900 3916680093 C Ci:2:006:0 0 2 = 2f6f
ffff8e67f59f0900 3916680226 S Co:2:006:0 s 40 bc 0800 00c0 0002 2 = b10c
ffff8e67f59f0900 3916682678 C Co:2:006:0 0 2 >
ffff8e67f59f0900 3916682809 S Co:2:006:0 s 40 b9 0000 0000 0004 4 = 09009c02
ffff8e67f59f0900 3916685294 C Co:2:006:0 0 4 >
ffff8e67f59f0900 3916685425 S Ii:2:006:3 -115:1 3 <
ffff8e67f59f0900 3916686475 C Ii:2:006:3 0:1 3 = 100000
ffff8e67f59f0900 3916686615 S Ci:2:006:0 s c0 bc 0800 0016 0002 2 <
ffff8e67f59f0900 3916689197 C Ci:2:006:0 0 2 = 0900
ffff8e67f59f0900 3916689330 S Ci:2:006:0 s c0 bc 0900 001c 0002 2 <
ffff8e67f59f0900 3916691798 C Ci:2:006:0 0 2 = 2f6f
ffff8e67f59f0900 3916691932 S Ci:2:006:0 s c0 bc 0800 23be 0002 2 <
ffff8e67f59f0900 3916694362 C Ci:2:006:0 0 2 = 0000
ffff8e67f59f0900 3916694494 S Co:2:006:0 s 40 bc 0900 0014 0002 2 = d09e
ffff8e67f59f0900 3916697091 C Co:2:006:0 0 2 >
ffff8e67f59f0900 3916697236 S Ci:2:006:0 s c0 bc 0900 001c 0002 2 <
ffff8e67f59f0900 3916699650 C Ci:2:006:0 0 2 = 2f6f
ffff8e67f59f0900 3916699766 S Co:2:006:0 s 40 bc 0800 00c0 0002 2 = b2cc
ffff8e67f59f0900 3916702292 C Co:2:006:0 0 2 >
ffff8e67f59f0900 3916702425 S Co:2:006:0 s 40 b9 0000 0000 0004 4 = 09009c02
ffff8e67f59f0900 3916704958 C Co:2:006:0 0 4 >
ffff8e67f59f0900 3916705093 S Ii:2:006:3 -115:1 3 <
ffff8e67f59f0900 3916706282 C Ii:2:006:3 0:1 3 = 100000
ffff8e67f59f0900 3916706415 S Ci:2:006:0 s c0 bc 0800 0016 0002 2 <
ffff8e67f59f0900 3916708933 C Ci:2:006:0 0 2 = 0900
ffff8e67f59f0900 3916709074 S Ci:2:006:0 s c0 bc 0900 001c 0002 2 <
ffff8e67f59f0900 3916711678 C Ci:2:006:0 0 2 = 2f6f
ffff8e67f59f0900 3916711836 S Ci:2:006:0 s c0 bc 0800 23be 0002 2 <
ffff8e67f59f0900 3916714322 C Ci:2:006:0 0 2 = 0000
ffff8e67f59f0900 3916714464 S Co:2:006:0 s 40 bc 0900 0014 0002 2 = d09e
ffff8e67f59f0900 3916716924 C Co:2:006:0 0 2 >
ffff8e67f59f0900 3916717067 S Ci:2:006:0 s c0 bc 0900 001c 0002 2 <
ffff8e67f59f0900 3916719568 C Ci:2:006:0 0 2 = 2f6f
ffff8e67f59f0900 3916719707 S Co:2:006:0 s 40 bc 0800 00c0 0002 2 = b3cc
ffff8e67f59f0900 3916722176 C Co:2:006:0 0 2 >
ffff8e67f59f0900 3916722310 S Co:2:006:0 s 40 b9 0000 0000 0004 4 = 09009c02
ffff8e67f59f0900 3916724782 C Co:2:006:0 0 4 >
ffff8e67f59f0900 3916724915 S Ii:2:006:3 -115:1 3 <
ffff8e67f59f0900 3916725989 C Ii:2:006:3 0:1 3 = 100000
ffff8e67f59f0900 3916726123 S Ci:2:006:0 s c0 bc 0800 0016 0002 2 <
ffff8e67f59f0900 3916728684 C Ci:2:006:0 0 2 = 0900
ffff8e67f59f0900 3916728817 S Ci:2:006:0 s c0 bc 0900 001c 0002 2 <
ffff8e67f59f0900 3916731309 C Ci:2:006:0 0 2 = 2f6f
ffff8e67f59f0900 3916731443 S Ci:2:006:0 s c0 bc 0800 23be 0002 2 <
ffff8e67f59f0900 3916733930 C Ci:2:006:0 0 2 = 0000
ffff8e67f59f0900 3916734071 S Co:2:006:0 s 40 bc 0900 0014 0002 2 = d09e
ffff8e67f59f0900 3916736502 C Co:2:006:0 0 2 >
ffff8e67f59f0900 3916736658 S Ci:2:006:0 s c0 bc 0900 001c 0002 2 <
ffff8e67f59f0900 3916739209 C Ci:2:006:0 0 2 = 2f6f
ffff8e67f59f0900 3916739341 S Co:2:006:0 s 40 bc 0800 00c0 0002 2 = b499
ffff8e67f59f0900 3916741959 C Co:2:006:0 0 2 >
ffff8e67f59f0900 3916742100 S Co:2:006:0 s 40 b9 0000 0000 0004 4 = 09009c02
ffff8e67f59f0900 3916744540 C Co:2:006:0 0 4 >
ffff8e67f59f0900 3916744705 S Ii:2:006:3 -115:1 3 <
ffff8e67f59f0900 3916745729 C Ii:2:006:3 0:1 3 = 100000
ffff8e67f59f0900 3916745860 S Ci:2:006:0 s c0 bc 0800 0016 0002 2 <
ffff8e67f59f0900 3916748427 C Ci:2:006:0 0 2 = 0900
ffff8e67f59f0900 3916748580 S Ci:2:006:0 s c0 bc 0900 001c 0002 2 <
ffff8e67f59f0900 3916751089 C Ci:2:006:0 0 2 = 2f6f
ffff8e67f59f0900 3916751223 S Ci:2:006:0 s c0 bc 0800 23be 0002 2 <
ffff8e67f59f0900 3916753619 C Ci:2:006:0 0 2 = 0000
ffff8e67f59f0900 3916753706 S Co:2:006:0 s 40 bc 0900 0014 0002 2 = d09e
ffff8e67f59f0900 3916756268 C Co:2:006:0 0 2 >
ffff8e67f59f0900 3916756412 S Ci:2:006:0 s c0 bc 0900 001c 0002 2 <
ffff8e67f59f0900 3916758958 C Ci:2:006:0 0 2 = 2f6f
ffff8e67f59f0900 3916759106 S Co:2:006:0 s 40 bc 0800 00c0 0004 4 = 9dcd8b00
ffff8e67f59f0900 3916761576 C Co:2:006:0 0 4 >
ffff8e67f59f0900 3916761701 S Co:2:006:0 s 40 b9 0000 0000 0004 4 = 09006603
ffff8e67f59f0900 3916764202 C Co:2:006:0 0 4 >
ffff8e67f59f0900 3916764335 S Ii:2:006:3 -115:1 3 <
ffff8e67f59f0900 3916765487 C Ii:2:006:3 0:1 3 = 100000
ffff8e67f59f0900 3916765631 S Ci:2:006:0 s c0 bc 0800 0016 0002 2 <
ffff8e67f59f0900 3916768211 C Ci:2:006:0 0 2 = 0900
ffff8e67f59f0900 3916768298 S Ci:2:006:0 s c0 bc 0900 001c 0002 2 <
ffff8e67f59f0900 3916770818 C Ci:2:006:0 0 2 = 2f6f
ffff8e67f59f0900 3916770967 S Ci:2:006:0 s c0 bc 0800 23be 0002 2 <
ffff8e67f59f0900 3916773386 C Ci:2:006:0 0 2 = 0000
ffff8e67f59f0900 3916773535 S Co:2:006:0 s 40 bc 0900 0014 0002 2 = d09e
ffff8e67f59f0900 3916776040 C Co:2:006:0 0 2 >
ffff8e67f59f0900 3916776186 S Ci:2:006:0 s c0 bc 0900 001c 0002 2 <
ffff8e67f59f0900 3916778668 C Ci:2:006:0 0 2 = 2f6f
ffff8e67f59f0900 3916778801 S Co:2:006:0 s 40 b9 0000 0000 0004 4 = 09016601
ffff8e67f59f0900 3916781294 C Co:2:006:0 0 4 >
ffff8e67f59f0900 3916781428 S Ii:2:006:3 -115:1 3 <
ffff8e67f59f0900 3916782594 C Ii:2:006:3 0:1 3 = 100000
ffff8e67f59f0900 3916782690 S Ci:2:006:0 s c0 bc 0800 0016 0002 2 <
ffff8e67f59f0900 3916785308 C Ci:2:006:0 0 2 = 0900
ffff8e67f59f0900 3916785441 S Ci:2:006:0 s c0 bc 0900 001c 0002 2 <
ffff8e67f59f0900 3916787964 C Ci:2:006:0 0 2 = 2f6f
ffff8e67f59f0900 3916788105 S Ci:2:006:0 s c0 bc 0800 23be 0004 4 <
ffff8e67f59f0900 3916790674 C Ci:2:006:0 0 4 = 0000e767
ffff8e67f59f0900 3916790809 S Co:2:006:0 s 40 bc 0800 00c0 0002 2 = b498
ffff8e67f59f0900 3916793319 C Co:2:006:0 0 2 >
ffff8e67f59f0900 3916793459 S Co:2:006:0 s 40 b9 0000 0000 0004 4 = 09009c02
ffff8e67f59f0900 3916795881 C Co:2:006:0 0 4 >
ffff8e67f59f0900 3916796011 S Ii:2:006:3 -115:1 3 <
ffff8e67f59f0900 3916797147 C Ii:2:006:3 0:1 3 = 100000
ffff8e67f59f0900 3916797214 S Ci:2:006:0 s c0 bc 0800 0016 0002 2 <
ffff8e67f59f0900 3916799807 C Ci:2:006:0 0 2 = 0900
ffff8e67f59f0900 3916800040 S Ci:2:006:0 s c0 bc 0900 001c 0002 2 <
ffff8e67f59f0900 3916802431 C Ci:2:006:0 0 2 = 2f6f
ffff8e67f59f0900 3916802592 S Ci:2:006:0 s c0 bc 0800 23be 0002 2 <
ffff8e67f59f0900 3916805053 C Ci:2:006:0 0 2 = 0000
ffff8e67f59f0900 3916805198 S Co:2:006:0 s 40 bc 0900 0014 0002 2 = d09e
ffff8e67f59f0900 3916807628 C Co:2:006:0 0 2 >
ffff8e67f59f0900 3916807742 S Ci:2:006:0 s c0 bc 0900 001c 0002 2 <
ffff8e67f59f0900 3916810318 C Ci:2:006:0 0 2 = 2f6f
ffff8e67f59f0900 3916810464 S Co:2:006:0 s 40 bc 0800 00c0 0004 4 = 9dcd3f00
ffff8e67f59f0900 3916812919 C Co:2:006:0 0 4 >
ffff8e67f59f0900 3916813060 S Co:2:006:0 s 40 b9 0000 0000 0004 4 = 09006603
ffff8e67f59f0900 3916815536 C Co:2:006:0 0 4 >
ffff8e67f59f0900 3916815693 S Ii:2:006:3 -115:1 3 <
ffff8e67f59f0900 3916816760 C Ii:2:006:3 0:1 3 = 100000
ffff8e67f59f0900 3916816894 S Ci:2:006:0 s c0 bc 0800 0016 0002 2 <
ffff8e67f59f0900 3916819425 C Ci:2:006:0 0 2 = 0900
ffff8e67f59f0900 3916819583 S Ci:2:006:0 s c0 bc 0900 001c 0002 2 <
ffff8e67f59f0900 3916822058 C Ci:2:006:0 0 2 = 2f6f
ffff8e67f59f0900 3916822204 S Ci:2:006:0 s c0 bc 0800 23be 0002 2 <
ffff8e67f59f0900 3916824675 C Ci:2:006:0 0 2 = 0000
ffff8e67f59f0900 3916824820 S Co:2:006:0 s 40 bc 0900 0014 0002 2 = d09e
ffff8e67f59f0900 3916827274 C Co:2:006:0 0 2 >
ffff8e67f59f0900 3916827416 S Ci:2:006:0 s c0 bc 0900 001c 0002 2 <
ffff8e67f59f0900 3916829964 C Ci:2:006:0 0 2 = 2f6f
ffff8e67f59f0900 3916830104 S Co:2:006:0 s 40 b9 0000 0000 0004 4 = 09016601
ffff8e67f59f0900 3916832555 C Co:2:006:0 0 4 >
ffff8e67f59f0900 3916832656 S Ii:2:006:3 -115:1 3 <
ffff8e67f59f0900 3916833755 C Ii:2:006:3 0:1 3 = 100000
ffff8e67f59f0900 3916833896 S Ci:2:006:0 s c0 bc 0800 0016 0002 2 <
ffff8e67f59f0900 3916836410 C Ci:2:006:0 0 2 = 0900
ffff8e67f59f0900 3916836557 S Ci:2:006:0 s c0 bc 0900 001c 0002 2 <
ffff8e67f59f0900 3916839078 C Ci:2:006:0 0 2 = 2f6f
ffff8e67f59f0900 3916839210 S Ci:2:006:0 s c0 bc 0800 23be 0004 4 <
ffff8e67f59f0900 3916841722 C Ci:2:006:0 0 4 = 0000b267
ffff8e67f59f0900 3916841854 S Co:2:006:0 s 40 bc 0800 00c0 0002 2 = 00ce
ffff8e67f59f0900 3916844284 C Co:2:006:0 0 2 >
ffff8e67f59f0900 3916844418 S Co:2:006:0 s 40 b9 0000 0000 0004 4 = 09009c02
ffff8e67f59f0900 3916846908 C Co:2:006:0 0 4 >
ffff8e67f59f0900 3916847042 S Ii:2:006:3 -115:1 3 <
ffff8e67f59f0900 3916848131 C Ii:2:006:3 0:1 3 = 100000
ffff8e67f59f0900 3916848182 S Ci:2:006:0 s c0 bc 0800 0016 0002 2 <
ffff8e67f59f0900 3916850795 C Ci:2:006:0 0 2 = 0900
ffff8e67f59f0900 3916850926 S Ci:2:006:0 s c0 bc 0900 001c 0002 2 <
ffff8e67f59f0900 3916853422 C Ci:2:006:0 0 2 = 2f6f
ffff8e67f59f0900 3916853573 S Ci:2:006:0 s c0 bc 0800 23be 0002 2 <
ffff8e67f59f0900 3916856062 C Ci:2:006:0 0 2 = 0000
ffff8e67f59f0900 3916856161 S Co:2:006:0 s 40 bc 0900 0014 0002 2 = d09e
ffff8e67f59f0900 3916858778 C Co:2:006:0 0 2 >
ffff8e67f59f0900 3916858910 S Ci:2:006:0 s c0 bc 0900 001c 0002 2 <
ffff8e67f59f0900 3916861427 C Ci:2:006:0 0 2 = 2f6f
ffff8e67f59f0900 3916861581 S Co:2:006:0 s 40 bc 0800 00c0 0002 2 = 01ad
ffff8e67f59f0900 3916864040 C Co:2:006:0 0 2 >
ffff8e67f59f0900 3916864179 S Co:2:006:0 s 40 b9 0000 0000 0004 4 = 09009c02
ffff8e67f59f0900 3916866631 C Co:2:006:0 0 4 >
ffff8e67f59f0900 3916866776 S Ii:2:006:3 -115:1 3 <
ffff8e67f59f0900 3916867874 C Ii:2:006:3 0:1 3 = 100000
ffff8e67f59f0900 3916868008 S Ci:2:006:0 s c0 bc 0800 0016 0002 2 <
ffff8e67f59f0900 3916870562 C Ci:2:006:0 0 2 = 0900
ffff8e67f59f0900 3916870719 S Ci:2:006:0 s c0 bc 0900 001c 0002 2 <
ffff8e67f59f0900 3916873204 C Ci:2:006:0 0 2 = 2f6f
ffff8e67f59f0900 3916873338 S Ci:2:006:0 s c0 bc 0800 23be 0002 2 <
ffff8e67f59f0900 3916875791 C Ci:2:006:0 0 2 = 0000
ffff8e67f59f0900 3916875926 S Co:2:006:0 s 40 bc 0900 0014 0002 2 = d09e
ffff8e67f59f0900 3916878422 C Co:2:006:0 0 2 >
ffff8e67f59f0900 3916878580 S Ci:2:006:0 s c0 bc 0900 001c 0002 2 <
ffff8e67f59f0900 3916881076 C Ci:2:006:0 0 2 = 2f6f
ffff8e67f59f0900 3916881207 S Co:2:006:0 s 40 bc 0800 00c0 0002 2 = 0239
ffff8e67f59f0900 3916883677 C Co:2:006:0 0 2 >
ffff8e67f59f0900 3916883844 S Co:2:006:0 s 40 b9 0000 0000 0004 4 = 09009c02
ffff8e67f59f0900 3916886156 C Co:2:006:0 0 4 >
ffff8e67f59f0900 3916886290 S Ii:2:006:3 -115:1 3 <
ffff8e67f59f0900 3916887410 C Ii:2:006:3 0:1 3 = 100000
ffff8e67f59f0900 3916887503 S Ci:2:006:0 s c0 bc 0800 0016 0002 2 <
ffff8e67f59f0900 3916890016 C Ci:2:006:0 0 2 = 0900
ffff8e67f59f0900 3916890148 S Ci:2:006:0 s c0 bc 0900 001c 0002 2 <
ffff8e67f59f0900 3916892763 C Ci:2:006:0 0 2 = 2f6f
ffff8e67f59f0900 3916892885 S Ci:2:006:0 s c0 bc 0800 23be 0002 2 <
ffff8e67f59f0900 3916895347 C Ci:2:006:0 0 2 = 0000
ffff8e67f59f0900 3916895482 S Co:2:006:0 s 40 bc 0900 0014 0002 2 = d09e
ffff8e67f59f0900 3916897942 C Co:2:006:0 0 2 >
ffff8e67f59f0900 3916898080 S Ci:2:006:0 s c0 bc 0900 001c 0002 2 <
ffff8e67f59f0900 3916900556 C Ci:2:006:0 0 2 = 2f6f
ffff8e67f59f0900 3916900714 S Co:2:006:0 s 40 bc 0800 00c0 0004 4 = 9dcd3c00
ffff8e67f59f0900 3916903198 C Co:2:006:0 0 4 >
ffff8e67f59f0900 3916903331 S Co:2:006:0 s 40 b9 0000 0000 0004 4 = 09006603
ffff8e67f59f0900 3916905766 C Co:2:006:0 0 4 >
ffff8e67f59f0900 3916905896 S Ii:2:006:3 -115:1 3 <
ffff8e67f59f0900 3916907029 C Ii:2:006:3 0:1 3 = 100000
ffff8e67f59f0900 3916907189 S Ci:2:006:0 s c0 bc 0800 0016 0002 2 <
ffff8e67f59f0900 3916909719 C Ci:2:006:0 0 2 = 0900
ffff8e67f59f0900 3916909854 S Ci:2:006:0 s c0 bc 0900 001c 0002 2 <
ffff8e67f59f0900 3916912301 C Ci:2:006:0 0 2 = 2f6f
ffff8e67f59f0900 3916912450 S Ci:2:006:0 s c0 bc 0800 23be 0002 2 <
ffff8e67f59f0900 3916914919 C Ci:2:006:0 0 2 = 0000
ffff8e67f59f0900 3916915058 S Co:2:006:0 s 40 bc 0900 0014 0002 2 = d09e
ffff8e67f59f0900 3916917492 C Co:2:006:0 0 2 >
ffff8e67f59f0900 3916917629 S Ci:2:006:0 s c0 bc 0900 001c 0002 2 <
ffff8e67f59f0900 3916920216 C Ci:2:006:0 0 2 = 2f6f
ffff8e67f59f0900 3916920366 S Co:2:006:0 s 40 b9 0000 0000 0004 4 = 09016601
ffff8e67f59f0900 3916922753 C Co:2:006:0 0 4 >
ffff8e67f59f0900 3916922896 S Ii:2:006:3 -115:1 3 <
ffff8e67f59f0900 3916924017 C Ii:2:006:3 0:1 3 = 100000
ffff8e67f59f0900 3916924116 S Ci:2:006:0 s c0 bc 0800 0016 0002 2 <
ffff8e67f59f0900 3916926669 C Ci:2:006:0 0 2 = 0900
ffff8e67f59f0900 3916926792 S Ci:2:006:0 s c0 bc 0900 001c 0002 2 <
ffff8e67f59f0900 3916929247 C Ci:2:006:0 0 2 = 2f6f
ffff8e67f59f0900 3916929324 S Ci:2:006:0 s c0 bc 0800 23be 0004 4 <
ffff8e67f59f0900 3916931918 C Ci:2:006:0 0 4 = 0000b267
ffff8e67f59f0900 3916932057 S Co:2:006:0 s 40 bc 0800 00c0 0002 2 = 03ce
ffff8e67f59f0900 3916934541 C Co:2:006:0 0 2 >
ffff8e67f59f0900 3916934648 S Co:2:006:0 s 40 b9 0000 0000 0004 4 = 09009c02
ffff8e67f59f0900 3916937151 C Co:2:006:0 0 4 >
ffff8e67f59f0900 3916937307 S Ii:2:006:3 -115:1 3 <
ffff8e67f59f0900 3916938516 C Ii:2:006:3 0:1 3 = 100000
ffff8e67f59f0900 3916938690 S Ci:2:006:0 s c0 bc 0800 0016 0002 2 <
ffff8e67f59f0900 3916941202 C Ci:2:006:0 0 2 = 0900
ffff8e67f59f0900 3916941338 S Ci:2:006:0 s c0 bc 0900 001c 0002 2 <
ffff8e67f59f0900 3916943755 C Ci:2:006:0 0 2 = 2f6f
ffff8e67f59f0900 3916943885 S Ci:2:006:0 s c0 bc 0800 23be 0002 2 <
ffff8e67f59f0900 3916946405 C Ci:2:006:0 0 2 = 0000
ffff8e67f59f0900 3916946552 S Co:2:006:0 s 40 bc 0900 0014 0002 2 = d09e
ffff8e67f59f0900 3916949073 C Co:2:006:0 0 2 >
ffff8e67f59f0900 3916949219 S Ci:2:006:0 s c0 bc 0900 001c 0002 2 <
ffff8e67f59f0900 3916951791 C Ci:2:006:0 0 2 = 2f6f
ffff8e67f59f0900 3916951939 S Co:2:006:0 s 40 bc 0800 00c0 0002 2 = 04cd
ffff8e67f59f0900 3916954402 C Co:2:006:0 0 2 >
ffff8e67f59f0900 3916954550 S Co:2:006:0 s 40 b9 0000 0000 0004 4 = 09009c02
ffff8e67f59f0900 3916957053 C Co:2:006:0 0 4 >
ffff8e67f59f0900 3916957195 S Ii:2:006:3 -115:1 3 <
ffff8e67f59f0900 3916958359 C Ii:2:006:3 0:1 3 = 100000
ffff8e67f59f0900 3916958488 S Ci:2:006:0 s c0 bc 0800 0016 0002 2 <
ffff8e67f59f0900 3916961006 C Ci:2:006:0 0 2 = 0900
ffff8e67f59f0900 3916961141 S Ci:2:006:0 s c0 bc 0900 001c 0002 2 <
ffff8e67f59f0900 3916963696 C Ci:2:006:0 0 2 = 2f6f
ffff8e67f59f0900 3916963830 S Ci:2:006:0 s c0 bc 0800 23be 0002 2 <
ffff8e67f59f0900 3916966261 C Ci:2:006:0 0 2 = 0000
ffff8e67f59f0900 3916966422 S Co:2:006:0 s 40 bc 0900 0014 0002 2 = d09e
ffff8e67f59f0900 3916968941 C Co:2:006:0 0 2 >
ffff8e67f59f0900 3916969097 S Ci:2:006:0 s c0 bc 0900 001c 0002 2 <
ffff8e67f59f0900 3916971551 C Ci:2:006:0 0 2 = 2f6f
ffff8e67f59f0900 3916971718 S Co:2:006:0 s 40 bc 0800 00c0 0002 2 = 05cc
ffff8e67f59f0900 3916974153 C Co:2:006:0 0 2 >
ffff8e67f59f0900 3916974348 S Co:2:006:0 s 40 b9 0000 0000 0004 4 = 09009c02
ffff8e67f59f0900 3916976873 C Co:2:006:0 0 4 >
ffff8e67f59f0900 3916977006 S Ii:2:006:3 -115:1 3 <
ffff8e67f59f0900 3916978128 C Ii:2:006:3 0:1 3 = 100000
ffff8e67f59f0900 3916978180 S Ci:2:006:0 s c0 bc 0800 0016 0002 2 <
ffff8e67f59f0900 3916980776 C Ci:2:006:0 0 2 = 0900
ffff8e67f59f0900 3916980910 S Ci:2:006:0 s c0 bc 0900 001c 0002 2 <
ffff8e67f59f0900 3916983383 C Ci:2:006:0 0 2 = 2f6f
ffff8e67f59f0900 3916983517 S Ci:2:006:0 s c0 bc 0800 23be 0002 2 <
ffff8e67f59f0900 3916986044 C Ci:2:006:0 0 2 = 0000
ffff8e67f59f0900 3916986176 S Co:2:006:0 s 40 bc 0900 0014 0002 2 = d09e
ffff8e67f59f0900 3916988775 C Co:2:006:0 0 2 >
ffff8e67f59f0900 3916988909 S Ci:2:006:0 s c0 bc 0900 001c 0002 2 <
ffff8e67f59f0900 3916991416 C Ci:2:006:0 0 2 = 2f6f
ffff8e67f59f0900 3916991569 S Co:2:006:0 s 40 bc 0800 00c0 0002 2 = 06c4
ffff8e67f59f0900 3916994068 C Co:2:006:0 0 2 >
ffff8e67f59f0900 3916994199 S Co:2:006:0 s 40 b9 0000 0000 0004 4 = 09009c02
ffff8e67f59f0900 3916996624 C Co:2:006:0 0 4 >
ffff8e67f59f0900 3916996765 S Ii:2:006:3 -115:1 3 <
ffff8e67f59f0900 3916997875 C Ii:2:006:3 0:1 3 = 100000
ffff8e67f59f0900 3916998006 S Ci:2:006:0 s c0 bc 0800 0016 0002 2 <
ffff8e67f59f0900 3917000545 C Ci:2:006:0 0 2 = 0900
ffff8e67f59f0900 3917000639 S Ci:2:006:0 s c0 bc 0900 001c 0002 2 <
ffff8e67f59f0900 3917003215 C Ci:2:006:0 0 2 = 2f6f
ffff8e67f59f0900 3917003359 S Ci:2:006:0 s c0 bc 0800 23be 0002 2 <
ffff8e67f59f0900 3917005775 C Ci:2:006:0 0 2 = 0000
ffff8e67f59f0900 3917005912 S Co:2:006:0 s 40 bc 0900 0014 0002 2 = d09e
ffff8e67f59f0900 3917008395 C Co:2:006:0 0 2 >
ffff8e67f59f0900 3917008544 S Ci:2:006:0 s c0 bc 0900 001c 0002 2 <
ffff8e67f59f0900 3917011119 C Ci:2:006:0 0 2 = 2f6f
ffff8e67f59f0900 3917011215 S Co:2:006:0 s 40 bc 0800 00c0 0002 2 = 1cd6
ffff8e67f59f0900 3917013647 C Co:2:006:0 0 2 >
ffff8e67f59f0900 3917013784 S Co:2:006:0 s 40 b9 0000 0000 0004 4 = 09009c02
ffff8e67f59f0900 3917016210 C Co:2:006:0 0 4 >
ffff8e67f59f0900 3917016351 S Ii:2:006:3 -115:1 3 <
ffff8e67f59f0900 3917017482 C Ii:2:006:3 0:1 3 = 100000
ffff8e67f59f0900 3917017643 S Ci:2:006:0 s c0 bc 0800 0016 0002 2 <
ffff8e67f59f0900 3917020166 C Ci:2:006:0 0 2 = 0900
ffff8e67f59f0900 3917020299 S Ci:2:006:0 s c0 bc 0900 001c 0002 2 <
ffff8e67f59f0900 3917022776 C Ci:2:006:0 0 2 = 2f6f
ffff8e67f59f0900 3917022910 S Ci:2:006:0 s c0 bc 0800 23be 0002 2 <
ffff8e67f59f0900 3917025378 C Ci:2:006:0 0 2 = 0000
ffff8e67f59f0900 3917025496 S Co:2:006:0 s 40 bc 0900 0014 0002 2 = d09e
ffff8e67f59f0900 3917028055 C Co:2:006:0 0 2 >
ffff8e67f59f0900 3917028182 S Ci:2:006:0 s c0 bc 0900 001c 0002 2 <
ffff8e67f59f0900 3917030706 C Ci:2:006:0 0 2 = 2f6f
ffff8e67f59f0900 3917030839 S Co:2:006:0 s 40 bc 0800 00c0 0002 2 = 1dcc
ffff8e67f59f0900 3917033317 C Co:2:006:0 0 2 >
ffff8e67f59f0900 3917033451 S Co:2:006:0 s 40 b9 0000 0000 0004 4 = 09009c02
ffff8e67f59f0900 3917035917 C Co:2:006:0 0 4 >
ffff8e67f59f0900 3917036065 S Ii:2:006:3 -115:1 3 <
ffff8e67f59f0900 3917037084 C Ii:2:006:3 0:1 3 = 100000
ffff8e67f59f0900 3917037212 S Ci:2:006:0 s c0 bc 0800 0016 0002 2 <
ffff8e67f59f0900 3917039773 C Ci:2:006:0 0 2 = 0900
ffff8e67f59f0900 3917039909 S Ci:2:006:0 s c0 bc 0900 001c 0002 2 <
ffff8e67f59f0900 3917042412 C Ci:2:006:0 0 2 = 2f6f
ffff8e67f59f0900 3917042561 S Ci:2:006:0 s c0 bc 0800 23be 0002 2 <
ffff8e67f59f0900 3917045082 C Ci:2:006:0 0 2 = 0000
ffff8e67f59f0900 3917045228 S Co:2:006:0 s 40 bc 0900 0014 0002 2 = d09e
ffff8e67f59f0900 3917047727 C Co:2:006:0 0 2 >
ffff8e67f59f0900 3917047843 S Ci:2:006:0 s c0 bc 0900 001c 0002 2 <
ffff8e67f59f0900 3917050426 C Ci:2:006:0 0 2 = 2f6f
ffff8e67f59f0900 3917050540 S Co:2:006:0 s 40 bc 0800 00c0 0002 2 = 1ecc
ffff8e67f59f0900 3917053064 C Co:2:006:0 0 2 >
ffff8e67f59f0900 3917053205 S Co:2:006:0 s 40 b9 0000 0000 0004 4 = 09009c02
ffff8e67f59f0900 3917055647 C Co:2:006:0 0 4 >
ffff8e67f59f0900 3917055779 S Ii:2:006:3 -115:1 3 <
ffff8e67f59f0900 3917056878 C Ii:2:006:3 0:1 3 = 100000
ffff8e67f59f0900 3917057007 S Ci:2:006:0 s c0 bc 0800 0016 0002 2 <
ffff8e67f59f0900 3917059512 C Ci:2:006:0 0 2 = 0900
ffff8e67f59f0900 3917059692 S Ci:2:006:0 s c0 bc 0900 001c 0002 2 <
ffff8e67f59f0900 3917062192 C Ci:2:006:0 0 2 = 2f6f
ffff8e67f59f0900 3917062289 S Ci:2:006:0 s c0 bc 0800 23be 0002 2 <
ffff8e67f59f0900 3917064879 C Ci:2:006:0 0 2 = 0000
ffff8e67f59f0900 3917065053 S Co:2:006:0 s 40 bc 0900 0014 0002 2 = d09e
ffff8e67f59f0900 3917067480 C Co:2:006:0 0 2 >
ffff8e67f59f0900 3917067652 S Ci:2:006:0 s c0 bc 0900 001c 0002 2 <
ffff8e67f59f0900 3917070201 C Ci:2:006:0 0 2 = 2f6f
ffff8e67f59f0900 3917070343 S Co:2:006:0 s 40 bc 0800 00c0 0002 2 = 1fcc
ffff8e67f59f0900 3917072771 C Co:2:006:0 0 2 >
ffff8e67f59f0900 3917072912 S Co:2:006:0 s 40 b9 0000 0000 0004 4 = 09009c02
ffff8e67f59f0900 3917075401 C Co:2:006:0 0 4 >
ffff8e67f59f0900 3917075553 S Ii:2:006:3 -115:1 3 <
ffff8e67f59f0900 3917076590 C Ii:2:006:3 0:1 3 = 100000
ffff8e67f59f0900 3917076738 S Ci:2:006:0 s c0 bc 0800 0016 0002 2 <
ffff8e67f59f0900 3917079184 C Ci:2:006:0 0 2 = 0900
ffff8e67f59f0900 3917079336 S Ci:2:006:0 s c0 bc 0900 001c 0002 2 <
ffff8e67f59f0900 3917081804 C Ci:2:006:0 0 2 = 2f6f
ffff8e67f59f0900 3917081910 S Ci:2:006:0 s c0 bc 0800 23be 0002 2 <
ffff8e67f59f0900 3917084371 C Ci:2:006:0 0 2 = 0000
ffff8e67f59f0900 3917084508 S Co:2:006:0 s 40 bc 0900 0014 0002 2 = d09e
ffff8e67f59f0900 3917087056 C Co:2:006:0 0 2 >
ffff8e67f59f0900 3917087235 S Ci:2:006:0 s c0 bc 0900 001c 0002 2 <
ffff8e67f59f0900 3917089732 C Ci:2:006:0 0 2 = 2f6f
ffff8e67f59f0900 3917089813 S Co:2:006:0 s 40 bc 0800 00c0 0004 4 = 9dcd1a00
ffff8e67f59f0900 3917092271 C Co:2:006:0 0 4 >
ffff8e67f59f0900 3917092403 S Co:2:006:0 s 40 b9 0000 0000 0004 4 = 09006603
ffff8e67f59f0900 3917094893 C Co:2:006:0 0 4 >
ffff8e67f59f0900 3917095045 S Ii:2:006:3 -115:1 3 <
ffff8e67f59f0900 3917096135 C Ii:2:006:3 0:1 3 = 100000
ffff8e67f59f0900 3917096196 S Ci:2:006:0 s c0 bc 0800 0016 0002 2 <
ffff8e67f59f0900 3917098772 C Ci:2:006:0 0 2 = 0900
ffff8e67f59f0900 3917098939 S Ci:2:006:0 s c0 bc 0900 001c 0002 2 <
ffff8e67f59f0900 3917101432 C Ci:2:006:0 0 2 = 2f6f
ffff8e67f59f0900 3917101508 S Ci:2:006:0 s c0 bc 0800 23be 0002 2 <
ffff8e67f59f0900 3917104076 C Ci:2:006:0 0 2 = 0000
ffff8e67f59f0900 3917104217 S Co:2:006:0 s 40 bc 0900 0014 0002 2 = d09e
ffff8e67f59f0900 3917106725 C Co:2:006:0 0 2 >
ffff8e67f59f0900 3917106897 S Ci:2:006:0 s c0 bc 0900 001c 0002 2 <
ffff8e67f59f0900 3917109430 C Ci:2:006:0 0 2 = 2f6f
ffff8e67f59f0900 3917109560 S Co:2:006:0 s 40 b9 0000 0000 0004 4 = 09016601
ffff8e67f59f0900 3917112086 C Co:2:006:0 0 4 >
ffff8e67f59f0900 3917112180 S Ii:2:006:3 -115:1 3 <
ffff8e67f59f0900 3917113409 C Ii:2:006:3 0:1 3 = 100000
ffff8e67f59f0900 3917113533 S Ci:2:006:0 s c0 bc 0800 0016 0002 2 <
ffff8e67f59f0900 3917116076 C Ci:2:006:0 0 2 = 0900
ffff8e67f59f0900 3917116169 S Ci:2:006:0 s c0 bc 0900 001c 0002 2 <
ffff8e67f59f0900 3917118724 C Ci:2:006:0 0 2 = 2f6f
ffff8e67f59f0900 3917118838 S Ci:2:006:0 s c0 bc 0800 23be 0004 4 <
ffff8e67f59f0900 3917121244 C Ci:2:006:0 0 4 = 0000b267
ffff8e67f59f0900 3917121407 S Co:2:006:0 s 40 bc 0800 00c0 0002 2 = 256e
ffff8e67f59f0900 3917123859 C Co:2:006:0 0 2 >
ffff8e67f59f0900 3917123957 S Co:2:006:0 s 40 b9 0000 0000 0004 4 = 09009c02
ffff8e67f59f0900 3917126552 C Co:2:006:0 0 4 >
ffff8e67f59f0900 3917126646 S Ii:2:006:3 -115:1 3 <
ffff8e67f59f0900 3917127683 C Ii:2:006:3 0:1 3 = 100000
ffff8e67f59f0900 3917127854 S Ci:2:006:0 s c0 bc 0800 0016 0002 2 <
ffff8e67f59f0900 3917130424 C Ci:2:006:0 0 2 = 0900
ffff8e67f59f0900 3917130550 S Ci:2:006:0 s c0 bc 0900 001c 0002 2 <
ffff8e67f59f0900 3917133107 C Ci:2:006:0 0 2 = 2f6f
ffff8e67f59f0900 3917133172 S Ci:2:006:0 s c0 bc 0800 23be 0002 2 <
ffff8e67f59f0900 3917135752 C Ci:2:006:0 0 2 = 0000
ffff8e67f59f0900 3917135893 S Co:2:006:0 s 40 bc 0900 0014 0002 2 = d09e
ffff8e67f59f0900 3917138389 C Co:2:006:0 0 2 >
ffff8e67f59f0900 3917138578 S Ci:2:006:0 s c0 bc 0900 001c 0002 2 <
ffff8e67f59f0900 3917141082 C Ci:2:006:0 0 2 = 2f6f
ffff8e67f59f0900 3917141233 S Co:2:006:0 s 40 bc 0800 00c0 0004 4 = 9dcd3d00
ffff8e67f59f0900 3917143705 C Co:2:006:0 0 4 >
ffff8e67f59f0900 3917143845 S Co:2:006:0 s 40 b9 0000 0000 0004 4 = 09006603
ffff8e67f59f0900 3917146433 C Co:2:006:0 0 4 >
ffff8e67f59f0900 3917146573 S Ii:2:006:3 -115:1 3 <
ffff8e67f59f0900 3917147590 C Ii:2:006:3 0:1 3 = 100000
ffff8e67f59f0900 3917147742 S Ci:2:006:0 s c0 bc 0800 0016 0002 2 <
ffff8e67f59f0900 3917150214 C Ci:2:006:0 0 2 = 0900
ffff8e67f59f0900 3917150387 S Ci:2:006:0 s c0 bc 0900 001c 0002 2 <
ffff8e67f59f0900 3917152765 C Ci:2:006:0 0 2 = 2f6f
ffff8e67f59f0900 3917152955 S Ci:2:006:0 s c0 bc 0800 23be 0002 2 <
ffff8e67f59f0900 3917155376 C Ci:2:006:0 0 2 = 0000
ffff8e67f59f0900 3917155566 S Co:2:006:0 s 40 bc 0900 0014 0002 2 = d09e
ffff8e67f59f0900 3917158044 C Co:2:006:0 0 2 >
ffff8e67f59f0900 3917158223 S Ci:2:006:0 s c0 bc 0900 001c 0002 2 <
ffff8e67f59f0900 3917160631 C Ci:2:006:0 0 2 = 2f6f
ffff8e67f59f0900 3917160782 S Co:2:006:0 s 40 b9 0000 0000 0004 4 = 09016601
ffff8e67f59f0900 3917163198 C Co:2:006:0 0 4 >
ffff8e67f59f0900 3917163340 S Ii:2:006:3 -115:1 3 <
ffff8e67f59f0900 3917164496 C Ii:2:006:3 0:1 3 = 100000
ffff8e67f59f0900 3917164596 S Ci:2:006:0 s c0 bc 0800 0016 0002 2 <
ffff8e67f59f0900 3917167208 C Ci:2:006:0 0 2 = 0900
ffff8e67f59f0900 3917167304 S Ci:2:006:0 s c0 bc 0900 001c 0002 2 <
ffff8e67f59f0900 3917169774 C Ci:2:006:0 0 2 = 2f6f
ffff8e67f59f0900 3917169972 S Ci:2:006:0 s c0 bc 0800 23be 0004 4 <
ffff8e67f59f0900 3917172379 C Ci:2:006:0 0 4 = 00004767
ffff8e67f59f0900 3917172602 S Co:2:006:0 s 40 bc 0800 00c0 0002 2 = 0239
ffff8e67f59f0900 3917175075 C Co:2:006:0 0 2 >
ffff8e67f59f0900 3917175241 S Co:2:006:0 s 40 b9 0000 0000 0004 4 = 09009c02
ffff8e67f59f0900 3917177698 C Co:2:006:0 0 4 >
ffff8e67f59f0900 3917177874 S Ii:2:006:3 -115:1 3 <
ffff8e67f59f0900 3917178865 C Ii:2:006:3 0:1 3 = 100000
ffff8e67f59f0900 3917178953 S Ci:2:006:0 s c0 bc 0800 0016 0002 2 <
ffff8e67f59f0900 3917181552 C Ci:2:006:0 0 2 = 0900
ffff8e67f59f0900 3917181687 S Ci:2:006:0 s c0 bc 0900 001c 0002 2 <
ffff8e67f59f0900 3917184195 C Ci:2:006:0 0 2 = 2f6f
ffff8e67f59f0900 3917184339 S Ci:2:006:0 s c0 bc 0800 23be 0002 2 <
ffff8e67f59f0900 3917186736 C Ci:2:006:0 0 2 = 0000
ffff8e67f59f0900 3917186914 S Co:2:006:0 s 40 bc 0900 0014 0002 2 = d09e
ffff8e67f59f0900 3917189401 C Co:2:006:0 0 2 >
ffff8e67f59f0900 3917189571 S Ci:2:006:0 s c0 bc 0900 001c 0002 2 <
ffff8e67f59f0900 3917192141 C Ci:2:006:0 0 2 = 2f6f
ffff8e67f59f0900 3917192318 S Co:2:006:0 s 40 bc 0800 00c0 0004 4 = 9dcd3800
ffff8e67f59f0900 3917194728 C Co:2:006:0 0 4 >
ffff8e67f59f0900 3917194854 S Co:2:006:0 s 40 b9 0000 0000 0004 4 = 09006603
ffff8e67f59f0900 3917197404 C Co:2:006:0 0 4 >
ffff8e67f59f0900 3917197614 S Ii:2:006:3 -115:1 3 <
ffff8e67f59f0900 3917198640 C Ii:2:006:3 0:1 3 = 100000
ffff8e67f59f0900 3917198711 S Ci:2:006:0 s c0 bc 0800 0016 0002 2 <
ffff8e67f59f0900 3917201293 C Ci:2:006:0 0 2 = 0900
ffff8e67f59f0900 3917201473 S Ci:2:006:0 s c0 bc 0900 001c 0002 2 <
ffff8e67f59f0900 3917203914 C Ci:2:006:0 0 2 = 2f6f
ffff8e67f59f0900 3917203972 S Ci:2:006:0 s c0 bc 0800 23be 0002 2 <
ffff8e67f59f0900 3917206559 C Ci:2:006:0 0 2 = 0000
ffff8e67f59f0900 3917206709 S Co:2:006:0 s 40 bc 0900 0014 0002 2 = d09e
ffff8e67f59f0900 3917209188 C Co:2:006:0 0 2 >
ffff8e67f59f0900 3917209328 S Ci:2:006:0 s c0 bc 0900 001c 0002 2 <
ffff8e67f59f0900 3917211770 C Ci:2:006:0 0 2 = 2f6f
ffff8e67f59f0900 3917211941 S Co:2:006:0 s 40 b9 0000 0000 0004 4 = 09016601
ffff8e67f59f0900 3917214388 C Co:2:006:0 0 4 >
ffff8e67f59f0900 3917214560 S Ii:2:006:3 -115:1 3 <
ffff8e67f59f0900 3917215670 C Ii:2:006:3 0:1 3 = 100000
ffff8e67f59f0900 3917215755 S Ci:2:006:0 s c0 bc 0800 0016 0002 2 <
ffff8e67f59f0900 3917218414 C Ci:2:006:0 0 2 = 0900
ffff8e67f59f0900 3917218568 S Ci:2:006:0 s c0 bc 0900 001c 0002 2 <
ffff8e67f59f0900 3917221059 C Ci:2:006:0 0 2 = 2f6f
ffff8e67f59f0900 3917221232 S Ci:2:006:0 s c0 bc 0800 23be 0004 4 <
ffff8e67f59f0900 3917223741 C Ci:2:006:0 0 4 = 0000b267
ffff8e67f59f0900 3917223885 S Co:2:006:0 s 40 bc 0800 00c0 0002 2 = 07c8
ffff8e67f59f0900 3917226406 C Co:2:006:0 0 2 >
ffff8e67f59f0900 3917226632 S Co:2:006:0 s 40 b9 0000 0000 0004 4 = 09009c02
ffff8e67f59f0900 3917229046 C Co:2:006:0 0 4 >
ffff8e67f59f0900 3917229219 S Ii:2:006:3 -115:1 3 <
ffff8e67f59f0900 3917230211 C Ii:2:006:3 0:1 3 = 100000
ffff8e67f59f0900 3917230303 S Ci:2:006:0 s c0 bc 0800 0016 0002 2 <
ffff8e67f59f0900 3917232939 C Ci:2:006:0 0 2 = 0900
ffff8e67f59f0900 3917233367 S Ci:2:006:0 s c0 bc 0900 001c 0002 2 <
ffff8e67f59f0900 3917235526 C Ci:2:006:0 0 2 = 2f6f
ffff8e67f59f0900 3917235610 S Ci:2:006:0 s c0 bc 0800 23be 0002 2 <
ffff8e67f59f0900 3917238165 C Ci:2:006:0 0 2 = 0000
ffff8e67f59f0900 3917238225 S Co:2:006:0 s 40 bc 0900 0014 0002 2 = d09e
ffff8e67f59f0900 3917240721 C Co:2:006:0 0 2 >
ffff8e67f59f0900 3917240880 S Ci:2:006:0 s c0 bc 0900 001c 0002 2 <
ffff8e67f59f0900 3917243396 C Ci:2:006:0 0 2 = 2f6f
ffff8e67f59f0900 3917243578 S Co:2:006:0 s 40 bc 0800 00c0 0002 2 = 170c
ffff8e67f59f0900 3917246050 C Co:2:006:0 0 2 >
ffff8e67f59f0900 3917246230 S Co:2:006:0 s 40 b9 0000 0000 0004 4 = 09009c02
ffff8e67f59f0900 3917248638 C Co:2:006:0 0 4 >
ffff8e67f59f0900 3917248818 S Ii:2:006:3 -115:1 3 <
ffff8e67f59f0900 3917249829 C Ii:2:006:3 0:1 3 = 100000
ffff8e67f59f0900 3917249876 S Ci:2:006:0 s c0 bc 0800 0016 0002 2 <
ffff8e67f59f0900 3917252559 C Ci:2:006:0 0 2 = 0900
ffff8e67f59f0900 3917252620 S Ci:2:006:0 s c0 bc 0900 001c 0002 2 <
ffff8e67f59f0900 3917255224 C Ci:2:006:0 0 2 = 2f6f
ffff8e67f59f0900 3917255312 S Ci:2:006:0 s c0 bc 0800 23be 0002 2 <
ffff8e67f59f0900 3917257736 C Ci:2:006:0 0 2 = 0000
ffff8e67f59f0900 3917257965 S Co:2:006:0 s 40 bc 0900 0014 0002 2 = d09e
ffff8e67f59f0900 3917260398 C Co:2:006:0 0 2 >
ffff8e67f59f0900 3917260452 S Ci:2:006:0 s c0 bc 0900 001c 0002 2 <
ffff8e67f59f0900 3917263090 C Ci:2:006:0 0 2 = 2f6f
ffff8e67f59f0900 3917263290 S Co:2:006:0 s 40 bc 0800 00c0 0002 2 = 1933
ffff8e67f59f0900 3917265869 C Co:2:006:0 0 2 >
ffff8e67f59f0900 3917266069 S Co:2:006:0 s 40 b9 0000 0000 0004 4 = 09009c02
ffff8e67f59f0900 3917268600 C Co:2:006:0 0 4 >
ffff8e67f59f0900 3917268704 S Ii:2:006:3 -115:1 3 <
ffff8e67f59f0900 3917269992 C Ii:2:006:3 0:1 3 = 100000
ffff8e67f59f0900 3917270050 S Ci:2:006:0 s c0 bc 0800 0016 0002 2 <
ffff8e67f59f0900 3917272715 C Ci:2:006:0 0 2 = 0900
ffff8e67f59f0900 3917272807 S Ci:2:006:0 s c0 bc 0900 001c 0002 2 <
ffff8e67f59f0900 3917275426 C Ci:2:006:0 0 2 = 2f6f
ffff8e67f59f0900 3917275601 S Ci:2:006:0 s c0 bc 0800 23be 0002 2 <
ffff8e67f59f0900 3917278238 C Ci:2:006:0 0 2 = 0000
ffff8e67f59f0900 3917278385 S Co:2:006:0 s 40 bc 0900 0014 0002 2 = d09e
ffff8e67f59f0900 3917280951 C Co:2:006:0 0 2 >
ffff8e67f59f0900 3917281098 S Ci:2:006:0 s c0 bc 0900 001c 0002 2 <
ffff8e67f59f0900 3917283597 C Ci:2:006:0 0 2 = 2f6f
ffff8e67f59f0900 3917283768 S Co:2:006:0 s 40 bc 0800 00c0 0002 2 = 1a33
ffff8e67f59f0900 3917286383 C Co:2:006:0 0 2 >
ffff8e67f59f0900 3917286547 S Co:2:006:0 s 40 b9 0000 0000 0004 4 = 09009c02
ffff8e67f59f0900 3917289063 C Co:2:006:0 0 4 >
ffff8e67f59f0900 3917289236 S Ii:2:006:3 -115:1 3 <
ffff8e67f59f0900 3917290386 C Ii:2:006:3 0:1 3 = 100000
ffff8e67f59f0900 3917290544 S Ci:2:006:0 s c0 bc 0800 0016 0002 2 <
ffff8e67f59f0900 3917293179 C Ci:2:006:0 0 2 = 0900
ffff8e67f59f0900 3917293322 S Ci:2:006:0 s c0 bc 0900 001c 0002 2 <
ffff8e67f59f0900 3917295786 C Ci:2:006:0 0 2 = 2f6f
ffff8e67f59f0900 3917295897 S Ci:2:006:0 s c0 bc 0800 23be 0002 2 <
ffff8e67f59f0900 3917298577 C Ci:2:006:0 0 2 = 0000
ffff8e67f59f0900 3917298738 S Co:2:006:0 s 40 bc 0900 0014 0002 2 = d09e
ffff8e67f59f0900 3917301247 C Co:2:006:0 0 2 >
ffff8e67f59f0900 3917301398 S Ci:2:006:0 s c0 bc 0900 001c 0002 2 <
ffff8e67f59f0900 3917304026 C Ci:2:006:0 0 2 = 2f6f
ffff8e67f59f0900 3917304170 S Co:2:006:0 s 40 bc 0800 00c0 0002 2 = 1b30
ffff8e67f59f0900 3917306673 C Co:2:006:0 0 2 >
ffff8e67f59f0900 3917306804 S Co:2:006:0 s 40 b9 0000 0000 0004 4 = 09009c02
ffff8e67f59f0900 3917309314 C Co:2:006:0 0 4 >
ffff8e67f59f0900 3917309450 S Ii:2:006:3 -115:1 3 <
ffff8e67f59f0900 3917310705 C Ii:2:006:3 0:1 3 = 100000
ffff8e67f59f0900 3917310837 S Ci:2:006:0 s c0 bc 0800 0016 0002 2 <
ffff8e67f59f0900 3917313514 C Ci:2:006:0 0 2 = 0900
ffff8e67f59f0900 3917313609 S Ci:2:006:0 s c0 bc 0900 001c 0002 2 <
ffff8e67f59f0900 3917316229 C Ci:2:006:0 0 2 = 2f6f
ffff8e67f59f0900 3917316325 S Ci:2:006:0 s c0 bc 0800 23be 0002 2 <
ffff8e67f59f0900 3917318914 C Ci:2:006:0 0 2 = 0000
ffff8e67f59f0900 3917319067 S Co:2:006:0 s 40 bc 0900 0014 0002 2 = d09e
ffff8e67f59f0900 3917321704 C Co:2:006:0 0 2 >
ffff8e67f59f0900 3917321839 S Ci:2:006:0 s c0 bc 0900 001c 0002 2 <
ffff8e67f59f0900 3917324303 C Ci:2:006:0 0 2 = 2f6f
ffff8e67f59f0900 3917324436 S Co:2:006:0 s 40 bc 0800 00c0 0002 2 = 20cc
ffff8e67f59f0900 3917327067 C Co:2:006:0 0 2 >
ffff8e67f59f0900 3917327204 S Co:2:006:0 s 40 b9 0000 0000 0004 4 = 09009c02
ffff8e67f59f0900 3917329702 C Co:2:006:0 0 4 >
ffff8e67f59f0900 3917329831 S Ii:2:006:3 -115:1 3 <
ffff8e67f59f0900 3917331073 C Ii:2:006:3 0:1 3 = 100000
ffff8e67f59f0900 3917331208 S Ci:2:006:0 s c0 bc 0800 0016 0002 2 <
ffff8e67f59f0900 3917333817 C Ci:2:006:0 0 2 = 0900
ffff8e67f59f0900 3917333953 S Ci:2:006:0 s c0 bc 0900 001c 0002 2 <
ffff8e67f59f0900 3917336537 C Ci:2:006:0 0 2 = 2f6f
ffff8e67f59f0900 3917336682 S Ci:2:006:0 s c0 bc 0800 23be 0002 2 <
ffff8e67f59f0900 3917339229 C Ci:2:006:0 0 2 = 0000
ffff8e67f59f0900 3917339366 S Co:2:006:0 s 40 bc 0900 0014 0002 2 = d09e
ffff8e67f59f0900 3917341955 C Co:2:006:0 0 2 >
ffff8e67f59f0900 3917342098 S Ci:2:006:0 s c0 bc 0900 001c 0002 2 <
ffff8e67f59f0900 3917344732 C Ci:2:006:0 0 2 = 2f6f
ffff8e67f59f0900 3917344921 S Co:2:006:0 s 40 bc 0800 00c0 0004 4 = 9dcd1e00
ffff8e67f59f0900 3917347338 C Co:2:006:0 0 4 >
ffff8e67f59f0900 3917347472 S Co:2:006:0 s 40 b9 0000 0000 0004 4 = 09006603
ffff8e67f59f0900 3917350088 C Co:2:006:0 0 4 >
ffff8e67f59f0900 3917350221 S Ii:2:006:3 -115:1 3 <
ffff8e67f59f0900 3917351446 C Ii:2:006:3 0:1 3 = 100000
ffff8e67f59f0900 3917351595 S Ci:2:006:0 s c0 bc 0800 0016 0002 2 <
ffff8e67f59f0900 3917354202 C Ci:2:006:0 0 2 = 0900
ffff8e67f59f0900 3917354309 S Ci:2:006:0 s c0 bc 0900 001c 0002 2 <
ffff8e67f59f0900 3917356950 C Ci:2:006:0 0 2 = 2f6f
ffff8e67f59f0900 3917357123 S Ci:2:006:0 s c0 bc 0800 23be 0002 2 <
ffff8e67f59f0900 3917359721 C Ci:2:006:0 0 2 = 0000
ffff8e67f59f0900 3917359836 S Co:2:006:0 s 40 bc 0900 0014 0002 2 = d09e
ffff8e67f59f0900 3917362603 C Co:2:006:0 0 2 >
ffff8e67f59f0900 3917362705 S Ci:2:006:0 s c0 bc 0900 001c 0002 2 <
ffff8e67f59f0900 3917365322 C Ci:2:006:0 0 2 = 2f6f
ffff8e67f59f0900 3917365422 S Co:2:006:0 s 40 b9 0000 0000 0004 4 = 09016601
ffff8e67f59f0900 3917368127 C Co:2:006:0 0 4 >
ffff8e67f59f0900 3917368236 S Ii:2:006:3 -115:1 3 <
ffff8e67f59f0900 3917369360 C Ii:2:006:3 0:1 3 = 100000
ffff8e67f59f0900 3917369509 S Ci:2:006:0 s c0 bc 0800 0016 0002 2 <
ffff8e67f59f0900 3917372206 C Ci:2:006:0 0 2 = 0900
ffff8e67f59f0900 3917372343 S Ci:2:006:0 s c0 bc 0900 001c 0002 2 <
ffff8e67f59f0900 3917374982 C Ci:2:006:0 0 2 = 2f6f
ffff8e67f59f0900 3917375142 S Ci:2:006:0 s c0 bc 0800 23be 0004 4 <
ffff8e67f59f0900 3917377701 C Ci:2:006:0 0 4 = 0000b267
ffff8e67f59f0900 3917377836 S Co:2:006:0 s 40 bc 0800 00c0 0002 2 = 21cc
ffff8e67f59f0900 3917380434 C Co:2:006:0 0 2 >
ffff8e67f59f0900 3917380570 S Co:2:006:0 s 40 b9 0000 0000 0004 4 = 09009c02
ffff8e67f59f0900 3917383193 C Co:2:006:0 0 4 >
ffff8e67f59f0900 3917383335 S Ii:2:006:3 -115:1 3 <
ffff8e67f59f0900 3917384556 C Ii:2:006:3 0:1 3 = 100000
ffff8e67f59f0900 3917384706 S Ci:2:006:0 s c0 bc 0800 0016 0002 2 <
ffff8e67f59f0900 3917387206 C Ci:2:006:0 0 2 = 0900
ffff8e67f59f0900 3917387398 S Ci:2:006:0 s c0 bc 0900 001c 0002 2 <
ffff8e67f59f0900 3917389947 C Ci:2:006:0 0 2 = 2f6f
ffff8e67f59f0900 3917390085 S Ci:2:006:0 s c0 bc 0800 23be 0002 2 <
ffff8e67f59f0900 3917392622 C Ci:2:006:0 0 2 = 0000
ffff8e67f59f0900 3917392754 S Co:2:006:0 s 40 bc 0900 0014 0002 2 = d09e
ffff8e67f59f0900 3917395219 C Co:2:006:0 0 2 >
ffff8e67f59f0900 3917395369 S Ci:2:006:0 s c0 bc 0900 001c 0002 2 <
ffff8e67f59f0900 3917397947 C Ci:2:006:0 0 2 = 2f6f
ffff8e67f59f0900 3917398088 S Co:2:006:0 s 40 bc 0800 00c0 0002 2 = 22ea
ffff8e67f59f0900 3917400668 C Co:2:006:0 0 2 >
ffff8e67f59f0900 3917400798 S Co:2:006:0 s 40 b9 0000 0000 0004 4 = 09009c02
ffff8e67f59f0900 3917403325 C Co:2:006:0 0 4 >
ffff8e67f59f0900 3917403458 S Ii:2:006:3 -115:1 3 <
ffff8e67f59f0900 3917404620 C Ii:2:006:3 0:1 3 = 100000
ffff8e67f59f0900 3917404753 S Ci:2:006:0 s c0 bc 0800 0016 0002 2 <
ffff8e67f59f0900 3917407395 C Ci:2:006:0 0 2 = 0900
ffff8e67f59f0900 3917407558 S Ci:2:006:0 s c0 bc 0900 001c 0002 2 <
ffff8e67f59f0900 3917410103 C Ci:2:006:0 0 2 = 2f6f
ffff8e67f59f0900 3917410240 S Ci:2:006:0 s c0 bc 0800 23be 0002 2 <
ffff8e67f59f0900 3917412777 C Ci:2:006:0 0 2 = 0000
ffff8e67f59f0900 3917412910 S Co:2:006:0 s 40 bc 0900 0014 0002 2 = d09e
ffff8e67f59f0900 3917415542 C Co:2:006:0 0 2 >
ffff8e67f59f0900 3917415668 S Ci:2:006:0 s c0 bc 0900 001c 0002 2 <
ffff8e67f59f0900 3917418257 C Ci:2:006:0 0 2 = 2f6f
ffff8e67f59f0900 3917418395 S Co:2:006:0 s 40 bc 0800 00c0 0002 2 = 27cc
ffff8e67f59f0900 3917420939 C Co:2:006:0 0 2 >
ffff8e67f59f0900 3917421082 S Co:2:006:0 s 40 b9 0000 0000 0004 4 = 09009c02
ffff8e67f59f0900 3917423640 C Co:2:006:0 0 4 >
ffff8e67f59f0900 3917423783 S Ii:2:006:3 -115:1 3 <
ffff8e67f59f0900 3917424896 C Ii:2:006:3 0:1 3 = 100000
ffff8e67f59f0900 3917425033 S Ci:2:006:0 s c0 bc 0800 0016 0002 2 <
ffff8e67f59f0900 3917427657 C Ci:2:006:0 0 2 = 0900
ffff8e67f59f0900 3917427754 S Ci:2:006:0 s c0 bc 0900 001c 0002 2 <
ffff8e67f59f0900 3917430342 C Ci:2:006:0 0 2 = 2f6f
ffff8e67f59f0900 3917430464 S Ci:2:006:0 s c0 bc 0800 23be 0002 2 <
ffff8e67f59f0900 3917433028 C Ci:2:006:0 0 2 = 0000
ffff8e67f59f0900 3917433191 S Co:2:006:0 s 40 bc 0900 0014 0002 2 = d09e
ffff8e67f59f0900 3917435721 C Co:2:006:0 0 2 >
ffff8e67f59f0900 3917435822 S Ci:2:006:0 s c0 bc 0900 001c 0002 2 <
ffff8e67f59f0900 3917438690 C Ci:2:006:0 0 2 = 2f6f
ffff8e67f59f0900 3917438800 S Co:2:006:0 s 40 bc 0800 00c0 0004 4 = 9dcd1100
ffff8e67f59f0900 3917441314 C Co:2:006:0 0 4 >
ffff8e67f59f0900 3917441435 S Co:2:006:0 s 40 b9 0000 0000 0004 4 = 09006603
ffff8e67f59f0900 3917444016 C Co:2:006:0 0 4 >
ffff8e67f59f0900 3917444130 S Ii:2:006:3 -115:1 3 <
ffff8e67f59f0900 3917445406 C Ii:2:006:3 0:1 3 = 100000
ffff8e67f59f0900 3917445527 S Ci:2:006:0 s c0 bc 0800 0016 0002 2 <
ffff8e67f59f0900 3917448197 C Ci:2:006:0 0 2 = 0900
ffff8e67f59f0900 3917448316 S Ci:2:006:0 s c0 bc 0900 001c 0002 2 <
ffff8e67f59f0900 3917450910 C Ci:2:006:0 0 2 = 2f6f
ffff8e67f59f0900 3917451070 S Ci:2:006:0 s c0 bc 0800 23be 0002 2 <
ffff8e67f59f0900 3917453675 C Ci:2:006:0 0 2 = 0000
ffff8e67f59f0900 3917453823 S Co:2:006:0 s 40 bc 0900 0014 0002 2 = d09e
ffff8e67f59f0900 3917456407 C Co:2:006:0 0 2 >
ffff8e67f59f0900 3917456533 S Ci:2:006:0 s c0 bc 0900 001c 0002 2 <
ffff8e67f59f0900 3917459140 C Ci:2:006:0 0 2 = 2f6f
ffff8e67f59f0900 3917459254 S Co:2:006:0 s 40 b9 0000 0000 0004 4 = 09016601
ffff8e67f59f0900 3917461827 C Co:2:006:0 0 4 >
ffff8e67f59f0900 3917461934 S Ii:2:006:3 -115:1 3 <
ffff8e67f59f0900 3917463148 C Ii:2:006:3 0:1 3 = 100000
ffff8e67f59f0900 3917463265 S Ci:2:006:0 s c0 bc 0800 0016 0002 2 <
ffff8e67f59f0900 3917465815 C Ci:2:006:0 0 2 = 0900
ffff8e67f59f0900 3917465917 S Ci:2:006:0 s c0 bc 0900 001c 0002 2 <
ffff8e67f59f0900 3917468547 C Ci:2:006:0 0 2 = 2f6f
ffff8e67f59f0900 3917468692 S Ci:2:006:0 s c0 bc 0800 23be 0004 4 <
ffff8e67f59f0900 3917471354 C Ci:2:006:0 0 4 = 0000b267
ffff8e67f59f0900 3917471508 S Co:2:006:0 s 40 bc 0800 00c0 0002 2 = 2e6d
ffff8e67f59f0900 3917474075 C Co:2:006:0 0 2 >
ffff8e67f59f0900 3917474179 S Co:2:006:0 s 40 b9 0000 0000 0004 4 = 09009c02
ffff8e67f59f0900 3917476762 C Co:2:006:0 0 4 >
ffff8e67f59f0900 3917476918 S Ii:2:006:3 -115:1 3 <
ffff8e67f59f0900 3917477939 C Ii:2:006:3 0:1 3 = 100000
ffff8e67f59f0900 3917478062 S Ci:2:006:0 s c0 bc 0800 0016 0002 2 <
ffff8e67f59f0900 3917480745 C Ci:2:006:0 0 2 = 0900
ffff8e67f59f0900 3917480859 S Ci:2:006:0 s c0 bc 0900 001c 0002 2 <
ffff8e67f59f0900 3917483426 C Ci:2:006:0 0 2 = 2f6f
ffff8e67f59f0900 3917483540 S Ci:2:006:0 s c0 bc 0800 23be 0002 2 <
ffff8e67f59f0900 3917486188 C Ci:2:006:0 0 2 = 0000
ffff8e67f59f0900 3917486313 S Co:2:006:0 s 40 bc 0900 0014 0002 2 = d09e
ffff8e67f59f0900 3917488953 C Co:2:006:0 0 2 >
ffff8e67f59f0900 3917489070 S Ci:2:006:0 s c0 bc 0900 001c 0002 2 <
ffff8e67f59f0900 3917491529 C Ci:2:006:0 0 2 = 2f6f
ffff8e67f59f0900 3917491647 S Co:2:006:0 s 40 bc 0800 00c0 0004 4 = 9989fa00
ffff8e67f59f0900 3917494186 C Co:2:006:0 0 4 >
ffff8e67f59f0900 3917494292 S Co:2:006:0 s 40 b9 0000 0000 0004 4 = 09006603
ffff8e67f59f0900 3917496894 C Co:2:006:0 0 4 >
ffff8e67f59f0900 3917497020 S Ii:2:006:3 -115:1 3 <
ffff8e67f59f0900 3917498230 C Ii:2:006:3 0:1 3 = 100000
ffff8e67f59f0900 3917498329 S Ci:2:006:0 s c0 bc 0800 0016 0002 2 <
ffff8e67f59f0900 3917500960 C Ci:2:006:0 0 2 = 0900
ffff8e67f59f0900 3917501073 S Ci:2:006:0 s c0 bc 0900 001c 0002 2 <
ffff8e67f59f0900 3917503714 C Ci:2:006:0 0 2 = 2f6f
ffff8e67f59f0900 3917503857 S Ci:2:006:0 s c0 bc 0800 23be 0002 2 <
ffff8e67f59f0900 3917506372 C Ci:2:006:0 0 2 = 0000
ffff8e67f59f0900 3917506490 S Co:2:006:0 s 40 bc 0900 0014 0002 2 = d09e
ffff8e67f59f0900 3917509207 C Co:2:006:0 0 2 >
ffff8e67f59f0900 3917509316 S Ci:2:006:0 s c0 bc 0900 001c 0002 2 <
ffff8e67f59f0900 3917511929 C Ci:2:006:0 0 2 = 2f6f
ffff8e67f59f0900 3917512074 S Co:2:006:0 s 40 b9 0000 0000 0004 4 = 09016601
ffff8e67f59f0900 3917514660 C Co:2:006:0 0 4 >
ffff8e67f59f0900 3917514787 S Ii:2:006:3 -115:1 3 <
ffff8e67f59f0900 3917515978 C Ii:2:006:3 0:1 3 = 100000
ffff8e67f59f0900 3917516098 S Ci:2:006:0 s c0 bc 0800 0016 0002 2 <
ffff8e67f59f0900 3917518718 C Ci:2:006:0 0 2 = 0900
ffff8e67f59f0900 3917518849 S Ci:2:006:0 s c0 bc 0900 001c 0002 2 <
ffff8e67f59f0900 3917521434 C Ci:2:006:0 0 2 = 2f6f
ffff8e67f59f0900 3917521579 S Ci:2:006:0 s c0 bc 0800 23be 0004 4 <
ffff8e67f59f0900 3917524201 C Ci:2:006:0 0 4 = 0000a467
ffff8e67f59f0900 3917524324 S Co:2:006:0 s 40 bc 0800 00c0 0004 4 = 9989f900
ffff8e67f59f0900 3917526972 C Co:2:006:0 0 4 >
ffff8e67f59f0900 3917527134 S Co:2:006:0 s 40 b9 0000 0000 0004 4 = 09006603
ffff8e67f59f0900 3917529760 C Co:2:006:0 0 4 >
ffff8e67f59f0900 3917529836 S Ii:2:006:3 -115:1 3 <
ffff8e67f59f0900 3917531004 C Ii:2:006:3 0:1 3 = 100000
ffff8e67f59f0900 3917531047 S Ci:2:006:0 s c0 bc 0800 0016 0002 2 <
ffff8e67f59f0900 3917533799 C Ci:2:006:0 0 2 = 0900
ffff8e67f59f0900 3917533914 S Ci:2:006:0 s c0 bc 0900 001c 0002 2 <
ffff8e67f59f0900 3917536435 C Ci:2:006:0 0 2 = 2f6f
ffff8e67f59f0900 3917536551 S Ci:2:006:0 s c0 bc 0800 23be 0002 2 <
ffff8e67f59f0900 3917539197 C Ci:2:006:0 0 2 = 0000
ffff8e67f59f0900 3917539315 S Co:2:006:0 s 40 bc 0900 0014 0002 2 = d09e
ffff8e67f59f0900 3917541899 C Co:2:006:0 0 2 >
ffff8e67f59f0900 3917542015 S Ci:2:006:0 s c0 bc 0900 001c 0002 2 <
ffff8e67f59f0900 3917544590 C Ci:2:006:0 0 2 = 2f6f
ffff8e67f59f0900 3917544733 S Co:2:006:0 s 40 b9 0000 0000 0004 4 = 09016601
ffff8e67f59f0900 3917547209 C Co:2:006:0 0 4 >
ffff8e67f59f0900 3917547324 S Ii:2:006:3 -115:1 3 <
ffff8e67f59f0900 3917548498 C Ii:2:006:3 0:1 3 = 100000
ffff8e67f59f0900 3917548654 S Ci:2:006:0 s c0 bc 0800 0016 0002 2 <
ffff8e67f59f0900 3917551226 C Ci:2:006:0 0 2 = 0900
ffff8e67f59f0900 3917551348 S Ci:2:006:0 s c0 bc 0900 001c 0002 2 <
ffff8e67f59f0900 3917553941 C Ci:2:006:0 0 2 = 2f6f
ffff8e67f59f0900 3917554103 S Ci:2:006:0 s c0 bc 0800 23be 0004 4 <
ffff8e67f59f0900 3917556561 C Ci:2:006:0 0 4 = 00007f67
ffff8e67f59f0900 3917556664 S Co:2:006:0 s 40 bc 0800 00c0 0004 4 = 9989f800
ffff8e67f59f0900 3917559188 C Co:2:006:0 0 4 >
ffff8e67f59f0900 3917559310 S Co:2:006:0 s 40 b9 0000 0000 0004 4 = 09006603
ffff8e67f59f0900 3917561919 C Co:2:006:0 0 4 >
ffff8e67f59f0900 3917562043 S Ii:2:006:3 -115:1 3 <
ffff8e67f59f0900 3917563196 C Ii:2:006:3 0:1 3 = 100000
ffff8e67f59f0900 3917563276 S Ci:2:006:0 s c0 bc 0800 0016 0002 2 <
ffff8e67f59f0900 3917565911 C Ci:2:006:0 0 2 = 0900
ffff8e67f59f0900 3917566051 S Ci:2:006:0 s c0 bc 0900 001c 0002 2 <
ffff8e67f59f0900 3917568622 C Ci:2:006:0 0 2 = 2f6f
ffff8e67f59f0900 3917568726 S Ci:2:006:0 s c0 bc 0800 23be 0002 2 <
ffff8e67f59f0900 3917571251 C Ci:2:006:0 0 2 = 0000
ffff8e67f59f0900 3917571362 S Co:2:006:0 s 40 bc 0900 0014 0002 2 = d09e
ffff8e67f59f0900 3917573857 C Co:2:006:0 0 2 >
ffff8e67f59f0900 3917573960 S Ci:2:006:0 s c0 bc 0900 001c 0002 2 <
ffff8e67f59f0900 3917576570 C Ci:2:006:0 0 2 = 2f6f
ffff8e67f59f0900 3917576685 S Co:2:006:0 s 40 b9 0000 0000 0004 4 = 09016601
ffff8e67f59f0900 3917579134 C Co:2:006:0 0 4 >
ffff8e67f59f0900 3917579246 S Ii:2:006:3 -115:1 3 <
ffff8e67f59f0900 3917580554 C Ii:2:006:3 0:1 3 = 100000
ffff8e67f59f0900 3917580691 S Ci:2:006:0 s c0 bc 0800 0016 0002 2 <
ffff8e67f59f0900 3917583222 C Ci:2:006:0 0 2 = 0900
ffff8e67f59f0900 3917583379 S Ci:2:006:0 s c0 bc 0900 001c 0002 2 <
ffff8e67f59f0900 3917585893 C Ci:2:006:0 0 2 = 2f6f
ffff8e67f59f0900 3917586053 S Ci:2:006:0 s c0 bc 0800 23be 0004 4 <
ffff8e67f59f0900 3917588540 C Ci:2:006:0 0 4 = 00007867
ffff8e67f59f0900 3917588678 S Co:2:006:0 s 40 bc 0800 00c0 0004 4 = 9989fe00
ffff8e67f59f0900 3917591152 C Co:2:006:0 0 4 >
ffff8e67f59f0900 3917591312 S Co:2:006:0 s 40 b9 0000 0000 0004 4 = 09006603
ffff8e67f59f0900 3917593945 C Co:2:006:0 0 4 >
ffff8e67f59f0900 3917594093 S Ii:2:006:3 -115:1 3 <
ffff8e67f59f0900 3917595218 C Ii:2:006:3 0:1 3 = 100000
ffff8e67f59f0900 3917595309 S Ci:2:006:0 s c0 bc 0800 0016 0002 2 <
ffff8e67f59f0900 3917598074 C Ci:2:006:0 0 2 = 0900
ffff8e67f59f0900 3917598209 S Ci:2:006:0 s c0 bc 0900 001c 0002 2 <
ffff8e67f59f0900 3917600809 C Ci:2:006:0 0 2 = 2f6f
ffff8e67f59f0900 3917600953 S Ci:2:006:0 s c0 bc 0800 23be 0002 2 <
ffff8e67f59f0900 3917603529 C Ci:2:006:0 0 2 = 0000
ffff8e67f59f0900 3917603663 S Co:2:006:0 s 40 bc 0900 0014 0002 2 = d09e
ffff8e67f59f0900 3917606232 C Co:2:006:0 0 2 >
ffff8e67f59f0900 3917606318 S Ci:2:006:0 s c0 bc 0900 001c 0002 2 <
ffff8e67f59f0900 3917608872 C Ci:2:006:0 0 2 = 2f6f
ffff8e67f59f0900 3917608936 S Co:2:006:0 s 40 b9 0000 0000 0004 4 = 09016601
ffff8e67f59f0900 3917611484 C Co:2:006:0 0 4 >
ffff8e67c26db180 3917612289 S Ii:2:006:3 -115:1 3 <
ffff8e67c26db180 3917612712 C Ii:2:006:3 0:1 3 = 100000
ffff8e67c26db180 3917612797 S Ci:2:006:0 s c0 bc 0800 0016 0002 2 <
ffff8e67c26db180 3917615447 C Ci:2:006:0 0 2 = 0900
ffff8e67c26db180 3917615541 S Ci:2:006:0 s c0 bc 0900 001c 0002 2 <
ffff8e67c26db180 3917618062 C Ci:2:006:0 0 2 = 2f6f
ffff8e67c26db180 3917618209 S Ci:2:006:0 s c0 bc 0800 23be 0004 4 <
ffff8e67c26db180 3917620742 C Ci:2:006:0 0 4 = 00000e67
ffff8e67c26db180 3917620849 S Co:2:006:0 s 40 bc 0800 00c0 0002 2 = 0588
ffff8e67c26db180 3917623440 C Co:2:006:0 0 2 >
ffff8e67c26db180 3917623544 S Co:2:006:0 s 40 b9 0000 0000 0004 4 = 09009802
ffff8e67c26db180 3917626021 C Co:2:006:0 0 4 >
ffff8e67c26db180 3917626152 S Ii:2:006:3 -115:1 3 <
ffff8e67c26db180 3917627305 C Ii:2:006:3 0:1 3 = 100000
ffff8e67c26db180 3917627405 S Ci:2:006:0 s c0 bc 0800 0016 0002 2 <
ffff8e67c26db180 3917630014 C Ci:2:006:0 0 2 = 0900
ffff8e67c26db180 3917630141 S Ci:2:006:0 s c0 bc 0900 001c 0002 2 <
ffff8e67c26db180 3917632795 C Ci:2:006:0 0 2 = 2f6f
ffff8e67c26db180 3917632895 S Ci:2:006:0 s c0 bc 0800 23be 0002 2 <
ffff8e67c26db180 3917635381 C Ci:2:006:0 0 2 = 0000
ffff8e67c26db180 3917635493 S Co:2:006:0 s 40 bc 0900 0014 0002 2 = d09e
ffff8e67c26db180 3917638142 C Co:2:006:0 0 2 >
ffff8e67c26db180 3917638211 S Ci:2:006:0 s c0 bc 0900 001c 0002 2 <
ffff8e67c26db180 3917640801 C Ci:2:006:0 0 2 = 2f6f
ffff8e67c26db180 3917640869 S Co:2:006:0 s 40 bc 0800 00c0 0002 2 = 04b5
ffff8e67c26db180 3917643476 C Co:2:006:0 0 2 >
ffff8e67c26db180 3917643566 S Co:2:006:0 s 40 b9 0000 0000 0004 4 = 09009802
ffff8e67c26db180 3917646103 C Co:2:006:0 0 4 >
ffff8e67c26db180 3917646185 S Ii:2:006:3 -115:1 3 <
ffff8e67c26db180 3917647287 C Ii:2:006:3 0:1 3 = 100000
ffff8e67c26db180 3917647345 S Ci:2:006:0 s c0 bc 0800 0016 0002 2 <
ffff8e67c26db180 3917649978 C Ci:2:006:0 0 2 = 0900
ffff8e67c26db180 3917650077 S Ci:2:006:0 s c0 bc 0900 001c 0002 2 <
ffff8e67c26db180 3917652593 C Ci:2:006:0 0 2 = 2f6f
ffff8e67c26db180 3917652657 S Ci:2:006:0 s c0 bc 0800 23be 0002 2 <
ffff8e67c26db180 3917655323 C Ci:2:006:0 0 2 = 0000
ffff8e67c26db180 3917655400 S Co:2:006:0 s 40 bc 0900 0014 0002 2 = d09e
ffff8e67c26db180 3917657965 C Co:2:006:0 0 2 >
ffff8e67c26db180 3917658061 S Ci:2:006:0 s c0 bc 0900 001c 0002 2 <
ffff8e67c26db180 3917660594 C Ci:2:006:0 0 2 = 2f6f
ffff8e67c26db180 3917660678 S Co:2:006:0 s 40 bc 0800 00c0 0002 2 = 0495
ffff8e67c26db180 3917663249 C Co:2:006:0 0 2 >
ffff8e67c26db180 3917663340 S Co:2:006:0 s 40 b9 0000 0000 0004 4 = 09009802
ffff8e67c26db180 3917665999 C Co:2:006:0 0 4 >
ffff8e67c26db180 3917666092 S Ii:2:006:3 -115:1 3 <
ffff8e67c26db180 3917667275 C Ii:2:006:3 0:1 3 = 100000
ffff8e67c26db180 3917667361 S Ci:2:006:0 s c0 bc 0800 0016 0002 2 <
ffff8e67c26db180 3917669973 C Ci:2:006:0 0 2 = 0900
ffff8e67c26db180 3917670068 S Ci:2:006:0 s c0 bc 0900 001c 0002 2 <
ffff8e67c26db180 3917672609 C Ci:2:006:0 0 2 = 2f6f
ffff8e67c26db180 3917672677 S Ci:2:006:0 s c0 bc 0800 23be 0002 2 <
ffff8e67c26db180 3917675216 C Ci:2:006:0 0 2 = 0000
ffff8e67c26db180 3917675293 S Co:2:006:0 s 40 bc 0900 0014 0002 2 = d09e
ffff8e67c26db180 3917677869 C Co:2:006:0 0 2 >
ffff8e67c26db180 3917677944 S Ci:2:006:0 s c0 bc 0900 001c 0002 2 <
ffff8e67c26db180 3917680476 C Ci:2:006:0 0 2 = 2f6f
ffff8e67c26db180 3917680567 S Co:2:006:0 s 40 bc 0800 00c0 0002 2 = 61b8
ffff8e67c26db180 3917683148 C Co:2:006:0 0 2 >
ffff8e67c26db180 3917683209 S Co:2:006:0 s 40 b9 0000 0000 0004 4 = 09009802
ffff8e67c26db180 3917685824 C Co:2:006:0 0 4 >
ffff8e67c26db180 3917685900 S Ii:2:006:3 -115:1 3 <
ffff8e67c26db180 3917687053 C Ii:2:006:3 0:1 3 = 100000
ffff8e67c26db180 3917687125 S Ci:2:006:0 s c0 bc 0800 0016 0002 2 <
ffff8e67c26db180 3917689699 C Ci:2:006:0 0 2 = 0900
ffff8e67c26db180 3917689770 S Ci:2:006:0 s c0 bc 0900 001c 0002 2 <
ffff8e67c26db180 3917692327 C Ci:2:006:0 0 2 = 2f6f
ffff8e67c26db180 3917692404 S Ci:2:006:0 s c0 bc 0800 23be 0002 2 <
ffff8e67c26db180 3917694976 C Ci:2:006:0 0 2 = 0000
ffff8e67c26db180 3917695084 S Co:2:006:0 s 40 bc 0900 0014 0002 2 = d09e
ffff8e67c26db180 3917697570 C Co:2:006:0 0 2 >
ffff8e67c26db180 3917697714 S Ci:2:006:0 s c0 bc 0900 001c 0002 2 <
ffff8e67c26db180 3917700140 C Ci:2:006:0 0 2 = 2f6f
ffff8e67c26db180 3917700280 S Co:2:006:0 s 40 bc 0800 00c0 0002 2 = 093a
ffff8e67c26db180 3917702834 C Co:2:006:0 0 2 >
ffff8e67c26db180 3917702945 S Co:2:006:0 s 40 b9 0000 0000 0004 4 = 09009802
ffff8e67c26db180 3917705430 C Co:2:006:0 0 4 >
ffff8e67c26db180 3917705547 S Ii:2:006:3 -115:1 3 <
ffff8e67c26db180 3917706646 C Ii:2:006:3 0:1 3 = 100000
ffff8e67c26db180 3917706782 S Ci:2:006:0 s c0 bc 0800 0016 0002 2 <
ffff8e67c26db180 3917709347 C Ci:2:006:0 0 2 = 0900
ffff8e67c26db180 3917709473 S Ci:2:006:0 s c0 bc 0900 001c 0002 2 <
ffff8e67c26db180 3917711977 C Ci:2:006:0 0 2 = 2f6f
ffff8e67c26db180 3917712089 S Ci:2:006:0 s c0 bc 0800 23be 0002 2 <
ffff8e67c26db180 3917714553 C Ci:2:006:0 0 2 = 0000
ffff8e67c26db180 3917714661 S Co:2:006:0 s 40 bc 0900 0014 0002 2 = d09e
ffff8e67c26db180 3917717033 C Co:2:006:0 0 2 >
ffff8e67c26db180 3917717142 S Ci:2:006:0 s c0 bc 0900 001c 0002 2 <
ffff8e67c26db180 3917719673 C Ci:2:006:0 0 2 = 2f6f
ffff8e67c26db180 3917719755 S Co:2:006:0 s 40 bc 0800 00c0 0002 2 = 0a70
ffff8e67c26db180 3917722282 C Co:2:006:0 0 2 >
ffff8e67c26db180 3917722387 S Co:2:006:0 s 40 b9 0000 0000 0004 4 = 09009802
ffff8e67c26db180 3917724931 C Co:2:006:0 0 4 >
ffff8e67c26db180 3917725049 S Ii:2:006:3 -115:1 3 <
ffff8e67c26db180 3917726089 C Ii:2:006:3 0:1 3 = 100000
ffff8e67c26db180 3917726175 S Ci:2:006:0 s c0 bc 0800 0016 0002 2 <
ffff8e67c26db180 3917728792 C Ci:2:006:0 0 2 = 0900
ffff8e67c26db180 3917728897 S Ci:2:006:0 s c0 bc 0900 001c 0002 2 <
ffff8e67c26db180 3917731398 C Ci:2:006:0 0 2 = 2f6f
ffff8e67c26db180 3917731505 S Ci:2:006:0 s c0 bc 0800 23be 0002 2 <
ffff8e67c26db180 3917734081 C Ci:2:006:0 0 2 = 0000
ffff8e67c26db180 3917734178 S Co:2:006:0 s 40 bc 0900 0014 0002 2 = d09e
ffff8e67c26db180 3917736666 C Co:2:006:0 0 2 >
ffff8e67c26db180 3917736735 S Ci:2:006:0 s c0 bc 0900 001c 0002 2 <
ffff8e67c26db180 3917739154 C Ci:2:006:0 0 2 = 2f6f
ffff8e67c26db180 3917739256 S Co:2:006:0 s 40 bc 0800 00c0 0002 2 = 0bbf
ffff8e67c26db180 3917741776 C Co:2:006:0 0 2 >
ffff8e67c26db180 3917741893 S Co:2:006:0 s 40 b9 0000 0000 0004 4 = 09009802
ffff8e67c26db180 3917744281 C Co:2:006:0 0 4 >
ffff8e67c26db180 3917744376 S Ii:2:006:3 -115:1 3 <
ffff8e67c26db180 3917745502 C Ii:2:006:3 0:1 3 = 100000
ffff8e67c26db180 3917745555 S Ci:2:006:0 s c0 bc 0800 0016 0002 2 <
ffff8e67c26db180 3917748045 C Ci:2:006:0 0 2 = 0900
ffff8e67c26db180 3917748156 S Ci:2:006:0 s c0 bc 0900 001c 0002 2 <
ffff8e67c26db180 3917750662 C Ci:2:006:0 0 2 = 2f6f
ffff8e67c26db180 3917750758 S Ci:2:006:0 s c0 bc 0800 23be 0002 2 <
ffff8e67c26db180 3917753282 C Ci:2:006:0 0 2 = 0000
ffff8e67c26db180 3917753381 S Co:2:006:0 s 40 bc 0900 0014 0002 2 = d09e
ffff8e67c26db180 3917755913 C Co:2:006:0 0 2 >
ffff8e67c26db180 3917756007 S Ci:2:006:0 s c0 bc 0900 001c 0002 2 <
ffff8e67c26db180 3917758539 C Ci:2:006:0 0 2 = 2f6f
ffff8e67c26db180 3917758626 S Co:2:006:0 s 40 bc 0800 00c0 0002 2 = c988
ffff8e67c26db180 3917761042 C Co:2:006:0 0 2 >
ffff8e67c26db180 3917761140 S Co:2:006:0 s 40 b9 0000 0000 0004 4 = 09009802
ffff8e67c26db180 3917763684 C Co:2:006:0 0 4 >
ffff8e67c26db180 3917763781 S Ii:2:006:3 -115:1 3 <
ffff8e67c26db180 3917764871 C Ii:2:006:3 0:1 3 = 100000
ffff8e67c26db180 3917764968 S Ci:2:006:0 s c0 bc 0800 0016 0002 2 <
ffff8e67c26db180 3917767540 C Ci:2:006:0 0 2 = 0900
ffff8e67c26db180 3917767644 S Ci:2:006:0 s c0 bc 0900 001c 0002 2 <
ffff8e67c26db180 3917770073 C Ci:2:006:0 0 2 = 2f6f
ffff8e67c26db180 3917770167 S Ci:2:006:0 s c0 bc 0800 23be 0002 2 <
ffff8e67c26db180 3917772656 C Ci:2:006:0 0 2 = 0000
ffff8e67c26db180 3917772725 S Co:2:006:0 s 40 bc 0900 0014 0002 2 = d09e
ffff8e67c26db180 3917775145 C Co:2:006:0 0 2 >
ffff8e67c26db180 3917775241 S Ci:2:006:0 s c0 bc 0900 001c 0002 2 <
ffff8e67c26db180 3917777578 C Ci:2:006:0 0 2 = 2f6f
ffff8e67c26db180 3917777653 S Co:2:006:0 s 40 bc 0800 00c0 0002 2 = ca88
ffff8e67c26db180 3917780144 C Co:2:006:0 0 2 >
ffff8e67c26db180 3917780240 S Co:2:006:0 s 40 b9 0000 0000 0004 4 = 09009802
ffff8e67c26db180 3917782645 C Co:2:006:0 0 4 >
ffff8e67c26db180 3917782738 S Ii:2:006:3 -115:1 3 <
ffff8e67c26db180 3917783875 C Ii:2:006:3 0:1 3 = 100000
ffff8e67c26db180 3917783971 S Ci:2:006:0 s c0 bc 0800 0016 0002 2 <
ffff8e67c26db180 3917786529 C Ci:2:006:0 0 2 = 0900
ffff8e67c26db180 3917786624 S Ci:2:006:0 s c0 bc 0900 001c 0002 2 <
ffff8e67c26db180 3917789083 C Ci:2:006:0 0 2 = 2f6f
ffff8e67c26db180 3917789178 S Ci:2:006:0 s c0 bc 0800 23be 0002 2 <
ffff8e67c26db180 3917791675 C Ci:2:006:0 0 2 = 0000
ffff8e67c26db180 3917791795 S Co:2:006:0 s 40 bc 0900 0014 0002 2 = d09e
ffff8e67c26db180 3917794274 C Co:2:006:0 0 2 >
ffff8e67c26db180 3917794369 S Ci:2:006:0 s c0 bc 0900 001c 0002 2 <
ffff8e67c26db180 3917796927 C Ci:2:006:0 0 2 = 2f6f
ffff8e67c26db180 3917797018 S Co:2:006:0 s 40 bc 0800 00c0 0002 2 = cb88
ffff8e67c26db180 3917799533 C Co:2:006:0 0 2 >
ffff8e67c26db180 3917799618 S Co:2:006:0 s 40 b9 0000 0000 0004 4 = 09009802
ffff8e67c26db180 3917802062 C Co:2:006:0 0 4 >
ffff8e67c26db180 3917802161 S Ii:2:006:3 -115:1 3 <
ffff8e67c26db180 3917803244 C Ii:2:006:3 0:1 3 = 100000
ffff8e67c26db180 3917803341 S Ci:2:006:0 s c0 bc 0800 0016 0002 2 <
ffff8e67c26db180 3917805916 C Ci:2:006:0 0 2 = 0900
ffff8e67c26db180 3917806015 S Ci:2:006:0 s c0 bc 0900 001c 0002 2 <
ffff8e67c26db180 3917808524 C Ci:2:006:0 0 2 = 2f6f
ffff8e67c26db180 3917808618 S Ci:2:006:0 s c0 bc 0800 23be 0002 2 <
ffff8e67c26db180 3917811041 C Ci:2:006:0 0 2 = 0000
ffff8e67c26db180 3917811139 S Co:2:006:0 s 40 bc 0900 0014 0002 2 = d09e
ffff8e67c26db180 3917813648 C Co:2:006:0 0 2 >
ffff8e67c26db180 3917813742 S Ci:2:006:0 s c0 bc 0900 001c 0002 2 <
ffff8e67c26db180 3917816275 C Ci:2:006:0 0 2 = 2f6f
ffff8e67c26db180 3917816374 S Co:2:006:0 s 40 bc 0800 00c0 0002 2 = cc88
ffff8e67c26db180 3917818921 C Co:2:006:0 0 2 >
ffff8e67c26db180 3917819031 S Co:2:006:0 s 40 b9 0000 0000 0004 4 = 09009802
ffff8e67c26db180 3917821524 C Co:2:006:0 0 4 >
ffff8e67c26db180 3917821596 S Ii:2:006:3 -115:1 3 <
ffff8e67c26db180 3917822789 C Ii:2:006:3 0:1 3 = 100000
ffff8e67c26db180 3917822889 S Ci:2:006:0 s c0 bc 0800 0016 0002 2 <
ffff8e67c26db180 3917825542 C Ci:2:006:0 0 2 = 0900
ffff8e67c26db180 3917825595 S Ci:2:006:0 s c0 bc 0900 001c 0002 2 <
ffff8e67c26db180 3917828075 C Ci:2:006:0 0 2 = 2f6f
ffff8e67c26db180 3917828140 S Ci:2:006:0 s c0 bc 0800 23be 0002 2 <
ffff8e67c26db180 3917830645 C Ci:2:006:0 0 2 = 0000
ffff8e67c26db180 3917830698 S Co:2:006:0 s 40 bc 0900 0014 0002 2 = d09e
ffff8e67c26db180 3917833296 C Co:2:006:0 0 2 >
ffff8e67c26db180 3917833349 S Ci:2:006:0 s c0 bc 0900 001c 0002 2 <
ffff8e67c26db180 3917835915 C Ci:2:006:0 0 2 = 2f6f
ffff8e67c26db180 3917835969 S Co:2:006:0 s 40 bc 0800 00c0 0002 2 = cd88
ffff8e67c26db180 3917838543 C Co:2:006:0 0 2 >
ffff8e67c26db180 3917838595 S Co:2:006:0 s 40 b9 0000 0000 0004 4 = 09009802
ffff8e67c26db180 3917841058 C Co:2:006:0 0 4 >
ffff8e67c26db180 3917841109 S Ii:2:006:3 -115:1 3 <
ffff8e67c26db180 3917842243 C Ii:2:006:3 0:1 3 = 100000
ffff8e67c26db180 3917842297 S Ci:2:006:0 s c0 bc 0800 0016 0002 2 <
ffff8e67c26db180 3917845042 C Ci:2:006:0 0 2 = 0900
ffff8e67c26db180 3917845107 S Ci:2:006:0 s c0 bc 0900 001c 0002 2 <
ffff8e67c26db180 3917847655 C Ci:2:006:0 0 2 = 2f6f
ffff8e67c26db180 3917847707 S Ci:2:006:0 s c0 bc 0800 23be 0002 2 <
ffff8e67c26db180 3917850267 C Ci:2:006:0 0 2 = 0000
ffff8e67c26db180 3917850321 S Co:2:006:0 s 40 bc 0900 0014 0002 2 = d09e
ffff8e67c26db180 3917852876 C Co:2:006:0 0 2 >
ffff8e67c26db180 3917852929 S Ci:2:006:0 s c0 bc 0900 001c 0002 2 <
ffff8e67c26db180 3917855557 C Ci:2:006:0 0 2 = 2f6f
ffff8e67c26db180 3917855611 S Co:2:006:0 s 40 bc 0800 00c0 0002 2 = ce88
ffff8e67c26db180 3917858039 C Co:2:006:0 0 2 >
ffff8e67c26db180 3917858103 S Co:2:006:0 s 40 b9 0000 0000 0004 4 = 09009802
ffff8e67c26db180 3917860619 C Co:2:006:0 0 4 >
ffff8e67c26db180 3917860670 S Ii:2:006:3 -115:1 3 <
ffff8e67c26db180 3917861868 C Ii:2:006:3 0:1 3 = 100000
ffff8e67c26db180 3917861921 S Ci:2:006:0 s c0 bc 0800 0016 0002 2 <
ffff8e67c26db180 3917864566 C Ci:2:006:0 0 2 = 0900
ffff8e67c26db180 3917864620 S Ci:2:006:0 s c0 bc 0900 001c 0002 2 <
ffff8e67c26db180 3917867049 C Ci:2:006:0 0 2 = 2f6f
ffff8e67c26db180 3917867102 S Ci:2:006:0 s c0 bc 0800 23be 0002 2 <
ffff8e67c26db180 3917869660 C Ci:2:006:0 0 2 = 0000
ffff8e67c26db180 3917869714 S Co:2:006:0 s 40 bc 0900 0014 0002 2 = d09e
ffff8e67c26db180 3917872391 C Co:2:006:0 0 2 >
ffff8e67c26db180 3917872507 S Ci:2:006:0 s c0 bc 0900 001c 0002 2 <
ffff8e67c26db180 3917875041 C Ci:2:006:0 0 2 = 2f6f
ffff8e67c26db180 3917875144 S Co:2:006:0 s 40 bc 0800 00c0 0002 2 = cf88
ffff8e67c26db180 3917877653 C Co:2:006:0 0 2 >
ffff8e67c26db180 3917877753 S Co:2:006:0 s 40 b9 0000 0000 0004 4 = 09009802
ffff8e67c26db180 3917880257 C Co:2:006:0 0 4 >
ffff8e67c26db180 3917880355 S Ii:2:006:3 -115:1 3 <
ffff8e67c26db180 3917881566 C Ii:2:006:3 0:1 3 = 100000
ffff8e67c26db180 3917881663 S Ci:2:006:0 s c0 bc 0800 0016 0002 2 <
ffff8e67c26db180 3917884284 C Ci:2:006:0 0 2 = 0900
ffff8e67c26db180 3917884386 S Ci:2:006:0 s c0 bc 0900 001c 0002 2 <
ffff8e67c26db180 3917886929 C Ci:2:006:0 0 2 = 2f6f
ffff8e67c26db180 3917887000 S Ci:2:006:0 s c0 bc 0800 23be 0002 2 <
ffff8e67c26db180 3917889663 C Ci:2:006:0 0 2 = 0000
ffff8e67c26db180 3917889731 S Co:2:006:0 s 40 bc 0900 0014 0002 2 = d09e
ffff8e67c26db180 3917892230 C Co:2:006:0 0 2 >
ffff8e67c26db180 3917892302 S Ci:2:006:0 s c0 bc 0900 001c 0002 2 <
ffff8e67c26db180 3917894904 C Ci:2:006:0 0 2 = 2f6f
ffff8e67c26db180 3917894973 S Co:2:006:0 s 40 bc 0800 00c0 0002 2 = d088
ffff8e67c26db180 3917897519 C Co:2:006:0 0 2 >
ffff8e67c26db180 3917897620 S Co:2:006:0 s 40 b9 0000 0000 0004 4 = 09009802
ffff8e67c26db180 3917900201 C Co:2:006:0 0 4 >
ffff8e67c26db180 3917900304 S Ii:2:006:3 -115:1 3 <
ffff8e67c26db180 3917901459 C Ii:2:006:3 0:1 3 = 100000
ffff8e67c26db180 3917901560 S Ci:2:006:0 s c0 bc 0800 0016 0002 2 <
ffff8e67c26db180 3917904184 C Ci:2:006:0 0 2 = 0900
ffff8e67c26db180 3917904291 S Ci:2:006:0 s c0 bc 0900 001c 0002 2 <
ffff8e67c26db180 3917906877 C Ci:2:006:0 0 2 = 2f6f
ffff8e67c26db180 3917906982 S Ci:2:006:0 s c0 bc 0800 23be 0002 2 <
ffff8e67c26db180 3917909517 C Ci:2:006:0 0 2 = 0000
ffff8e67c26db180 3917909591 S Co:2:006:0 s 40 bc 0900 0014 0002 2 = d09e
ffff8e67c26db180 3917912258 C Co:2:006:0 0 2 >
ffff8e67c26db180 3917912589 S Ci:2:006:0 s c0 bc 0900 001c 0002 2 <
ffff8e67c26db180 3917915047 C Ci:2:006:0 0 2 = 2f6f
ffff8e67c26db180 3917915124 S Co:2:006:0 s 40 bc 0800 00c0 0004 4 = 21017200
ffff8e67c26db180 3917917767 C Co:2:006:0 0 4 >
ffff8e67c26db180 3917917840 S Co:2:006:0 s 40 b9 0000 0000 0004 4 = 09006603
ffff8e67c26db180 3917920362 C Co:2:006:0 0 4 >
ffff8e67c26db180 3917920476 S Ii:2:006:3 -115:1 3 <
ffff8e67c26db180 3917921693 C Ii:2:006:3 0:1 3 = 100000
ffff8e67c26db180 3917921790 S Ci:2:006:0 s c0 bc 0800 0016 0002 2 <
ffff8e67c26db180 3917924715 C Ci:2:006:0 0 2 = 0900
ffff8e67c26db180 3917924810 S Ci:2:006:0 s c0 bc 0900 001c 0002 2 <
ffff8e67c26db180 3917927279 C Ci:2:006:0 0 2 = 2f6f
ffff8e67c26db180 3917927388 S Ci:2:006:0 s c0 bc 0800 23be 0002 2 <
ffff8e67c26db180 3917929865 C Ci:2:006:0 0 2 = 0000
ffff8e67c26db180 3917929999 S Co:2:006:0 s 40 bc 0900 0014 0002 2 = d09e
ffff8e67c26db180 3917932510 C Co:2:006:0 0 2 >
ffff8e67c26db180 3917932593 S Ci:2:006:0 s c0 bc 0900 001c 0002 2 <
ffff8e67c26db180 3917935191 C Ci:2:006:0 0 2 = 2f6f
ffff8e67c26db180 3917935337 S Co:2:006:0 s 40 b9 0000 0000 0004 4 = 09016601
ffff8e67c26db180 3917937899 C Co:2:006:0 0 4 >
ffff8e67c26db180 3917938028 S Ii:2:006:3 -115:1 3 <
ffff8e67c26db180 3917939158 C Ii:2:006:3 0:1 3 = 100000
ffff8e67c26db180 3917939218 S Ci:2:006:0 s c0 bc 0800 0016 0002 2 <
ffff8e67c26db180 3917941930 C Ci:2:006:0 0 2 = 0900
ffff8e67c26db180 3917942048 S Ci:2:006:0 s c0 bc 0900 001c 0002 2 <
ffff8e67c26db180 3917944662 C Ci:2:006:0 0 2 = 2f6f
ffff8e67c26db180 3917944796 S Ci:2:006:0 s c0 bc 0800 23be 0004 4 <
ffff8e67c26db180 3917947278 C Ci:2:006:0 0 4 = 0000f467
ffff8e67c26db180 3917947452 S Co:2:006:0 s 40 bc 0800 00c0 0004 4 = 20026300
ffff8e67c26db180 3917950014 C Co:2:006:0 0 4 >
ffff8e67c26db180 3917950140 S Co:2:006:0 s 40 b9 0000 0000 0004 4 = 09006603
ffff8e67c26db180 3917952652 C Co:2:006:0 0 4 >
ffff8e67c26db180 3917952780 S Ii:2:006:3 -115:1 3 <
ffff8e67c26db180 3917953915 C Ii:2:006:3 0:1 3 = 100000
ffff8e67c26db180 3917954058 S Ci:2:006:0 s c0 bc 0800 0016 0002 2 <
ffff8e67c26db180 3917956804 C Ci:2:006:0 0 2 = 0900
ffff8e67c26db180 3917956949 S Ci:2:006:0 s c0 bc 0900 001c 0002 2 <
ffff8e67c26db180 3917959529 C Ci:2:006:0 0 2 = 2f6f
ffff8e67c26db180 3917959681 S Ci:2:006:0 s c0 bc 0800 23be 0002 2 <
ffff8e67c26db180 3917962254 C Ci:2:006:0 0 2 = 0000
ffff8e67c26db180 3917962398 S Co:2:006:0 s 40 bc 0900 0014 0002 2 = d09e
ffff8e67c26db180 3917965033 C Co:2:006:0 0 2 >
ffff8e67c26db180 3917965165 S Ci:2:006:0 s c0 bc 0900 001c 0002 2 <
ffff8e67c26db180 3917967792 C Ci:2:006:0 0 2 = 2f6f
ffff8e67c26db180 3917967901 S Co:2:006:0 s 40 bc 0800 00c0 0004 4 = 20036300
ffff8e67c26db180 3917970380 C Co:2:006:0 0 4 >
ffff8e67c26db180 3917970519 S Co:2:006:0 s 40 b9 0000 0000 0004 4 = 09006603
ffff8e67c26db180 3917973037 C Co:2:006:0 0 4 >
ffff8e67c26db180 3917973140 S Ii:2:006:3 -115:1 3 <
ffff8e67c26db180 3917974338 C Ii:2:006:3 0:1 3 = 100000
ffff8e67c26db180 3917974429 S Ci:2:006:0 s c0 bc 0800 0016 0002 2 <
ffff8e67c26db180 3917977159 C Ci:2:006:0 0 2 = 0900
ffff8e67c26db180 3917977306 S Ci:2:006:0 s c0 bc 0900 001c 0002 2 <
ffff8e67c26db180 3917979756 C Ci:2:006:0 0 2 = 2f6f
ffff8e67c26db180 3917979897 S Ci:2:006:0 s c0 bc 0800 23be 0002 2 <
ffff8e67c26db180 3917982413 C Ci:2:006:0 0 2 = 0000
ffff8e67c26db180 3917982576 S Co:2:006:0 s 40 bc 0900 0014 0002 2 = d09e
ffff8e67c26db180 3917985148 C Co:2:006:0 0 2 >
ffff8e67c26db180 3917985280 S Ci:2:006:0 s c0 bc 0900 001c 0002 2 <
ffff8e67c26db180 3917987890 C Ci:2:006:0 0 2 = 2f6f
ffff8e67c26db180 3917988046 S Co:2:006:0 s 40 bc 0800 00c0 0004 4 = 20047700
ffff8e67c26db180 3917990542 C Co:2:006:0 0 4 >
ffff8e67c26db180 3917990654 S Co:2:006:0 s 40 b9 0000 0000 0004 4 = 09006603
ffff8e67c26db180 3917993187 C Co:2:006:0 0 4 >
ffff8e67c26db180 3917993317 S Ii:2:006:3 -115:1 3 <
ffff8e67c26db180 3917994482 C Ii:2:006:3 0:1 3 = 100000
ffff8e67c26db180 3917994576 S Ci:2:006:0 s c0 bc 0800 0016 0002 2 <
ffff8e67c26db180 3917997175 C Ci:2:006:0 0 2 = 0900
ffff8e67c26db180 3917997308 S Ci:2:006:0 s c0 bc 0900 001c 0002 2 <
ffff8e67c26db180 3917999904 C Ci:2:006:0 0 2 = 2f6f
ffff8e67c26db180 3918000065 S Ci:2:006:0 s c0 bc 0800 23be 0002 2 <
ffff8e67c26db180 3918002460 C Ci:2:006:0 0 2 = 0000
ffff8e67c26db180 3918002561 S Co:2:006:0 s 40 bc 0900 0014 0002 2 = d09e
ffff8e67c26db180 3918005153 C Co:2:006:0 0 2 >
ffff8e67c26db180 3918005285 S Ci:2:006:0 s c0 bc 0900 001c 0002 2 <
ffff8e67c26db180 3918007890 C Ci:2:006:0 0 2 = 2f6f
ffff8e67c26db180 3918008059 S Co:2:006:0 s 40 bc 0800 00c0 0004 4 = 20057300
ffff8e67c26db180 3918010540 C Co:2:006:0 0 4 >
ffff8e67c4a97480 3918010637 S Co:2:006:0 s 40 b9 0000 0000 0004 4 = 09006603
ffff8e67c4a97480 3918013167 C Co:2:006:0 0 4 >
ffff8e67c4a97480 3918013246 S Ii:2:006:3 -115:1 3 <
ffff8e67c4a97480 3918014452 C Ii:2:006:3 0:1 3 = 100000
ffff8e67c4a97480 3918014489 S Ci:2:006:0 s c0 bc 0800 0016 0002 2 <
ffff8e67c4a97480 3918017152 C Ci:2:006:0 0 2 = 0900
ffff8e67c4a97480 3918017234 S Ci:2:006:0 s c0 bc 0900 001c 0002 2 <
ffff8e67c4a97480 3918019775 C Ci:2:006:0 0 2 = 2f6f
ffff8e67c4a97480 3918019815 S Ci:2:006:0 s c0 bc 0800 23be 0002 2 <
ffff8e67c4a97480 3918022419 C Ci:2:006:0 0 2 = 0000
ffff8e67c4a97480 3918022517 S Co:2:006:0 s 40 bc 0900 0014 0002 2 = d09e
ffff8e67c4a97480 3918025029 C Co:2:006:0 0 2 >
ffff8e67c4a97480 3918025069 S Ci:2:006:0 s c0 bc 0900 001c 0002 2 <
ffff8e67c4a97480 3918027798 C Ci:2:006:0 0 2 = 2f6f
ffff8e67c4a97480 3918027881 S Co:2:006:0 s 40 bc 0800 00c0 0004 4 = 20067300
ffff8e67c4a97480 3918030370 C Co:2:006:0 0 4 >
ffff8e67c4a97480 3918030407 S Co:2:006:0 s 40 b9 0000 0000 0004 4 = 09006603
ffff8e67c4a97480 3918033153 C Co:2:006:0 0 4 >
ffff8e67c4a97480 3918033191 S Ii:2:006:3 -115:1 3 <
ffff8e67c4a97480 3918034482 C Ii:2:006:3 0:1 3 = 100000
ffff8e67c4a97480 3918034567 S Ci:2:006:0 s c0 bc 0800 0016 0002 2 <
ffff8e67c4a97480 3918037171 C Ci:2:006:0 0 2 = 0900
ffff8e67c4a97480 3918037229 S Ci:2:006:0 s c0 bc 0900 001c 0002 2 <
ffff8e67c4a97480 3918039859 C Ci:2:006:0 0 2 = 2f6f
ffff8e67c4a97480 3918039935 S Ci:2:006:0 s c0 bc 0800 23be 0002 2 <
ffff8e67c4a97480 3918042528 C Ci:2:006:0 0 2 = 0000
ffff8e67c4a97480 3918042562 S Co:2:006:0 s 40 bc 0900 0014 0002 2 = d09e
ffff8e67c4a97480 3918045308 C Co:2:006:0 0 2 >
ffff8e67c4a97480 3918045363 S Ci:2:006:0 s c0 bc 0900 001c 0002 2 <
ffff8e67c4a97480 3918048044 C Ci:2:006:0 0 2 = 2f6f
ffff8e67c4a97480 3918048085 S Co:2:006:0 s 40 bc 0800 00c0 0004 4 = 20073300
ffff8e67c4a97480 3918050718 C Co:2:006:0 0 4 >
ffff8e67c4a97480 3918050800 S Co:2:006:0 s 40 b9 0000 0000 0004 4 = 09006603
ffff8e67c4a97480 3918053402 C Co:2:006:0 0 4 >
ffff8e67c4a97480 3918053460 S Ii:2:006:3 -115:1 3 <
ffff8e67c4a97480 3918054727 C Ii:2:006:3 0:1 3 = 100000
ffff8e67c4a97480 3918054801 S Ci:2:006:0 s c0 bc 0800 0016 0002 2 <
ffff8e67c4a97480 3918057524 C Ci:2:006:0 0 2 = 0900
ffff8e67c4a97480 3918057608 S Ci:2:006:0 s c0 bc 0900 001c 0002 2 <
ffff8e67c4a97480 3918060169 C Ci:2:006:0 0 2 = 2f6f
ffff8e67c4a97480 3918060200 S Ci:2:006:0 s c0 bc 0800 23be 0002 2 <
ffff8e67c4a97480 3918062885 C Ci:2:006:0 0 2 = 0000
ffff8e67c4a97480 3918062917 S Co:2:006:0 s 40 bc 0900 0014 0002 2 = d09e
ffff8e67c4a97480 3918065410 C Co:2:006:0 0 2 >
ffff8e67c4a97480 3918065504 S Ci:2:006:0 s c0 bc 0900 001c 0002 2 <
ffff8e67c4a97480 3918068185 C Ci:2:006:0 0 2 = 2f6f
ffff8e67c4a97480 3918068225 S Co:2:006:0 s 40 bc 0800 00c0 0004 4 = 20083100
ffff8e67c4a97480 3918070868 C Co:2:006:0 0 4 >
ffff8e67c4a97480 3918070907 S Co:2:006:0 s 40 b9 0000 0000 0004 4 = 09006603
ffff8e67c4a97480 3918073478 C Co:2:006:0 0 4 >
ffff8e67c4a97480 3918073519 S Ii:2:006:3 -115:1 3 <
ffff8e67c4a97480 3918074703 C Ii:2:006:3 0:1 3 = 100000
ffff8e67c4a97480 3918074744 S Ci:2:006:0 s c0 bc 0800 0016 0002 2 <
ffff8e67c4a97480 3918077419 C Ci:2:006:0 0 2 = 0900
ffff8e67c4a97480 3918077491 S Ci:2:006:0 s c0 bc 0900 001c 0002 2 <
ffff8e67c4a97480 3918080019 C Ci:2:006:0 0 2 = 2f6f
ffff8e67c4a97480 3918080053 S Ci:2:006:0 s c0 bc 0800 23be 0002 2 <
ffff8e67c4a97480 3918082739 C Ci:2:006:0 0 2 = 0000
ffff8e67c4a97480 3918082774 S Co:2:006:0 s 40 bc 0900 0014 0002 2 = d09e
ffff8e67c4a97480 3918085389 C Co:2:006:0 0 2 >
ffff8e67c4a97480 3918085448 S Ci:2:006:0 s c0 bc 0900 001c 0002 2 <
ffff8e67c4a97480 3918088196 C Ci:2:006:0 0 2 = 2f6f
ffff8e67c4a97480 3918088236 S Co:2:006:0 s 40 bc 0800 00c0 0004 4 = 20093300
ffff8e67c4a97480 3918090882 C Co:2:006:0 0 4 >
ffff8e67c4a97480 3918090923 S Co:2:006:0 s 40 b9 0000 0000 0004 4 = 09006603
ffff8e67c4a97480 3918093508 C Co:2:006:0 0 4 >
ffff8e67c4a97480 3918093549 S Ii:2:006:3 -115:1 3 <
ffff8e67c4a97480 3918094848 C Ii:2:006:3 0:1 3 = 100000
ffff8e67c4a97480 3918094889 S Ci:2:006:0 s c0 bc 0800 0016 0002 2 <
ffff8e67c4a97480 3918097622 C Ci:2:006:0 0 2 = 0900
ffff8e67c4a97480 3918097664 S Ci:2:006:0 s c0 bc 0900 001c 0002 2 <
ffff8e67c4a97480 3918100382 C Ci:2:006:0 0 2 = 2f6f
ffff8e67c4a97480 3918100418 S Ci:2:006:0 s c0 bc 0800 23be 0002 2 <
ffff8e67c4a97480 3918103236 C Ci:2:006:0 0 2 = 0000
ffff8e67c4a97480 3918103279 S Co:2:006:0 s 40 bc 0900 0014 0002 2 = d09e
ffff8e67c4a97480 3918105864 C Co:2:006:0 0 2 >
ffff8e67c4a97480 3918105908 S Ci:2:006:0 s c0 bc 0900 001c 0002 2 <
ffff8e67c4a97480 3918108525 C Ci:2:006:0 0 2 = 2f6f
ffff8e67c4a97480 3918108568 S Co:2:006:0 s 40 bc 0800 00c0 0004 4 = 200a5700
ffff8e67c4a97480 3918111264 C Co:2:006:0 0 4 >
ffff8e67c4a97480 3918111306 S Co:2:006:0 s 40 b9 0000 0000 0004 4 = 09006603
ffff8e67c4a97480 3918113901 C Co:2:006:0 0 4 >
ffff8e67c4a97480 3918113942 S Ii:2:006:3 -115:1 3 <
ffff8e67c4a97480 3918115168 C Ii:2:006:3 0:1 3 = 100000
ffff8e67c4a97480 3918115205 S Ci:2:006:0 s c0 bc 0800 0016 0002 2 <
ffff8e67c4a97480 3918118045 C Ci:2:006:0 0 2 = 0900
ffff8e67c4a97480 3918118089 S Ci:2:006:0 s c0 bc 0900 001c 0002 2 <
ffff8e67c4a97480 3918120780 C Ci:2:006:0 0 2 = 2f6f
ffff8e67c4a97480 3918120824 S Ci:2:006:0 s c0 bc 0800 23be 0002 2 <
ffff8e67c4a97480 3918123463 C Ci:2:006:0 0 2 = 0000
ffff8e67c4a97480 3918123504 S Co:2:006:0 s 40 bc 0900 0014 0002 2 = d09e
ffff8e67c4a97480 3918126155 C Co:2:006:0 0 2 >
ffff8e67c4a97480 3918126196 S Ci:2:006:0 s c0 bc 0900 001c 0002 2 <
ffff8e67c4a97480 3918128786 C Ci:2:006:0 0 2 = 2f6f
ffff8e67c4a97480 3918128826 S Co:2:006:0 s 40 bc 0800 00c0 0004 4 = 200b7b00
ffff8e67c4a97480 3918131378 C Co:2:006:0 0 4 >
ffff8e67c4a97480 3918131435 S Co:2:006:0 s 40 b9 0000 0000 0004 4 = 09006603
ffff8e67c4a97480 3918134149 C Co:2:006:0 0 4 >
ffff8e67c4a97480 3918134191 S Ii:2:006:3 -115:1 3 <
ffff8e67c4a97480 3918135496 C Ii:2:006:3 0:1 3 = 100000
ffff8e67c4a97480 3918135536 S Ci:2:006:0 s c0 bc 0800 0016 0002 2 <
ffff8e67c4a97480 3918138260 C Ci:2:006:0 0 2 = 0900
ffff8e67c4a97480 3918138303 S Ci:2:006:0 s c0 bc 0900 001c 0002 2 <
ffff8e67c4a97480 3918140911 C Ci:2:006:0 0 2 = 2f6f
ffff8e67c4a97480 3918140954 S Ci:2:006:0 s c0 bc 0800 23be 0002 2 <
ffff8e67c4a97480 3918143649 C Ci:2:006:0 0 2 = 0000
ffff8e67c4a97480 3918143691 S Co:2:006:0 s 40 bc 0900 0014 0002 2 = d09e
ffff8e67c4a97480 3918146247 C Co:2:006:0 0 2 >
ffff8e67c4a97480 3918146290 S Ci:2:006:0 s c0 bc 0900 001c 0002 2 <
ffff8e67c4a97480 3918148915 C Ci:2:006:0 0 2 = 2f6f
ffff8e67c4a97480 3918148958 S Co:2:006:0 s 40 bc 0800 00c0 0004 4 = 200cf700
ffff8e67c4a97480 3918151722 C Co:2:006:0 0 4 >
ffff8e67c4a97480 3918151760 S Co:2:006:0 s 40 b9 0000 0000 0004 4 = 09006603
ffff8e67c4a97480 3918154385 C Co:2:006:0 0 4 >
ffff8e67c4a97480 3918154443 S Ii:2:006:3 -115:1 3 <
ffff8e67c4a97480 3918155708 C Ii:2:006:3 0:1 3 = 100000
ffff8e67c4a97480 3918155748 S Ci:2:006:0 s c0 bc 0800 0016 0002 2 <
ffff8e67c4a97480 3918158486 C Ci:2:006:0 0 2 = 0900
ffff8e67c4a97480 3918158555 S Ci:2:006:0 s c0 bc 0900 001c 0002 2 <
ffff8e67c4a97480 3918161293 C Ci:2:006:0 0 2 = 2f6f
ffff8e67c4a97480 3918161327 S Ci:2:006:0 s c0 bc 0800 23be 0002 2 <
ffff8e67c4a97480 3918164054 C Ci:2:006:0 0 2 = 0000
ffff8e67c4a97480 3918164097 S Co:2:006:0 s 40 bc 0900 0014 0002 2 = d09e
ffff8e67c4a97480 3918166766 C Co:2:006:0 0 2 >
ffff8e67c4a97480 3918166807 S Ci:2:006:0 s c0 bc 0900 001c 0002 2 <
ffff8e67c4a97480 3918169514 C Ci:2:006:0 0 2 = 2f6f
ffff8e67c4a97480 3918169557 S Co:2:006:0 s 40 bc 0800 00c0 0004 4 = 200df700
ffff8e67c4a97480 3918172250 C Co:2:006:0 0 4 >
ffff8e67c4a97480 3918172291 S Co:2:006:0 s 40 b9 0000 0000 0004 4 = 09006603
ffff8e67c4a97480 3918174898 C Co:2:006:0 0 4 >
ffff8e67c4a97480 3918174939 S Ii:2:006:3 -115:1 3 <
ffff8e67c4a97480 3918176147 C Ii:2:006:3 0:1 3 = 100000
ffff8e67c4a97480 3918176182 S Ci:2:006:0 s c0 bc 0800 0016 0002 2 <
ffff8e67c4a97480 3918178915 C Ci:2:006:0 0 2 = 0900
ffff8e67c4a97480 3918178958 S Ci:2:006:0 s c0 bc 0900 001c 0002 2 <
ffff8e67c4a97480 3918181613 C Ci:2:006:0 0 2 = 2f6f
ffff8e67c4a97480 3918181654 S Ci:2:006:0 s c0 bc 0800 23be 0002 2 <
ffff8e67c4a97480 3918184438 C Ci:2:006:0 0 2 = 0000
ffff8e67c4a97480 3918184480 S Co:2:006:0 s 40 bc 0900 0014 0002 2 = d09e
ffff8e67c4a97480 3918187144 C Co:2:006:0 0 2 >
ffff8e67c4a97480 3918187187 S Ci:2:006:0 s c0 bc 0900 001c 0002 2 <
ffff8e67c4a97480 3918189876 C Ci:2:006:0 0 2 = 2f6f
ffff8e67c4a97480 3918189920 S Co:2:006:0 s 40 bc 0800 00c0 0004 4 = 200e7300
ffff8e67c4a97480 3918192631 C Co:2:006:0 0 4 >
ffff8e67c4a97480 3918192673 S Co:2:006:0 s 40 b9 0000 0000 0004 4 = 09006603
ffff8e67c4a97480 3918195256 C Co:2:006:0 0 4 >
ffff8e67c4a97480 3918195296 S Ii:2:006:3 -115:1 3 <
ffff8e67c4a97480 3918196601 C Ii:2:006:3 0:1 3 = 100000
ffff8e67c4a97480 3918196641 S Ci:2:006:0 s c0 bc 0800 0016 0002 2 <
ffff8e67c4a97480 3918199273 C Ci:2:006:0 0 2 = 0900
ffff8e67c4a97480 3918199317 S Ci:2:006:0 s c0 bc 0900 001c 0002 2 <
ffff8e67c4a97480 3918202016 C Ci:2:006:0 0 2 = 2f6f
ffff8e67c4a97480 3918202052 S Ci:2:006:0 s c0 bc 0800 23be 0002 2 <
ffff8e67c4a97480 3918204798 C Ci:2:006:0 0 2 = 0000
ffff8e67c4a97480 3918204830 S Co:2:006:0 s 40 bc 0900 0014 0002 2 = d09e
ffff8e67c4a97480 3918207480 C Co:2:006:0 0 2 >
ffff8e67c4a97480 3918207599 S Ci:2:006:0 s c0 bc 0900 001c 0002 2 <
ffff8e67c4a97480 3918210157 C Ci:2:006:0 0 2 = 2f6f
ffff8e67c4a97480 3918210201 S Co:2:006:0 s 40 bc 0800 00c0 0004 4 = 200f7300
ffff8e67c4a97480 3918212872 C Co:2:006:0 0 4 >
ffff8e67c4a97480 3918212914 S Co:2:006:0 s 40 b9 0000 0000 0004 4 = 09006603
ffff8e67c4a97480 3918215564 C Co:2:006:0 0 4 >
ffff8e67c4a97480 3918215601 S Ii:2:006:3 -115:1 3 <
ffff8e67c4a97480 3918216845 C Ii:2:006:3 0:1 3 = 100000
ffff8e67c4a97480 3918216886 S Ci:2:006:0 s c0 bc 0800 0016 0002 2 <
ffff8e67c4a97480 3918219636 C Ci:2:006:0 0 2 = 0900
ffff8e67c4a97480 3918219679 S Ci:2:006:0 s c0 bc 0900 001c 0002 2 <
ffff8e67c4a97480 3918222231 C Ci:2:006:0 0 2 = 2f6f
ffff8e67c4a97480 3918222264 S Ci:2:006:0 s c0 bc 0800 23be 0002 2 <
ffff8e67c4a97480 3918224902 C Ci:2:006:0 0 2 = 0000
ffff8e67c4a97480 3918224943 S Co:2:006:0 s 40 bc 0900 0014 0002 2 = d09e
ffff8e67c4a97480 3918227636 C Co:2:006:0 0 2 >
ffff8e67c4a97480 3918227678 S Ci:2:006:0 s c0 bc 0900 001c 0002 2 <
ffff8e67c4a97480 3918230280 C Ci:2:006:0 0 2 = 2f6f
ffff8e67c4a97480 3918230322 S Co:2:006:0 s 40 bc 0800 00c0 0004 4 = aa8f3b00
ffff8e67c4a97480 3918232930 C Co:2:006:0 0 4 >
ffff8e67c4a97480 3918232970 S Co:2:006:0 s 40 b9 0000 0000 0004 4 = 09006603
ffff8e67c4a97480 3918235634 C Co:2:006:0 0 4 >
ffff8e67c4a97480 3918235674 S Ii:2:006:3 -115:1 3 <
ffff8e67c4a97480 3918236799 C Ii:2:006:3 0:1 3 = 100000
ffff8e67c4a97480 3918236838 S Ci:2:006:0 s c0 bc 0800 0016 0002 2 <
ffff8e67c4a97480 3918239683 C Ci:2:006:0 0 2 = 0900
ffff8e67c4a97480 3918239704 S Ci:2:006:0 s c0 bc 0900 001c 0002 2 <
ffff8e67c4a97480 3918242378 C Ci:2:006:0 0 2 = 2f6f
ffff8e67c4a97480 3918242429 S Ci:2:006:0 s c0 bc 0800 23be 0002 2 <
ffff8e67c4a97480 3918245161 C Ci:2:006:0 0 2 = 0000
ffff8e67c4a97480 3918245199 S Co:2:006:0 s 40 bc 0900 0014 0002 2 = d09e
ffff8e67c4a97480 3918247921 C Co:2:006:0 0 2 >
ffff8e67c4a97480 3918247963 S Ci:2:006:0 s c0 bc 0900 001c 0002 2 <
ffff8e67c4a97480 3918250645 C Ci:2:006:0 0 2 = 2f6f
ffff8e67c4a97480 3918250689 S Co:2:006:0 s 40 bc 0800 00c0 0006 6 = ab923eb4 0376
ffff8e67c4a97480 3918253378 C Co:2:006:0 0 6 >
ffff8e67c4a97480 3918253440 S Co:2:006:0 s 40 b9 0000 0000 0004 4 = 09006606
ffff8e67c4a97480 3918256168 C Co:2:006:0 0 4 >
ffff8e67c4a97480 3918256206 S Ii:2:006:3 -115:1 3 <
ffff8e67c4a97480 3918257473 C Ii:2:006:3 0:1 3 = 100000
ffff8e67c4a97480 3918257514 S Ci:2:006:0 s c0 bc 0800 0016 0002 2 <
ffff8e67c4a97480 3918260096 C Ci:2:006:0 0 2 = 0900
ffff8e67c4a97480 3918260165 S Ci:2:006:0 s c0 bc 0900 001c 0002 2 <
ffff8e67c4a97480 3918262891 C Ci:2:006:0 0 2 = 2f6f
ffff8e67c4a97480 3918262933 S Ci:2:006:0 s c0 bc 0800 23be 0002 2 <
ffff8e67c4a97480 3918265513 C Ci:2:006:0 0 2 = 0000
ffff8e67c4a97480 3918265555 S Co:2:006:0 s 40 bc 0900 0014 0002 2 = d09e
ffff8e67c4a97480 3918268242 C Co:2:006:0 0 2 >
ffff8e67c4a97480 3918268277 S Ci:2:006:0 s c0 bc 0900 001c 0002 2 <
ffff8e67c4a97480 3918270906 C Ci:2:006:0 0 2 = 2f6f
ffff8e67c4a97480 3918270949 S Co:2:006:0 s 40 b9 0000 0000 0004 4 = 09016638
ffff8e67c4a97480 3918273587 C Co:2:006:0 0 4 >
ffff8e67c4a97480 3918273625 S Ii:2:006:3 -115:1 3 <
ffff8e67c4a97480 3918274941 C Ii:2:006:3 0:1 3 = 100000
ffff8e67c4a97480 3918274981 S Ci:2:006:0 s c0 bc 0800 0016 0002 2 <
ffff8e67c4a97480 3918277760 C Ci:2:006:0 0 2 = 0900
ffff8e67c4a97480 3918277803 S Ci:2:006:0 s c0 bc 0900 001c 0002 2 <
ffff8e67c4a97480 3918280365 C Ci:2:006:0 0 2 = 2f6f
ffff8e67c4a97480 3918280398 S Ci:2:006:0 s c0 bc 0800 23be 003a 58 <
ffff8e67c4a97480 3918283125 C Ci:2:006:0 0 58 = 00004309 cd37b46d 9b0e8a10 67944d72 30e81939 f7790159 853e0327 d90ac8f8
ffff8e67c4a97480 3918283159 S Co:2:006:0 s 40 bc 0800 00c0 0006 6 = ab923eb4 3b76
ffff8e67c4a97480 3918285886 C Co:2:006:0 0 6 >
ffff8e67c4a97480 3918285930 S Co:2:006:0 s 40 b9 0000 0000 0004 4 = 09006606
ffff8e67c4a97480 3918288608 C Co:2:006:0 0 4 >
ffff8e67c4a97480 3918288646 S Ii:2:006:3 -115:1 3 <
ffff8e67c4a97480 3918289917 C Ii:2:006:3 0:1 3 = 100000
ffff8e67c4a97480 3918289955 S Ci:2:006:0 s c0 bc 0800 0016 0002 2 <
ffff8e67c4a97480 3918292760 C Ci:2:006:0 0 2 = 0900
ffff8e67c4a97480 3918292802 S Ci:2:006:0 s c0 bc 0900 001c 0002 2 <
ffff8e67c4a97480 3918295388 C Ci:2:006:0 0 2 = 2f6f
ffff8e67c4a97480 3918295448 S Ci:2:006:0 s c0 bc 0800 23be 0002 2 <
ffff8e67c4a97480 3918298135 C Ci:2:006:0 0 2 = 0000
ffff8e67c4a97480 3918298219 S Co:2:006:0 s 40 bc 0900 0014 0002 2 = d09e
ffff8e67c4a97480 3918300893 C Co:2:006:0 0 2 >
ffff8e67c4a97480 3918300937 S Ci:2:006:0 s c0 bc 0900 001c 0002 2 <
ffff8e67c4a97480 3918303694 C Ci:2:006:0 0 2 = 2f6f
ffff8e67c4a97480 3918303733 S Co:2:006:0 s 40 b9 0000 0000 0004 4 = 09016638
ffff8e67c4a97480 3918306328 C Co:2:006:0 0 4 >
ffff8e67c4a97480 3918306365 S Ii:2:006:3 -115:1 3 <
ffff8e67c4a97480 3918307705 C Ii:2:006:3 0:1 3 = 100000
ffff8e67c4a97480 3918307746 S Ci:2:006:0 s c0 bc 0800 0016 0002 2 <
ffff8e67c4a97480 3918310499 C Ci:2:006:0 0 2 = 0900
ffff8e67c4a97480 3918310543 S Ci:2:006:0 s c0 bc 0900 001c 0002 2 <
ffff8e67c4a97480 3918313146 C Ci:2:006:0 0 2 = 2f6f
ffff8e67c4a97480 3918313180 S Ci:2:006:0 s c0 bc 0800 23be 003a 58 <
ffff8e67c4a97480 3918315838 C Ci:2:006:0 0 58 = 0000e9ee cf0cb59d 930565f1 29daffc0 7da6ac84 f496e316 cb8cb16a 97bf75fb
ffff8e67c4a97480 3918315906 S Co:2:006:0 s 40 bc 0800 00c0 0006 6 = ab923eb4 7376
ffff8e67c4a97480 3918318505 C Co:2:006:0 0 6 >
ffff8e67c4a97480 3918318548 S Co:2:006:0 s 40 b9 0000 0000 0004 4 = 09006606
ffff8e67c4a97480 3918321167 C Co:2:006:0 0 4 >
ffff8e67c4a97480 3918321206 S Ii:2:006:3 -115:1 3 <
ffff8e67c4a97480 3918322449 C Ii:2:006:3 0:1 3 = 100000
ffff8e67c4a97480 3918322486 S Ci:2:006:0 s c0 bc 0800 0016 0002 2 <
ffff8e67c4a97480 3918325292 C Ci:2:006:0 0 2 = 0900
ffff8e67c4a97480 3918325335 S Ci:2:006:0 s c0 bc 0900 001c 0002 2 <
ffff8e67c4a97480 3918328013 C Ci:2:006:0 0 2 = 2f6f
ffff8e67c4a97480 3918328047 S Ci:2:006:0 s c0 bc 0800 23be 0002 2 <
ffff8e67c4a97480 3918330741 C Ci:2:006:0 0 2 = 0000
ffff8e67c4a97480 3918330774 S Co:2:006:0 s 40 bc 0900 0014 0002 2 = d09e
ffff8e67c4a97480 3918333514 C Co:2:006:0 0 2 >
ffff8e67c4a97480 3918333556 S Ci:2:006:0 s c0 bc 0900 001c 0002 2 <
ffff8e67c4a97480 3918336330 C Ci:2:006:0 0 2 = 2f6f
ffff8e67c4a97480 3918336361 S Co:2:006:0 s 40 b9 0000 0000 0004 4 = 09016638
ffff8e67c4a97480 3918338893 C Co:2:006:0 0 4 >
ffff8e67c4a97480 3918338933 S Ii:2:006:3 -115:1 3 <
ffff8e67c4a97480 3918340131 C Ii:2:006:3 0:1 3 = 100000
ffff8e67c4a97480 3918340168 S Ci:2:006:0 s c0 bc 0800 0016 0002 2 <
ffff8e67c4a97480 3918343044 C Ci:2:006:0 0 2 = 0900
ffff8e67c4a97480 3918343086 S Ci:2:006:0 s c0 bc 0900 001c 0002 2 <
ffff8e67c4a97480 3918345726 C Ci:2:006:0 0 2 = 2f6f
ffff8e67c4a97480 3918345769 S Ci:2:006:0 s c0 bc 0800 23be 003a 58 <
ffff8e67c4a97480 3918348370 C Ci:2:006:0 0 58 = 00005b5c 81420020 90ea8bba 67684d8e 33131187 1b79ab58 793eff24 22027614
ffff8e67c4a97480 3918348420 S Co:2:006:0 s 40 bc 0800 00c0 0006 6 = ab923eb4 ab76
ffff8e67c4a97480 3918351137 C Co:2:006:0 0 6 >
ffff8e67c4a97480 3918351180 S Co:2:006:0 s 40 b9 0000 0000 0004 4 = 09006606
ffff8e67c4a97480 3918353856 C Co:2:006:0 0 4 >
ffff8e67c4a97480 3918353897 S Ii:2:006:3 -115:1 3 <
ffff8e67c4a97480 3918355180 C Ii:2:006:3 0:1 3 = 100000
ffff8e67c4a97480 3918355216 S Ci:2:006:0 s c0 bc 0800 0016 0002 2 <
ffff8e67c4a97480 3918358042 C Ci:2:006:0 0 2 = 0900
ffff8e67c4a97480 3918358082 S Ci:2:006:0 s c0 bc 0900 001c 0002 2 <
ffff8e67c4a97480 3918360738 C Ci:2:006:0 0 2 = 2f6f
ffff8e67c4a97480 3918360779 S Ci:2:006:0 s c0 bc 0800 23be 0002 2 <
ffff8e67c4a97480 3918363352 C Ci:2:006:0 0 2 = 0000
ffff8e67c4a97480 3918363390 S Co:2:006:0 s 40 bc 0900 0014 0002 2 = d09e
ffff8e67c4a97480 3918366145 C Co:2:006:0 0 2 >
ffff8e67c4a97480 3918366189 S Ci:2:006:0 s c0 bc 0900 001c 0002 2 <
ffff8e67c4a97480 3918368752 C Ci:2:006:0 0 2 = 2f6f
ffff8e67c4a97480 3918368796 S Co:2:006:0 s 40 b9 0000 0000 0004 4 = 09016638
ffff8e67c4a97480 3918371353 C Co:2:006:0 0 4 >
ffff8e67c4a97480 3918371393 S Ii:2:006:3 -115:1 3 <
ffff8e67c4a97480 3918372798 C Ii:2:006:3 0:1 3 = 100000
ffff8e67c4a97480 3918372839 S Ci:2:006:0 s c0 bc 0800 0016 0002 2 <
ffff8e67c4a97480 3918375660 C Ci:2:006:0 0 2 = 0900
ffff8e67c4a97480 3918375699 S Ci:2:006:0 s c0 bc 0900 001c 0002 2 <
ffff8e67c4a97480 3918378284 C Ci:2:006:0 0 2 = 2f6f
ffff8e67c4a97480 3918378319 S Ci:2:006:0 s c0 bc 0800 23be 003a 58 <
ffff8e67c4a97480 3918381040 C Ci:2:006:0 0 58 = 0000ea12 cff7bd23 7f1fcff4 d5d903c0 86ae1268 ed3ce5ea c870b191 9f0199e5
ffff8e67c4a97480 3918381129 S Co:2:006:0 s 40 bc 0800 00c0 0006 6 = ab923eb4 e376
ffff8e67c4a97480 3918383717 C Co:2:006:0 0 6 >
ffff8e67c4a97480 3918383756 S Co:2:006:0 s 40 b9 0000 0000 0004 4 = 09006606
ffff8e67c4a97480 3918386533 C Co:2:006:0 0 4 >
ffff8e67c4a97480 3918386573 S Ii:2:006:3 -115:1 3 <
ffff8e67c4a97480 3918387825 C Ii:2:006:3 0:1 3 = 100000
ffff8e67c4a97480 3918387863 S Ci:2:006:0 s c0 bc 0800 0016 0002 2 <
ffff8e67c4a97480 3918390660 C Ci:2:006:0 0 2 = 0900
ffff8e67c4a97480 3918390703 S Ci:2:006:0 s c0 bc 0900 001c 0002 2 <
ffff8e67c4a97480 3918393410 C Ci:2:006:0 0 2 = 2f6f
ffff8e67c4a97480 3918393444 S Ci:2:006:0 s c0 bc 0800 23be 0002 2 <
ffff8e67c4a97480 3918396137 C Ci:2:006:0 0 2 = 0000
ffff8e67c4a97480 3918396172 S Co:2:006:0 s 40 bc 0900 0014 0002 2 = d09e
ffff8e67c4a97480 3918398889 C Co:2:006:0 0 2 >
ffff8e67c4a97480 3918398932 S Ci:2:006:0 s c0 bc 0900 001c 0002 2 <
ffff8e67c4a97480 3918401670 C Ci:2:006:0 0 2 = 2f6f
ffff8e67c4a97480 3918401713 S Co:2:006:0 s 40 b9 0000 0000 0004 4 = 09016638
ffff8e67c4a97480 3918404420 C Co:2:006:0 0 4 >
ffff8e67c4a97480 3918404460 S Ii:2:006:3 -115:1 3 <
ffff8e67c4a97480 3918405744 C Ii:2:006:3 0:1 3 = 100000
ffff8e67c4a97480 3918405785 S Ci:2:006:0 s c0 bc 0800 0016 0002 2 <
ffff8e67c4a97480 3918408550 C Ci:2:006:0 0 2 = 0900
ffff8e67c4a97480 3918408590 S Ci:2:006:0 s c0 bc 0900 001c 0002 2 <
ffff8e67c4a97480 3918411257 C Ci:2:006:0 0 2 = 2f6f
ffff8e67c4a97480 3918411290 S Ci:2:006:0 s c0 bc 0800 23be 003a 58 <
ffff8e67c4a97480 3918414118 C Ci:2:006:0 0 58 = 0000a75c 7a4abecc b4408146 67944d75 3badfdbc b1725758 853e042c 9cee4cbe
ffff8e67c4a97480 3918414159 S Co:2:006:0 s 40 bc 0800 00c0 0006 6 = ab923eb4 1b77
ffff8e67c4a97480 3918416797 C Co:2:006:0 0 6 >
ffff8e67c4a97480 3918416839 S Co:2:006:0 s 40 b9 0000 0000 0004 4 = 09006606
ffff8e67c4a97480 3918419644 C Co:2:006:0 0 4 >
ffff8e67c4a97480 3918419686 S Ii:2:006:3 -115:1 3 <
ffff8e67c4a97480 3918420957 C Ii:2:006:3 0:1 3 = 100000
ffff8e67c4a97480 3918420995 S Ci:2:006:0 s c0 bc 0800 0016 0002 2 <
ffff8e67c4a97480 3918423736 C Ci:2:006:0 0 2 = 0900
ffff8e67c4a97480 3918423776 S Ci:2:006:0 s c0 bc 0900 001c 0002 2 <
ffff8e67c4a97480 3918426562 C Ci:2:006:0 0 2 = 2f6f
ffff8e67c4a97480 3918426597 S Ci:2:006:0 s c0 bc 0800 23be 0002 2 <
ffff8e67c4a97480 3918429276 C Ci:2:006:0 0 2 = 0000
ffff8e67c4a97480 3918429316 S Co:2:006:0 s 40 bc 0900 0014 0002 2 = d09e
ffff8e67c4a97480 3918431888 C Co:2:006:0 0 2 >
ffff8e67c4a97480 3918431931 S Ci:2:006:0 s c0 bc 0900 001c 0002 2 <
ffff8e67c4a97480 3918434620 C Ci:2:006:0 0 2 = 2f6f
ffff8e67c4a97480 3918434661 S Co:2:006:0 s 40 b9 0000 0000 0004 4 = 09016638
ffff8e67c4a97480 3918437225 C Co:2:006:0 0 4 >
ffff8e67c4a97480 3918437264 S Ii:2:006:3 -115:1 3 <
ffff8e67c4a97480 3918438587 C Ii:2:006:3 0:1 3 = 100000
ffff8e67c4a97480 3918438627 S Ci:2:006:0 s c0 bc 0800 0016 0002 2 <
ffff8e67c4a97480 3918441376 C Ci:2:006:0 0 2 = 0900
ffff8e67c4a97480 3918441444 S Ci:2:006:0 s c0 bc 0900 001c 0002 2 <
ffff8e67c4a97480 3918444016 C Ci:2:006:0 0 2 = 2f6f
ffff8e67c4a97480 3918444051 S Ci:2:006:0 s c0 bc 0800 23be 003a 58 <
ffff8e67c4a97480 3918446739 C Ci:2:006:0 0 58 = 0000e9e9 c749511c d50e33f4 29daf8c8 38422fc2 ffc0e516 cb8bb92f 733d33f0
ffff8e67c4a97480 3918446783 S Co:2:006:0 s 40 bc 0800 00c0 0006 6 = ab923eb4 5377
ffff8e67c4a97480 3918449379 C Co:2:006:0 0 6 >
ffff8e67c4a97480 3918449440 S Co:2:006:0 s 40 b9 0000 0000 0004 4 = 09006606
ffff8e67c4a97480 3918451980 C Co:2:006:0 0 4 >
ffff8e67c4a97480 3918452034 S Ii:2:006:3 -115:1 3 <
ffff8e67c4a97480 3918453283 C Ii:2:006:3 0:1 3 = 100000
ffff8e67c4a97480 3918453336 S Ci:2:006:0 s c0 bc 0800 0016 0002 2 <
ffff8e67c4a97480 3918456015 C Ci:2:006:0 0 2 = 0900
ffff8e67c4a97480 3918456082 S Ci:2:006:0 s c0 bc 0900 001c 0002 2 <
ffff8e67c4a97480 3918458744 C Ci:2:006:0 0 2 = 2f6f
ffff8e67c4a97480 3918458784 S Ci:2:006:0 s c0 bc 0800 23be 0002 2 <
ffff8e67c4a97480 3918461468 C Ci:2:006:0 0 2 = 0000
ffff8e67c4a97480 3918461501 S Co:2:006:0 s 40 bc 0900 0014 0002 2 = d09e
ffff8e67c4a97480 3918464142 C Co:2:006:0 0 2 >
ffff8e67c4a97480 3918464187 S Ci:2:006:0 s c0 bc 0900 001c 0002 2 <
ffff8e67c4a97480 3918466859 C Ci:2:006:0 0 2 = 2f6f
ffff8e67c4a97480 3918466890 S Co:2:006:0 s 40 b9 0000 0000 0004 4 = 09016638
ffff8e67c4a97480 3918469567 C Co:2:006:0 0 4 >
ffff8e67c4a97480 3918469610 S Ii:2:006:3 -115:1 3 <
ffff8e67c4a97480 3918470777 C Ii:2:006:3 0:1 3 = 100000
ffff8e67c4a97480 3918470807 S Ci:2:006:0 s c0 bc 0800 0016 0002 2 <
ffff8e67c4a97480 3918473613 C Ci:2:006:0 0 2 = 0900
ffff8e67c4a97480 3918473656 S Ci:2:006:0 s c0 bc 0900 001c 0002 2 <
ffff8e67c4a97480 3918476277 C Ci:2:006:0 0 2 = 2f6f
ffff8e67c4a97480 3918476313 S Ci:2:006:0 s c0 bc 0800 23be 003a 58 <
ffff8e67c4a97480 3918479057 C Ci:2:006:0 0 58 = 00005c54 c4a68b66 9bbc81ba 676f45cb d7e4578c 4d72ab58 7e36bec2 99447d42
ffff8e67c4a97480 3918479096 S Co:2:006:0 s 40 bc 0800 00c0 0006 6 = ab923eb4 8b77
ffff8e67c4a97480 3918481764 C Co:2:006:0 0 6 >
ffff8e67c4a97480 3918481807 S Co:2:006:0 s 40 b9 0000 0000 0004 4 = 09006606
ffff8e67c4a97480 3918484485 C Co:2:006:0 0 4 >
ffff8e67c4a97480 3918484525 S Ii:2:006:3 -115:1 3 <
ffff8e67c4a97480 3918485808 C Ii:2:006:3 0:1 3 = 100000
ffff8e67c4a97480 3918485847 S Ci:2:006:0 s c0 bc 0800 0016 0002 2 <
ffff8e67c4a97480 3918488617 C Ci:2:006:0 0 2 = 0900
ffff8e67c4a97480 3918488659 S Ci:2:006:0 s c0 bc 0900 001c 0002 2 <
ffff8e67c4a97480 3918491241 C Ci:2:006:0 0 2 = 2f6f
ffff8e67c4a97480 3918491276 S Ci:2:006:0 s c0 bc 0800 23be 0002 2 <
ffff8e67c4a97480 3918493859 C Ci:2:006:0 0 2 = 0000
ffff8e67c4a97480 3918493902 S Co:2:006:0 s 40 bc 0900 0014 0002 2 = d09e
ffff8e67c4a97480 3918496470 C Co:2:006:0 0 2 >
ffff8e67c4a97480 3918496511 S Ci:2:006:0 s c0 bc 0900 001c 0002 2 <
ffff8e67c4a97480 3918499157 C Ci:2:006:0 0 2 = 2f6f
ffff8e67c4a97480 3918499200 S Co:2:006:0 s 40 b9 0000 0000 0004 4 = 09016638
ffff8e67c4a97480 3918501831 C Co:2:006:0 0 4 >
ffff8e67c4a97480 3918501871 S Ii:2:006:3 -115:1 3 <
ffff8e67c4a97480 3918503075 C Ii:2:006:3 0:1 3 = 100000
ffff8e67c4a97480 3918503116 S Ci:2:006:0 s c0 bc 0800 0016 0002 2 <
ffff8e67c4a97480 3918505915 C Ci:2:006:0 0 2 = 0900
ffff8e67c4a97480 3918505959 S Ci:2:006:0 s c0 bc 0900 001c 0002 2 <
ffff8e67c4a97480 3918508600 C Ci:2:006:0 0 2 = 2f6f
ffff8e67c4a97480 3918508643 S Ci:2:006:0 s c0 bc 0800 23be 003a 58 <
ffff8e67c4a97480 3918511318 C Ci:2:006:0 0 58 = 0000e95c cf42b528 9b0e81f4 67da4dc0 33a6198c ff72e558 cb3eb124 970a7df0
ffff8e67c4a97480 3918511359 S Co:2:006:0 s 40 bc 0800 00c0 0006 6 = ab923eb4 c377
ffff8e67c4a97480 3918514141 C Co:2:006:0 0 6 >
ffff8e67c4a97480 3918514185 S Co:2:006:0 s 40 b9 0000 0000 0004 4 = 09006606
ffff8e67c4a97480 3918516860 C Co:2:006:0 0 4 >
ffff8e67c4a97480 3918516899 S Ii:2:006:3 -115:1 3 <
ffff8e67c4a97480 3918518149 C Ii:2:006:3 0:1 3 = 100000
ffff8e67c4a97480 3918518185 S Ci:2:006:0 s c0 bc 0800 0016 0002 2 <
ffff8e67c4a97480 3918520888 C Ci:2:006:0 0 2 = 0900
ffff8e67c4a97480 3918520931 S Ci:2:006:0 s c0 bc 0900 001c 0002 2 <
ffff8e67c4a97480 3918523614 C Ci:2:006:0 0 2 = 2f6f
ffff8e67c4a97480 3918523657 S Ci:2:006:0 s c0 bc 0800 23be 0002 2 <
ffff8e67c4a97480 3918526346 C Ci:2:006:0 0 2 = 0000
ffff8e67c4a97480 3918526379 S Co:2:006:0 s 40 bc 0900 0014 0002 2 = d09e
ffff8e67c4a97480 3918529011 C Co:2:006:0 0 2 >
ffff8e67c4a97480 3918529068 S Ci:2:006:0 s c0 bc 0900 001c 0002 2 <
ffff8e67c4a97480 3918531591 C Ci:2:006:0 0 2 = 2f6f
ffff8e67c4a97480 3918531635 S Co:2:006:0 s 40 b9 0000 0000 0004 4 = 09016638
ffff8e67c4a97480 3918534248 C Co:2:006:0 0 4 >
ffff8e67c4a97480 3918534288 S Ii:2:006:3 -115:1 3 <
ffff8e67c4a97480 3918535577 C Ii:2:006:3 0:1 3 = 100000
ffff8e67c4a97480 3918535618 S Ci:2:006:0 s c0 bc 0800 0016 0002 2 <
ffff8e67c4a97480 3918538251 C Ci:2:006:0 0 2 = 0900
ffff8e67c4a97480 3918538294 S Ci:2:006:0 s c0 bc 0900 001c 0002 2 <
ffff8e67c4a97480 3918540972 C Ci:2:006:0 0 2 = 2f6f
ffff8e67c4a97480 3918541013 S Ci:2:006:0 s c0 bc 0800 23be 003a 58 <
ffff8e67c4a97480 3918543743 C Ci:2:006:0 0 58 = 0000e95c cf42b528 9b0e81f4 67da4dc0 33a6198c ff72e558 cb3eb124 970a7df0
ffff8e67c4a97480 3918543783 S Co:2:006:0 s 40 bc 0800 00c0 0006 6 = ab923eb4 fb77
ffff8e67c4a97480 3918546496 C Co:2:006:0 0 6 >
ffff8e67c4a97480 3918546540 S Co:2:006:0 s 40 b9 0000 0000 0004 4 = 09006606
ffff8e67c4a97480 3918549139 C Co:2:006:0 0 4 >
ffff8e67c4a97480 3918549179 S Ii:2:006:3 -115:1 3 <
ffff8e67c4a97480 3918550433 C Ii:2:006:3 0:1 3 = 100000
ffff8e67c4a97480 3918550472 S Ci:2:006:0 s c0 bc 0800 0016 0002 2 <
ffff8e67c4a97480 3918553233 C Ci:2:006:0 0 2 = 0900
ffff8e67c4a97480 3918553275 S Ci:2:006:0 s c0 bc 0900 001c 0002 2 <
ffff8e67c4a97480 3918556045 C Ci:2:006:0 0 2 = 2f6f
ffff8e67c4a97480 3918556080 S Ci:2:006:0 s c0 bc 0800 23be 0002 2 <
ffff8e67c4a97480 3918558774 C Ci:2:006:0 0 2 = 0000
ffff8e67c4a97480 3918558814 S Co:2:006:0 s 40 bc 0900 0014 0002 2 = d09e
ffff8e67c4a97480 3918561537 C Co:2:006:0 0 2 >
ffff8e67c4a97480 3918561577 S Ci:2:006:0 s c0 bc 0900 001c 0002 2 <
ffff8e67c4a97480 3918564167 C Ci:2:006:0 0 2 = 2f6f
ffff8e67c4a97480 3918564210 S Co:2:006:0 s 40 b9 0000 0000 0004 4 = 09016638
ffff8e67c4a97480 3918566861 C Co:2:006:0 0 4 >
ffff8e67c4a97480 3918566901 S Ii:2:006:3 -115:1 3 <
ffff8e67c4a97480 3918568219 C Ii:2:006:3 0:1 3 = 100000
ffff8e67c4a97480 3918568255 S Ci:2:006:0 s c0 bc 0800 0016 0002 2 <
ffff8e67c4a97480 3918571056 C Ci:2:006:0 0 2 = 0900
ffff8e67c4a97480 3918571100 S Ci:2:006:0 s c0 bc 0900 001c 0002 2 <
ffff8e67c4a97480 3918573745 C Ci:2:006:0 0 2 = 2f6f
ffff8e67c4a97480 3918573787 S Ci:2:006:0 s c0 bc 0800 23be 003a 58 <
ffff8e67c4a97480 3918576617 C Ci:2:006:0 0 58 = 0000e95c cf42b528 9b0e81f4 67da4dc0 33a6198c ff72e558 cb3eb124 970a7df0
ffff8e67c4a97480 3918576659 S Co:2:006:0 s 40 bc 0800 00c0 0006 6 = ab923eb4 3374
ffff8e67c4a97480 3918579258 C Co:2:006:0 0 6 >
ffff8e67c4a97480 3918579302 S Co:2:006:0 s 40 b9 0000 0000 0004 4 = 09006606
ffff8e67c4a97480 3918582048 C Co:2:006:0 0 4 >
ffff8e67c4a97480 3918582088 S Ii:2:006:3 -115:1 3 <
ffff8e67c4a97480 3918583351 C Ii:2:006:3 0:1 3 = 100000
ffff8e67c4a97480 3918583405 S Ci:2:006:0 s c0 bc 0800 0016 0002 2 <
ffff8e67c4a97480 3918586135 C Ci:2:006:0 0 2 = 0900
ffff8e67c4a97480 3918586178 S Ci:2:006:0 s c0 bc 0900 001c 0002 2 <
ffff8e67c4a97480 3918588895 C Ci:2:006:0 0 2 = 2f6f
ffff8e67c4a97480 3918588939 S Ci:2:006:0 s c0 bc 0800 23be 0002 2 <
ffff8e67c4a97480 3918591606 C Ci:2:006:0 0 2 = 0000
ffff8e67c4a97480 3918591648 S Co:2:006:0 s 40 bc 0900 0014 0002 2 = d09e
ffff8e67c4a97480 3918594213 C Co:2:006:0 0 2 >
ffff8e67c4a97480 3918594257 S Ci:2:006:0 s c0 bc 0900 001c 0002 2 <
ffff8e67c4a97480 3918596904 C Ci:2:006:0 0 2 = 2f6f
ffff8e67c4a97480 3918596947 S Co:2:006:0 s 40 b9 0000 0000 0004 4 = 09016638
ffff8e67c4a97480 3918599582 C Co:2:006:0 0 4 >
ffff8e67c4a97480 3918599619 S Ii:2:006:3 -115:1 3 <
ffff8e67c4a97480 3918600954 C Ii:2:006:3 0:1 3 = 100000
ffff8e67c4a97480 3918600994 S Ci:2:006:0 s c0 bc 0800 0016 0002 2 <
ffff8e67c4a97480 3918603742 C Ci:2:006:0 0 2 = 0900
ffff8e67c4a97480 3918603785 S Ci:2:006:0 s c0 bc 0900 001c 0002 2 <
ffff8e67c4a97480 3918606355 C Ci:2:006:0 0 2 = 2f6f
ffff8e67c4a97480 3918606406 S Ci:2:006:0 s c0 bc 0800 23be 003a 58 <
ffff8e67c4a97480 3918609132 C Ci:2:006:0 0 58 = 0000e95c cf42b528 9b0e81f4 67da4dc0 33a6198c ff72e558 cb3eb124 970a7df0
ffff8e67c4a97480 3918609165 S Co:2:006:0 s 40 bc 0800 00c0 0006 6 = ab923eb4 6b74
ffff8e67c4a97480 3918611729 C Co:2:006:0 0 6 >
ffff8e67c4a97480 3918611776 S Co:2:006:0 s 40 b9 0000 0000 0004 4 = 09006606
ffff8e67c4a97480 3918614368 C Co:2:006:0 0 4 >
ffff8e67c4a97480 3918614426 S Ii:2:006:3 -115:1 3 <
ffff8e67c4a97480 3918615643 C Ii:2:006:3 0:1 3 = 100000
ffff8e67c4a97480 3918615687 S Ci:2:006:0 s c0 bc 0800 0016 0002 2 <
ffff8e67c4a97480 3918618487 C Ci:2:006:0 0 2 = 0900
ffff8e67c4a97480 3918618530 S Ci:2:006:0 s c0 bc 0900 001c 0002 2 <
ffff8e67c4a97480 3918621141 C Ci:2:006:0 0 2 = 2f6f
ffff8e67c4a97480 3918621177 S Ci:2:006:0 s c0 bc 0800 23be 0002 2 <
ffff8e67c4a97480 3918623864 C Ci:2:006:0 0 2 = 0000
ffff8e67c4a97480 3918623898 S Co:2:006:0 s 40 bc 0900 0014 0002 2 = d09e
ffff8e67c4a97480 3918626581 C Co:2:006:0 0 2 >
ffff8e67c4a97480 3918626624 S Ci:2:006:0 s c0 bc 0900 001c 0002 2 <
ffff8e67c4a97480 3918629223 C Ci:2:006:0 0 2 = 2f6f
ffff8e67c4a97480 3918629267 S Co:2:006:0 s 40 b9 0000 0000 0004 4 = 09016638
ffff8e67c4a97480 3918632045 C Co:2:006:0 0 4 >
ffff8e67c4a97480 3918632083 S Ii:2:006:3 -115:1 3 <
ffff8e67c4a97480 3918633289 C Ii:2:006:3 0:1 3 = 100000
ffff8e67c4a97480 3918633342 S Ci:2:006:0 s c0 bc 0800 0016 0002 2 <
ffff8e67c4a97480 3918636108 C Ci:2:006:0 0 2 = 0900
ffff8e67c4a97480 3918636307 S Ci:2:006:0 s c0 bc 0900 001c 0002 2 <
ffff8e67c4a97480 3918638867 C Ci:2:006:0 0 2 = 2f6f
ffff8e67c4a97480 3918638888 S Ci:2:006:0 s c0 bc 0800 23be 003a 58 <
ffff8e67c4a97480 3918641476 C Ci:2:006:0 0 58 = 0000e95c cf42b528 9b0e81f4 67da4dc0 33a6198c ff72e558 cb3eb124 970a7df0
ffff8e67c4a97480 3918641521 S Co:2:006:0 s 40 bc 0800 00c0 0006 6 = ab923eb4 a374
ffff8e67c4a97480 3918644092 C Co:2:006:0 0 6 >
ffff8e67c4a97480 3918644143 S Co:2:006:0 s 40 b9 0000 0000 0004 4 = 09006606
ffff8e67c4a97480 3918646834 C Co:2:006:0 0 4 >
ffff8e67c4a97480 3918646888 S Ii:2:006:3 -115:1 3 <
ffff8e67c4a97480 3918648174 C Ii:2:006:3 0:1 3 = 100000
ffff8e67c4a97480 3918648216 S Ci:2:006:0 s c0 bc 0800 0016 0002 2 <
ffff8e67c4a97480 3918650895 C Ci:2:006:0 0 2 = 0900
ffff8e67c4a97480 3918650951 S Ci:2:006:0 s c0 bc 0900 001c 0002 2 <
ffff8e67c4a97480 3918653600 C Ci:2:006:0 0 2 = 2f6f
ffff8e67c4a97480 3918653657 S Ci:2:006:0 s c0 bc 0800 23be 0002 2 <
ffff8e67c4a97480 3918656226 C Ci:2:006:0 0 2 = 0000
ffff8e67c4a97480 3918656269 S Co:2:006:0 s 40 bc 0900 0014 0002 2 = d09e
ffff8e67c4a97480 3918658986 C Co:2:006:0 0 2 >
ffff8e67c4a97480 3918659043 S Ci:2:006:0 s c0 bc 0900 001c 0002 2 <
ffff8e67c4a97480 3918661698 C Ci:2:006:0 0 2 = 2f6f
ffff8e67c4a97480 3918661756 S Co:2:006:0 s 40 b9 0000 0000 0004 4 = 09016638
ffff8e67c4a97480 3918664359 C Co:2:006:0 0 4 >
ffff8e67c4a97480 3918664426 S Ii:2:006:3 -115:1 3 <
ffff8e67c4a97480 3918665615 C Ii:2:006:3 0:1 3 = 100000
ffff8e67c4a97480 3918665671 S Ci:2:006:0 s c0 bc 0800 0016 0002 2 <
ffff8e67c4a97480 3918668478 C Ci:2:006:0 0 2 = 0900
ffff8e67c4a97480 3918668536 S Ci:2:006:0 s c0 bc 0900 001c 0002 2 <
ffff8e67c4a97480 3918671255 C Ci:2:006:0 0 2 = 2f6f
ffff8e67c4a97480 3918671300 S Ci:2:006:0 s c0 bc 0800 23be 003a 58 <
ffff8e67c4a97480 3918674005 C Ci:2:006:0 0 58 = 0000e95c cf42b528 9b0e81f4 67da4dc0 33a6198c ff72e558 cb3eb124 970a7df0
ffff8e67c4a97480 3918674062 S Co:2:006:0 s 40 bc 0800 00c0 0006 6 = ab923eb4 db74
ffff8e67c4a97480 3918676721 C Co:2:006:0 0 6 >
ffff8e67c4a97480 3918676778 S Co:2:006:0 s 40 b9 0000 0000 0004 4 = 09006606
ffff8e67c4a97480 3918679363 C Co:2:006:0 0 4 >
ffff8e67c4a97480 3918679433 S Ii:2:006:3 -115:1 3 <
ffff8e67c4a97480 3918680682 C Ii:2:006:3 0:1 3 = 100000
ffff8e67c4a97480 3918680736 S Ci:2:006:0 s c0 bc 0800 0016 0002 2 <
ffff8e67c4a97480 3918683489 C Ci:2:006:0 0 2 = 0900
ffff8e67c4a97480 3918683546 S Ci:2:006:0 s c0 bc 0900 001c 0002 2 <
ffff8e67c4a97480 3918686132 C Ci:2:006:0 0 2 = 2f6f
ffff8e67c4a97480 3918686178 S Ci:2:006:0 s c0 bc 0800 23be 0002 2 <
ffff8e67c4a97480 3918688886 C Ci:2:006:0 0 2 = 0000
ffff8e67c4a97480 3918688930 S Co:2:006:0 s 40 bc 0900 0014 0002 2 = d09e
ffff8e67c4a97480 3918691599 C Co:2:006:0 0 2 >
ffff8e67c4a97480 3918691655 S Ci:2:006:0 s c0 bc 0900 001c 0002 2 <
ffff8e67c4a97480 3918694223 C Ci:2:006:0 0 2 = 2f6f
ffff8e67c4a97480 3918694280 S Co:2:006:0 s 40 b9 0000 0000 0004 4 = 09016638
ffff8e67c4a97480 3918696871 C Co:2:006:0 0 4 >
ffff8e67c4a97480 3918696925 S Ii:2:006:3 -115:1 3 <
ffff8e67c4a97480 3918698170 C Ii:2:006:3 0:1 3 = 100000
ffff8e67c4a97480 3918698225 S Ci:2:006:0 s c0 bc 0800 0016 0002 2 <
ffff8e67c4a97480 3918700877 C Ci:2:006:0 0 2 = 0900
ffff8e67c4a97480 3918700935 S Ci:2:006:0 s c0 bc 0900 001c 0002 2 <
ffff8e67c4a97480 3918703562 C Ci:2:006:0 0 2 = 2f6f
ffff8e67c4a97480 3918703618 S Ci:2:006:0 s c0 bc 0800 23be 003a 58 <
ffff8e67c4a97480 3918706226 C Ci:2:006:0 0 58 = 0000e95c cf42b528 9b0e81f4 67da4dc0 33a6198c ff72e558 cb3eb124 970a7df0
ffff8e67c4a97480 3918706272 S Co:2:006:0 s 40 bc 0800 00c0 0006 6 = ab923eb4 1375
ffff8e67c4a97480 3918708858 C Co:2:006:0 0 6 >
ffff8e67c4a97480 3918708915 S Co:2:006:0 s 40 b9 0000 0000 0004 4 = 09006606
ffff8e67c4a97480 3918711658 C Co:2:006:0 0 4 >
ffff8e67c4a97480 3918711708 S Ii:2:006:3 -115:1 3 <
ffff8e67c4a97480 3918712859 C Ii:2:006:3 0:1 3 = 100000
ffff8e67c4a97480 3918712913 S Ci:2:006:0 s c0 bc 0800 0016 0002 2 <
ffff8e67c4a97480 3918715642 C Ci:2:006:0 0 2 = 0900
ffff8e67c4a97480 3918715700 S Ci:2:006:0 s c0 bc 0900 001c 0002 2 <
ffff8e67c4a97480 3918718236 C Ci:2:006:0 0 2 = 2f6f
ffff8e67c4a97480 3918718280 S Ci:2:006:0 s c0 bc 0800 23be 0002 2 <
ffff8e67c4a97480 3918720842 C Ci:2:006:0 0 2 = 0000
ffff8e67c4a97480 3918720899 S Co:2:006:0 s 40 bc 0900 0014 0002 2 = d09e
ffff8e67c4a97480 3918723476 C Co:2:006:0 0 2 >
ffff8e67c4a97480 3918723533 S Ci:2:006:0 s c0 bc 0900 001c 0002 2 <
ffff8e67c4a97480 3918726095 C Ci:2:006:0 0 2 = 2f6f
ffff8e67c4a97480 3918726153 S Co:2:006:0 s 40 b9 0000 0000 0004 4 = 09016638
ffff8e67c4a97480 3918728901 C Co:2:006:0 0 4 >
ffff8e67c4a97480 3918728954 S Ii:2:006:3 -115:1 3 <
ffff8e67c4a97480 3918730138 C Ii:2:006:3 0:1 3 = 100000
ffff8e67c4a97480 3918730175 S Ci:2:006:0 s c0 bc 0800 0016 0002 2 <
ffff8e67c4a97480 3918732841 C Ci:2:006:0 0 2 = 0900
ffff8e67c4a97480 3918732894 S Ci:2:006:0 s c0 bc 0900 001c 0002 2 <
ffff8e67c4a97480 3918735601 C Ci:2:006:0 0 2 = 2f6f
ffff8e67c4a97480 3918735659 S Ci:2:006:0 s c0 bc 0800 23be 003a 58 <
ffff8e67c4a97480 3918738192 C Ci:2:006:0 0 58 = 0000e95c cf42b528 9b0e81f4 67da4dc0 33a6198c ff72e558 cb3eb124 970a7df0
ffff8e67c4a97480 3918738234 S Co:2:006:0 s 40 bc 0800 00c0 0006 6 = ab923eb4 4b75
ffff8e67c4a97480 3918740868 C Co:2:006:0 0 6 >
ffff8e67c4a97480 3918740914 S Co:2:006:0 s 40 b9 0000 0000 0004 4 = 09006606
ffff8e67c4a97480 3918743579 C Co:2:006:0 0 4 >
ffff8e67c4a97480 3918743624 S Ii:2:006:3 -115:1 3 <
ffff8e67c4a97480 3918744897 C Ii:2:006:3 0:1 3 = 100000
ffff8e67c4a97480 3918744938 S Ci:2:006:0 s c0 bc 0800 0016 0002 2 <
ffff8e67c4a97480 3918747734 C Ci:2:006:0 0 2 = 0900
ffff8e67c4a97480 3918747791 S Ci:2:006:0 s c0 bc 0900 001c 0002 2 <
ffff8e67c4a97480 3918750356 C Ci:2:006:0 0 2 = 2f6f
ffff8e67c4a97480 3918750416 S Ci:2:006:0 s c0 bc 0800 23be 0002 2 <
ffff8e67c4a97480 3918753002 C Ci:2:006:0 0 2 = 0000
ffff8e67c4a97480 3918753046 S Co:2:006:0 s 40 bc 0900 0014 0002 2 = d09e
ffff8e67c4a97480 3918755671 C Co:2:006:0 0 2 >
ffff8e67c4a97480 3918755728 S Ci:2:006:0 s c0 bc 0900 001c 0002 2 <
ffff8e67c4a97480 3918758341 C Ci:2:006:0 0 2 = 2f6f
ffff8e67c4a97480 3918758416 S Co:2:006:0 s 40 b9 0000 0000 0004 4 = 09016638
ffff8e67c4a97480 3918761180 C Co:2:006:0 0 4 >
ffff8e67c4a97480 3918761233 S Ii:2:006:3 -115:1 3 <
ffff8e67c4a97480 3918762407 C Ii:2:006:3 0:1 3 = 100000
ffff8e67c4a97480 3918762461 S Ci:2:006:0 s c0 bc 0800 0016 0002 2 <
ffff8e67c4a97480 3918765258 C Ci:2:006:0 0 2 = 0900
ffff8e67c4a97480 3918765317 S Ci:2:006:0 s c0 bc 0900 001c 0002 2 <
ffff8e67c4a97480 3918768010 C Ci:2:006:0 0 2 = 2f6f
ffff8e67c4a97480 3918768055 S Ci:2:006:0 s c0 bc 0800 23be 003a 58 <
ffff8e67c4a97480 3918770655 C Ci:2:006:0 0 58 = 0000e95c cf42b528 9b0e81f4 67da4dc0 33a6198c ff72e558 cb3eb124 970a7df0
ffff8e67c4a97480 3918770700 S Co:2:006:0 s 40 bc 0800 00c0 0006 6 = ab923eb4 8375
ffff8e67c4a97480 3918773334 C Co:2:006:0 0 6 >
ffff8e67c4a97480 3918773406 S Co:2:006:0 s 40 b9 0000 0000 0004 4 = 09006606
ffff8e67c4a97480 3918775852 C Co:2:006:0 0 4 >
ffff8e67c4a97480 3918775902 S Ii:2:006:3 -115:1 3 <
ffff8e67c4a97480 3918777151 C Ii:2:006:3 0:1 3 = 100000
ffff8e67c4a97480 3918777188 S Ci:2:006:0 s c0 bc 0800 0016 0002 2 <
ffff8e67c4a97480 3918779731 C Ci:2:006:0 0 2 = 0900
ffff8e67c4a97480 3918779782 S Ci:2:006:0 s c0 bc 0900 001c 0002 2 <
ffff8e67c4a97480 3918782466 C Ci:2:006:0 0 2 = 2f6f
ffff8e67c4a97480 3918782509 S Ci:2:006:0 s c0 bc 0800 23be 0002 2 <
ffff8e67c4a97480 3918785119 C Ci:2:006:0 0 2 = 0000
ffff8e67c4a97480 3918785153 S Co:2:006:0 s 40 bc 0900 0014 0002 2 = d09e
ffff8e67c4a97480 3918787832 C Co:2:006:0 0 2 >
ffff8e67c4a97480 3918787876 S Ci:2:006:0 s c0 bc 0900 001c 0002 2 <
ffff8e67c4a97480 3918790594 C Ci:2:006:0 0 2 = 2f6f
ffff8e67c4a97480 3918790651 S Co:2:006:0 s 40 b9 0000 0000 0004 4 = 09016638
ffff8e67c4a97480 3918793209 C Co:2:006:0 0 4 >
ffff8e67c4a97480 3918793262 S Ii:2:006:3 -115:1 3 <
ffff8e67c4a97480 3918794567 C Ii:2:006:3 0:1 3 = 100000
ffff8e67c4a97480 3918794622 S Ci:2:006:0 s c0 bc 0800 0016 0002 2 <
ffff8e67c4a97480 3918797214 C Ci:2:006:0 0 2 = 0900
ffff8e67c4a97480 3918797270 S Ci:2:006:0 s c0 bc 0900 001c 0002 2 <
ffff8e67c4a97480 3918800006 C Ci:2:006:0 0 2 = 2f6f
ffff8e67c4a97480 3918800049 S Ci:2:006:0 s c0 bc 0800 23be 003a 58 <
ffff8e67c4a97480 3918802706 C Ci:2:006:0 0 58 = 0000e95c cf42b528 9b0e81f4 67da4dc0 33a6198c ff72e558 cb3eb124 970a7df0
ffff8e67c4a97480 3918802751 S Co:2:006:0 s 40 bc 0800 00c0 0006 6 = ab923eb4 bb75
ffff8e67c4a97480 3918805320 C Co:2:006:0 0 6 >
ffff8e67c4a97480 3918805390 S Co:2:006:0 s 40 b9 0000 0000 0004 4 = 09006606
ffff8e67c4a97480 3918808106 C Co:2:006:0 0 4 >
ffff8e67c4a97480 3918808159 S Ii:2:006:3 -115:1 3 <
ffff8e67c4a97480 3918809435 C Ii:2:006:3 0:1 3 = 100000
ffff8e67c4a97480 3918809489 S Ci:2:006:0 s c0 bc 0800 0016 0002 2 <
ffff8e67c4a97480 3918812210 C Ci:2:006:0 0 2 = 0900
ffff8e67c4a97480 3918812266 S Ci:2:006:0 s c0 bc 0900 001c 0002 2 <
ffff8e67c4a97480 3918814861 C Ci:2:006:0 0 2 = 2f6f
ffff8e67c4a97480 3918814915 S Ci:2:006:0 s c0 bc 0800 23be 0002 2 <
ffff8e67c4a97480 3918817624 C Ci:2:006:0 0 2 = 0000
ffff8e67c4a97480 3918817679 S Co:2:006:0 s 40 bc 0900 0014 0002 2 = d09e
ffff8e67c4a97480 3918820331 C Co:2:006:0 0 2 >
ffff8e67c4a97480 3918820403 S Ci:2:006:0 s c0 bc 0900 001c 0002 2 <
ffff8e67c4a97480 3918823121 C Ci:2:006:0 0 2 = 2f6f
ffff8e67c4a97480 3918823177 S Co:2:006:0 s 40 b9 0000 0000 0004 4 = 09016638
ffff8e67c4a97480 3918825809 C Co:2:006:0 0 4 >
ffff8e67c4a97480 3918825860 S Ii:2:006:3 -115:1 3 <
ffff8e67c4a97480 3918827184 C Ii:2:006:3 0:1 3 = 100000
ffff8e67c4a97480 3918827239 S Ci:2:006:0 s c0 bc 0800 0016 0002 2 <
ffff8e67c4a97480 3918830023 C Ci:2:006:0 0 2 = 0900
ffff8e67c4a97480 3918830078 S Ci:2:006:0 s c0 bc 0900 001c 0002 2 <
ffff8e67c4a97480 3918832714 C Ci:2:006:0 0 2 = 2f6f
ffff8e67c4a97480 3918832770 S Ci:2:006:0 s c0 bc 0800 23be 003a 58 <
ffff8e67c4a97480 3918835315 C Ci:2:006:0 0 58 = 0000e95c cf42b528 9b0e81f4 67da4dc0 33a6198c ff72e558 cb3eb124 970a7df0
ffff8e67c4a97480 3918835378 S Co:2:006:0 s 40 bc 0800 00c0 0006 6 = ab923eb4 f375
ffff8e67c4a97480 3918837946 C Co:2:006:0 0 6 >
ffff8e67c4a97480 3918837995 S Co:2:006:0 s 40 b9 0000 0000 0004 4 = 09006606
ffff8e67c4a97480 3918840608 C Co:2:006:0 0 4 >
ffff8e67c4a97480 3918840637 S Ii:2:006:3 -115:1 3 <
ffff8e67c4a97480 3918841895 C Ii:2:006:3 0:1 3 = 100000
ffff8e67c4a97480 3918841939 S Ci:2:006:0 s c0 bc 0800 0016 0002 2 <
ffff8e67c4a97480 3918844744 C Ci:2:006:0 0 2 = 0900
ffff8e67c4a97480 3918844774 S Ci:2:006:0 s c0 bc 0900 001c 0002 2 <
ffff8e67c4a97480 3918847460 C Ci:2:006:0 0 2 = 2f6f
ffff8e67c4a97480 3918847505 S Ci:2:006:0 s c0 bc 0800 23be 0002 2 <
ffff8e67c4a97480 3918850061 C Ci:2:006:0 0 2 = 0000
ffff8e67c4a97480 3918850115 S Co:2:006:0 s 40 bc 0900 0014 0002 2 = d09e
ffff8e67c4a97480 3918852693 C Co:2:006:0 0 2 >
ffff8e67c4a97480 3918852750 S Ci:2:006:0 s c0 bc 0900 001c 0002 2 <
ffff8e67c4a97480 3918855363 C Ci:2:006:0 0 2 = 2f6f
ffff8e67c4a97480 3918855419 S Co:2:006:0 s 40 b9 0000 0000 0004 4 = 09016638
ffff8e67c4a97480 3918858107 C Co:2:006:0 0 4 >
ffff8e67c4a97480 3918858160 S Ii:2:006:3 -115:1 3 <
ffff8e67c4a97480 3918859415 C Ii:2:006:3 0:1 3 = 100000
ffff8e67c4a97480 3918859469 S Ci:2:006:0 s c0 bc 0800 0016 0002 2 <
ffff8e67c4a97480 3918862211 C Ci:2:006:0 0 2 = 0900
ffff8e67c4a97480 3918862267 S Ci:2:006:0 s c0 bc 0900 001c 0002 2 <
ffff8e67c4a97480 3918864844 C Ci:2:006:0 0 2 = 2f6f
ffff8e67c4a97480 3918864899 S Ci:2:006:0 s c0 bc 0800 23be 003a 58 <
ffff8e67c4a97480 3918867604 C Ci:2:006:0 0 58 = 0000e95c cf42b528 9b0e81f4 67da4dc0 33a6198c ff72e558 cb3eb124 970a7df0
ffff8e67c4a97480 3918867660 S Co:2:006:0 s 40 bc 0800 00c0 0006 6 = ab923eb4 2b72
ffff8e67c4a97480 3918870247 C Co:2:006:0 0 6 >
ffff8e67c4a97480 3918870304 S Co:2:006:0 s 40 b9 0000 0000 0004 4 = 09006606
ffff8e67c4a97480 3918872892 C Co:2:006:0 0 4 >
ffff8e67c4a97480 3918872938 S Ii:2:006:3 -115:1 3 <
ffff8e67c4a97480 3918874167 C Ii:2:006:3 0:1 3 = 100000
ffff8e67c4a97480 3918874219 S Ci:2:006:0 s c0 bc 0800 0016 0002 2 <
ffff8e67c4a97480 3918876866 C Ci:2:006:0 0 2 = 0900
ffff8e67c4a97480 3918876923 S Ci:2:006:0 s c0 bc 0900 001c 0002 2 <
ffff8e67c4a97480 3918879589 C Ci:2:006:0 0 2 = 2f6f
ffff8e67c4a97480 3918879645 S Ci:2:006:0 s c0 bc 0800 23be 0002 2 <
ffff8e67c4a97480 3918882211 C Ci:2:006:0 0 2 = 0000
ffff8e67c4a97480 3918882255 S Co:2:006:0 s 40 bc 0900 0014 0002 2 = d09e
ffff8e67c4a97480 3918884928 C Co:2:006:0 0 2 >
ffff8e67c4a97480 3918884958 S Ci:2:006:0 s c0 bc 0900 001c 0002 2 <
ffff8e67c4a97480 3918887583 C Ci:2:006:0 0 2 = 2f6f
ffff8e67c4a97480 3918887635 S Co:2:006:0 s 40 b9 0000 0000 0004 4 = 09016638
ffff8e67c4a97480 3918890243 C Co:2:006:0 0 4 >
ffff8e67c4a97480 3918890272 S Ii:2:006:3 -115:1 3 <
ffff8e67c4a97480 3918891542 C Ii:2:006:3 0:1 3 = 100000
ffff8e67c4a97480 3918891593 S Ci:2:006:0 s c0 bc 0800 0016 0002 2 <
ffff8e67c4a97480 3918894211 C Ci:2:006:0 0 2 = 0900
ffff8e67c4a97480 3918894260 S Ci:2:006:0 s c0 bc 0900 001c 0002 2 <
ffff8e67c4a97480 3918896967 C Ci:2:006:0 0 2 = 2f6f
ffff8e67c4a97480 3918897023 S Ci:2:006:0 s c0 bc 0800 23be 003a 58 <
ffff8e67c4a97480 3918899684 C Ci:2:006:0 0 58 = 0000e95c cf42b528 9b0e81f4 67da4dc0 33a6198c ff72e558 cb3eb124 970a7df0
ffff8e67c4a97480 3918899739 S Co:2:006:0 s 40 bc 0800 00c0 0006 6 = ab923eb4 6372
ffff8e67c4a97480 3918902280 C Co:2:006:0 0 6 >
ffff8e67c4a97480 3918902337 S Co:2:006:0 s 40 b9 0000 0000 0004 4 = 09006606
ffff8e67c4a97480 3918904970 C Co:2:006:0 0 4 >
ffff8e67c4a97480 3918905024 S Ii:2:006:3 -115:1 3 <
ffff8e67c4a97480 3918906227 C Ii:2:006:3 0:1 3 = 100000
ffff8e67c4a97480 3918906278 S Ci:2:006:0 s c0 bc 0800 0016 0002 2 <
ffff8e67c4a97480 3918908984 C Ci:2:006:0 0 2 = 0900
ffff8e67c4a97480 3918909035 S Ci:2:006:0 s c0 bc 0900 001c 0002 2 <
ffff8e67c4a97480 3918911733 C Ci:2:006:0 0 2 = 2f6f
ffff8e67c4a97480 3918911788 S Ci:2:006:0 s c0 bc 0800 23be 0002 2 <
ffff8e67c4a97480 3918914388 C Ci:2:006:0 0 2 = 0000
ffff8e67c4a97480 3918914439 S Co:2:006:0 s 40 bc 0900 0014 0002 2 = d09e
ffff8e67c4a97480 3918917073 C Co:2:006:0 0 2 >
ffff8e67c4a97480 3918917116 S Ci:2:006:0 s c0 bc 0900 001c 0002 2 <
ffff8e67c4a97480 3918919967 C Ci:2:006:0 0 2 = 2f6f
ffff8e67c4a97480 3918920026 S Co:2:006:0 s 40 b9 0000 0000 0004 4 = 09016638
ffff8e67c4a97480 3918922577 C Co:2:006:0 0 4 >
ffff8e67c4a97480 3918922630 S Ii:2:006:3 -115:1 3 <
ffff8e67c4a97480 3918923887 C Ii:2:006:3 0:1 3 = 100000
ffff8e67c4a97480 3918923940 S Ci:2:006:0 s c0 bc 0800 0016 0002 2 <
ffff8e67c4a97480 3918926731 C Ci:2:006:0 0 2 = 0900
ffff8e67c4a97480 3918926788 S Ci:2:006:0 s c0 bc 0900 001c 0002 2 <
ffff8e67c4a97480 3918929395 C Ci:2:006:0 0 2 = 2f6f
ffff8e67c4a97480 3918929432 S Ci:2:006:0 s c0 bc 0800 23be 003a 58 <
ffff8e67c4a97480 3918932105 C Ci:2:006:0 0 58 = 0000e95c cf42b528 9b0e81f4 67da4dc0 33a6198c ff72e558 cb3eb124 970a7df0
ffff8e67c4a97480 3918932139 S Co:2:006:0 s 40 bc 0800 00c0 0006 6 = ab923eb4 9b72
ffff8e67c4a97480 3918934920 C Co:2:006:0 0 6 >
ffff8e67c4a97480 3918934962 S Co:2:006:0 s 40 b9 0000 0000 0004 4 = 09006606
ffff8e67c4a97480 3918937642 C Co:2:006:0 0 4 >
ffff8e67c4a97480 3918937670 S Ii:2:006:3 -115:1 3 <
ffff8e67c4a97480 3918939003 C Ii:2:006:3 0:1 3 = 100000
ffff8e67c4a97480 3918939068 S Ci:2:006:0 s c0 bc 0800 0016 0002 2 <
ffff8e67c4a97480 3918941758 C Ci:2:006:0 0 2 = 0900
ffff8e67c4a97480 3918941801 S Ci:2:006:0 s c0 bc 0900 001c 0002 2 <
ffff8e67c4a97480 3918944536 C Ci:2:006:0 0 2 = 2f6f
ffff8e67c4a97480 3918944572 S Ci:2:006:0 s c0 bc 0800 23be 0002 2 <
ffff8e67c4a97480 3918947224 C Ci:2:006:0 0 2 = 0000
ffff8e67c4a97480 3918947260 S Co:2:006:0 s 40 bc 0900 0014 0002 2 = d09e
ffff8e67c4a97480 3918950015 C Co:2:006:0 0 2 >
ffff8e67c4a97480 3918950059 S Ci:2:006:0 s c0 bc 0900 001c 0002 2 <
ffff8e67c4a97480 3918952759 C Ci:2:006:0 0 2 = 2f6f
ffff8e67c4a97480 3918952802 S Co:2:006:0 s 40 b9 0000 0000 0004 4 = 09016638
ffff8e67c4a97480 3918955479 C Co:2:006:0 0 4 >
ffff8e67c4a97480 3918955516 S Ii:2:006:3 -115:1 3 <
ffff8e67c4a97480 3918956841 C Ii:2:006:3 0:1 3 = 100000
ffff8e67c4a97480 3918956882 S Ci:2:006:0 s c0 bc 0800 0016 0002 2 <
ffff8e67c4a97480 3918959647 C Ci:2:006:0 0 2 = 0900
ffff8e67c4a97480 3918959690 S Ci:2:006:0 s c0 bc 0900 001c 0002 2 <
ffff8e67c4a97480 3918962391 C Ci:2:006:0 0 2 = 2f6f
ffff8e67c4a97480 3918962426 S Ci:2:006:0 s c0 bc 0800 23be 003a 58 <
ffff8e67c4a97480 3918965123 C Ci:2:006:0 0 58 = 0000e95c cf42b528 9b0e81f4 67da4dc0 33a6198c ff72e558 cb3eb124 970a7df0
ffff8e67c4a97480 3918965216 S Co:2:006:0 s 40 bc 0800 00c0 0006 6 = ab923eb4 d372
ffff8e67c4a97480 3918967885 C Co:2:006:0 0 6 >
ffff8e67c4a97480 3918967925 S Co:2:006:0 s 40 b9 0000 0000 0004 4 = 09006606
ffff8e67c4a97480 3918970649 C Co:2:006:0 0 4 >
ffff8e67c4a97480 3918970690 S Ii:2:006:3 -115:1 3 <
ffff8e67c4a97480 3918971947 C Ii:2:006:3 0:1 3 = 100000
ffff8e67c4a97480 3918971986 S Ci:2:006:0 s c0 bc 0800 0016 0002 2 <
ffff8e67c4a97480 3918974781 C Ci:2:006:0 0 2 = 0900
ffff8e67c4a97480 3918974821 S Ci:2:006:0 s c0 bc 0900 001c 0002 2 <
ffff8e67c4a97480 3918977463 C Ci:2:006:0 0 2 = 2f6f
ffff8e67c4a97480 3918977498 S Ci:2:006:0 s c0 bc 0800 23be 0002 2 <
ffff8e67c4a97480 3918980223 C Ci:2:006:0 0 2 = 0000
ffff8e67c4a97480 3918980265 S Co:2:006:0 s 40 bc 0900 0014 0002 2 = d09e
ffff8e67c4a97480 3918983013 C Co:2:006:0 0 2 >
ffff8e67c4a97480 3918983058 S Ci:2:006:0 s c0 bc 0900 001c 0002 2 <
ffff8e67c4a97480 3918985789 C Ci:2:006:0 0 2 = 2f6f
ffff8e67c4a97480 3918985833 S Co:2:006:0 s 40 b9 0000 0000 0004 4 = 09016638
ffff8e67c4a97480 3918988536 C Co:2:006:0 0 4 >
ffff8e67c4a97480 3918988576 S Ii:2:006:3 -115:1 3 <
ffff8e67c4a97480 3918989788 C Ii:2:006:3 0:1 3 = 100000
ffff8e67c4a97480 3918989827 S Ci:2:006:0 s c0 bc 0800 0016 0002 2 <
ffff8e67c4a97480 3918992675 C Ci:2:006:0 0 2 = 0900
ffff8e67c4a97480 3918992715 S Ci:2:006:0 s c0 bc 0900 001c 0002 2 <
ffff8e67c4a97480 3918995436 C Ci:2:006:0 0 2 = 2f6f
ffff8e67c4a97480 3918995476 S Ci:2:006:0 s c0 bc 0800 23be 003a 58 <
ffff8e67c4a97480 3918998123 C Ci:2:006:0 0 58 = 0000e95c cf42b528 9b0e81f4 67da4dc0 33a6198c ff72e558 cb3eb124 970a7df0
ffff8e67c4a97480 3918998167 S Co:2:006:0 s 40 bc 0800 00c0 0006 6 = ab923eb4 0b73
ffff8e67c4a97480 3919000811 C Co:2:006:0 0 6 >
ffff8e67c4a97480 3919000851 S Co:2:006:0 s 40 b9 0000 0000 0004 4 = 09006606
ffff8e67c4a97480 3919003637 C Co:2:006:0 0 4 >
ffff8e67c4a97480 3919003683 S Ii:2:006:3 -115:1 3 <
ffff8e67c4a97480 3919004959 C Ii:2:006:3 0:1 3 = 100000
ffff8e67c4a97480 3919005005 S Ci:2:006:0 s c0 bc 0800 0016 0002 2 <
ffff8e67c4a97480 3919007711 C Ci:2:006:0 0 2 = 0900
ffff8e67c4a97480 3919007741 S Ci:2:006:0 s c0 bc 0900 001c 0002 2 <
ffff8e67c4a97480 3919010556 C Ci:2:006:0 0 2 = 2f6f
ffff8e67c4a97480 3919010591 S Ci:2:006:0 s c0 bc 0800 23be 0002 2 <
ffff8e67c4a97480 3919013242 C Ci:2:006:0 0 2 = 0000
ffff8e67c4a97480 3919013278 S Co:2:006:0 s 40 bc 0900 0014 0002 2 = d09e
ffff8e67c4a97480 3919016012 C Co:2:006:0 0 2 >
ffff8e67c4a97480 3919016056 S Ci:2:006:0 s c0 bc 0900 001c 0002 2 <
ffff8e67c4a97480 3919018803 C Ci:2:006:0 0 2 = 2f6f
ffff8e67c4a97480 3919018845 S Co:2:006:0 s 40 b9 0000 0000 0004 4 = 09016638
ffff8e67c4a97480 3919021535 C Co:2:006:0 0 4 >
ffff8e67c4a97480 3919021575 S Ii:2:006:3 -115:1 3 <
ffff8e67c4a97480 3919022782 C Ii:2:006:3 0:1 3 = 100000
ffff8e67c4a97480 3919022820 S Ci:2:006:0 s c0 bc 0800 0016 0002 2 <
ffff8e67c4a97480 3919025658 C Ci:2:006:0 0 2 = 0900
ffff8e67c4a97480 3919025700 S Ci:2:006:0 s c0 bc 0900 001c 0002 2 <
ffff8e67c4a97480 3919028360 C Ci:2:006:0 0 2 = 2f6f
ffff8e67c4a97480 3919028394 S Ci:2:006:0 s c0 bc 0800 23be 003a 58 <
ffff8e67c4a97480 3919031195 C Ci:2:006:0 0 58 = 0000e95c cf42b528 9b0e81f4 67da4dc0 33a6198c ff72e558 cb3eb124 970a7df0
ffff8e67c4a97480 3919031236 S Co:2:006:0 s 40 bc 0800 00c0 0006 6 = ab923eb4 4373
ffff8e67c4a97480 3919033895 C Co:2:006:0 0 6 >
ffff8e67c4a97480 3919033951 S Co:2:006:0 s 40 b9 0000 0000 0004 4 = 09006606
ffff8e67c4a97480 3919036593 C Co:2:006:0 0 4 >
ffff8e67c4a97480 3919036652 S Ii:2:006:3 -115:1 3 <
ffff8e67c4a97480 3919037924 C Ii:2:006:3 0:1 3 = 100000
ffff8e67c4a97480 3919037970 S Ci:2:006:0 s c0 bc 0800 0016 0002 2 <
ffff8e67c4a97480 3919040758 C Ci:2:006:0 0 2 = 0900
ffff8e67c4a97480 3919040801 S Ci:2:006:0 s c0 bc 0900 001c 0002 2 <
ffff8e67c4a97480 3919043466 C Ci:2:006:0 0 2 = 2f6f
ffff8e67c4a97480 3919043505 S Ci:2:006:0 s c0 bc 0800 23be 0002 2 <
ffff8e67c4a97480 3919046183 C Ci:2:006:0 0 2 = 0000
ffff8e67c4a97480 3919046212 S Co:2:006:0 s 40 bc 0900 0014 0002 2 = d09e
ffff8e67c4a97480 3919049015 C Co:2:006:0 0 2 >
ffff8e67c4a97480 3919049097 S Ci:2:006:0 s c0 bc 0900 001c 0002 2 <
ffff8e67c4a97480 3919051729 C Ci:2:006:0 0 2 = 2f6f
ffff8e67c4a97480 3919051785 S Co:2:006:0 s 40 b9 0000 0000 0004 4 = 09016638
ffff8e67c4a97480 3919054532 C Co:2:006:0 0 4 >
ffff8e67c4a97480 3919054585 S Ii:2:006:3 -115:1 3 <
ffff8e67c4a97480 3919055819 C Ii:2:006:3 0:1 3 = 100000
ffff8e67c4a97480 3919055874 S Ci:2:006:0 s c0 bc 0800 0016 0002 2 <
ffff8e67c4a97480 3919058640 C Ci:2:006:0 0 2 = 0900
ffff8e67c4a97480 3919058697 S Ci:2:006:0 s c0 bc 0900 001c 0002 2 <
ffff8e67c4a97480 3919061376 C Ci:2:006:0 0 2 = 2f6f
ffff8e67c4a97480 3919061421 S Ci:2:006:0 s c0 bc 0800 23be 003a 58 <
ffff8e67c4a97480 3919063967 C Ci:2:006:0 0 58 = 0000e95c cf42b528 9b0e81f4 67da4dc0 33a6198c ff72e558 cb3eb124 970a7df0
ffff8e67c4a97480 3919064025 S Co:2:006:0 s 40 bc 0800 00c0 0006 6 = ab923eb4 7b73
ffff8e67c4a97480 3919066697 C Co:2:006:0 0 6 >
ffff8e67c4a97480 3919066755 S Co:2:006:0 s 40 b9 0000 0000 0004 4 = 09006606
ffff8e67c4a97480 3919069432 C Co:2:006:0 0 4 >
ffff8e67c4a97480 3919069485 S Ii:2:006:3 -115:1 3 <
ffff8e67c4a97480 3919070823 C Ii:2:006:3 0:1 3 = 100000
ffff8e67c4a97480 3919070879 S Ci:2:006:0 s c0 bc 0800 0016 0002 2 <
ffff8e67c4a97480 3919073636 C Ci:2:006:0 0 2 = 0900
ffff8e67c4a97480 3919073693 S Ci:2:006:0 s c0 bc 0900 001c 0002 2 <
ffff8e67c4a97480 3919076408 C Ci:2:006:0 0 2 = 2f6f
ffff8e67c4a97480 3919076453 S Ci:2:006:0 s c0 bc 0800 23be 0002 2 <
ffff8e67c4a97480 3919079212 C Ci:2:006:0 0 2 = 0000
ffff8e67c4a97480 3919079267 S Co:2:006:0 s 40 bc 0900 0014 0002 2 = d09e
ffff8e67c4a97480 3919081836 C Co:2:006:0 0 2 >
ffff8e67c4a97480 3919081927 S Ci:2:006:0 s c0 bc 0900 001c 0002 2 <
ffff8e67c4a97480 3919084643 C Ci:2:006:0 0 2 = 2f6f
ffff8e67c4a97480 3919084701 S Co:2:006:0 s 40 b9 0000 0000 0004 4 = 09016638
ffff8e67c4a97480 3919087403 C Co:2:006:0 0 4 >
ffff8e67c4a97480 3919087456 S Ii:2:006:3 -115:1 3 <
ffff8e67c4a97480 3919088704 C Ii:2:006:3 0:1 3 = 100000
ffff8e67c4a97480 3919088758 S Ci:2:006:0 s c0 bc 0800 0016 0002 2 <
ffff8e67c4a97480 3919091499 C Ci:2:006:0 0 2 = 0900
ffff8e67c4a97480 3919091556 S Ci:2:006:0 s c0 bc 0900 001c 0002 2 <
ffff8e67c4a97480 3919094242 C Ci:2:006:0 0 2 = 2f6f
ffff8e67c4a97480 3919094286 S Ci:2:006:0 s c0 bc 0800 23be 003a 58 <
ffff8e67c4a97480 3919097016 C Ci:2:006:0 0 58 = 0000e95c cf42b528 9b0e81f4 67da4dc0 33a6198c ff72e558 cb3eb124 970a7df0
ffff8e67c4a97480 3919097060 S Co:2:006:0 s 40 bc 0800 00c0 0006 6 = ab923eb4 b373
ffff8e67c4a97480 3919099694 C Co:2:006:0 0 6 >
ffff8e67c4a97480 3919099752 S Co:2:006:0 s 40 b9 0000 0000 0004 4 = 09006606
ffff8e67c4a97480 3919102383 C Co:2:006:0 0 4 >
ffff8e67c4a97480 3919102441 S Ii:2:006:3 -115:1 3 <
ffff8e67c4a97480 3919103786 C Ii:2:006:3 0:1 3 = 100000
ffff8e67c4a97480 3919103841 S Ci:2:006:0 s c0 bc 0800 0016 0002 2 <
ffff8e67c4a97480 3919106594 C Ci:2:006:0 0 2 = 0900
ffff8e67c4a97480 3919106651 S Ci:2:006:0 s c0 bc 0900 001c 0002 2 <
ffff8e67c4a97480 3919109386 C Ci:2:006:0 0 2 = 2f6f
ffff8e67c4a97480 3919109430 S Ci:2:006:0 s c0 bc 0800 23be 0002 2 <
ffff8e67c4a97480 3919112212 C Ci:2:006:0 0 2 = 0000
ffff8e67c4a97480 3919112316 S Co:2:006:0 s 40 bc 0900 0014 0002 2 = d09e
ffff8e67c4a97480 3919114893 C Co:2:006:0 0 2 >
ffff8e67c4a97480 3919114950 S Ci:2:006:0 s c0 bc 0900 001c 0002 2 <
ffff8e67c4a97480 3919117681 C Ci:2:006:0 0 2 = 2f6f
ffff8e67c4a97480 3919117732 S Co:2:006:0 s 40 b9 0000 0000 0004 4 = 09016638
ffff8e67c4a97480 3919120390 C Co:2:006:0 0 4 >
ffff8e67c4a97480 3919120441 S Ii:2:006:3 -115:1 3 <
ffff8e67c4a97480 3919121663 C Ii:2:006:3 0:1 3 = 100000
ffff8e67c4a97480 3919121716 S Ci:2:006:0 s c0 bc 0800 0016 0002 2 <
ffff8e67c4a97480 3919124496 C Ci:2:006:0 0 2 = 0900
ffff8e67c4a97480 3919124552 S Ci:2:006:0 s c0 bc 0900 001c 0002 2 <
ffff8e67c4a97480 3919127260 C Ci:2:006:0 0 2 = 2f6f
ffff8e67c4a97480 3919127305 S Ci:2:006:0 s c0 bc 0800 23be 003a 58 <
ffff8e67c4a97480 3919130023 C Ci:2:006:0 0 58 = 0000e95c cf42b528 9b0e81f4 67da4dc0 33a6198c ff72e558 cb3eb124 970a7df0
ffff8e67c4a97480 3919130079 S Co:2:006:0 s 40 bc 0800 00c0 0006 6 = ab923eb4 eb73
ffff8e67c4a97480 3919132734 C Co:2:006:0 0 6 >
ffff8e67c4a97480 3919132790 S Co:2:006:0 s 40 b9 0000 0000 0004 4 = 09006606
ffff8e67c4a97480 3919135478 C Co:2:006:0 0 4 >
ffff8e67c4a97480 3919135520 S Ii:2:006:3 -115:1 3 <
ffff8e67c4a97480 3919136759 C Ii:2:006:3 0:1 3 = 100000
ffff8e67c4a97480 3919136813 S Ci:2:006:0 s c0 bc 0800 0016 0002 2 <
ffff8e67c4a97480 3919139678 C Ci:2:006:0 0 2 = 0900
ffff8e67c4a97480 3919139731 S Ci:2:006:0 s c0 bc 0900 001c 0002 2 <
ffff8e67c4a97480 3919142365 C Ci:2:006:0 0 2 = 2f6f
ffff8e67c4a97480 3919142389 S Ci:2:006:0 s c0 bc 0800 23be 0002 2 <
ffff8e67c4a97480 3919145144 C Ci:2:006:0 0 2 = 0000
ffff8e67c4a97480 3919145175 S Co:2:006:0 s 40 bc 0900 0014 0002 2 = d09e
ffff8e67c4a97480 3919147891 C Co:2:006:0 0 2 >
ffff8e67c4a97480 3919147947 S Ci:2:006:0 s c0 bc 0900 001c 0002 2 <
ffff8e67c4a97480 3919150631 C Ci:2:006:0 0 2 = 2f6f
ffff8e67c4a97480 3919150688 S Co:2:006:0 s 40 b9 0000 0000 0004 4 = 09016638
ffff8e67c4a97480 3919153370 C Co:2:006:0 0 4 >
ffff8e67c4a97480 3919153421 S Ii:2:006:3 -115:1 3 <
ffff8e67c4a97480 3919154703 C Ii:2:006:3 0:1 3 = 100000
ffff8e67c4a97480 3919154758 S Ci:2:006:0 s c0 bc 0800 0016 0002 2 <
ffff8e67c4a97480 3919157498 C Ci:2:006:0 0 2 = 0900
ffff8e67c4a97480 3919157555 S Ci:2:006:0 s c0 bc 0900 001c 0002 2 <
ffff8e67c4a97480 3919160221 C Ci:2:006:0 0 2 = 2f6f
ffff8e67c4a97480 3919160265 S Ci:2:006:0 s c0 bc 0800 23be 003a 58 <
ffff8e67c4a97480 3919163039 C Ci:2:006:0 0 58 = 0000e95c cf42b528 9b0e81f4 67da4dc0 33a6198c ff72e558 cb3eb124 970a7df0
ffff8e67c4a97480 3919163095 S Co:2:006:0 s 40 bc 0800 00c0 0006 6 = ab923eb4 2370
ffff8e67c4a97480 3919165728 C Co:2:006:0 0 6 >
ffff8e67c4a97480 3919165785 S Co:2:006:0 s 40 b9 0000 0000 0004 4 = 09006606
ffff8e67c4a97480 3919168499 C Co:2:006:0 0 4 >
ffff8e67c4a97480 3919168553 S Ii:2:006:3 -115:1 3 <
ffff8e67c4a97480 3919169797 C Ii:2:006:3 0:1 3 = 100000
ffff8e67c4a97480 3919169850 S Ci:2:006:0 s c0 bc 0800 0016 0002 2 <
ffff8e67c4a97480 3919172635 C Ci:2:006:0 0 2 = 0900
ffff8e67c4a97480 3919172691 S Ci:2:006:0 s c0 bc 0900 001c 0002 2 <
ffff8e67c4a97480 3919175517 C Ci:2:006:0 0 2 = 2f6f
ffff8e67c4a97480 3919175561 S Ci:2:006:0 s c0 bc 0800 23be 0002 2 <
ffff8e67c4a97480 3919178181 C Ci:2:006:0 0 2 = 0000
ffff8e67c4a97480 3919178235 S Co:2:006:0 s 40 bc 0900 0014 0002 2 = d09e
ffff8e67c4a97480 3919180996 C Co:2:006:0 0 2 >
ffff8e67c4a97480 3919181053 S Ci:2:006:0 s c0 bc 0900 001c 0002 2 <
ffff8e67c4a97480 3919183770 C Ci:2:006:0 0 2 = 2f6f
ffff8e67c4a97480 3919183825 S Co:2:006:0 s 40 b9 0000 0000 0004 4 = 09016638
ffff8e67c4a97480 3919186382 C Co:2:006:0 0 4 >
ffff8e67c4a97480 3919186436 S Ii:2:006:3 -115:1 3 <
ffff8e67c4a97480 3919187684 C Ii:2:006:3 0:1 3 = 100000
ffff8e67c4a97480 3919187739 S Ci:2:006:0 s c0 bc 0800 0016 0002 2 <
ffff8e67c4a97480 3919190493 C Ci:2:006:0 0 2 = 0900
ffff8e67c4a97480 3919190549 S Ci:2:006:0 s c0 bc 0900 001c 0002 2 <
ffff8e67c4a97480 3919193202 C Ci:2:006:0 0 2 = 2f6f
ffff8e67c4a97480 3919193246 S Ci:2:006:0 s c0 bc 0800 23be 003a 58 <
ffff8e67c4a97480 3919196015 C Ci:2:006:0 0 58 = 0000e95c cf42b528 9b0e81f4 67da4dc0 33a6198c ff72e558 cb3eb124 970a7df0
ffff8e67c4a97480 3919196060 S Co:2:006:0 s 40 bc 0800 00c0 0006 6 = ab923eb4 5b70
ffff8e67c4a97480 3919198785 C Co:2:006:0 0 6 >
ffff8e67c4a97480 3919198841 S Co:2:006:0 s 40 b9 0000 0000 0004 4 = 09006606
ffff8e67c4a97480 3919201668 C Co:2:006:0 0 4 >
ffff8e67c4a97480 3919201720 S Ii:2:006:3 -115:1 3 <
ffff8e67c4a97480 3919202998 C Ii:2:006:3 0:1 3 = 100000
ffff8e67c4a97480 3919203053 S Ci:2:006:0 s c0 bc 0800 0016 0002 2 <
ffff8e67c4a97480 3919205895 C Ci:2:006:0 0 2 = 0900
ffff8e67c4a97480 3919205951 S Ci:2:006:0 s c0 bc 0900 001c 0002 2 <
ffff8e67c4a97480 3919208612 C Ci:2:006:0 0 2 = 2f6f
ffff8e67c4a97480 3919208656 S Ci:2:006:0 s c0 bc 0800 23be 0002 2 <
ffff8e67c4a97480 3919211349 C Ci:2:006:0 0 2 = 0000
ffff8e67c4a97480 3919211395 S Co:2:006:0 s 40 bc 0900 0014 0002 2 = d09e
ffff8e67c4a97480 3919214127 C Co:2:006:0 0 2 >
ffff8e67c4a97480 3919214183 S Ci:2:006:0 s c0 bc 0900 001c 0002 2 <
ffff8e67c4a97480 3919216872 C Ci:2:006:0 0 2 = 2f6f
ffff8e67c4a97480 3919216928 S Co:2:006:0 s 40 b9 0000 0000 0004 4 = 09016638
ffff8e67c4a97480 3919219600 C Co:2:006:0 0 4 >
ffff8e67c4a97480 3919219653 S Ii:2:006:3 -115:1 3 <
ffff8e67c4a97480 3919220962 C Ii:2:006:3 0:1 3 = 100000
ffff8e67c4a97480 3919221017 S Ci:2:006:0 s c0 bc 0800 0016 0002 2 <
ffff8e67c4a97480 3919223779 C Ci:2:006:0 0 2 = 0900
ffff8e67c4a97480 3919223832 S Ci:2:006:0 s c0 bc 0900 001c 0002 2 <
ffff8e67c4a97480 3919226476 C Ci:2:006:0 0 2 = 2f6f
ffff8e67c4a97480 3919226520 S Ci:2:006:0 s c0 bc 0800 23be 003a 58 <
ffff8e67c4a97480 3919229216 C Ci:2:006:0 0 58 = 0000e95c cf42b528 9b0e81f4 67da4dc0 33a6198c ff72e558 cb3eb124 970a7df0
ffff8e67c4a97480 3919229261 S Co:2:006:0 s 40 bc 0800 00c0 0006 6 = ab923eb4 9370
ffff8e67c4a97480 3919232076 C Co:2:006:0 0 6 >
ffff8e67c4a97480 3919232132 S Co:2:006:0 s 40 b9 0000 0000 0004 4 = 09006606
ffff8e67c4a97480 3919234718 C Co:2:006:0 0 4 >
ffff8e67c4a97480 3919234772 S Ii:2:006:3 -115:1 3 <
ffff8e67c4a97480 3919235993 C Ii:2:006:3 0:1 3 = 100000
ffff8e67c4a97480 3919236061 S Ci:2:006:0 s c0 bc 0800 0016 0002 2 <
ffff8e67c4a97480 3919238927 C Ci:2:006:0 0 2 = 0900
ffff8e67c4a97480 3919238996 S Ci:2:006:0 s c0 bc 0900 001c 0002 2 <
ffff8e67c4a97480 3919241602 C Ci:2:006:0 0 2 = 2f6f
ffff8e67c4a97480 3919241647 S Ci:2:006:0 s c0 bc 0800 23be 0002 2 <
ffff8e67c4a97480 3919244432 C Ci:2:006:0 0 2 = 0000
ffff8e67c4a97480 3919244468 S Co:2:006:0 s 40 bc 0900 0014 0002 2 = d09e
ffff8e67c4a97480 3919247146 C Co:2:006:0 0 2 >
ffff8e67c4a97480 3919247202 S Ci:2:006:0 s c0 bc 0900 001c 0002 2 <
ffff8e67c4a97480 3919249984 C Ci:2:006:0 0 2 = 2f6f
ffff8e67c4a97480 3919250043 S Co:2:006:0 s 40 b9 0000 0000 0004 4 = 09016638
ffff8e67c4a97480 3919252610 C Co:2:006:0 0 4 >
ffff8e67c4a97480 3919252661 S Ii:2:006:3 -115:1 3 <
ffff8e67c4a97480 3919253905 C Ii:2:006:3 0:1 3 = 100000
ffff8e67c4a97480 3919253944 S Ci:2:006:0 s c0 bc 0800 0016 0002 2 <
ffff8e67c4a97480 3919256823 C Ci:2:006:0 0 2 = 0900
ffff8e67c4a97480 3919256866 S Ci:2:006:0 s c0 bc 0900 001c 0002 2 <
ffff8e67c4a97480 3919259462 C Ci:2:006:0 0 2 = 2f6f
ffff8e67c4a97480 3919259496 S Ci:2:006:0 s c0 bc 0800 23be 003a 58 <
ffff8e67c4a97480 3919262290 C Ci:2:006:0 0 58 = 0000e95c cf42b528 9b0e81f4 67da4dc0 33a6198c ff72e558 cb3eb124 970a7df0
ffff8e67c4a97480 3919262357 S Co:2:006:0 s 40 bc 0800 00c0 0006 6 = ab923eb4 cb70
ffff8e67c4a97480 3919264949 C Co:2:006:0 0 6 >
ffff8e67c4a97480 3919265041 S Co:2:006:0 s 40 b9 0000 0000 0004 4 = 09006606
ffff8e67c4a97480 3919267726 C Co:2:006:0 0 4 >
ffff8e67c4a97480 3919267767 S Ii:2:006:3 -115:1 3 <
ffff8e67c4a97480 3919269034 C Ii:2:006:3 0:1 3 = 100000
ffff8e67c4a97480 3919269074 S Ci:2:006:0 s c0 bc 0800 0016 0002 2 <
ffff8e67c4a97480 3919271810 C Ci:2:006:0 0 2 = 0900
ffff8e67c4a97480 3919271851 S Ci:2:006:0 s c0 bc 0900 001c 0002 2 <
ffff8e67c4a97480 3919274572 C Ci:2:006:0 0 2 = 2f6f
ffff8e67c4a97480 3919274613 S Ci:2:006:0 s c0 bc 0800 23be 0002 2 <
ffff8e67c4a97480 3919277372 C Ci:2:006:0 0 2 = 0000
ffff8e67c4a97480 3919277412 S Co:2:006:0 s 40 bc 0900 0014 0002 2 = d09e
ffff8e67c4a97480 3919280111 C Co:2:006:0 0 2 >
ffff8e67c4a97480 3919280152 S Ci:2:006:0 s c0 bc 0900 001c 0002 2 <
ffff8e67c4a97480 3919282802 C Ci:2:006:0 0 2 = 2f6f
ffff8e67c4a97480 3919282845 S Co:2:006:0 s 40 b9 0000 0000 0004 4 = 09016638
ffff8e67c4a97480 3919285577 C Co:2:006:0 0 4 >
ffff8e67c4a97480 3919285614 S Ii:2:006:3 -115:1 3 <
ffff8e67c4a97480 3919286914 C Ii:2:006:3 0:1 3 = 100000
ffff8e67c4a97480 3919286954 S Ci:2:006:0 s c0 bc 0800 0016 0002 2 <
ffff8e67c4a97480 3919289690 C Ci:2:006:0 0 2 = 0900
ffff8e67c4a97480 3919289732 S Ci:2:006:0 s c0 bc 0900 001c 0002 2 <
ffff8e67c4a97480 3919292496 C Ci:2:006:0 0 2 = 2f6f
ffff8e67c4a97480 3919292530 S Ci:2:006:0 s c0 bc 0800 23be 003a 58 <
ffff8e67c4a97480 3919295181 C Ci:2:006:0 0 58 = 0000e95c cf42b528 9b0e81f4 67da4dc0 33a6198c ff72e558 cb3eb124 970a7df0
ffff8e67c4a97480 3919295216 S Co:2:006:0 s 40 bc 0800 00c0 0006 6 = ab923eb4 0371
ffff8e67c4a97480 3919297980 C Co:2:006:0 0 6 >
ffff8e67c4a97480 3919298021 S Co:2:006:0 s 40 b9 0000 0000 0004 4 = 09006606
ffff8e67c4a97480 3919300682 C Co:2:006:0 0 4 >
ffff8e67c4a97480 3919300720 S Ii:2:006:3 -115:1 3 <
ffff8e67c4a97480 3919302064 C Ii:2:006:3 0:1 3 = 100000
ffff8e67c4a97480 3919302105 S Ci:2:006:0 s c0 bc 0800 0016 0002 2 <
ffff8e67c4a97480 3919304708 C Ci:2:006:0 0 2 = 0900
ffff8e67c4a97480 3919304749 S Ci:2:006:0 s c0 bc 0900 001c 0002 2 <
ffff8e67c4a97480 3919307499 C Ci:2:006:0 0 2 = 2f6f
ffff8e67c4a97480 3919307540 S Ci:2:006:0 s c0 bc 0800 23be 0002 2 <
ffff8e67c4a97480 3919310178 C Ci:2:006:0 0 2 = 0000
ffff8e67c4a97480 3919310264 S Co:2:006:0 s 40 bc 0900 0014 0002 2 = d09e
ffff8e67c4a97480 3919312974 C Co:2:006:0 0 2 >
ffff8e67c4a97480 3919313062 S Ci:2:006:0 s c0 bc 0900 001c 0002 2 <
ffff8e67c4a97480 3919315689 C Ci:2:006:0 0 2 = 2f6f
ffff8e67c4a97480 3919315731 S Co:2:006:0 s 40 b9 0000 0000 0004 4 = 09016638
ffff8e67c4a97480 3919318435 C Co:2:006:0 0 4 >
ffff8e67c4a97480 3919318474 S Ii:2:006:3 -115:1 3 <
ffff8e67c4a97480 3919319807 C Ii:2:006:3 0:1 3 = 100000
ffff8e67c4a97480 3919319847 S Ci:2:006:0 s c0 bc 0800 0016 0002 2 <
ffff8e67c4a97480 3919322609 C Ci:2:006:0 0 2 = 0900
ffff8e67c4a97480 3919322670 S Ci:2:006:0 s c0 bc 0900 001c 0002 2 <
ffff8e67c4a97480 3919325302 C Ci:2:006:0 0 2 = 2f6f
ffff8e67c4a97480 3919325350 S Ci:2:006:0 s c0 bc 0800 23be 003a 58 <
ffff8e67c4a97480 3919328064 C Ci:2:006:0 0 58 = 0000e95c cf42b528 9b0e81f4 67da4dc0 33a6198c ff72e558 cb3eb124 970a7df0
ffff8e67c4a97480 3919328157 S Co:2:006:0 s 40 bc 0800 00c0 0006 6 = ab923eb4 3b71
ffff8e67c4a97480 3919330826 C Co:2:006:0 0 6 >
ffff8e67c4a97480 3919330869 S Co:2:006:0 s 40 b9 0000 0000 0004 4 = 09006606
ffff8e67c4a97480 3919333565 C Co:2:006:0 0 4 >
ffff8e67c4a97480 3919333605 S Ii:2:006:3 -115:1 3 <
ffff8e67c4a97480 3919334900 C Ii:2:006:3 0:1 3 = 100000
ffff8e67c4a97480 3919334940 S Ci:2:006:0 s c0 bc 0800 0016 0002 2 <
ffff8e67c4a97480 3919337737 C Ci:2:006:0 0 2 = 0900
ffff8e67c4a97480 3919337769 S Ci:2:006:0 s c0 bc 0900 001c 0002 2 <
ffff8e67c4a97480 3919340473 C Ci:2:006:0 0 2 = 2f6f
ffff8e67c4a97480 3919340510 S Ci:2:006:0 s c0 bc 0800 23be 0002 2 <
ffff8e67c4a97480 3919343355 C Ci:2:006:0 0 2 = 0000
ffff8e67c4a97480 3919343395 S Co:2:006:0 s 40 bc 0900 0014 0002 2 = d09e
ffff8e67c4a97480 3919345986 C Co:2:006:0 0 2 >
ffff8e67c4a97480 3919346029 S Ci:2:006:0 s c0 bc 0900 001c 0002 2 <
ffff8e67c4a97480 3919348744 C Ci:2:006:0 0 2 = 2f6f
ffff8e67c4a97480 3919348784 S Co:2:006:0 s 40 b9 0000 0000 0004 4 = 09016638
ffff8e67c4a97480 3919351584 C Co:2:006:0 0 4 >
ffff8e67c4a97480 3919351718 S Ii:2:006:3 -115:1 3 <
ffff8e67c4a97480 3919352805 C Ii:2:006:3 0:1 3 = 100000
ffff8e67c4a97480 3919352846 S Ci:2:006:0 s c0 bc 0800 0016 0002 2 <
ffff8e67c4a97480 3919355619 C Ci:2:006:0 0 2 = 0900
ffff8e67c4a97480 3919355662 S Ci:2:006:0 s c0 bc 0900 001c 0002 2 <
ffff8e67c4a97480 3919358381 C Ci:2:006:0 0 2 = 2f6f
ffff8e67c4a97480 3919358422 S Ci:2:006:0 s c0 bc 0800 23be 003a 58 <
ffff8e67c4a97480 3919361161 C Ci:2:006:0 0 58 = 0000e95c cf42b528 9b0e81f4 67da4dc0 33a6198c ff72e558 cb3eb124 970a7df0
ffff8e67c4a97480 3919361201 S Co:2:006:0 s 40 bc 0800 00c0 0006 6 = ab923eb4 7371
ffff8e67c4a97480 3919363839 C Co:2:006:0 0 6 >
ffff8e67c4a97480 3919363883 S Co:2:006:0 s 40 b9 0000 0000 0004 4 = 09006606
ffff8e67c4a97480 3919366616 C Co:2:006:0 0 4 >
ffff8e67c4a97480 3919366657 S Ii:2:006:3 -115:1 3 <
ffff8e67c4a97480 3919367956 C Ii:2:006:3 0:1 3 = 100000
ffff8e67c4a97480 3919367996 S Ci:2:006:0 s c0 bc 0800 0016 0002 2 <
ffff8e67c4a97480 3919370679 C Ci:2:006:0 0 2 = 0900
ffff8e67c4a97480 3919370720 S Ci:2:006:0 s c0 bc 0900 001c 0002 2 <
ffff8e67c4a97480 3919373508 C Ci:2:006:0 0 2 = 2f6f
ffff8e67c4a97480 3919373544 S Ci:2:006:0 s c0 bc 0800 23be 0002 2 <
ffff8e67c4a97480 3919376243 C Ci:2:006:0 0 2 = 0000
ffff8e67c4a97480 3919376283 S Co:2:006:0 s 40 bc 0900 0014 0002 2 = d09e
ffff8e67c4a97480 3919378961 C Co:2:006:0 0 2 >
ffff8e67c4a97480 3919379037 S Ci:2:006:0 s c0 bc 0900 001c 0002 2 <
ffff8e67c4a97480 3919381696 C Ci:2:006:0 0 2 = 2f6f
ffff8e67c4a97480 3919381740 S Co:2:006:0 s 40 b9 0000 0000 0004 4 = 09016638
ffff8e67c4a97480 3919384486 C Co:2:006:0 0 4 >
ffff8e67c4a97480 3919384525 S Ii:2:006:3 -115:1 3 <
ffff8e67c4a97480 3919385796 C Ii:2:006:3 0:1 3 = 100000
ffff8e67c4a97480 3919385837 S Ci:2:006:0 s c0 bc 0800 0016 0002 2 <
ffff8e67c4a97480 3919388610 C Ci:2:006:0 0 2 = 0900
ffff8e67c4a97480 3919388653 S Ci:2:006:0 s c0 bc 0900 001c 0002 2 <
ffff8e67c4a97480 3919391416 C Ci:2:006:0 0 2 = 2f6f
ffff8e67c4a97480 3919391463 S Ci:2:006:0 s c0 bc 0800 23be 003a 58 <
ffff8e67c4a97480 3919394078 C Ci:2:006:0 0 58 = 0000e95c cf42b528 9b0e81f4 67da4dc0 33a6198c ff72e558 cb3eb124 970a7df0
ffff8e67c4a97480 3919394165 S Co:2:006:0 s 40 bc 0800 00c0 0006 6 = ab923eb4 ab71
ffff8e67c4a97480 3919396831 C Co:2:006:0 0 6 >
ffff8e67c4a97480 3919396874 S Co:2:006:0 s 40 b9 0000 0000 0004 4 = 09006606
ffff8e67c4a97480 3919399586 C Co:2:006:0 0 4 >
ffff8e67c4a97480 3919399628 S Ii:2:006:3 -115:1 3 <
ffff8e67c4a97480 3919400890 C Ii:2:006:3 0:1 3 = 100000
ffff8e67c4a97480 3919400929 S Ci:2:006:0 s c0 bc 0800 0016 0002 2 <
ffff8e67c4a97480 3919403743 C Ci:2:006:0 0 2 = 0900
ffff8e67c4a97480 3919403785 S Ci:2:006:0 s c0 bc 0900 001c 0002 2 <
ffff8e67c4a97480 3919406400 C Ci:2:006:0 0 2 = 2f6f
ffff8e67c4a97480 3919406433 S Ci:2:006:0 s c0 bc 0800 23be 0002 2 <
ffff8e67c4a97480 3919409068 C Ci:2:006:0 0 2 = 0000
ffff8e67c4a97480 3919409101 S Co:2:006:0 s 40 bc 0900 0014 0002 2 = d09e
ffff8e67c4a97480 3919411872 C Co:2:006:0 0 2 >
ffff8e67c4a97480 3919411915 S Ci:2:006:0 s c0 bc 0900 001c 0002 2 <
ffff8e67c4a97480 3919414602 C Ci:2:006:0 0 2 = 2f6f
ffff8e67c4a97480 3919414645 S Co:2:006:0 s 40 b9 0000 0000 0004 4 = 09016638
ffff8e67c4a97480 3919417354 C Co:2:006:0 0 4 >
ffff8e67c4a97480 3919417393 S Ii:2:006:3 -115:1 3 <
ffff8e67c4a97480 3919418628 C Ii:2:006:3 0:1 3 = 100000
ffff8e67c4a97480 3919418667 S Ci:2:006:0 s c0 bc 0800 0016 0002 2 <
ffff8e67c4a97480 3919421510 C Ci:2:006:0 0 2 = 0900
ffff8e67c4a97480 3919421553 S Ci:2:006:0 s c0 bc 0900 001c 0002 2 <
ffff8e67c4a97480 3919424211 C Ci:2:006:0 0 2 = 2f6f
ffff8e67c4a97480 3919424242 S Ci:2:006:0 s c0 bc 0800 23be 003a 58 <
ffff8e67c4a97480 3919427038 C Ci:2:006:0 0 58 = 0000e95c cf42b528 9b0e81f4 67da4dc0 33a6198c ff72e558 cb3eb124 970a7df0
ffff8e67c4a97480 3919427080 S Co:2:006:0 s 40 bc 0800 00c0 0006 6 = ab923eb4 e371
ffff8e67c4a97480 3919429895 C Co:2:006:0 0 6 >
ffff8e67c4a97480 3919429938 S Co:2:006:0 s 40 b9 0000 0000 0004 4 = 09006606
ffff8e67c4a97480 3919432514 C Co:2:006:0 0 4 >
ffff8e67c4a97480 3919432554 S Ii:2:006:3 -115:1 3 <
ffff8e67c4a97480 3919433872 C Ii:2:006:3 0:1 3 = 100000
ffff8e67c4a97480 3919433911 S Ci:2:006:0 s c0 bc 0800 0016 0002 2 <
ffff8e67c4a97480 3919436649 C Ci:2:006:0 0 2 = 0900
ffff8e67c4a97480 3919436735 S Ci:2:006:0 s c0 bc 0900 001c 0002 2 <
ffff8e67c4a97480 3919439478 C Ci:2:006:0 0 2 = 2f6f
ffff8e67c4a97480 3919439514 S Ci:2:006:0 s c0 bc 0800 23be 0002 2 <
ffff8e67c4a97480 3919442250 C Ci:2:006:0 0 2 = 0000
ffff8e67c4a97480 3919442294 S Co:2:006:0 s 40 bc 0900 0014 0002 2 = d09e
ffff8e67c4a97480 3919444915 C Co:2:006:0 0 2 >
ffff8e67c4a97480 3919444960 S Ci:2:006:0 s c0 bc 0900 001c 0002 2 <
ffff8e67c4a97480 3919447699 C Ci:2:006:0 0 2 = 2f6f
ffff8e67c4a97480 3919447746 S Co:2:006:0 s 40 b9 0000 0000 0004 4 = 09016638
ffff8e67c4a97480 3919450432 C Co:2:006:0 0 4 >
ffff8e67c4a97480 3919450472 S Ii:2:006:3 -115:1 3 <
ffff8e67c4a97480 3919451835 C Ii:2:006:3 0:1 3 = 100000
ffff8e67c4a97480 3919451876 S Ci:2:006:0 s c0 bc 0800 0016 0002 2 <
ffff8e67c4a97480 3919454599 C Ci:2:006:0 0 2 = 0900
ffff8e67c4a97480 3919454642 S Ci:2:006:0 s c0 bc 0900 001c 0002 2 <
ffff8e67c4a97480 3919457289 C Ci:2:006:0 0 2 = 2f6f
ffff8e67c4a97480 3919457334 S Ci:2:006:0 s c0 bc 0800 23be 003a 58 <
ffff8e67c4a97480 3919459926 C Ci:2:006:0 0 58 = 0000e95c cf42b528 9b0e81f4 67da4dc0 33a6198c ff72e558 cb3eb124 970a7df0
ffff8e67c4a97480 3919459967 S Co:2:006:0 s 40 bc 0800 00c0 0006 6 = ab923eb4 1b7e
ffff8e67c4a97480 3919462722 C Co:2:006:0 0 6 >
ffff8e67c4a97480 3919462778 S Co:2:006:0 s 40 b9 0000 0000 0004 4 = 09006606
ffff8e67c4a97480 3919465479 C Co:2:006:0 0 4 >
ffff8e67c4a97480 3919465534 S Ii:2:006:3 -115:1 3 <
ffff8e67c4a97480 3919466792 C Ii:2:006:3 0:1 3 = 100000
ffff8e67c4a97480 3919466847 S Ci:2:006:0 s c0 bc 0800 0016 0002 2 <
ffff8e67c4a97480 3919469595 C Ci:2:006:0 0 2 = 0900
ffff8e67c4a97480 3919469652 S Ci:2:006:0 s c0 bc 0900 001c 0002 2 <
ffff8e67c4a97480 3919472334 C Ci:2:006:0 0 2 = 2f6f
ffff8e67c4a97480 3919472388 S Ci:2:006:0 s c0 bc 0800 23be 0002 2 <
ffff8e67c4a97480 3919475096 C Ci:2:006:0 0 2 = 0000
ffff8e67c4a97480 3919475202 S Co:2:006:0 s 40 bc 0900 0014 0002 2 = d09e
ffff8e67c4a97480 3919477759 C Co:2:006:0 0 2 >
ffff8e67c4a97480 3919477800 S Ci:2:006:0 s c0 bc 0900 001c 0002 2 <
ffff8e67c4a97480 3919480553 C Ci:2:006:0 0 2 = 2f6f
ffff8e67c4a97480 3919480614 S Co:2:006:0 s 40 b9 0000 0000 0004 4 = 09016638
ffff8e67c4a97480 3919483158 C Co:2:006:0 0 4 >
ffff8e67c4a97480 3919483196 S Ii:2:006:3 -115:1 3 <
ffff8e67c4a97480 3919484564 C Ii:2:006:3 0:1 3 = 100000
ffff8e67c4a97480 3919484619 S Ci:2:006:0 s c0 bc 0800 0016 0002 2 <
ffff8e67c4a97480 3919487290 C Ci:2:006:0 0 2 = 0900
ffff8e67c4a97480 3919487369 S Ci:2:006:0 s c0 bc 0900 001c 0002 2 <
ffff8e67c4a97480 3919490109 C Ci:2:006:0 0 2 = 2f6f
ffff8e67c4a97480 3919490153 S Ci:2:006:0 s c0 bc 0800 23be 003a 58 <
ffff8e67c4a97480 3919492915 C Ci:2:006:0 0 58 = 0000e95c cf42b528 9b0e81f4 67da4dc0 33a6198c ff72e558 cb3eb124 970a7df0
ffff8e67c4a97480 3919492970 S Co:2:006:0 s 40 bc 0800 00c0 0006 6 = ab923eb4 537e
ffff8e67c4a97480 3919495523 C Co:2:006:0 0 6 >
ffff8e67c4a97480 3919495579 S Co:2:006:0 s 40 b9 0000 0000 0004 4 = 09006606
ffff8e67c4a97480 3919498200 C Co:2:006:0 0 4 >
ffff8e67c4a97480 3919498254 S Ii:2:006:3 -115:1 3 <
ffff8e67c4a97480 3919499528 C Ii:2:006:3 0:1 3 = 100000
ffff8e67c4a97480 3919499583 S Ci:2:006:0 s c0 bc 0800 0016 0002 2 <
ffff8e67c4a97480 3919502391 C Ci:2:006:0 0 2 = 0900
ffff8e67c4a97480 3919502447 S Ci:2:006:0 s c0 bc 0900 001c 0002 2 <
ffff8e67c4a97480 3919505072 C Ci:2:006:0 0 2 = 2f6f
ffff8e67c4a97480 3919505116 S Ci:2:006:0 s c0 bc 0800 23be 0002 2 <
ffff8e67c4a97480 3919507782 C Ci:2:006:0 0 2 = 0000
ffff8e67c4a97480 3919507923 S Co:2:006:0 s 40 bc 0900 0014 0002 2 = d09e
ffff8e67c4a97480 3919510594 C Co:2:006:0 0 2 >
ffff8e67c4a97480 3919510657 S Ci:2:006:0 s c0 bc 0900 001c 0002 2 <
ffff8e67c4a97480 3919513417 C Ci:2:006:0 0 2 = 2f6f
ffff8e67c4a97480 3919513473 S Co:2:006:0 s 40 b9 0000 0000 0004 4 = 09016638
ffff8e67c4a97480 3919516233 C Co:2:006:0 0 4 >
ffff8e67c4a97480 3919516286 S Ii:2:006:3 -115:1 3 <
ffff8e67c4a97480 3919517518 C Ii:2:006:3 0:1 3 = 100000
ffff8e67c4a97480 3919517572 S Ci:2:006:0 s c0 bc 0800 0016 0002 2 <
ffff8e67c4a97480 3919520374 C Ci:2:006:0 0 2 = 0900
ffff8e67c4a97480 3919520429 S Ci:2:006:0 s c0 bc 0900 001c 0002 2 <
ffff8e67c4a97480 3919523062 C Ci:2:006:0 0 2 = 2f6f
ffff8e67c4a97480 3919523106 S Ci:2:006:0 s c0 bc 0800 23be 003a 58 <
ffff8e67c4a97480 3919525780 C Ci:2:006:0 0 58 = 0000e95c cf42b528 9b0e81f4 67da4dc0 33a6198c ff72e558 cb3eb124 970a7df0
ffff8e67c4a97480 3919525904 S Co:2:006:0 s 40 bc 0800 00c0 0006 6 = ab923eb4 8b7e
ffff8e67c4a97480 3919528414 C Co:2:006:0 0 6 >
ffff8e67c4a97480 3919528457 S Co:2:006:0 s 40 b9 0000 0000 0004 4 = 09006606
ffff8e67c4a97480 3919530966 C Co:2:006:0 0 4 >
ffff8e67c4a97480 3919531076 S Ii:2:006:3 -115:1 3 <
ffff8e67c4a97480 3919532140 C Ii:2:006:3 0:1 3 = 100000
ffff8e67c4a97480 3919532179 S Ci:2:006:0 s c0 bc 0800 0016 0002 2 <
ffff8e67c4a97480 3919534904 C Ci:2:006:0 0 2 = 0900
ffff8e67c4a97480 3919534960 S Ci:2:006:0 s c0 bc 0900 001c 0002 2 <
ffff8e67c4a97480 3919537669 C Ci:2:006:0 0 2 = 2f6f
ffff8e67c4a97480 3919537726 S Ci:2:006:0 s c0 bc 0800 23be 0002 2 <
ffff8e67c4a97480 3919540376 C Ci:2:006:0 0 2 = 0000
ffff8e67c4a97480 3919540433 S Co:2:006:0 s 40 bc 0900 0014 0002 2 = d09e
ffff8e67c4a97480 3919543061 C Co:2:006:0 0 2 >
ffff8e67c4a97480 3919543117 S Ci:2:006:0 s c0 bc 0900 001c 0002 2 <
ffff8e67c4a97480 3919545830 C Ci:2:006:0 0 2 = 2f6f
ffff8e67c4a97480 3919545887 S Co:2:006:0 s 40 b9 0000 0000 0004 4 = 09016638
ffff8e67c4a97480 3919548481 C Co:2:006:0 0 4 >
ffff8e67c4a97480 3919548536 S Ii:2:006:3 -115:1 3 <
ffff8e67c4a97480 3919549770 C Ii:2:006:3 0:1 3 = 100000
ffff8e67c4a97480 3919549811 S Ci:2:006:0 s c0 bc 0800 0016 0002 2 <
ffff8e67c4a97480 3919552591 C Ci:2:006:0 0 2 = 0900
ffff8e67c4a97480 3919552634 S Ci:2:006:0 s c0 bc 0900 001c 0002 2 <
ffff8e67c4a97480 3919555227 C Ci:2:006:0 0 2 = 2f6f
ffff8e67c4a97480 3919555275 S Ci:2:006:0 s c0 bc 0800 23be 003a 58 <
ffff8e67c4a97480 3919557892 C Ci:2:006:0 0 58 = 0000e95c cf42b528 9b0e81f4 67da4dc0 33a6198c ff72e558 cb3eb124 970a7df0
ffff8e67c4a97480 3919557937 S Co:2:006:0 s 40 bc 0800 00c0 0006 6 = ab923eb4 c37e
ffff8e67c4a97480 3919560711 C Co:2:006:0 0 6 >
ffff8e67c4a97480 3919560802 S Co:2:006:0 s 40 b9 0000 0000 0004 4 = 09006606
ffff8e67c4a97480 3919563508 C Co:2:006:0 0 4 >
ffff8e67c4a97480 3919563563 S Ii:2:006:3 -115:1 3 <
ffff8e67c4a97480 3919564715 C Ii:2:006:3 0:1 3 = 100000
ffff8e67c4a97480 3919564768 S Ci:2:006:0 s c0 bc 0800 0016 0002 2 <
ffff8e67c4a97480 3919567630 C Ci:2:006:0 0 2 = 0900
ffff8e67c4a97480 3919567684 S Ci:2:006:0 s c0 bc 0900 001c 0002 2 <
ffff8e67c4a97480 3919570305 C Ci:2:006:0 0 2 = 2f6f
ffff8e67c4a97480 3919570349 S Ci:2:006:0 s c0 bc 0800 23be 0002 2 <
ffff8e67c4a97480 3919572908 C Ci:2:006:0 0 2 = 0000
ffff8e67c4a97480 3919572954 S Co:2:006:0 s 40 bc 0900 0014 0002 2 = d09e
ffff8e67c4a97480 3919575726 C Co:2:006:0 0 2 >
ffff8e67c4a97480 3919576074 S Ci:2:006:0 s c0 bc 0900 001c 0002 2 <
ffff8e67c4a97480 3919578362 C Ci:2:006:0 0 2 = 2f6f
ffff8e67c4a97480 3919578418 S Co:2:006:0 s 40 b9 0000 0000 0004 4 = 09016638
ffff8e67c4a97480 3919581102 C Co:2:006:0 0 4 >
ffff8e67c4a97480 3919581155 S Ii:2:006:3 -115:1 3 <
ffff8e67c4a97480 3919582370 C Ii:2:006:3 0:1 3 = 100000
ffff8e67c4a97480 3919582457 S Ci:2:006:0 s c0 bc 0800 0016 0002 2 <
ffff8e67c4a97480 3919585110 C Ci:2:006:0 0 2 = 0900
ffff8e67c4a97480 3919585166 S Ci:2:006:0 s c0 bc 0900 001c 0002 2 <
ffff8e67c4a97480 3919587812 C Ci:2:006:0 0 2 = 2f6f
ffff8e67c4a97480 3919587868 S Ci:2:006:0 s c0 bc 0800 23be 003a 58 <
ffff8e67c4a97480 3919590494 C Ci:2:006:0 0 58 = 0000e95c cf42b528 9b0e81f4 67da4dc0 33a6198c ff72e558 cb3eb124 970a7df0
ffff8e67c4a97480 3919590549 S Co:2:006:0 s 40 bc 0800 00c0 0006 6 = ab923eb4 fb7e
ffff8e67c4a97480 3919593222 C Co:2:006:0 0 6 >
ffff8e67c4a97480 3919593279 S Co:2:006:0 s 40 b9 0000 0000 0004 4 = 09006606
ffff8e67c4a97480 3919595912 C Co:2:006:0 0 4 >
ffff8e67c4a97480 3919596046 S Ii:2:006:3 -115:1 3 <
ffff8e67c4a97480 3919597255 C Ii:2:006:3 0:1 3 = 100000
ffff8e67c4a97480 3919597308 S Ci:2:006:0 s c0 bc 0800 0016 0002 2 <
ffff8e67c4a97480 3919600116 C Ci:2:006:0 0 2 = 0900
ffff8e67c4a97480 3919600171 S Ci:2:006:0 s c0 bc 0900 001c 0002 2 <
ffff8e67c4a97480 3919602812 C Ci:2:006:0 0 2 = 2f6f
ffff8e67c4a97480 3919602869 S Ci:2:006:0 s c0 bc 0800 23be 0002 2 <
ffff8e67c4a97480 3919605541 C Ci:2:006:0 0 2 = 0000
ffff8e67c4a97480 3919605597 S Co:2:006:0 s 40 bc 0900 0014 0002 2 = d09e
ffff8e67c4a97480 3919608352 C Co:2:006:0 0 2 >
ffff8e67c4a97480 3919608408 S Ci:2:006:0 s c0 bc 0900 001c 0002 2 <
ffff8e67c4a97480 3919611029 C Ci:2:006:0 0 2 = 2f6f
ffff8e67c4a97480 3919611085 S Co:2:006:0 s 40 b9 0000 0000 0004 4 = 09016638
ffff8e67c4a97480 3919613634 C Co:2:006:0 0 4 >
ffff8e67c4a97480 3919613694 S Ii:2:006:3 -115:1 3 <
ffff8e67c4a97480 3919614947 C Ii:2:006:3 0:1 3 = 100000
ffff8e67c4a97480 3919615008 S Ci:2:006:0 s c0 bc 0800 0016 0002 2 <
ffff8e67c4a97480 3919617826 C Ci:2:006:0 0 2 = 0900
ffff8e67c4a97480 3919617884 S Ci:2:006:0 s c0 bc 0900 001c 0002 2 <
ffff8e67c4a97480 3919620543 C Ci:2:006:0 0 2 = 2f6f
ffff8e67c4a97480 3919620587 S Ci:2:006:0 s c0 bc 0800 23be 003a 58 <
ffff8e67c4a97480 3919623364 C Ci:2:006:0 0 58 = 0000e95c cf42b528 9b0e81f4 67da4dc0 33a6198c ff72e558 cb3eb124 970a7df0
ffff8e67c4a97480 3919623418 S Co:2:006:0 s 40 bc 0800 00c0 0006 6 = ab923eb4 337f
ffff8e67c4a97480 3919626046 C Co:2:006:0 0 6 >
ffff8e67c4a97480 3919626102 S Co:2:006:0 s 40 b9 0000 0000 0004 4 = 09006606
ffff8e67c4a97480 3919628848 C Co:2:006:0 0 4 >
ffff8e67c4a97480 3919628902 S Ii:2:006:3 -115:1 3 <
ffff8e67c4a97480 3919630131 C Ii:2:006:3 0:1 3 = 100000
ffff8e67c4a97480 3919630185 S Ci:2:006:0 s c0 bc 0800 0016 0002 2 <
ffff8e67c4a97480 3919633003 C Ci:2:006:0 0 2 = 0900
ffff8e67c4a97480 3919633060 S Ci:2:006:0 s c0 bc 0900 001c 0002 2 <
ffff8e67c4a97480 3919635646 C Ci:2:006:0 0 2 = 2f6f
ffff8e67c4a97480 3919635702 S Ci:2:006:0 s c0 bc 0800 23be 0002 2 <
ffff8e67c4a97480 3919638332 C Ci:2:006:0 0 2 = 0000
ffff8e67c4a97480 3919638390 S Co:2:006:0 s 40 bc 0900 0014 0002 2 = d09e
ffff8e67c4a97480 3919641029 C Co:2:006:0 0 2 >
ffff8e67c4a97480 3919641086 S Ci:2:006:0 s c0 bc 0900 001c 0002 2 <
ffff8e67c4a97480 3919643840 C Ci:2:006:0 0 2 = 2f6f
ffff8e67c4a97480 3919643896 S Co:2:006:0 s 40 b9 0000 0000 0004 4 = 09016638
ffff8e67c4a97480 3919646586 C Co:2:006:0 0 4 >
ffff8e67c4a97480 3919646640 S Ii:2:006:3 -115:1 3 <
ffff8e67c4a97480 3919647885 C Ii:2:006:3 0:1 3 = 100000
ffff8e67c4a97480 3919647939 S Ci:2:006:0 s c0 bc 0800 0016 0002 2 <
ffff8e67c4a97480 3919650728 C Ci:2:006:0 0 2 = 0900
ffff8e67c4a97480 3919650783 S Ci:2:006:0 s c0 bc 0900 001c 0002 2 <
ffff8e67c4a97480 3919653413 C Ci:2:006:0 0 2 = 2f6f
ffff8e67c4a97480 3919653457 S Ci:2:006:0 s c0 bc 0800 23be 003a 58 <
ffff8e67c4a97480 3919656172 C Ci:2:006:0 0 58 = 0000e95c cf42b528 9b0e81f4 67da4dc0 33a6198c ff72e558 cb3eb124 970a7df0
ffff8e67c4a97480 3919656227 S Co:2:006:0 s 40 bc 0800 00c0 0006 6 = ab923eb4 6b7f
ffff8e67c4a97480 3919658968 C Co:2:006:0 0 6 >
ffff8e67c4a97480 3919659024 S Co:2:006:0 s 40 b9 0000 0000 0004 4 = 09006606
ffff8e67c4a97480 3919661692 C Co:2:006:0 0 4 >
ffff8e67c4a97480 3919661745 S Ii:2:006:3 -115:1 3 <
ffff8e67c4a97480 3919662992 C Ii:2:006:3 0:1 3 = 100000
ffff8e67c4a97480 3919663047 S Ci:2:006:0 s c0 bc 0800 0016 0002 2 <
ffff8e67c4a97480 3919665781 C Ci:2:006:0 0 2 = 0900
ffff8e67c4a97480 3919665837 S Ci:2:006:0 s c0 bc 0900 001c 0002 2 <
ffff8e67c4a97480 3919668561 C Ci:2:006:0 0 2 = 2f6f
ffff8e67c4a97480 3919668605 S Ci:2:006:0 s c0 bc 0800 23be 0002 2 <
ffff8e67c4a97480 3919671273 C Ci:2:006:0 0 2 = 0000
ffff8e67c4a97480 3919671342 S Co:2:006:0 s 40 bc 0900 0014 0002 2 = d09e
ffff8e67c4a97480 3919674102 C Co:2:006:0 0 2 >
ffff8e67c4a97480 3919674158 S Ci:2:006:0 s c0 bc 0900 001c 0002 2 <
ffff8e67c4a97480 3919676757 C Ci:2:006:0 0 2 = 2f6f
ffff8e67c4a97480 3919676828 S Co:2:006:0 s 40 b9 0000 0000 0004 4 = 09016638
ffff8e67c4a97480 3919679403 C Co:2:006:0 0 4 >
ffff8e67c4a97480 3919679454 S Ii:2:006:3 -115:1 3 <
ffff8e67c4a97480 3919680831 C Ii:2:006:3 0:1 3 = 100000
ffff8e67c4a97480 3919680887 S Ci:2:006:0 s c0 bc 0800 0016 0002 2 <
ffff8e67c4a97480 3919683759 C Ci:2:006:0 0 2 = 0900
ffff8e67c4a97480 3919683815 S Ci:2:006:0 s c0 bc 0900 001c 0002 2 <
ffff8e67c4a97480 3919686415 C Ci:2:006:0 0 2 = 2f6f
ffff8e67c4a97480 3919686460 S Ci:2:006:0 s c0 bc 0800 23be 003a 58 <
ffff8e67c4a97480 3919689066 C Ci:2:006:0 0 58 = 0000e95c cf42b528 9b0e81f4 67da4dc0 33a6198c ff72e558 cb3eb124 970a7df0
ffff8e67c4a97480 3919689178 S Co:2:006:0 s 40 bc 0800 00c0 0006 6 = ab923eb4 a37f
ffff8e67c4a97480 3919691863 C Co:2:006:0 0 6 >
ffff8e67c4a97480 3919691919 S Co:2:006:0 s 40 b9 0000 0000 0004 4 = 09006606
ffff8e67c4a97480 3919694588 C Co:2:006:0 0 4 >
ffff8e67c4a97480 3919694642 S Ii:2:006:3 -115:1 3 <
ffff8e67c4a97480 3919695787 C Ii:2:006:3 0:1 3 = 100000
ffff8e67c4a97480 3919695841 S Ci:2:006:0 s c0 bc 0800 0016 0002 2 <
ffff8e67c4a97480 3919698589 C Ci:2:006:0 0 2 = 0900
ffff8e67c4a97480 3919698644 S Ci:2:006:0 s c0 bc 0900 001c 0002 2 <
ffff8e67c4a97480 3919701298 C Ci:2:006:0 0 2 = 2f6f
ffff8e67c4a97480 3919701345 S Ci:2:006:0 s c0 bc 0800 23be 0002 2 <
ffff8e67c4a97480 3919703924 C Ci:2:006:0 0 2 = 0000
ffff8e67c4a97480 3919703968 S Co:2:006:0 s 40 bc 0900 0014 0002 2 = d09e
ffff8e67c4a97480 3919706703 C Co:2:006:0 0 2 >
ffff8e67c4a97480 3919706759 S Ci:2:006:0 s c0 bc 0900 001c 0002 2 <
ffff8e67c4a97480 3919709481 C Ci:2:006:0 0 2 = 2f6f
ffff8e67c4a97480 3919709538 S Co:2:006:0 s 40 b9 0000 0000 0004 4 = 09016638
ffff8e67c4a97480 3919712266 C Co:2:006:0 0 4 >
ffff8e67c4a97480 3919712330 S Ii:2:006:3 -115:1 3 <
ffff8e67c4a97480 3919713501 C Ii:2:006:3 0:1 3 = 100000
ffff8e67c4a97480 3919713555 S Ci:2:006:0 s c0 bc 0800 0016 0002 2 <
ffff8e67c4a97480 3919716343 C Ci:2:006:0 0 2 = 0900
ffff8e67c4a97480 3919716399 S Ci:2:006:0 s c0 bc 0900 001c 0002 2 <
ffff8e67c4a97480 3919718920 C Ci:2:006:0 0 2 = 2f6f
ffff8e67c4a97480 3919718975 S Ci:2:006:0 s c0 bc 0800 23be 003a 58 <
ffff8e67c4a97480 3919721635 C Ci:2:006:0 0 58 = 0000e95c cf42b528 9b0e81f4 67da4dc0 33a6198c ff72e558 cb3eb124 970a7df0
ffff8e67c4a97480 3919721675 S Co:2:006:0 s 40 bc 0800 00c0 0006 6 = ab923eb4 db7f
ffff8e67c4a97480 3919724339 C Co:2:006:0 0 6 >
ffff8e67c4a97480 3919724396 S Co:2:006:0 s 40 b9 0000 0000 0004 4 = 09006606
ffff8e67c4a97480 3919727035 C Co:2:006:0 0 4 >
ffff8e67c4a97480 3919727109 S Ii:2:006:3 -115:1 3 <
ffff8e67c4a97480 3919728320 C Ii:2:006:3 0:1 3 = 100000
ffff8e67c4a97480 3919728374 S Ci:2:006:0 s c0 bc 0800 0016 0002 2 <
ffff8e67c4a97480 3919731152 C Ci:2:006:0 0 2 = 0900
ffff8e67c4a97480 3919731208 S Ci:2:006:0 s c0 bc 0900 001c 0002 2 <
ffff8e67c4a97480 3919733922 C Ci:2:006:0 0 2 = 2f6f
ffff8e67c4a97480 3919733977 S Ci:2:006:0 s c0 bc 0800 23be 0002 2 <
ffff8e67c4a97480 3919736628 C Ci:2:006:0 0 2 = 0000
ffff8e67c4a97480 3919736682 S Co:2:006:0 s 40 bc 0900 0014 0002 2 = d09e
ffff8e67c4a97480 3919739327 C Co:2:006:0 0 2 >
ffff8e67c4a97480 3919739385 S Ci:2:006:0 s c0 bc 0900 001c 0002 2 <
ffff8e67c4a97480 3919741995 C Ci:2:006:0 0 2 = 2f6f
ffff8e67c4a97480 3919742054 S Co:2:006:0 s 40 b9 0000 0000 0004 4 = 09016638
ffff8e67c4a97480 3919744629 C Co:2:006:0 0 4 >
ffff8e67c4a97480 3919744681 S Ii:2:006:3 -115:1 3 <
ffff8e67c4a97480 3919745950 C Ii:2:006:3 0:1 3 = 100000
ffff8e67c4a97480 3919746003 S Ci:2:006:0 s c0 bc 0800 0016 0002 2 <
ffff8e67c4a97480 3919748707 C Ci:2:006:0 0 2 = 0900
ffff8e67c4a97480 3919748764 S Ci:2:006:0 s c0 bc 0900 001c 0002 2 <
ffff8e67c4a97480 3919751470 C Ci:2:006:0 0 2 = 2f6f
ffff8e67c4a97480 3919751514 S Ci:2:006:0 s c0 bc 0800 23be 003a 58 <
ffff8e67c4a97480 3919754138 C Ci:2:006:0 0 58 = 0000e95c cf42b528 9b0e81f4 67da4dc0 33a6198c ff72e558 cb3eb124 970a7df0
ffff8e67c4a97480 3919754181 S Co:2:006:0 s 40 bc 0800 00c0 0006 6 = ab923eb4 137c
ffff8e67c4a97480 3919756967 C Co:2:006:0 0 6 >
ffff8e67c4a97480 3919757023 S Co:2:006:0 s 40 b9 0000 0000 0004 4 = 09006606
ffff8e67c4a97480 3919759757 C Co:2:006:0 0 4 >
ffff8e67c4a97480 3919759807 S Ii:2:006:3 -115:1 3 <
ffff8e67c4a97480 3919760971 C Ii:2:006:3 0:1 3 = 100000
ffff8e67c4a97480 3919761024 S Ci:2:006:0 s c0 bc 0800 0016 0002 2 <
ffff8e67c4a97480 3919763879 C Ci:2:006:0 0 2 = 0900
ffff8e67c4a97480 3919763935 S Ci:2:006:0 s c0 bc 0900 001c 0002 2 <
ffff8e67c4a97480 3919766571 C Ci:2:006:0 0 2 = 2f6f
ffff8e67c4a97480 3919766618 S Ci:2:006:0 s c0 bc 0800 23be 0002 2 <
ffff8e67c4a97480 3919769356 C Ci:2:006:0 0 2 = 0000
ffff8e67c4a97480 3919769411 S Co:2:006:0 s 40 bc 0900 0014 0002 2 = d09e
ffff8e67c4a97480 3919772108 C Co:2:006:0 0 2 >
ffff8e67c4a97480 3919772162 S Ci:2:006:0 s c0 bc 0900 001c 0002 2 <
ffff8e67c4a97480 3919774872 C Ci:2:006:0 0 2 = 2f6f
ffff8e67c4a97480 3919774928 S Co:2:006:0 s 40 b9 0000 0000 0004 4 = 09016638
ffff8e67c4a97480 3919777552 C Co:2:006:0 0 4 >
ffff8e67c4a97480 3919777607 S Ii:2:006:3 -115:1 3 <
ffff8e67c4a97480 3919778791 C Ii:2:006:3 0:1 3 = 100000
ffff8e67c4a97480 3919778842 S Ci:2:006:0 s c0 bc 0800 0016 0002 2 <
ffff8e67c4a97480 3919781632 C Ci:2:006:0 0 2 = 0900
ffff8e67c4a97480 3919781689 S Ci:2:006:0 s c0 bc 0900 001c 0002 2 <
ffff8e67c4a97480 3919784309 C Ci:2:006:0 0 2 = 2f6f
ffff8e67c4a97480 3919784353 S Ci:2:006:0 s c0 bc 0800 23be 003a 58 <
ffff8e67c4a97480 3919786889 C Ci:2:006:0 0 58 = 0000e95c cf42b528 9b0e81f4 67da4dc0 33a6198c ff72e558 cb3eb124 970a7df0
ffff8e67c4a97480 3919786933 S Co:2:006:0 s 40 bc 0800 00c0 0006 6 = ab923eb4 4b7c
ffff8e67c4a97480 3919789685 C Co:2:006:0 0 6 >
ffff8e67c4a97480 3919789741 S Co:2:006:0 s 40 b9 0000 0000 0004 4 = 09006606
ffff8e67c4a97480 3919792490 C Co:2:006:0 0 4 >
ffff8e67c4a97480 3919792543 S Ii:2:006:3 -115:1 3 <
ffff8e67c4a97480 3919793715 C Ii:2:006:3 0:1 3 = 100000
ffff8e67c4a97480 3919793768 S Ci:2:006:0 s c0 bc 0800 0016 0002 2 <
ffff8e67c4a97480 3919796562 C Ci:2:006:0 0 2 = 0900
ffff8e67c4a97480 3919796619 S Ci:2:006:0 s c0 bc 0900 001c 0002 2 <
ffff8e67c4a97480 3919799276 C Ci:2:006:0 0 2 = 2f6f
ffff8e67c4a97480 3919799330 S Ci:2:006:0 s c0 bc 0800 23be 0002 2 <
ffff8e67c4a97480 3919801925 C Ci:2:006:0 0 2 = 0000
ffff8e67c4a97480 3919801979 S Co:2:006:0 s 40 bc 0900 0014 0002 2 = d09e
ffff8e67c4a97480 3919804632 C Co:2:006:0 0 2 >
ffff8e67c4a97480 3919804688 S Ci:2:006:0 s c0 bc 0900 001c 0002 2 <
ffff8e67c4a97480 3919807470 C Ci:2:006:0 0 2 = 2f6f
ffff8e67c4a97480 3919807527 S Co:2:006:0 s 40 b9 0000 0000 0004 4 = 09016638
ffff8e67c4a97480 3919810192 C Co:2:006:0 0 4 >
ffff8e67c4a97480 3919810246 S Ii:2:006:3 -115:1 3 <
ffff8e67c4a97480 3919811474 C Ii:2:006:3 0:1 3 = 100000
ffff8e67c4a97480 3919811527 S Ci:2:006:0 s c0 bc 0800 0016 0002 2 <
ffff8e67c4a97480 3919814338 C Ci:2:006:0 0 2 = 0900
ffff8e67c4a97480 3919814393 S Ci:2:006:0 s c0 bc 0900 001c 0002 2 <
ffff8e67c4a97480 3919817033 C Ci:2:006:0 0 2 = 2f6f
ffff8e67c4a97480 3919817105 S Ci:2:006:0 s c0 bc 0800 23be 003a 58 <
ffff8e67c4a97480 3919819841 C Ci:2:006:0 0 58 = 0000e95c cf42b528 9b0e81f4 67da4dc0 33a6198c ff72e558 cb3eb124 970a7df0
ffff8e67c4a97480 3919819904 S Co:2:006:0 s 40 bc 0800 00c0 0006 6 = ab923eb4 837c
ffff8e67c4a97480 3919822529 C Co:2:006:0 0 6 >
ffff8e67c4a97480 3919822592 S Co:2:006:0 s 40 b9 0000 0000 0004 4 = 09006606
ffff8e67c4a97480 3919825301 C Co:2:006:0 0 4 >
ffff8e67c4a97480 3919825355 S Ii:2:006:3 -115:1 3 <
ffff8e67c4a97480 3919826630 C Ii:2:006:3 0:1 3 = 100000
ffff8e67c4a97480 3919826671 S Ci:2:006:0 s c0 bc 0800 0016 0002 2 <
ffff8e67c4a97480 3919829377 C Ci:2:006:0 0 2 = 0900
ffff8e67c4a97480 3919829420 S Ci:2:006:0 s c0 bc 0900 001c 0002 2 <
ffff8e67c4a97480 3919831992 C Ci:2:006:0 0 2 = 2f6f
ffff8e67c4a97480 3919832040 S Ci:2:006:0 s c0 bc 0800 23be 0002 2 <
ffff8e67c4a97480 3919834631 C Ci:2:006:0 0 2 = 0000
ffff8e67c4a97480 3919834687 S Co:2:006:0 s 40 bc 0900 0014 0002 2 = d09e
ffff8e67c4a97480 3919837246 C Co:2:006:0 0 2 >
ffff8e67c4a97480 3919837307 S Ci:2:006:0 s c0 bc 0900 001c 0002 2 <
ffff8e67c4a97480 3919839956 C Ci:2:006:0 0 2 = 2f6f
ffff8e67c4a97480 3919840015 S Co:2:006:0 s 40 b9 0000 0000 0004 4 = 09016638
ffff8e67c4a97480 3919842639 C Co:2:006:0 0 4 >
ffff8e67c4a97480 3919842694 S Ii:2:006:3 -115:1 3 <
ffff8e67c4a97480 3919844062 C Ii:2:006:3 0:1 3 = 100000
ffff8e67c4a97480 3919844114 S Ci:2:006:0 s c0 bc 0800 0016 0002 2 <
ffff8e67c4a97480 3919846800 C Ci:2:006:0 0 2 = 0900
ffff8e67c4a97480 3919846844 S Ci:2:006:0 s c0 bc 0900 001c 0002 2 <
ffff8e67c4a97480 3919849563 C Ci:2:006:0 0 2 = 2f6f
ffff8e67c4a97480 3919849607 S Ci:2:006:0 s c0 bc 0800 23be 003a 58 <
ffff8e67c4a97480 3919852220 C Ci:2:006:0 0 58 = 0000e95c cf42b528 9b0e81f4 67da4dc0 33a6198c ff72e558 cb3eb124 970a7df0
ffff8e67c4a97480 3919852274 S Co:2:006:0 s 40 bc 0800 00c0 0006 6 = ab923eb4 bb7c
ffff8e67c4a97480 3919855040 C Co:2:006:0 0 6 >
ffff8e67c4a97480 3919855084 S Co:2:006:0 s 40 b9 0000 0000 0004 4 = 09006606
ffff8e67c4a97480 3919857746 C Co:2:006:0 0 4 >
ffff8e67c4a97480 3919857786 S Ii:2:006:3 -115:1 3 <
ffff8e67c4a97480 3919859116 C Ii:2:006:3 0:1 3 = 100000
ffff8e67c4a97480 3919859166 S Ci:2:006:0 s c0 bc 0800 0016 0002 2 <
ffff8e67c4a97480 3919861893 C Ci:2:006:0 0 2 = 0900
ffff8e67c4a97480 3919861936 S Ci:2:006:0 s c0 bc 0900 001c 0002 2 <
ffff8e67c4a97480 3919864527 C Ci:2:006:0 0 2 = 2f6f
ffff8e67c4a97480 3919864570 S Ci:2:006:0 s c0 bc 0800 23be 0002 2 <
ffff8e67c4a97480 3919867283 C Ci:2:006:0 0 2 = 0000
ffff8e67c4a97480 3919867376 S Co:2:006:0 s 40 bc 0900 0014 0002 2 = d09e
ffff8e67c4a97480 3919869983 C Co:2:006:0 0 2 >
ffff8e67c4a97480 3919870027 S Ci:2:006:0 s c0 bc 0900 001c 0002 2 <
ffff8e67c4a97480 3919872618 C Ci:2:006:0 0 2 = 2f6f
ffff8e67c4a97480 3919872660 S Co:2:006:0 s 40 b9 0000 0000 0004 4 = 09016638
ffff8e67c4a97480 3919875221 C Co:2:006:0 0 4 >
ffff8e67c4a97480 3919875273 S Ii:2:006:3 -115:1 3 <
ffff8e67c4a97480 3919876532 C Ii:2:006:3 0:1 3 = 100000
ffff8e67c4a97480 3919876571 S Ci:2:006:0 s c0 bc 0800 0016 0002 2 <
ffff8e67c4a97480 3919879386 C Ci:2:006:0 0 2 = 0900
ffff8e67c4a97480 3919879428 S Ci:2:006:0 s c0 bc 0900 001c 0002 2 <
ffff8e67c4a97480 3919882114 C Ci:2:006:0 0 2 = 2f6f
ffff8e67c4a97480 3919882183 S Ci:2:006:0 s c0 bc 0800 23be 003a 58 <
ffff8e67c4a97480 3919884967 C Ci:2:006:0 0 58 = 0000e95c cf42b528 9b0e81f4 67da4dc0 33a6198c ff72e558 cb3eb124 970a7df0
ffff8e67c4a97480 3919885092 S Co:2:006:0 s 40 bc 0800 00c0 0006 6 = ab923eb4 f37c
ffff8e67c4a97480 3919887595 C Co:2:006:0 0 6 >
ffff8e67c4a97480 3919887638 S Co:2:006:0 s 40 b9 0000 0000 0004 4 = 09006606
ffff8e67c4a97480 3919890271 C Co:2:006:0 0 4 >
ffff8e67c4a97480 3919890312 S Ii:2:006:3 -115:1 3 <
ffff8e67c4a97480 3919891607 C Ii:2:006:3 0:1 3 = 100000
ffff8e67c4a97480 3919891648 S Ci:2:006:0 s c0 bc 0800 0016 0002 2 <
ffff8e67c4a97480 3919894400 C Ci:2:006:0 0 2 = 0900
ffff8e67c4a97480 3919894443 S Ci:2:006:0 s c0 bc 0900 001c 0002 2 <
ffff8e67c4a97480 3919897069 C Ci:2:006:0 0 2 = 2f6f
ffff8e67c4a97480 3919897140 S Ci:2:006:0 s c0 bc 0800 23be 0002 2 <
ffff8e67c4a97480 3919899621 C Ci:2:006:0 0 2 = 0000
ffff8e67c4a97480 3919899663 S Co:2:006:0 s 40 bc 0900 0014 0002 2 = d09e
ffff8e67c4a97480 3919902216 C Co:2:006:0 0 2 >
ffff8e67c4a97480 3919902272 S Ci:2:006:0 s c0 bc 0900 001c 0002 2 <
ffff8e67c4a97480 3919904926 C Ci:2:006:0 0 2 = 2f6f
ffff8e67c4a97480 3919904970 S Co:2:006:0 s 40 b9 0000 0000 0004 4 = 09016638
ffff8e67c4a97480 3919907625 C Co:2:006:0 0 4 >
ffff8e67c4a97480 3919907662 S Ii:2:006:3 -115:1 3 <
ffff8e67c4a97480 3919908848 C Ii:2:006:3 0:1 3 = 100000
ffff8e67c4a97480 3919908889 S Ci:2:006:0 s c0 bc 0800 0016 0002 2 <
ffff8e67c4a97480 3919911748 C Ci:2:006:0 0 2 = 0900
ffff8e67c4a97480 3919911803 S Ci:2:006:0 s c0 bc 0900 001c 0002 2 <
ffff8e67c4a97480 3919914347 C Ci:2:006:0 0 2 = 2f6f
ffff8e67c4a97480 3919914366 S Ci:2:006:0 s c0 bc 0800 23be 003a 58 <
ffff8e67c4a97480 3919917063 C Ci:2:006:0 0 58 = 0000e95c cf42b528 9b0e81f4 67da4dc0 33a6198c ff72e558 cb3eb124 970a7df0
ffff8e67c4a97480 3919917092 S Co:2:006:0 s 40 bc 0800 00c0 0006 6 = ab923eb4 2b7d
ffff8e67c4a97480 3919919823 C Co:2:006:0 0 6 >
ffff8e67c4a97480 3919919853 S Co:2:006:0 s 40 b9 0000 0000 0004 4 = 09006606
ffff8e67c4a97480 3919922498 C Co:2:006:0 0 4 >
ffff8e67c4a97480 3919922539 S Ii:2:006:3 -115:1 3 <
ffff8e67c4a97480 3919923813 C Ii:2:006:3 0:1 3 = 100000
ffff8e67c4a97480 3919923856 S Ci:2:006:0 s c0 bc 0800 0016 0002 2 <
ffff8e67c4a97480 3919926668 C Ci:2:006:0 0 2 = 0900
ffff8e67c4a97480 3919926716 S Ci:2:006:0 s c0 bc 0900 001c 0002 2 <
ffff8e67c4a97480 3919929398 C Ci:2:006:0 0 2 = 2f6f
ffff8e67c4a97480 3919929433 S Ci:2:006:0 s c0 bc 0800 23be 0002 2 <
ffff8e67c4a97480 3919931941 C Ci:2:006:0 0 2 = 0000
ffff8e67c4a97480 3919931984 S Co:2:006:0 s 40 bc 0900 0014 0002 2 = d09e
ffff8e67c4a97480 3919934772 C Co:2:006:0 0 2 >
ffff8e67c4a97480 3919934814 S Ci:2:006:0 s c0 bc 0900 001c 0002 2 <
ffff8e67c4a97480 3919937373 C Ci:2:006:0 0 2 = 2f6f
ffff8e67c4a97480 3919937409 S Co:2:006:0 s 40 b9 0000 0000 0004 4 = 09016638
ffff8e67c4a97480 3919940080 C Co:2:006:0 0 4 >
ffff8e67c4a97480 3919940133 S Ii:2:006:3 -115:1 3 <
ffff8e67c4a97480 3919941340 C Ii:2:006:3 0:1 3 = 100000
ffff8e67c4a97480 3919941382 S Ci:2:006:0 s c0 bc 0800 0016 0002 2 <
ffff8e67c4a97480 3919944122 C Ci:2:006:0 0 2 = 0900
ffff8e67c4a97480 3919944162 S Ci:2:006:0 s c0 bc 0900 001c 0002 2 <
ffff8e67c4a97480 3919946892 C Ci:2:006:0 0 2 = 2f6f
ffff8e67c4a97480 3919946933 S Ci:2:006:0 s c0 bc 0800 23be 003a 58 <
ffff8e67c4a97480 3919949598 C Ci:2:006:0 0 58 = 0000e95c cf42b528 9b0e81f4 67da4dc0 33a6198c ff72e558 cb3eb124 970a7df0
ffff8e67c4a97480 3919949629 S Co:2:006:0 s 40 bc 0800 00c0 0006 6 = ab923eb4 637d
ffff8e67c4a97480 3919952347 C Co:2:006:0 0 6 >
ffff8e67c4a97480 3919952808 S Co:2:006:0 s 40 b9 0000 0000 0004 4 = 09006606
ffff8e67c4a97480 3919955017 C Co:2:006:0 0 4 >
ffff8e67c4a97480 3919955100 S Ii:2:006:3 -115:1 3 <
ffff8e67c4a97480 3919956327 C Ii:2:006:3 0:1 3 = 100000
ffff8e67c4a97480 3919956356 S Ci:2:006:0 s c0 bc 0800 0016 0002 2 <
ffff8e67c4a97480 3919959121 C Ci:2:006:0 0 2 = 0900
ffff8e67c4a97480 3919959150 S Ci:2:006:0 s c0 bc 0900 001c 0002 2 <
ffff8e67c4a97480 3919961900 C Ci:2:006:0 0 2 = 2f6f
ffff8e67c4a97480 3919961930 S Ci:2:006:0 s c0 bc 0800 23be 0002 2 <
ffff8e67c4a97480 3919964653 C Ci:2:006:0 0 2 = 0000
ffff8e67c4a97480 3919964682 S Co:2:006:0 s 40 bc 0900 0014 0002 2 = d09e
ffff8e67c4a97480 3919967389 C Co:2:006:0 0 2 >
ffff8e67c4a97480 3919967446 S Ci:2:006:0 s c0 bc 0900 001c 0002 2 <
ffff8e67c4a97480 3919970053 C Ci:2:006:0 0 2 = 2f6f
ffff8e67c4a97480 3919970139 S Co:2:006:0 s 40 b9 0000 0000 0004 4 = 09016638
ffff8e67c4a97480 3919972719 C Co:2:006:0 0 4 >
ffff8e67c26db780 3919973317 S Ii:2:006:3 -115:1 3 <
ffff8e67c26db780 3919974018 C Ii:2:006:3 0:1 3 = 100000
ffff8e67c26db780 3919974176 S Ci:2:006:0 s c0 bc 0800 0016 0002 2 <
ffff8e67c26db780 3919976701 C Ci:2:006:0 0 2 = 0900
ffff8e67c26db780 3919976873 S Ci:2:006:0 s c0 bc 0900 001c 0002 2 <
ffff8e67c26db780 3919979453 C Ci:2:006:0 0 2 = 2f6f
ffff8e67c26db780 3919979646 S Ci:2:006:0 s c0 bc 0800 23be 003a 58 <
ffff8e67c26db780 3919982197 C Ci:2:006:0 0 58 = 0000e95c cf42b528 9b0e81f4 67da4dc0 33a6198c ff72e558 cb3eb124 970a7df0
ffff8e67c26db780 3919982381 S Co:2:006:0 s 40 bc 0800 00c0 0006 6 = ab923eb4 9b7d
ffff8e67c26db780 3919984961 C Co:2:006:0 0 6 >
ffff8e67c26db780 3919985183 S Co:2:006:0 s 40 b9 0000 0000 0004 4 = 09006606
ffff8e67c26db780 3919987711 C Co:2:006:0 0 4 >
ffff8e67c26db780 3919987866 S Ii:2:006:3 -115:1 3 <
ffff8e67c26db780 3919989013 C Ii:2:006:3 0:1 3 = 100000
ffff8e67c26db780 3919989139 S Ci:2:006:0 s c0 bc 0800 0016 0002 2 <
ffff8e67c26db780 3919991740 C Ci:2:006:0 0 2 = 0900
ffff8e67c26db780 3919992043 S Ci:2:006:0 s c0 bc 0900 001c 0002 2 <
ffff8e67c26db780 3919994426 C Ci:2:006:0 0 2 = 2f6f
ffff8e67c26db780 3919994616 S Ci:2:006:0 s c0 bc 0800 23be 0002 2 <
ffff8e67c26db780 3919997068 C Ci:2:006:0 0 2 = 0000
ffff8e67c26db780 3919997231 S Co:2:006:0 s 40 bc 0900 0014 0002 2 = d09e
ffff8e67c26db780 3919999671 C Co:2:006:0 0 2 >
ffff8e67c26db780 3919999813 S Ci:2:006:0 s c0 bc 0900 001c 0002 2 <
ffff8e67c26db780 3920002303 C Ci:2:006:0 0 2 = 2f6f
ffff8e67c26db780 3920002412 S Co:2:006:0 s 40 b9 0000 0000 0004 4 = 09016638
ffff8e67c26db780 3920004986 C Co:2:006:0 0 4 >
ffff8e67c26db780 3920005078 S Ii:2:006:3 -115:1 3 <
ffff8e67c26db780 3920006305 C Ii:2:006:3 0:1 3 = 100000
ffff8e67c26db780 3920006389 S Ci:2:006:0 s c0 bc 0800 0016 0002 2 <
ffff8e67c26db780 3920008950 C Ci:2:006:0 0 2 = 0900
ffff8e67c26db780 3920009054 S Ci:2:006:0 s c0 bc 0900 001c 0002 2 <
ffff8e67c26db780 3920011663 C Ci:2:006:0 0 2 = 2f6f
ffff8e67c26db780 3920011774 S Ci:2:006:0 s c0 bc 0800 23be 003a 58 <
ffff8e67c26db780 3920014400 C Ci:2:006:0 0 58 = 0000e95c cf42b528 9b0e81f4 67da4dc0 33a6198c ff72e558 cb3eb124 970a7df0
ffff8e67c26db780 3920014574 S Co:2:006:0 s 40 bc 0800 00c0 0006 6 = ab923eb4 d37d
ffff8e67c26db780 3920017095 C Co:2:006:0 0 6 >
ffff8e67c26db780 3920017260 S Co:2:006:0 s 40 b9 0000 0000 0004 4 = 09006606
ffff8e67c26db780 3920019990 C Co:2:006:0 0 4 >
ffff8e67c26db780 3920020053 S Ii:2:006:3 -115:1 3 <
ffff8e67c26db780 3920021351 C Ii:2:006:3 0:1 3 = 100000
ffff8e67c26db780 3920021442 S Ci:2:006:0 s c0 bc 0800 0016 0002 2 <
ffff8e67c26db780 3920024119 C Ci:2:006:0 0 2 = 0900
ffff8e67c26db780 3920024170 S Ci:2:006:0 s c0 bc 0900 001c 0002 2 <
ffff8e67c26db780 3920027179 C Ci:2:006:0 0 2 = 2f6f
ffff8e67c26db780 3920027312 S Ci:2:006:0 s c0 bc 0800 23be 0002 2 <
ffff8e67c26db780 3920029756 C Ci:2:006:0 0 2 = 0000
ffff8e67c26db780 3920029913 S Co:2:006:0 s 40 bc 0900 0014 0002 2 = d09e
ffff8e67c26db780 3920032512 C Co:2:006:0 0 2 >
ffff8e67c26db780 3920032652 S Ci:2:006:0 s c0 bc 0900 001c 0002 2 <
ffff8e67c26db780 3920035259 C Ci:2:006:0 0 2 = 2f6f
ffff8e67c26db780 3920035371 S Co:2:006:0 s 40 b9 0000 0000 0004 4 = 09016638
ffff8e67c26db780 3920037890 C Co:2:006:0 0 4 >
ffff8e67c26db780 3920038061 S Ii:2:006:3 -115:1 3 <
ffff8e67c26db780 3920039173 C Ii:2:006:3 0:1 3 = 100000
ffff8e67c26db780 3920039262 S Ci:2:006:0 s c0 bc 0800 0016 0002 2 <
ffff8e67c26db780 3920041950 C Ci:2:006:0 0 2 = 0900
ffff8e67c26db780 3920042093 S Ci:2:006:0 s c0 bc 0900 001c 0002 2 <
ffff8e67c26db780 3920044671 C Ci:2:006:0 0 2 = 2f6f
ffff8e67c26db780 3920044835 S Ci:2:006:0 s c0 bc 0800 23be 003a 58 <
ffff8e67c26db780 3920047377 C Ci:2:006:0 0 58 = 0000e95c cf42b528 9b0e81f4 67da4dc0 33a6198c ff72e558 cb3eb124 970a7df0
ffff8e67c26db780 3920047517 S Co:2:006:0 s 40 bc 0800 00c0 0006 6 = ab923eb4 0b7a
ffff8e67c26db780 3920050178 C Co:2:006:0 0 6 >
ffff8e67c26db780 3920050311 S Co:2:006:0 s 40 b9 0000 0000 0004 4 = 09006606
ffff8e67c26db780 3920053019 C Co:2:006:0 0 4 >
ffff8e67c26db780 3920053067 S Ii:2:006:3 -115:1 3 <
ffff8e67c26db780 3920054202 C Ii:2:006:3 0:1 3 = 100000
ffff8e67c26db780 3920054237 S Ci:2:006:0 s c0 bc 0800 0016 0002 2 <
ffff8e67c26db780 3920057016 C Ci:2:006:0 0 2 = 0900
ffff8e67c26db780 3920057160 S Ci:2:006:0 s c0 bc 0900 001c 0002 2 <
ffff8e67c26db780 3920059771 C Ci:2:006:0 0 2 = 2f6f
ffff8e67c26db780 3920059938 S Ci:2:006:0 s c0 bc 0800 23be 0002 2 <
ffff8e67c26db780 3920062557 C Ci:2:006:0 0 2 = 0000
ffff8e67c26db780 3920062631 S Co:2:006:0 s 40 bc 0900 0014 0002 2 = d09e
ffff8e67c26db780 3920065358 C Co:2:006:0 0 2 >
ffff8e67c26db780 3920065525 S Ci:2:006:0 s c0 bc 0900 001c 0002 2 <
ffff8e67c26db780 3920067985 C Ci:2:006:0 0 2 = 2f6f
ffff8e67c26db780 3920068109 S Co:2:006:0 s 40 b9 0000 0000 0004 4 = 09016638
ffff8e67c26db780 3920070736 C Co:2:006:0 0 4 >
ffff8e67c26db780 3920070877 S Ii:2:006:3 -115:1 3 <
ffff8e67c26db780 3920071987 C Ii:2:006:3 0:1 3 = 100000
ffff8e67c26db780 3920072128 S Ci:2:006:0 s c0 bc 0800 0016 0002 2 <
ffff8e67c26db780 3920074825 C Ci:2:006:0 0 2 = 0900
ffff8e67c26db780 3920074966 S Ci:2:006:0 s c0 bc 0900 001c 0002 2 <
ffff8e67c26db780 3920077590 C Ci:2:006:0 0 2 = 2f6f
ffff8e67c26db780 3920077701 S Ci:2:006:0 s c0 bc 0800 23be 003a 58 <
ffff8e67c26db780 3920080255 C Ci:2:006:0 0 58 = 0000e95c cf42b528 9b0e81f4 67da4dc0 33a6198c ff72e558 cb3eb124 970a7df0
ffff8e67c26db780 3920080336 S Co:2:006:0 s 40 bc 0800 00c0 0006 6 = ab923eb4 437a
ffff8e67c26db780 3920083006 C Co:2:006:0 0 6 >
ffff8e67c26db780 3920083143 S Co:2:006:0 s 40 b9 0000 0000 0004 4 = 09006606
ffff8e67c26db780 3920085844 C Co:2:006:0 0 4 >
ffff8e67c26db780 3920085915 S Ii:2:006:3 -115:1 3 <
ffff8e67c26db780 3920087134 C Ii:2:006:3 0:1 3 = 100000
ffff8e67c26db780 3920087177 S Ci:2:006:0 s c0 bc 0800 0016 0002 2 <
ffff8e67c26db780 3920089961 C Ci:2:006:0 0 2 = 0900
ffff8e67c26db780 3920090093 S Ci:2:006:0 s c0 bc 0900 001c 0002 2 <
ffff8e67c26db780 3920092636 C Ci:2:006:0 0 2 = 2f6f
ffff8e67c26db780 3920092784 S Ci:2:006:0 s c0 bc 0800 23be 0002 2 <
ffff8e67c26db780 3920095409 C Ci:2:006:0 0 2 = 0000
ffff8e67c26db780 3920095584 S Co:2:006:0 s 40 bc 0900 0014 0002 2 = d09e
ffff8e67c26db780 3920098178 C Co:2:006:0 0 2 >
ffff8e67c26db780 3920098314 S Ci:2:006:0 s c0 bc 0900 001c 0002 2 <
ffff8e67c26db780 3920100969 C Ci:2:006:0 0 2 = 2f6f
ffff8e67c26db780 3920101030 S Co:2:006:0 s 40 b9 0000 0000 0004 4 = 09016638
ffff8e67c26db780 3920103748 C Co:2:006:0 0 4 >
ffff8e67c26db780 3920103908 S Ii:2:006:3 -115:1 3 <
ffff8e67c26db780 3920104902 C Ii:2:006:3 0:1 3 = 100000
ffff8e67c26db780 3920105043 S Ci:2:006:0 s c0 bc 0800 0016 0002 2 <
ffff8e67c26db780 3920107637 C Ci:2:006:0 0 2 = 0900
ffff8e67c26db780 3920107773 S Ci:2:006:0 s c0 bc 0900 001c 0002 2 <
ffff8e67c26db780 3920110230 C Ci:2:006:0 0 2 = 2f6f
ffff8e67c26db780 3920110338 S Ci:2:006:0 s c0 bc 0800 23be 003a 58 <
ffff8e67c26db780 3920112889 C Ci:2:006:0 0 58 = 0000e95c cf42b528 9b0e81f4 67da4dc0 33a6198c ff72e558 cb3eb124 970a7df0
ffff8e67c26db780 3920113065 S Co:2:006:0 s 40 bc 0800 00c0 0006 6 = ab923eb4 7b7a
ffff8e67c26db780 3920115626 C Co:2:006:0 0 6 >
ffff8e67c26db780 3920115736 S Co:2:006:0 s 40 b9 0000 0000 0004 4 = 09006606
ffff8e67c26db780 3920118289 C Co:2:006:0 0 4 >
ffff8e67c26db780 3920118348 S Ii:2:006:3 -115:1 3 <
ffff8e67c26db780 3920119608 C Ii:2:006:3 0:1 3 = 100000
ffff8e67c26db780 3920119667 S Ci:2:006:0 s c0 bc 0800 0016 0002 2 <
ffff8e67c26db780 3920122388 C Ci:2:006:0 0 2 = 0900
ffff8e67c26db780 3920122516 S Ci:2:006:0 s c0 bc 0900 001c 0002 2 <
ffff8e67c26db780 3920125074 C Ci:2:006:0 0 2 = 2f6f
ffff8e67c26db780 3920125219 S Ci:2:006:0 s c0 bc 0800 23be 0002 2 <
ffff8e67c26db780 3920127659 C Ci:2:006:0 0 2 = 0000
ffff8e67c26db780 3920127801 S Co:2:006:0 s 40 bc 0900 0014 0002 2 = d09e
ffff8e67c26db780 3920130363 C Co:2:006:0 0 2 >
ffff8e67c26db780 3920130527 S Ci:2:006:0 s c0 bc 0900 001c 0002 2 <
ffff8e67c26db780 3920133055 C Ci:2:006:0 0 2 = 2f6f
ffff8e67c26db780 3920133145 S Co:2:006:0 s 40 b9 0000 0000 0004 4 = 09016638
ffff8e67c26db780 3920135577 C Co:2:006:0 0 4 >
ffff8e67c26db780 3920135701 S Ii:2:006:3 -115:1 3 <
ffff8e67c26db780 3920136930 C Ii:2:006:3 0:1 3 = 100000
ffff8e67c26db780 3920137033 S Ci:2:006:0 s c0 bc 0800 0016 0002 2 <
ffff8e67c26db780 3920139626 C Ci:2:006:0 0 2 = 0900
ffff8e67c26db780 3920139767 S Ci:2:006:0 s c0 bc 0900 001c 0002 2 <
ffff8e67c26db780 3920142265 C Ci:2:006:0 0 2 = 2f6f
ffff8e67c26db780 3920142347 S Ci:2:006:0 s c0 bc 0800 23be 003a 58 <
ffff8e67c26db780 3920144876 C Ci:2:006:0 0 58 = 0000e95c cf42b528 9b0e81f4 67da4dc0 33a6198c ff72e558 cb3eb124 970a7df0
ffff8e67c26db780 3920145012 S Co:2:006:0 s 40 bc 0800 00c0 0006 6 = ab923eb4 b37a
ffff8e67c26db780 3920147622 C Co:2:006:0 0 6 >
ffff8e67c26db780 3920147762 S Co:2:006:0 s 40 b9 0000 0000 0004 4 = 09006606
ffff8e67c26db780 3920150282 C Co:2:006:0 0 4 >
ffff8e67c26db780 3920150317 S Ii:2:006:3 -115:1 3 <
ffff8e67c26db780 3920151565 C Ii:2:006:3 0:1 3 = 100000
ffff8e67c26db780 3920151658 S Ci:2:006:0 s c0 bc 0800 0016 0002 2 <
ffff8e67c26db780 3920154385 C Ci:2:006:0 0 2 = 0900
ffff8e67c26db780 3920154526 S Ci:2:006:0 s c0 bc 0900 001c 0002 2 <
ffff8e67c26db780 3920157051 C Ci:2:006:0 0 2 = 2f6f
ffff8e67c26db780 3920157116 S Ci:2:006:0 s c0 bc 0800 23be 0002 2 <
ffff8e67c26db780 3920159784 C Ci:2:006:0 0 2 = 0000
ffff8e67c26db780 3920159948 S Co:2:006:0 s 40 bc 0900 0014 0002 2 = d09e
ffff8e67c26db780 3920162436 C Co:2:006:0 0 2 >
ffff8e67c26db780 3920162500 S Ci:2:006:0 s c0 bc 0900 001c 0002 2 <
ffff8e67c26db780 3920165144 C Ci:2:006:0 0 2 = 2f6f
ffff8e67c26db780 3920165299 S Co:2:006:0 s 40 b9 0000 0000 0004 4 = 09016638
ffff8e67c26db780 3920167900 C Co:2:006:0 0 4 >
ffff8e67c26db780 3920168043 S Ii:2:006:3 -115:1 3 <
ffff8e67c26db780 3920169297 C Ii:2:006:3 0:1 3 = 100000
ffff8e67c26db780 3920169341 S Ci:2:006:0 s c0 bc 0800 0016 0002 2 <
ffff8e67c26db780 3920172066 C Ci:2:006:0 0 2 = 0900
ffff8e67c26db780 3920172097 S Ci:2:006:0 s c0 bc 0900 001c 0002 2 <
ffff8e67c26db780 3920174798 C Ci:2:006:0 0 2 = 2f6f
ffff8e67c26db780 3920175041 S Ci:2:006:0 s c0 bc 0800 23be 003a 58 <
ffff8e67c26db780 3920177473 C Ci:2:006:0 0 58 = 0000e95c cf42b528 9b0e81f4 67da4dc0 33a6198c ff72e558 cb3eb124 970a7df0
ffff8e67c26db780 3920177635 S Co:2:006:0 s 40 bc 0800 00c0 0006 6 = ab923eb4 eb7a
ffff8e67c26db780 3920180153 C Co:2:006:0 0 6 >
ffff8e67c26db780 3920180304 S Co:2:006:0 s 40 b9 0000 0000 0004 4 = 09006606
ffff8e67c26db780 3920182810 C Co:2:006:0 0 4 >
ffff8e67c26db780 3920183040 S Ii:2:006:3 -115:1 3 <
ffff8e67c26db780 3920184119 C Ii:2:006:3 0:1 3 = 100000
ffff8e67c26db780 3920184197 S Ci:2:006:0 s c0 bc 0800 0016 0002 2 <
ffff8e67c26db780 3920187016 C Ci:2:006:0 0 2 = 0900
ffff8e67c26db780 3920187142 S Ci:2:006:0 s c0 bc 0900 001c 0002 2 <
ffff8e67c26db780 3920189753 C Ci:2:006:0 0 2 = 2f6f
ffff8e67c26db780 3920189897 S Ci:2:006:0 s c0 bc 0800 23be 0002 2 <
ffff8e67c26db780 3920192654 C Ci:2:006:0 0 2 = 0000
ffff8e67c26db780 3920192831 S Co:2:006:0 s 40 bc 0900 0014 0002 2 = d09e
ffff8e67c26db780 3920195251 C Co:2:006:0 0 2 >
ffff8e67c26db780 3920195334 S Ci:2:006:0 s c0 bc 0900 001c 0002 2 <
ffff8e67c26db780 3920197932 C Ci:2:006:0 0 2 = 2f6f
ffff8e67c26db780 3920198069 S Co:2:006:0 s 40 b9 0000 0000 0004 4 = 09016638
ffff8e67c26db780 3920200638 C Co:2:006:0 0 4 >
ffff8e67c26db780 3920200702 S Ii:2:006:3 -115:1 3 <
ffff8e67c26db780 3920201993 C Ii:2:006:3 0:1 3 = 100000
ffff8e67c26db780 3920202083 S Ci:2:006:0 s c0 bc 0800 0016 0002 2 <
ffff8e67c26db780 3920204795 C Ci:2:006:0 0 2 = 0900
ffff8e67c26db780 3920204927 S Ci:2:006:0 s c0 bc 0900 001c 0002 2 <
ffff8e67c26db780 3920207392 C Ci:2:006:0 0 2 = 2f6f
ffff8e67c26db780 3920207585 S Ci:2:006:0 s c0 bc 0800 23be 003a 58 <
ffff8e67c26db780 3920209992 C Ci:2:006:0 0 58 = 0000e95c cf42b528 9b0e81f4 67da4dc0 33a6198c ff72e558 cb3eb124 970a7df0
ffff8e67c26db780 3920210124 S Co:2:006:0 s 40 bc 0800 00c0 0006 6 = ab923eb4 237b
ffff8e67c26db780 3920212617 C Co:2:006:0 0 6 >
ffff8e67c26db780 3920212689 S Co:2:006:0 s 40 b9 0000 0000 0004 4 = 09006606
ffff8e67c26db780 3920215287 C Co:2:006:0 0 4 >
ffff8e67c26db780 3920215327 S Ii:2:006:3 -115:1 3 <
ffff8e67c26db780 3920216489 C Ii:2:006:3 0:1 3 = 100000
ffff8e67c26db780 3920216542 S Ci:2:006:0 s c0 bc 0800 0016 0002 2 <
ffff8e67c26db780 3920219309 C Ci:2:006:0 0 2 = 0900
ffff8e67c26db780 3920219347 S Ci:2:006:0 s c0 bc 0900 001c 0002 2 <
ffff8e67c26db780 3920222042 C Ci:2:006:0 0 2 = 2f6f
ffff8e67c26db780 3920222306 S Ci:2:006:0 s c0 bc 0800 23be 0002 2 <
ffff8e67c26db780 3920224732 C Ci:2:006:0 0 2 = 0000
ffff8e67c26db780 3920224871 S Co:2:006:0 s 40 bc 0900 0014 0002 2 = d09e
ffff8e67c26db780 3920227435 C Co:2:006:0 0 2 >
ffff8e67c26db780 3920227525 S Ci:2:006:0 s c0 bc 0900 001c 0002 2 <
ffff8e67c26db780 3920230163 C Ci:2:006:0 0 2 = 2f6f
ffff8e67c26db780 3920230255 S Co:2:006:0 s 40 b9 0000 0000 0004 4 = 09016638
ffff8e67c26db780 3920232752 C Co:2:006:0 0 4 >
ffff8e67c26db780 3920232923 S Ii:2:006:3 -115:1 3 <
ffff8e67c26db780 3920234081 C Ii:2:006:3 0:1 3 = 100000
ffff8e67c26db780 3920234171 S Ci:2:006:0 s c0 bc 0800 0016 0002 2 <
ffff8e67c26db780 3920236949 C Ci:2:006:0 0 2 = 0900
ffff8e67c26db780 3920237087 S Ci:2:006:0 s c0 bc 0900 001c 0002 2 <
ffff8e67c26db780 3920239589 C Ci:2:006:0 0 2 = 2f6f
ffff8e67c26db780 3920239748 S Ci:2:006:0 s c0 bc 0800 23be 003a 58 <
ffff8e67c26db780 3920242255 C Ci:2:006:0 0 58 = 0000e95c cf42b528 9b0e81f4 67da4dc0 33a6198c ff72e558 cb3eb124 970a7df0
ffff8e67c26db780 3920242348 S Co:2:006:0 s 40 bc 0800 00c0 0006 6 = ab923eb4 5b7b
ffff8e67c26db780 3920245029 C Co:2:006:0 0 6 >
ffff8e67c26db780 3920245153 S Co:2:006:0 s 40 b9 0000 0000 0004 4 = 09006606
ffff8e67c26db780 3920247788 C Co:2:006:0 0 4 >
ffff8e67c26db780 3920247827 S Ii:2:006:3 -115:1 3 <
ffff8e67c26db780 3920249108 C Ii:2:006:3 0:1 3 = 100000
ffff8e67c26db780 3920249242 S Ci:2:006:0 s c0 bc 0800 0016 0002 2 <
ffff8e67c26db780 3920251919 C Ci:2:006:0 0 2 = 0900
ffff8e67c26db780 3920252078 S Ci:2:006:0 s c0 bc 0900 001c 0002 2 <
ffff8e67c26db780 3920254626 C Ci:2:006:0 0 2 = 2f6f
ffff8e67c26db780 3920254731 S Ci:2:006:0 s c0 bc 0800 23be 0002 2 <
ffff8e67c26db780 3920257344 C Ci:2:006:0 0 2 = 0000
ffff8e67c26db780 3920257457 S Co:2:006:0 s 40 bc 0900 0014 0002 2 = d09e
ffff8e67c26db780 3920260138 C Co:2:006:0 0 2 >
ffff8e67c26db780 3920260183 S Ci:2:006:0 s c0 bc 0900 001c 0002 2 <
ffff8e67c26db780 3920262787 C Ci:2:006:0 0 2 = 2f6f
ffff8e67c26db780 3920262994 S Co:2:006:0 s 40 b9 0000 0000 0004 4 = 09016638
ffff8e67c26db780 3920265469 C Co:2:006:0 0 4 >
ffff8e67c26db780 3920265570 S Ii:2:006:3 -115:1 3 <
ffff8e67c26db780 3920266858 C Ii:2:006:3 0:1 3 = 100000
ffff8e67c26db780 3920266926 S Ci:2:006:0 s c0 bc 0800 0016 0002 2 <
ffff8e67c26db780 3920269636 C Ci:2:006:0 0 2 = 0900
ffff8e67c26db780 3920269672 S Ci:2:006:0 s c0 bc 0900 001c 0002 2 <
ffff8e67c26db780 3920272270 C Ci:2:006:0 0 2 = 2f6f
ffff8e67c26db780 3920272368 S Ci:2:006:0 s c0 bc 0800 23be 003a 58 <
ffff8e67c26db780 3920274885 C Ci:2:006:0 0 58 = 0000e95c cf42b528 9b0e81f4 67da4dc0 33a6198c ff72e558 cb3eb124 970a7df0
ffff8e67c26db780 3920275027 S Co:2:006:0 s 40 bc 0800 00c0 0006 6 = ab923eb4 937b
ffff8e67c26db780 3920277616 C Co:2:006:0 0 6 >
ffff8e67c26db780 3920277748 S Co:2:006:0 s 40 b9 0000 0000 0004 4 = 09006606
ffff8e67c26db780 3920280270 C Co:2:006:0 0 4 >
ffff8e67c26db780 3920280314 S Ii:2:006:3 -115:1 3 <
ffff8e67c26db780 3920281589 C Ii:2:006:3 0:1 3 = 100000
ffff8e67c26db780 3920281721 S Ci:2:006:0 s c0 bc 0800 0016 0002 2 <
ffff8e67c26db780 3920284403 C Ci:2:006:0 0 2 = 0900
ffff8e67c26db780 3920284542 S Ci:2:006:0 s c0 bc 0900 001c 0002 2 <
ffff8e67c26db780 3920287045 C Ci:2:006:0 0 2 = 2f6f
ffff8e67c26db780 3920287104 S Ci:2:006:0 s c0 bc 0800 23be 0002 2 <
ffff8e67c26db780 3920289617 C Ci:2:006:0 0 2 = 0000
ffff8e67c26db780 3920289746 S Co:2:006:0 s 40 bc 0900 0014 0002 2 = d09e
ffff8e67c26db780 3920292328 C Co:2:006:0 0 2 >
ffff8e67c26db780 3920292488 S Ci:2:006:0 s c0 bc 0900 001c 0002 2 <
ffff8e67c26db780 3920295061 C Ci:2:006:0 0 2 = 2f6f
ffff8e67c26db780 3920295154 S Co:2:006:0 s 40 b9 0000 0000 0004 4 = 09016638
ffff8e67c26db780 3920297735 C Co:2:006:0 0 4 >
ffff8e67c26db780 3920297850 S Ii:2:006:3 -115:1 3 <
ffff8e67c26db780 3920299107 C Ii:2:006:3 0:1 3 = 100000
ffff8e67c26db780 3920299155 S Ci:2:006:0 s c0 bc 0800 0016 0002 2 <
ffff8e67c26db780 3920301828 C Ci:2:006:0 0 2 = 0900
ffff8e67c26db780 3920301881 S Ci:2:006:0 s c0 bc 0900 001c 0002 2 <
ffff8e67c26db780 3920304508 C Ci:2:006:0 0 2 = 2f6f
ffff8e67c26db780 3920304694 S Ci:2:006:0 s c0 bc 0800 23be 003a 58 <
ffff8e67c26db780 3920307214 C Ci:2:006:0 0 58 = 0000e95c cf42b528 9b0e81f4 67da4dc0 33a6198c ff72e558 cb3eb124 970a7df0
ffff8e67c26db780 3920307329 S Co:2:006:0 s 40 bc 0800 00c0 0006 6 = ab923eb4 cb7b
ffff8e67c26db780 3920309892 C Co:2:006:0 0 6 >
ffff8e67c26db780 3920310064 S Co:2:006:0 s 40 b9 0000 0000 0004 4 = 09006606
ffff8e67c26db780 3920312643 C Co:2:006:0 0 4 >
ffff8e67c26db780 3920312785 S Ii:2:006:3 -115:1 3 <
ffff8e67c26db780 3920313955 C Ii:2:006:3 0:1 3 = 100000
ffff8e67c26db780 3920314061 S Ci:2:006:0 s c0 bc 0800 0016 0002 2 <
ffff8e67c26db780 3920316634 C Ci:2:006:0 0 2 = 0900
ffff8e67c26db780 3920316705 S Ci:2:006:0 s c0 bc 0900 001c 0002 2 <
ffff8e67c26db780 3920319297 C Ci:2:006:0 0 2 = 2f6f
ffff8e67c26db780 3920319444 S Ci:2:006:0 s c0 bc 0800 23be 0002 2 <
ffff8e67c26db780 3920321899 C Ci:2:006:0 0 2 = 0000
ffff8e67c26db780 3920322050 S Co:2:006:0 s 40 bc 0900 0014 0002 2 = d09e
ffff8e67c26db780 3920324623 C Co:2:006:0 0 2 >
ffff8e67c26db780 3920324750 S Ci:2:006:0 s c0 bc 0900 001c 0002 2 <
ffff8e67c26db780 3920327280 C Ci:2:006:0 0 2 = 2f6f
ffff8e67c26db780 3920327330 S Co:2:006:0 s 40 b9 0000 0000 0004 4 = 09016638
ffff8e67c26db780 3920330013 C Co:2:006:0 0 4 >
ffff8e67c26db780 3920330156 S Ii:2:006:3 -115:1 3 <
ffff8e67c26db780 3920331329 C Ii:2:006:3 0:1 3 = 100000
ffff8e67c26db780 3920331381 S Ci:2:006:0 s c0 bc 0800 0016 0002 2 <
ffff8e67c26db780 3920334213 C Ci:2:006:0 0 2 = 0900
ffff8e67c26db780 3920334328 S Ci:2:006:0 s c0 bc 0900 001c 0002 2 <
ffff8e67c26db780 3920337047 C Ci:2:006:0 0 2 = 2f6f
ffff8e67c26db780 3920337146 S Ci:2:006:0 s c0 bc 0800 23be 003a 58 <
ffff8e67c26db780 3920339671 C Ci:2:006:0 0 58 = 0000e95c cf42b528 9b0e81f4 67da4dc0 33a6198c ff72e558 cb3eb124 970a7df0
ffff8e67c26db780 3920339820 S Co:2:006:0 s 40 bc 0800 00c0 0006 6 = ab923eb4 0378
ffff8e67c26db780 3920342267 C Co:2:006:0 0 6 >
ffff8e67c26db780 3920342303 S Co:2:006:0 s 40 b9 0000 0000 0004 4 = 09006606
ffff8e67c26db780 3920344849 C Co:2:006:0 0 4 >
ffff8e67c26db780 3920344976 S Ii:2:006:3 -115:1 3 <
ffff8e67c26db780 3920346151 C Ii:2:006:3 0:1 3 = 100000
ffff8e67c26db780 3920346250 S Ci:2:006:0 s c0 bc 0800 0016 0002 2 <
ffff8e67c26db780 3920349000 C Ci:2:006:0 0 2 = 0900
ffff8e67c26db780 3920349100 S Ci:2:006:0 s c0 bc 0900 001c 0002 2 <
ffff8e67c26db780 3920351823 C Ci:2:006:0 0 2 = 2f6f
ffff8e67c26db780 3920351968 S Ci:2:006:0 s c0 bc 0800 23be 0002 2 <
ffff8e67c26db780 3920354460 C Ci:2:006:0 0 2 = 0000
ffff8e67c26db780 3920354632 S Co:2:006:0 s 40 bc 0900 0014 0002 2 = d09e
ffff8e67c26db780 3920357274 C Co:2:006:0 0 2 >
ffff8e67c26db780 3920357336 S Ci:2:006:0 s c0 bc 0900 001c 0002 2 <
ffff8e67c26db780 3920359904 C Ci:2:006:0 0 2 = 2f6f
ffff8e67c26db780 3920360051 S Co:2:006:0 s 40 b9 0000 0000 0004 4 = 09016638
ffff8e67c26db780 3920362597 C Co:2:006:0 0 4 >
ffff8e67c26db780 3920362738 S Ii:2:006:3 -115:1 3 <
ffff8e67c26db780 3920363954 C Ii:2:006:3 0:1 3 = 100000
ffff8e67c26db780 3920364095 S Ci:2:006:0 s c0 bc 0800 0016 0002 2 <
ffff8e67c26db780 3920366829 C Ci:2:006:0 0 2 = 0900
ffff8e67c26db780 3920366931 S Ci:2:006:0 s c0 bc 0900 001c 0002 2 <
ffff8e67c26db780 3920369482 C Ci:2:006:0 0 2 = 2f6f
ffff8e67c26db780 3920369549 S Ci:2:006:0 s c0 bc 0800 23be 003a 58 <
ffff8e67c26db780 3920372140 C Ci:2:006:0 0 58 = 0000e95c cf42b528 9b0e81f4 67da4dc0 33a6198c ff72e558 cb3eb124 970a7df0
ffff8e67c26db780 3920372191 S Co:2:006:0 s 40 bc 0800 00c0 0006 6 = ab923eb4 3b78
ffff8e67c26db780 3920374754 C Co:2:006:0 0 6 >
ffff8e67c26db780 3920374891 S Co:2:006:0 s 40 b9 0000 0000 0004 4 = 09006606
ffff8e67c26db780 3920377513 C Co:2:006:0 0 4 >
ffff8e67c26db780 3920377681 S Ii:2:006:3 -115:1 3 <
ffff8e67c26db780 3920378815 C Ii:2:006:3 0:1 3 = 100000
ffff8e67c26db780 3920378884 S Ci:2:006:0 s c0 bc 0800 0016 0002 2 <
ffff8e67c26db780 3920381655 C Ci:2:006:0 0 2 = 0900
ffff8e67c26db780 3920381704 S Ci:2:006:0 s c0 bc 0900 001c 0002 2 <
ffff8e67c26db780 3920384296 C Ci:2:006:0 0 2 = 2f6f
ffff8e67c26db780 3920384379 S Ci:2:006:0 s c0 bc 0800 23be 0002 2 <
ffff8e67c26db780 3920386906 C Ci:2:006:0 0 2 = 0000
ffff8e67c26db780 3920387048 S Co:2:006:0 s 40 bc 0900 0014 0002 2 = d09e
ffff8e67c26db780 3920389610 C Co:2:006:0 0 2 >
ffff8e67c26db780 3920389730 S Ci:2:006:0 s c0 bc 0900 001c 0002 2 <
ffff8e67c26db780 3920392304 C Ci:2:006:0 0 2 = 2f6f
ffff8e67c26db780 3920392464 S Co:2:006:0 s 40 b9 0000 0000 0004 4 = 09016638
ffff8e67c26db780 3920395011 C Co:2:006:0 0 4 >
ffff8e67c26db780 3920395121 S Ii:2:006:3 -115:1 3 <
ffff8e67c26db780 3920396372 C Ii:2:006:3 0:1 3 = 100000
ffff8e67c26db780 3920396408 S Ci:2:006:0 s c0 bc 0800 0016 0002 2 <
ffff8e67c26db780 3920399116 C Ci:2:006:0 0 2 = 0900
ffff8e67c26db780 3920399251 S Ci:2:006:0 s c0 bc 0900 001c 0002 2 <
ffff8e67c26db780 3920401907 C Ci:2:006:0 0 2 = 2f6f
ffff8e67c26db780 3920401955 S Ci:2:006:0 s c0 bc 0800 23be 003a 58 <
ffff8e67c26db780 3920404622 C Ci:2:006:0 0 58 = 0000e95c cf42b528 9b0e81f4 67da4dc0 33a6198c ff72e558 cb3eb124 970a7df0
ffff8e67c26db780 3920404773 S Co:2:006:0 s 40 bc 0800 00c0 0006 6 = ab923eb4 7378
ffff8e67c26db780 3920407247 C Co:2:006:0 0 6 >
ffff8e67c26db780 3920407331 S Co:2:006:0 s 40 b9 0000 0000 0004 4 = 09006606
ffff8e67c26db780 3920409910 C Co:2:006:0 0 4 >
ffff8e67c26db780 3920409956 S Ii:2:006:3 -115:1 3 <
ffff8e67c26db780 3920411227 C Ii:2:006:3 0:1 3 = 100000
ffff8e67c26db780 3920411306 S Ci:2:006:0 s c0 bc 0800 0016 0002 2 <
ffff8e67c26db780 3920414027 C Ci:2:006:0 0 2 = 0900
ffff8e67c26db780 3920414172 S Ci:2:006:0 s c0 bc 0900 001c 0002 2 <
ffff8e67c26db780 3920416772 C Ci:2:006:0 0 2 = 2f6f
ffff8e67c26db780 3920417031 S Ci:2:006:0 s c0 bc 0800 23be 0002 2 <
ffff8e67c26db780 3920419456 C Ci:2:006:0 0 2 = 0000
ffff8e67c26db780 3920419622 S Co:2:006:0 s 40 bc 0900 0014 0002 2 = d09e
ffff8e67c26db780 3920422252 C Co:2:006:0 0 2 >
ffff8e67c26db780 3920422306 S Ci:2:006:0 s c0 bc 0900 001c 0002 2 <
ffff8e67c26db780 3920424866 C Ci:2:006:0 0 2 = 2f6f
ffff8e67c26db780 3920425072 S Co:2:006:0 s 40 b9 0000 0000 0004 4 = 09016638
ffff8e67c26db780 3920427623 C Co:2:006:0 0 4 >
ffff8e67c26db780 3920427651 S Ii:2:006:3 -115:1 3 <
ffff8e67c26db780 3920428953 C Ii:2:006:3 0:1 3 = 100000
ffff8e67c26db780 3920429113 S Ci:2:006:0 s c0 bc 0800 0016 0002 2 <
ffff8e67c26db780 3920431703 C Ci:2:006:0 0 2 = 0900
ffff8e67c26db780 3920431859 S Ci:2:006:0 s c0 bc 0900 001c 0002 2 <
ffff8e67c26db780 3920434355 C Ci:2:006:0 0 2 = 2f6f
ffff8e67c26db780 3920434416 S Ci:2:006:0 s c0 bc 0800 23be 003a 58 <
ffff8e67c26db780 3920437077 C Ci:2:006:0 0 58 = 0000e95c cf42b528 9b0e81f4 67da4dc0 33a6198c ff72e558 cb3eb124 970a7df0
ffff8e67c26db780 3920437227 S Co:2:006:0 s 40 bc 0800 00c0 0006 6 = ab923eb4 ab78
ffff8e67c26db780 3920439809 C Co:2:006:0 0 6 >
ffff8e67c26db780 3920439978 S Co:2:006:0 s 40 b9 0000 0000 0004 4 = 09006606
ffff8e67c26db780 3920442424 C Co:2:006:0 0 4 >
ffff8e67c26db780 3920442594 S Ii:2:006:3 -115:1 3 <
ffff8e67c26db780 3920443842 C Ii:2:006:3 0:1 3 = 100000
ffff8e67c26db780 3920444056 S Ci:2:006:0 s c0 bc 0800 0016 0002 2 <
ffff8e67c26db780 3920446584 C Ci:2:006:0 0 2 = 0900
ffff8e67c26db780 3920446646 S Ci:2:006:0 s c0 bc 0900 001c 0002 2 <
ffff8e67c26db780 3920449368 C Ci:2:006:0 0 2 = 2f6f
ffff8e67c26db780 3920449432 S Ci:2:006:0 s c0 bc 0800 23be 0002 2 <
ffff8e67c26db780 3920452076 C Ci:2:006:0 0 2 = 0000
ffff8e67c26db780 3920452228 S Co:2:006:0 s 40 bc 0900 0014 0002 2 = d09e
ffff8e67c26db780 3920454887 C Co:2:006:0 0 2 >
ffff8e67c26db780 3920454954 S Ci:2:006:0 s c0 bc 0900 001c 0002 2 <
ffff8e67c26db780 3920457580 C Ci:2:006:0 0 2 = 2f6f
ffff8e67c26db780 3920457744 S Co:2:006:0 s 40 b9 0000 0000 0004 4 = 09016638
ffff8e67c26db780 3920460184 C Co:2:006:0 0 4 >
ffff8e67c26db780 3920460377 S Ii:2:006:3 -115:1 3 <
ffff8e67c26db780 3920461599 C Ii:2:006:3 0:1 3 = 100000
ffff8e67c26db780 3920461699 S Ci:2:006:0 s c0 bc 0800 0016 0002 2 <
ffff8e67c26db780 3920464343 C Ci:2:006:0 0 2 = 0900
ffff8e67c26db780 3920464429 S Ci:2:006:0 s c0 bc 0900 001c 0002 2 <
ffff8e67c26db780 3920467116 C Ci:2:006:0 0 2 = 2f6f
ffff8e67c26db780 3920467261 S Ci:2:006:0 s c0 bc 0800 23be 003a 58 <
ffff8e67c26db780 3920469663 C Ci:2:006:0 0 58 = 0000e95c cf42b528 9b0e81f4 67da4dc0 33a6198c ff72e558 cb3eb124 970a7df0
ffff8e67c26db780 3920469839 S Co:2:006:0 s 40 bc 0800 00c0 0006 6 = ab923eb4 e378
ffff8e67c26db780 3920472324 C Co:2:006:0 0 6 >
ffff8e67c26db780 3920472395 S Co:2:006:0 s 40 b9 0000 0000 0004 4 = 09006606
ffff8e67c26db780 3920475017 C Co:2:006:0 0 4 >
ffff8e67c26db780 3920475163 S Ii:2:006:3 -115:1 3 <
ffff8e67c26db780 3920476359 C Ii:2:006:3 0:1 3 = 100000
ffff8e67c26db780 3920476503 S Ci:2:006:0 s c0 bc 0800 0016 0002 2 <
ffff8e67c26db780 3920479133 C Ci:2:006:0 0 2 = 0900
ffff8e67c26db780 3920479282 S Ci:2:006:0 s c0 bc 0900 001c 0002 2 <
ffff8e67c26db780 3920481852 C Ci:2:006:0 0 2 = 2f6f
ffff8e67c26db780 3920481984 S Ci:2:006:0 s c0 bc 0800 23be 0002 2 <
ffff8e67c26db780 3920484628 C Ci:2:006:0 0 2 = 0000
ffff8e67c26db780 3920484762 S Co:2:006:0 s 40 bc 0900 0014 0002 2 = d09e
ffff8e67c26db780 3920487371 C Co:2:006:0 0 2 >
ffff8e67c26db780 3920487501 S Ci:2:006:0 s c0 bc 0900 001c 0002 2 <
ffff8e67c26db780 3920490146 C Ci:2:006:0 0 2 = 2f6f
ffff8e67c26db780 3920490293 S Co:2:006:0 s 40 b9 0000 0000 0004 4 = 09016638
ffff8e67c26db780 3920492879 C Co:2:006:0 0 4 >
ffff8e67c26db780 3920493054 S Ii:2:006:3 -115:1 3 <
ffff8e67c26db780 3920494241 C Ii:2:006:3 0:1 3 = 100000
ffff8e67c26db780 3920494305 S Ci:2:006:0 s c0 bc 0800 0016 0002 2 <
ffff8e67c26db780 3920497045 C Ci:2:006:0 0 2 = 0900
ffff8e67c26db780 3920497129 S Ci:2:006:0 s c0 bc 0900 001c 0002 2 <
ffff8e67c26db780 3920499733 C Ci:2:006:0 0 2 = 2f6f
ffff8e67c26db780 3920499866 S Ci:2:006:0 s c0 bc 0800 23be 003a 58 <
ffff8e67c26db780 3920502498 C Ci:2:006:0 0 58 = 0000e95c cf42b528 9b0e81f4 67da4dc0 33a6198c ff72e558 cb3eb124 970a7df0
ffff8e67c26db780 3920502630 S Co:2:006:0 s 40 bc 0800 00c0 0006 6 = ab923eb4 1b79
ffff8e67c26db780 3920505225 C Co:2:006:0 0 6 >
ffff8e67c26db780 3920505326 S Co:2:006:0 s 40 b9 0000 0000 0004 4 = 09006606
ffff8e67c26db780 3920507996 C Co:2:006:0 0 4 >
ffff8e67c26db780 3920508130 S Ii:2:006:3 -115:1 3 <
ffff8e67c26db780 3920509349 C Ii:2:006:3 0:1 3 = 100000
ffff8e67c26db780 3920509481 S Ci:2:006:0 s c0 bc 0800 0016 0002 2 <
ffff8e67c26db780 3920512102 C Ci:2:006:0 0 2 = 0900
ffff8e67c26db780 3920512239 S Ci:2:006:0 s c0 bc 0900 001c 0002 2 <
ffff8e67c26db780 3920514873 C Ci:2:006:0 0 2 = 2f6f
ffff8e67c26db780 3920515021 S Ci:2:006:0 s c0 bc 0800 23be 0002 2 <
ffff8e67c26db780 3920517604 C Ci:2:006:0 0 2 = 0000
ffff8e67c26db780 3920517736 S Co:2:006:0 s 40 bc 0900 0014 0002 2 = d09e
ffff8e67c26db780 3920520339 C Co:2:006:0 0 2 >
ffff8e67c26db780 3920520474 S Ci:2:006:0 s c0 bc 0900 001c 0002 2 <
ffff8e67c26db780 3920523132 C Ci:2:006:0 0 2 = 2f6f
ffff8e67c26db780 3920523234 S Co:2:006:0 s 40 b9 0000 0000 0004 4 = 09016638
ffff8e67c26db780 3920525847 C Co:2:006:0 0 4 >
ffff8e67c26db780 3920525978 S Ii:2:006:3 -115:1 3 <
ffff8e67c26db780 3920527158 C Ii:2:006:3 0:1 3 = 100000
ffff8e67c26db780 3920527257 S Ci:2:006:0 s c0 bc 0800 0016 0002 2 <
ffff8e67c26db780 3920529951 C Ci:2:006:0 0 2 = 0900
ffff8e67c26db780 3920530095 S Ci:2:006:0 s c0 bc 0900 001c 0002 2 <
ffff8e67c26db780 3920532511 C Ci:2:006:0 0 2 = 2f6f
ffff8e67c26db780 3920532633 S Ci:2:006:0 s c0 bc 0800 23be 003a 58 <
ffff8e67c26db780 3920535240 C Ci:2:006:0 0 58 = 0000e95c cf42b528 9b0e81f4 67da4dc0 33a6198c ff72e558 cb3eb124 970a7df0
ffff8e67c26db780 3920535338 S Co:2:006:0 s 40 bc 0800 00c0 0006 6 = ab923eb4 5379
ffff8e67c26db780 3920537960 C Co:2:006:0 0 6 >
ffff8e67c26db780 3920538111 S Co:2:006:0 s 40 b9 0000 0000 0004 4 = 09006606
ffff8e67c26db780 3920540524 C Co:2:006:0 0 4 >
ffff8e67c26db780 3920540671 S Ii:2:006:3 -115:1 3 <
ffff8e67c26db780 3920541745 C Ii:2:006:3 0:1 3 = 100000
ffff8e67c26db780 3920541887 S Ci:2:006:0 s c0 bc 0800 0016 0002 2 <
ffff8e67c26db780 3920544460 C Ci:2:006:0 0 2 = 0900
ffff8e67c26db780 3920544606 S Ci:2:006:0 s c0 bc 0900 001c 0002 2 <
ffff8e67c26db780 3920547035 C Ci:2:006:0 0 2 = 2f6f
ffff8e67c26db780 3920547178 S Ci:2:006:0 s c0 bc 0800 23be 0002 2 <
ffff8e67c26db780 3920549737 C Ci:2:006:0 0 2 = 0000
ffff8e67c26db780 3920549851 S Co:2:006:0 s 40 bc 0900 0014 0002 2 = d09e
ffff8e67c26db780 3920552309 C Co:2:006:0 0 2 >
ffff8e67c26db780 3920552456 S Ci:2:006:0 s c0 bc 0900 001c 0002 2 <
ffff8e67c26db780 3920554962 C Ci:2:006:0 0 2 = 2f6f
ffff8e67c26db780 3920555129 S Co:2:006:0 s 40 b9 0000 0000 0004 4 = 09016638
ffff8e67c26db780 3920557653 C Co:2:006:0 0 4 >
ffff8e67c26db780 3920557788 S Ii:2:006:3 -115:1 3 <
ffff8e67c26db780 3920558910 C Ii:2:006:3 0:1 3 = 100000
ffff8e67c26db780 3920559051 S Ci:2:006:0 s c0 bc 0800 0016 0002 2 <
ffff8e67c26db780 3920561558 C Ci:2:006:0 0 2 = 0900
ffff8e67c26db780 3920561689 S Ci:2:006:0 s c0 bc 0900 001c 0002 2 <
ffff8e67c26db780 3920564321 C Ci:2:006:0 0 2 = 2f6f
ffff8e67c26db780 3920564452 S Ci:2:006:0 s c0 bc 0800 23be 003a 58 <
ffff8e67c26db780 3920566938 C Ci:2:006:0 0 58 = 0000e95c cf42b528 9b0e81f4 67da4dc0 33a6198c ff72e558 cb3eb124 970a7df0
ffff8e67c26db780 3920567101 S Co:2:006:0 s 40 bc 0800 00c0 0006 6 = ab923eb4 8b79
ffff8e67c26db780 3920569655 C Co:2:006:0 0 6 >
ffff8e67c26db780 3920569799 S Co:2:006:0 s 40 b9 0000 0000 0004 4 = 09006606
ffff8e67c26db780 3920572315 C Co:2:006:0 0 4 >
ffff8e67c26db780 3920572445 S Ii:2:006:3 -115:1 3 <
ffff8e67c26db780 3920573660 C Ii:2:006:3 0:1 3 = 100000
ffff8e67c26db780 3920573753 S Ci:2:006:0 s c0 bc 0800 0016 0002 2 <
ffff8e67c26db780 3920576364 C Ci:2:006:0 0 2 = 0900
ffff8e67c26db780 3920576421 S Ci:2:006:0 s c0 bc 0900 001c 0002 2 <
ffff8e67c26db780 3920579108 C Ci:2:006:0 0 2 = 2f6f
ffff8e67c26db780 3920579251 S Ci:2:006:0 s c0 bc 0800 23be 0002 2 <
ffff8e67c26db780 3920581866 C Ci:2:006:0 0 2 = 0000
ffff8e67c26db780 3920582004 S Co:2:006:0 s 40 bc 0900 0014 0002 2 = d09e
ffff8e67c26db780 3920584584 C Co:2:006:0 0 2 >
ffff8e67c26db780 3920584719 S Ci:2:006:0 s c0 bc 0900 001c 0002 2 <
ffff8e67c26db780 3920587350 C Ci:2:006:0 0 2 = 2f6f
ffff8e67c26db780 3920587485 S Co:2:006:0 s 40 b9 0000 0000 0004 4 = 09016638
ffff8e67c26db780 3920590089 C Co:2:006:0 0 4 >
ffff8e67c26db780 3920590213 S Ii:2:006:3 -115:1 3 <
ffff8e67c26db780 3920591425 C Ii:2:006:3 0:1 3 = 100000
ffff8e67c26db780 3920591553 S Ci:2:006:0 s c0 bc 0800 0016 0002 2 <
ffff8e67c26db780 3920594243 C Ci:2:006:0 0 2 = 0900
ffff8e67c26db780 3920594386 S Ci:2:006:0 s c0 bc 0900 001c 0002 2 <
ffff8e67c26db780 3920597050 C Ci:2:006:0 0 2 = 2f6f
ffff8e67c26db780 3920597211 S Ci:2:006:0 s c0 bc 0800 23be 003a 58 <
ffff8e67c26db780 3920599694 C Ci:2:006:0 0 58 = 0000e95c cf42b528 9b0e81f4 67da4dc0 33a6198c ff72e558 cb3eb124 970a7df0
ffff8e67c26db780 3920599787 S Co:2:006:0 s 40 bc 0800 00c0 0006 6 = ab923eb4 c379
ffff8e67c26db780 3920602469 C Co:2:006:0 0 6 >
ffff8e67c26db780 3920602534 S Co:2:006:0 s 40 b9 0000 0000 0004 4 = 09006606
ffff8e67c26db780 3920605231 C Co:2:006:0 0 4 >
ffff8e67c26db780 3920605379 S Ii:2:006:3 -115:1 3 <
ffff8e67c26db780 3920606604 C Ii:2:006:3 0:1 3 = 100000
ffff8e67c26db780 3920606741 S Ci:2:006:0 s c0 bc 0800 0016 0002 2 <
ffff8e67c26db780 3920609418 C Ci:2:006:0 0 2 = 0900
ffff8e67c26db780 3920609568 S Ci:2:006:0 s c0 bc 0900 001c 0002 2 <
ffff8e67c26db780 3920612133 C Ci:2:006:0 0 2 = 2f6f
ffff8e67c26db780 3920612282 S Ci:2:006:0 s c0 bc 0800 23be 0002 2 <
ffff8e67c26db780 3920614868 C Ci:2:006:0 0 2 = 0000
ffff8e67c26db780 3920615015 S Co:2:006:0 s 40 bc 0900 0014 0002 2 = d09e
ffff8e67c26db780 3920617578 C Co:2:006:0 0 2 >
ffff8e67c26db780 3920617682 S Ci:2:006:0 s c0 bc 0900 001c 0002 2 <
ffff8e67c26db780 3920620371 C Ci:2:006:0 0 2 = 2f6f
ffff8e67c26db780 3920620516 S Co:2:006:0 s 40 b9 0000 0000 0004 4 = 09016638
ffff8e67c26db780 3920623141 C Co:2:006:0 0 4 >
ffff8e67c26db780 3920623283 S Ii:2:006:3 -115:1 3 <
ffff8e67c26db780 3920624439 C Ii:2:006:3 0:1 3 = 100000
ffff8e67c26db780 3920624546 S Ci:2:006:0 s c0 bc 0800 0016 0002 2 <
ffff8e67c26db780 3920627200 C Ci:2:006:0 0 2 = 0900
ffff8e67c26db780 3920627242 S Ci:2:006:0 s c0 bc 0900 001c 0002 2 <
ffff8e67c26db780 3920629880 C Ci:2:006:0 0 2 = 2f6f
ffff8e67c26db780 3920630074 S Ci:2:006:0 s c0 bc 0800 23be 003a 58 <
ffff8e67c26db780 3920632621 C Ci:2:006:0 0 58 = 0000e95c cf42b528 9b0e81f4 67da4dc0 33a6198c ff72e558 cb3eb124 970a7df0
ffff8e67c26db780 3920632768 S Co:2:006:0 s 40 bc 0800 00c0 0006 6 = ab923eb4 fb79
ffff8e67c26db780 3920635362 C Co:2:006:0 0 6 >
ffff8e67c26db780 3920635506 S Co:2:006:0 s 40 b9 0000 0000 0004 4 = 09006606
ffff8e67c26db780 3920638134 C Co:2:006:0 0 4 >
ffff8e67c26db780 3920638284 S Ii:2:006:3 -115:1 3 <
ffff8e67c26db780 3920639411 C Ii:2:006:3 0:1 3 = 100000
ffff8e67c26db780 3920639553 S Ci:2:006:0 s c0 bc 0800 0016 0002 2 <
ffff8e67c26db780 3920642131 C Ci:2:006:0 0 2 = 0900
ffff8e67c26db780 3920642274 S Ci:2:006:0 s c0 bc 0900 001c 0002 2 <
ffff8e67c26db780 3920644868 C Ci:2:006:0 0 2 = 2f6f
ffff8e67c26db780 3920645067 S Ci:2:006:0 s c0 bc 0800 23be 0002 2 <
ffff8e67c26db780 3920647620 C Ci:2:006:0 0 2 = 0000
ffff8e67c26db780 3920647787 S Co:2:006:0 s 40 bc 0900 0014 0002 2 = d09e
ffff8e67c26db780 3920650356 C Co:2:006:0 0 2 >
ffff8e67c26db780 3920650498 S Ci:2:006:0 s c0 bc 0900 001c 0002 2 <
ffff8e67c26db780 3920653141 C Ci:2:006:0 0 2 = 2f6f
ffff8e67c26db780 3920653179 S Co:2:006:0 s 40 b9 0000 0000 0004 4 = 09016638
ffff8e67c26db780 3920655845 C Co:2:006:0 0 4 >
ffff8e67c26db780 3920655942 S Ii:2:006:3 -115:1 3 <
ffff8e67c26db780 3920657170 C Ii:2:006:3 0:1 3 = 100000
ffff8e67c26db780 3920657265 S Ci:2:006:0 s c0 bc 0800 0016 0002 2 <
ffff8e67c26db780 3920660001 C Ci:2:006:0 0 2 = 0900
ffff8e67c26db780 3920660092 S Ci:2:006:0 s c0 bc 0900 001c 0002 2 <
ffff8e67c26db780 3920662733 C Ci:2:006:0 0 2 = 2f6f
ffff8e67c26db780 3920662830 S Ci:2:006:0 s c0 bc 0800 23be 003a 58 <
ffff8e67c26db780 3920665486 C Ci:2:006:0 0 58 = 0000e95c cf42b528 9b0e0000 00000000 00000000 00000000 00000000 00000000
ffff8e67c26db780 3920665583 S Co:2:006:0 s 40 bc 0800 00c0 0006 6 = aba23eb4 fb79
ffff8e67c26db780 3920668215 C Co:2:006:0 0 6 >
ffff8e67c26db780 3920668295 S Co:2:006:0 s 40 b9 0000 0000 0004 4 = 09006606
ffff8e67c26db780 3920670937 C Co:2:006:0 0 4 >
ffff8e67c26db780 3920671009 S Ii:2:006:3 -115:1 3 <
ffff8e67c26db780 3920672241 C Ii:2:006:3 0:1 3 = 100000
ffff8e67c26db780 3920672322 S Ci:2:006:0 s c0 bc 0800 0016 0002 2 <
ffff8e67c26db780 3920674953 C Ci:2:006:0 0 2 = 0900
ffff8e67c26db780 3920675060 S Ci:2:006:0 s c0 bc 0900 001c 0002 2 <
ffff8e67c26db780 3920677691 C Ci:2:006:0 0 2 = 2f6f
ffff8e67c26db780 3920677766 S Ci:2:006:0 s c0 bc 0800 23be 0002 2 <
ffff8e67c26db780 3920680494 C Ci:2:006:0 0 2 = 0000
ffff8e67c26db780 3920680573 S Co:2:006:0 s 40 bc 0900 0014 0002 2 = d09e
ffff8e67c26db780 3920683122 C Co:2:006:0 0 2 >
ffff8e67c26db780 3920683177 S Ci:2:006:0 s c0 bc 0900 001c 0002 2 <
ffff8e67c26db780 3920685770 C Ci:2:006:0 0 2 = 2f6f
ffff8e67c26db780 3920685825 S Co:2:006:0 s 40 b9 0000 0000 0004 4 = 09016608
ffff8e67c26db780 3920688521 C Co:2:006:0 0 4 >
ffff8e67c26db780 3920688573 S Ii:2:006:3 -115:1 3 <
ffff8e67c26db780 3920689886 C Ii:2:006:3 0:1 3 = 100000
ffff8e67c26db780 3920689941 S Ci:2:006:0 s c0 bc 0800 0016 0002 2 <
ffff8e67c26db780 3920692526 C Ci:2:006:0 0 2 = 0900
ffff8e67c26db780 3920692581 S Ci:2:006:0 s c0 bc 0900 001c 0002 2 <
ffff8e67c26db780 3920695153 C Ci:2:006:0 0 2 = 2f6f
ffff8e67c26db780 3920695214 S Ci:2:006:0 s c0 bc 0800 23be 000a 10 <
ffff8e67c26db780 3920697775 C Ci:2:006:0 0 10 = 0000e95c cf42b528 9b0e
ffff8e67c26db780 3920697831 S Co:2:006:0 s 40 bc 0800 00c0 0004 4 = aa8d3500
ffff8e67c26db780 3920700392 C Co:2:006:0 0 4 >
ffff8e67c26db780 3920700447 S Co:2:006:0 s 40 b9 0000 0000 0004 4 = 09006603
ffff8e67c26db780 3920703054 C Co:2:006:0 0 4 >
ffff8e67c26db780 3920703101 S Ii:2:006:3 -115:1 3 <
ffff8e67c26db780 3920704356 C Ii:2:006:3 0:1 3 = 100000
ffff8e67c26db780 3920704409 S Ci:2:006:0 s c0 bc 0800 0016 0002 2 <
ffff8e67c26db780 3920707023 C Ci:2:006:0 0 2 = 0900
ffff8e67c26db780 3920707085 S Ci:2:006:0 s c0 bc 0900 001c 0002 2 <
ffff8e67c26db780 3920709646 C Ci:2:006:0 0 2 = 2f6f
ffff8e67c26db780 3920709701 S Ci:2:006:0 s c0 bc 0800 23be 0002 2 <
ffff8e67c26db780 3920712290 C Ci:2:006:0 0 2 = 0000
ffff8e67c26db780 3920712345 S Co:2:006:0 s 40 bc 0900 0014 0002 2 = d09e
ffff8e67c26db780 3920714893 C Co:2:006:0 0 2 >
ffff8e67c26db780 3920714950 S Ci:2:006:0 s c0 bc 0900 001c 0002 2 <
ffff8e67c26db780 3920717521 C Ci:2:006:0 0 2 = 2f6f
ffff8e67c26db780 3920717578 S Co:2:006:0 s 40 bc 0800 00c0 0006 6 = aba90fa4 5b00
ffff8e67c26db780 3920720120 C Co:2:006:0 0 6 >
ffff8e67c26db780 3920720174 S Co:2:006:0 s 40 b9 0000 0000 0004 4 = 09006605
ffff8e67c26db780 3920722772 C Co:2:006:0 0 4 >
ffff8e67c26db780 3920722827 S Ii:2:006:3 -115:1 3 <
ffff8e67c26db780 3920724123 C Ii:2:006:3 0:1 3 = 100000
ffff8e67c26db780 3920724177 S Ci:2:006:0 s c0 bc 0800 0016 0002 2 <
ffff8e67c26db780 3920726765 C Ci:2:006:0 0 2 = 0900
ffff8e67c26db780 3920726821 S Ci:2:006:0 s c0 bc 0900 001c 0002 2 <
ffff8e67c26db780 3920729389 C Ci:2:006:0 0 2 = 2f6f
ffff8e67c26db780 3920729444 S Ci:2:006:0 s c0 bc 0800 23be 0002 2 <
ffff8e67c26db780 3920732033 C Ci:2:006:0 0 2 = 0000
ffff8e67c26db780 3920732090 S Co:2:006:0 s 40 bc 0900 0014 0002 2 = d09e
ffff8e67c26db780 3920734640 C Co:2:006:0 0 2 >
ffff8e67c26db780 3920734695 S Ci:2:006:0 s c0 bc 0900 001c 0002 2 <
ffff8e67c26db780 3920737308 C Ci:2:006:0 0 2 = 2f6f
ffff8e67c26db780 3920737364 S Co:2:006:0 s 40 b9 0000 0000 0004 4 = 09016603
ffff8e67c26db780 3920739892 C Co:2:006:0 0 4 >
ffff8e67c26db780 3920739947 S Ii:2:006:3 -115:1 3 <
ffff8e67c26db780 3920741272 C Ii:2:006:3 0:1 3 = 100000
ffff8e67c26db780 3920741324 S Ci:2:006:0 s c0 bc 0800 0016 0002 2 <
ffff8e67c26db780 3920743896 C Ci:2:006:0 0 2 = 0900
ffff8e67c26db780 3920743952 S Ci:2:006:0 s c0 bc 0900 001c 0002 2 <
ffff8e67c26db780 3920746579 C Ci:2:006:0 0 2 = 2f6f
ffff8e67c26db780 3920746667 S Ci:2:006:0 s c0 bc 0800 23be 0006 6 <
ffff8e67c26db780 3920749253 C Ci:2:006:0 0 6 = 000078e0 4542
ffff8e67c26db780 3920749308 S Co:2:006:0 s 40 bc 0900 0014 0002 2 = d09e
ffff8e67c26db780 3920751902 C Co:2:006:0 0 2 >
ffff8e67c26db780 3920751956 S Co:2:006:0 s 40 bc 0900 0018 0002 2 = 000e
ffff8e67c26db780 3920754629 C Co:2:006:0 0 2 >
ffff8e67c26db780 3920754685 S Ci:2:006:0 s c0 bc 0900 0014 0002 2 <
ffff8e67c26db780 3920757295 C Ci:2:006:0 0 2 = d09e
ffff8e67c26db780 3920757349 S Ci:2:006:0 s c0 bc 0900 0018 0002 2 <
ffff8e67c26db780 3920759894 C Ci:2:006:0 0 2 = 000e
ffff8e67c26db780 3920759951 S Co:2:006:0 s 40 bc 0001 1574 0008 8 = 00000000 80000000
ffff8e67c26db780 3920762516 C Co:2:006:0 0 8 >
ffff8e67c26db780 3920762574 S Co:2:006:0 s 40 bc 0001 1574 0008 8 = 00030000 001f0000
ffff8e67c26db780 3920765118 C Co:2:006:0 0 8 >
ffff8e67c26db780 3920765173 S Co:2:006:0 s 40 bc 0001 1104 0008 8 = aa500000 ffff0000
ffff8e67c26db780 3920767772 C Co:2:006:0 0 8 >
ffff8e67c26db780 3920767828 S Co:2:006:0 s 40 bc 0001 1104 0008 8 = 00000000 0000ffff
ffff8e67c26db780 3920770390 C Co:2:006:0 0 8 >
ffff8e67c26db780 3920770447 S Co:2:006:0 s 40 bc 0001 1510 0008 8 = 00200000 00200000
ffff8e67c26db780 3920773076 C Co:2:006:0 0 8 >
ffff8e67c26db780 3920773130 S Co:2:006:0 s 40 bc 0001 1518 0008 8 = 00030000 00ff0000
ffff8e67c26db780 3920775714 C Co:2:006:0 0 8 >
ffff8e67c26db780 3920775769 S Co:2:006:0 s 40 bc 0001 1518 0008 8 = 0e000000 ff000000
ffff8e67c26db780 3920778357 C Co:2:006:0 0 8 >
ffff8e67c26db780 3920778410 S Co:2:006:0 s 40 bc 0001 1510 0008 8 = 00000000 00080000
ffff8e67c26db780 3920780972 C Co:2:006:0 0 8 >
ffff8e67c26db780 3920781050 S Co:2:006:0 s 40 bc 0001 1514 0008 8 = 00000000 07000000
ffff8e67c26db780 3920783612 C Co:2:006:0 0 8 >
ffff8e67c26db780 3920783666 S Co:2:006:0 s 40 bc 0001 1510 0008 8 = 00000000 00030000
ffff8e67c26db780 3920786233 C Co:2:006:0 0 8 >
ffff8e67c26db780 3920786289 S Co:2:006:0 s 40 bc 0001 1530 0008 8 = 00009c40 0000ffff
ffff8e67c26db780 3920788786 C Co:2:006:0 0 8 >
ffff8e67c26db780 3920788843 S Co:2:006:0 s 40 bc 0001 1534 0008 8 = 8ca00000 ffff0000
ffff8e67c26db780 3920791473 C Co:2:006:0 0 8 >
ffff8e67c26db780 3920791530 S Co:2:006:0 s 40 bc 0001 1534 0008 8 = 00004e20 0000ffff
ffff8e67c26db780 3920794099 C Co:2:006:0 0 8 >
ffff8e67c26db780 3920794154 S Co:2:006:0 s 40 bc 0001 1538 0008 8 = 36b00000 ffff0000
ffff8e67c26db780 3920796717 C Co:2:006:0 0 8 >
ffff8e67c26db780 3920796771 S Co:2:006:0 s 40 bc 0001 152c 0008 8 = 07800000 ffff0000
ffff8e67c26db780 3920799347 C Co:2:006:0 0 8 >
ffff8e67c26db780 3920799400 S Co:2:006:0 s 40 bc 0001 152c 0008 8 = 00000438 0000ffff
ffff8e67c26db780 3920801951 C Co:2:006:0 0 8 >
ffff8e67c26db780 3920802052 S Co:2:006:0 s 40 bc 0001 1000 0008 8 = 00000000 00000002
ffff8e67c26db780 3920804596 C Co:2:006:0 0 8 >
ffff8e67c26db780 3920804652 S Co:2:006:0 s 40 bc 0001 1584 0008 8 = 00000000 ffff0000
ffff8e67c26db780 3920807221 C Co:2:006:0 0 8 >
ffff8e67c26db780 3920807277 S Co:2:006:0 s 40 bc 0001 1584 0008 8 = 00000000 0000ffff
ffff8e67c26db780 3920809841 C Co:2:006:0 0 8 >
ffff8e67c26db780 3920809899 S Co:2:006:0 s 40 bc 0001 1588 0008 8 = 00000000 ffff0000
ffff8e67c26db780 3920812469 C Co:2:006:0 0 8 >
ffff8e67c26db780 3920812527 S Co:2:006:0 s 40 bc 0001 1518 0008 8 = 00000000 0000ffff
ffff8e67c26db780 3920815098 C Co:2:006:0 0 8 >
ffff8e67c26db780 3920815153 S Co:2:006:0 s 40 bc 0001 151c 0008 8 = 00000000 ffff0000
ffff8e67c26db780 3920817718 C Co:2:006:0 0 8 >
ffff8e67c26db780 3920817771 S Co:2:006:0 s 40 bc 0001 1524 0008 8 = 0000002a 000000ff
ffff8e67c26db780 3920820351 C Co:2:006:0 0 8 >
ffff8e67c26db780 3920820405 S Co:2:006:0 s 40 bc 0001 1524 0008 8 = 00000100 0000ff00
ffff8e67c26db780 3920822962 C Co:2:006:0 0 8 >
ffff8e67c26db780 3920823038 S Co:2:006:0 s 40 bc 0001 1a00 0008 8 = 00000000 00000003
ffff8e67c26db780 3920825591 C Co:2:006:0 0 8 >
ffff8e67c26db780 3920825646 S Co:2:006:0 s 40 bc 0001 1a14 0008 8 = 00000000 00000001
ffff8e67c26db780 3920828235 C Co:2:006:0 0 8 >
ffff8e67c26db780 3920828279 S Co:2:006:0 s 40 bc 0001 1a14 0008 8 = 00000000 00000006
ffff8e67c26db780 3920830718 C Co:2:006:0 0 8 >
ffff8e67c26db780 3920830774 S Co:2:006:0 s 40 bc 0001 1a14 0008 8 = 00000000 00000008
ffff8e67c26db780 3920833360 C Co:2:006:0 0 8 >
ffff8e67c26db780 3920833415 S Co:2:006:0 s 40 bc 0001 1a14 0008 8 = 00000010 00000010
ffff8e67c26db780 3920835983 C Co:2:006:0 0 8 >
ffff8e67c26db780 3920836055 S Co:2:006:0 s 40 bc 0001 1a14 0008 8 = 00000000 00000060
ffff8e67c26db780 3920838586 C Co:2:006:0 0 8 >
ffff8e67c26db780 3920838642 S Co:2:006:0 s 40 bc 0001 1a04 0008 8 = 01400000 ffff0000
ffff8e67c26db780 3920841222 C Co:2:006:0 0 8 >
ffff8e67c26db780 3920841276 S Co:2:006:0 s 40 bc 0001 1580 0008 8 = 10000000 10000000
ffff8e67c26db780 3920843845 C Co:2:006:0 0 8 >
ffff8e67c26db780 3920843899 S Co:2:006:0 s 40 bc 0001 1580 0008 8 = 00060000 00ff0000
ffff8e67c26db780 3920846471 C Co:2:006:0 0 8 >
ffff8e67c26db780 3920846528 S Co:2:006:0 s 40 bc 0001 1580 0008 8 = 00000100 0000ff00
ffff8e67c26db780 3920849097 C Co:2:006:0 0 8 >
ffff8e67c26db780 3920849155 S Co:2:006:0 s 40 bc 0001 1580 0008 8 = 00000006 000000ff
ffff8e67c26db780 3920851714 C Co:2:006:0 0 8 >
ffff8e67c26db780 3920851769 S Co:2:006:0 s 40 bc 0001 157c 0008 8 = 00000000 00000001
ffff8e67c26db780 3920854441 C Co:2:006:0 0 8 >
ffff8e67c26db780 3920854559 S Co:2:006:0 s 40 bc 0001 157c 0008 8 = 00001000 00001000
ffff8e67c26db780 3920857186 C Co:2:006:0 0 8 >
ffff8e67c26db780 3920857330 S Co:2:006:0 s 40 bc 0001 157c 0008 8 = 00000050 00000070
ffff8e67c26db780 3920859824 C Co:2:006:0 0 8 >
ffff8e67c26db780 3920859958 S Co:2:006:0 s 40 bc 0001 1674 0008 8 = 00000000 80000000
ffff8e67c26db780 3920862523 C Co:2:006:0 0 8 >
ffff8e67c26db780 3920862653 S Co:2:006:0 s 40 bc 0001 1674 0008 8 = 00030000 001f0000
ffff8e67c26db780 3920865142 C Co:2:006:0 0 8 >
ffff8e67c26db780 3920865277 S Co:2:006:0 s 40 bc 0001 1244 0008 8 = aa500000 ffff0000
ffff8e67c26db780 3920867777 C Co:2:006:0 0 8 >
ffff8e67c26db780 3920867909 S Co:2:006:0 s 40 bc 0001 1244 0008 8 = 00000000 0000ffff
ffff8e67c26db780 3920870428 C Co:2:006:0 0 8 >
ffff8e67c26db780 3920870559 S Co:2:006:0 s 40 bc 0001 1610 0008 8 = 00200000 00200000
ffff8e67c26db780 3920873151 C Co:2:006:0 0 8 >
ffff8e67c26db780 3920873337 S Co:2:006:0 s 40 bc 0001 1618 0008 8 = 00030000 00ff0000
ffff8e67c26db780 3920875812 C Co:2:006:0 0 8 >
ffff8e67c26db780 3920875944 S Co:2:006:0 s 40 bc 0001 1618 0008 8 = 0e000000 ff000000
ffff8e67c26db780 3920878482 C Co:2:006:0 0 8 >
ffff8e67c26db780 3920878617 S Co:2:006:0 s 40 bc 0001 1610 0008 8 = 00000000 00080000
ffff8e67c26db780 3920881185 C Co:2:006:0 0 8 >
ffff8e67c26db780 3920881295 S Co:2:006:0 s 40 bc 0001 1614 0008 8 = 00000000 07000000
ffff8e67c26db780 3920883831 C Co:2:006:0 0 8 >
ffff8e67c26db780 3920884055 S Co:2:006:0 s 40 bc 0001 1610 0008 8 = 00000000 00030000
ffff8e67c26db780 3920886521 C Co:2:006:0 0 8 >
ffff8e67c26db780 3920886660 S Co:2:006:0 s 40 bc 0001 1630 0008 8 = 00009c40 0000ffff
ffff8e67c26db780 3920889190 C Co:2:006:0 0 8 >
ffff8e67c26db780 3920889285 S Co:2:006:0 s 40 bc 0001 1634 0008 8 = 8ca00000 ffff0000
ffff8e67c26db780 3920891857 C Co:2:006:0 0 8 >
ffff8e67c26db780 3920891993 S Co:2:006:0 s 40 bc 0001 1634 0008 8 = 00004e20 0000ffff
ffff8e67c26db780 3920894519 C Co:2:006:0 0 8 >
ffff8e67c26db780 3920894629 S Co:2:006:0 s 40 bc 0001 1638 0008 8 = 36b00000 ffff0000
ffff8e67c26db780 3920897161 C Co:2:006:0 0 8 >
ffff8e67c26db780 3920897320 S Co:2:006:0 s 40 bc 0001 1638 0008 8 = 00000000 0000ffff
ffff8e67c26db780 3920899816 C Co:2:006:0 0 8 >
ffff8e67c26db780 3920899950 S Co:2:006:0 s 40 bc 0001 162c 0008 8 = 07800000 ffff0000
ffff8e67c26db780 3920902514 C Co:2:006:0 0 8 >
ffff8e67c26db780 3920902648 S Co:2:006:0 s 40 bc 0001 162c 0008 8 = 00000438 0000ffff
ffff8e67c26db780 3920905141 C Co:2:006:0 0 8 >
ffff8e67c26db780 3920905277 S Co:2:006:0 s 40 bc 0001 161c 0008 8 = 00000000 ffff0000
ffff8e67c26db780 3920907838 C Co:2:006:0 0 8 >
ffff8e67c4a976c0 3920907988 S Co:2:006:0 s 40 bc 0001 1624 0008 8 = 0000001f 000000ff
ffff8e67c4a976c0 3920910520 C Co:2:006:0 0 8 >
ffff8e67c4a976c0 3920910599 S Co:2:006:0 s 40 bc 0001 1624 0008 8 = 00000100 0000ff00
ffff8e67c4a976c0 3920913152 C Co:2:006:0 0 8 >
ffff8e67c4a976c0 3920913210 S Co:2:006:0 s 40 bc 0001 1684 0008 8 = 00000000 ffff0000
ffff8e67c4a976c0 3920915804 C Co:2:006:0 0 8 >
ffff8e67c4a976c0 3920915885 S Co:2:006:0 s 40 bc 0001 1684 0008 8 = 00000000 0000ffff
ffff8e67c4a976c0 3920918646 C Co:2:006:0 0 8 >
ffff8e67c4a976c0 3920918725 S Co:2:006:0 s 40 bc 0001 1688 0008 8 = 00010000 ffff0000
ffff8e67c4a976c0 3920921275 C Co:2:006:0 0 8 >
ffff8e67c4a976c0 3920921314 S Co:2:006:0 s 40 bc 0001 1a34 0008 8 = 00000000 00000001
ffff8e67c4a976c0 3920923890 C Co:2:006:0 0 8 >
ffff8e67c4a976c0 3920923967 S Co:2:006:0 s 40 bc 0001 1a34 0008 8 = 00000000 00000006
ffff8e67c4a976c0 3920926545 C Co:2:006:0 0 8 >
ffff8e67c4a976c0 3920926583 S Co:2:006:0 s 40 bc 0001 1a34 0008 8 = 00000000 00000008
ffff8e67c4a976c0 3920929155 C Co:2:006:0 0 8 >
ffff8e67c4a976c0 3920929252 S Co:2:006:0 s 40 bc 0001 1a34 0008 8 = 00000010 00000010
ffff8e67c4a976c0 3920931768 C Co:2:006:0 0 8 >
ffff8e67c4a976c0 3920931821 S Co:2:006:0 s 40 bc 0001 1a34 0008 8 = 00000000 00000060
ffff8e67c4a976c0 3920934622 C Co:2:006:0 0 8 >
ffff8e67c4a976c0 3920934703 S Co:2:006:0 s 40 bc 0001 1a24 0008 8 = 01400000 ffff0000
ffff8e67c4a976c0 3920937404 C Co:2:006:0 0 8 >
ffff8e67c4a976c0 3920937473 S Co:2:006:0 s 40 bc 0001 1680 0008 8 = 10000000 10000000
ffff8e67c4a976c0 3920940115 C Co:2:006:0 0 8 >
ffff8e67c4a976c0 3920940205 S Co:2:006:0 s 40 bc 0001 1680 0008 8 = 00060000 00ff0000
ffff8e67c4a976c0 3920942886 C Co:2:006:0 0 8 >
ffff8e67c4a976c0 3920942969 S Co:2:006:0 s 40 bc 0001 1680 0008 8 = 00000100 0000ff00
ffff8e67c4a976c0 3920945611 C Co:2:006:0 0 8 >
ffff8e67c4a976c0 3920945651 S Co:2:006:0 s 40 bc 0001 1680 0008 8 = 00000006 000000ff
ffff8e67c4a976c0 3920948412 C Co:2:006:0 0 8 >
ffff8e67c4a976c0 3920948493 S Co:2:006:0 s 40 bc 0001 167c 0008 8 = 00000000 00000001
ffff8e67c4a976c0 3920951069 C Co:2:006:0 0 8 >
ffff8e67c4a976c0 3920951138 S Co:2:006:0 s 40 bc 0001 167c 0008 8 = 00001000 00001000
ffff8e67c4a976c0 3920953890 C Co:2:006:0 0 8 >
ffff8e67c4a976c0 3920953973 S Co:2:006:0 s 40 bc 0001 167c 0008 8 = 00000050 00000070
ffff8e67c4a976c0 3920956607 C Co:2:006:0 0 8 >
ffff8e67c4a976c0 3920956690 S Co:2:006:0 s 40 bc 0001 1008 0008 8 = 00000010 000000f0
ffff8e67c4a976c0 3920959386 C Co:2:006:0 0 8 >
ffff8e67c4a976c0 3920959432 S Co:2:006:0 s 40 bc 0001 100c 0008 8 = 30000000 f0000000
ffff8e67c4a976c0 3920962105 C Co:2:006:0 0 8 >
ffff8e67c4a976c0 3920962150 S Co:2:006:0 s 40 bc 0001 1008 0008 8 = 00000000 0000000f
ffff8e67c4a976c0 3920964925 C Co:2:006:0 0 8 >
ffff8e67c4a976c0 3920964966 S Co:2:006:0 s 40 bc 0001 100c 0008 8 = 00200000 00f00000
ffff8e67c4a976c0 3920967613 C Co:2:006:0 0 8 >
ffff8e67c4a976c0 3920967656 S Co:2:006:0 s 40 bc 0001 1008 0008 8 = 00000000 00000f00
ffff8e67c4a976c0 3920970372 C Co:2:006:0 0 8 >
ffff8e67c4a976c0 3920970415 S Co:2:006:0 s 40 bc 0001 100c 0008 8 = 00000000 000f0000
ffff8e67c4a976c0 3920973187 C Co:2:006:0 0 8 >
ffff8e67c4a976c0 3920973227 S Co:2:006:0 s 40 bc 0001 100c 0008 8 = 00000000 0f000000
ffff8e67c4a976c0 3920975885 C Co:2:006:0 0 8 >
ffff8e67c4a976c0 3920975929 S Co:2:006:0 s 40 bc 0001 1504 0008 8 = 00000000 07000000
ffff8e67c4a976c0 3920978575 C Co:2:006:0 0 8 >
ffff8e67c4a976c0 3920978617 S Co:2:006:0 s 40 bc 0001 1500 0008 8 = 00000020 000000ff
ffff8e67c4a976c0 3920981367 C Co:2:006:0 0 8 >
ffff8e67c4a976c0 3920981409 S Co:2:006:0 s 40 bc 0001 1510 0008 8 = 00000200 00007f00
ffff8e67c4a976c0 3920984133 C Co:2:006:0 0 8 >
ffff8e67c4a976c0 3920984187 S Co:2:006:0 s 40 bc 0001 1000 0008 8 = 00000010 00000010
ffff8e67c4a976c0 3920986881 C Co:2:006:0 0 8 >
ffff8e67c4a976c0 3920986925 S Co:2:006:0 s 40 bc 0001 1000 0008 8 = 00000010 00000010
ffff8e67c4a976c0 3920989611 C Co:2:006:0 0 8 >
ffff8e67c4a976c0 3920989653 S Co:2:006:0 s 40 bc 0001 1a00 0008 8 = 00000000 00000003
ffff8e67c4a976c0 3920992344 C Co:2:006:0 0 8 >
ffff8e67c4a976c0 3920992388 S Co:2:006:0 s 40 bc 0001 1a08 0008 8 = 00000000 00010000
ffff8e67c4a976c0 3920995107 C Co:2:006:0 0 8 >
ffff8e67c4a976c0 3920995151 S Co:2:006:0 s 40 bc 0001 1a08 0008 8 = 00000000 00020000
ffff8e67c4a976c0 3920997894 C Co:2:006:0 0 8 >
ffff8e67c4a976c0 3920997936 S Co:2:006:0 s 40 bc 0001 1a08 0008 8 = 00000000 00040000
ffff8e67c4a976c0 3921000621 C Co:2:006:0 0 8 >
ffff8e67c4a976c0 3921000665 S Co:2:006:0 s 40 bc 0001 1a08 0008 8 = 00080000 00080000
ffff8e67c4a976c0 3921003375 C Co:2:006:0 0 8 >
ffff8e67c4a976c0 3921003418 S Co:2:006:0 s 40 bc 0001 1a08 0008 8 = 00200000 00300000
ffff8e67c4a976c0 3921006116 C Co:2:006:0 0 8 >
ffff8e67c4a976c0 3921006178 S Co:2:006:0 s 40 bc 0001 1a08 0008 8 = 00400000 00400000
ffff8e67c4a976c0 3921008885 C Co:2:006:0 0 8 >
ffff8e67c4a976c0 3921008928 S Co:2:006:0 s 40 bc 0001 1a08 0008 8 = 00800000 00800000
ffff8e67c4a976c0 3921011616 C Co:2:006:0 0 8 >
ffff8e67c4a976c0 3921011657 S Co:2:006:0 s 40 bc 0001 1a08 0008 8 = 00000000 07000000
ffff8e67c4a976c0 3921014366 C Co:2:006:0 0 8 >
ffff8e67c4a976c0 3921014408 S Co:2:006:0 s 40 bc 0001 1a08 0008 8 = 00000000 18000000
ffff8e67c4a976c0 3921017114 C Co:2:006:0 0 8 >
ffff8e67c4a976c0 3921017174 S Co:2:006:0 s 40 bc 0001 1a08 0008 8 = 00000000 20000000
ffff8e67c4a976c0 3921019853 C Co:2:006:0 0 8 >
ffff8e67c4a976c0 3921019929 S Co:2:006:0 s 40 bc 0001 1a08 0008 8 = 00000000 40000000
ffff8e67c4a976c0 3921022618 C Co:2:006:0 0 8 >
ffff8e67c4a976c0 3921022659 S Co:2:006:0 s 40 bc 0001 1a08 0008 8 = 00000000 80000000
ffff8e67c4a976c0 3921025388 C Co:2:006:0 0 8 >
ffff8e67c4a976c0 3921025431 S Co:2:006:0 s 40 bc 0001 1a0c 0008 8 = 00000000 ffff0000
ffff8e67c4a976c0 3921028099 C Co:2:006:0 0 8 >
ffff8e67c4a976c0 3921028142 S Co:2:006:0 s 40 bc 0001 1588 0008 8 = 00000000 00001000
ffff8e67c4a976c0 3921030885 C Co:2:006:0 0 8 >
ffff8e67c4a976c0 3921030927 S Co:2:006:0 s 40 bc 0001 1688 0008 8 = 00000000 00001000
ffff8e67c4a976c0 3921033579 C Co:2:006:0 0 8 >
ffff8e67c4a976c0 3921033620 S Co:2:006:0 s 40 bc 0001 1570 0008 8 = 00010000 00010000
ffff8e67c4a976c0 3921036345 C Co:2:006:0 0 8 >
ffff8e67c4a976c0 3921036384 S Co:2:006:0 s 40 bc 0001 1670 0008 8 = 00010000 00010000
ffff8e67c4a976c0 3921039106 C Co:2:006:0 0 8 >
ffff8e67c4a976c0 3921039166 S Co:2:006:0 s 40 bc 0001 1a08 0008 8 = 00080000 00080000
ffff8e67c4a976c0 3921041871 C Co:2:006:0 0 8 >
ffff8e67c4a976c0 3921041916 S Co:2:006:0 s 40 b8 0000 0000 0004 4 = 04a00000
ffff8e67c4a976c0 3921044598 C Co:2:006:0 0 4 >
ffff8e67c4a976c0 3921044660 S Co:2:006:0 s 40 bc 0800 00c0 0002 2 = 0686
ffff8e67c4a976c0 3921047402 C Co:2:006:0 0 2 >
ffff8e67c4a976c0 3921047444 S Co:2:006:0 s 40 b9 0000 0000 0004 4 = 09008802
ffff8e67c4a976c0 3921050087 C Co:2:006:0 0 4 >
ffff8e67c4a976c0 3921050125 S Ii:2:006:3 -115:1 3 <
ffff8e67c4a976c0 3921051444 C Ii:2:006:3 0:1 3 = 100000
ffff8e67c4a976c0 3921051490 S Ci:2:006:0 s c0 bc 0800 0016 0002 2 <
ffff8e67c4a976c0 3921054197 C Ci:2:006:0 0 2 = 0900
ffff8e67c4a976c0 3921054243 S Ci:2:006:0 s c0 bc 0900 001c 0002 2 <
ffff8e67c4a976c0 3921056948 C Ci:2:006:0 0 2 = 2f6f
ffff8e67c4a976c0 3921057004 S Ci:2:006:0 s c0 bc 0800 23be 0002 2 <
ffff8e67c4a976c0 3921059778 C Ci:2:006:0 0 2 = 0000
ffff8e67c4a976c0 3921059820 S Co:2:006:0 s 40 bc 0900 0014 0002 2 = d09e
ffff8e67c4a976c0 3921062518 C Co:2:006:0 0 2 >
ffff8e67c4a976c0 3921062561 S Ci:2:006:0 s c0 bc 0900 001c 0002 2 <
ffff8e67c4a976c0 3921065313 C Ci:2:006:0 0 2 = 2f6f
ffff8e67c4a976c0 3921065357 S Co:2:006:0 s 40 bc 0900 0014 0002 2 = d19e
ffff8e67c4a976c0 3921067969 C Co:2:006:0 0 2 >
ffff8e67c4a976c0 3921068001 S Co:2:006:0 s 40 bc 0900 0018 0002 2 = 000e
ffff8e67c4a976c0 3921070783 C Co:2:006:0 0 2 >
ffff8e67c4a976c0 3921070824 S Ci:2:006:0 s c0 bc 0900 0014 0002 2 <
ffff8e67c4a976c0 3921073514 C Ci:2:006:0 0 2 = d19e
ffff8e67c4a976c0 3921073557 S Ci:2:006:0 s c0 bc 0900 0018 0002 2 <
ffff8e67c4a976c0 3921076299 C Ci:2:006:0 0 2 = 000e
ffff8e67c4a976c0 3921076339 S Co:2:006:0 s 40 bc 0900 0014 0002 2 = d19e
ffff8e67c4a976c0 3921078947 C Co:2:006:0 0 2 >
ffff8e67c4a976c0 3921078990 S Co:2:006:0 s 40 bc 0900 0018 0002 2 = 000e
ffff8e67c4a976c0 3921081602 C Co:2:006:0 0 2 >
ffff8e67c4a976c0 3921081645 S Ci:2:006:0 s c0 bc 0900 0014 0002 2 <
ffff8e67c4a976c0 3921084368 C Ci:2:006:0 0 2 = d19e
ffff8e67c4a976c0 3921084409 S Ci:2:006:0 s c0 bc 0900 0018 0002 2 <
ffff8e67c4a976c0 3921087187 C Ci:2:006:0 0 2 = 000e
ffff8e67c4a976c0 3921087227 S Co:2:006:0 s 40 bc 0900 0014 0002 2 = d39e
ffff8e67c4a976c0 3921089853 C Co:2:006:0 0 2 >
ffff8e67c4a976c0 3921089929 S Co:2:006:0 s 40 bc 0900 0018 0002 2 = 020e
ffff8e67c4a976c0 3921092586 C Co:2:006:0 0 2 >
ffff8e67c4a976c0 3921092628 S Ci:2:006:0 s c0 bc 0900 0014 0002 2 <
ffff8e67c4a976c0 3921095225 C Ci:2:006:0 0 2 = d39e
ffff8e67c4a976c0 3921095267 S Ci:2:006:0 s c0 bc 0900 0018 0002 2 <
ffff8e67c4a976c0 3921097888 C Ci:2:006:0 0 2 = 020e
ffff8e67c4a976c0 3921097931 S Co:2:006:0 s 40 bc 0800 00c0 0004 4 = 8989f800
ffff8e67c4a976c0 3921100604 C Co:2:006:0 0 4 >
ffff8e67c4a976c0 3921100646 S Co:2:006:0 s 40 b9 0000 0000 0004 4 = 09006603
ffff8e67c4a976c0 3921103404 C Co:2:006:0 0 4 >
ffff8e67c4a976c0 3921103445 S Ii:2:006:3 -115:1 3 <
ffff8e67c4a976c0 3921104680 C Ii:2:006:3 0:1 3 = 100000
ffff8e67c4a976c0 3921104721 S Ci:2:006:0 s c0 bc 0800 0016 0002 2 <
ffff8e67c4a976c0 3921107470 C Ci:2:006:0 0 2 = 0900
ffff8e67c4a976c0 3921107513 S Ci:2:006:0 s c0 bc 0900 001c 0002 2 <
ffff8e67c4a976c0 3921110214 C Ci:2:006:0 0 2 = 2e6f
ffff8e67c4a976c0 3921110248 S Ci:2:006:0 s c0 bc 0800 23be 0002 2 <
ffff8e67c4a976c0 3921113049 C Ci:2:006:0 0 2 = 0000
ffff8e67c4a976c0 3921113087 S Co:2:006:0 s 40 bc 0900 0014 0002 2 = d39e
ffff8e67c4a976c0 3921115765 C Co:2:006:0 0 2 >
ffff8e67c4a976c0 3921115808 S Ci:2:006:0 s c0 bc 0900 001c 0002 2 <
ffff8e67c4a976c0 3921118499 C Ci:2:006:0 0 2 = 2e6f
ffff8e67c4a976c0 3921118542 S Co:2:006:0 s 40 b9 0000 0000 0004 4 = 09016601
ffff8e67c4a976c0 3921121225 C Co:2:006:0 0 4 >
ffff8e67c4a976c0 3921121268 S Ii:2:006:3 -115:1 3 <
ffff8e67c4a976c0 3921122558 C Ii:2:006:3 0:1 3 = 100000
ffff8e67c4a976c0 3921122603 S Ci:2:006:0 s c0 bc 0800 0016 0002 2 <
ffff8e67c4a976c0 3921125397 C Ci:2:006:0 0 2 = 0900
ffff8e67c4a976c0 3921125444 S Ci:2:006:0 s c0 bc 0900 001c 0002 2 <
ffff8e67c4a976c0 3921128105 C Ci:2:006:0 0 2 = 2e6f
ffff8e67c4a976c0 3921128195 S Ci:2:006:0 s c0 bc 0800 23be 0004 4 <
ffff8e67c4a976c0 3921130880 C Ci:2:006:0 0 4 = 0000cce0
ffff8e67c4a976c0 3921130924 S Co:2:006:0 s 40 bc 0800 00c0 0002 2 = 032f
ffff8e67c4a976c0 3921133607 C Co:2:006:0 0 2 >
ffff8e67c4a976c0 3921133650 S Co:2:006:0 s 40 b9 0000 0000 0004 4 = 09008802
ffff8e67c4a976c0 3921136395 C Co:2:006:0 0 4 >
ffff8e67c4a976c0 3921136435 S Ii:2:006:3 -115:1 3 <
ffff8e67c4a976c0 3921137795 C Ii:2:006:3 0:1 3 = 100000
ffff8e67c4a976c0 3921137834 S Ci:2:006:0 s c0 bc 0800 0016 0002 2 <
ffff8e67c4a976c0 3921140599 C Ci:2:006:0 0 2 = 0900
ffff8e67c4a976c0 3921140632 S Ci:2:006:0 s c0 bc 0900 001c 0002 2 <
ffff8e67c4a976c0 3921143351 C Ci:2:006:0 0 2 = 2e6f
ffff8e67c4a976c0 3921143388 S Ci:2:006:0 s c0 bc 0800 23be 0002 2 <
ffff8e67c4a976c0 3921146086 C Ci:2:006:0 0 2 = 0000
ffff8e67c4a976c0 3921146120 S Co:2:006:0 s 40 bc 0900 0014 0002 2 = d39e
ffff8e67c4a976c0 3921148849 C Co:2:006:0 0 2 >
ffff8e67c4a976c0 3921148892 S Ci:2:006:0 s c0 bc 0900 001c 0002 2 <
ffff8e67c4a976c0 3921151581 C Ci:2:006:0 0 2 = 2e6f
ffff8e67c4a976c0 3921151625 S Co:2:006:0 s 40 bc 0800 00c0 0004 4 = 9dcd3f00
ffff8e67c4a976c0 3921154353 C Co:2:006:0 0 4 >
ffff8e67c4a976c0 3921154394 S Co:2:006:0 s 40 b9 0000 0000 0004 4 = 09006603
ffff8e67c4a976c0 3921157043 C Co:2:006:0 0 4 >
ffff8e67c4a976c0 3921157085 S Ii:2:006:3 -115:1 3 <
ffff8e67c4a976c0 3921158369 C Ii:2:006:3 0:1 3 = 100000
ffff8e67c4a976c0 3921158408 S Ci:2:006:0 s c0 bc 0800 0016 0002 2 <
ffff8e67c4a976c0 3921161212 C Ci:2:006:0 0 2 = 0900
ffff8e67c4a976c0 3921161254 S Ci:2:006:0 s c0 bc 0900 001c 0002 2 <
ffff8e67c4a976c0 3921163782 C Ci:2:006:0 0 2 = 2e6f
ffff8e67c4a976c0 3921163823 S Ci:2:006:0 s c0 bc 0800 23be 0002 2 <
ffff8e67c4a976c0 3921166415 C Ci:2:006:0 0 2 = 0000
ffff8e67c4a976c0 3921166456 S Co:2:006:0 s 40 bc 0900 0014 0002 2 = d39e
ffff8e67c4a976c0 3921169228 C Co:2:006:0 0 2 >
ffff8e67c4a976c0 3921169268 S Ci:2:006:0 s c0 bc 0900 001c 0002 2 <
ffff8e67c4a976c0 3921171890 C Ci:2:006:0 0 2 = 2e6f
ffff8e67c4a976c0 3921171932 S Co:2:006:0 s 40 b9 0000 0000 0004 4 = 09016601
ffff8e67c4a976c0 3921174580 C Co:2:006:0 0 4 >
ffff8e67c4a976c0 3921174620 S Ii:2:006:3 -115:1 3 <
ffff8e67c4a976c0 3921175908 C Ii:2:006:3 0:1 3 = 100000
ffff8e67c4a976c0 3921175949 S Ci:2:006:0 s c0 bc 0800 0016 0002 2 <
ffff8e67c4a976c0 3921178774 C Ci:2:006:0 0 2 = 0900
ffff8e67c4a976c0 3921178815 S Ci:2:006:0 s c0 bc 0900 001c 0002 2 <
ffff8e67c4a976c0 3921181442 C Ci:2:006:0 0 2 = 2e6f
ffff8e67c4a976c0 3921181477 S Ci:2:006:0 s c0 bc 0800 23be 0004 4 <
ffff8e67c4a976c0 3921184055 C Ci:2:006:0 0 4 = 0000b0e0
ffff8e67c4a976c0 3921184089 S Co:2:006:0 s 40 bc 0800 00c0 0002 2 = 00cc
ffff8e67c4a976c0 3921186849 C Co:2:006:0 0 2 >
ffff8e67c4a976c0 3921186892 S Co:2:006:0 s 40 b9 0000 0000 0004 4 = 09009c02
ffff8e67c4a976c0 3921189594 C Co:2:006:0 0 4 >
ffff8e67c4a976c0 3921189632 S Ii:2:006:3 -115:1 3 <
ffff8e67c4a976c0 3921190877 C Ii:2:006:3 0:1 3 = 100000
ffff8e67c4a976c0 3921190915 S Ci:2:006:0 s c0 bc 0800 0016 0002 2 <
ffff8e67c4a976c0 3921193738 C Ci:2:006:0 0 2 = 0900
ffff8e67c4a976c0 3921193780 S Ci:2:006:0 s c0 bc 0900 001c 0002 2 <
ffff8e67c4a976c0 3921196413 C Ci:2:006:0 0 2 = 2e6f
ffff8e67c4a976c0 3921196448 S Ci:2:006:0 s c0 bc 0800 23be 0002 2 <
ffff8e67c4a976c0 3921199062 C Ci:2:006:0 0 2 = 0000
ffff8e67c4a976c0 3921199096 S Co:2:006:0 s 40 bc 0900 0014 0002 2 = d39e
ffff8e67c4a976c0 3921201853 C Co:2:006:0 0 2 >
ffff8e67c4a976c0 3921201896 S Ci:2:006:0 s c0 bc 0900 001c 0002 2 <
ffff8e67c4a976c0 3921204584 C Ci:2:006:0 0 2 = 2e6f
ffff8e67c4a976c0 3921204628 S Co:2:006:0 s 40 bc 0800 00c0 0002 2 = b3cc
ffff8e67c4a976c0 3921207352 C Co:2:006:0 0 2 >
ffff8e67c4a976c0 3921207393 S Co:2:006:0 s 40 b9 0000 0000 0004 4 = 09009c02
ffff8e67c4a976c0 3921210063 C Co:2:006:0 0 4 >
ffff8e67c4a976c0 3921210105 S Ii:2:006:3 -115:1 3 <
ffff8e67c4a976c0 3921211371 C Ii:2:006:3 0:1 3 = 100000
ffff8e67c4a976c0 3921211410 S Ci:2:006:0 s c0 bc 0800 0016 0002 2 <
ffff8e67c4a976c0 3921214189 C Ci:2:006:0 0 2 = 0900
ffff8e67c4a976c0 3921214231 S Ci:2:006:0 s c0 bc 0900 001c 0002 2 <
ffff8e67c4a976c0 3921216986 C Ci:2:006:0 0 2 = 2e6f
ffff8e67c4a976c0 3921217021 S Ci:2:006:0 s c0 bc 0800 23be 0002 2 <
ffff8e67c4a976c0 3921219759 C Ci:2:006:0 0 2 = 0000
ffff8e67c4a976c0 3921219798 S Co:2:006:0 s 40 bc 0900 0014 0002 2 = d39e
ffff8e67c4a976c0 3921222421 C Co:2:006:0 0 2 >
ffff8e67c4a976c0 3921222464 S Ci:2:006:0 s c0 bc 0900 001c 0002 2 <
ffff8e67c4a976c0 3921225070 C Ci:2:006:0 0 2 = 2e6f
ffff8e67c4a976c0 3921225114 S Co:2:006:0 s 40 bc 0800 00c0 0004 4 = 9dcd3f00
ffff8e67c4a976c0 3921227884 C Co:2:006:0 0 4 >
ffff8e67c4a976c0 3921227925 S Co:2:006:0 s 40 b9 0000 0000 0004 4 = 09006603
ffff8e67c4a976c0 3921230600 C Co:2:006:0 0 4 >
ffff8e67c4a976c0 3921230641 S Ii:2:006:3 -115:1 3 <
ffff8e67c4a976c0 3921231938 C Ii:2:006:3 0:1 3 = 100000
ffff8e67c4a976c0 3921231979 S Ci:2:006:0 s c0 bc 0800 0016 0002 2 <
ffff8e67c4a976c0 3921234739 C Ci:2:006:0 0 2 = 0900
ffff8e67c4a976c0 3921234782 S Ci:2:006:0 s c0 bc 0900 001c 0002 2 <
ffff8e67c4a976c0 3921237411 C Ci:2:006:0 0 2 = 2e6f
ffff8e67c4a976c0 3921237447 S Ci:2:006:0 s c0 bc 0800 23be 0002 2 <
ffff8e67c4a976c0 3921240078 C Ci:2:006:0 0 2 = 0000
ffff8e67c4a976c0 3921240112 S Co:2:006:0 s 40 bc 0900 0014 0002 2 = d39e
ffff8e67c4a976c0 3921242835 C Co:2:006:0 0 2 >
ffff8e67c4a976c0 3921242880 S Ci:2:006:0 s c0 bc 0900 001c 0002 2 <
ffff8e67c4a976c0 3921245575 C Ci:2:006:0 0 2 = 2e6f
ffff8e67c4a976c0 3921245620 S Co:2:006:0 s 40 b9 0000 0000 0004 4 = 09016601
ffff8e67c4a976c0 3921248276 C Co:2:006:0 0 4 >
ffff8e67c4a976c0 3921248313 S Ii:2:006:3 -115:1 3 <
ffff8e67c4a976c0 3921249682 C Ii:2:006:3 0:1 3 = 100000
ffff8e67c4a976c0 3921249724 S Ci:2:006:0 s c0 bc 0800 0016 0002 2 <
ffff8e67c4a976c0 3921252442 C Ci:2:006:0 0 2 = 0900
ffff8e67c4a976c0 3921252477 S Ci:2:006:0 s c0 bc 0900 001c 0002 2 <
ffff8e67c4a976c0 3921255192 C Ci:2:006:0 0 2 = 2e6f
ffff8e67c4a976c0 3921255389 S Ci:2:006:0 s c0 bc 0800 23be 0004 4 <
ffff8e67c4a976c0 3921257842 C Ci:2:006:0 0 4 = 0000b2e0
ffff8e67c4a976c0 3921258052 S Co:2:006:0 s 40 bc 0800 00c0 0002 2 = 00ce
ffff8e67c4a976c0 3921260677 C Co:2:006:0 0 2 >
ffff8e67f59f0540 3921261311 S Co:2:006:0 s 40 b9 0000 0000 0004 4 = 09009c02
ffff8e67f59f0540 3921263379 C Co:2:006:0 0 4 >
ffff8e67f59f0540 3921263536 S Ii:2:006:3 -115:1 3 <
ffff8e67f59f0540 3921264739 C Ii:2:006:3 0:1 3 = 100000
ffff8e67f59f0540 3921264892 S Ci:2:006:0 s c0 bc 0800 0016 0002 2 <
ffff8e67f59f0540 3921267576 C Ci:2:006:0 0 2 = 0900
ffff8e67f59f0540 3921267727 S Ci:2:006:0 s c0 bc 0900 001c 0002 2 <
ffff8e67f59f0540 3921270383 C Ci:2:006:0 0 2 = 2e6f
ffff8e67f59f0540 3921270530 S Ci:2:006:0 s c0 bc 0800 23be 0002 2 <
ffff8e67f59f0540 3921273070 C Ci:2:006:0 0 2 = 0000
ffff8e67f59f0540 3921273254 S Co:2:006:0 s 40 bc 0900 0014 0002 2 = d39e
ffff8e67f59f0540 3921275807 C Co:2:006:0 0 2 >
ffff8e67f59f0540 3921275956 S Ci:2:006:0 s c0 bc 0900 001c 0002 2 <
ffff8e67f59f0540 3921278765 C Ci:2:006:0 0 2 = 2e6f
ffff8e67f59f0540 3921278979 S Co:2:006:0 s 40 bc 0800 00c0 0002 2 = 27cc
ffff8e67f59f0540 3921281458 C Co:2:006:0 0 2 >
ffff8e67f59f0540 3921281629 S Co:2:006:0 s 40 b9 0000 0000 0004 4 = 09009c02
ffff8e67f59f0540 3921284211 C Co:2:006:0 0 4 >
ffff8e67f59f0540 3921284358 S Ii:2:006:3 -115:1 3 <
ffff8e67f59f0540 3921285560 C Ii:2:006:3 0:1 3 = 100000
ffff8e67f59f0540 3921285720 S Ci:2:006:0 s c0 bc 0800 0016 0002 2 <
ffff8e67f59f0540 3921288376 C Ci:2:006:0 0 2 = 0900
ffff8e67f59f0540 3921288455 S Ci:2:006:0 s c0 bc 0900 001c 0002 2 <
ffff8e67f59f0540 3921291123 C Ci:2:006:0 0 2 = 2e6f
ffff8e67f59f0540 3921291249 S Ci:2:006:0 s c0 bc 0800 23be 0002 2 <
ffff8e67f59f0540 3921293880 C Ci:2:006:0 0 2 = 0000
ffff8e67f59f0540 3921294093 S Co:2:006:0 s 40 bc 0900 0014 0002 2 = d39e
ffff8e67f59f0540 3921296612 C Co:2:006:0 0 2 >
ffff8e67f59f0540 3921296829 S Ci:2:006:0 s c0 bc 0900 001c 0002 2 <
ffff8e67f59f0540 3921299324 C Ci:2:006:0 0 2 = 2e6f
ffff8e67f59f0540 3921299413 S Co:2:006:0 s 40 bc 0800 00c0 0004 4 = 94413700
ffff8e67f59f0540 3921302061 C Co:2:006:0 0 4 >
ffff8e67f59f0540 3921302220 S Co:2:006:0 s 40 b9 0000 0000 0004 4 = 09006603
ffff8e67f59f0540 3921304839 C Co:2:006:0 0 4 >
ffff8e67f59f0540 3921305036 S Ii:2:006:3 -115:1 3 <
ffff8e67f59f0540 3921306194 C Ii:2:006:3 0:1 3 = 100000
ffff8e67f59f0540 3921306263 S Ci:2:006:0 s c0 bc 0800 0016 0002 2 <
ffff8e67f59f0540 3921308924 C Ci:2:006:0 0 2 = 0900
ffff8e67f59f0540 3921309120 S Ci:2:006:0 s c0 bc 0900 001c 0002 2 <
ffff8e67f59f0540 3921311696 C Ci:2:006:0 0 2 = 2e6f
ffff8e67f59f0540 3921311850 S Ci:2:006:0 s c0 bc 0800 23be 0002 2 <
ffff8e67f59f0540 3921314432 C Ci:2:006:0 0 2 = 0000
ffff8e67f59f0540 3921314601 S Co:2:006:0 s 40 bc 0900 0014 0002 2 = d39e
ffff8e67f59f0540 3921317072 C Co:2:006:0 0 2 >
ffff8e67f59f0540 3921317214 S Ci:2:006:0 s c0 bc 0900 001c 0002 2 <
ffff8e67f59f0540 3921319742 C Ci:2:006:0 0 2 = 2e6f
ffff8e67f59f0540 3921319894 S Co:2:006:0 s 40 bc 0800 00c0 0004 4 = 944aaf00
ffff8e67f59f0540 3921322383 C Co:2:006:0 0 4 >
ffff8e67f59f0540 3921322532 S Co:2:006:0 s 40 b9 0000 0000 0004 4 = 09006603
ffff8e67f59f0540 3921324999 C Co:2:006:0 0 4 >
ffff8e67f59f0540 3921325169 S Ii:2:006:3 -115:1 3 <
ffff8e67f59f0540 3921326254 C Ii:2:006:3 0:1 3 = 100000
ffff8e67f59f0540 3921326346 S Ci:2:006:0 s c0 bc 0800 0016 0002 2 <
ffff8e67f59f0540 3921328824 C Ci:2:006:0 0 2 = 0900
ffff8e67f59f0540 3921328895 S Ci:2:006:0 s c0 bc 0900 001c 0002 2 <
ffff8e67f59f0540 3921331415 C Ci:2:006:0 0 2 = 2e6f
ffff8e67f59f0540 3921331513 S Ci:2:006:0 s c0 bc 0800 23be 0002 2 <
ffff8e67f59f0540 3921334005 C Ci:2:006:0 0 2 = 0000
ffff8e67f59f0540 3921334178 S Co:2:006:0 s 40 bc 0900 0014 0002 2 = d39e
ffff8e67f59f0540 3921336623 C Co:2:006:0 0 2 >
ffff8e67f59f0540 3921336816 S Ci:2:006:0 s c0 bc 0900 001c 0002 2 <
ffff8e67f59f0540 3921339311 C Ci:2:006:0 0 2 = 2e6f
ffff8e67f59f0540 3921339477 S Co:2:006:0 s 40 bc 0800 00c0 0004 4 = 944baf00
ffff8e67f59f0540 3921341899 C Co:2:006:0 0 4 >
ffff8e67f59f0540 3921342105 S Co:2:006:0 s 40 b9 0000 0000 0004 4 = 09006603
ffff8e67f59f0540 3921344522 C Co:2:006:0 0 4 >
ffff8e67f59f0540 3921344680 S Ii:2:006:3 -115:1 3 <
ffff8e67f59f0540 3921345739 C Ii:2:006:3 0:1 3 = 100000
ffff8e67f59f0540 3921345807 S Ci:2:006:0 s c0 bc 0800 0016 0002 2 <
ffff8e67f59f0540 3921348404 C Ci:2:006:0 0 2 = 0900
ffff8e67f59f0540 3921348536 S Ci:2:006:0 s c0 bc 0900 001c 0002 2 <
ffff8e67f59f0540 3921350935 C Ci:2:006:0 0 2 = 2e6f
ffff8e67f59f0540 3921351095 S Ci:2:006:0 s c0 bc 0800 23be 0002 2 <
ffff8e67f59f0540 3921353681 C Ci:2:006:0 0 2 = 0000
ffff8e67f59f0540 3921353832 S Co:2:006:0 s 40 bc 0900 0014 0002 2 = d39e
ffff8e67f59f0540 3921356360 C Co:2:006:0 0 2 >
ffff8e67f59f0540 3921356488 S Ci:2:006:0 s c0 bc 0900 001c 0002 2 <
ffff8e67f59f0540 3921358977 C Ci:2:006:0 0 2 = 2e6f
ffff8e67f59f0540 3921359158 S Co:2:006:0 s 40 bc 0800 00c0 0004 4 = 9dcd3f00
ffff8e67f59f0540 3921361838 C Co:2:006:0 0 4 >
ffff8e67f59f0540 3921361973 S Co:2:006:0 s 40 b9 0000 0000 0004 4 = 09006603
ffff8e67f59f0540 3921364529 C Co:2:006:0 0 4 >
ffff8e67f59f0540 3921364666 S Ii:2:006:3 -115:1 3 <
ffff8e67f59f0540 3921365906 C Ii:2:006:3 0:1 3 = 100000
ffff8e67f59f0540 3921366047 S Ci:2:006:0 s c0 bc 0800 0016 0002 2 <
ffff8e67f59f0540 3921368737 C Ci:2:006:0 0 2 = 0900
ffff8e67f59f0540 3921368883 S Ci:2:006:0 s c0 bc 0900 001c 0002 2 <
ffff8e67f59f0540 3921371430 C Ci:2:006:0 0 2 = 2e6f
ffff8e67f59f0540 3921371564 S Ci:2:006:0 s c0 bc 0800 23be 0002 2 <
ffff8e67f59f0540 3921374038 C Ci:2:006:0 0 2 = 0000
ffff8e67f59f0540 3921374197 S Co:2:006:0 s 40 bc 0900 0014 0002 2 = d39e
ffff8e67f59f0540 3921376855 C Co:2:006:0 0 2 >
ffff8e67f59f0540 3921377017 S Ci:2:006:0 s c0 bc 0900 001c 0002 2 <
ffff8e67f59f0540 3921379599 C Ci:2:006:0 0 2 = 2e6f
ffff8e67f59f0540 3921379738 S Co:2:006:0 s 40 b9 0000 0000 0004 4 = 09016601
ffff8e67f59f0540 3921382351 C Co:2:006:0 0 4 >
ffff8e67f59f0540 3921382486 S Ii:2:006:3 -115:1 3 <
ffff8e67f59f0540 3921383681 C Ii:2:006:3 0:1 3 = 100000
ffff8e67f59f0540 3921383816 S Ci:2:006:0 s c0 bc 0800 0016 0002 2 <
ffff8e67f59f0540 3921386504 C Ci:2:006:0 0 2 = 0900
ffff8e67f59f0540 3921386639 S Ci:2:006:0 s c0 bc 0900 001c 0002 2 <
ffff8e67f59f0540 3921389203 C Ci:2:006:0 0 2 = 2e6f
ffff8e67f59f0540 3921389338 S Ci:2:006:0 s c0 bc 0800 23be 0004 4 <
ffff8e67f59f0540 3921392034 C Ci:2:006:0 0 4 = 0000b0e0
ffff8e67f59f0540 3921392193 S Co:2:006:0 s 40 bc 0800 00c0 0002 2 = 00cc
ffff8e67f59f0540 3921394792 C Co:2:006:0 0 2 >
ffff8e67f59f0540 3921394961 S Co:2:006:0 s 40 b9 0000 0000 0004 4 = 09009c02
ffff8e67f59f0540 3921397487 C Co:2:006:0 0 4 >
ffff8e67f59f0540 3921397624 S Ii:2:006:3 -115:1 3 <
ffff8e67f59f0540 3921398813 C Ii:2:006:3 0:1 3 = 100000
ffff8e67f59f0540 3921398946 S Ci:2:006:0 s c0 bc 0800 0016 0002 2 <
ffff8e67f59f0540 3921401517 C Ci:2:006:0 0 2 = 0900
ffff8e67f59f0540 3921401650 S Ci:2:006:0 s c0 bc 0900 001c 0002 2 <
ffff8e67f59f0540 3921404265 C Ci:2:006:0 0 2 = 2e6f
ffff8e67f59f0540 3921404412 S Ci:2:006:0 s c0 bc 0800 23be 0002 2 <
ffff8e67f59f0540 3921407217 C Ci:2:006:0 0 2 = 0000
ffff8e67f59f0540 3921407291 S Co:2:006:0 s 40 bc 0900 0014 0002 2 = d39e
ffff8e67f59f0540 3921409960 C Co:2:006:0 0 2 >
ffff8e67f59f0540 3921410137 S Ci:2:006:0 s c0 bc 0900 001c 0002 2 <
ffff8e67f59f0540 3921412826 C Ci:2:006:0 0 2 = 2e6f
ffff8e67f59f0540 3921412963 S Co:2:006:0 s 40 bc 0800 00c0 0004 4 = 9dcd9400
ffff8e67f59f0540 3921415534 C Co:2:006:0 0 4 >
ffff8e67f59f0540 3921415694 S Co:2:006:0 s 40 b9 0000 0000 0004 4 = 09006603
ffff8e67f59f0540 3921418233 C Co:2:006:0 0 4 >
ffff8e67f59f0540 3921418391 S Ii:2:006:3 -115:1 3 <
ffff8e67f59f0540 3921419593 C Ii:2:006:3 0:1 3 = 100000
ffff8e67f59f0540 3921419725 S Ci:2:006:0 s c0 bc 0800 0016 0002 2 <
ffff8e67f59f0540 3921422367 C Ci:2:006:0 0 2 = 0900
ffff8e67f59f0540 3921422516 S Ci:2:006:0 s c0 bc 0900 001c 0002 2 <
ffff8e67f59f0540 3921425216 C Ci:2:006:0 0 2 = 2e6f
ffff8e67f59f0540 3921425448 S Ci:2:006:0 s c0 bc 0800 23be 0002 2 <
ffff8e67f59f0540 3921427931 C Ci:2:006:0 0 2 = 0000
ffff8e67f59f0540 3921428140 S Co:2:006:0 s 40 bc 0900 0014 0002 2 = d39e
ffff8e67f59f0540 3921430642 C Co:2:006:0 0 2 >
ffff8e67f59f0540 3921431018 S Ci:2:006:0 s c0 bc 0900 001c 0002 2 <
ffff8e67f59f0540 3921433406 C Ci:2:006:0 0 2 = 2e6f
ffff8e67f59f0540 3921433497 S Co:2:006:0 s 40 b9 0000 0000 0004 4 = 09016601
ffff8e67f59f0540 3921436104 C Co:2:006:0 0 4 >
ffff8e67c26db600 3921436344 S Ii:2:006:3 -115:1 3 <
ffff8e67c26db600 3921437493 C Ii:2:006:3 0:1 3 = 100000
ffff8e67c26db600 3921437606 S Ci:2:006:0 s c0 bc 0800 0016 0002 2 <
ffff8e67c26db600 3921440245 C Ci:2:006:0 0 2 = 0900
ffff8e67f59f0b40 3921440415 S Ci:2:006:0 s c0 bc 0900 001c 0002 2 <
ffff8e67f59f0b40 3921442871 C Ci:2:006:0 0 2 = 2e6f
ffff8e67f59f0b40 3921443044 S Ci:2:006:0 s c0 bc 0800 23be 0004 4 <
ffff8e67f59f0b40 3921445633 C Ci:2:006:0 0 4 = 0000b2e0
ffff8e67f59f0b40 3921445794 S Co:2:006:0 s 40 bc 0800 00c0 0002 2 = ab4c
ffff8e67f59f0b40 3921448471 C Co:2:006:0 0 2 >
ffff8e67f59f0b40 3921448750 S Co:2:006:0 s 40 b9 0000 0000 0004 4 = 09009c02
ffff8e67f59f0b40 3921451454 C Co:2:006:0 0 4 >
ffff8e67f59f0b40 3921451700 S Ii:2:006:3 -115:1 3 <
ffff8e67f59f0b40 3921452850 C Ii:2:006:3 0:1 3 = 100000
ffff8e67c26db3c0 3921453123 S Ci:2:006:0 s c0 bc 0800 0016 0002 2 <
ffff8e67c26db3c0 3921455677 C Ci:2:006:0 0 2 = 0900
ffff8e67c26db3c0 3921455789 S Ci:2:006:0 s c0 bc 0900 001c 0002 2 <
ffff8e67c26db3c0 3921458397 C Ci:2:006:0 0 2 = 2e6f
ffff8e67c4a97780 3921458577 S Ci:2:006:0 s c0 bc 0800 23be 0002 2 <
ffff8e67c4a97780 3921461156 C Ci:2:006:0 0 2 = 0000
ffff8e67c4a97780 3921461276 S Co:2:006:0 s 40 bc 0900 0014 0002 2 = d39e
ffff8e67c4a97780 3921463769 C Co:2:006:0 0 2 >
ffff8e67c4a97780 3921463914 S Ci:2:006:0 s c0 bc 0900 001c 0002 2 <
ffff8e67c4a97780 3921466524 C Ci:2:006:0 0 2 = 2e6f
ffff8e67c4a97780 3921467108 S Co:2:006:0 s 40 bc 0800 00c0 0004 4 = 9dcd3f00
ffff8e67c4a97780 3921469287 C Co:2:006:0 0 4 >
ffff8e67c4a97780 3921469372 S Co:2:006:0 s 40 b9 0000 0000 0004 4 = 09006603
ffff8e67c4a97780 3921472084 C Co:2:006:0 0 4 >
ffff8e67c4a97780 3921472139 S Ii:2:006:3 -115:1 3 <
ffff8e67c4a97780 3921473409 C Ii:2:006:3 0:1 3 = 100000
ffff8e67c4a97780 3921473559 S Ci:2:006:0 s c0 bc 0800 0016 0002 2 <
ffff8e67c4a97780 3921476248 C Ci:2:006:0 0 2 = 0900
ffff8e67c4a97780 3921476301 S Ci:2:006:0 s c0 bc 0900 001c 0002 2 <
ffff8e67c4a97780 3921478914 C Ci:2:006:0 0 2 = 2e6f
ffff8e67c6eea000 3921481942 S Ci:2:006:0 s c0 bc 0800 23be 0002 2 <
ffff8e67c6eea000 3921483917 C Ci:2:006:0 0 2 = 0000
ffff8e67c6eea000 3921484095 S Co:2:006:0 s 40 bc 0900 0014 0002 2 = d39e
ffff8e67c6eea000 3921486662 C Co:2:006:0 0 2 >
ffff8e67c6eea000 3921486781 S Ci:2:006:0 s c0 bc 0900 001c 0002 2 <
ffff8e67c6eea000 3921489513 C Ci:2:006:0 0 2 = 2e6f
ffff8e67c6eea000 3921489653 S Co:2:006:0 s 40 b9 0000 0000 0004 4 = 09016601
ffff8e67c6eea000 3921492185 C Co:2:006:0 0 4 >
ffff8e67c6eea000 3921492310 S Ii:2:006:3 -115:1 3 <
ffff8e67c6eea000 3921493500 C Ii:2:006:3 0:1 3 = 100000
ffff8e67c6eea000 3921493706 S Ci:2:006:0 s c0 bc 0800 0016 0002 2 <
ffff8e67c6eea000 3921496278 C Ci:2:006:0 0 2 = 0900
ffff8e67c6eea000 3921496436 S Ci:2:006:0 s c0 bc 0900 001c 0002 2 <
ffff8e67c6eea000 3921499088 C Ci:2:006:0 0 2 = 2e6f
ffff8e67c6eea000 3921499253 S Ci:2:006:0 s c0 bc 0800 23be 0004 4 <
ffff8e67c6eea000 3921501916 C Ci:2:006:0 0 4 = 0000b2e0
ffff8e67c6eea000 3921502123 S Co:2:006:0 s 40 bc 0800 00c0 0002 2 = 00ce
ffff8e67c6eea000 3921504589 C Co:2:006:0 0 2 >
ffff8e67c6eea000 3921504733 S Co:2:006:0 s 40 b9 0000 0000 0004 4 = 09009c02
ffff8e67c6eea000 3921507382 C Co:2:006:0 0 4 >
ffff8e67c6eea000 3921507462 S Ii:2:006:3 -115:1 3 <
ffff8e67c6eea000 3921508649 C Ii:2:006:3 0:1 3 = 100000
ffff8e67c6eea000 3921508836 S Ci:2:006:0 s c0 bc 0800 0016 0002 2 <
ffff8e67c6eea000 3921511428 C Ci:2:006:0 0 2 = 0900
ffff8e67c6eea000 3921511602 S Ci:2:006:0 s c0 bc 0900 001c 0002 2 <
ffff8e67c6eea000 3921514198 C Ci:2:006:0 0 2 = 2e6f
ffff8e67c6eea000 3921514373 S Ci:2:006:0 s c0 bc 0800 23be 0002 2 <
ffff8e67c6eea000 3921516921 C Ci:2:006:0 0 2 = 0000
ffff8e67c6eea000 3921517153 S Co:2:006:0 s 40 bc 0900 0014 0002 2 = d39e
ffff8e67c6eea000 3921519682 C Co:2:006:0 0 2 >
ffff8e67c6eea000 3921519930 S Ci:2:006:0 s c0 bc 0900 001c 0002 2 <
ffff8e67c6eea000 3921522380 C Ci:2:006:0 0 2 = 2e6f
ffff8e67c6eea000 3921522557 S Co:2:006:0 s 40 bc 0800 00c0 0002 2 = 1b33
ffff8e67c6eea000 3921525062 C Co:2:006:0 0 2 >
ffff8e67c6eea000 3921525240 S Co:2:006:0 s 40 b9 0000 0000 0004 4 = 09009c02
ffff8e67c6eea000 3921527814 C Co:2:006:0 0 4 >
ffff8e67c6eea000 3921527998 S Ii:2:006:3 -115:1 3 <
ffff8e67c6eea000 3921529038 C Ii:2:006:3 0:1 3 = 100000
ffff8e67c6eea000 3921529204 S Ci:2:006:0 s c0 bc 0800 0016 0002 2 <
ffff8e67c6eea000 3921531890 C Ci:2:006:0 0 2 = 0900
ffff8e67c6eea000 3921532007 S Ci:2:006:0 s c0 bc 0900 001c 0002 2 <
ffff8e67c6eea000 3921534546 C Ci:2:006:0 0 2 = 2e6f
ffff8e67c6eea000 3921534595 S Ci:2:006:0 s c0 bc 0800 23be 0002 2 <
ffff8e67c6eea000 3921537156 C Ci:2:006:0 0 2 = 0000
ffff8e67c6eea000 3921537232 S Co:2:006:0 s 40 bc 0900 0014 0002 2 = d39e
ffff8e67c6eea000 3921539711 C Co:2:006:0 0 2 >
ffff8e67c6eea000 3921539865 S Ci:2:006:0 s c0 bc 0900 001c 0002 2 <
ffff8e67c6eea000 3921542344 C Ci:2:006:0 0 2 = 2e6f
ffff8e67c6eea000 3921542496 S Co:2:006:0 s 40 bc 0800 00c0 0004 4 = 9dcd3f00
ffff8e67c6eea000 3921544953 C Co:2:006:0 0 4 >
ffff8e67c6eea000 3921545207 S Co:2:006:0 s 40 b9 0000 0000 0004 4 = 09006603
ffff8e67c6eea000 3921547772 C Co:2:006:0 0 4 >
ffff8e67c6eea000 3921547927 S Ii:2:006:3 -115:1 3 <
ffff8e67c6eea000 3921549062 C Ii:2:006:3 0:1 3 = 100000
ffff8e67c6eea000 3921549225 S Ci:2:006:0 s c0 bc 0800 0016 0002 2 <
ffff8e67c6eea000 3921551744 C Ci:2:006:0 0 2 = 0900
ffff8e67c6eea000 3921551868 S Ci:2:006:0 s c0 bc 0900 001c 0002 2 <
ffff8e67c6eea000 3921554406 C Ci:2:006:0 0 2 = 2e6f
ffff8e67c6eea000 3921554593 S Ci:2:006:0 s c0 bc 0800 23be 0002 2 <
ffff8e67c6eea000 3921557171 C Ci:2:006:0 0 2 = 0000
ffff8e67c6eea000 3921557272 S Co:2:006:0 s 40 bc 0900 0014 0002 2 = d39e
ffff8e67c6eea000 3921560122 C Co:2:006:0 0 2 >
ffff8e67c6eea000 3921560197 S Ci:2:006:0 s c0 bc 0900 001c 0002 2 <
ffff8e67c6eea000 3921562629 C Ci:2:006:0 0 2 = 2e6f
ffff8e67c6eea000 3921562820 S Co:2:006:0 s 40 b9 0000 0000 0004 4 = 09016601
ffff8e67c6eea000 3921565411 C Co:2:006:0 0 4 >
ffff8e67c6eea000 3921565551 S Ii:2:006:3 -115:1 3 <
ffff8e67c6eea000 3921566762 C Ii:2:006:3 0:1 3 = 100000
ffff8e67c6eea000 3921566839 S Ci:2:006:0 s c0 bc 0800 0016 0002 2 <
ffff8e67c6eea000 3921569443 C Ci:2:006:0 0 2 = 0900
ffff8e67c6eea000 3921569658 S Ci:2:006:0 s c0 bc 0900 001c 0002 2 <
ffff8e67c6eea000 3921572179 C Ci:2:006:0 0 2 = 2e6f
ffff8e67c6eea000 3921572332 S Ci:2:006:0 s c0 bc 0800 23be 0004 4 <
ffff8e67c6eea000 3921574918 C Ci:2:006:0 0 4 = 0000b0e0
ffff8e67c6eea000 3921575058 S Co:2:006:0 s 40 bc 0800 00c0 0002 2 = 00cc
ffff8e67c6eea000 3921577590 C Co:2:006:0 0 2 >
ffff8e67c6eea000 3921577738 S Co:2:006:0 s 40 b9 0000 0000 0004 4 = 09009c02
ffff8e67c6eea000 3921580389 C Co:2:006:0 0 4 >
ffff8e67c6eea000 3921580529 S Ii:2:006:3 -115:1 3 <
ffff8e67c6eea000 3921581645 C Ii:2:006:3 0:1 3 = 100000
ffff8e67c6eea000 3921581722 S Ci:2:006:0 s c0 bc 0800 0016 0002 2 <
ffff8e67c6eea000 3921584487 C Ci:2:006:0 0 2 = 0900
ffff8e67c6eea000 3921584561 S Ci:2:006:0 s c0 bc 0900 001c 0002 2 <
ffff8e67c6eea000 3921587034 C Ci:2:006:0 0 2 = 2e6f
ffff8e67c6eea000 3921587165 S Ci:2:006:0 s c0 bc 0800 23be 0002 2 <
ffff8e67c6eea000 3921589811 C Ci:2:006:0 0 2 = 0000
ffff8e67c6eea000 3921589994 S Co:2:006:0 s 40 bc 0900 0014 0002 2 = d39e
ffff8e67c6eea000 3921592492 C Co:2:006:0 0 2 >
ffff8e67c6eea000 3921592632 S Ci:2:006:0 s c0 bc 0900 001c 0002 2 <
ffff8e67c6eea000 3921595123 C Ci:2:006:0 0 2 = 2e6f
ffff8e67c6eea000 3921595277 S Co:2:006:0 s 40 bc 0800 00c0 0004 4 = 9dcd8800
ffff8e67c6eea000 3921597860 C Co:2:006:0 0 4 >
ffff8e67c6eea000 3921598049 S Co:2:006:0 s 40 b9 0000 0000 0004 4 = 09006603
ffff8e67c6eea000 3921600514 C Co:2:006:0 0 4 >
ffff8e67c6eea000 3921600657 S Ii:2:006:3 -115:1 3 <
ffff8e67c6eea000 3921601978 C Ii:2:006:3 0:1 3 = 100000
ffff8e67c6eea000 3921602056 S Ci:2:006:0 s c0 bc 0800 0016 0002 2 <
ffff8e67c6eea000 3921604732 C Ci:2:006:0 0 2 = 0900
ffff8e67c6eea000 3921604785 S Ci:2:006:0 s c0 bc 0900 001c 0002 2 <
ffff8e67c6eea000 3921607392 C Ci:2:006:0 0 2 = 2e6f
ffff8e67c6eea000 3921607547 S Ci:2:006:0 s c0 bc 0800 23be 0002 2 <
ffff8e67c6eea000 3921610170 C Ci:2:006:0 0 2 = 0000
ffff8e67c6eea000 3921610268 S Co:2:006:0 s 40 bc 0900 0014 0002 2 = d39e
ffff8e67c6eea000 3921612775 C Co:2:006:0 0 2 >
ffff8e67c6eea000 3921613083 S Ci:2:006:0 s c0 bc 0900 001c 0002 2 <
ffff8e67c6eea000 3921615503 C Ci:2:006:0 0 2 = 2e6f
ffff8e67c6eea000 3921615647 S Co:2:006:0 s 40 b9 0000 0000 0004 4 = 09016601
ffff8e67c6eea000 3921618177 C Co:2:006:0 0 4 >
ffff8e67c6eea000 3921618243 S Ii:2:006:3 -115:1 3 <
ffff8e67c6eea000 3921619414 C Ii:2:006:3 0:1 3 = 100000
ffff8e67c6eea000 3921619492 S Ci:2:006:0 s c0 bc 0800 0016 0002 2 <
ffff8e67c6eea000 3921622192 C Ci:2:006:0 0 2 = 0900
ffff8e67c6eea000 3921622319 S Ci:2:006:0 s c0 bc 0900 001c 0002 2 <
ffff8e67c6eea000 3921624898 C Ci:2:006:0 0 2 = 2e6f
ffff8e67c6eea000 3921625068 S Ci:2:006:0 s c0 bc 0800 23be 0004 4 <
ffff8e67c6eea000 3921627642 C Ci:2:006:0 0 4 = 0000b0e0
ffff8e67c6eea000 3921627788 S Co:2:006:0 s 40 bc 0800 00c0 0002 2 = b7ce
ffff8e67c6eea000 3921630463 C Co:2:006:0 0 2 >
ffff8e67c6eea000 3921630611 S Co:2:006:0 s 40 b9 0000 0000 0004 4 = 09009c02
ffff8e67c6eea000 3921633074 C Co:2:006:0 0 4 >
ffff8e67c6eea000 3921633170 S Ii:2:006:3 -115:1 3 <
ffff8e67c6eea000 3921634449 C Ii:2:006:3 0:1 3 = 100000
ffff8e67c6eea000 3921634593 S Ci:2:006:0 s c0 bc 0800 0016 0002 2 <
ffff8e67c6eea000 3921637299 C Ci:2:006:0 0 2 = 0900
ffff8e67c6eea000 3921637432 S Ci:2:006:0 s c0 bc 0900 001c 0002 2 <
ffff8e67c6eea000 3921639988 C Ci:2:006:0 0 2 = 2e6f
ffff8e67c6eea000 3921640080 S Ci:2:006:0 s c0 bc 0800 23be 0002 2 <
ffff8e67c6eea000 3921642500 C Ci:2:006:0 0 2 = 0000
ffff8e67c6eea000 3921642626 S Co:2:006:0 s 40 bc 0900 0014 0002 2 = d39e
ffff8e67c6eea000 3921645243 C Co:2:006:0 0 2 >
ffff8e67c6eea000 3921645409 S Ci:2:006:0 s c0 bc 0900 001c 0002 2 <
ffff8e67c6eea000 3921648023 C Ci:2:006:0 0 2 = 2e6f
ffff8e67c6eea000 3921648180 S Co:2:006:0 s 40 bc 0800 00c0 0002 2 = b8dc
ffff8e67c6eea000 3921650815 C Co:2:006:0 0 2 >
ffff8e67c6eea000 3921650965 S Co:2:006:0 s 40 b9 0000 0000 0004 4 = 09009c02
ffff8e67c6eea000 3921653532 C Co:2:006:0 0 4 >
ffff8e67c6eea000 3921653708 S Ii:2:006:3 -115:1 3 <
ffff8e67c6eea000 3921654851 C Ii:2:006:3 0:1 3 = 100000
ffff8e67c6eea000 3921655004 S Ci:2:006:0 s c0 bc 0800 0016 0002 2 <
ffff8e67c6eea000 3921657537 C Ci:2:006:0 0 2 = 0900
ffff8e67c6eea000 3921657715 S Ci:2:006:0 s c0 bc 0900 001c 0002 2 <
ffff8e67c6eea000 3921660250 C Ci:2:006:0 0 2 = 2e6f
ffff8e67c6eea000 3921660366 S Ci:2:006:0 s c0 bc 0800 23be 0002 2 <
ffff8e67c6eea000 3921663144 C Ci:2:006:0 0 2 = 0000
ffff8e67c6eea000 3921663266 S Co:2:006:0 s 40 bc 0900 0014 0002 2 = d39e
ffff8e67c6eea000 3921665770 C Co:2:006:0 0 2 >
ffff8e67c6eea000 3921665945 S Ci:2:006:0 s c0 bc 0900 001c 0002 2 <
ffff8e67c6eea000 3921668537 C Ci:2:006:0 0 2 = 2e6f
ffff8e67c6eea000 3921668711 S Co:2:006:0 s 40 bc 0800 00c0 0002 2 = b8cc
ffff8e67c6eea000 3921671186 C Co:2:006:0 0 2 >
ffff8e67c6eea000 3921671268 S Co:2:006:0 s 40 b9 0000 0000 0004 4 = 09009c02
ffff8e67c6eea000 3921673934 C Co:2:006:0 0 4 >
ffff8e67c6eea000 3921674125 S Ii:2:006:3 -115:1 3 <
ffff8e67c6eea000 3921675244 C Ii:2:006:3 0:1 3 = 100000
ffff8e67c6eea000 3921675309 S Ci:2:006:0 s c0 bc 0800 0016 0002 2 <
ffff8e67c6eea000 3921677999 C Ci:2:006:0 0 2 = 0900
ffff8e67c6eea000 3921678198 S Ci:2:006:0 s c0 bc 0900 001c 0002 2 <
ffff8e67c6eea000 3921680777 C Ci:2:006:0 0 2 = 2e6f
ffff8e67c6eea000 3921680935 S Ci:2:006:0 s c0 bc 0800 23be 0002 2 <
ffff8e67c6eea000 3921683473 C Ci:2:006:0 0 2 = 0000
ffff8e67c6eea000 3921683653 S Co:2:006:0 s 40 bc 0900 0014 0002 2 = d39e
ffff8e67c6eea000 3921686155 C Co:2:006:0 0 2 >
ffff8e67c6eea000 3921686232 S Ci:2:006:0 s c0 bc 0900 001c 0002 2 <
ffff8e67c6eea000 3921688851 C Ci:2:006:0 0 2 = 2e6f
ffff8e67c6eea000 3921688962 S Co:2:006:0 s 40 bc 0800 00c0 0004 4 = 9dcd3f00
ffff8e67c6eea000 3921691525 C Co:2:006:0 0 4 >
ffff8e67c6eea000 3921691707 S Co:2:006:0 s 40 b9 0000 0000 0004 4 = 09006603
ffff8e67c6eea000 3921694108 C Co:2:006:0 0 4 >
ffff8e67c6eea000 3921694318 S Ii:2:006:3 -115:1 3 <
ffff8e67c6eea000 3921695429 C Ii:2:006:3 0:1 3 = 100000
ffff8e67c6eea000 3921695580 S Ci:2:006:0 s c0 bc 0800 0016 0002 2 <
ffff8e67c6eea000 3921698131 C Ci:2:006:0 0 2 = 0900
ffff8e67c6eea000 3921698242 S Ci:2:006:0 s c0 bc 0900 001c 0002 2 <
ffff8e67c6eea000 3921700944 C Ci:2:006:0 0 2 = 2e6f
ffff8e67c6eea000 3921701086 S Ci:2:006:0 s c0 bc 0800 23be 0002 2 <
ffff8e67c6eea000 3921703557 C Ci:2:006:0 0 2 = 0000
ffff8e67c6eea000 3921703668 S Co:2:006:0 s 40 bc 0900 0014 0002 2 = d39e
ffff8e67c6eea000 3921706217 C Co:2:006:0 0 2 >
ffff8e67c6eea000 3921706361 S Ci:2:006:0 s c0 bc 0900 001c 0002 2 <
ffff8e67c6eea000 3921708861 C Ci:2:006:0 0 2 = 2e6f
ffff8e67c6eea000 3921709061 S Co:2:006:0 s 40 b9 0000 0000 0004 4 = 09016601
ffff8e67c6eea000 3921711660 C Co:2:006:0 0 4 >
ffff8e67c6eea000 3921711826 S Ii:2:006:3 -115:1 3 <
ffff8e67c6eea000 3921713011 C Ii:2:006:3 0:1 3 = 100000
ffff8e67c6eea000 3921713210 S Ci:2:006:0 s c0 bc 0800 0016 0002 2 <
ffff8e67c6eea000 3921715793 C Ci:2:006:0 0 2 = 0900
ffff8e67c6eea000 3921715923 S Ci:2:006:0 s c0 bc 0900 001c 0002 2 <
ffff8e67c6eea000 3921718538 C Ci:2:006:0 0 2 = 2e6f
ffff8e67c6eea000 3921718719 S Ci:2:006:0 s c0 bc 0800 23be 0004 4 <
ffff8e67c6eea000 3921721232 C Ci:2:006:0 0 4 = 0000b2e0
ffff8e67c6eea000 3921721361 S Co:2:006:0 s 40 bc 0800 00c0 0002 2 = 00ce
ffff8e67c6eea000 3921723915 C Co:2:006:0 0 2 >
ffff8e67c6eea000 3921724069 S Co:2:006:0 s 40 b9 0000 0000 0004 4 = 09009c02
ffff8e67c6eea000 3921726514 C Co:2:006:0 0 4 >
ffff8e67c6eea000 3921726632 S Ii:2:006:3 -115:1 3 <
ffff8e67c6eea000 3921727790 C Ii:2:006:3 0:1 3 = 100000
ffff8e67c6eea000 3921727984 S Ci:2:006:0 s c0 bc 0800 0016 0002 2 <
ffff8e67c6eea000 3921730693 C Ci:2:006:0 0 2 = 0900
ffff8e67c6eea000 3921730839 S Ci:2:006:0 s c0 bc 0900 001c 0002 2 <
ffff8e67c6eea000 3921733395 C Ci:2:006:0 0 2 = 2e6f
ffff8e67c6eea000 3921733526 S Ci:2:006:0 s c0 bc 0800 23be 0002 2 <
ffff8e67c6eea000 3921736135 C Ci:2:006:0 0 2 = 0000
ffff8e67c6eea000 3921736282 S Co:2:006:0 s 40 bc 0900 0014 0002 2 = d39e
ffff8e67c6eea000 3921738795 C Co:2:006:0 0 2 >
ffff8e67c6eea000 3921738876 S Ci:2:006:0 s c0 bc 0900 001c 0002 2 <
ffff8e67c6eea000 3921741509 C Ci:2:006:0 0 2 = 2e6f
ffff8e67c6eea000 3921741608 S Co:2:006:0 s 40 bc 0800 00c0 0002 2 = 0738
ffff8e67c6eea000 3921744080 C Co:2:006:0 0 2 >
ffff8e67c6eea000 3921744283 S Co:2:006:0 s 40 b9 0000 0000 0004 4 = 09009c02
ffff8e67c6eea000 3921746887 C Co:2:006:0 0 4 >
ffff8e67c6eea000 3921747053 S Ii:2:006:3 -115:1 3 <
ffff8e67c6eea000 3921748230 C Ii:2:006:3 0:1 3 = 100000
ffff8e67c6eea000 3921748414 S Ci:2:006:0 s c0 bc 0800 0016 0002 2 <
ffff8e67c6eea000 3921750867 C Ci:2:006:0 0 2 = 0900
ffff8e67c6eea000 3921751118 S Ci:2:006:0 s c0 bc 0900 001c 0002 2 <
ffff8e67c6eea000 3921753572 C Ci:2:006:0 0 2 = 2e6f
ffff8e67c6eea000 3921753623 S Ci:2:006:0 s c0 bc 0800 23be 0002 2 <
ffff8e67c6eea000 3921756143 C Ci:2:006:0 0 2 = 0000
ffff8e67c6eea000 3921756241 S Co:2:006:0 s 40 bc 0900 0014 0002 2 = d39e
ffff8e67c6eea000 3921758799 C Co:2:006:0 0 2 >
ffff8e67c6eea000 3921758975 S Ci:2:006:0 s c0 bc 0900 001c 0002 2 <
ffff8e67c6eea000 3921761464 C Ci:2:006:0 0 2 = 2e6f
ffff8e67c6eea000 3921761643 S Co:2:006:0 s 40 bc 0800 00c0 0002 2 = 07c8
ffff8e67c6eea000 3921764152 C Co:2:006:0 0 2 >
ffff8e67c6eea000 3921764288 S Co:2:006:0 s 40 b9 0000 0000 0004 4 = 09009c02
ffff8e67c6eea000 3921766762 C Co:2:006:0 0 4 >
ffff8e67c6eea000 3921766918 S Ii:2:006:3 -115:1 3 <
ffff8e67c6eea000 3921768124 C Ii:2:006:3 0:1 3 = 100000
ffff8e67c6eea000 3921768337 S Ci:2:006:0 s c0 bc 0800 0016 0002 2 <
ffff8e67c6eea000 3921770981 C Ci:2:006:0 0 2 = 0900
ffff8e67c6eea000 3921771143 S Ci:2:006:0 s c0 bc 0900 001c 0002 2 <
ffff8e67c6eea000 3921773682 C Ci:2:006:0 0 2 = 2e6f
ffff8e67c6eea000 3921773780 S Ci:2:006:0 s c0 bc 0800 23be 0002 2 <
ffff8e67c6eea000 3921776416 C Ci:2:006:0 0 2 = 0000
ffff8e67c6eea000 3921776578 S Co:2:006:0 s 40 bc 0900 0014 0002 2 = d39e
ffff8e67c6eea000 3921779057 C Co:2:006:0 0 2 >
ffff8e67c6eea000 3921779416 S Ci:2:006:0 s c0 bc 0900 001c 0002 2 <
ffff8e67c6eea000 3921781864 C Ci:2:006:0 0 2 = 2e6f
ffff8e67c6eea000 3921781998 S Co:2:006:0 s 40 bc 0800 00c0 0004 4 = 9dcd3f00
ffff8e67c6eea000 3921784503 C Co:2:006:0 0 4 >
ffff8e67c6eea000 3921784689 S Co:2:006:0 s 40 b9 0000 0000 0004 4 = 09006603
ffff8e67c6eea000 3921787180 C Co:2:006:0 0 4 >
ffff8e67c6eea000 3921787271 S Ii:2:006:3 -115:1 3 <
ffff8e67c6eea000 3921788567 C Ii:2:006:3 0:1 3 = 100000
ffff8e67c6eea000 3921788704 S Ci:2:006:0 s c0 bc 0800 0016 0002 2 <
ffff8e67c6eea000 3921791298 C Ci:2:006:0 0 2 = 0900
ffff8e67c6eea000 3921791427 S Ci:2:006:0 s c0 bc 0900 001c 0002 2 <
ffff8e67c6eea000 3921794039 C Ci:2:006:0 0 2 = 2e6f
ffff8e67c6eea000 3921794266 S Ci:2:006:0 s c0 bc 0800 23be 0002 2 <
ffff8e67c6eea000 3921796850 C Ci:2:006:0 0 2 = 0000
ffff8e67c6eea000 3921796984 S Co:2:006:0 s 40 bc 0900 0014 0002 2 = d39e
ffff8e67c6eea000 3921799563 C Co:2:006:0 0 2 >
ffff8e67c6eea000 3921799696 S Ci:2:006:0 s c0 bc 0900 001c 0002 2 <
ffff8e67c6eea000 3921802322 C Ci:2:006:0 0 2 = 2e6f
ffff8e67c6eea000 3921802508 S Co:2:006:0 s 40 b9 0000 0000 0004 4 = 09016601
ffff8e67c6eea000 3921805023 C Co:2:006:0 0 4 >
ffff8e67c6eea000 3921805181 S Ii:2:006:3 -115:1 3 <
ffff8e67c6eea000 3921806439 C Ii:2:006:3 0:1 3 = 100000
ffff8e67c6eea000 3921806582 S Ci:2:006:0 s c0 bc 0800 0016 0002 2 <
ffff8e67c6eea000 3921809220 C Ci:2:006:0 0 2 = 0900
ffff8e67c6eea000 3921809333 S Ci:2:006:0 s c0 bc 0900 001c 0002 2 <
ffff8e67c6eea000 3921812033 C Ci:2:006:0 0 2 = 2e6f
ffff8e67c6eea000 3921812129 S Ci:2:006:0 s c0 bc 0800 23be 0004 4 <
ffff8e67c6eea000 3921814748 C Ci:2:006:0 0 4 = 0000b0e0
ffff8e67c6eea000 3921814910 S Co:2:006:0 s 40 bc 0800 00c0 0002 2 = 00cc
ffff8e67c6eea000 3921817446 C Co:2:006:0 0 2 >
ffff8e67c6eea000 3921817539 S Co:2:006:0 s 40 b9 0000 0000 0004 4 = 09009c02
ffff8e67c6eea000 3921820176 C Co:2:006:0 0 4 >
ffff8e67c6eea000 3921820308 S Ii:2:006:3 -115:1 3 <
ffff8e67c6eea000 3921821545 C Ii:2:006:3 0:1 3 = 100000
ffff8e67c6eea000 3921821683 S Ci:2:006:0 s c0 bc 0800 0016 0002 2 <
ffff8e67c6eea000 3921824344 C Ci:2:006:0 0 2 = 0900
ffff8e67c6eea000 3921824417 S Ci:2:006:0 s c0 bc 0900 001c 0002 2 <
ffff8e67c6eea000 3921827110 C Ci:2:006:0 0 2 = 2e6f
ffff8e67c6eea000 3921827295 S Ci:2:006:0 s c0 bc 0800 23be 0002 2 <
ffff8e67c6eea000 3921829856 C Ci:2:006:0 0 2 = 0000
ffff8e67c6eea000 3921829918 S Co:2:006:0 s 40 bc 0900 0014 0002 2 = d39e
ffff8e67c6eea000 3921832556 C Co:2:006:0 0 2 >
ffff8e67c6eea000 3921832671 S Ci:2:006:0 s c0 bc 0900 001c 0002 2 <
ffff8e67c6eea000 3921835290 C Ci:2:006:0 0 2 = 2e6f
ffff8e67c6eea000 3921835464 S Co:2:006:0 s 40 bc 0800 00c0 0002 2 = 51ed
ffff8e67c6eea000 3921838042 C Co:2:006:0 0 2 >
ffff8e67c6eea000 3921838144 S Co:2:006:0 s 40 b9 0000 0000 0004 4 = 09009c02
ffff8e67c6eea000 3921840841 C Co:2:006:0 0 4 >
ffff8e67c6eea000 3921841065 S Ii:2:006:3 -115:1 3 <
ffff8e67c6eea000 3921842197 C Ii:2:006:3 0:1 3 = 100000
ffff8e67c6eea000 3921842240 S Ci:2:006:0 s c0 bc 0800 0016 0002 2 <
ffff8e67c6eea000 3921844978 C Ci:2:006:0 0 2 = 0900
ffff8e67c6eea000 3921845138 S Ci:2:006:0 s c0 bc 0900 001c 0002 2 <
ffff8e67c6eea000 3921847809 C Ci:2:006:0 0 2 = 2e6f
ffff8e67c6eea000 3921847998 S Ci:2:006:0 s c0 bc 0800 23be 0002 2 <
ffff8e67c6eea000 3921850571 C Ci:2:006:0 0 2 = 0000
ffff8e67c6eea000 3921850701 S Co:2:006:0 s 40 bc 0900 0014 0002 2 = d39e
ffff8e67c6eea000 3921853306 C Co:2:006:0 0 2 >
ffff8e67c6eea000 3921853482 S Ci:2:006:0 s c0 bc 0900 001c 0002 2 <
ffff8e67c6eea000 3921855958 C Ci:2:006:0 0 2 = 2e6f
ffff8e67c6eea000 3921856047 S Co:2:006:0 s 40 bc 0800 00c0 0004 4 = 9dcd8800
ffff8e67c6eea000 3921858712 C Co:2:006:0 0 4 >
ffff8e67c6eea000 3921858874 S Co:2:006:0 s 40 b9 0000 0000 0004 4 = 09006603
ffff8e67c6eea000 3921861411 C Co:2:006:0 0 4 >
ffff8e67c6eea000 3921861540 S Ii:2:006:3 -115:1 3 <
ffff8e67c6eea000 3921862775 C Ii:2:006:3 0:1 3 = 100000
ffff8e67c6eea000 3921862901 S Ci:2:006:0 s c0 bc 0800 0016 0002 2 <
ffff8e67c6eea000 3921865587 C Ci:2:006:0 0 2 = 0900
ffff8e67c6eea000 3921865714 S Ci:2:006:0 s c0 bc 0900 001c 0002 2 <
ffff8e67c6eea000 3921868318 C Ci:2:006:0 0 2 = 2e6f
ffff8e67c6eea000 3921868422 S Ci:2:006:0 s c0 bc 0800 23be 0002 2 <
ffff8e67c6eea000 3921871133 C Ci:2:006:0 0 2 = 0000
ffff8e67c6eea000 3921871187 S Co:2:006:0 s 40 bc 0900 0014 0002 2 = d39e
ffff8e67c6eea000 3921873844 C Co:2:006:0 0 2 >
ffff8e67c6eea000 3921874019 S Ci:2:006:0 s c0 bc 0900 001c 0002 2 <
ffff8e67c6eea000 3921876547 C Ci:2:006:0 0 2 = 2e6f
ffff8e67c6eea000 3921876688 S Co:2:006:0 s 40 b9 0000 0000 0004 4 = 09016601
ffff8e67c6eea000 3921879327 C Co:2:006:0 0 4 >
ffff8e67c6eea000 3921879413 S Ii:2:006:3 -115:1 3 <
ffff8e67c6eea000 3921880658 C Ii:2:006:3 0:1 3 = 100000
ffff8e67c6eea000 3921880733 S Ci:2:006:0 s c0 bc 0800 0016 0002 2 <
ffff8e67c6eea000 3921883451 C Ci:2:006:0 0 2 = 0900
ffff8e67c6eea000 3921883561 S Ci:2:006:0 s c0 bc 0900 001c 0002 2 <
ffff8e67c6eea000 3921886193 C Ci:2:006:0 0 2 = 2e6f
ffff8e67c6eea000 3921886308 S Ci:2:006:0 s c0 bc 0800 23be 0004 4 <
ffff8e67c6eea000 3921888989 C Ci:2:006:0 0 4 = 0000b0e0
ffff8e67c6eea000 3921889199 S Co:2:006:0 s 40 bc 0800 00c0 0002 2 = b7ce
ffff8e67c6eea000 3921891701 C Co:2:006:0 0 2 >
ffff8e67c6eea000 3921891849 S Co:2:006:0 s 40 b9 0000 0000 0004 4 = 09009c02
ffff8e67c6eea000 3921894449 C Co:2:006:0 0 4 >
ffff8e67c6eea000 3921894529 S Ii:2:006:3 -115:1 3 <
ffff8e67c6eea000 3921895754 C Ii:2:006:3 0:1 3 = 100000
ffff8e67c6eea000 3921895870 S Ci:2:006:0 s c0 bc 0800 0016 0002 2 <
ffff8e67c6eea000 3921898582 C Ci:2:006:0 0 2 = 0900
ffff8e67c6eea000 3921898656 S Ci:2:006:0 s c0 bc 0900 001c 0002 2 <
ffff8e67c6eea000 3921901318 C Ci:2:006:0 0 2 = 2e6f
ffff8e67c6eea000 3921901454 S Ci:2:006:0 s c0 bc 0800 23be 0002 2 <
ffff8e67c6eea000 3921904089 C Ci:2:006:0 0 2 = 0000
ffff8e67c6eea000 3921904163 S Co:2:006:0 s 40 bc 0900 0014 0002 2 = d39e
ffff8e67c6eea000 3921906770 C Co:2:006:0 0 2 >
ffff8e67c6eea000 3921906912 S Ci:2:006:0 s c0 bc 0900 001c 0002 2 <
ffff8e67c6eea000 3921909676 C Ci:2:006:0 0 2 = 2e6f
ffff8e67c6eea000 3921909850 S Co:2:006:0 s 40 bc 0900 0014 0002 2 = d39e
ffff8e67c6eea000 3921912423 C Co:2:006:0 0 2 >
ffff8e67c6eea000 3921912508 S Co:2:006:0 s 40 bc 0900 0018 0002 2 = 020e
ffff8e67c6eea000 3921915064 C Co:2:006:0 0 2 >
ffff8e67c6eea000 3921915212 S Ci:2:006:0 s c0 bc 0900 0014 0002 2 <
ffff8e67c6eea000 3921917845 C Ci:2:006:0 0 2 = d39e
ffff8e67c6eea000 3921917940 S Ci:2:006:0 s c0 bc 0900 0018 0002 2 <
ffff8e67c6eea000 3921920521 C Ci:2:006:0 0 2 = 020e
ffff8e67c6eea000 3921920694 S Co:2:006:0 s 40 bc 0800 00c0 0002 2 = 240c
ffff8e67c6eea000 3921923272 C Co:2:006:0 0 2 >
ffff8e67c6eea000 3921923402 S Co:2:006:0 s 40 b9 0000 0000 0004 4 = 09009c02
ffff8e67c6eea000 3921926044 C Co:2:006:0 0 4 >
ffff8e67c6eea000 3921926225 S Ii:2:006:3 -115:1 3 <
ffff8e67c6eea000 3921927426 C Ii:2:006:3 0:1 3 = 100000
ffff8e67c6eea000 3921927564 S Ci:2:006:0 s c0 bc 0800 0016 0002 2 <
ffff8e67c6eea000 3921930217 C Ci:2:006:0 0 2 = 0900
ffff8e67c6eea000 3921930290 S Ci:2:006:0 s c0 bc 0900 001c 0002 2 <
ffff8e67c6eea000 3921933095 C Ci:2:006:0 0 2 = 2e6f
ffff8e67c6eea000 3921933159 S Ci:2:006:0 s c0 bc 0800 23be 0002 2 <
ffff8e67c6eea000 3921935568 C Ci:2:006:0 0 2 = 0000
ffff8e67c6eea000 3921935727 S Co:2:006:0 s 40 bc 0900 0014 0002 2 = d39e
ffff8e67c6eea000 3921938233 C Co:2:006:0 0 2 >
ffff8e67c6eea000 3921938405 S Ci:2:006:0 s c0 bc 0900 001c 0002 2 <
ffff8e67c6eea000 3921940968 C Ci:2:006:0 0 2 = 2e6f
ffff8e67c6eea000 3921941055 S Co:2:006:0 s 40 bc 0800 00c0 0002 2 = 21cd
ffff8e67c6eea000 3921943733 C Co:2:006:0 0 2 >
ffff8e67c6eea000 3921943893 S Co:2:006:0 s 40 b9 0000 0000 0004 4 = 09009c02
ffff8e67c6eea000 3921946422 C Co:2:006:0 0 4 >
ffff8e67c6eea000 3921946596 S Ii:2:006:3 -115:1 3 <
ffff8e67c6eea000 3921947775 C Ii:2:006:3 0:1 3 = 100000
ffff8e67c6eea000 3921947886 S Ci:2:006:0 s c0 bc 0800 0016 0002 2 <
ffff8e67c6eea000 3921950479 C Ci:2:006:0 0 2 = 0900
ffff8e67c6eea000 3921950638 S Ci:2:006:0 s c0 bc 0900 001c 0002 2 <
ffff8e67c6eea000 3921953301 C Ci:2:006:0 0 2 = 2e6f
ffff8e67c6eea000 3921953490 S Ci:2:006:0 s c0 bc 0800 23be 0002 2 <
ffff8e67c6eea000 3921956031 C Ci:2:006:0 0 2 = 0000
ffff8e67c6eea000 3921956171 S Co:2:006:0 s 40 bc 0900 0014 0002 2 = d39e
ffff8e67c6eea000 3921958831 C Co:2:006:0 0 2 >
ffff8e67c6eea000 3921958981 S Ci:2:006:0 s c0 bc 0900 001c 0002 2 <
ffff8e67c6eea000 3921961519 C Ci:2:006:0 0 2 = 2e6f
ffff8e67c6eea000 3921961680 S Co:2:006:0 s 40 bc 0800 00c0 0002 2 = 91c8
ffff8e67c6eea000 3921964298 C Co:2:006:0 0 2 >
ffff8e67c6eea000 3921964474 S Co:2:006:0 s 40 b9 0000 0000 0004 4 = 09009c02
ffff8e67c6eea000 3921966913 C Co:2:006:0 0 4 >
ffff8e67c6eea000 3921967153 S Ii:2:006:3 -115:1 3 <
ffff8e67c6eea000 3921968295 C Ii:2:006:3 0:1 3 = 100000
ffff8e67c6eea000 3921968361 S Ci:2:006:0 s c0 bc 0800 0016 0002 2 <
ffff8e67c6eea000 3921971053 C Ci:2:006:0 0 2 = 0900
ffff8e67c6eea000 3921971151 S Ci:2:006:0 s c0 bc 0900 001c 0002 2 <
ffff8e67c6eea000 3921973868 C Ci:2:006:0 0 2 = 2e6f
ffff8e67c6eea000 3921974033 S Ci:2:006:0 s c0 bc 0800 23be 0002 2 <
ffff8e67c6eea000 3921976520 C Ci:2:006:0 0 2 = 0000
ffff8e67c6eea000 3921976699 S Co:2:006:0 s 40 bc 0900 0014 0002 2 = d39e
ffff8e67c6eea000 3921979291 C Co:2:006:0 0 2 >
ffff8e67c6eea000 3921979431 S Ci:2:006:0 s c0 bc 0900 001c 0002 2 <
ffff8e67c6eea000 3921982117 C Ci:2:006:0 0 2 = 2e6f
ffff8e67c6eea000 3921982240 S Co:2:006:0 s 40 bc 0800 00c0 0002 2 = 0e8c
ffff8e67c6eea000 3921984862 C Co:2:006:0 0 2 >
ffff8e67c6eea000 3921985025 S Co:2:006:0 s 40 b9 0000 0000 0004 4 = 09009c02
ffff8e67c6eea000 3921987538 C Co:2:006:0 0 4 >
ffff8e67c6eea000 3921987673 S Ii:2:006:3 -115:1 3 <
ffff8e67c6eea000 3921988914 C Ii:2:006:3 0:1 3 = 100000
ffff8e67c6eea000 3921988985 S Ci:2:006:0 s c0 bc 0800 0016 0002 2 <
ffff8e67c6eea000 3921991715 C Ci:2:006:0 0 2 = 0900
ffff8e67c6eea000 3921991898 S Ci:2:006:0 s c0 bc 0900 001c 0002 2 <
ffff8e67c6eea000 3921994459 C Ci:2:006:0 0 2 = 2e6f
ffff8e67c6eea000 3921994515 S Ci:2:006:0 s c0 bc 0800 23be 0002 2 <
ffff8e67c6eea000 3921997168 C Ci:2:006:0 0 2 = 0000
ffff8e67c6eea000 3921997341 S Co:2:006:0 s 40 bc 0900 0014 0002 2 = d39e
ffff8e67c6eea000 3921999925 C Co:2:006:0 0 2 >
ffff8e67c6eea000 3922000089 S Ci:2:006:0 s c0 bc 0900 001c 0002 2 <
ffff8e67c6eea000 3922002716 C Ci:2:006:0 0 2 = 2e6f
ffff8e67c6eea000 3922002780 S Co:2:006:0 s 40 bc 0800 00c0 0002 2 = 11ec
ffff8e67c6eea000 3922005403 C Co:2:006:0 0 2 >
ffff8e67c6eea000 3922005589 S Co:2:006:0 s 40 b9 0000 0000 0004 4 = 09009c02
ffff8e67c6eea000 3922008142 C Co:2:006:0 0 4 >
ffff8e67c6eea000 3922008212 S Ii:2:006:3 -115:1 3 <
ffff8e67c6eea000 3922009469 C Ii:2:006:3 0:1 3 = 100000
ffff8e67c6eea000 3922009611 S Ci:2:006:0 s c0 bc 0800 0016 0002 2 <
ffff8e67c6eea000 3922012305 C Ci:2:006:0 0 2 = 0900
ffff8e67c6eea000 3922012485 S Ci:2:006:0 s c0 bc 0900 001c 0002 2 <
ffff8e67c6eea000 3922015104 C Ci:2:006:0 0 2 = 2e6f
ffff8e67c6eea000 3922015179 S Ci:2:006:0 s c0 bc 0800 23be 0002 2 <
ffff8e67c6eea000 3922017842 C Ci:2:006:0 0 2 = 0000
ffff8e67c6eea000 3922018023 S Co:2:006:0 s 40 bc 0900 0014 0002 2 = d39e
ffff8e67c6eea000 3922020510 C Co:2:006:0 0 2 >
ffff8e67c6eea000 3922020649 S Ci:2:006:0 s c0 bc 0900 001c 0002 2 <
ffff8e67c6eea000 3922023271 C Ci:2:006:0 0 2 = 2e6f
ffff8e67c6eea000 3922023453 S Co:2:006:0 s 40 bc 0800 00c0 0002 2 = 714c
ffff8e67c6eea000 3922026009 C Co:2:006:0 0 2 >
ffff8e67c6eea000 3922026144 S Co:2:006:0 s 40 b9 0000 0000 0004 4 = 09009c02
ffff8e67c6eea000 3922028815 C Co:2:006:0 0 4 >
ffff8e67c6eea000 3922029050 S Ii:2:006:3 -115:1 3 <
ffff8e67c6eea000 3922030126 C Ii:2:006:3 0:1 3 = 100000
ffff8e67c6eea000 3922030177 S Ci:2:006:0 s c0 bc 0800 0016 0002 2 <
ffff8e67c6eea000 3922032934 C Ci:2:006:0 0 2 = 0900
ffff8e67c6eea000 3922033124 S Ci:2:006:0 s c0 bc 0900 001c 0002 2 <
ffff8e67c6eea000 3922035672 C Ci:2:006:0 0 2 = 2e6f
ffff8e67c6eea000 3922035812 S Ci:2:006:0 s c0 bc 0800 23be 0002 2 <
ffff8e67c6eea000 3922038398 C Ci:2:006:0 0 2 = 0000
ffff8e67c6eea000 3922038535 S Co:2:006:0 s 40 bc 0900 0014 0002 2 = d39e
ffff8e67c6eea000 3922041157 C Co:2:006:0 0 2 >
ffff8e67c6eea000 3922041297 S Ci:2:006:0 s c0 bc 0900 001c 0002 2 <
ffff8e67c6eea000 3922043935 C Ci:2:006:0 0 2 = 2e6f
ffff8e67c6eea000 3922044101 S Co:2:006:0 s 40 bc 0800 00c0 0002 2 = 04cc
ffff8e67c6eea000 3922046756 C Co:2:006:0 0 2 >
ffff8e67c6eea000 3922046896 S Co:2:006:0 s 40 b9 0000 0000 0004 4 = 09009c02
ffff8e67c6eea000 3922049442 C Co:2:006:0 0 4 >
ffff8e67c6eea000 3922049590 S Ii:2:006:3 -115:1 3 <
ffff8e67c6eea000 3922050763 C Ii:2:006:3 0:1 3 = 100000
ffff8e67c6eea000 3922050900 S Ci:2:006:0 s c0 bc 0800 0016 0002 2 <
ffff8e67c6eea000 3922053562 C Ci:2:006:0 0 2 = 0900
ffff8e67c6eea000 3922053713 S Ci:2:006:0 s c0 bc 0900 001c 0002 2 <
ffff8e67c6eea000 3922056279 C Ci:2:006:0 0 2 = 2e6f
ffff8e67c6eea000 3922056444 S Ci:2:006:0 s c0 bc 0800 23be 0002 2 <
ffff8e67c6eea000 3922058932 C Ci:2:006:0 0 2 = 0000
ffff8e67c6eea000 3922059110 S Co:2:006:0 s 40 bc 0900 0014 0002 2 = d39e
ffff8e67c6eea000 3922061635 C Co:2:006:0 0 2 >
ffff8e67c6eea000 3922061788 S Ci:2:006:0 s c0 bc 0900 001c 0002 2 <
ffff8e67c6eea000 3922064444 C Ci:2:006:0 0 2 = 2e6f
ffff8e67c6eea000 3922064541 S Co:2:006:0 s 40 bc 0800 00c0 0004 4 = 9dcd6600
ffff8e67c6eea000 3922067169 C Co:2:006:0 0 4 >
ffff8e67c6eea000 3922067308 S Co:2:006:0 s 40 b9 0000 0000 0004 4 = 09006603
ffff8e67c6eea000 3922069926 C Co:2:006:0 0 4 >
ffff8e67c6eea000 3922070116 S Ii:2:006:3 -115:1 3 <
ffff8e67c6eea000 3922071181 C Ii:2:006:3 0:1 3 = 100000
ffff8e67c6eea000 3922071229 S Ci:2:006:0 s c0 bc 0800 0016 0002 2 <
ffff8e67c6eea000 3922074132 C Ci:2:006:0 0 2 = 0900
ffff8e67c6eea000 3922074201 S Ci:2:006:0 s c0 bc 0900 001c 0002 2 <
ffff8e67c6eea000 3922076850 C Ci:2:006:0 0 2 = 2e6f
ffff8e67c6eea000 3922076951 S Ci:2:006:0 s c0 bc 0800 23be 0002 2 <
ffff8e67c6eea000 3922079515 C Ci:2:006:0 0 2 = 0000
ffff8e67c6eea000 3922079646 S Co:2:006:0 s 40 bc 0900 0014 0002 2 = d39e
ffff8e67c6eea000 3922082237 C Co:2:006:0 0 2 >
ffff8e67c6eea000 3922082370 S Ci:2:006:0 s c0 bc 0900 001c 0002 2 <
ffff8e67c6eea000 3922084930 C Ci:2:006:0 0 2 = 2e6f
ffff8e67c6eea000 3922085088 S Co:2:006:0 s 40 b9 0000 0000 0004 4 = 09016601
ffff8e67c6eea000 3922087728 C Co:2:006:0 0 4 >
ffff8e67c6eea000 3922087954 S Ii:2:006:3 -115:1 3 <
ffff8e67c6eea000 3922088973 C Ii:2:006:3 0:1 3 = 100000
ffff8e67c6eea000 3922089105 S Ci:2:006:0 s c0 bc 0800 0016 0002 2 <
ffff8e67c6eea000 3922091837 C Ci:2:006:0 0 2 = 0900
ffff8e67c6eea000 3922091973 S Ci:2:006:0 s c0 bc 0900 001c 0002 2 <
ffff8e67c6eea000 3922094553 C Ci:2:006:0 0 2 = 2e6f
ffff8e67c6eea000 3922094692 S Ci:2:006:0 s c0 bc 0800 23be 0004 4 <
ffff8e67c6eea000 3922097350 C Ci:2:006:0 0 4 = 0000b2e0
ffff8e67c6eea000 3922097482 S Co:2:006:0 s 40 bc 0800 00c0 0004 4 = 9dcd6500
ffff8e67c6eea000 3922099965 C Co:2:006:0 0 4 >
ffff8e67c6eea000 3922100132 S Co:2:006:0 s 40 b9 0000 0000 0004 4 = 09006603
ffff8e67c6eea000 3922102822 C Co:2:006:0 0 4 >
ffff8e67c6eea000 3922102896 S Ii:2:006:3 -115:1 3 <
ffff8e67c6eea000 3922104119 C Ii:2:006:3 0:1 3 = 100000
ffff8e67c6eea000 3922104209 S Ci:2:006:0 s c0 bc 0800 0016 0002 2 <
ffff8e67c6eea000 3922106923 C Ci:2:006:0 0 2 = 0900
ffff8e67c6eea000 3922107087 S Ci:2:006:0 s c0 bc 0900 001c 0002 2 <
ffff8e67c6eea000 3922109702 C Ci:2:006:0 0 2 = 2e6f
ffff8e67c6eea000 3922109848 S Ci:2:006:0 s c0 bc 0800 23be 0002 2 <
ffff8e67c6eea000 3922112413 C Ci:2:006:0 0 2 = 0000
ffff8e67c6eea000 3922112548 S Co:2:006:0 s 40 bc 0900 0014 0002 2 = d39e
ffff8e67c6eea000 3922115183 C Co:2:006:0 0 2 >
ffff8e67c6eea000 3922115442 S Ci:2:006:0 s c0 bc 0900 001c 0002 2 <
ffff8e67c6eea000 3922117950 C Ci:2:006:0 0 2 = 2e6f
ffff8e67c6eea000 3922118118 S Co:2:006:0 s 40 b9 0000 0000 0004 4 = 09016601
ffff8e67c6eea000 3922120699 C Co:2:006:0 0 4 >
ffff8e67c6eea000 3922120832 S Ii:2:006:3 -115:1 3 <
ffff8e67c6eea000 3922121998 C Ii:2:006:3 0:1 3 = 100000
ffff8e67c6eea000 3922122142 S Ci:2:006:0 s c0 bc 0800 0016 0002 2 <
ffff8e67c6eea000 3922124810 C Ci:2:006:0 0 2 = 0900
ffff8e67c6eea000 3922124942 S Ci:2:006:0 s c0 bc 0900 001c 0002 2 <
ffff8e67c6eea000 3922127556 C Ci:2:006:0 0 2 = 2e6f
ffff8e67c6eea000 3922127691 S Ci:2:006:0 s c0 bc 0800 23be 0004 4 <
ffff8e67c6eea000 3922130244 C Ci:2:006:0 0 4 = 0000b2e0
ffff8e67c6eea000 3922130369 S Co:2:006:0 s 40 bc 0800 00c0 0004 4 = 9dcd6800
ffff8e67c6eea000 3922133035 C Co:2:006:0 0 4 >
ffff8e67c6eea000 3922133211 S Co:2:006:0 s 40 b9 0000 0000 0004 4 = 09006603
ffff8e67c6eea000 3922135808 C Co:2:006:0 0 4 >
ffff8e67c6eea000 3922135945 S Ii:2:006:3 -115:1 3 <
ffff8e67c6eea000 3922137112 C Ii:2:006:3 0:1 3 = 100000
ffff8e67c6eea000 3922137170 S Ci:2:006:0 s c0 bc 0800 0016 0002 2 <
ffff8e67c6eea000 3922139955 C Ci:2:006:0 0 2 = 0900
ffff8e67c6eea000 3922140096 S Ci:2:006:0 s c0 bc 0900 001c 0002 2 <
ffff8e67c6eea000 3922142786 C Ci:2:006:0 0 2 = 2e6f
ffff8e67c6eea000 3922142904 S Ci:2:006:0 s c0 bc 0800 23be 0002 2 <
ffff8e67c6eea000 3922145443 C Ci:2:006:0 0 2 = 0000
ffff8e67c6eea000 3922145577 S Co:2:006:0 s 40 bc 0900 0014 0002 2 = d39e
ffff8e67c6eea000 3922148159 C Co:2:006:0 0 2 >
ffff8e67c6eea000 3922148290 S Ci:2:006:0 s c0 bc 0900 001c 0002 2 <
ffff8e67c6eea000 3922150916 C Ci:2:006:0 0 2 = 2e6f
ffff8e67c6eea000 3922151070 S Co:2:006:0 s 40 b9 0000 0000 0004 4 = 09016601
ffff8e67c6eea000 3922153660 C Co:2:006:0 0 4 >
ffff8e67c6eea000 3922153762 S Ii:2:006:3 -115:1 3 <
ffff8e67c6eea000 3922154983 C Ii:2:006:3 0:1 3 = 100000
ffff8e67c6eea000 3922155101 S Ci:2:006:0 s c0 bc 0800 0016 0002 2 <
ffff8e67c6eea000 3922157866 C Ci:2:006:0 0 2 = 0900
ffff8e67c26dbcc0 3922158279 S Ci:2:006:0 s c0 bc 0900 001c 0002 2 <
ffff8e67c26dbcc0 3922160704 C Ci:2:006:0 0 2 = 2e6f
ffff8e67c26dbcc0 3922160837 S Ci:2:006:0 s c0 bc 0800 23be 0004 4 <
ffff8e67c26dbcc0 3922163397 C Ci:2:006:0 0 4 = 0000b2e0
ffff8e67c26dbcc0 3922163528 S Co:2:006:0 s 40 bc 0800 00c0 0004 4 = 9dcd6700
ffff8e67c26dbcc0 3922166156 C Co:2:006:0 0 4 >
ffff8e67c26dbcc0 3922166288 S Co:2:006:0 s 40 b9 0000 0000 0004 4 = 09006603
ffff8e67c26dbcc0 3922168936 C Co:2:006:0 0 4 >
ffff8e67c26dbcc0 3922169087 S Ii:2:006:3 -115:1 3 <
ffff8e67c26dbcc0 3922170249 C Ii:2:006:3 0:1 3 = 100000
ffff8e67c26dbcc0 3922170382 S Ci:2:006:0 s c0 bc 0800 0016 0002 2 <
ffff8e67c26dbcc0 3922173085 C Ci:2:006:0 0 2 = 0900
ffff8e67c26dbcc0 3922173218 S Ci:2:006:0 s c0 bc 0900 001c 0002 2 <
ffff8e67c26dbcc0 3922175801 C Ci:2:006:0 0 2 = 2e6f
ffff8e67c26dbcc0 3922175925 S Ci:2:006:0 s c0 bc 0800 23be 0002 2 <
ffff8e67c26dbcc0 3922178537 C Ci:2:006:0 0 2 = 0000
ffff8e67c26dbcc0 3922178673 S Co:2:006:0 s 40 bc 0900 0014 0002 2 = d39e
ffff8e67c26dbcc0 3922181274 C Co:2:006:0 0 2 >
ffff8e67c26dbcc0 3922181408 S Ci:2:006:0 s c0 bc 0900 001c 0002 2 <
ffff8e67c26dbcc0 3922183916 C Ci:2:006:0 0 2 = 2e6f
ffff8e67c26dbcc0 3922184066 S Co:2:006:0 s 40 b9 0000 0000 0004 4 = 09016601
ffff8e67c26dbcc0 3922186706 C Co:2:006:0 0 4 >
ffff8e67c26dbcc0 3922186852 S Ii:2:006:3 -115:1 3 <
ffff8e67c26dbcc0 3922188006 C Ii:2:006:3 0:1 3 = 100000
ffff8e67c26dbcc0 3922188144 S Ci:2:006:0 s c0 bc 0800 0016 0002 2 <
ffff8e67c26dbcc0 3922190789 C Ci:2:006:0 0 2 = 0900
ffff8e67c26dbcc0 3922190923 S Ci:2:006:0 s c0 bc 0900 001c 0002 2 <
ffff8e67c26dbcc0 3922193491 C Ci:2:006:0 0 2 = 2e6f
ffff8e67c26dbcc0 3922193625 S Ci:2:006:0 s c0 bc 0800 23be 0004 4 <
ffff8e67c26dbcc0 3922196258 C Ci:2:006:0 0 4 = 0000b2e0
ffff8e67c26dbcc0 3922196394 S Co:2:006:0 s 40 bc 0800 00c0 0004 4 = 9dcd6600
ffff8e67c26dbcc0 3922199033 C Co:2:006:0 0 4 >
ffff8e67c26dbcc0 3922199241 S Co:2:006:0 s 40 b9 0000 0000 0004 4 = 09006603
ffff8e67c26dbcc0 3922201814 C Co:2:006:0 0 4 >
ffff8e67c26dbcc0 3922201941 S Ii:2:006:3 -115:1 3 <
ffff8e67c26dbcc0 3922203126 C Ii:2:006:3 0:1 3 = 100000
ffff8e67c26dbcc0 3922203196 S Ci:2:006:0 s c0 bc 0800 0016 0002 2 <
ffff8e67c26dbcc0 3922205799 C Ci:2:006:0 0 2 = 0900
ffff8e67c26dbcc0 3922205933 S Ci:2:006:0 s c0 bc 0900 001c 0002 2 <
ffff8e67c26dbcc0 3922208516 C Ci:2:006:0 0 2 = 2e6f
ffff8e67c26dbcc0 3922208655 S Ci:2:006:0 s c0 bc 0800 23be 0002 2 <
ffff8e67c26dbcc0 3922211285 C Ci:2:006:0 0 2 = 0000
ffff8e67c26dbcc0 3922211443 S Co:2:006:0 s 40 bc 0900 0014 0002 2 = d39e
ffff8e67c26dbcc0 3922214071 C Co:2:006:0 0 2 >
ffff8e67c26dbcc0 3922214220 S Ci:2:006:0 s c0 bc 0900 001c 0002 2 <
ffff8e67c26dbcc0 3922216823 C Ci:2:006:0 0 2 = 2e6f
ffff8e67c26dbcc0 3922216957 S Co:2:006:0 s 40 b9 0000 0000 0004 4 = 09016601
ffff8e67c26dbcc0 3922219538 C Co:2:006:0 0 4 >
ffff8e67c26dbcc0 3922219669 S Ii:2:006:3 -115:1 3 <
ffff8e67c26dbcc0 3922220867 C Ii:2:006:3 0:1 3 = 100000
ffff8e67c26dbcc0 3922221000 S Ci:2:006:0 s c0 bc 0800 0016 0002 2 <
ffff8e67c26dbcc0 3922223711 C Ci:2:006:0 0 2 = 0900
ffff8e67c26dbcc0 3922223847 S Ci:2:006:0 s c0 bc 0900 001c 0002 2 <
ffff8e67c26dbcc0 3922226396 C Ci:2:006:0 0 2 = 2e6f
ffff8e67c26dbcc0 3922226529 S Ci:2:006:0 s c0 bc 0800 23be 0004 4 <
ffff8e67c26dbcc0 3922229165 C Ci:2:006:0 0 4 = 0000b2e0
ffff8e67c26dbcc0 3922229299 S Co:2:006:0 s 40 bc 0800 00c0 0004 4 = 9dcd6500
ffff8e67c26dbcc0 3922231955 C Co:2:006:0 0 4 >
ffff8e67c26dbcc0 3922232109 S Co:2:006:0 s 40 b9 0000 0000 0004 4 = 09006603
ffff8e67c26dbcc0 3922234689 C Co:2:006:0 0 4 >
ffff8e67c26dbcc0 3922234820 S Ii:2:006:3 -115:1 3 <
ffff8e67c26dbcc0 3922235998 C Ii:2:006:3 0:1 3 = 100000
ffff8e67c26dbcc0 3922236139 S Ci:2:006:0 s c0 bc 0800 0016 0002 2 <
ffff8e67c26dbcc0 3922238820 C Ci:2:006:0 0 2 = 0900
ffff8e67c26dbcc0 3922238959 S Ci:2:006:0 s c0 bc 0900 001c 0002 2 <
ffff8e67c26dbcc0 3922241511 C Ci:2:006:0 0 2 = 2e6f
ffff8e67c26dbcc0 3922241656 S Ci:2:006:0 s c0 bc 0800 23be 0002 2 <
ffff8e67c26dbcc0 3922244244 C Ci:2:006:0 0 2 = 0000
ffff8e67c26dbcc0 3922244379 S Co:2:006:0 s 40 bc 0900 0014 0002 2 = d39e
ffff8e67c26dbcc0 3922247025 C Co:2:006:0 0 2 >
ffff8e67c26dbcc0 3922247194 S Ci:2:006:0 s c0 bc 0900 001c 0002 2 <
ffff8e67c26dbcc0 3922249853 C Ci:2:006:0 0 2 = 2e6f
ffff8e67c26dbcc0 3922249987 S Co:2:006:0 s 40 b9 0000 0000 0004 4 = 09016601
ffff8e67c26dbcc0 3922252530 C Co:2:006:0 0 4 >
ffff8e67c26dbcc0 3922252668 S Ii:2:006:3 -115:1 3 <
ffff8e67c26dbcc0 3922253849 C Ii:2:006:3 0:1 3 = 100000
ffff8e67c26dbcc0 3922253994 S Ci:2:006:0 s c0 bc 0800 0016 0002 2 <
ffff8e67c26dbcc0 3922256707 C Ci:2:006:0 0 2 = 0900
ffff8e67c26dbcc0 3922256845 S Ci:2:006:0 s c0 bc 0900 001c 0002 2 <
ffff8e67c26dbcc0 3922259441 C Ci:2:006:0 0 2 = 2e6f
ffff8e67c26dbcc0 3922259579 S Ci:2:006:0 s c0 bc 0800 23be 0004 4 <
ffff8e67c26dbcc0 3922262120 C Ci:2:006:0 0 4 = 0000b2e0
ffff8e67c26dbcc0 3922262268 S Co:2:006:0 s 40 bc 0800 00c0 0004 4 = 9dcd6800
ffff8e67c26dbcc0 3922264881 C Co:2:006:0 0 4 >
ffff8e67c26dbcc0 3922265019 S Co:2:006:0 s 40 b9 0000 0000 0004 4 = 09006603
ffff8e67c26dbcc0 3922267673 C Co:2:006:0 0 4 >
ffff8e67c26dbcc0 3922267808 S Ii:2:006:3 -115:1 3 <
ffff8e67c26dbcc0 3922268984 C Ii:2:006:3 0:1 3 = 100000
ffff8e67c26dbcc0 3922269121 S Ci:2:006:0 s c0 bc 0800 0016 0002 2 <
ffff8e67c26dbcc0 3922271833 C Ci:2:006:0 0 2 = 0900
ffff8e67c26dbcc0 3922271976 S Ci:2:006:0 s c0 bc 0900 001c 0002 2 <
ffff8e67c26dbcc0 3922274514 C Ci:2:006:0 0 2 = 2e6f
ffff8e67c26dbcc0 3922274653 S Ci:2:006:0 s c0 bc 0800 23be 0002 2 <
ffff8e67c26dbcc0 3922277315 C Ci:2:006:0 0 2 = 0000
ffff8e67c26dbcc0 3922277456 S Co:2:006:0 s 40 bc 0900 0014 0002 2 = d39e
ffff8e67c26dbcc0 3922280019 C Co:2:006:0 0 2 >
ffff8e67c26dbcc0 3922280189 S Ci:2:006:0 s c0 bc 0900 001c 0002 2 <
ffff8e67c26dbcc0 3922282829 C Ci:2:006:0 0 2 = 2e6f
ffff8e67c26dbcc0 3922283054 S Co:2:006:0 s 40 b9 0000 0000 0004 4 = 09016601
ffff8e67c26dbcc0 3922285531 C Co:2:006:0 0 4 >
ffff8e67c26dbcc0 3922285672 S Ii:2:006:3 -115:1 3 <
ffff8e67c26dbcc0 3922286883 C Ii:2:006:3 0:1 3 = 100000
ffff8e67c26dbcc0 3922287085 S Ci:2:006:0 s c0 bc 0800 0016 0002 2 <
ffff8e67c26dbcc0 3922289694 C Ci:2:006:0 0 2 = 0900
ffff8e67c26dbcc0 3922289827 S Ci:2:006:0 s c0 bc 0900 001c 0002 2 <
ffff8e67c26dbcc0 3922292390 C Ci:2:006:0 0 2 = 2e6f
ffff8e67c26dbcc0 3922292524 S Ci:2:006:0 s c0 bc 0800 23be 0004 4 <
ffff8e67c26dbcc0 3922295129 C Ci:2:006:0 0 4 = 0000b2e0
ffff8e67c26dbcc0 3922295265 S Co:2:006:0 s 40 bc 0800 00c0 0004 4 = 9dcd6700
ffff8e67c26dbcc0 3922297949 C Co:2:006:0 0 4 >
ffff8e67c26dbcc0 3922298095 S Co:2:006:0 s 40 b9 0000 0000 0004 4 = 09006603
ffff8e67c26dbcc0 3922300673 C Co:2:006:0 0 4 >
ffff8e67c26dbcc0 3922300808 S Ii:2:006:3 -115:1 3 <
ffff8e67c26dbcc0 3922302031 C Ii:2:006:3 0:1 3 = 100000
ffff8e67c26dbcc0 3922302203 S Ci:2:006:0 s c0 bc 0800 0016 0002 2 <
ffff8e67c26dbcc0 3922304815 C Ci:2:006:0 0 2 = 0900
ffff8e67c26dbcc0 3922304951 S Ci:2:006:0 s c0 bc 0900 001c 0002 2 <
ffff8e67c26dbcc0 3922307555 C Ci:2:006:0 0 2 = 2e6f
ffff8e67c26dbcc0 3922307688 S Ci:2:006:0 s c0 bc 0800 23be 0002 2 <
ffff8e67c26dbcc0 3922310344 C Ci:2:006:0 0 2 = 0000
ffff8e67c26dbcc0 3922310475 S Co:2:006:0 s 40 bc 0900 0014 0002 2 = d39e
ffff8e67c26dbcc0 3922313003 C Co:2:006:0 0 2 >
ffff8e67c26dbcc0 3922313141 S Ci:2:006:0 s c0 bc 0900 001c 0002 2 <
ffff8e67c26dbcc0 3922315754 C Ci:2:006:0 0 2 = 2e6f
ffff8e67c26dbcc0 3922315888 S Co:2:006:0 s 40 b9 0000 0000 0004 4 = 09016601
ffff8e67c26dbcc0 3922318493 C Co:2:006:0 0 4 >
ffff8e67c26dbcc0 3922318625 S Ii:2:006:3 -115:1 3 <
ffff8e67c26dbcc0 3922319829 C Ii:2:006:3 0:1 3 = 100000
ffff8e67c26dbcc0 3922319974 S Ci:2:006:0 s c0 bc 0800 0016 0002 2 <
ffff8e67c26dbcc0 3922322688 C Ci:2:006:0 0 2 = 0900
ffff8e67c26dbcc0 3922322823 S Ci:2:006:0 s c0 bc 0900 001c 0002 2 <
ffff8e67c26dbcc0 3922325463 C Ci:2:006:0 0 2 = 2e6f
ffff8e67c26dbcc0 3922325607 S Ci:2:006:0 s c0 bc 0800 23be 0004 4 <
ffff8e67c26dbcc0 3922328169 C Ci:2:006:0 0 4 = 0000b2e0
ffff8e67c26dbcc0 3922328303 S Co:2:006:0 s 40 bc 0800 00c0 0004 4 = 9dcd6600
ffff8e67c26dbcc0 3922330897 C Co:2:006:0 0 4 >
ffff8e67c26dbcc0 3922331062 S Co:2:006:0 s 40 b9 0000 0000 0004 4 = 09006603
ffff8e67c26dbcc0 3922333687 C Co:2:006:0 0 4 >
ffff8e67c26dbcc0 3922333818 S Ii:2:006:3 -115:1 3 <
ffff8e67c26dbcc0 3922334984 C Ii:2:006:3 0:1 3 = 100000
ffff8e67c26dbcc0 3922335117 S Ci:2:006:0 s c0 bc 0800 0016 0002 2 <
ffff8e67c26dbcc0 3922337828 C Ci:2:006:0 0 2 = 0900
ffff8e67c26dbcc0 3922337964 S Ci:2:006:0 s c0 bc 0900 001c 0002 2 <
ffff8e67c26dbcc0 3922340511 C Ci:2:006:0 0 2 = 2e6f
ffff8e67c26dbcc0 3922340647 S Ci:2:006:0 s c0 bc 0800 23be 0002 2 <
ffff8e67c26dbcc0 3922343336 C Ci:2:006:0 0 2 = 0000
ffff8e67c26dbcc0 3922343474 S Co:2:006:0 s 40 bc 0900 0014 0002 2 = d39e
ffff8e67c26dbcc0 3922346013 C Co:2:006:0 0 2 >
ffff8e67c26dbcc0 3922346180 S Ci:2:006:0 s c0 bc 0900 001c 0002 2 <
ffff8e67c26dbcc0 3922348809 C Ci:2:006:0 0 2 = 2e6f
ffff8e67c26dbcc0 3922348941 S Co:2:006:0 s 40 b9 0000 0000 0004 4 = 09016601
ffff8e67c26dbcc0 3922351538 C Co:2:006:0 0 4 >
ffff8e67c26dbcc0 3922351620 S Ii:2:006:3 -115:1 3 <
ffff8e67c26dbcc0 3922352830 C Ii:2:006:3 0:1 3 = 100000
ffff8e67c26dbcc0 3922352960 S Ci:2:006:0 s c0 bc 0800 0016 0002 2 <
ffff8e67c26dbcc0 3922355682 C Ci:2:006:0 0 2 = 0900
ffff8e67c26dbcc0 3922355830 S Ci:2:006:0 s c0 bc 0900 001c 0002 2 <
ffff8e67c26dbcc0 3922358421 C Ci:2:006:0 0 2 = 2e6f
ffff8e67c26dbcc0 3922358559 S Ci:2:006:0 s c0 bc 0800 23be 0004 4 <
ffff8e67c26dbcc0 3922361109 C Ci:2:006:0 0 4 = 0000b2e0
ffff8e67c26dbcc0 3922361285 S Co:2:006:0 s 40 bc 0800 00c0 0004 4 = 9dcd6500
ffff8e67c26dbcc0 3922363827 C Co:2:006:0 0 4 >
ffff8e67c26dbcc0 3922363958 S Co:2:006:0 s 40 b9 0000 0000 0004 4 = 09006603
ffff8e67c26dbcc0 3922366474 C Co:2:006:0 0 4 >
ffff8e67c26dbcc0 3922366608 S Ii:2:006:3 -115:1 3 <
ffff8e67c26dbcc0 3922367835 C Ii:2:006:3 0:1 3 = 100000
ffff8e67c26dbcc0 3922367968 S Ci:2:006:0 s c0 bc 0800 0016 0002 2 <
ffff8e67c26dbcc0 3922370660 C Ci:2:006:0 0 2 = 0900
ffff8e67c26dbcc0 3922370767 S Ci:2:006:0 s c0 bc 0900 001c 0002 2 <
ffff8e67c26dbcc0 3922373406 C Ci:2:006:0 0 2 = 2e6f
ffff8e67c26dbcc0 3922373543 S Ci:2:006:0 s c0 bc 0800 23be 0002 2 <
ffff8e67c26dbcc0 3922376101 C Ci:2:006:0 0 2 = 0000
ffff8e67c26dbcc0 3922376212 S Co:2:006:0 s 40 bc 0900 0014 0002 2 = d39e
ffff8e67c26dbcc0 3922378856 C Co:2:006:0 0 2 >
ffff8e67c26dbcc0 3922378953 S Ci:2:006:0 s c0 bc 0900 001c 0002 2 <
ffff8e67c26dbcc0 3922381564 C Ci:2:006:0 0 2 = 2e6f
ffff8e67c26dbcc0 3922381701 S Co:2:006:0 s 40 b9 0000 0000 0004 4 = 09016601
ffff8e67c26dbcc0 3922384261 C Co:2:006:0 0 4 >
ffff8e67c26dbcc0 3922384406 S Ii:2:006:3 -115:1 3 <
ffff8e67c26dbcc0 3922385601 C Ii:2:006:3 0:1 3 = 100000
ffff8e67c26dbcc0 3922385736 S Ci:2:006:0 s c0 bc 0800 0016 0002 2 <
ffff8e67c26dbcc0 3922388411 C Ci:2:006:0 0 2 = 0900
ffff8e67c26dbcc0 3922388511 S Ci:2:006:0 s c0 bc 0900 001c 0002 2 <
ffff8e67c26dbcc0 3922391175 C Ci:2:006:0 0 2 = 2e6f
ffff8e67c26dbcc0 3922391305 S Ci:2:006:0 s c0 bc 0800 23be 0004 4 <
ffff8e67c26dbcc0 3922393904 C Ci:2:006:0 0 4 = 0000b2e0
ffff8e67c26dbcc0 3922394072 S Co:2:006:0 s 40 bc 0800 00c0 0004 4 = 9dcd6800
ffff8e67c26dbcc0 3922396673 C Co:2:006:0 0 4 >
ffff8e67c26dbcc0 3922396809 S Co:2:006:0 s 40 b9 0000 0000 0004 4 = 09006603
ffff8e67c26dbcc0 3922399392 C Co:2:006:0 0 4 >
ffff8e67c26dbcc0 3922399522 S Ii:2:006:3 -115:1 3 <
ffff8e67c26dbcc0 3922400730 C Ii:2:006:3 0:1 3 = 100000
ffff8e67c26dbcc0 3922400860 S Ci:2:006:0 s c0 bc 0800 0016 0002 2 <
ffff8e67c26dbcc0 3922403491 C Ci:2:006:0 0 2 = 0900
ffff8e67c26dbcc0 3922403624 S Ci:2:006:0 s c0 bc 0900 001c 0002 2 <
ffff8e67c26dbcc0 3922406239 C Ci:2:006:0 0 2 = 2e6f
ffff8e67c26dbcc0 3922406341 S Ci:2:006:0 s c0 bc 0800 23be 0002 2 <
ffff8e67c26dbcc0 3922409039 C Ci:2:006:0 0 2 = 0000
ffff8e67c26dbcc0 3922409204 S Co:2:006:0 s 40 bc 0900 0014 0002 2 = d39e
ffff8e67c26dbcc0 3922411803 C Co:2:006:0 0 2 >
ffff8e67c26dbcc0 3922411939 S Ci:2:006:0 s c0 bc 0900 001c 0002 2 <
ffff8e67c26dbcc0 3922414585 C Ci:2:006:0 0 2 = 2e6f
ffff8e67c26dbcc0 3922414718 S Co:2:006:0 s 40 b9 0000 0000 0004 4 = 09016601
ffff8e67c26dbcc0 3922417304 C Co:2:006:0 0 4 >
ffff8e67c26dbcc0 3922417433 S Ii:2:006:3 -115:1 3 <
ffff8e67c26dbcc0 3922418690 C Ii:2:006:3 0:1 3 = 100000
ffff8e67c26dbcc0 3922418848 S Ci:2:006:0 s c0 bc 0800 0016 0002 2 <
ffff8e67c26dbcc0 3922421468 C Ci:2:006:0 0 2 = 0900
ffff8e67c26dbcc0 3922421643 S Ci:2:006:0 s c0 bc 0900 001c 0002 2 <
ffff8e67c26dbcc0 3922424216 C Ci:2:006:0 0 2 = 2e6f
ffff8e67c26dbcc0 3922424285 S Ci:2:006:0 s c0 bc 0800 23be 0004 4 <
ffff8e67c26dbcc0 3922426998 C Ci:2:006:0 0 4 = 0000b2e0
ffff8e67c26dbcc0 3922427128 S Co:2:006:0 s 40 bc 0800 00c0 0004 4 = 9dcd6700
ffff8e67c26dbcc0 3922429929 C Co:2:006:0 0 4 >
ffff8e67c26dbcc0 3922430141 S Co:2:006:0 s 40 b9 0000 0000 0004 4 = 09006603
ffff8e67c26dbcc0 3922432653 C Co:2:006:0 0 4 >
ffff8e67c26dbcc0 3922433014 S Ii:2:006:3 -115:1 3 <
ffff8e67c26dbcc0 3922433843 C Ii:2:006:3 0:1 3 = 100000
ffff8e67c26dbcc0 3922433941 S Ci:2:006:0 s c0 bc 0800 0016 0002 2 <
ffff8e67c26dbcc0 3922436745 C Ci:2:006:0 0 2 = 0900
ffff8e67c26dbcc0 3922436924 S Ci:2:006:0 s c0 bc 0900 001c 0002 2 <
ffff8e67c26dbcc0 3922439427 C Ci:2:006:0 0 2 = 2e6f
ffff8e67c26dbcc0 3922439516 S Ci:2:006:0 s c0 bc 0800 23be 0002 2 <
ffff8e67c26dbcc0 3922442113 C Ci:2:006:0 0 2 = 0000
ffff8e67c26dbcc0 3922442246 S Co:2:006:0 s 40 bc 0900 0014 0002 2 = d39e
ffff8e67c26dbcc0 3922444782 C Co:2:006:0 0 2 >
ffff8e67c26dbcc0 3922444949 S Ci:2:006:0 s c0 bc 0900 001c 0002 2 <
ffff8e67c26dbcc0 3922447655 C Ci:2:006:0 0 2 = 2e6f
ffff8e67c26dbcc0 3922447803 S Co:2:006:0 s 40 b9 0000 0000 0004 4 = 09016601
ffff8e67c26dbcc0 3922450371 C Co:2:006:0 0 4 >
ffff8e67c26dbcc0 3922450946 S Ii:2:006:3 -115:1 3 <
ffff8e67c26dbcc0 3922451720 C Ii:2:006:3 0:1 3 = 100000
ffff8e67c26dbcc0 3922451880 S Ci:2:006:0 s c0 bc 0800 0016 0002 2 <
ffff8e67c26dbcc0 3922454458 C Ci:2:006:0 0 2 = 0900
ffff8e67c26dbcc0 3922454498 S Ci:2:006:0 s c0 bc 0900 001c 0002 2 <
ffff8e67c26dbcc0 3922457127 C Ci:2:006:0 0 2 = 2e6f
ffff8e67c26dbcc0 3922457268 S Ci:2:006:0 s c0 bc 0800 23be 0004 4 <
ffff8e67c26dbcc0 3922459868 C Ci:2:006:0 0 4 = 0000b2e0
ffff8e67c26dbcc0 3922459949 S Co:2:006:0 s 40 bc 0800 00c0 0004 4 = 9dcd6600
ffff8e67c26dbcc0 3922462598 C Co:2:006:0 0 4 >
ffff8e67c26dbcc0 3922462788 S Co:2:006:0 s 40 b9 0000 0000 0004 4 = 09006603
ffff8e67c26dbcc0 3922465350 C Co:2:006:0 0 4 >
ffff8e67c26dbcc0 3922465412 S Ii:2:006:3 -115:1 3 <
ffff8e67c26dbcc0 3922466745 C Ii:2:006:3 0:1 3 = 100000
ffff8e67c4a970c0 3922467645 S Ci:2:006:0 s c0 bc 0800 0016 0002 2 <
ffff8e67c4a970c0 3922469518 C Ci:2:006:0 0 2 = 0900
ffff8e67c4a970c0 3922469574 S Ci:2:006:0 s c0 bc 0900 001c 0002 2 <
ffff8e67c4a970c0 3922472245 C Ci:2:006:0 0 2 = 2e6f
ffff8e67c4a970c0 3922472368 S Ci:2:006:0 s c0 bc 0800 23be 0002 2 <
ffff8e67c4a970c0 3922475145 C Ci:2:006:0 0 2 = 0000
ffff8e67c4a970c0 3922475224 S Co:2:006:0 s 40 bc 0900 0014 0002 2 = d39e
ffff8e67c4a970c0 3922477794 C Co:2:006:0 0 2 >
ffff8e67c4a970c0 3922477921 S Ci:2:006:0 s c0 bc 0900 001c 0002 2 <
ffff8e67c4a970c0 3922480558 C Ci:2:006:0 0 2 = 2e6f
ffff8e67c4a970c0 3922480622 S Co:2:006:0 s 40 b9 0000 0000 0004 4 = 09016601
ffff8e67c4a970c0 3922483220 C Co:2:006:0 0 4 >
ffff8e67c4a970c0 3922483279 S Ii:2:006:3 -115:1 3 <
ffff8e67c4a970c0 3922484598 C Ii:2:006:3 0:1 3 = 100000
ffff8e67c4a970c0 3922484658 S Ci:2:006:0 s c0 bc 0800 0016 0002 2 <
ffff8e67c4a970c0 3922487435 C Ci:2:006:0 0 2 = 0900
ffff8e67c4a970c0 3922487494 S Ci:2:006:0 s c0 bc 0900 001c 0002 2 <
ffff8e67c4a970c0 3922490159 C Ci:2:006:0 0 2 = 2e6f
ffff8e67c4a970c0 3922490221 S Ci:2:006:0 s c0 bc 0800 23be 0004 4 <
ffff8e67c4a970c0 3922492948 C Ci:2:006:0 0 4 = 0000b2e0
ffff8e67c4a970c0 3922493014 S Co:2:006:0 s 40 bc 0800 00c0 0004 4 = 9dcd6500
ffff8e67c4a970c0 3922495892 C Co:2:006:0 0 4 >
ffff8e67c4a970c0 3922496111 S Co:2:006:0 s 40 b9 0000 0000 0004 4 = 09006603
ffff8e67c4a970c0 3922498746 C Co:2:006:0 0 4 >
ffff8e67c4a970c0 3922498839 S Ii:2:006:3 -115:1 3 <
ffff8e67c4a970c0 3922500082 C Ii:2:006:3 0:1 3 = 100000
ffff8e67c4a970c0 3922500187 S Ci:2:006:0 s c0 bc 0800 0016 0002 2 <
ffff8e67c4a970c0 3922502868 C Ci:2:006:0 0 2 = 0900
ffff8e67c4a970c0 3922502947 S Ci:2:006:0 s c0 bc 0900 001c 0002 2 <
ffff8e67c4a970c0 3922505739 C Ci:2:006:0 0 2 = 2e6f
ffff8e67c4a970c0 3922505842 S Ci:2:006:0 s c0 bc 0800 23be 0002 2 <
ffff8e67c4a970c0 3922508437 C Ci:2:006:0 0 2 = 0000
ffff8e67c4a970c0 3922508500 S Co:2:006:0 s 40 bc 0900 0014 0002 2 = d39e
ffff8e67c4a970c0 3922511118 C Co:2:006:0 0 2 >
ffff8e67c4a970c0 3922511169 S Ci:2:006:0 s c0 bc 0900 001c 0002 2 <
ffff8e67c4a970c0 3922513792 C Ci:2:006:0 0 2 = 2e6f
ffff8e67c4a970c0 3922513852 S Co:2:006:0 s 40 b9 0000 0000 0004 4 = 09016601
ffff8e67c4a970c0 3922516540 C Co:2:006:0 0 4 >
ffff8e67c4a970c0 3922516593 S Ii:2:006:3 -115:1 3 <
ffff8e67c4a970c0 3922517860 C Ii:2:006:3 0:1 3 = 100000
ffff8e67c4a970c0 3922517914 S Ci:2:006:0 s c0 bc 0800 0016 0002 2 <
ffff8e67c4a970c0 3922520664 C Ci:2:006:0 0 2 = 0900
ffff8e67c4a970c0 3922520721 S Ci:2:006:0 s c0 bc 0900 001c 0002 2 <
ffff8e67c4a970c0 3922523421 C Ci:2:006:0 0 2 = 2e6f
ffff8e67c4a970c0 3922523465 S Ci:2:006:0 s c0 bc 0800 23be 0004 4 <
ffff8e67c4a970c0 3922526176 C Ci:2:006:0 0 4 = 0000b2e0
ffff8e67c4a970c0 3922526222 S Co:2:006:0 s 40 bc 0800 00c0 0004 4 = 9dcd6800
ffff8e67c4a970c0 3922528799 C Co:2:006:0 0 4 >
ffff8e67c4a970c0 3922528865 S Co:2:006:0 s 40 b9 0000 0000 0004 4 = 09006603
ffff8e67c4a970c0 3922531482 C Co:2:006:0 0 4 >
ffff8e67c4a970c0 3922531528 S Ii:2:006:3 -115:1 3 <
ffff8e67c4a970c0 3922532763 C Ii:2:006:3 0:1 3 = 100000
ffff8e67c4a970c0 3922532818 S Ci:2:006:0 s c0 bc 0800 0016 0002 2 <
ffff8e67c4a970c0 3922535686 C Ci:2:006:0 0 2 = 0900
ffff8e67c4a970c0 3922535834 S Ci:2:006:0 s c0 bc 0900 001c 0002 2 <
ffff8e67c4a970c0 3922538323 C Ci:2:006:0 0 2 = 2e6f
ffff8e67c4a970c0 3922538356 S Ci:2:006:0 s c0 bc 0800 23be 0002 2 <
ffff8e67c4a970c0 3922541111 C Ci:2:006:0 0 2 = 0000
ffff8e67c4a970c0 3922541157 S Co:2:006:0 s 40 bc 0900 0014 0002 2 = d39e
ffff8e67c4a970c0 3922543694 C Co:2:006:0 0 2 >
ffff8e67c4a970c0 3922543782 S Ci:2:006:0 s c0 bc 0900 001c 0002 2 <
ffff8e67c4a970c0 3922546435 C Ci:2:006:0 0 2 = 2e6f
ffff8e67c4a970c0 3922546479 S Co:2:006:0 s 40 b9 0000 0000 0004 4 = 09016601
ffff8e67c4a970c0 3922549076 C Co:2:006:0 0 4 >
ffff8e67c4a970c0 3922549159 S Ii:2:006:3 -115:1 3 <
ffff8e67c4a970c0 3922550413 C Ii:2:006:3 0:1 3 = 100000
ffff8e67c4a970c0 3922550451 S Ci:2:006:0 s c0 bc 0800 0016 0002 2 <
ffff8e67c4a970c0 3922553094 C Ci:2:006:0 0 2 = 0900
ffff8e67c4a970c0 3922553183 S Ci:2:006:0 s c0 bc 0900 001c 0002 2 <
ffff8e67c4a970c0 3922555709 C Ci:2:006:0 0 2 = 2e6f
ffff8e67c4a970c0 3922555747 S Ci:2:006:0 s c0 bc 0800 23be 0004 4 <
ffff8e67c4a970c0 3922558406 C Ci:2:006:0 0 4 = 0000b2e0
ffff8e67c4a970c0 3922558433 S Co:2:006:0 s 40 bc 0800 00c0 0004 4 = 9dcd6700
ffff8e67c4a970c0 3922561199 C Co:2:006:0 0 4 >
ffff8e67c4a970c0 3922561297 S Co:2:006:0 s 40 b9 0000 0000 0004 4 = 09006603
ffff8e67c4a970c0 3922563869 C Co:2:006:0 0 4 >
ffff8e67c4a970c0 3922563937 S Ii:2:006:3 -115:1 3 <
ffff8e67c4a970c0 3922565178 C Ii:2:006:3 0:1 3 = 100000
ffff8e67c4a970c0 3922565348 S Ci:2:006:0 s c0 bc 0800 0016 0002 2 <
ffff8e67c4a970c0 3922567845 C Ci:2:006:0 0 2 = 0900
ffff8e67c4a970c0 3922567896 S Ci:2:006:0 s c0 bc 0900 001c 0002 2 <
ffff8e67c4a970c0 3922570584 C Ci:2:006:0 0 2 = 2e6f
ffff8e67c4a970c0 3922570624 S Ci:2:006:0 s c0 bc 0800 23be 0002 2 <
ffff8e67c4a970c0 3922573113 C Ci:2:006:0 0 2 = 0000
ffff8e67c4a970c0 3922573159 S Co:2:006:0 s 40 bc 0900 0014 0002 2 = d39e
ffff8e67c4a970c0 3922575631 C Co:2:006:0 0 2 >
ffff8e67c4a970c0 3922575713 S Ci:2:006:0 s c0 bc 0900 001c 0002 2 <
ffff8e67c4a970c0 3922578254 C Ci:2:006:0 0 2 = 2e6f
ffff8e67c4a970c0 3922578300 S Co:2:006:0 s 40 b9 0000 0000 0004 4 = 09016601
ffff8e67c4a970c0 3922580970 C Co:2:006:0 0 4 >
ffff8e67c4a970c0 3922581038 S Ii:2:006:3 -115:1 3 <
ffff8e67c4a970c0 3922582278 C Ii:2:006:3 0:1 3 = 100000
ffff8e67c4a970c0 3922582356 S Ci:2:006:0 s c0 bc 0800 0016 0002 2 <
ffff8e67c4a970c0 3922585137 C Ci:2:006:0 0 2 = 0900
ffff8e67c4a970c0 3922585175 S Ci:2:006:0 s c0 bc 0900 001c 0002 2 <
ffff8e67c4a970c0 3922587738 C Ci:2:006:0 0 2 = 2e6f
ffff8e67c4a970c0 3922587816 S Ci:2:006:0 s c0 bc 0800 23be 0004 4 <
ffff8e67c4a970c0 3922590550 C Ci:2:006:0 0 4 = 0000b2e0
ffff8e67c4a970c0 3922590589 S Co:2:006:0 s 40 bc 0800 00c0 0004 4 = 9dcd6600
ffff8e67c4a970c0 3922593292 C Co:2:006:0 0 4 >
ffff8e67c4a970c0 3922593376 S Co:2:006:0 s 40 b9 0000 0000 0004 4 = 09006603
ffff8e67c4a970c0 3922596095 C Co:2:006:0 0 4 >
ffff8e67c4a970c0 3922596140 S Ii:2:006:3 -115:1 3 <
ffff8e67c4a970c0 3922597363 C Ii:2:006:3 0:1 3 = 100000
ffff8e67c4a970c0 3922597445 S Ci:2:006:0 s c0 bc 0800 0016 0002 2 <
ffff8e67c4a970c0 3922600159 C Ci:2:006:0 0 2 = 0900
ffff8e67c4a970c0 3922600198 S Ci:2:006:0 s c0 bc 0900 001c 0002 2 <
ffff8e67c4a970c0 3922602763 C Ci:2:006:0 0 2 = 2e6f
ffff8e67c4a970c0 3922602841 S Ci:2:006:0 s c0 bc 0800 23be 0002 2 <
ffff8e67c4a970c0 3922605539 C Ci:2:006:0 0 2 = 0000
ffff8e67c4a970c0 3922605603 S Co:2:006:0 s 40 bc 0900 0014 0002 2 = d39e
ffff8e67c4a970c0 3922608228 C Co:2:006:0 0 2 >
ffff8e67c4a970c0 3922608309 S Ci:2:006:0 s c0 bc 0900 001c 0002 2 <
ffff8e67c4a970c0 3922611105 C Ci:2:006:0 0 2 = 2e6f
ffff8e67c4a970c0 3922611155 S Co:2:006:0 s 40 b9 0000 0000 0004 4 = 09016601
ffff8e67c4a970c0 3922613755 C Co:2:006:0 0 4 >
ffff8e67c4a970c0 3922613835 S Ii:2:006:3 -115:1 3 <
ffff8e67c4a970c0 3922615087 C Ii:2:006:3 0:1 3 = 100000
ffff8e67c4a970c0 3922615167 S Ci:2:006:0 s c0 bc 0800 0016 0002 2 <
ffff8e67c4a970c0 3922617795 C Ci:2:006:0 0 2 = 0900
ffff8e67c4a970c0 3922617835 S Ci:2:006:0 s c0 bc 0900 001c 0002 2 <
ffff8e67c4a970c0 3922620512 C Ci:2:006:0 0 2 = 2e6f
ffff8e67c4a970c0 3922620594 S Ci:2:006:0 s c0 bc 0800 23be 0004 4 <
ffff8e67c4a970c0 3922623183 C Ci:2:006:0 0 4 = 0000b2e0
ffff8e67c4a970c0 3922623215 S Co:2:006:0 s 40 bc 0800 00c0 0004 4 = 9dcd6500
ffff8e67c4a970c0 3922625813 C Co:2:006:0 0 4 >
ffff8e67c4a970c0 3922625913 S Co:2:006:0 s 40 b9 0000 0000 0004 4 = 09006603
ffff8e67c4a970c0 3922628744 C Co:2:006:0 0 4 >
ffff8e67c4a970c0 3922628863 S Ii:2:006:3 -115:1 3 <
ffff8e67c4a970c0 3922630146 C Ii:2:006:3 0:1 3 = 100000
ffff8e67c4a970c0 3922630183 S Ci:2:006:0 s c0 bc 0800 0016 0002 2 <
ffff8e67c4a970c0 3922632903 C Ci:2:006:0 0 2 = 0900
ffff8e67c4a970c0 3922632985 S Ci:2:006:0 s c0 bc 0900 001c 0002 2 <
ffff8e67c4a970c0 3922635671 C Ci:2:006:0 0 2 = 2e6f
ffff8e67c4a970c0 3922635711 S Ci:2:006:0 s c0 bc 0800 23be 0002 2 <
ffff8e67c4a970c0 3922638424 C Ci:2:006:0 0 2 = 0000
ffff8e67c4a970c0 3922638470 S Co:2:006:0 s 40 bc 0900 0014 0002 2 = d39e
ffff8e67c4a970c0 3922641155 C Co:2:006:0 0 2 >
ffff8e67c4a970c0 3922641182 S Ci:2:006:0 s c0 bc 0900 001c 0002 2 <
ffff8e67c4a970c0 3922643943 C Ci:2:006:0 0 2 = 2e6f
ffff8e67c4a970c0 3922644048 S Co:2:006:0 s 40 b9 0000 0000 0004 4 = 09016601
ffff8e67c4a970c0 3922646788 C Co:2:006:0 0 4 >
ffff8e67c4a970c0 3922646830 S Ii:2:006:3 -115:1 3 <
ffff8e67c4a970c0 3922648149 C Ii:2:006:3 0:1 3 = 100000
ffff8e67c4a970c0 3922648211 S Ci:2:006:0 s c0 bc 0800 0016 0002 2 <
ffff8e67c4a970c0 3922650916 C Ci:2:006:0 0 2 = 0900
ffff8e67c4a970c0 3922650998 S Ci:2:006:0 s c0 bc 0900 001c 0002 2 <
ffff8e67c4a970c0 3922653629 C Ci:2:006:0 0 2 = 2e6f
ffff8e67c4a970c0 3922653698 S Ci:2:006:0 s c0 bc 0800 23be 0004 4 <
ffff8e67c4a970c0 3922656402 C Ci:2:006:0 0 4 = 0000b2e0
ffff8e67c4a970c0 3922656479 S Co:2:006:0 s 40 bc 0800 00c0 0004 4 = 9dcd6800
ffff8e67c4a970c0 3922659206 C Co:2:006:0 0 4 >
ffff8e67c4a970c0 3922659257 S Co:2:006:0 s 40 b9 0000 0000 0004 4 = 09006603
ffff8e67c4a970c0 3922661855 C Co:2:006:0 0 4 >
ffff8e67c4a970c0 3922661986 S Ii:2:006:3 -115:1 3 <
ffff8e67c4a970c0 3922663201 C Ii:2:006:3 0:1 3 = 100000
ffff8e67c4a970c0 3922663283 S Ci:2:006:0 s c0 bc 0800 0016 0002 2 <
ffff8e67c4a970c0 3922665935 C Ci:2:006:0 0 2 = 0900
ffff8e67c4a970c0 3922665963 S Ci:2:006:0 s c0 bc 0900 001c 0002 2 <
ffff8e67c4a970c0 3922668867 C Ci:2:006:0 0 2 = 2e6f
ffff8e67c4a970c0 3922668948 S Ci:2:006:0 s c0 bc 0800 23be 0002 2 <
ffff8e67c4a970c0 3922671533 C Ci:2:006:0 0 2 = 0000
ffff8e67c4a970c0 3922671573 S Co:2:006:0 s 40 bc 0900 0014 0002 2 = d39e
ffff8e67c4a970c0 3922674243 C Co:2:006:0 0 2 >
ffff8e67c4a970c0 3922674325 S Ci:2:006:0 s c0 bc 0900 001c 0002 2 <
ffff8e67c4a970c0 3922676890 C Ci:2:006:0 0 2 = 2e6f
ffff8e67c4a970c0 3922676929 S Co:2:006:0 s 40 b9 0000 0000 0004 4 = 09016601
ffff8e67c4a970c0 3922679647 C Co:2:006:0 0 4 >
ffff8e67c4a970c0 3922679685 S Ii:2:006:3 -115:1 3 <
ffff8e67c4a970c0 3922680967 C Ii:2:006:3 0:1 3 = 100000
ffff8e67c4a970c0 3922681055 S Ci:2:006:0 s c0 bc 0800 0016 0002 2 <
ffff8e67c4a970c0 3922683788 C Ci:2:006:0 0 2 = 0900
ffff8e67c4a970c0 3922683828 S Ci:2:006:0 s c0 bc 0900 001c 0002 2 <
ffff8e67c4a970c0 3922686608 C Ci:2:006:0 0 2 = 2e6f
ffff8e67c4a970c0 3922686682 S Ci:2:006:0 s c0 bc 0800 23be 0004 4 <
ffff8e67c4a970c0 3922689219 C Ci:2:006:0 0 4 = 0000b2e0
ffff8e67c4a970c0 3922689250 S Co:2:006:0 s 40 bc 0800 00c0 0004 4 = 9dcd6700
ffff8e67c4a970c0 3922691993 C Co:2:006:0 0 4 >
ffff8e67c4a970c0 3922692090 S Co:2:006:0 s 40 b9 0000 0000 0004 4 = 09006603
ffff8e67c4a970c0 3922694770 C Co:2:006:0 0 4 >
ffff8e67c4a970c0 3922694808 S Ii:2:006:3 -115:1 3 <
ffff8e67c4a970c0 3922696127 C Ii:2:006:3 0:1 3 = 100000
ffff8e67c4a970c0 3922696204 S Ci:2:006:0 s c0 bc 0800 0016 0002 2 <
ffff8e67c4a970c0 3922698877 C Ci:2:006:0 0 2 = 0900
ffff8e67c4a970c0 3922698916 S Ci:2:006:0 s c0 bc 0900 001c 0002 2 <
ffff8e67c4a970c0 3922701672 C Ci:2:006:0 0 2 = 2e6f
ffff8e67c4a970c0 3922701754 S Ci:2:006:0 s c0 bc 0800 23be 0002 2 <
ffff8e67c4a970c0 3922704435 C Ci:2:006:0 0 2 = 0000
ffff8e67c4a970c0 3922704472 S Co:2:006:0 s 40 bc 0900 0014 0002 2 = d39e
ffff8e67c4a970c0 3922707118 C Co:2:006:0 0 2 >
ffff8e67c4a970c0 3922707193 S Ci:2:006:0 s c0 bc 0900 001c 0002 2 <
ffff8e67c4a970c0 3922709807 C Ci:2:006:0 0 2 = 2e6f
ffff8e67c4a970c0 3922709847 S Co:2:006:0 s 40 b9 0000 0000 0004 4 = 09016601
ffff8e67c4a970c0 3922712530 C Co:2:006:0 0 4 >
ffff8e67c4a970c0 3922712608 S Ii:2:006:3 -115:1 3 <
ffff8e67c4a970c0 3922713834 C Ii:2:006:3 0:1 3 = 100000
ffff8e67c4a970c0 3922713871 S Ci:2:006:0 s c0 bc 0800 0016 0002 2 <
ffff8e67c4a970c0 3922716676 C Ci:2:006:0 0 2 = 0900
ffff8e67c4a970c0 3922716758 S Ci:2:006:0 s c0 bc 0900 001c 0002 2 <
ffff8e67c4a970c0 3922719413 C Ci:2:006:0 0 2 = 2e6f
ffff8e67c4a970c0 3922719444 S Ci:2:006:0 s c0 bc 0800 23be 0004 4 <
ffff8e67c4a970c0 3922722105 C Ci:2:006:0 0 4 = 0000b2e0
ffff8e67c4a970c0 3922722195 S Co:2:006:0 s 40 bc 0800 00c0 0004 4 = 9dcd6600
ffff8e67c4a970c0 3922724914 C Co:2:006:0 0 4 >
ffff8e67c4a970c0 3922724961 S Co:2:006:0 s 40 b9 0000 0000 0004 4 = 09006603
ffff8e67c4a970c0 3922727688 C Co:2:006:0 0 4 >
ffff8e67c4a970c0 3922727729 S Ii:2:006:3 -115:1 3 <
ffff8e67c4a970c0 3922728929 C Ii:2:006:3 0:1 3 = 100000
ffff8e67c4a970c0 3922728969 S Ci:2:006:0 s c0 bc 0800 0016 0002 2 <
ffff8e67c4a970c0 3922731809 C Ci:2:006:0 0 2 = 0900
ffff8e67c4a970c0 3922731853 S Ci:2:006:0 s c0 bc 0900 001c 0002 2 <
ffff8e67c4a970c0 3922734507 C Ci:2:006:0 0 2 = 2e6f
ffff8e67c4a970c0 3922734544 S Ci:2:006:0 s c0 bc 0800 23be 0002 2 <
ffff8e67c4a970c0 3922737223 C Ci:2:006:0 0 2 = 0000
ffff8e67c4a970c0 3922737241 S Co:2:006:0 s 40 bc 0900 0014 0002 2 = d39e
ffff8e67c4a970c0 3922740103 C Co:2:006:0 0 2 >
ffff8e67c4a970c0 3922740144 S Ci:2:006:0 s c0 bc 0900 001c 0002 2 <
ffff8e67c4a970c0 3922742794 C Ci:2:006:0 0 2 = 2e6f
ffff8e67c4a970c0 3922742839 S Co:2:006:0 s 40 b9 0000 0000 0004 4 = 09016601
ffff8e67c4a970c0 3922745482 C Co:2:006:0 0 4 >
ffff8e67c4a970c0 3922745520 S Ii:2:006:3 -115:1 3 <
ffff8e67c4a970c0 3922746837 C Ii:2:006:3 0:1 3 = 100000
ffff8e67c4a970c0 3922746879 S Ci:2:006:0 s c0 bc 0800 0016 0002 2 <
ffff8e67c4a970c0 3922749640 C Ci:2:006:0 0 2 = 0900
ffff8e67c4a970c0 3922749682 S Ci:2:006:0 s c0 bc 0900 001c 0002 2 <
ffff8e67c4a970c0 3922752390 C Ci:2:006:0 0 2 = 2e6f
ffff8e67c4a970c0 3922752422 S Ci:2:006:0 s c0 bc 0800 23be 0004 4 <
ffff8e67c4a970c0 3922755104 C Ci:2:006:0 0 4 = 0000b2e0
ffff8e67c4a970c0 3922755139 S Co:2:006:0 s 40 bc 0800 00c0 0004 4 = 9dcd6500
ffff8e67c4a970c0 3922757791 C Co:2:006:0 0 4 >
ffff8e67c4a970c0 3922757822 S Co:2:006:0 s 40 b9 0000 0000 0004 4 = 09006603
ffff8e67c4a970c0 3922760532 C Co:2:006:0 0 4 >
ffff8e67c4a970c0 3922760575 S Ii:2:006:3 -115:1 3 <
ffff8e67c4a970c0 3922761837 C Ii:2:006:3 0:1 3 = 100000
ffff8e67c4a970c0 3922761878 S Ci:2:006:0 s c0 bc 0800 0016 0002 2 <
ffff8e67c4a970c0 3922764668 C Ci:2:006:0 0 2 = 0900
ffff8e67c4a970c0 3922764711 S Ci:2:006:0 s c0 bc 0900 001c 0002 2 <
ffff8e67c4a970c0 3922767438 C Ci:2:006:0 0 2 = 2e6f
ffff8e67c4a970c0 3922767470 S Ci:2:006:0 s c0 bc 0800 23be 0002 2 <
ffff8e67c4a970c0 3922770177 C Ci:2:006:0 0 2 = 0000
ffff8e67c4a970c0 3922770218 S Co:2:006:0 s 40 bc 0900 0014 0002 2 = d39e
ffff8e67c4a970c0 3922772852 C Co:2:006:0 0 2 >
ffff8e67c4a970c0 3922772896 S Ci:2:006:0 s c0 bc 0900 001c 0002 2 <
ffff8e67c4a970c0 3922775660 C Ci:2:006:0 0 2 = 2e6f
ffff8e67c4a970c0 3922775704 S Co:2:006:0 s 40 b9 0000 0000 0004 4 = 09016601
ffff8e67c4a970c0 3922778353 C Co:2:006:0 0 4 >
ffff8e67c4a970c0 3922778392 S Ii:2:006:3 -115:1 3 <
ffff8e67c4a970c0 3922779655 C Ii:2:006:3 0:1 3 = 100000
ffff8e67c4a970c0 3922779697 S Ci:2:006:0 s c0 bc 0800 0016 0002 2 <
ffff8e67c4a970c0 3922782532 C Ci:2:006:0 0 2 = 0900
ffff8e67c4a970c0 3922782564 S Ci:2:006:0 s c0 bc 0900 001c 0002 2 <
ffff8e67c4a970c0 3922785284 C Ci:2:006:0 0 2 = 2e6f
ffff8e67c4a970c0 3922785329 S Ci:2:006:0 s c0 bc 0800 23be 0004 4 <
ffff8e67c4a970c0 3922788013 C Ci:2:006:0 0 4 = 0000b2e0
ffff8e67c4a970c0 3922788062 S Co:2:006:0 s 40 bc 0800 00c0 0004 4 = 9dcd6800
ffff8e67c4a970c0 3922790764 C Co:2:006:0 0 4 >
ffff8e67c4a970c0 3922790808 S Co:2:006:0 s 40 b9 0000 0000 0004 4 = 09006603
ffff8e67c4a970c0 3922793494 C Co:2:006:0 0 4 >
ffff8e67c4a970c0 3922793535 S Ii:2:006:3 -115:1 3 <
ffff8e67c4a970c0 3922794827 C Ii:2:006:3 0:1 3 = 100000
ffff8e67c4a970c0 3922794868 S Ci:2:006:0 s c0 bc 0800 0016 0002 2 <
ffff8e67c4a970c0 3922797673 C Ci:2:006:0 0 2 = 0900
ffff8e67c4a970c0 3922797713 S Ci:2:006:0 s c0 bc 0900 001c 0002 2 <
ffff8e67c4a970c0 3922800367 C Ci:2:006:0 0 2 = 2e6f
ffff8e67c4a970c0 3922800403 S Ci:2:006:0 s c0 bc 0800 23be 0002 2 <
ffff8e67c4a970c0 3922803124 C Ci:2:006:0 0 2 = 0000
ffff8e67c4a970c0 3922803211 S Co:2:006:0 s 40 bc 0900 0014 0002 2 = d39e
ffff8e67c4a970c0 3922805829 C Co:2:006:0 0 2 >
ffff8e67c4a970c0 3922805873 S Ci:2:006:0 s c0 bc 0900 001c 0002 2 <
ffff8e67c4a970c0 3922808529 C Ci:2:006:0 0 2 = 2e6f
ffff8e67c4a970c0 3922808573 S Co:2:006:0 s 40 b9 0000 0000 0004 4 = 09016601
ffff8e67c4a970c0 3922811176 C Co:2:006:0 0 4 >
ffff8e67c4a970c0 3922811204 S Ii:2:006:3 -115:1 3 <
ffff8e67c4a970c0 3922812590 C Ii:2:006:3 0:1 3 = 100000
ffff8e67c4a970c0 3922812632 S Ci:2:006:0 s c0 bc 0800 0016 0002 2 <
ffff8e67c4a970c0 3922815371 C Ci:2:006:0 0 2 = 0900
ffff8e67c4a970c0 3922815447 S Ci:2:006:0 s c0 bc 0900 001c 0002 2 <
ffff8e67c4a970c0 3922818122 C Ci:2:006:0 0 2 = 2e6f
ffff8e67c4a970c0 3922818158 S Ci:2:006:0 s c0 bc 0800 23be 0004 4 <
ffff8e67c4a970c0 3922820757 C Ci:2:006:0 0 4 = 0000b2e0
ffff8e67c4a970c0 3922820793 S Co:2:006:0 s 40 bc 0800 00c0 0004 4 = 9dcd6700
ffff8e67c4a970c0 3922823515 C Co:2:006:0 0 4 >
ffff8e67c4a970c0 3922823559 S Co:2:006:0 s 40 b9 0000 0000 0004 4 = 09006603
ffff8e67c4a970c0 3922826222 C Co:2:006:0 0 4 >
ffff8e67c4a970c0 3922826259 S Ii:2:006:3 -115:1 3 <
ffff8e67c4a970c0 3922827579 C Ii:2:006:3 0:1 3 = 100000
ffff8e67c4a970c0 3922827620 S Ci:2:006:0 s c0 bc 0800 0016 0002 2 <
ffff8e67c4a970c0 3922830372 C Ci:2:006:0 0 2 = 0900
ffff8e67c4a970c0 3922830415 S Ci:2:006:0 s c0 bc 0900 001c 0002 2 <
ffff8e67c4a970c0 3922833121 C Ci:2:006:0 0 2 = 2e6f
ffff8e67c4a970c0 3922833157 S Ci:2:006:0 s c0 bc 0800 23be 0002 2 <
ffff8e67c4a970c0 3922835849 C Ci:2:006:0 0 2 = 0000
ffff8e67c4a970c0 3922835882 S Co:2:006:0 s 40 bc 0900 0014 0002 2 = d39e
ffff8e67c4a970c0 3922838647 C Co:2:006:0 0 2 >
ffff8e67c4a970c0 3922838691 S Ci:2:006:0 s c0 bc 0900 001c 0002 2 <
ffff8e67c4a970c0 3922841403 C Ci:2:006:0 0 2 = 2e6f
ffff8e67c4a970c0 3922841437 S Co:2:006:0 s 40 b9 0000 0000 0004 4 = 09016601
ffff8e67c4a970c0 3922844111 C Co:2:006:0 0 4 >
ffff8e67c4a970c0 3922844151 S Ii:2:006:3 -115:1 3 <
ffff8e67c4a970c0 3922845458 C Ii:2:006:3 0:1 3 = 100000
ffff8e67c4a970c0 3922845499 S Ci:2:006:0 s c0 bc 0800 0016 0002 2 <
ffff8e67c4a970c0 3922848203 C Ci:2:006:0 0 2 = 0900
ffff8e67c4a970c0 3922848247 S Ci:2:006:0 s c0 bc 0900 001c 0002 2 <
ffff8e67c4a970c0 3922851000 C Ci:2:006:0 0 2 = 2e6f
ffff8e67c4a970c0 3922851037 S Ci:2:006:0 s c0 bc 0800 23be 0004 4 <
ffff8e67c4a970c0 3922853759 C Ci:2:006:0 0 4 = 0000b2e0
ffff8e67c4a970c0 3922853799 S Co:2:006:0 s 40 bc 0800 00c0 0004 4 = 9dcd6600
ffff8e67c4a970c0 3922856505 C Co:2:006:0 0 4 >
ffff8e67c4a970c0 3922856546 S Co:2:006:0 s 40 b9 0000 0000 0004 4 = 09006603
ffff8e67c4a970c0 3922859300 C Co:2:006:0 0 4 >
ffff8e67c4a970c0 3922859343 S Ii:2:006:3 -115:1 3 <
ffff8e67c4a970c0 3922860518 C Ii:2:006:3 0:1 3 = 100000
ffff8e67c4a970c0 3922860547 S Ci:2:006:0 s c0 bc 0800 0016 0002 2 <
ffff8e67c4a970c0 3922863379 C Ci:2:006:0 0 2 = 0900
ffff8e67c4a970c0 3922863422 S Ci:2:006:0 s c0 bc 0900 001c 0002 2 <
ffff8e67c4a970c0 3922866164 C Ci:2:006:0 0 2 = 2e6f
ffff8e67c4a970c0 3922866200 S Ci:2:006:0 s c0 bc 0800 23be 0002 2 <
ffff8e67c4a970c0 3922868866 C Ci:2:006:0 0 2 = 0000
ffff8e67c4a970c0 3922868906 S Co:2:006:0 s 40 bc 0900 0014 0002 2 = d39e
ffff8e67c4a970c0 3922871630 C Co:2:006:0 0 2 >
ffff8e67c4a970c0 3922871673 S Ci:2:006:0 s c0 bc 0900 001c 0002 2 <
ffff8e67c4a970c0 3922874321 C Ci:2:006:0 0 2 = 2e6f
ffff8e67c4a970c0 3922874365 S Co:2:006:0 s 40 b9 0000 0000 0004 4 = 09016601
ffff8e67c4a970c0 3922876930 C Co:2:006:0 0 4 >
ffff8e67c4a970c0 3922876981 S Ii:2:006:3 -115:1 3 <
ffff8e67c4a970c0 3922878105 C Ii:2:006:3 0:1 3 = 100000
ffff8e67c4a970c0 3922878142 S Ci:2:006:0 s c0 bc 0800 0016 0002 2 <
ffff8e67c4a970c0 3922880953 C Ci:2:006:0 0 2 = 0900
ffff8e67c4a970c0 3922881012 S Ci:2:006:0 s c0 bc 0900 001c 0002 2 <
ffff8e67c4a970c0 3922883618 C Ci:2:006:0 0 2 = 2e6f
ffff8e67c4a970c0 3922883661 S Ci:2:006:0 s c0 bc 0800 23be 0004 4 <
ffff8e67c4a970c0 3922886381 C Ci:2:006:0 0 4 = 0000b2e0
ffff8e67c4a970c0 3922886424 S Co:2:006:0 s 40 bc 0800 00c0 0004 4 = 9dcd6500
ffff8e67c4a970c0 3922889064 C Co:2:006:0 0 4 >
ffff8e67c4a970c0 3922889108 S Co:2:006:0 s 40 b9 0000 0000 0004 4 = 09006603
ffff8e67c4a970c0 3922891718 C Co:2:006:0 0 4 >
ffff8e67c4a970c0 3922891759 S Ii:2:006:3 -115:1 3 <
ffff8e67c4a970c0 3922893019 C Ii:2:006:3 0:1 3 = 100000
ffff8e67c4a970c0 3922893061 S Ci:2:006:0 s c0 bc 0800 0016 0002 2 <
ffff8e67c4a970c0 3922895746 C Ci:2:006:0 0 2 = 0900
ffff8e67c4a970c0 3922895790 S Ci:2:006:0 s c0 bc 0900 001c 0002 2 <
ffff8e67c4a970c0 3922898488 C Ci:2:006:0 0 2 = 2e6f
ffff8e67c4a970c0 3922898557 S Ci:2:006:0 s c0 bc 0800 23be 0002 2 <
ffff8e67c4a970c0 3922901240 C Ci:2:006:0 0 2 = 0000
ffff8e67c4a970c0 3922901276 S Co:2:006:0 s 40 bc 0900 0014 0002 2 = d39e
ffff8e67c4a970c0 3922903998 C Co:2:006:0 0 2 >
ffff8e67c4a970c0 3922904042 S Ci:2:006:0 s c0 bc 0900 001c 0002 2 <
ffff8e67c4a970c0 3922906746 C Ci:2:006:0 0 2 = 2e6f
ffff8e67c4a970c0 3922906789 S Co:2:006:0 s 40 b9 0000 0000 0004 4 = 09016601
ffff8e67c4a970c0 3922909485 C Co:2:006:0 0 4 >
ffff8e67c4a970c0 3922909525 S Ii:2:006:3 -115:1 3 <
ffff8e67c4a970c0 3922910787 C Ii:2:006:3 0:1 3 = 100000
ffff8e67c4a970c0 3922910860 S Ci:2:006:0 s c0 bc 0800 0016 0002 2 <
ffff8e67c4a970c0 3922913694 C Ci:2:006:0 0 2 = 0900
ffff8e67c4a970c0 3922913718 S Ci:2:006:0 s c0 bc 0900 001c 0002 2 <
ffff8e67c4a970c0 3922916342 C Ci:2:006:0 0 2 = 2e6f
ffff8e67c4a970c0 3922916378 S Ci:2:006:0 s c0 bc 0800 23be 0004 4 <
ffff8e67c4a970c0 3922919095 C Ci:2:006:0 0 4 = 0000b2e0
ffff8e67c4a970c0 3922919129 S Co:2:006:0 s 40 bc 0800 00c0 0004 4 = 9dcd6800
ffff8e67c4a970c0 3922921887 C Co:2:006:0 0 4 >
ffff8e67c4a970c0 3922921931 S Co:2:006:0 s 40 b9 0000 0000 0004 4 = 09006603
ffff8e67c4a970c0 3922924613 C Co:2:006:0 0 4 >
ffff8e67c4a970c0 3922924654 S Ii:2:006:3 -115:1 3 <
ffff8e67c4a970c0 3922925917 C Ii:2:006:3 0:1 3 = 100000
ffff8e67c4a970c0 3922925955 S Ci:2:006:0 s c0 bc 0800 0016 0002 2 <
ffff8e67c4a970c0 3922928760 C Ci:2:006:0 0 2 = 0900
ffff8e67c4a970c0 3922928803 S Ci:2:006:0 s c0 bc 0900 001c 0002 2 <
ffff8e67c4a970c0 3922931536 C Ci:2:006:0 0 2 = 2e6f
ffff8e67c4a970c0 3922931571 S Ci:2:006:0 s c0 bc 0800 23be 0002 2 <
ffff8e67c4a970c0 3922934185 C Ci:2:006:0 0 2 = 0000
ffff8e67c4a970c0 3922934325 S Co:2:006:0 s 40 bc 0900 0014 0002 2 = d39e
ffff8e67c4a970c0 3922936993 C Co:2:006:0 0 2 >
ffff8e67c4a970c0 3922937040 S Ci:2:006:0 s c0 bc 0900 001c 0002 2 <
ffff8e67c4a970c0 3922939658 C Ci:2:006:0 0 2 = 2e6f
ffff8e67c4a970c0 3922939700 S Co:2:006:0 s 40 b9 0000 0000 0004 4 = 09016601
ffff8e67c4a970c0 3922942193 C Co:2:006:0 0 4 >
ffff8e67c4a970c0 3922942208 S Ii:2:006:3 -115:1 3 <
ffff8e67c4a970c0 3922943539 C Ii:2:006:3 0:1 3 = 100000
ffff8e67c4a970c0 3922943585 S Ci:2:006:0 s c0 bc 0800 0016 0002 2 <
ffff8e67c4a970c0 3922946298 C Ci:2:006:0 0 2 = 0900
ffff8e67c4a970c0 3922946330 S Ci:2:006:0 s c0 bc 0900 001c 0002 2 <
ffff8e67c4a970c0 3922949035 C Ci:2:006:0 0 2 = 2e6f
ffff8e67c4a970c0 3922949069 S Ci:2:006:0 s c0 bc 0800 23be 0004 4 <
ffff8e67c4a970c0 3922951676 C Ci:2:006:0 0 4 = 0000b2e0
ffff8e67c4a970c0 3922951695 S Co:2:006:0 s 40 bc 0800 00c0 0004 4 = 9dcd6700
ffff8e67c4a970c0 3922954467 C Co:2:006:0 0 4 >
ffff8e67c4a970c0 3922954509 S Co:2:006:0 s 40 b9 0000 0000 0004 4 = 09006603
ffff8e67c4a970c0 3922957250 C Co:2:006:0 0 4 >
ffff8e67c4a970c0 3922957290 S Ii:2:006:3 -115:1 3 <
ffff8e67c4a970c0 3922958576 C Ii:2:006:3 0:1 3 = 100000
ffff8e67c4a970c0 3922958636 S Ci:2:006:0 s c0 bc 0800 0016 0002 2 <
ffff8e67c4a970c0 3922961364 C Ci:2:006:0 0 2 = 0900
ffff8e67c4a970c0 3922961410 S Ci:2:006:0 s c0 bc 0900 001c 0002 2 <
ffff8e67c4a970c0 3922964112 C Ci:2:006:0 0 2 = 2e6f
ffff8e67c4a970c0 3922964180 S Ci:2:006:0 s c0 bc 0800 23be 0002 2 <
ffff8e67c4a970c0 3922966859 C Ci:2:006:0 0 2 = 0000
ffff8e67c4a970c0 3922966928 S Co:2:006:0 s 40 bc 0900 0014 0002 2 = d39e
ffff8e67c4a970c0 3922969639 C Co:2:006:0 0 2 >
ffff8e67c4a970c0 3922969699 S Ci:2:006:0 s c0 bc 0900 001c 0002 2 <
ffff8e67c4a970c0 3922972393 C Ci:2:006:0 0 2 = 2e6f
ffff8e67c4a970c0 3922972453 S Co:2:006:0 s 40 b9 0000 0000 0004 4 = 09016601
ffff8e67c4a970c0 3922975142 C Co:2:006:0 0 4 >
ffff8e67c4a970c0 3922975202 S Ii:2:006:3 -115:1 3 <
ffff8e67c4a970c0 3922976410 C Ii:2:006:3 0:1 3 = 100000
ffff8e67c4a970c0 3922976469 S Ci:2:006:0 s c0 bc 0800 0016 0002 2 <
ffff8e67c4a970c0 3922979281 C Ci:2:006:0 0 2 = 0900
ffff8e67c4a970c0 3922979343 S Ci:2:006:0 s c0 bc 0900 001c 0002 2 <
ffff8e67c4a970c0 3922982024 C Ci:2:006:0 0 2 = 2e6f
ffff8e67c4a970c0 3922982120 S Ci:2:006:0 s c0 bc 0800 23be 0004 4 <
ffff8e67c4a970c0 3922984767 C Ci:2:006:0 0 4 = 0000b2e0
ffff8e67c4a970c0 3922984829 S Co:2:006:0 s 40 bc 0800 00c0 0004 4 = 9dcd6600
ffff8e67c4a970c0 3922987510 C Co:2:006:0 0 4 >
ffff8e67c4a970c0 3922987572 S Co:2:006:0 s 40 b9 0000 0000 0004 4 = 09006603
ffff8e67c4a970c0 3922990266 C Co:2:006:0 0 4 >
ffff8e67c4a970c0 3922990323 S Ii:2:006:3 -115:1 3 <
ffff8e67c4a970c0 3922991571 C Ii:2:006:3 0:1 3 = 100000
ffff8e67c4a970c0 3922991628 S Ci:2:006:0 s c0 bc 0800 0016 0002 2 <
ffff8e67c4a970c0 3922994411 C Ci:2:006:0 0 2 = 0900
ffff8e67c4a970c0 3922994471 S Ci:2:006:0 s c0 bc 0900 001c 0002 2 <
ffff8e67c4a970c0 3922997133 C Ci:2:006:0 0 2 = 2e6f
ffff8e67c4a970c0 3922997191 S Ci:2:006:0 s c0 bc 0800 23be 0002 2 <
ffff8e67c4a970c0 3922999876 C Ci:2:006:0 0 2 = 0000
ffff8e67c4a970c0 3922999932 S Co:2:006:0 s 40 bc 0900 0014 0002 2 = d39e
ffff8e67c4a970c0 3923002645 C Co:2:006:0 0 2 >
ffff8e67c4a970c0 3923002701 S Ci:2:006:0 s c0 bc 0900 001c 0002 2 <
ffff8e67c4a970c0 3923005343 C Ci:2:006:0 0 2 = 2e6f
ffff8e67c4a970c0 3923005399 S Co:2:006:0 s 40 b9 0000 0000 0004 4 = 09016601
ffff8e67c4a970c0 3923008119 C Co:2:006:0 0 4 >
ffff8e67c4a970c0 3923008174 S Ii:2:006:3 -115:1 3 <
ffff8e67c4a970c0 3923009403 C Ii:2:006:3 0:1 3 = 100000
ffff8e67c4a970c0 3923009452 S Ci:2:006:0 s c0 bc 0800 0016 0002 2 <
ffff8e67c4a970c0 3923012219 C Ci:2:006:0 0 2 = 0900
ffff8e67c4a970c0 3923012270 S Ci:2:006:0 s c0 bc 0900 001c 0002 2 <
ffff8e67c4a970c0 3923014952 C Ci:2:006:0 0 2 = 2e6f
ffff8e67c4a970c0 3923015016 S Ci:2:006:0 s c0 bc 0800 23be 0004 4 <
ffff8e67c4a970c0 3923017743 C Ci:2:006:0 0 4 = 0000b2e0
ffff8e67c4a970c0 3923017794 S Co:2:006:0 s 40 bc 0800 00c0 0004 4 = 9dcd6500
ffff8e67c4a970c0 3923020462 C Co:2:006:0 0 4 >
ffff8e67c4a970c0 3923020506 S Co:2:006:0 s 40 b9 0000 0000 0004 4 = 09006603
ffff8e67c4a970c0 3923023210 C Co:2:006:0 0 4 >
ffff8e67c4a970c0 3923023252 S Ii:2:006:3 -115:1 3 <
ffff8e67c4a970c0 3923024486 C Ii:2:006:3 0:1 3 = 100000
ffff8e67c4a970c0 3923024530 S Ci:2:006:0 s c0 bc 0800 0016 0002 2 <
ffff8e67c4a970c0 3923027291 C Ci:2:006:0 0 2 = 0900
ffff8e67c4a970c0 3923027335 S Ci:2:006:0 s c0 bc 0900 001c 0002 2 <
ffff8e67c4a970c0 3923030079 C Ci:2:006:0 0 2 = 2e6f
ffff8e67c4a970c0 3923030122 S Ci:2:006:0 s c0 bc 0800 23be 0002 2 <
ffff8e67c4a970c0 3923032721 C Ci:2:006:0 0 2 = 0000
ffff8e67c4a970c0 3923032762 S Co:2:006:0 s 40 bc 0900 0014 0002 2 = d39e
ffff8e67c4a970c0 3923035397 C Co:2:006:0 0 2 >
ffff8e67c4a970c0 3923035440 S Ci:2:006:0 s c0 bc 0900 001c 0002 2 <
ffff8e67c4a970c0 3923038158 C Ci:2:006:0 0 2 = 2e6f
ffff8e67c4a970c0 3923038193 S Co:2:006:0 s 40 b9 0000 0000 0004 4 = 09016601
ffff8e67c4a970c0 3923040741 C Co:2:006:0 0 4 >
ffff8e67c4a970c0 3923040771 S Ii:2:006:3 -115:1 3 <
ffff8e67c4a970c0 3923042012 C Ii:2:006:3 0:1 3 = 100000
ffff8e67c4a970c0 3923042070 S Ci:2:006:0 s c0 bc 0800 0016 0002 2 <
ffff8e67c4a970c0 3923044703 C Ci:2:006:0 0 2 = 0900
ffff8e67c4a970c0 3923044735 S Ci:2:006:0 s c0 bc 0900 001c 0002 2 <
ffff8e67c4a970c0 3923047352 C Ci:2:006:0 0 2 = 2e6f
ffff8e67c4a970c0 3923047382 S Ci:2:006:0 s c0 bc 0800 23be 0004 4 <
ffff8e67c4a970c0 3923050047 C Ci:2:006:0 0 4 = 0000b2e0
ffff8e67c4a970c0 3923050078 S Co:2:006:0 s 40 bc 0800 00c0 0004 4 = 9dcd6800
ffff8e67c4a970c0 3923052795 C Co:2:006:0 0 4 >
ffff8e67c4a970c0 3923052827 S Co:2:006:0 s 40 b9 0000 0000 0004 4 = 09006603
ffff8e67c4a970c0 3923055563 C Co:2:006:0 0 4 >
ffff8e67c4a970c0 3923055593 S Ii:2:006:3 -115:1 3 <
ffff8e67c4a970c0 3923056849 C Ii:2:006:3 0:1 3 = 100000
ffff8e67c4a970c0 3923056879 S Ci:2:006:0 s c0 bc 0800 0016 0002 2 <
ffff8e67c4a970c0 3923059644 C Ci:2:006:0 0 2 = 0900
ffff8e67c4a970c0 3923059673 S Ci:2:006:0 s c0 bc 0900 001c 0002 2 <
ffff8e67c4a970c0 3923062299 C Ci:2:006:0 0 2 = 2e6f
ffff8e67c4a970c0 3923062323 S Ci:2:006:0 s c0 bc 0800 23be 0002 2 <
ffff8e67c4a970c0 3923065073 C Ci:2:006:0 0 2 = 0000
ffff8e67c4a970c0 3923065106 S Co:2:006:0 s 40 bc 0900 0014 0002 2 = d39e
ffff8e67c4a970c0 3923067667 C Co:2:006:0 0 2 >
ffff8e67c4a970c0 3923067700 S Ci:2:006:0 s c0 bc 0900 001c 0002 2 <
ffff8e67c4a970c0 3923070437 C Ci:2:006:0 0 2 = 2e6f
ffff8e67c4a970c0 3923070465 S Co:2:006:0 s 40 b9 0000 0000 0004 4 = 09016601
ffff8e67c4a970c0 3923073065 C Co:2:006:0 0 4 >
ffff8e67c4a970c0 3923073093 S Ii:2:006:3 -115:1 3 <
ffff8e67c4a970c0 3923074209 C Ii:2:006:3 0:1 3 = 100000
ffff8e67c4a970c0 3923074235 S Ci:2:006:0 s c0 bc 0800 0016 0002 2 <
ffff8e67c4a970c0 3923076978 C Ci:2:006:0 0 2 = 0900
ffff8e67c4a970c0 3923077019 S Ci:2:006:0 s c0 bc 0900 001c 0002 2 <
ffff8e67c4a970c0 3923079611 C Ci:2:006:0 0 2 = 2e6f
ffff8e67c4a970c0 3923079654 S Ci:2:006:0 s c0 bc 0800 23be 0004 4 <
ffff8e67c4a970c0 3923082361 C Ci:2:006:0 0 4 = 0000b2e0
ffff8e67c4a970c0 3923082404 S Co:2:006:0 s 40 bc 0800 00c0 0004 4 = 9dcd6700
ffff8e67c4a970c0 3923085069 C Co:2:006:0 0 4 >
ffff8e67c4a970c0 3923085112 S Co:2:006:0 s 40 b9 0000 0000 0004 4 = 09006603
ffff8e67c4a970c0 3923087821 C Co:2:006:0 0 4 >
ffff8e67c4a970c0 3923087853 S Ii:2:006:3 -115:1 3 <
ffff8e67c4a970c0 3923089213 C Ii:2:006:3 0:1 3 = 100000
ffff8e67c4a970c0 3923089253 S Ci:2:006:0 s c0 bc 0800 0016 0002 2 <
ffff8e67c4a970c0 3923091995 C Ci:2:006:0 0 2 = 0900
ffff8e67c4a970c0 3923092038 S Ci:2:006:0 s c0 bc 0900 001c 0002 2 <
ffff8e67c4a970c0 3923094709 C Ci:2:006:0 0 2 = 2e6f
ffff8e67c4a970c0 3923094752 S Ci:2:006:0 s c0 bc 0800 23be 0002 2 <
ffff8e67c4a970c0 3923097529 C Ci:2:006:0 0 2 = 0000
ffff8e67c4a970c0 3923097564 S Co:2:006:0 s 40 bc 0900 0014 0002 2 = d39e
ffff8e67c4a970c0 3923100263 C Co:2:006:0 0 2 >
ffff8e67c4a970c0 3923100311 S Ci:2:006:0 s c0 bc 0900 001c 0002 2 <
ffff8e67c4a970c0 3923102948 C Ci:2:006:0 0 2 = 2e6f
ffff8e67c4a970c0 3923102991 S Co:2:006:0 s 40 b9 0000 0000 0004 4 = 09016601
ffff8e67c4a970c0 3923105677 C Co:2:006:0 0 4 >
ffff8e67c4a970c0 3923105752 S Ii:2:006:3 -115:1 3 <
ffff8e67c4a970c0 3923107010 C Ii:2:006:3 0:1 3 = 100000
ffff8e67c4a970c0 3923107040 S Ci:2:006:0 s c0 bc 0800 0016 0002 2 <
ffff8e67c4a970c0 3923109849 C Ci:2:006:0 0 2 = 0900
ffff8e67c4a970c0 3923109892 S Ci:2:006:0 s c0 bc 0900 001c 0002 2 <
ffff8e67c4a970c0 3923112607 C Ci:2:006:0 0 2 = 2e6f
ffff8e67c4a970c0 3923112640 S Ci:2:006:0 s c0 bc 0800 23be 0004 4 <
ffff8e67c4a970c0 3923115263 C Ci:2:006:0 0 4 = 0000b2e0
ffff8e67c4a970c0 3923115299 S Co:2:006:0 s 40 bc 0800 00c0 0004 4 = 9dcd6600
ffff8e67c4a970c0 3923117934 C Co:2:006:0 0 4 >
ffff8e67c4a970c0 3923117993 S Co:2:006:0 s 40 b9 0000 0000 0004 4 = 09006603
ffff8e67c4a970c0 3923120755 C Co:2:006:0 0 4 >
ffff8e67c4a970c0 3923120797 S Ii:2:006:3 -115:1 3 <
ffff8e67c4a970c0 3923122042 C Ii:2:006:3 0:1 3 = 100000
ffff8e67c4a970c0 3923122082 S Ci:2:006:0 s c0 bc 0800 0016 0002 2 <
ffff8e67c4a970c0 3923124830 C Ci:2:006:0 0 2 = 0900
ffff8e67c4a970c0 3923124873 S Ci:2:006:0 s c0 bc 0900 001c 0002 2 <
ffff8e67c4a970c0 3923127587 C Ci:2:006:0 0 2 = 2e6f
ffff8e67c4a970c0 3923127631 S Ci:2:006:0 s c0 bc 0800 23be 0002 2 <
ffff8e67c4a970c0 3923130304 C Ci:2:006:0 0 2 = 0000
ffff8e67c4a970c0 3923130338 S Co:2:006:0 s 40 bc 0900 0014 0002 2 = d39e
ffff8e67c4a970c0 3923132976 C Co:2:006:0 0 2 >
ffff8e67c4a970c0 3923133020 S Ci:2:006:0 s c0 bc 0900 001c 0002 2 <
ffff8e67c4a970c0 3923135773 C Ci:2:006:0 0 2 = 2e6f
ffff8e67c4a970c0 3923135834 S Co:2:006:0 s 40 b9 0000 0000 0004 4 = 09016601
ffff8e67c4a970c0 3923138479 C Co:2:006:0 0 4 >
ffff8e67c4a970c0 3923138499 S Ii:2:006:3 -115:1 3 <
ffff8e67c4a970c0 3923139816 C Ii:2:006:3 0:1 3 = 100000
ffff8e67c4a970c0 3923139863 S Ci:2:006:0 s c0 bc 0800 0016 0002 2 <
ffff8e67c4a970c0 3923142636 C Ci:2:006:0 0 2 = 0900
ffff8e67c4a970c0 3923142683 S Ci:2:006:0 s c0 bc 0900 001c 0002 2 <
ffff8e67c4a970c0 3923145355 C Ci:2:006:0 0 2 = 2e6f
ffff8e67c4a970c0 3923145400 S Ci:2:006:0 s c0 bc 0800 23be 0004 4 <
ffff8e67c4a970c0 3923148145 C Ci:2:006:0 0 4 = 0000b2e0
ffff8e67c4a970c0 3923148189 S Co:2:006:0 s 40 bc 0800 00c0 0004 4 = 9dcd6500
ffff8e67c4a970c0 3923150847 C Co:2:006:0 0 4 >
ffff8e67c4a970c0 3923150891 S Co:2:006:0 s 40 b9 0000 0000 0004 4 = 09006603
ffff8e67c4a970c0 3923153590 C Co:2:006:0 0 4 >
ffff8e67c4a970c0 3923153629 S Ii:2:006:3 -115:1 3 <
ffff8e67c4a970c0 3923154886 C Ii:2:006:3 0:1 3 = 100000
ffff8e67c4a970c0 3923154917 S Ci:2:006:0 s c0 bc 0800 0016 0002 2 <
ffff8e67c4a970c0 3923157777 C Ci:2:006:0 0 2 = 0900
ffff8e67c4a970c0 3923157821 S Ci:2:006:0 s c0 bc 0900 001c 0002 2 <
ffff8e67c4a970c0 3923160464 C Ci:2:006:0 0 2 = 2e6f
ffff8e67c4a970c0 3923160498 S Ci:2:006:0 s c0 bc 0800 23be 0002 2 <
ffff8e67c4a970c0 3923163220 C Ci:2:006:0 0 2 = 0000
ffff8e67c4a970c0 3923163255 S Co:2:006:0 s 40 bc 0900 0014 0002 2 = d39e
ffff8e67c4a970c0 3923165934 C Co:2:006:0 0 2 >
ffff8e67c4a970c0 3923165991 S Ci:2:006:0 s c0 bc 0900 001c 0002 2 <
ffff8e67c4a970c0 3923168615 C Ci:2:006:0 0 2 = 2e6f
ffff8e67c4a970c0 3923168659 S Co:2:006:0 s 40 b9 0000 0000 0004 4 = 09016601
ffff8e67c4a970c0 3923171311 C Co:2:006:0 0 4 >
ffff8e67c4a970c0 3923171348 S Ii:2:006:3 -115:1 3 <
ffff8e67c4a970c0 3923172620 C Ii:2:006:3 0:1 3 = 100000
ffff8e67c4a970c0 3923172659 S Ci:2:006:0 s c0 bc 0800 0016 0002 2 <
ffff8e67c4a970c0 3923175572 C Ci:2:006:0 0 2 = 0900
ffff8e67c4a970c0 3923175616 S Ci:2:006:0 s c0 bc 0900 001c 0002 2 <
ffff8e67c4a970c0 3923178358 C Ci:2:006:0 0 2 = 2e6f
ffff8e67c4a970c0 3923178394 S Ci:2:006:0 s c0 bc 0800 23be 0004 4 <
ffff8e67c4a970c0 3923181128 C Ci:2:006:0 0 4 = 0000b2e0
ffff8e67c4a970c0 3923181170 S Co:2:006:0 s 40 bc 0800 00c0 0004 4 = 9dcd6800
ffff8e67c4a970c0 3923183837 C Co:2:006:0 0 4 >
ffff8e67c4a970c0 3923183880 S Co:2:006:0 s 40 b9 0000 0000 0004 4 = 09006603
ffff8e67c4a970c0 3923186631 C Co:2:006:0 0 4 >
ffff8e67c4a970c0 3923186671 S Ii:2:006:3 -115:1 3 <
ffff8e67c4a970c0 3923187901 C Ii:2:006:3 0:1 3 = 100000
ffff8e67c4a970c0 3923187939 S Ci:2:006:0 s c0 bc 0800 0016 0002 2 <
ffff8e67c4a970c0 3923190732 C Ci:2:006:0 0 2 = 0900
ffff8e67c4a970c0 3923190776 S Ci:2:006:0 s c0 bc 0900 001c 0002 2 <
ffff8e67c4a970c0 3923193508 C Ci:2:006:0 0 2 = 2e6f
ffff8e67c4a970c0 3923193540 S Ci:2:006:0 s c0 bc 0800 23be 0002 2 <
ffff8e67c4a970c0 3923196216 C Ci:2:006:0 0 2 = 0000
ffff8e67c4a970c0 3923196251 S Co:2:006:0 s 40 bc 0900 0014 0002 2 = d39e
ffff8e67c4a970c0 3923199023 C Co:2:006:0 0 2 >
ffff8e67c4a970c0 3923199065 S Ci:2:006:0 s c0 bc 0900 001c 0002 2 <
ffff8e67c4a970c0 3923201746 C Ci:2:006:0 0 2 = 2e6f
ffff8e67c4a970c0 3923201789 S Co:2:006:0 s 40 b9 0000 0000 0004 4 = 09016601
ffff8e67c4a970c0 3923204472 C Co:2:006:0 0 4 >
ffff8e67c4a970c0 3923204512 S Ii:2:006:3 -115:1 3 <
ffff8e67c4a970c0 3923205779 C Ii:2:006:3 0:1 3 = 100000
ffff8e67c4a970c0 3923205820 S Ci:2:006:0 s c0 bc 0800 0016 0002 2 <
ffff8e67c4a970c0 3923208663 C Ci:2:006:0 0 2 = 0900
ffff8e67c4a970c0 3923208706 S Ci:2:006:0 s c0 bc 0900 001c 0002 2 <
ffff8e67c4a970c0 3923211351 C Ci:2:006:0 0 2 = 2e6f
ffff8e67c4a970c0 3923211387 S Ci:2:006:0 s c0 bc 0800 23be 0004 4 <
ffff8e67c4a970c0 3923214122 C Ci:2:006:0 0 4 = 0000b2e0
ffff8e67c4a970c0 3923214153 S Co:2:006:0 s 40 bc 0800 00c0 0004 4 = 9dcd6700
ffff8e67c4a970c0 3923216809 C Co:2:006:0 0 4 >
ffff8e67c4a970c0 3923216852 S Co:2:006:0 s 40 b9 0000 0000 0004 4 = 09006603
ffff8e67c4a970c0 3923219495 C Co:2:006:0 0 4 >
ffff8e67c4a970c0 3923219536 S Ii:2:006:3 -115:1 3 <
ffff8e67c4a970c0 3923220785 C Ii:2:006:3 0:1 3 = 100000
ffff8e67c4a970c0 3923220824 S Ci:2:006:0 s c0 bc 0800 0016 0002 2 <
ffff8e67c4a970c0 3923223636 C Ci:2:006:0 0 2 = 0900
ffff8e67c4a970c0 3923223680 S Ci:2:006:0 s c0 bc 0900 001c 0002 2 <
ffff8e67c4a970c0 3923226305 C Ci:2:006:0 0 2 = 2e6f
ffff8e67c4a970c0 3923226395 S Ci:2:006:0 s c0 bc 0800 23be 0002 2 <
ffff8e67c4a970c0 3923228970 C Ci:2:006:0 0 2 = 0000
ffff8e67c4a970c0 3923229013 S Co:2:006:0 s 40 bc 0900 0014 0002 2 = d39e
ffff8e67c4a970c0 3923231745 C Co:2:006:0 0 2 >
ffff8e67c4a970c0 3923231788 S Ci:2:006:0 s c0 bc 0900 001c 0002 2 <
ffff8e67c4a970c0 3923234482 C Ci:2:006:0 0 2 = 2e6f
ffff8e67c4a970c0 3923234525 S Co:2:006:0 s 40 b9 0000 0000 0004 4 = 09016601
ffff8e67c4a970c0 3923237223 C Co:2:006:0 0 4 >
ffff8e67c4a970c0 3923237264 S Ii:2:006:3 -115:1 3 <
ffff8e67c4a970c0 3923238523 C Ii:2:006:3 0:1 3 = 100000
ffff8e67c4a970c0 3923238565 S Ci:2:006:0 s c0 bc 0800 0016 0002 2 <
ffff8e67c4a970c0 3923241364 C Ci:2:006:0 0 2 = 0900
ffff8e67c4a970c0 3923241408 S Ci:2:006:0 s c0 bc 0900 001c 0002 2 <
ffff8e67c4a970c0 3923244034 C Ci:2:006:0 0 2 = 2e6f
ffff8e67c4a970c0 3923244068 S Ci:2:006:0 s c0 bc 0800 23be 0004 4 <
ffff8e67c4a970c0 3923246791 C Ci:2:006:0 0 4 = 0000b2e0
ffff8e67c4a970c0 3923246823 S Co:2:006:0 s 40 bc 0800 00c0 0004 4 = 9dcd6600
ffff8e67c4a970c0 3923249610 C Co:2:006:0 0 4 >
ffff8e67c4a970c0 3923249654 S Co:2:006:0 s 40 b9 0000 0000 0004 4 = 09006603
ffff8e67c4a970c0 3923252311 C Co:2:006:0 0 4 >
ffff8e67c4a970c0 3923252352 S Ii:2:006:3 -115:1 3 <
ffff8e67c4a970c0 3923253614 C Ii:2:006:3 0:1 3 = 100000
ffff8e67c4a970c0 3923253653 S Ci:2:006:0 s c0 bc 0800 0016 0002 2 <
ffff8e67c4a970c0 3923256444 C Ci:2:006:0 0 2 = 0900
ffff8e67c4a970c0 3923256488 S Ci:2:006:0 s c0 bc 0900 001c 0002 2 <
ffff8e67c4a970c0 3923259248 C Ci:2:006:0 0 2 = 2e6f
ffff8e67c4a970c0 3923259285 S Ci:2:006:0 s c0 bc 0800 23be 0002 2 <
ffff8e67c4a970c0 3923262028 C Ci:2:006:0 0 2 = 0000
ffff8e67c4a970c0 3923262061 S Co:2:006:0 s 40 bc 0900 0014 0002 2 = d39e
ffff8e67c4a970c0 3923264683 C Co:2:006:0 0 2 >
ffff8e67c4a970c0 3923264711 S Ci:2:006:0 s c0 bc 0900 001c 0002 2 <
ffff8e67c4a970c0 3923267509 C Ci:2:006:0 0 2 = 2e6f
ffff8e67c4a970c0 3923267591 S Co:2:006:0 s 40 b9 0000 0000 0004 4 = 09016601
ffff8e67c4a970c0 3923270235 C Co:2:006:0 0 4 >
ffff8e67c4a970c0 3923270271 S Ii:2:006:3 -115:1 3 <
ffff8e67c4a970c0 3923271557 C Ii:2:006:3 0:1 3 = 100000
ffff8e67c4a970c0 3923271636 S Ci:2:006:0 s c0 bc 0800 0016 0002 2 <
ffff8e67c4a970c0 3923274342 C Ci:2:006:0 0 2 = 0900
ffff8e67c4a970c0 3923274382 S Ci:2:006:0 s c0 bc 0900 001c 0002 2 <
ffff8e67c4a970c0 3923277075 C Ci:2:006:0 0 2 = 2e6f
ffff8e67c4a970c0 3923277150 S Ci:2:006:0 s c0 bc 0800 23be 0004 4 <
ffff8e67c4a970c0 3923279720 C Ci:2:006:0 0 4 = 0000b2e0
ffff8e67c4a970c0 3923279752 S Co:2:006:0 s 40 bc 0800 00c0 0004 4 = 9dcd6500
ffff8e67c4a970c0 3923282471 C Co:2:006:0 0 4 >
ffff8e67c4a970c0 3923282516 S Co:2:006:0 s 40 b9 0000 0000 0004 4 = 09006603
ffff8e67c4a970c0 3923285218 C Co:2:006:0 0 4 >
ffff8e67c4a970c0 3923285260 S Ii:2:006:3 -115:1 3 <
ffff8e67c4a970c0 3923286549 C Ii:2:006:3 0:1 3 = 100000
ffff8e67c4a970c0 3923286591 S Ci:2:006:0 s c0 bc 0800 0016 0002 2 <
ffff8e67c4a970c0 3923289324 C Ci:2:006:0 0 2 = 0900
ffff8e67c4a970c0 3923289358 S Ci:2:006:0 s c0 bc 0900 001c 0002 2 <
ffff8e67c4a970c0 3923292136 C Ci:2:006:0 0 2 = 2e6f
ffff8e67c4a970c0 3923292173 S Ci:2:006:0 s c0 bc 0800 23be 0002 2 <
ffff8e67c4a970c0 3923294850 C Ci:2:006:0 0 2 = 0000
ffff8e67c4a970c0 3923294882 S Co:2:006:0 s 40 bc 0900 0014 0002 2 = d39e
ffff8e67c4a970c0 3923297604 C Co:2:006:0 0 2 >
ffff8e67c4a970c0 3923297648 S Ci:2:006:0 s c0 bc 0900 001c 0002 2 <
ffff8e67c4a970c0 3923300347 C Ci:2:006:0 0 2 = 2e6f
ffff8e67c4a970c0 3923300391 S Co:2:006:0 s 40 b9 0000 0000 0004 4 = 09016601
ffff8e67c4a970c0 3923303086 C Co:2:006:0 0 4 >
ffff8e67c4a970c0 3923303126 S Ii:2:006:3 -115:1 3 <
ffff8e67c4a970c0 3923304431 C Ii:2:006:3 0:1 3 = 100000
ffff8e67c4a970c0 3923304472 S Ci:2:006:0 s c0 bc 0800 0016 0002 2 <
ffff8e67c4a970c0 3923307226 C Ci:2:006:0 0 2 = 0900
ffff8e67c4a970c0 3923307269 S Ci:2:006:0 s c0 bc 0900 001c 0002 2 <
ffff8e67c4a970c0 3923310006 C Ci:2:006:0 0 2 = 2e6f
ffff8e67c4a970c0 3923310040 S Ci:2:006:0 s c0 bc 0800 23be 0004 4 <
ffff8e67c4a970c0 3923312715 C Ci:2:006:0 0 4 = 0000b2e0
ffff8e67c4a970c0 3923312757 S Co:2:006:0 s 40 bc 0800 00c0 0004 4 = 9dcd6800
ffff8e67c4a970c0 3923315481 C Co:2:006:0 0 4 >
ffff8e67c4a970c0 3923315525 S Co:2:006:0 s 40 b9 0000 0000 0004 4 = 09006603
ffff8e67c4a970c0 3923318236 C Co:2:006:0 0 4 >
ffff8e67c4a970c0 3923318277 S Ii:2:006:3 -115:1 3 <
ffff8e67c4a970c0 3923319547 C Ii:2:006:3 0:1 3 = 100000
ffff8e67c4a970c0 3923319588 S Ci:2:006:0 s c0 bc 0800 0016 0002 2 <
ffff8e67c4a970c0 3923322320 C Ci:2:006:0 0 2 = 0900
ffff8e67c4a970c0 3923322364 S Ci:2:006:0 s c0 bc 0900 001c 0002 2 <
ffff8e67c4a970c0 3923325160 C Ci:2:006:0 0 2 = 2e6f
ffff8e67c4a970c0 3923325193 S Ci:2:006:0 s c0 bc 0800 23be 0002 2 <
ffff8e67c4a970c0 3923327838 C Ci:2:006:0 0 2 = 0000
ffff8e67c4a970c0 3923327874 S Co:2:006:0 s 40 bc 0900 0014 0002 2 = d39e
ffff8e67c4a970c0 3923330618 C Co:2:006:0 0 2 >
ffff8e67c4a970c0 3923330661 S Ci:2:006:0 s c0 bc 0900 001c 0002 2 <
ffff8e67c4a970c0 3923333337 C Ci:2:006:0 0 2 = 2e6f
ffff8e67c4a970c0 3923333381 S Co:2:006:0 s 40 b9 0000 0000 0004 4 = 09016601
ffff8e67c4a970c0 3923336203 C Co:2:006:0 0 4 >
ffff8e67c4a970c0 3923336245 S Ii:2:006:3 -115:1 3 <
ffff8e67c4a970c0 3923337426 C Ii:2:006:3 0:1 3 = 100000
ffff8e67c4a970c0 3923337468 S Ci:2:006:0 s c0 bc 0800 0016 0002 2 <
ffff8e67c4a970c0 3923340206 C Ci:2:006:0 0 2 = 0900
ffff8e67c4a970c0 3923340226 S Ci:2:006:0 s c0 bc 0900 001c 0002 2 <
ffff8e67c4a970c0 3923342979 C Ci:2:006:0 0 2 = 2e6f
ffff8e67c4a970c0 3923343016 S Ci:2:006:0 s c0 bc 0800 23be 0004 4 <
ffff8e67c4a970c0 3923345669 C Ci:2:006:0 0 4 = 0000b2e0
ffff8e67c4a970c0 3923345753 S Co:2:006:0 s 40 bc 0800 00c0 0004 4 = 9dcd6700
ffff8e67c4a970c0 3923348467 C Co:2:006:0 0 4 >
ffff8e67c4a970c0 3923348510 S Co:2:006:0 s 40 b9 0000 0000 0004 4 = 09006603
ffff8e67c4a970c0 3923351215 C Co:2:006:0 0 4 >
ffff8e67c4a970c0 3923351257 S Ii:2:006:3 -115:1 3 <
ffff8e67c4a970c0 3923352506 C Ii:2:006:3 0:1 3 = 100000
ffff8e67c4a970c0 3923352544 S Ci:2:006:0 s c0 bc 0800 0016 0002 2 <
ffff8e67c4a970c0 3923355376 C Ci:2:006:0 0 2 = 0900
ffff8e67c4a970c0 3923355421 S Ci:2:006:0 s c0 bc 0900 001c 0002 2 <
ffff8e67c4a970c0 3923358123 C Ci:2:006:0 0 2 = 2e6f
ffff8e67c4a970c0 3923358160 S Ci:2:006:0 s c0 bc 0800 23be 0002 2 <
ffff8e67c4a970c0 3923360692 C Ci:2:006:0 0 2 = 0000
ffff8e67c4a970c0 3923360727 S Co:2:006:0 s 40 bc 0900 0014 0002 2 = d39e
ffff8e67c4a970c0 3923363471 C Co:2:006:0 0 2 >
ffff8e67c4a970c0 3923363514 S Ci:2:006:0 s c0 bc 0900 001c 0002 2 <
ffff8e67c4a970c0 3923366188 C Ci:2:006:0 0 2 = 2e6f
ffff8e67c4a970c0 3923366232 S Co:2:006:0 s 40 b9 0000 0000 0004 4 = 09016601
ffff8e67c4a970c0 3923369003 C Co:2:006:0 0 4 >
ffff8e67c4a970c0 3923369040 S Ii:2:006:3 -115:1 3 <
ffff8e67c4a970c0 3923370263 C Ii:2:006:3 0:1 3 = 100000
ffff8e67c4a970c0 3923370302 S Ci:2:006:0 s c0 bc 0800 0016 0002 2 <
ffff8e67c4a970c0 3923373125 C Ci:2:006:0 0 2 = 0900
ffff8e67c4a970c0 3923373169 S Ci:2:006:0 s c0 bc 0900 001c 0002 2 <
ffff8e67c4a970c0 3923375732 C Ci:2:006:0 0 2 = 2e6f
ffff8e67c4a970c0 3923375773 S Ci:2:006:0 s c0 bc 0800 23be 0004 4 <
ffff8e67c4a970c0 3923378494 C Ci:2:006:0 0 4 = 0000b2e0
ffff8e67c4a970c0 3923586566 S Co:2:006:0 s 40 bc 0800 00c0 0004 4 = 9dcd6600
ffff8e67c4a970c0 3923589004 C Co:2:006:0 0 4 >
ffff8e67c4a970c0 3923589041 S Co:2:006:0 s 40 b9 0000 0000 0004 4 = 09006603
ffff8e67c4a970c0 3923591557 C Co:2:006:0 0 4 >
ffff8e67c4a970c0 3923591601 S Ii:2:006:3 -115:1 3 <
ffff8e67c4a970c0 3923592909 C Ii:2:006:3 0:1 3 = 100000
ffff8e67c4a970c0 3923592962 S Ci:2:006:0 s c0 bc 0800 0016 0002 2 <
ffff8e67c4a970c0 3923595675 C Ci:2:006:0 0 2 = 0900
ffff8e67c4a970c0 3923595718 S Ci:2:006:0 s c0 bc 0900 001c 0002 2 <
ffff8e67c4a970c0 3923598348 C Ci:2:006:0 0 2 = 2e6f
ffff8e67c4a970c0 3923598385 S Ci:2:006:0 s c0 bc 0800 23be 0002 2 <
ffff8e67c4a970c0 3923601080 C Ci:2:006:0 0 2 = 0000
ffff8e67c4a970c0 3923601116 S Co:2:006:0 s 40 bc 0900 0014 0002 2 = d39e
ffff8e67c4a970c0 3923603840 C Co:2:006:0 0 2 >
ffff8e67c4a970c0 3923603881 S Ci:2:006:0 s c0 bc 0900 001c 0002 2 <
ffff8e67c4a970c0 3923606575 C Ci:2:006:0 0 2 = 2e6f
ffff8e67c4a970c0 3923606658 S Co:2:006:0 s 40 b9 0000 0000 0004 4 = 09016601
ffff8e67c4a970c0 3923609343 C Co:2:006:0 0 4 >
ffff8e67c4a970c0 3923609402 S Ii:2:006:3 -115:1 3 <
ffff8e67c4a970c0 3923610605 C Ii:2:006:3 0:1 3 = 100000
ffff8e67c4a970c0 3923610681 S Ci:2:006:0 s c0 bc 0800 0016 0002 2 <
ffff8e67c4a970c0 3923613287 C Ci:2:006:0 0 2 = 0900
ffff8e67c4a970c0 3923613330 S Ci:2:006:0 s c0 bc 0900 001c 0002 2 <
ffff8e67c4a970c0 3923616025 C Ci:2:006:0 0 2 = 2e6f
ffff8e67c4a970c0 3923616183 S Ci:2:006:0 s c0 bc 0800 23be 0004 4 <
ffff8e67c4a970c0 3923618723 C Ci:2:006:0 0 4 = 0000b2e0
ffff8e67c4a970c0 3923618767 S Co:2:006:0 s 40 bc 0800 00c0 0004 4 = 9dcd6500
ffff8e67c4a970c0 3923621314 C Co:2:006:0 0 4 >
ffff8e67c4a970c0 3923621396 S Co:2:006:0 s 40 b9 0000 0000 0004 4 = 09006603
ffff8e67c4a970c0 3923623975 C Co:2:006:0 0 4 >
ffff8e67c4a970c0 3923624055 S Ii:2:006:3 -115:1 3 <
ffff8e67c4a970c0 3923625307 C Ii:2:006:3 0:1 3 = 100000
ffff8e67c4a970c0 3923625334 S Ci:2:006:0 s c0 bc 0800 0016 0002 2 <
ffff8e67c4a970c0 3923628078 C Ci:2:006:0 0 2 = 0900
ffff8e67c4a970c0 3923628175 S Ci:2:006:0 s c0 bc 0900 001c 0002 2 <
ffff8e67c4a970c0 3923630802 C Ci:2:006:0 0 2 = 2e6f
ffff8e67c4a970c0 3923630825 S Ci:2:006:0 s c0 bc 0800 23be 0002 2 <
ffff8e67c4a970c0 3923633514 C Ci:2:006:0 0 2 = 0000
ffff8e67c4a970c0 3923633542 S Co:2:006:0 s 40 bc 0900 0014 0002 2 = d39e
ffff8e67c4a970c0 3923636211 C Co:2:006:0 0 2 >
ffff8e67c4a970c0 3923636293 S Ci:2:006:0 s c0 bc 0900 001c 0002 2 <
ffff8e67c4a970c0 3923638849 C Ci:2:006:0 0 2 = 2e6f
ffff8e67c4a970c0 3923638877 S Co:2:006:0 s 40 b9 0000 0000 0004 4 = 09016601
ffff8e67c4a970c0 3923641659 C Co:2:006:0 0 4 >
ffff8e67c4a970c0 3923641738 S Ii:2:006:3 -115:1 3 <
ffff8e67c4a970c0 3923642950 C Ii:2:006:3 0:1 3 = 100000
ffff8e67c4a970c0 3923643017 S Ci:2:006:0 s c0 bc 0800 0016 0002 2 <
ffff8e67c4a970c0 3923645707 C Ci:2:006:0 0 2 = 0900
ffff8e67c4a970c0 3923645769 S Ci:2:006:0 s c0 bc 0900 001c 0002 2 <
ffff8e67c4a970c0 3923648408 C Ci:2:006:0 0 2 = 2e6f
ffff8e67c4a970c0 3923648488 S Ci:2:006:0 s c0 bc 0800 23be 0004 4 <
ffff8e67c4a970c0 3923651121 C Ci:2:006:0 0 4 = 0000b2e0
ffff8e67c4a970c0 3923651207 S Co:2:006:0 s 40 bc 0800 00c0 0004 4 = 9dcd6800
ffff8e67c4a970c0 3923653714 C Co:2:006:0 0 4 >
ffff8e67c4a970c0 3923653743 S Co:2:006:0 s 40 b9 0000 0000 0004 4 = 09006603
ffff8e67c4a970c0 3923656422 C Co:2:006:0 0 4 >
ffff8e67c4a970c0 3923656502 S Ii:2:006:3 -115:1 3 <
ffff8e67c4a970c0 3923657682 C Ii:2:006:3 0:1 3 = 100000
ffff8e67c4a970c0 3923657739 S Ci:2:006:0 s c0 bc 0800 0016 0002 2 <
ffff8e67c4a970c0 3923660394 C Ci:2:006:0 0 2 = 0900
ffff8e67c4a970c0 3923660476 S Ci:2:006:0 s c0 bc 0900 001c 0002 2 <
ffff8e67c4a970c0 3923663125 C Ci:2:006:0 0 2 = 2e6f
ffff8e67c4a970c0 3923663160 S Ci:2:006:0 s c0 bc 0800 23be 0002 2 <
ffff8e67c4a970c0 3923665736 C Ci:2:006:0 0 2 = 0000
ffff8e67c4a970c0 3923665818 S Co:2:006:0 s 40 bc 0900 0014 0002 2 = d39e
ffff8e67c4a970c0 3923668377 C Co:2:006:0 0 2 >
ffff8e67c4a970c0 3923668420 S Ci:2:006:0 s c0 bc 0900 001c 0002 2 <
ffff8e67c4a970c0 3923671112 C Ci:2:006:0 0 2 = 2e6f
ffff8e67c4a970c0 3923671180 S Co:2:006:0 s 40 b9 0000 0000 0004 4 = 09016601
ffff8e67c4a970c0 3923673714 C Co:2:006:0 0 4 >
ffff8e67c4a970c0 3923673806 S Ii:2:006:3 -115:1 3 <
ffff8e67c4a970c0 3923674951 C Ii:2:006:3 0:1 3 = 100000
ffff8e67c4a970c0 3923674978 S Ci:2:006:0 s c0 bc 0800 0016 0002 2 <
ffff8e67c4a970c0 3923677646 C Ci:2:006:0 0 2 = 0900
ffff8e67c4a970c0 3923677772 S Ci:2:006:0 s c0 bc 0900 001c 0002 2 <
ffff8e67c4a970c0 3923680462 C Ci:2:006:0 0 2 = 2e6f
ffff8e67c4a970c0 3923680519 S Ci:2:006:0 s c0 bc 0800 23be 0004 4 <
ffff8e67c4a970c0 3923683121 C Ci:2:006:0 0 4 = 0000b2e0
ffff8e67c4a970c0 3923683205 S Co:2:006:0 s 40 bc 0800 00c0 0004 4 = 9dcd6700
ffff8e67c4a970c0 3923685707 C Co:2:006:0 0 4 >
ffff8e67c4a970c0 3923685774 S Co:2:006:0 s 40 b9 0000 0000 0004 4 = 09006603
ffff8e67c4a970c0 3923688383 C Co:2:006:0 0 4 >
ffff8e67c4a970c0 3923688449 S Ii:2:006:3 -115:1 3 <
ffff8e67c4a970c0 3923689655 C Ii:2:006:3 0:1 3 = 100000
ffff8e67c4a970c0 3923689722 S Ci:2:006:0 s c0 bc 0800 0016 0002 2 <
ffff8e67c4a970c0 3923692464 C Ci:2:006:0 0 2 = 0900
ffff8e67c4a970c0 3923692501 S Ci:2:006:0 s c0 bc 0900 001c 0002 2 <
ffff8e67c4a970c0 3923695061 C Ci:2:006:0 0 2 = 2e6f
ffff8e67c4a970c0 3923695189 S Ci:2:006:0 s c0 bc 0800 23be 0002 2 <
ffff8e67c4a970c0 3923697731 C Ci:2:006:0 0 2 = 0000
ffff8e67c4a970c0 3923697771 S Co:2:006:0 s 40 bc 0900 0014 0002 2 = d39e
ffff8e67c4a970c0 3923700360 C Co:2:006:0 0 2 >
ffff8e67c4a970c0 3923700433 S Ci:2:006:0 s c0 bc 0900 001c 0002 2 <
ffff8e67c4a970c0 3923702964 C Ci:2:006:0 0 2 = 2e6f
ffff8e67c4a970c0 3923703030 S Co:2:006:0 s 40 b9 0000 0000 0004 4 = 09016601
ffff8e67c4a970c0 3923705670 C Co:2:006:0 0 4 >
ffff8e67c4a970c0 3923705702 S Ii:2:006:3 -115:1 3 <
ffff8e67c4a970c0 3923706944 C Ii:2:006:3 0:1 3 = 100000
ffff8e67c4a970c0 3923707008 S Ci:2:006:0 s c0 bc 0800 0016 0002 2 <
ffff8e67c4a970c0 3923709601 C Ci:2:006:0 0 2 = 0900
ffff8e67c4a970c0 3923709670 S Ci:2:006:0 s c0 bc 0900 001c 0002 2 <
ffff8e67c4a970c0 3923712168 C Ci:2:006:0 0 2 = 2e6f
ffff8e67c4a970c0 3923712196 S Ci:2:006:0 s c0 bc 0800 23be 0004 4 <
ffff8e67c4a970c0 3923714821 C Ci:2:006:0 0 4 = 0000b2e0
ffff8e67c4a970c0 3923714872 S Co:2:006:0 s 40 bc 0800 00c0 0004 4 = 9dcd6600
ffff8e67c4a970c0 3923717475 C Co:2:006:0 0 4 >
ffff8e67c4a970c0 3923717538 S Co:2:006:0 s 40 b9 0000 0000 0004 4 = 09006603
ffff8e67c4a970c0 3923720049 C Co:2:006:0 0 4 >
ffff8e67c4a970c0 3923720075 S Ii:2:006:3 -115:1 3 <
ffff8e67c4a970c0 3923721295 C Ii:2:006:3 0:1 3 = 100000
ffff8e67c4a970c0 3923721350 S Ci:2:006:0 s c0 bc 0800 0016 0002 2 <
ffff8e67c4a970c0 3923723958 C Ci:2:006:0 0 2 = 0900
ffff8e67c4a970c0 3923724012 S Ci:2:006:0 s c0 bc 0900 001c 0002 2 <
ffff8e67c4a970c0 3923726631 C Ci:2:006:0 0 2 = 2e6f
ffff8e67c4a970c0 3923726668 S Ci:2:006:0 s c0 bc 0800 23be 0002 2 <
ffff8e67c4a970c0 3923729164 C Ci:2:006:0 0 2 = 0000
ffff8e67c4a970c0 3923729221 S Co:2:006:0 s 40 bc 0900 0014 0002 2 = d39e
ffff8e67c4a970c0 3923731824 C Co:2:006:0 0 2 >
ffff8e67c4a970c0 3923731880 S Ci:2:006:0 s c0 bc 0900 001c 0002 2 <
ffff8e67c4a970c0 3923734464 C Ci:2:006:0 0 2 = 2e6f
ffff8e67c4a970c0 3923734494 S Co:2:006:0 s 40 b9 0000 0000 0004 4 = 09016601
ffff8e67c4a970c0 3923737035 C Co:2:006:0 0 4 >
ffff8e67c4a970c0 3923737098 S Ii:2:006:3 -115:1 3 <
ffff8e67c4a970c0 3923738245 C Ii:2:006:3 0:1 3 = 100000
ffff8e67c4a970c0 3923738287 S Ci:2:006:0 s c0 bc 0800 0016 0002 2 <
ffff8e67c4a970c0 3923740944 C Ci:2:006:0 0 2 = 0900
ffff8e67c4a970c0 3923740971 S Ci:2:006:0 s c0 bc 0900 001c 0002 2 <
ffff8e67c4a970c0 3923743577 C Ci:2:006:0 0 2 = 2e6f
ffff8e67c4a970c0 3923743619 S Ci:2:006:0 s c0 bc 0800 23be 0004 4 <
ffff8e67c4a970c0 3923746188 C Ci:2:006:0 0 4 = 0000b2e0
ffff8e67c4a970c0 3923746238 S Co:2:006:0 s 40 bc 0800 00c0 0004 4 = 9dcd6500
ffff8e67c4a970c0 3923748786 C Co:2:006:0 0 4 >
ffff8e67c4a970c0 3923748812 S Co:2:006:0 s 40 b9 0000 0000 0004 4 = 09006603
ffff8e67c4a970c0 3923751380 C Co:2:006:0 0 4 >
ffff8e67c4a970c0 3923751416 S Ii:2:006:3 -115:1 3 <
ffff8e67c4a970c0 3923752631 C Ii:2:006:3 0:1 3 = 100000
ffff8e67c4a970c0 3923752677 S Ci:2:006:0 s c0 bc 0800 0016 0002 2 <
ffff8e67c4a970c0 3923755324 C Ci:2:006:0 0 2 = 0900
ffff8e67c4a970c0 3923755341 S Ci:2:006:0 s c0 bc 0900 001c 0002 2 <
ffff8e67c4a970c0 3923757925 C Ci:2:006:0 0 2 = 2e6f
ffff8e67c4a970c0 3923757971 S Ci:2:006:0 s c0 bc 0800 23be 0002 2 <
ffff8e67c4a970c0 3923760571 C Ci:2:006:0 0 2 = 0000
ffff8e67c4a970c0 3923760609 S Co:2:006:0 s 40 bc 0900 0014 0002 2 = d39e
ffff8e67c4a970c0 3923763116 C Co:2:006:0 0 2 >
ffff8e67c4a970c0 3923763140 S Ci:2:006:0 s c0 bc 0900 001c 0002 2 <
ffff8e67c4a970c0 3923765774 C Ci:2:006:0 0 2 = 2e6f
ffff8e67c4a970c0 3923765813 S Co:2:006:0 s 40 b9 0000 0000 0004 4 = 09016601
ffff8e67c4a970c0 3923768429 C Co:2:006:0 0 4 >
ffff8e67c4a970c0 3923768473 S Ii:2:006:3 -115:1 3 <
ffff8e67c4a970c0 3923769658 C Ii:2:006:3 0:1 3 = 100000
ffff8e67c4a970c0 3923769698 S Ci:2:006:0 s c0 bc 0800 0016 0002 2 <
ffff8e67c4a970c0 3923772287 C Ci:2:006:0 0 2 = 0900
ffff8e67c4a970c0 3923772333 S Ci:2:006:0 s c0 bc 0900 001c 0002 2 <
ffff8e67c4a970c0 3923774916 C Ci:2:006:0 0 2 = 2e6f
ffff8e67c4a970c0 3923774939 S Ci:2:006:0 s c0 bc 0800 23be 0004 4 <
ffff8e67c4a970c0 3923777578 C Ci:2:006:0 0 4 = 0000b2e0
ffff8e67c4a970c0 3923777616 S Co:2:006:0 s 40 bc 0800 00c0 0004 4 = 9dcd6800
ffff8e67c4a970c0 3923780156 C Co:2:006:0 0 4 >
ffff8e67c4a970c0 3923780201 S Co:2:006:0 s 40 b9 0000 0000 0004 4 = 09006603
ffff8e67c4a970c0 3923782791 C Co:2:006:0 0 4 >
ffff8e67c4a970c0 3923782813 S Ii:2:006:3 -115:1 3 <
ffff8e67c4a970c0 3923783989 C Ii:2:006:3 0:1 3 = 100000
ffff8e67c4a970c0 3923784025 S Ci:2:006:0 s c0 bc 0800 0016 0002 2 <
ffff8e67c4a970c0 3923786667 C Ci:2:006:0 0 2 = 0900
ffff8e67c4a970c0 3923786713 S Ci:2:006:0 s c0 bc 0900 001c 0002 2 <
ffff8e67c4a970c0 3923789291 C Ci:2:006:0 0 2 = 2e6f
ffff8e67c4a970c0 3923789337 S Ci:2:006:0 s c0 bc 0800 23be 0002 2 <
ffff8e67c4a970c0 3923791945 C Ci:2:006:0 0 2 = 0000
ffff8e67c4a970c0 3923791990 S Co:2:006:0 s 40 bc 0900 0014 0002 2 = d39e
ffff8e67c4a970c0 3923794567 C Co:2:006:0 0 2 >
ffff8e67c4a970c0 3923794592 S Ci:2:006:0 s c0 bc 0900 001c 0002 2 <
ffff8e67c4a970c0 3923797170 C Ci:2:006:0 0 2 = 2e6f
ffff8e67c4a970c0 3923797208 S Co:2:006:0 s 40 b9 0000 0000 0004 4 = 09016601
ffff8e67c4a970c0 3923799813 C Co:2:006:0 0 4 >
ffff8e67c4a970c0 3923799859 S Ii:2:006:3 -115:1 3 <
ffff8e67c4a970c0 3923800987 C Ii:2:006:3 0:1 3 = 100000
ffff8e67c4a970c0 3923801024 S Ci:2:006:0 s c0 bc 0800 0016 0002 2 <
ffff8e67c4a970c0 3923803696 C Ci:2:006:0 0 2 = 0900
ffff8e67c4a970c0 3923803734 S Ci:2:006:0 s c0 bc 0900 001c 0002 2 <
ffff8e67c4a970c0 3923806321 C Ci:2:006:0 0 2 = 2e6f
ffff8e67c4a970c0 3923806345 S Ci:2:006:0 s c0 bc 0800 23be 0004 4 <
ffff8e67c4a970c0 3923808929 C Ci:2:006:0 0 4 = 0000b2e0
ffff8e67c4a970c0 3923808973 S Co:2:006:0 s 40 bc 0800 00c0 0004 4 = 9dcd6700
ffff8e67c4a970c0 3923811616 C Co:2:006:0 0 4 >
ffff8e67c4a970c0 3923811663 S Co:2:006:0 s 40 b9 0000 0000 0004 4 = 09006603
ffff8e67c4a970c0 3923814161 C Co:2:006:0 0 4 >
ffff8e67c4a970c0 3923814184 S Ii:2:006:3 -115:1 3 <
ffff8e67c4a970c0 3923815397 C Ii:2:006:3 0:1 3 = 100000
ffff8e67c4a970c0 3923815442 S Ci:2:006:0 s c0 bc 0800 0016 0002 2 <
ffff8e67c4a970c0 3923818047 C Ci:2:006:0 0 2 = 0900
ffff8e67c4a970c0 3923818120 S Ci:2:006:0 s c0 bc 0900 001c 0002 2 <
ffff8e67c4a970c0 3923820672 C Ci:2:006:0 0 2 = 2e6f
ffff8e67c4a970c0 3923820695 S Ci:2:006:0 s c0 bc 0800 23be 0002 2 <
ffff8e67c4a970c0 3923823330 C Ci:2:006:0 0 2 = 0000
ffff8e67c4a970c0 3923823374 S Co:2:006:0 s 40 bc 0900 0014 0002 2 = d39e
ffff8e67c4a970c0 3923825917 C Co:2:006:0 0 2 >
ffff8e67c4a970c0 3923825954 S Ci:2:006:0 s c0 bc 0900 001c 0002 2 <
ffff8e67c4a970c0 3923828581 C Ci:2:006:0 0 2 = 2e6f
ffff8e67c4a970c0 3923828599 S Co:2:006:0 s 40 b9 0000 0000 0004 4 = 09016601
ffff8e67c4a970c0 3923831218 C Co:2:006:0 0 4 >
ffff8e67c4a970c0 3923831262 S Ii:2:006:3 -115:1 3 <
ffff8e67c4a970c0 3923832511 C Ii:2:006:3 0:1 3 = 100000
ffff8e67c4a970c0 3923832549 S Ci:2:006:0 s c0 bc 0800 0016 0002 2 <
ffff8e67c4a970c0 3923835181 C Ci:2:006:0 0 2 = 0900
ffff8e67c4a970c0 3923835205 S Ci:2:006:0 s c0 bc 0900 001c 0002 2 <
ffff8e67c4a970c0 3923837791 C Ci:2:006:0 0 2 = 2e6f
ffff8e67c4a970c0 3923837828 S Ci:2:006:0 s c0 bc 0800 23be 0004 4 <
ffff8e67c4a970c0 3923840461 C Ci:2:006:0 0 4 = 0000b2e0
ffff8e67c4a970c0 3923840505 S Co:2:006:0 s 40 bc 0800 00c0 0004 4 = 9dcd6600
ffff8e67c4a970c0 3923842996 C Co:2:006:0 0 4 >
ffff8e67c4a970c0 3923843033 S Co:2:006:0 s 40 b9 0000 0000 0004 4 = 09006603
ffff8e67c4a970c0 3923845670 C Co:2:006:0 0 4 >
ffff8e67c4a970c0 3923845707 S Ii:2:006:3 -115:1 3 <
ffff8e67c4a970c0 3923846900 C Ii:2:006:3 0:1 3 = 100000
ffff8e67c4a970c0 3923846945 S Ci:2:006:0 s c0 bc 0800 0016 0002 2 <
ffff8e67c4a970c0 3923849446 C Ci:2:006:0 0 2 = 0900
ffff8e67c4a970c0 3923849461 S Ci:2:006:0 s c0 bc 0900 001c 0002 2 <
ffff8e67c4a970c0 3923852008 C Ci:2:006:0 0 2 = 2e6f
ffff8e67c4a970c0 3923852064 S Ci:2:006:0 s c0 bc 0800 23be 0002 2 <
ffff8e67c4a970c0 3923854666 C Ci:2:006:0 0 2 = 0000
ffff8e67c4a970c0 3923854681 S Co:2:006:0 s 40 bc 0900 0014 0002 2 = d39e
ffff8e67c4a970c0 3923857343 C Co:2:006:0 0 2 >
ffff8e67c4a970c0 3923857389 S Ci:2:006:0 s c0 bc 0900 001c 0002 2 <
ffff8e67c4a970c0 3923859925 C Ci:2:006:0 0 2 = 2e6f
ffff8e67c4a970c0 3923859970 S Co:2:006:0 s 40 b9 0000 0000 0004 4 = 09016601
ffff8e67c4a970c0 3923862563 C Co:2:006:0 0 4 >
ffff8e67c4a970c0 3923862578 S Ii:2:006:3 -115:1 3 <
ffff8e67c4a970c0 3923863763 C Ii:2:006:3 0:1 3 = 100000
ffff8e67c4a970c0 3923863808 S Ci:2:006:0 s c0 bc 0800 0016 0002 2 <
ffff8e67c4a970c0 3923866442 C Ci:2:006:0 0 2 = 0900
ffff8e67c4a970c0 3923866480 S Ci:2:006:0 s c0 bc 0900 001c 0002 2 <
ffff8e67c4a970c0 3923869054 C Ci:2:006:0 0 2 = 2e6f
ffff8e67c4a970c0 3923869078 S Ci:2:006:0 s c0 bc 0800 23be 0004 4 <
ffff8e67c4a970c0 3923871683 C Ci:2:006:0 0 4 = 0000b2e0
ffff8e67c4a970c0 3923871742 S Co:2:006:0 s 40 bc 0800 00c0 0004 4 = 9dcd6500
ffff8e67c4a970c0 3923874338 C Co:2:006:0 0 4 >
ffff8e67c4a970c0 3923874385 S Co:2:006:0 s 40 b9 0000 0000 0004 4 = 09006603
ffff8e67c4a970c0 3923876918 C Co:2:006:0 0 4 >
ffff8e67c4a970c0 3923876933 S Ii:2:006:3 -115:1 3 <
ffff8e67c4a970c0 3923878265 C Ii:2:006:3 0:1 3 = 100000
ffff8e67c4a970c0 3923878323 S Ci:2:006:0 s c0 bc 0800 0016 0002 2 <
ffff8e67c4a970c0 3923881001 C Ci:2:006:0 0 2 = 0900
ffff8e67c4a970c0 3923881075 S Ci:2:006:0 s c0 bc 0900 001c 0002 2 <
ffff8e67c4a970c0 3923883766 C Ci:2:006:0 0 2 = 2e6f
ffff8e67c4a970c0 3923883805 S Ci:2:006:0 s c0 bc 0800 23be 0002 2 <
ffff8e67c4a970c0 3923886402 C Ci:2:006:0 0 2 = 0000
ffff8e67c4a970c0 3923886459 S Co:2:006:0 s 40 bc 0900 0014 0002 2 = d39e
ffff8e67c4a970c0 3923889125 C Co:2:006:0 0 2 >
ffff8e67c4a970c0 3923889190 S Ci:2:006:0 s c0 bc 0900 001c 0002 2 <
ffff8e67c4a970c0 3923891775 C Ci:2:006:0 0 2 = 2e6f
ffff8e67c4a970c0 3923891834 S Co:2:006:0 s 40 b9 0000 0000 0004 4 = 09016601
ffff8e67c4a970c0 3923894418 C Co:2:006:0 0 4 >
ffff8e67c4a970c0 3923894448 S Ii:2:006:3 -115:1 3 <
ffff8e67c4a970c0 3923895731 C Ii:2:006:3 0:1 3 = 100000
ffff8e67c4a970c0 3923895780 S Ci:2:006:0 s c0 bc 0800 0016 0002 2 <
ffff8e67c4a970c0 3923898526 C Ci:2:006:0 0 2 = 0900
ffff8e67c4a970c0 3923898609 S Ci:2:006:0 s c0 bc 0900 001c 0002 2 <
ffff8e67c4a970c0 3923901222 C Ci:2:006:0 0 2 = 2e6f
ffff8e67c4a970c0 3923901253 S Ci:2:006:0 s c0 bc 0800 23be 0004 4 <
ffff8e67c4a970c0 3923903880 C Ci:2:006:0 0 4 = 0000b2e0
ffff8e67c4a970c0 3923903981 S Co:2:006:0 s 40 bc 0800 00c0 0004 4 = 9dcd6800
ffff8e67c4a970c0 3923906527 C Co:2:006:0 0 4 >
ffff8e67c4a970c0 3923906610 S Co:2:006:0 s 40 b9 0000 0000 0004 4 = 09006603
ffff8e67c4a970c0 3923909242 C Co:2:006:0 0 4 >
ffff8e67c4a970c0 3923909281 S Ii:2:006:3 -115:1 3 <
ffff8e67c4a970c0 3923910601 C Ii:2:006:3 0:1 3 = 100000
ffff8e67c4a970c0 3923910658 S Ci:2:006:0 s c0 bc 0800 0016 0002 2 <
ffff8e67c4a970c0 3923913403 C Ci:2:006:0 0 2 = 0900
ffff8e67c4a970c0 3923913460 S Ci:2:006:0 s c0 bc 0900 001c 0002 2 <
ffff8e67c4a970c0 3923916009 C Ci:2:006:0 0 2 = 2e6f
ffff8e67c4a970c0 3923916044 S Ci:2:006:0 s c0 bc 0800 23be 0002 2 <
ffff8e67c4a970c0 3923918604 C Ci:2:006:0 0 2 = 0000
ffff8e67c4a970c0 3923918730 S Co:2:006:0 s 40 bc 0900 0014 0002 2 = d39e
ffff8e67c4a970c0 3923921380 C Co:2:006:0 0 2 >
ffff8e67c4a970c0 3923921419 S Ci:2:006:0 s c0 bc 0900 001c 0002 2 <
ffff8e67c4a970c0 3923924047 C Ci:2:006:0 0 2 = 2e6f
ffff8e67c4a970c0 3923924088 S Co:2:006:0 s 40 b9 0000 0000 0004 4 = 09016601
ffff8e67c4a970c0 3923926756 C Co:2:006:0 0 4 >
ffff8e67c4a970c0 3923926806 S Ii:2:006:3 -115:1 3 <
ffff8e67c4a970c0 3923928087 C Ii:2:006:3 0:1 3 = 100000
ffff8e67c4a970c0 3923928169 S Ci:2:006:0 s c0 bc 0800 0016 0002 2 <
ffff8e67c4a970c0 3923930882 C Ci:2:006:0 0 2 = 0900
ffff8e67c4a970c0 3923930936 S Ci:2:006:0 s c0 bc 0900 001c 0002 2 <
ffff8e67c4a970c0 3923933667 C Ci:2:006:0 0 2 = 2e6f
ffff8e67c4a970c0 3923933749 S Ci:2:006:0 s c0 bc 0800 23be 0004 4 <
ffff8e67c4a970c0 3923936358 C Ci:2:006:0 0 4 = 0000b2e0
ffff8e67c4a970c0 3923936390 S Co:2:006:0 s 40 bc 0800 00c0 0004 4 = 9dcd6700
ffff8e67c4a970c0 3923939080 C Co:2:006:0 0 4 >
ffff8e67c4a970c0 3923939158 S Co:2:006:0 s 40 b9 0000 0000 0004 4 = 09006603
ffff8e67c4a970c0 3923941706 C Co:2:006:0 0 4 >
ffff8e67c4a970c0 3923941733 S Ii:2:006:3 -115:1 3 <
ffff8e67c4a970c0 3923943177 C Ii:2:006:3 0:1 3 = 100000
ffff8e67c4a970c0 3923943253 S Ci:2:006:0 s c0 bc 0800 0016 0002 2 <
ffff8e67c4a970c0 3923945864 C Ci:2:006:0 0 2 = 0900
ffff8e67c4a970c0 3923945949 S Ci:2:006:0 s c0 bc 0900 001c 0002 2 <
ffff8e67c4a970c0 3923948636 C Ci:2:006:0 0 2 = 2e6f
ffff8e67c4a970c0 3923948679 S Ci:2:006:0 s c0 bc 0800 23be 0002 2 <
ffff8e67c4a970c0 3923951343 C Ci:2:006:0 0 2 = 0000
ffff8e67c4a970c0 3923951419 S Co:2:006:0 s 40 bc 0900 0014 0002 2 = d39e
ffff8e67c4a970c0 3923954093 C Co:2:006:0 0 2 >
ffff8e67c4a970c0 3923954123 S Ci:2:006:0 s c0 bc 0900 001c 0002 2 <
ffff8e67c4a970c0 3923956761 C Ci:2:006:0 0 2 = 2e6f
ffff8e67c4a970c0 3923956845 S Co:2:006:0 s 40 b9 0000 0000 0004 4 = 09016601
ffff8e67c4a970c0 3923959407 C Co:2:006:0 0 4 >
ffff8e67c4a970c0 3923959443 S Ii:2:006:3 -115:1 3 <
ffff8e67c4a970c0 3923960729 C Ii:2:006:3 0:1 3 = 100000
ffff8e67c4a970c0 3923960802 S Ci:2:006:0 s c0 bc 0800 0016 0002 2 <
ffff8e67c4a970c0 3923963536 C Ci:2:006:0 0 2 = 0900
ffff8e67c4a970c0 3923963576 S Ci:2:006:0 s c0 bc 0900 001c 0002 2 <
ffff8e67c4a970c0 3923966324 C Ci:2:006:0 0 2 = 2e6f
ffff8e67c4a970c0 3923966404 S Ci:2:006:0 s c0 bc 0800 23be 0004 4 <
ffff8e67c4a970c0 3923968867 C Ci:2:006:0 0 4 = 0000b2e0
ffff8e67c4a970c0 3923968922 S Co:2:006:0 s 40 bc 0800 00c0 0004 4 = 9dcd6600
ffff8e67c4a970c0 3923971523 C Co:2:006:0 0 4 >
ffff8e67c4a970c0 3923971605 S Co:2:006:0 s 40 b9 0000 0000 0004 4 = 09006603
ffff8e67c4a970c0 3923974270 C Co:2:006:0 0 4 >
ffff8e67c4a970c0 3923974348 S Ii:2:006:3 -115:1 3 <
ffff8e67c4a970c0 3923975560 C Ii:2:006:3 0:1 3 = 100000
ffff8e67c4a970c0 3923975598 S Ci:2:006:0 s c0 bc 0800 0016 0002 2 <
ffff8e67c4a970c0 3923978367 C Ci:2:006:0 0 2 = 0900
ffff8e67c4a970c0 3923978446 S Ci:2:006:0 s c0 bc 0900 001c 0002 2 <
ffff8e67c4a970c0 3923981016 C Ci:2:006:0 0 2 = 2e6f
ffff8e67c4a970c0 3923981052 S Ci:2:006:0 s c0 bc 0800 23be 0002 2 <
ffff8e67c4a970c0 3923983699 C Ci:2:006:0 0 2 = 0000
ffff8e67c4a970c0 3923983781 S Co:2:006:0 s 40 bc 0900 0014 0002 2 = d39e
ffff8e67c4a970c0 3923986443 C Co:2:006:0 0 2 >
ffff8e67c4a970c0 3923986500 S Ci:2:006:0 s c0 bc 0900 001c 0002 2 <
ffff8e67c4a970c0 3923989192 C Ci:2:006:0 0 2 = 2e6f
ffff8e67c4a970c0 3923989272 S Co:2:006:0 s 40 b9 0000 0000 0004 4 = 09016601
ffff8e67c4a970c0 3923991915 C Co:2:006:0 0 4 >
ffff8e67c4a970c0 3923991951 S Ii:2:006:3 -115:1 3 <
ffff8e67c4a970c0 3923993150 C Ii:2:006:3 0:1 3 = 100000
ffff8e67c4a970c0 3923993218 S Ci:2:006:0 s c0 bc 0800 0016 0002 2 <
ffff8e67c4a970c0 3923996100 C Ci:2:006:0 0 2 = 0900
ffff8e67c4a970c0 3923996182 S Ci:2:006:0 s c0 bc 0900 001c 0002 2 <
ffff8e67c4a970c0 3923998741 C Ci:2:006:0 0 2 = 2e6f
ffff8e67c4a970c0 3923998779 S Ci:2:006:0 s c0 bc 0800 23be 0004 4 <
ffff8e67c4a970c0 3924001390 C Ci:2:006:0 0 4 = 0000b2e0
ffff8e67c4a970c0 3924001434 S Co:2:006:0 s 40 bc 0800 00c0 0004 4 = 9dcd6500
ffff8e67c4a970c0 3924004171 C Co:2:006:0 0 4 >
ffff8e67c4a970c0 3924004289 S Co:2:006:0 s 40 b9 0000 0000 0004 4 = 09006603
ffff8e67c4a970c0 3924006917 C Co:2:006:0 0 4 >
ffff8e67c4a970c0 3924006955 S Ii:2:006:3 -115:1 3 <
ffff8e67c4a970c0 3924008204 C Ii:2:006:3 0:1 3 = 100000
ffff8e67c4a970c0 3924008285 S Ci:2:006:0 s c0 bc 0800 0016 0002 2 <
ffff8e67c4a970c0 3924010854 C Ci:2:006:0 0 2 = 0900
ffff8e67c4a970c0 3924010895 S Ci:2:006:0 s c0 bc 0900 001c 0002 2 <
ffff8e67c4a970c0 3924013586 C Ci:2:006:0 0 2 = 2e6f
ffff8e67c4a970c0 3924013667 S Ci:2:006:0 s c0 bc 0800 23be 0002 2 <
ffff8e67c4a970c0 3924016233 C Ci:2:006:0 0 2 = 0000
ffff8e67c4a970c0 3924016315 S Co:2:006:0 s 40 bc 0900 0014 0002 2 = d39e
ffff8e67c4a970c0 3924018920 C Co:2:006:0 0 2 >
ffff8e67c4a970c0 3924019001 S Ci:2:006:0 s c0 bc 0900 001c 0002 2 <
ffff8e67c4a970c0 3924021696 C Ci:2:006:0 0 2 = 2e6f
ffff8e67c4a970c0 3924021783 S Co:2:006:0 s 40 b9 0000 0000 0004 4 = 09016601
ffff8e67c4a970c0 3924024443 C Co:2:006:0 0 4 >
ffff8e67c4a970c0 3924024479 S Ii:2:006:3 -115:1 3 <
ffff8e67c4a970c0 3924025709 C Ii:2:006:3 0:1 3 = 100000
ffff8e67c4a970c0 3924025781 S Ci:2:006:0 s c0 bc 0800 0016 0002 2 <
ffff8e67c4a970c0 3924028575 C Ci:2:006:0 0 2 = 0900
ffff8e67c4a970c0 3924028657 S Ci:2:006:0 s c0 bc 0900 001c 0002 2 <
ffff8e67c4a970c0 3924031176 C Ci:2:006:0 0 2 = 2e6f
ffff8e67c4a970c0 3924031213 S Ci:2:006:0 s c0 bc 0800 23be 0004 4 <
ffff8e67c4a970c0 3924033846 C Ci:2:006:0 0 4 = 0000b2e0
ffff8e67c4a970c0 3924034073 S Co:2:006:0 s 40 bc 0800 00c0 0004 4 = 9dcd6800
ffff8e67c4a970c0 3924036738 C Co:2:006:0 0 4 >
ffff8e67c4a970c0 3924036792 S Co:2:006:0 s 40 b9 0000 0000 0004 4 = 09006603
ffff8e67c4a970c0 3924039446 C Co:2:006:0 0 4 >
ffff8e67c4a970c0 3924039481 S Ii:2:006:3 -115:1 3 <
ffff8e67c4a970c0 3924040747 C Ii:2:006:3 0:1 3 = 100000
ffff8e67c4a970c0 3924040804 S Ci:2:006:0 s c0 bc 0800 0016 0002 2 <
ffff8e67c4a970c0 3924043570 C Ci:2:006:0 0 2 = 0900
ffff8e67c4a970c0 3924043634 S Ci:2:006:0 s c0 bc 0900 001c 0002 2 <
ffff8e67c4a970c0 3924046277 C Ci:2:006:0 0 2 = 2e6f
ffff8e67c4a970c0 3924046309 S Ci:2:006:0 s c0 bc 0800 23be 0002 2 <
ffff8e67c4a970c0 3924049116 C Ci:2:006:0 0 2 = 0000
ffff8e67c4a970c0 3924049153 S Co:2:006:0 s 40 bc 0900 0014 0002 2 = d39e
ffff8e67c4a970c0 3924051849 C Co:2:006:0 0 2 >
ffff8e67c4a970c0 3924051963 S Ci:2:006:0 s c0 bc 0900 001c 0002 2 <
ffff8e67c4a970c0 3924054549 C Ci:2:006:0 0 2 = 2e6f
ffff8e67c4a970c0 3924054589 S Co:2:006:0 s 40 b9 0000 0000 0004 4 = 09016601
ffff8e67c4a970c0 3924057266 C Co:2:006:0 0 4 >
ffff8e67c4a970c0 3924057303 S Ii:2:006:3 -115:1 3 <
ffff8e67c4a970c0 3924058582 C Ii:2:006:3 0:1 3 = 100000
ffff8e67c4a970c0 3924058661 S Ci:2:006:0 s c0 bc 0800 0016 0002 2 <
ffff8e67c4a970c0 3924061412 C Ci:2:006:0 0 2 = 0900
ffff8e67c4a970c0 3924061452 S Ci:2:006:0 s c0 bc 0900 001c 0002 2 <
ffff8e67c4a970c0 3924064175 C Ci:2:006:0 0 2 = 2e6f
ffff8e67c4a970c0 3924064246 S Ci:2:006:0 s c0 bc 0800 23be 0004 4 <
ffff8e67c4a970c0 3924066857 C Ci:2:006:0 0 4 = 0000b2e0
ffff8e67c4a970c0 3924066944 S Co:2:006:0 s 40 bc 0800 00c0 0004 4 = 9dcd6700
ffff8e67c4a970c0 3924069558 C Co:2:006:0 0 4 >
ffff8e67c4a970c0 3924069598 S Co:2:006:0 s 40 b9 0000 0000 0004 4 = 09006603
ffff8e67c4a970c0 3924072294 C Co:2:006:0 0 4 >
ffff8e67c4a970c0 3924072345 S Ii:2:006:3 -115:1 3 <
ffff8e67c4a970c0 3924073490 C Ii:2:006:3 0:1 3 = 100000
ffff8e67c4a970c0 3924073531 S Ci:2:006:0 s c0 bc 0800 0016 0002 2 <
ffff8e67c4a970c0 3924076202 C Ci:2:006:0 0 2 = 0900
ffff8e67c4a970c0 3924076236 S Ci:2:006:0 s c0 bc 0900 001c 0002 2 <
ffff8e67c4a970c0 3924078861 C Ci:2:006:0 0 2 = 2e6f
ffff8e67c4a970c0 3924078916 S Ci:2:006:0 s c0 bc 0800 23be 0002 2 <
ffff8e67c4a970c0 3924081677 C Ci:2:006:0 0 2 = 0000
ffff8e67c4a970c0 3924081722 S Co:2:006:0 s 40 bc 0900 0014 0002 2 = d39e
ffff8e67c4a970c0 3924084415 C Co:2:006:0 0 2 >
ffff8e67c4a970c0 3924084459 S Ci:2:006:0 s c0 bc 0900 001c 0002 2 <
ffff8e67c4a970c0 3924087094 C Ci:2:006:0 0 2 = 2e6f
ffff8e67c4a970c0 3924087128 S Co:2:006:0 s 40 b9 0000 0000 0004 4 = 09016601
ffff8e67c4a970c0 3924089851 C Co:2:006:0 0 4 >
ffff8e67c4a970c0 3924089903 S Ii:2:006:3 -115:1 3 <
ffff8e67c4a970c0 3924091186 C Ii:2:006:3 0:1 3 = 100000
ffff8e67c4a970c0 3924091216 S Ci:2:006:0 s c0 bc 0800 0016 0002 2 <
ffff8e67c4a970c0 3924094121 C Ci:2:006:0 0 2 = 0900
ffff8e67c4a970c0 3924094165 S Ci:2:006:0 s c0 bc 0900 001c 0002 2 <
ffff8e67c4a970c0 3924096745 C Ci:2:006:0 0 2 = 2e6f
ffff8e67c4a970c0 3924096788 S Ci:2:006:0 s c0 bc 0800 23be 0004 4 <
ffff8e67c4a970c0 3924099453 C Ci:2:006:0 0 4 = 0000b2e0
ffff8e67c4a970c0 3924099492 S Co:2:006:0 s 40 bc 0800 00c0 0004 4 = 9dcd6600
ffff8e67c4a970c0 3924102285 C Co:2:006:0 0 4 >
ffff8e67c4a970c0 3924102328 S Co:2:006:0 s 40 b9 0000 0000 0004 4 = 09006603
ffff8e67c4a970c0 3924104971 C Co:2:006:0 0 4 >
ffff8e67c4a970c0 3924105011 S Ii:2:006:3 -115:1 3 <
ffff8e67c4a970c0 3924106260 C Ii:2:006:3 0:1 3 = 100000
ffff8e67c4a970c0 3924106312 S Ci:2:006:0 s c0 bc 0800 0016 0002 2 <
ffff8e67c4a970c0 3924109206 C Ci:2:006:0 0 2 = 0900
ffff8e67c4a970c0 3924109247 S Ci:2:006:0 s c0 bc 0900 001c 0002 2 <
ffff8e67c4a970c0 3924112013 C Ci:2:006:0 0 2 = 2e6f
ffff8e67c4a970c0 3924112071 S Ci:2:006:0 s c0 bc 0800 23be 0002 2 <
ffff8e67c4a970c0 3924114664 C Ci:2:006:0 0 2 = 0000
ffff8e67c4a970c0 3924114709 S Co:2:006:0 s 40 bc 0900 0014 0002 2 = d39e
ffff8e67c4a970c0 3924117405 C Co:2:006:0 0 2 >
ffff8e67c4a970c0 3924117447 S Ci:2:006:0 s c0 bc 0900 001c 0002 2 <
ffff8e67c4a970c0 3924120052 C Ci:2:006:0 0 2 = 2e6f
ffff8e67c4a970c0 3924120129 S Co:2:006:0 s 40 b9 0000 0000 0004 4 = 09016601
ffff8e67c4a970c0 3924122743 C Co:2:006:0 0 4 >
ffff8e67c4a970c0 3924122775 S Ii:2:006:3 -115:1 3 <
ffff8e67c4a970c0 3924124065 C Ii:2:006:3 0:1 3 = 100000
ffff8e67c4a970c0 3924124135 S Ci:2:006:0 s c0 bc 0800 0016 0002 2 <
ffff8e67c4a970c0 3924126917 C Ci:2:006:0 0 2 = 0900
ffff8e67c4a970c0 3924126948 S Ci:2:006:0 s c0 bc 0900 001c 0002 2 <
ffff8e67c4a970c0 3924129692 C Ci:2:006:0 0 2 = 2e6f
ffff8e67c4a970c0 3924129734 S Ci:2:006:0 s c0 bc 0800 23be 0004 4 <
ffff8e67c4a970c0 3924132547 C Ci:2:006:0 0 4 = 0000b2e0
ffff8e67c4a970c0 3924132590 S Co:2:006:0 s 40 bc 0800 00c0 0004 4 = 9dcd6500
ffff8e67c4a970c0 3924135270 C Co:2:006:0 0 4 >
ffff8e67c4a970c0 3924135314 S Co:2:006:0 s 40 b9 0000 0000 0004 4 = 09006603
ffff8e67c4a970c0 3924138114 C Co:2:006:0 0 4 >
ffff8e67c4a970c0 3924138145 S Ii:2:006:3 -115:1 3 <
ffff8e67c4a970c0 3924139303 C Ii:2:006:3 0:1 3 = 100000
ffff8e67c4a970c0 3924139342 S Ci:2:006:0 s c0 bc 0800 0016 0002 2 <
ffff8e67c4a970c0 3924142175 C Ci:2:006:0 0 2 = 0900
ffff8e67c4a970c0 3924142206 S Ci:2:006:0 s c0 bc 0900 001c 0002 2 <
ffff8e67c4a970c0 3924144942 C Ci:2:006:0 0 2 = 2e6f
ffff8e67c4a970c0 3924144982 S Ci:2:006:0 s c0 bc 0800 23be 0002 2 <
ffff8e67c4a970c0 3924147694 C Ci:2:006:0 0 2 = 0000
ffff8e67c4a970c0 3924147752 S Co:2:006:0 s 40 bc 0900 0014 0002 2 = d39e
ffff8e67c4a970c0 3924150400 C Co:2:006:0 0 2 >
ffff8e67c4a970c0 3924150448 S Ci:2:006:0 s c0 bc 0900 001c 0002 2 <
ffff8e67c4a970c0 3924153164 C Ci:2:006:0 0 2 = 2e6f
ffff8e67c4a970c0 3924153197 S Co:2:006:0 s 40 b9 0000 0000 0004 4 = 09016601
ffff8e67c4a970c0 3924155947 C Co:2:006:0 0 4 >
ffff8e67c4a970c0 3924155985 S Ii:2:006:3 -115:1 3 <
ffff8e67c4a970c0 3924157394 C Ii:2:006:3 0:1 3 = 100000
ffff8e67c4a970c0 3924157434 S Ci:2:006:0 s c0 bc 0800 0016 0002 2 <
ffff8e67c4a970c0 3924160245 C Ci:2:006:0 0 2 = 0900
ffff8e67c4a970c0 3924162113 S Ci:2:006:0 s c0 bc 0900 001c 0002 2 <
ffff8e67c4a970c0 3924163131 C Ci:2:006:0 0 2 = 2e6f
ffff8e67c4a970c0 3924163164 S Ci:2:006:0 s c0 bc 0800 23be 0004 4 <
ffff8e67c4a970c0 3924165785 C Ci:2:006:0 0 4 = 0000b2e0
ffff8e67c4a970c0 3924165830 S Co:2:006:0 s 40 bc 0800 00c0 0004 4 = 9dcd6800
ffff8e67c4a970c0 3924168462 C Co:2:006:0 0 4 >
ffff8e67c4a970c0 3924168504 S Co:2:006:0 s 40 b9 0000 0000 0004 4 = 09006603
ffff8e67c4a970c0 3924171235 C Co:2:006:0 0 4 >
ffff8e67c4a970c0 3924171272 S Ii:2:006:3 -115:1 3 <
ffff8e67c4a970c0 3924172445 C Ii:2:006:3 0:1 3 = 100000
ffff8e67c4a970c0 3924172484 S Ci:2:006:0 s c0 bc 0800 0016 0002 2 <
ffff8e67c4a970c0 3924175299 C Ci:2:006:0 0 2 = 0900
ffff8e67c4a970c0 3924175338 S Ci:2:006:0 s c0 bc 0900 001c 0002 2 <
ffff8e67c4a970c0 3924177989 C Ci:2:006:0 0 2 = 2e6f
ffff8e67c4a970c0 3924178045 S Ci:2:006:0 s c0 bc 0800 23be 0002 2 <
ffff8e67c4a970c0 3924180600 C Ci:2:006:0 0 2 = 0000
ffff8e67c4a970c0 3924180635 S Co:2:006:0 s 40 bc 0900 0014 0002 2 = d39e
ffff8e67c4a970c0 3924183293 C Co:2:006:0 0 2 >
ffff8e67c4a970c0 3924183339 S Ci:2:006:0 s c0 bc 0900 001c 0002 2 <
ffff8e67c4a970c0 3924185978 C Ci:2:006:0 0 2 = 2e6f
ffff8e67c4a970c0 3924186022 S Co:2:006:0 s 40 b9 0000 0000 0004 4 = 09016601
ffff8e67c4a970c0 3924188603 C Co:2:006:0 0 4 >
ffff8e67c4a970c0 3924188628 S Ii:2:006:3 -115:1 3 <
ffff8e67c4a970c0 3924189950 C Ii:2:006:3 0:1 3 = 100000
ffff8e67c4a970c0 3924189995 S Ci:2:006:0 s c0 bc 0800 0016 0002 2 <
ffff8e67c4a970c0 3924192757 C Ci:2:006:0 0 2 = 0900
ffff8e67c4a970c0 3924192799 S Ci:2:006:0 s c0 bc 0900 001c 0002 2 <
ffff8e67c4a970c0 3924195610 C Ci:2:006:0 0 2 = 2e6f
ffff8e67c4a970c0 3924195667 S Ci:2:006:0 s c0 bc 0800 23be 0004 4 <
ffff8e67c4a970c0 3924198293 C Ci:2:006:0 0 4 = 0000b2e0
ffff8e67c4a970c0 3924198338 S Co:2:006:0 s 40 bc 0800 00c0 0004 4 = 9dcd6700
ffff8e67c4a970c0 3924201051 C Co:2:006:0 0 4 >
ffff8e67c4a970c0 3924201094 S Co:2:006:0 s 40 b9 0000 0000 0004 4 = 09006603
ffff8e67c4a970c0 3924203778 C Co:2:006:0 0 4 >
ffff8e67c4a970c0 3924203819 S Ii:2:006:3 -115:1 3 <
ffff8e67c4a970c0 3924205043 C Ii:2:006:3 0:1 3 = 100000
ffff8e67c4a970c0 3924205084 S Ci:2:006:0 s c0 bc 0800 0016 0002 2 <
ffff8e67c4a970c0 3924207832 C Ci:2:006:0 0 2 = 0900
ffff8e67c4a970c0 3924208015 S Ci:2:006:0 s c0 bc 0900 001c 0002 2 <
ffff8e67c4a970c0 3924210658 C Ci:2:006:0 0 2 = 2e6f
ffff8e67c4a970c0 3924210711 S Ci:2:006:0 s c0 bc 0800 23be 0002 2 <
ffff8e67c4a970c0 3924213439 C Ci:2:006:0 0 2 = 0000
ffff8e67c4a970c0 3924213481 S Co:2:006:0 s 40 bc 0900 0014 0002 2 = d39e
ffff8e67c4a970c0 3924216131 C Co:2:006:0 0 2 >
ffff8e67c4a970c0 3924216173 S Ci:2:006:0 s c0 bc 0900 001c 0002 2 <
ffff8e67c4a970c0 3924218754 C Ci:2:006:0 0 2 = 2e6f
ffff8e67c4a970c0 3924218797 S Co:2:006:0 s 40 b9 0000 0000 0004 4 = 09016601
ffff8e67c4a970c0 3924221529 C Co:2:006:0 0 4 >
ffff8e67c4a970c0 3924221569 S Ii:2:006:3 -115:1 3 <
ffff8e67c4a970c0 3924222799 C Ii:2:006:3 0:1 3 = 100000
ffff8e67c4a970c0 3924222839 S Ci:2:006:0 s c0 bc 0800 0016 0002 2 <
ffff8e67c4a970c0 3924225618 C Ci:2:006:0 0 2 = 0900
ffff8e67c4a970c0 3924225661 S Ci:2:006:0 s c0 bc 0900 001c 0002 2 <
ffff8e67c4a970c0 3924228443 C Ci:2:006:0 0 2 = 2e6f
ffff8e67c4a970c0 3924228489 S Ci:2:006:0 s c0 bc 0800 23be 0004 4 <
ffff8e67c4a970c0 3924231090 C Ci:2:006:0 0 4 = 0000b2e0
ffff8e67c4a970c0 3924231191 S Co:2:006:0 s 40 bc 0800 00c0 0004 4 = 9dcd6600
ffff8e67c4a970c0 3924233963 C Co:2:006:0 0 4 >
ffff8e67c4a970c0 3924234008 S Co:2:006:0 s 40 b9 0000 0000 0004 4 = 09006603
ffff8e67c4a970c0 3924236640 C Co:2:006:0 0 4 >
ffff8e67c4a970c0 3924236676 S Ii:2:006:3 -115:1 3 <
ffff8e67c4a970c0 3924237933 C Ii:2:006:3 0:1 3 = 100000
ffff8e67c4a970c0 3924237972 S Ci:2:006:0 s c0 bc 0800 0016 0002 2 <
ffff8e67c4a970c0 3924240821 C Ci:2:006:0 0 2 = 0900
ffff8e67c4a970c0 3924240878 S Ci:2:006:0 s c0 bc 0900 001c 0002 2 <
ffff8e67c4a970c0 3924243537 C Ci:2:006:0 0 2 = 2e6f
ffff8e67c4a970c0 3924243572 S Ci:2:006:0 s c0 bc 0800 23be 0002 2 <
ffff8e67c4a970c0 3924246252 C Ci:2:006:0 0 2 = 0000
ffff8e67c4a970c0 3924246287 S Co:2:006:0 s 40 bc 0900 0014 0002 2 = d39e
ffff8e67c4a970c0 3924248971 C Co:2:006:0 0 2 >
ffff8e67c4a970c0 3924249013 S Ci:2:006:0 s c0 bc 0900 001c 0002 2 <
ffff8e67c4a970c0 3924251694 C Ci:2:006:0 0 2 = 2e6f
ffff8e67c4a970c0 3924251738 S Co:2:006:0 s 40 b9 0000 0000 0004 4 = 09016601
ffff8e67c4a970c0 3924254371 C Co:2:006:0 0 4 >
ffff8e67c4a970c0 3924254412 S Ii:2:006:3 -115:1 3 <
ffff8e67c4a970c0 3924255639 C Ii:2:006:3 0:1 3 = 100000
ffff8e67c4a970c0 3924255678 S Ci:2:006:0 s c0 bc 0800 0016 0002 2 <
ffff8e67c4a970c0 3924258619 C Ci:2:006:0 0 2 = 0900
ffff8e67c4a970c0 3924258664 S Ci:2:006:0 s c0 bc 0900 001c 0002 2 <
ffff8e67c4a970c0 3924261259 C Ci:2:006:0 0 2 = 2e6f
ffff8e67c4a970c0 3924261311 S Ci:2:006:0 s c0 bc 0800 23be 0004 4 <
ffff8e67c4a970c0 3924263939 C Ci:2:006:0 0 4 = 0000b2e0
ffff8e67c4a970c0 3924264042 S Co:2:006:0 s 40 bc 0800 00c0 0004 4 = 9dcd6500
ffff8e67c4a970c0 3924266761 C Co:2:006:0 0 4 >
ffff8e67c4a970c0 3924266805 S Co:2:006:0 s 40 b9 0000 0000 0004 4 = 09006603
ffff8e67c4a970c0 3924269570 C Co:2:006:0 0 4 >
ffff8e67c4a970c0 3924269611 S Ii:2:006:3 -115:1 3 <
ffff8e67c4a970c0 3924270819 C Ii:2:006:3 0:1 3 = 100000
ffff8e67c4a970c0 3924270872 S Ci:2:006:0 s c0 bc 0800 0016 0002 2 <
ffff8e67c4a970c0 3924273496 C Ci:2:006:0 0 2 = 0900
ffff8e67c4a970c0 3924273541 S Ci:2:006:0 s c0 bc 0900 001c 0002 2 <
ffff8e67c4a970c0 3924276214 C Ci:2:006:0 0 2 = 2e6f
ffff8e67c4a970c0 3924276259 S Ci:2:006:0 s c0 bc 0800 23be 0002 2 <
ffff8e67c4a970c0 3924278992 C Ci:2:006:0 0 2 = 0000
ffff8e67c4a970c0 3924279066 S Co:2:006:0 s 40 bc 0900 0014 0002 2 = d39e
ffff8e67c4a970c0 3924281555 C Co:2:006:0 0 2 >
ffff8e67c4a970c0 3924281597 S Ci:2:006:0 s c0 bc 0900 001c 0002 2 <
ffff8e67c4a970c0 3924284273 C Ci:2:006:0 0 2 = 2e6f
ffff8e67c4a970c0 3924284318 S Co:2:006:0 s 40 b9 0000 0000 0004 4 = 09016601
ffff8e67c4a970c0 3924286980 C Co:2:006:0 0 4 >
ffff8e67c4a970c0 3924287021 S Ii:2:006:3 -115:1 3 <
ffff8e67c4a970c0 3924288242 C Ii:2:006:3 0:1 3 = 100000
ffff8e67c4a970c0 3924288275 S Ci:2:006:0 s c0 bc 0800 0016 0002 2 <
ffff8e67c4a970c0 3924291053 C Ci:2:006:0 0 2 = 0900
ffff8e67c4a970c0 3924291097 S Ci:2:006:0 s c0 bc 0900 001c 0002 2 <
ffff8e67c4a970c0 3924293750 C Ci:2:006:0 0 2 = 2e6f
ffff8e67c4a970c0 3924293790 S Ci:2:006:0 s c0 bc 0800 23be 0004 4 <
ffff8e67c4a970c0 3924296569 C Ci:2:006:0 0 4 = 0000b2e0
ffff8e67c4a970c0 3924296628 S Co:2:006:0 s 40 bc 0800 00c0 0004 4 = 9dcd6800
ffff8e67c4a970c0 3924299290 C Co:2:006:0 0 4 >
ffff8e67c4a970c0 3924299333 S Co:2:006:0 s 40 b9 0000 0000 0004 4 = 09006603
ffff8e67c4a970c0 3924302027 C Co:2:006:0 0 4 >
ffff8e67c4a970c0 3924302069 S Ii:2:006:3 -115:1 3 <
ffff8e67c4a970c0 3924303224 C Ii:2:006:3 0:1 3 = 100000
ffff8e67c4a970c0 3924303263 S Ci:2:006:0 s c0 bc 0800 0016 0002 2 <
ffff8e67c4a970c0 3924306015 C Ci:2:006:0 0 2 = 0900
ffff8e67c4a970c0 3924306059 S Ci:2:006:0 s c0 bc 0900 001c 0002 2 <
ffff8e67c4a970c0 3924308692 C Ci:2:006:0 0 2 = 2e6f
ffff8e67c4a970c0 3924308734 S Ci:2:006:0 s c0 bc 0800 23be 0002 2 <
ffff8e67c4a970c0 3924311345 C Ci:2:006:0 0 2 = 0000
ffff8e67c4a970c0 3924311386 S Co:2:006:0 s 40 bc 0900 0014 0002 2 = d39e
ffff8e67c4a970c0 3924314120 C Co:2:006:0 0 2 >
ffff8e67c4a970c0 3924314163 S Ci:2:006:0 s c0 bc 0900 001c 0002 2 <
ffff8e67c4a970c0 3924316870 C Ci:2:006:0 0 2 = 2e6f
ffff8e67c4a970c0 3924316911 S Co:2:006:0 s 40 b9 0000 0000 0004 4 = 09016601
ffff8e67c4a970c0 3924319678 C Co:2:006:0 0 4 >
ffff8e67c4a970c0 3924319718 S Ii:2:006:3 -115:1 3 <
ffff8e67c4a970c0 3924320960 C Ii:2:006:3 0:1 3 = 100000
ffff8e67c4a970c0 3924321001 S Ci:2:006:0 s c0 bc 0800 0016 0002 2 <
ffff8e67c4a970c0 3924323783 C Ci:2:006:0 0 2 = 0900
ffff8e67c4a970c0 3924323826 S Ci:2:006:0 s c0 bc 0900 001c 0002 2 <
ffff8e67c4a970c0 3924326496 C Ci:2:006:0 0 2 = 2e6f
ffff8e67c4a970c0 3924326532 S Ci:2:006:0 s c0 bc 0800 23be 0004 4 <
ffff8e67c4a970c0 3924329295 C Ci:2:006:0 0 4 = 0000b2e0
ffff8e67c4a970c0 3924329351 S Co:2:006:0 s 40 bc 0800 00c0 0004 4 = 9dcd6700
ffff8e67c4a970c0 3924331943 C Co:2:006:0 0 4 >
ffff8e67c4a970c0 3924331984 S Co:2:006:0 s 40 b9 0000 0000 0004 4 = 09006603
ffff8e67c4a970c0 3924334687 C Co:2:006:0 0 4 >
ffff8e67c4a970c0 3924334730 S Ii:2:006:3 -115:1 3 <
ffff8e67c4a970c0 3924335899 C Ii:2:006:3 0:1 3 = 100000
ffff8e67c4a970c0 3924336127 S Ci:2:006:0 s c0 bc 0800 0016 0002 2 <
ffff8e67c4a970c0 3924338710 C Ci:2:006:0 0 2 = 0900
ffff8e67c4a970c0 3924338753 S Ci:2:006:0 s c0 bc 0900 001c 0002 2 <
ffff8e67c4a970c0 3924341341 C Ci:2:006:0 0 2 = 2e6f
ffff8e67c4a970c0 3924341375 S Ci:2:006:0 s c0 bc 0800 23be 0002 2 <
ffff8e67c4a970c0 3924343973 C Ci:2:006:0 0 2 = 0000
ffff8e67c4a970c0 3924344015 S Co:2:006:0 s 40 bc 0900 0014 0002 2 = d39e
ffff8e67c4a970c0 3924346623 C Co:2:006:0 0 2 >
ffff8e67c4a970c0 3924346667 S Ci:2:006:0 s c0 bc 0900 001c 0002 2 <
ffff8e67c4a970c0 3924349402 C Ci:2:006:0 0 2 = 2e6f
ffff8e67c4a970c0 3924349446 S Co:2:006:0 s 40 b9 0000 0000 0004 4 = 09016601
ffff8e67c4a970c0 3924352132 C Co:2:006:0 0 4 >
ffff8e67c4a970c0 3924352172 S Ii:2:006:3 -115:1 3 <
ffff8e67c4a970c0 3924353391 C Ii:2:006:3 0:1 3 = 100000
ffff8e67c4a970c0 3924353431 S Ci:2:006:0 s c0 bc 0800 0016 0002 2 <
ffff8e67c4a970c0 3924356181 C Ci:2:006:0 0 2 = 0900
ffff8e67c4a970c0 3924356225 S Ci:2:006:0 s c0 bc 0900 001c 0002 2 <
ffff8e67c4a970c0 3924358828 C Ci:2:006:0 0 2 = 2e6f
ffff8e67c4a970c0 3924358885 S Ci:2:006:0 s c0 bc 0800 23be 0004 4 <
ffff8e67c4a970c0 3924361611 C Ci:2:006:0 0 4 = 0000b2e0
ffff8e67c4a970c0 3924361788 S Co:2:006:0 s 40 bc 0800 00c0 0004 4 = 9dcd6600
ffff8e67c4a970c0 3924364489 C Co:2:006:0 0 4 >
ffff8e67c4a970c0 3924364531 S Co:2:006:0 s 40 b9 0000 0000 0004 4 = 09006603
ffff8e67c4a970c0 3924367061 C Co:2:006:0 0 4 >
ffff8e67c4a970c0 3924367105 S Ii:2:006:3 -115:1 3 <
ffff8e67c4a970c0 3924368439 C Ii:2:006:3 0:1 3 = 100000
ffff8e67c4a970c0 3924368479 S Ci:2:006:0 s c0 bc 0800 0016 0002 2 <
ffff8e67c4a970c0 3924371287 C Ci:2:006:0 0 2 = 0900
ffff8e67c4a970c0 3924371331 S Ci:2:006:0 s c0 bc 0900 001c 0002 2 <
ffff8e67c4a970c0 3924373972 C Ci:2:006:0 0 2 = 2e6f
ffff8e67c4a970c0 3924374014 S Ci:2:006:0 s c0 bc 0800 23be 0002 2 <
ffff8e67c4a970c0 3924376632 C Ci:2:006:0 0 2 = 0000
ffff8e67c4a970c0 3924376674 S Co:2:006:0 s 40 bc 0900 0014 0002 2 = d39e
ffff8e67c4a970c0 3924379448 C Co:2:006:0 0 2 >
ffff8e67c4a970c0 3924379504 S Ci:2:006:0 s c0 bc 0900 001c 0002 2 <
ffff8e67c4a970c0 3924382158 C Ci:2:006:0 0 2 = 2e6f
ffff8e67c4a970c0 3924382192 S Co:2:006:0 s 40 b9 0000 0000 0004 4 = 09016601
ffff8e67c4a970c0 3924384944 C Co:2:006:0 0 4 >
ffff8e67c4a970c0 3924384985 S Ii:2:006:3 -115:1 3 <
ffff8e67c4a970c0 3924386336 C Ii:2:006:3 0:1 3 = 100000
ffff8e67c4a970c0 3924386377 S Ci:2:006:0 s c0 bc 0800 0016 0002 2 <
ffff8e67c4a970c0 3924389105 C Ci:2:006:0 0 2 = 0900
ffff8e67c4a970c0 3924389137 S Ci:2:006:0 s c0 bc 0900 001c 0002 2 <
ffff8e67c4a970c0 3924391881 C Ci:2:006:0 0 2 = 2e6f
ffff8e67c4a970c0 3924391926 S Ci:2:006:0 s c0 bc 0800 23be 0004 4 <
ffff8e67c4a970c0 3924394658 C Ci:2:006:0 0 4 = 0000b2e0
ffff8e67c4a970c0 3924394715 S Co:2:006:0 s 40 bc 0800 00c0 0004 4 = 9dcd6500
ffff8e67c4a970c0 3924397386 C Co:2:006:0 0 4 >
ffff8e67c4a970c0 3924397430 S Co:2:006:0 s 40 b9 0000 0000 0004 4 = 09006603
ffff8e67c4a970c0 3924400058 C Co:2:006:0 0 4 >
ffff8e67c4a970c0 3924400099 S Ii:2:006:3 -115:1 3 <
ffff8e67c4a970c0 3924401307 C Ii:2:006:3 0:1 3 = 100000
ffff8e67c4a970c0 3924401346 S Ci:2:006:0 s c0 bc 0800 0016 0002 2 <
ffff8e67c4a970c0 3924404115 C Ci:2:006:0 0 2 = 0900
ffff8e67c4a970c0 3924404158 S Ci:2:006:0 s c0 bc 0900 001c 0002 2 <
ffff8e67c4a970c0 3924406725 C Ci:2:006:0 0 2 = 2e6f
ffff8e67c4a970c0 3924406768 S Ci:2:006:0 s c0 bc 0800 23be 0002 2 <
ffff8e67c4a970c0 3924409379 C Ci:2:006:0 0 2 = 0000
ffff8e67c4a970c0 3924409419 S Co:2:006:0 s 40 bc 0900 0014 0002 2 = d39e
ffff8e67c4a970c0 3924412227 C Co:2:006:0 0 2 >
ffff8e67c4a970c0 3924412291 S Ci:2:006:0 s c0 bc 0900 001c 0002 2 <
ffff8e67c4a970c0 3924414931 C Ci:2:006:0 0 2 = 2e6f
ffff8e67c4a970c0 3924414975 S Co:2:006:0 s 40 b9 0000 0000 0004 4 = 09016601
ffff8e67c4a970c0 3924417682 C Co:2:006:0 0 4 >
ffff8e67c4a970c0 3924417723 S Ii:2:006:3 -115:1 3 <
ffff8e67c4a970c0 3924418946 C Ii:2:006:3 0:1 3 = 100000
ffff8e67c4a970c0 3924418986 S Ci:2:006:0 s c0 bc 0800 0016 0002 2 <
ffff8e67c4a970c0 3924421800 C Ci:2:006:0 0 2 = 0900
ffff8e67c4a970c0 3924421840 S Ci:2:006:0 s c0 bc 0900 001c 0002 2 <
ffff8e67c4a970c0 3924424514 C Ci:2:006:0 0 2 = 2e6f
ffff8e67c4a970c0 3924424558 S Ci:2:006:0 s c0 bc 0800 23be 0004 4 <
ffff8e67c4a970c0 3924427305 C Ci:2:006:0 0 4 = 0000b2e0
ffff8e67c4a970c0 3924427349 S Co:2:006:0 s 40 bc 0800 00c0 0004 4 = 9dcd6800
ffff8e67c4a970c0 3924429957 C Co:2:006:0 0 4 >
ffff8e67c4a970c0 3924429998 S Co:2:006:0 s 40 b9 0000 0000 0004 4 = 09006603
ffff8e67c4a970c0 3924432708 C Co:2:006:0 0 4 >
ffff8e67c4a970c0 3924432749 S Ii:2:006:3 -115:1 3 <
ffff8e67c4a970c0 3924434036 C Ii:2:006:3 0:1 3 = 100000
ffff8e67c4a970c0 3924434069 S Ci:2:006:0 s c0 bc 0800 0016 0002 2 <
ffff8e67c4a970c0 3924436857 C Ci:2:006:0 0 2 = 0900
ffff8e67c4a970c0 3924436900 S Ci:2:006:0 s c0 bc 0900 001c 0002 2 <
ffff8e67c4a970c0 3924439545 C Ci:2:006:0 0 2 = 2e6f
ffff8e67c4a970c0 3924439588 S Ci:2:006:0 s c0 bc 0800 23be 0002 2 <
ffff8e67c4a970c0 3924442219 C Ci:2:006:0 0 2 = 0000
ffff8e67c4a970c0 3924442254 S Co:2:006:0 s 40 bc 0900 0014 0002 2 = d39e
ffff8e67c4a970c0 3924445028 C Co:2:006:0 0 2 >
ffff8e67c4a970c0 3924445068 S Ci:2:006:0 s c0 bc 0900 001c 0002 2 <
ffff8e67c4a970c0 3924447622 C Ci:2:006:0 0 2 = 2e6f
ffff8e67c4a970c0 3924447665 S Co:2:006:0 s 40 b9 0000 0000 0004 4 = 09016601
ffff8e67c4a970c0 3924450385 C Co:2:006:0 0 4 >
ffff8e67c4a970c0 3924450427 S Ii:2:006:3 -115:1 3 <
ffff8e67c4a970c0 3924451629 C Ii:2:006:3 0:1 3 = 100000
ffff8e67c4a970c0 3924451668 S Ci:2:006:0 s c0 bc 0800 0016 0002 2 <
ffff8e67c4a970c0 3924454366 C Ci:2:006:0 0 2 = 0900
ffff8e67c4a970c0 3924454411 S Ci:2:006:0 s c0 bc 0900 001c 0002 2 <
ffff8e67c4a970c0 3924457148 C Ci:2:006:0 0 2 = 2e6f
ffff8e67c4a970c0 3924457190 S Ci:2:006:0 s c0 bc 0800 23be 0004 4 <
ffff8e67c4a970c0 3924459905 C Ci:2:006:0 0 4 = 0000b2e0
ffff8e67c4a970c0 3924459948 S Co:2:006:0 s 40 bc 0800 00c0 0004 4 = 9dcd6700
ffff8e67c4a970c0 3924462692 C Co:2:006:0 0 4 >
ffff8e67c4a970c0 3924462746 S Co:2:006:0 s 40 b9 0000 0000 0004 4 = 09006603
ffff8e67c4a970c0 3924465376 C Co:2:006:0 0 4 >
ffff8e67c4a970c0 3924465418 S Ii:2:006:3 -115:1 3 <
ffff8e67c4a970c0 3924466728 C Ii:2:006:3 0:1 3 = 100000
ffff8e67c4a970c0 3924466769 S Ci:2:006:0 s c0 bc 0800 0016 0002 2 <
ffff8e67c4a970c0 3924469530 C Ci:2:006:0 0 2 = 0900
ffff8e67c4a970c0 3924469574 S Ci:2:006:0 s c0 bc 0900 001c 0002 2 <
ffff8e67c4a970c0 3924472287 C Ci:2:006:0 0 2 = 2e6f
ffff8e67c4a970c0 3924472329 S Ci:2:006:0 s c0 bc 0800 23be 0002 2 <
ffff8e67c4a970c0 3924474997 C Ci:2:006:0 0 2 = 0000
ffff8e67c4a970c0 3924475061 S Co:2:006:0 s 40 bc 0900 0014 0002 2 = d39e
ffff8e67c4a970c0 3924477741 C Co:2:006:0 0 2 >
ffff8e67c4a970c0 3924477919 S Ci:2:006:0 s c0 bc 0900 001c 0002 2 <
ffff8e67c4a970c0 3924480572 C Ci:2:006:0 0 2 = 2e6f
ffff8e67c4a970c0 3924480594 S Co:2:006:0 s 40 b9 0000 0000 0004 4 = 09016601
ffff8e67c4a970c0 3924483220 C Co:2:006:0 0 4 >
ffff8e67c4a970c0 3924483249 S Ii:2:006:3 -115:1 3 <
ffff8e67c4a970c0 3924484522 C Ii:2:006:3 0:1 3 = 100000
ffff8e67c4a970c0 3924484542 S Ci:2:006:0 s c0 bc 0800 0016 0002 2 <
ffff8e67c4a970c0 3924487317 C Ci:2:006:0 0 2 = 0900
ffff8e67c4a970c0 3924487354 S Ci:2:006:0 s c0 bc 0900 001c 0002 2 <
ffff8e67c4a970c0 3924489980 C Ci:2:006:0 0 2 = 2e6f
ffff8e67c4a970c0 3924490058 S Ci:2:006:0 s c0 bc 0800 23be 0004 4 <
ffff8e67c4a970c0 3924492785 C Ci:2:006:0 0 4 = 0000b2e0
ffff8e67c4a970c0 3924492825 S Co:2:006:0 s 40 bc 0800 00c0 0004 4 = 9dcd6600
ffff8e67c4a970c0 3924495650 C Co:2:006:0 0 4 >
ffff8e67c4a970c0 3924495772 S Co:2:006:0 s 40 b9 0000 0000 0004 4 = 09006603
ffff8e67c4a970c0 3924498311 C Co:2:006:0 0 4 >
ffff8e67c4a970c0 3924498349 S Ii:2:006:3 -115:1 3 <
ffff8e67c4a970c0 3924499524 C Ii:2:006:3 0:1 3 = 100000
ffff8e67c4a970c0 3924499600 S Ci:2:006:0 s c0 bc 0800 0016 0002 2 <
ffff8e67c4a970c0 3924502275 C Ci:2:006:0 0 2 = 0900
ffff8e67c4a970c0 3924502316 S Ci:2:006:0 s c0 bc 0900 001c 0002 2 <
ffff8e67c4a970c0 3924505010 C Ci:2:006:0 0 2 = 2e6f
ffff8e67c4a970c0 3924505092 S Ci:2:006:0 s c0 bc 0800 23be 0002 2 <
ffff8e67c4a970c0 3924507742 C Ci:2:006:0 0 2 = 0000
ffff8e67c4a970c0 3924507811 S Co:2:006:0 s 40 bc 0900 0014 0002 2 = d39e
ffff8e67c4a970c0 3924510550 C Co:2:006:0 0 2 >
ffff8e67c4a970c0 3924510633 S Ci:2:006:0 s c0 bc 0900 001c 0002 2 <
ffff8e67c4a970c0 3924513303 C Ci:2:006:0 0 2 = 2e6f
ffff8e67c4a970c0 3924513384 S Co:2:006:0 s 40 b9 0000 0000 0004 4 = 09016601
ffff8e67c4a970c0 3924516094 C Co:2:006:0 0 4 >
ffff8e67c4a970c0 3924516204 S Ii:2:006:3 -115:1 3 <
ffff8e67c4a970c0 3924517326 C Ii:2:006:3 0:1 3 = 100000
ffff8e67c4a970c0 3924517393 S Ci:2:006:0 s c0 bc 0800 0016 0002 2 <
ffff8e67c4a970c0 3924520194 C Ci:2:006:0 0 2 = 0900
ffff8e67c4a970c0 3924520278 S Ci:2:006:0 s c0 bc 0900 001c 0002 2 <
ffff8e67c4a970c0 3924522908 C Ci:2:006:0 0 2 = 2e6f
ffff8e67c4a970c0 3924522948 S Ci:2:006:0 s c0 bc 0800 23be 0004 4 <
ffff8e67c4a970c0 3924525688 C Ci:2:006:0 0 4 = 0000b2e0
ffff8e67c4a970c0 3924525728 S Co:2:006:0 s 40 bc 0800 00c0 0004 4 = 9dcd6500
ffff8e67c4a970c0 3924528304 C Co:2:006:0 0 4 >
ffff8e67c4a970c0 3924528426 S Co:2:006:0 s 40 b9 0000 0000 0004 4 = 09006603
ffff8e67c4a970c0 3924530995 C Co:2:006:0 0 4 >
ffff8e67c4a970c0 3924531059 S Ii:2:006:3 -115:1 3 <
ffff8e67c4a970c0 3924532256 C Ii:2:006:3 0:1 3 = 100000
ffff8e67c4a970c0 3924532333 S Ci:2:006:0 s c0 bc 0800 0016 0002 2 <
ffff8e67c4a970c0 3924534954 C Ci:2:006:0 0 2 = 0900
ffff8e67c4a970c0 3924535037 S Ci:2:006:0 s c0 bc 0900 001c 0002 2 <
ffff8e67c4a970c0 3924537853 C Ci:2:006:0 0 2 = 2e6f
ffff8e67c4a970c0 3924537893 S Ci:2:006:0 s c0 bc 0800 23be 0002 2 <
ffff8e67c4a970c0 3924540502 C Ci:2:006:0 0 2 = 0000
ffff8e67c4a970c0 3924540541 S Co:2:006:0 s 40 bc 0900 0014 0002 2 = d39e
ffff8e67c4a970c0 3924543314 C Co:2:006:0 0 2 >
ffff8e67c4a970c0 3924543396 S Ci:2:006:0 s c0 bc 0900 001c 0002 2 <
ffff8e67c4a970c0 3924546092 C Ci:2:006:0 0 2 = 2e6f
ffff8e67c4a970c0 3924546152 S Co:2:006:0 s 40 b9 0000 0000 0004 4 = 09016601
ffff8e67c4a970c0 3924548827 C Co:2:006:0 0 4 >
ffff8e67c4a970c0 3924548920 S Ii:2:006:3 -115:1 3 <
ffff8e67c4a970c0 3924550075 C Ii:2:006:3 0:1 3 = 100000
ffff8e67c4a970c0 3924550143 S Ci:2:006:0 s c0 bc 0800 0016 0002 2 <
ffff8e67c4a970c0 3924552888 C Ci:2:006:0 0 2 = 0900
ffff8e67c4a970c0 3924552941 S Ci:2:006:0 s c0 bc 0900 001c 0002 2 <
ffff8e67c4a970c0 3924555508 C Ci:2:006:0 0 2 = 2e6f
ffff8e67c4a970c0 3924555598 S Ci:2:006:0 s c0 bc 0800 23be 0004 4 <
ffff8e67c4a970c0 3924558223 C Ci:2:006:0 0 4 = 0000b2e0
ffff8e67c4a970c0 3924558298 S Co:2:006:0 s 40 bc 0800 00c0 0004 4 = 9dcd6800
ffff8e67c4a970c0 3924561045 C Co:2:006:0 0 4 >
ffff8e67c4a970c0 3924561084 S Co:2:006:0 s 40 b9 0000 0000 0004 4 = 09006603
ffff8e67c4a970c0 3924563745 C Co:2:006:0 0 4 >
ffff8e67c4a970c0 3924563826 S Ii:2:006:3 -115:1 3 <
ffff8e67c4a970c0 3924565073 C Ii:2:006:3 0:1 3 = 100000
ffff8e67c4a970c0 3924565111 S Ci:2:006:0 s c0 bc 0800 0016 0002 2 <
ffff8e67c4a970c0 3924567931 C Ci:2:006:0 0 2 = 0900
ffff8e67c4a970c0 3924567997 S Ci:2:006:0 s c0 bc 0900 001c 0002 2 <
ffff8e67c4a970c0 3924570584 C Ci:2:006:0 0 2 = 2e6f
ffff8e67c4a970c0 3924570623 S Ci:2:006:0 s c0 bc 0800 23be 0002 2 <
ffff8e67c4a970c0 3924573358 C Ci:2:006:0 0 2 = 0000
ffff8e67c4a970c0 3924573429 S Co:2:006:0 s 40 bc 0900 0014 0002 2 = d39e
ffff8e67c4a970c0 3924576075 C Co:2:006:0 0 2 >
ffff8e67c4a970c0 3924576104 S Ci:2:006:0 s c0 bc 0900 001c 0002 2 <
ffff8e67c4a970c0 3924578708 C Ci:2:006:0 0 2 = 2e6f
ffff8e67c4a970c0 3924578845 S Co:2:006:0 s 40 b9 0000 0000 0004 4 = 09016601
ffff8e67c4a970c0 3924581320 C Co:2:006:0 0 4 >
ffff8e67c4a970c0 3924581357 S Ii:2:006:3 -115:1 3 <
ffff8e67c4a970c0 3924582601 C Ii:2:006:3 0:1 3 = 100000
ffff8e67c4a970c0 3924582678 S Ci:2:006:0 s c0 bc 0800 0016 0002 2 <
ffff8e67c4a970c0 3924585285 C Ci:2:006:0 0 2 = 0900
ffff8e67c4a970c0 3924585324 S Ci:2:006:0 s c0 bc 0900 001c 0002 2 <
ffff8e67c4a970c0 3924587918 C Ci:2:006:0 0 2 = 2e6f
ffff8e67c4a970c0 3924587996 S Ci:2:006:0 s c0 bc 0800 23be 0004 4 <
ffff8e67c4a970c0 3924590594 C Ci:2:006:0 0 4 = 0000b2e0
ffff8e67c4a970c0 3924590675 S Co:2:006:0 s 40 bc 0800 00c0 0004 4 = 9dcd6700
ffff8e67c4a970c0 3924593143 C Co:2:006:0 0 4 >
ffff8e67c4a970c0 3924593185 S Co:2:006:0 s 40 b9 0000 0000 0004 4 = 09006603
ffff8e67c4a970c0 3924595850 C Co:2:006:0 0 4 >
ffff8e67c4a970c0 3924595983 S Ii:2:006:3 -115:1 3 <
ffff8e67c4a970c0 3924597138 C Ii:2:006:3 0:1 3 = 100000
ffff8e67c4a970c0 3924597205 S Ci:2:006:0 s c0 bc 0800 0016 0002 2 <
ffff8e67c4a970c0 3924599937 C Ci:2:006:0 0 2 = 0900
ffff8e67c4a970c0 3924600018 S Ci:2:006:0 s c0 bc 0900 001c 0002 2 <
ffff8e67c4a970c0 3924602706 C Ci:2:006:0 0 2 = 2e6f
ffff8e67c4a970c0 3924602784 S Ci:2:006:0 s c0 bc 0800 23be 0002 2 <
ffff8e67c4a970c0 3924605374 C Ci:2:006:0 0 2 = 0000
ffff8e67c4a970c0 3924605411 S Co:2:006:0 s 40 bc 0900 0014 0002 2 = d39e
ffff8e67c4a970c0 3924607948 C Co:2:006:0 0 2 >
ffff8e67c4a970c0 3924608030 S Ci:2:006:0 s c0 bc 0900 001c 0002 2 <
ffff8e67c4a970c0 3924610472 C Ci:2:006:0 0 2 = 2e6f
ffff8e67c4a970c0 3924610500 S Co:2:006:0 s 40 b9 0000 0000 0004 4 = 09016601
ffff8e67c4a970c0 3924613188 C Co:2:006:0 0 4 >
ffff8e67c4a970c0 3924613233 S Ii:2:006:3 -115:1 3 <
ffff8e67c4a970c0 3924614372 C Ii:2:006:3 0:1 3 = 100000
ffff8e67c4a970c0 3924614414 S Ci:2:006:0 s c0 bc 0800 0016 0002 2 <
ffff8e67c4a970c0 3924617117 C Ci:2:006:0 0 2 = 0900
ffff8e67c4a970c0 3924617156 S Ci:2:006:0 s c0 bc 0900 001c 0002 2 <
ffff8e67c4a970c0 3924619808 C Ci:2:006:0 0 2 = 2e6f
ffff8e67c4a970c0 3924619862 S Ci:2:006:0 s c0 bc 0800 23be 0004 4 <
ffff8e67c4a970c0 3924622473 C Ci:2:006:0 0 4 = 0000b2e0
ffff8e67c4a970c0 3924622515 S Co:2:006:0 s 40 bc 0800 00c0 0004 4 = 9dcd6600
ffff8e67c4a970c0 3924625215 C Co:2:006:0 0 4 >
ffff8e67c4a970c0 3924625256 S Co:2:006:0 s 40 b9 0000 0000 0004 4 = 09006603
ffff8e67c4a970c0 3924627789 C Co:2:006:0 0 4 >
ffff8e67c4a970c0 3924627853 S Ii:2:006:3 -115:1 3 <
ffff8e67c4a970c0 3924628985 C Ii:2:006:3 0:1 3 = 100000
ffff8e67c4a970c0 3924629065 S Ci:2:006:0 s c0 bc 0800 0016 0002 2 <
ffff8e67c4a970c0 3924631767 C Ci:2:006:0 0 2 = 0900
ffff8e67c4a970c0 3924631813 S Ci:2:006:0 s c0 bc 0900 001c 0002 2 <
ffff8e67c4a970c0 3924634436 C Ci:2:006:0 0 2 = 2e6f
ffff8e67c4a970c0 3924634571 S Ci:2:006:0 s c0 bc 0800 23be 0002 2 <
ffff8e67c4a970c0 3924637208 C Ci:2:006:0 0 2 = 0000
ffff8e67c4a970c0 3924637253 S Co:2:006:0 s 40 bc 0900 0014 0002 2 = d39e
ffff8e67c4a970c0 3924639846 C Co:2:006:0 0 2 >
ffff8e67c4a970c0 3924639888 S Ci:2:006:0 s c0 bc 0900 001c 0002 2 <
ffff8e67c4a970c0 3924642422 C Ci:2:006:0 0 2 = 2e6f
ffff8e67c4a970c0 3924642465 S Co:2:006:0 s 40 b9 0000 0000 0004 4 = 09016601
ffff8e67c4a970c0 3924645263 C Co:2:006:0 0 4 >
ffff8e67c4a970c0 3924645318 S Ii:2:006:3 -115:1 3 <
ffff8e67c4a970c0 3924646505 C Ii:2:006:3 0:1 3 = 100000
ffff8e67c4a970c0 3924646548 S Ci:2:006:0 s c0 bc 0800 0016 0002 2 <
ffff8e67c4a970c0 3924649249 C Ci:2:006:0 0 2 = 0900
ffff8e67c4a970c0 3924649289 S Ci:2:006:0 s c0 bc 0900 001c 0002 2 <
ffff8e67c4a970c0 3924651774 C Ci:2:006:0 0 2 = 2e6f
ffff8e67c4a970c0 3924651816 S Ci:2:006:0 s c0 bc 0800 23be 0004 4 <
ffff8e67c4a970c0 3924654442 C Ci:2:006:0 0 4 = 0000b2e0
ffff8e67c4a970c0 3924654486 S Co:2:006:0 s 40 bc 0800 00c0 0004 4 = 9dcd6500
ffff8e67c4a970c0 3924657081 C Co:2:006:0 0 4 >
ffff8e67c4a970c0 3924657114 S Co:2:006:0 s 40 b9 0000 0000 0004 4 = 09006603
ffff8e67c4a970c0 3924659641 C Co:2:006:0 0 4 >
ffff8e67c4a970c0 3924659718 S Ii:2:006:3 -115:1 3 <
ffff8e67c4a970c0 3924660861 C Ii:2:006:3 0:1 3 = 100000
ffff8e67c4a970c0 3924660901 S Ci:2:006:0 s c0 bc 0800 0016 0002 2 <
ffff8e67c4a970c0 3924663595 C Ci:2:006:0 0 2 = 0900
ffff8e67c4a970c0 3924663637 S Ci:2:006:0 s c0 bc 0900 001c 0002 2 <
ffff8e67c4a970c0 3924666272 C Ci:2:006:0 0 2 = 2e6f
ffff8e67c4a970c0 3924666306 S Ci:2:006:0 s c0 bc 0800 23be 0002 2 <
ffff8e67c4a970c0 3924668948 C Ci:2:006:0 0 2 = 0000
ffff8e67c4a970c0 3924668990 S Co:2:006:0 s 40 bc 0900 0014 0002 2 = d39e
ffff8e67c4a970c0 3924671556 C Co:2:006:0 0 2 >
ffff8e67c4a970c0 3924671599 S Ci:2:006:0 s c0 bc 0900 001c 0002 2 <
ffff8e67c4a970c0 3924674203 C Ci:2:006:0 0 2 = 2e6f
ffff8e67c4a970c0 3924674247 S Co:2:006:0 s 40 b9 0000 0000 0004 4 = 09016601
ffff8e67c4a970c0 3924676877 C Co:2:006:0 0 4 >
ffff8e67c4a970c0 3924676953 S Ii:2:006:3 -115:1 3 <
ffff8e67c4a970c0 3924678105 C Ii:2:006:3 0:1 3 = 100000
ffff8e67c4a970c0 3924678144 S Ci:2:006:0 s c0 bc 0800 0016 0002 2 <
ffff8e67c4a970c0 3924680907 C Ci:2:006:0 0 2 = 0900
ffff8e67c4a970c0 3924680948 S Ci:2:006:0 s c0 bc 0900 001c 0002 2 <
ffff8e67c4a970c0 3924683525 C Ci:2:006:0 0 2 = 2e6f
ffff8e67c4a970c0 3924683605 S Ci:2:006:0 s c0 bc 0800 23be 0004 4 <
ffff8e67c4a970c0 3924686117 C Ci:2:006:0 0 4 = 0000b2e0
ffff8e67c4a970c0 3924686148 S Co:2:006:0 s 40 bc 0800 00c0 0004 4 = 9dcd6800
ffff8e67c4a970c0 3924688754 C Co:2:006:0 0 4 >
ffff8e67c4a970c0 3924688792 S Co:2:006:0 s 40 b9 0000 0000 0004 4 = 09006603
ffff8e67c4a970c0 3924691415 C Co:2:006:0 0 4 >
ffff8e67c4a970c0 3924691491 S Ii:2:006:3 -115:1 3 <
ffff8e67c4a970c0 3924692718 C Ii:2:006:3 0:1 3 = 100000
ffff8e67c4a970c0 3924692764 S Ci:2:006:0 s c0 bc 0800 0016 0002 2 <
ffff8e67c4a970c0 3924695562 C Ci:2:006:0 0 2 = 0900
ffff8e67c4a970c0 3924695618 S Ci:2:006:0 s c0 bc 0900 001c 0002 2 <
ffff8e67c4a970c0 3924698145 C Ci:2:006:0 0 2 = 2e6f
ffff8e67c4a970c0 3924698216 S Ci:2:006:0 s c0 bc 0800 23be 0002 2 <
ffff8e67c4a970c0 3924700764 C Ci:2:006:0 0 2 = 0000
ffff8e67c4a970c0 3924700795 S Co:2:006:0 s 40 bc 0900 0014 0002 2 = d39e
ffff8e67c4a970c0 3924703512 C Co:2:006:0 0 2 >
ffff8e67c4a970c0 3924703594 S Ci:2:006:0 s c0 bc 0900 001c 0002 2 <
ffff8e67c4a970c0 3924706206 C Ci:2:006:0 0 2 = 2e6f
ffff8e67c4a970c0 3924706246 S Co:2:006:0 s 40 b9 0000 0000 0004 4 = 09016601
ffff8e67c4a970c0 3924708838 C Co:2:006:0 0 4 >
ffff8e67c4a970c0 3924708918 S Ii:2:006:3 -115:1 3 <
ffff8e67c4a970c0 3924710140 C Ii:2:006:3 0:1 3 = 100000
ffff8e67c4a970c0 3924710171 S Ci:2:006:0 s c0 bc 0800 0016 0002 2 <
ffff8e67c4a970c0 3924713018 C Ci:2:006:0 0 2 = 0900
ffff8e67c4a970c0 3924713118 S Ci:2:006:0 s c0 bc 0900 001c 0002 2 <
ffff8e67c4a970c0 3924715687 C Ci:2:006:0 0 2 = 2e6f
ffff8e67c4a970c0 3924715726 S Ci:2:006:0 s c0 bc 0800 23be 0004 4 <
ffff8e67c4a970c0 3924718310 C Ci:2:006:0 0 4 = 0000b2e0
ffff8e67c4a970c0 3924718388 S Co:2:006:0 s 40 bc 0800 00c0 0004 4 = 9dcd6700
ffff8e67c4a970c0 3924721090 C Co:2:006:0 0 4 >
ffff8e67c4a970c0 3924721129 S Co:2:006:0 s 40 b9 0000 0000 0004 4 = 09006603
ffff8e67c4a970c0 3924723686 C Co:2:006:0 0 4 >
ffff8e67c4a970c0 3924723724 S Ii:2:006:3 -115:1 3 <
ffff8e67c4a970c0 3924724978 C Ii:2:006:3 0:1 3 = 100000
ffff8e67c4a970c0 3924725046 S Ci:2:006:0 s c0 bc 0800 0016 0002 2 <
ffff8e67c4a970c0 3924727930 C Ci:2:006:0 0 2 = 0900
ffff8e67c4a970c0 3924728140 S Ci:2:006:0 s c0 bc 0900 001c 0002 2 <
ffff8e67c4a970c0 3924730421 C Ci:2:006:0 0 2 = 2e6f
ffff8e67c4a970c0 3924730453 S Ci:2:006:0 s c0 bc 0800 23be 0002 2 <
ffff8e67c4a970c0 3924733060 C Ci:2:006:0 0 2 = 0000
ffff8e67c4a970c0 3924733091 S Co:2:006:0 s 40 bc 0900 0014 0002 2 = d39e
ffff8e67c4a970c0 3924735678 C Co:2:006:0 0 2 >
ffff8e67c4a970c0 3924735770 S Ci:2:006:0 s c0 bc 0900 001c 0002 2 <
ffff8e67c4a970c0 3924738422 C Ci:2:006:0 0 2 = 2e6f
ffff8e67c4a970c0 3924738532 S Co:2:006:0 s 40 b9 0000 0000 0004 4 = 09016601
ffff8e67c4a970c0 3924740993 C Co:2:006:0 0 4 >
ffff8e67c4a970c0 3924741068 S Ii:2:006:3 -115:1 3 <
ffff8e67c4a970c0 3924742272 C Ii:2:006:3 0:1 3 = 100000
ffff8e67c4a970c0 3924742297 S Ci:2:006:0 s c0 bc 0800 0016 0002 2 <
ffff8e67c4a970c0 3924744944 C Ci:2:006:0 0 2 = 0900
ffff8e67c4a970c0 3924745099 S Ci:2:006:0 s c0 bc 0900 001c 0002 2 <
ffff8e67c4a970c0 3924747677 C Ci:2:006:0 0 2 = 2e6f
ffff8e67c4a970c0 3924747716 S Ci:2:006:0 s c0 bc 0800 23be 0004 4 <
ffff8e67c4a970c0 3924750394 C Ci:2:006:0 0 4 = 0000b2e0
ffff8e67c4a970c0 3924750471 S Co:2:006:0 s 40 bc 0800 00c0 0004 4 = 9dcd6600
ffff8e67c4a970c0 3924753096 C Co:2:006:0 0 4 >
ffff8e67c4a970c0 3924753135 S Co:2:006:0 s 40 b9 0000 0000 0004 4 = 09006603
ffff8e67c4a970c0 3924755689 C Co:2:006:0 0 4 >
ffff8e67c4a970c0 3924755769 S Ii:2:006:3 -115:1 3 <
ffff8e67c4a970c0 3924756969 C Ii:2:006:3 0:1 3 = 100000
ffff8e67c4a970c0 3924757005 S Ci:2:006:0 s c0 bc 0800 0016 0002 2 <
ffff8e67c4a970c0 3924759831 C Ci:2:006:0 0 2 = 0900
ffff8e67c4a970c0 3924759911 S Ci:2:006:0 s c0 bc 0900 001c 0002 2 <
ffff8e67c4a970c0 3924762467 C Ci:2:006:0 0 2 = 2e6f
ffff8e67c4a970c0 3924762516 S Ci:2:006:0 s c0 bc 0800 23be 0002 2 <
ffff8e67c4a970c0 3924765025 C Ci:2:006:0 0 2 = 0000
ffff8e67c4a970c0 3924765099 S Co:2:006:0 s 40 bc 0900 0014 0002 2 = d39e
ffff8e67c4a970c0 3924767755 C Co:2:006:0 0 2 >
ffff8e67c4a970c0 3924767792 S Ci:2:006:0 s c0 bc 0900 001c 0002 2 <
ffff8e67c4a970c0 3924770385 C Ci:2:006:0 0 2 = 2e6f
ffff8e67c4a970c0 3924770468 S Co:2:006:0 s 40 b9 0000 0000 0004 4 = 09016601
ffff8e67c4a970c0 3924773065 C Co:2:006:0 0 4 >
ffff8e67c4a970c0 3924773118 S Ii:2:006:3 -115:1 3 <
ffff8e67c4a970c0 3924774278 C Ii:2:006:3 0:1 3 = 100000
ffff8e67c4a970c0 3924774356 S Ci:2:006:0 s c0 bc 0800 0016 0002 2 <
ffff8e67c4a970c0 3924777010 C Ci:2:006:0 0 2 = 0900
ffff8e67f59f0180 3924777134 S Ci:2:006:0 s c0 bc 0900 001c 0002 2 <
ffff8e67f59f0180 3924779714 C Ci:2:006:0 0 2 = 2e6f
ffff8e67f59f0180 3924779877 S Ci:2:006:0 s c0 bc 0800 23be 0004 4 <
ffff8e67f59f0180 3924782382 C Ci:2:006:0 0 4 = 0000b2e0
ffff8e67f59f0180 3924782516 S Co:2:006:0 s 40 bc 0800 00c0 0004 4 = 9dcd6500
ffff8e67f59f0180 3924785139 C Co:2:006:0 0 4 >
ffff8e67f59f0180 3924785250 S Co:2:006:0 s 40 b9 0000 0000 0004 4 = 09006603
ffff8e67f59f0180 3924787833 C Co:2:006:0 0 4 >
ffff8e67f59f0180 3924788013 S Ii:2:006:3 -115:1 3 <
ffff8e67f59f0180 3924789205 C Ii:2:006:3 0:1 3 = 100000
ffff8e67f59f0180 3924789259 S Ci:2:006:0 s c0 bc 0800 0016 0002 2 <
ffff8e67f59f0180 3924791882 C Ci:2:006:0 0 2 = 0900
ffff8e67f59f0180 3924791983 S Ci:2:006:0 s c0 bc 0900 001c 0002 2 <
ffff8e67f59f0180 3924794582 C Ci:2:006:0 0 2 = 2e6f
ffff8e67f59f0180 3924794684 S Ci:2:006:0 s c0 bc 0800 23be 0002 2 <
ffff8e67f59f0180 3924797445 C Ci:2:006:0 0 2 = 0000
ffff8e67f59f0180 3924797582 S Co:2:006:0 s 40 bc 0900 0014 0002 2 = d39e
ffff8e67f59f0180 3924799991 C Co:2:006:0 0 2 >
ffff8e67f59f0180 3924800090 S Ci:2:006:0 s c0 bc 0900 001c 0002 2 <
ffff8e67f59f0180 3924802704 C Ci:2:006:0 0 2 = 2e6f
ffff8e67f59f0180 3924802853 S Co:2:006:0 s 40 b9 0000 0000 0004 4 = 09016601
ffff8e67f59f0180 3924805385 C Co:2:006:0 0 4 >
ffff8e67f59f0180 3924805483 S Ii:2:006:3 -115:1 3 <
ffff8e67f59f0180 3924806628 C Ii:2:006:3 0:1 3 = 100000
ffff8e67f59f0180 3924806721 S Ci:2:006:0 s c0 bc 0800 0016 0002 2 <
ffff8e67f59f0180 3924809500 C Ci:2:006:0 0 2 = 0900
ffff8e67f59f0180 3924809645 S Ci:2:006:0 s c0 bc 0900 001c 0002 2 <
ffff8e67f59f0180 3924812167 C Ci:2:006:0 0 2 = 2e6f
ffff8e67f59f0180 3924812272 S Ci:2:006:0 s c0 bc 0800 23be 0004 4 <
ffff8e67f59f0180 3924814989 C Ci:2:006:0 0 4 = 0000b2e0
ffff8e67f59f0180 3924815096 S Co:2:006:0 s 40 bc 0800 00c0 0004 4 = 9dcd6800
ffff8e67f59f0180 3924817547 C Co:2:006:0 0 4 >
ffff8e67f59f0180 3924817682 S Co:2:006:0 s 40 b9 0000 0000 0004 4 = 09006603
ffff8e67f59f0180 3924820164 C Co:2:006:0 0 4 >
ffff8e67f59f0180 3924820297 S Ii:2:006:3 -115:1 3 <
ffff8e67f59f0180 3924821533 C Ii:2:006:3 0:1 3 = 100000
ffff8e67f59f0180 3924821671 S Ci:2:006:0 s c0 bc 0800 0016 0002 2 <
ffff8e67f59f0180 3924824345 C Ci:2:006:0 0 2 = 0900
ffff8e67f59f0180 3924824478 S Ci:2:006:0 s c0 bc 0900 001c 0002 2 <
ffff8e67f59f0180 3924827060 C Ci:2:006:0 0 2 = 2e6f
ffff8e67f59f0180 3924827193 S Ci:2:006:0 s c0 bc 0800 23be 0002 2 <
ffff8e67f59f0180 3924829782 C Ci:2:006:0 0 2 = 0000
ffff8e67f59f0180 3924829921 S Co:2:006:0 s 40 bc 0900 0014 0002 2 = d39e
ffff8e67f59f0180 3924832443 C Co:2:006:0 0 2 >
ffff8e67f59f0180 3924832577 S Ci:2:006:0 s c0 bc 0900 001c 0002 2 <
ffff8e67f59f0180 3924835079 C Ci:2:006:0 0 2 = 2e6f
ffff8e67f59f0180 3924835178 S Co:2:006:0 s 40 b9 0000 0000 0004 4 = 09016601
ffff8e67f59f0180 3924837821 C Co:2:006:0 0 4 >
ffff8e67f59f0180 3924837987 S Ii:2:006:3 -115:1 3 <
ffff8e67f59f0180 3924839056 C Ii:2:006:3 0:1 3 = 100000
ffff8e67f59f0180 3924839186 S Ci:2:006:0 s c0 bc 0800 0016 0002 2 <
ffff8e67f59f0180 3924841843 C Ci:2:006:0 0 2 = 0900
ffff8e67f59f0180 3924841976 S Ci:2:006:0 s c0 bc 0900 001c 0002 2 <
ffff8e67f59f0180 3924844469 C Ci:2:006:0 0 2 = 2e6f
ffff8e67f59f0180 3924844561 S Ci:2:006:0 s c0 bc 0800 23be 0004 4 <
ffff8e67f59f0180 3924847209 C Ci:2:006:0 0 4 = 0000b2e0
ffff8e67f59f0180 3924847328 S Co:2:006:0 s 40 bc 0800 00c0 0004 4 = 9dcd6700
ffff8e67f59f0180 3924849782 C Co:2:006:0 0 4 >
ffff8e67f59f0180 3924849939 S Co:2:006:0 s 40 b9 0000 0000 0004 4 = 09006603
ffff8e67f59f0180 3924852432 C Co:2:006:0 0 4 >
ffff8e67f59f0180 3924852578 S Ii:2:006:3 -115:1 3 <
ffff8e67f59f0180 3924853767 C Ii:2:006:3 0:1 3 = 100000
ffff8e67f59f0180 3924853881 S Ci:2:006:0 s c0 bc 0800 0016 0002 2 <
ffff8e67f59f0180 3924856609 C Ci:2:006:0 0 2 = 0900
ffff8e67f59f0180 3924856736 S Ci:2:006:0 s c0 bc 0900 001c 0002 2 <
ffff8e67f59f0180 3924859303 C Ci:2:006:0 0 2 = 2e6f
ffff8e67f59f0180 3924859443 S Ci:2:006:0 s c0 bc 0800 23be 0002 2 <
ffff8e67f59f0180 3924861931 C Ci:2:006:0 0 2 = 0000
ffff8e67f59f0180 3924862080 S Co:2:006:0 s 40 bc 0900 0014 0002 2 = d39e
ffff8e67f59f0180 3924864591 C Co:2:006:0 0 2 >
ffff8e67f59f0180 3924864702 S Ci:2:006:0 s c0 bc 0900 001c 0002 2 <
ffff8e67f59f0180 3924867222 C Ci:2:006:0 0 2 = 2e6f
ffff8e67f59f0180 3924867374 S Co:2:006:0 s 40 b9 0000 0000 0004 4 = 09016601
ffff8e67f59f0180 3924869929 C Co:2:006:0 0 4 >
ffff8e67f59f0180 3924870074 S Ii:2:006:3 -115:1 3 <
ffff8e67f59f0180 3924871059 C Ii:2:006:3 0:1 3 = 100000
ffff8e67f59f0180 3924871149 S Ci:2:006:0 s c0 bc 0800 0016 0002 2 <
ffff8e67f59f0180 3924873790 C Ci:2:006:0 0 2 = 0900
ffff8e67f59f0180 3924873980 S Ci:2:006:0 s c0 bc 0900 001c 0002 2 <
ffff8e67f59f0180 3924876414 C Ci:2:006:0 0 2 = 2e6f
ffff8e67f59f0180 3924876541 S Ci:2:006:0 s c0 bc 0800 23be 0004 4 <
ffff8e67f59f0180 3924879001 C Ci:2:006:0 0 4 = 0000b2e0
ffff8e67f59f0180 3925088256 S Co:2:006:0 s 40 bc 0800 00c0 0004 4 = 9dcd6600
ffff8e67f59f0180 3925089172 C Co:2:006:0 0 4 >
ffff8e67f59f0180 3925089235 S Co:2:006:0 s 40 b9 0000 0000 0004 4 = 09006603
ffff8e67f59f0180 3925092063 C Co:2:006:0 0 4 >
ffff8e67f59f0180 3925092212 S Ii:2:006:3 -115:1 3 <
ffff8e67f59f0180 3925093399 C Ii:2:006:3 0:1 3 = 100000
ffff8e67f59f0180 3925093501 S Ci:2:006:0 s c0 bc 0800 0016 0002 2 <
ffff8e67f59f0180 3925096264 C Ci:2:006:0 0 2 = 0900
ffff8e67f59f0180 3925096405 S Ci:2:006:0 s c0 bc 0900 001c 0002 2 <
ffff8e67f59f0180 3925098995 C Ci:2:006:0 0 2 = 2e6f
ffff8e67f59f0180 3925099156 S Ci:2:006:0 s c0 bc 0800 23be 0002 2 <
ffff8e67f59f0180 3925101553 C Ci:2:006:0 0 2 = 0000
ffff8e67f59f0180 3925101695 S Co:2:006:0 s 40 bc 0900 0014 0002 2 = d39e
ffff8e67f59f0180 3925104196 C Co:2:006:0 0 2 >
ffff8e67f59f0180 3925104304 S Ci:2:006:0 s c0 bc 0900 001c 0002 2 <
ffff8e67f59f0180 3925106994 C Ci:2:006:0 0 2 = 2e6f
ffff8e67f59f0180 3925107135 S Co:2:006:0 s 40 b9 0000 0000 0004 4 = 09016601
ffff8e67f59f0180 3925109564 C Co:2:006:0 0 4 >
ffff8e67f59f0180 3925109699 S Ii:2:006:3 -115:1 3 <
ffff8e67f59f0180 3925110905 C Ii:2:006:3 0:1 3 = 100000
ffff8e67f59f0180 3925111049 S Ci:2:006:0 s c0 bc 0800 0016 0002 2 <
ffff8e67f59f0180 3925113694 C Ci:2:006:0 0 2 = 0900
ffff8e67f59f0180 3925113841 S Ci:2:006:0 s c0 bc 0900 001c 0002 2 <
ffff8e67f59f0180 3925116407 C Ci:2:006:0 0 2 = 2e6f
ffff8e67f59f0180 3925116548 S Ci:2:006:0 s c0 bc 0800 23be 0004 4 <
ffff8e67f59f0180 3925119064 C Ci:2:006:0 0 4 = 0000b2e0
ffff8e67f59f0180 3925119225 S Co:2:006:0 s 40 bc 0800 00c0 0004 4 = 9dcd6500
ffff8e67f59f0180 3925121807 C Co:2:006:0 0 4 >
ffff8e67f59f0180 3925121966 S Co:2:006:0 s 40 b9 0000 0000 0004 4 = 09006603
ffff8e67f59f0180 3925124477 C Co:2:006:0 0 4 >
ffff8e67f59f0180 3925124584 S Ii:2:006:3 -115:1 3 <
ffff8e67f59f0180 3925125731 C Ii:2:006:3 0:1 3 = 100000
ffff8e67f59f0180 3925125849 S Ci:2:006:0 s c0 bc 0800 0016 0002 2 <
ffff8e67f59f0180 3925128591 C Ci:2:006:0 0 2 = 0900
ffff8e67f59f0180 3925128734 S Ci:2:006:0 s c0 bc 0900 001c 0002 2 <
ffff8e67f59f0180 3925131281 C Ci:2:006:0 0 2 = 2e6f
ffff8e67f59f0180 3925131419 S Ci:2:006:0 s c0 bc 0800 23be 0002 2 <
ffff8e67f59f0180 3925133966 C Ci:2:006:0 0 2 = 0000
ffff8e67f59f0180 3925134102 S Co:2:006:0 s 40 bc 0900 0014 0002 2 = d39e
ffff8e67f59f0180 3925136666 C Co:2:006:0 0 2 >
ffff8e67f59f0180 3925136866 S Ci:2:006:0 s c0 bc 0900 001c 0002 2 <
ffff8e67f59f0180 3925139355 C Ci:2:006:0 0 2 = 2e6f
ffff8e67f59f0180 3925139481 S Co:2:006:0 s 40 b9 0000 0000 0004 4 = 09016601
ffff8e67f59f0180 3925141985 C Co:2:006:0 0 4 >
ffff8e67f59f0180 3925142138 S Ii:2:006:3 -115:1 3 <
ffff8e67f59f0180 3925143221 C Ii:2:006:3 0:1 3 = 100000
ffff8e67f59f0180 3925143293 S Ci:2:006:0 s c0 bc 0800 0016 0002 2 <
ffff8e67f59f0180 3925146120 C Ci:2:006:0 0 2 = 0900
ffff8e67f59f0180 3925146168 S Ci:2:006:0 s c0 bc 0900 001c 0002 2 <
ffff8e67f59f0180 3925148789 C Ci:2:006:0 0 2 = 2e6f
ffff8e67f59f0180 3925148881 S Ci:2:006:0 s c0 bc 0800 23be 0004 4 <
ffff8e67f59f0180 3925151635 C Ci:2:006:0 0 4 = 0000b2e0
ffff8e67f59f0180 3925151768 S Co:2:006:0 s 40 bc 0800 00c0 0004 4 = 9dcd6800
ffff8e67f59f0180 3925154323 C Co:2:006:0 0 4 >
ffff8e67f59f0180 3925154461 S Co:2:006:0 s 40 b9 0000 0000 0004 4 = 09006603
ffff8e67f59f0180 3925157014 C Co:2:006:0 0 4 >
ffff8e67f59f0180 3925157177 S Ii:2:006:3 -115:1 3 <
ffff8e67f59f0180 3925158390 C Ii:2:006:3 0:1 3 = 100000
ffff8e67f59f0180 3925158523 S Ci:2:006:0 s c0 bc 0800 0016 0002 2 <
ffff8e67f59f0180 3925161181 C Ci:2:006:0 0 2 = 0900
ffff8e67f59f0180 3925161351 S Ci:2:006:0 s c0 bc 0900 001c 0002 2 <
ffff8e67f59f0180 3925163902 C Ci:2:006:0 0 2 = 2e6f
ffff8e67f59f0180 3925164015 S Ci:2:006:0 s c0 bc 0800 23be 0002 2 <
ffff8e67f59f0180 3925166668 C Ci:2:006:0 0 2 = 0000
ffff8e67f59f0180 3925166810 S Co:2:006:0 s 40 bc 0900 0014 0002 2 = d39e
ffff8e67f59f0180 3925169339 C Co:2:006:0 0 2 >
ffff8e67f59f0180 3925169479 S Ci:2:006:0 s c0 bc 0900 001c 0002 2 <
ffff8e67f59f0180 3925172149 C Ci:2:006:0 0 2 = 2e6f
ffff8e67f59f0180 3925172299 S Co:2:006:0 s 40 b9 0000 0000 0004 4 = 09016601
ffff8e67f59f0180 3925174890 C Co:2:006:0 0 4 >
ffff8e67f59f0180 3925174990 S Ii:2:006:3 -115:1 3 <
ffff8e67f59f0180 3925176161 C Ii:2:006:3 0:1 3 = 100000
ffff8e67f59f0180 3925176201 S Ci:2:006:0 s c0 bc 0800 0016 0002 2 <
ffff8e67f59f0180 3925179086 C Ci:2:006:0 0 2 = 0900
ffff8e67f59f0180 3925179223 S Ci:2:006:0 s c0 bc 0900 001c 0002 2 <
ffff8e67f59f0180 3925181830 C Ci:2:006:0 0 2 = 2e6f
ffff8e67f59f0180 3925182019 S Ci:2:006:0 s c0 bc 0800 23be 0004 4 <
ffff8e67f59f0180 3925184666 C Ci:2:006:0 0 4 = 0000b2e0
ffff8e67f59f0180 3925184747 S Co:2:006:0 s 40 bc 0800 00c0 0004 4 = 9dcd6700
ffff8e67f59f0180 3925187488 C Co:2:006:0 0 4 >
ffff8e67f59f0180 3925187622 S Co:2:006:0 s 40 b9 0000 0000 0004 4 = 09006603
ffff8e67f59f0180 3925190262 C Co:2:006:0 0 4 >
ffff8e67f59f0180 3925190401 S Ii:2:006:3 -115:1 3 <
ffff8e67f59f0180 3925191519 C Ii:2:006:3 0:1 3 = 100000
ffff8e67f59f0180 3925191642 S Ci:2:006:0 s c0 bc 0800 0016 0002 2 <
ffff8e67f59f0180 3925194349 C Ci:2:006:0 0 2 = 0900
ffff8e67f59f0180 3925194457 S Ci:2:006:0 s c0 bc 0900 001c 0002 2 <
ffff8e67f59f0180 3925197097 C Ci:2:006:0 0 2 = 2e6f
ffff8e67f59f0180 3925197234 S Ci:2:006:0 s c0 bc 0800 23be 0002 2 <
ffff8e67f59f0180 3925199851 C Ci:2:006:0 0 2 = 0000
ffff8e67f59f0180 3925199994 S Co:2:006:0 s 40 bc 0900 0014 0002 2 = d39e
ffff8e67f59f0180 3925202615 C Co:2:006:0 0 2 >
ffff8e67f59f0180 3925202753 S Ci:2:006:0 s c0 bc 0900 001c 0002 2 <
ffff8e67f59f0180 3925205367 C Ci:2:006:0 0 2 = 2e6f
ffff8e67f59f0180 3925205506 S Co:2:006:0 s 40 b9 0000 0000 0004 4 = 09016601
ffff8e67f59f0180 3925208095 C Co:2:006:0 0 4 >
ffff8e67f59f0180 3925208229 S Ii:2:006:3 -115:1 3 <
ffff8e67f59f0180 3925209354 C Ii:2:006:3 0:1 3 = 100000
ffff8e67f59f0180 3925209461 S Ci:2:006:0 s c0 bc 0800 0016 0002 2 <
ffff8e67f59f0180 3925212227 C Ci:2:006:0 0 2 = 0900
ffff8e67f59f0180 3925212362 S Ci:2:006:0 s c0 bc 0900 001c 0002 2 <
ffff8e67f59f0180 3925214967 C Ci:2:006:0 0 2 = 2e6f
ffff8e67f59f0180 3925215105 S Ci:2:006:0 s c0 bc 0800 23be 0004 4 <
ffff8e67f59f0180 3925217717 C Ci:2:006:0 0 4 = 0000b2e0
ffff8e67f59f0180 3925217831 S Co:2:006:0 s 40 bc 0800 00c0 0004 4 = 9dcd6600
ffff8e67f59f0180 3925220480 C Co:2:006:0 0 4 >
ffff8e67f59f0180 3925220614 S Co:2:006:0 s 40 b9 0000 0000 0004 4 = 09006603
ffff8e67f59f0180 3925223211 C Co:2:006:0 0 4 >
ffff8e67f59f0180 3925223345 S Ii:2:006:3 -115:1 3 <
ffff8e67f59f0180 3925224554 C Ii:2:006:3 0:1 3 = 100000
ffff8e67f59f0180 3925224687 S Ci:2:006:0 s c0 bc 0800 0016 0002 2 <
ffff8e67f59f0180 3925227372 C Ci:2:006:0 0 2 = 0900
ffff8e67f59f0180 3925227510 S Ci:2:006:0 s c0 bc 0900 001c 0002 2 <
ffff8e67f59f0180 3925230101 C Ci:2:006:0 0 2 = 2e6f
ffff8e67f59f0180 3925230238 S Ci:2:006:0 s c0 bc 0800 23be 0002 2 <
ffff8e67f59f0180 3925232815 C Ci:2:006:0 0 2 = 0000
ffff8e67f59f0180 3925232952 S Co:2:006:0 s 40 bc 0900 0014 0002 2 = d39e
ffff8e67f59f0180 3925235520 C Co:2:006:0 0 2 >
ffff8e67f59f0180 3925235623 S Ci:2:006:0 s c0 bc 0900 001c 0002 2 <
ffff8e67f59f0180 3925238402 C Ci:2:006:0 0 2 = 2e6f
ffff8e67f59f0180 3925238473 S Co:2:006:0 s 40 b9 0000 0000 0004 4 = 09016601
ffff8e67f59f0180 3925241096 C Co:2:006:0 0 4 >
ffff8e67f59f0180 3925241224 S Ii:2:006:3 -115:1 3 <
ffff8e67f59f0180 3925242421 C Ii:2:006:3 0:1 3 = 100000
ffff8e67f59f0180 3925242568 S Ci:2:006:0 s c0 bc 0800 0016 0002 2 <
ffff8e67f59f0180 3925245211 C Ci:2:006:0 0 2 = 0900
ffff8e67f59f0180 3925245339 S Ci:2:006:0 s c0 bc 0900 001c 0002 2 <
ffff8e67f59f0180 3925247909 C Ci:2:006:0 0 2 = 2e6f
ffff8e67f59f0180 3925248004 S Ci:2:006:0 s c0 bc 0800 23be 0004 4 <
ffff8e67f59f0180 3925250727 C Ci:2:006:0 0 4 = 0000b2e0
ffff8e67f59f0180 3925250867 S Co:2:006:0 s 40 bc 0800 00c0 0004 4 = 9dcd6500
ffff8e67f59f0180 3925253479 C Co:2:006:0 0 4 >
ffff8e67f59f0180 3925253617 S Co:2:006:0 s 40 b9 0000 0000 0004 4 = 09006603
ffff8e67f59f0180 3925256200 C Co:2:006:0 0 4 >
ffff8e67f59f0180 3925256338 S Ii:2:006:3 -115:1 3 <
ffff8e67f59f0180 3925257537 C Ii:2:006:3 0:1 3 = 100000
ffff8e67f59f0180 3925257676 S Ci:2:006:0 s c0 bc 0800 0016 0002 2 <
ffff8e67f59f0180 3925260324 C Ci:2:006:0 0 2 = 0900
ffff8e67f59f0180 3925260425 S Ci:2:006:0 s c0 bc 0900 001c 0002 2 <
ffff8e67f59f0180 3925263108 C Ci:2:006:0 0 2 = 2e6f
ffff8e67f59f0180 3925263249 S Ci:2:006:0 s c0 bc 0800 23be 0002 2 <
ffff8e67f59f0180 3925265811 C Ci:2:006:0 0 2 = 0000
ffff8e67f59f0180 3925265973 S Co:2:006:0 s 40 bc 0900 0014 0002 2 = d39e
ffff8e67f59f0180 3925268605 C Co:2:006:0 0 2 >
ffff8e67f59f0180 3925268744 S Ci:2:006:0 s c0 bc 0900 001c 0002 2 <
ffff8e67f59f0180 3925271395 C Ci:2:006:0 0 2 = 2e6f
ffff8e67f59f0180 3925271550 S Co:2:006:0 s 40 b9 0000 0000 0004 4 = 09016601
ffff8e67f59f0180 3925274130 C Co:2:006:0 0 4 >
ffff8e67f59f0180 3925274229 S Ii:2:006:3 -115:1 3 <
ffff8e67f59f0180 3925275431 C Ii:2:006:3 0:1 3 = 100000
ffff8e67f59f0180 3925275528 S Ci:2:006:0 s c0 bc 0800 0016 0002 2 <
ffff8e67f59f0180 3925278282 C Ci:2:006:0 0 2 = 0900
ffff8e67f59f0180 3925278380 S Ci:2:006:0 s c0 bc 0900 001c 0002 2 <
ffff8e67f59f0180 3925280991 C Ci:2:006:0 0 2 = 2e6f
ffff8e67f59f0180 3925281146 S Ci:2:006:0 s c0 bc 0800 23be 0004 4 <
ffff8e67f59f0180 3925283679 C Ci:2:006:0 0 4 = 0000b2e0
ffff8e67f59f0180 3925283826 S Co:2:006:0 s 40 bc 0800 00c0 0004 4 = 9dcd6800
ffff8e67f59f0180 3925286445 C Co:2:006:0 0 4 >
ffff8e67f59f0180 3925286551 S Co:2:006:0 s 40 b9 0000 0000 0004 4 = 09006603
ffff8e67f59f0180 3925289347 C Co:2:006:0 0 4 >
ffff8e67f59f0180 3925289442 S Ii:2:006:3 -115:1 3 <
ffff8e67f59f0180 3925290722 C Ii:2:006:3 0:1 3 = 100000
ffff8e67f59f0180 3925290859 S Ci:2:006:0 s c0 bc 0800 0016 0002 2 <
ffff8e67f59f0180 3925293519 C Ci:2:006:0 0 2 = 0900
ffff8e67f59f0180 3925293748 S Ci:2:006:0 s c0 bc 0900 001c 0002 2 <
ffff8e67f59f0180 3925296269 C Ci:2:006:0 0 2 = 2e6f
ffff8e67f59f0180 3925296442 S Ci:2:006:0 s c0 bc 0800 23be 0002 2 <
ffff8e67f59f0180 3925298968 C Ci:2:006:0 0 2 = 0000
ffff8e67f59f0180 3925299104 S Co:2:006:0 s 40 bc 0900 0014 0002 2 = d39e
ffff8e67f59f0180 3925301664 C Co:2:006:0 0 2 >
ffff8e67f59f0180 3925301809 S Ci:2:006:0 s c0 bc 0900 001c 0002 2 <
ffff8e67f59f0180 3925304510 C Ci:2:006:0 0 2 = 2e6f
ffff8e67f59f0180 3925304614 S Co:2:006:0 s 40 b9 0000 0000 0004 4 = 09016601
ffff8e67f59f0180 3925307218 C Co:2:006:0 0 4 >
ffff8e67f59f0180 3925307357 S Ii:2:006:3 -115:1 3 <
ffff8e67f59f0180 3925308547 C Ii:2:006:3 0:1 3 = 100000
ffff8e67f59f0180 3925308651 S Ci:2:006:0 s c0 bc 0800 0016 0002 2 <
ffff8e67f59f0180 3925311457 C Ci:2:006:0 0 2 = 0900
ffff8e67f59f0180 3925311539 S Ci:2:006:0 s c0 bc 0900 001c 0002 2 <
ffff8e67f59f0180 3925314254 C Ci:2:006:0 0 2 = 2e6f
ffff8e67f59f0180 3925314368 S Ci:2:006:0 s c0 bc 0800 23be 0004 4 <
ffff8e67f59f0180 3925316987 C Ci:2:006:0 0 4 = 0000b2e0
ffff8e67f59f0180 3925317120 S Co:2:006:0 s 40 bc 0800 00c0 0004 4 = 9dcd6700
ffff8e67f59f0180 3925319698 C Co:2:006:0 0 4 >
ffff8e67f59f0180 3925319839 S Co:2:006:0 s 40 b9 0000 0000 0004 4 = 09006603
ffff8e67f59f0180 3925322503 C Co:2:006:0 0 4 >
ffff8e67f59f0180 3925322640 S Ii:2:006:3 -115:1 3 <
ffff8e67f59f0180 3925323782 C Ii:2:006:3 0:1 3 = 100000
ffff8e67f59f0180 3925323862 S Ci:2:006:0 s c0 bc 0800 0016 0002 2 <
ffff8e67f59f0180 3925326690 C Ci:2:006:0 0 2 = 0900
ffff8e67f59f0180 3925326817 S Ci:2:006:0 s c0 bc 0900 001c 0002 2 <
ffff8e67f59f0180 3925329477 C Ci:2:006:0 0 2 = 2e6f
ffff8e67f59f0180 3925329600 S Ci:2:006:0 s c0 bc 0800 23be 0002 2 <
ffff8e67f59f0180 3925332219 C Ci:2:006:0 0 2 = 0000
ffff8e67f59f0180 3925332354 S Co:2:006:0 s 40 bc 0900 0014 0002 2 = d39e
ffff8e67f59f0180 3925334991 C Co:2:006:0 0 2 >
ffff8e67f59f0180 3925335090 S Ci:2:006:0 s c0 bc 0900 001c 0002 2 <
ffff8e67f59f0180 3925337681 C Ci:2:006:0 0 2 = 2e6f
ffff8e67f59f0180 3925337794 S Co:2:006:0 s 40 b9 0000 0000 0004 4 = 09016601
ffff8e67f59f0180 3925340482 C Co:2:006:0 0 4 >
ffff8e67f59f0180 3925340634 S Ii:2:006:3 -115:1 3 <
ffff8e67f59f0180 3925341734 C Ii:2:006:3 0:1 3 = 100000
ffff8e67f59f0180 3925341850 S Ci:2:006:0 s c0 bc 0800 0016 0002 2 <
ffff8e67f59f0180 3925344705 C Ci:2:006:0 0 2 = 0900
ffff8e67f59f0180 3925344810 S Ci:2:006:0 s c0 bc 0900 001c 0002 2 <
ffff8e67f59f0180 3925347497 C Ci:2:006:0 0 2 = 2e6f
ffff8e67f59f0180 3925347633 S Ci:2:006:0 s c0 bc 0800 23be 0004 4 <
ffff8e67f59f0180 3925350267 C Ci:2:006:0 0 4 = 0000b2e0
ffff8e67f59f0180 3925350405 S Co:2:006:0 s 40 bc 0800 00c0 0004 4 = 9dcd6600
ffff8e67f59f0180 3925352958 C Co:2:006:0 0 4 >
ffff8e67f59f0180 3925353101 S Co:2:006:0 s 40 b9 0000 0000 0004 4 = 09006603
ffff8e67f59f0180 3925355699 C Co:2:006:0 0 4 >
ffff8e67f59f0180 3925355804 S Ii:2:006:3 -115:1 3 <
ffff8e67f59f0180 3925357039 C Ii:2:006:3 0:1 3 = 100000
ffff8e67f59f0180 3925357179 S Ci:2:006:0 s c0 bc 0800 0016 0002 2 <
ffff8e67f59f0180 3925359956 C Ci:2:006:0 0 2 = 0900
ffff8e67f59f0180 3925360098 S Ci:2:006:0 s c0 bc 0900 001c 0002 2 <
ffff8e67f59f0180 3925362742 C Ci:2:006:0 0 2 = 2e6f
ffff8e67f59f0180 3925362870 S Ci:2:006:0 s c0 bc 0800 23be 0002 2 <
ffff8e67f59f0180 3925365512 C Ci:2:006:0 0 2 = 0000
ffff8e67f59f0180 3925365614 S Co:2:006:0 s 40 bc 0900 0014 0002 2 = d39e
ffff8e67f59f0180 3925368183 C Co:2:006:0 0 2 >
ffff8e67f59f0180 3925368287 S Ci:2:006:0 s c0 bc 0900 001c 0002 2 <
ffff8e67f59f0180 3925370984 C Ci:2:006:0 0 2 = 2e6f
ffff8e67f59f0180 3925371117 S Co:2:006:0 s 40 b9 0000 0000 0004 4 = 09016601
ffff8e67f59f0180 3925373697 C Co:2:006:0 0 4 >
ffff8e67f59f0180 3925373836 S Ii:2:006:3 -115:1 3 <
ffff8e67f59f0180 3925375073 C Ii:2:006:3 0:1 3 = 100000
ffff8e67f59f0180 3925375156 S Ci:2:006:0 s c0 bc 0800 0016 0002 2 <
ffff8e67f59f0180 3925377891 C Ci:2:006:0 0 2 = 0900
ffff8e67f59f0180 3925378008 S Ci:2:006:0 s c0 bc 0900 001c 0002 2 <
ffff8e67f59f0180 3925380551 C Ci:2:006:0 0 2 = 2e6f
ffff8e67f59f0180 3925380684 S Ci:2:006:0 s c0 bc 0800 23be 0004 4 <
ffff8e67f59f0180 3925383466 C Ci:2:006:0 0 4 = 0000b2e0
ffff8e67f59f0180 3925383642 S Co:2:006:0 s 40 bc 0800 00c0 0004 4 = 9dcd6500
ffff8e67f59f0180 3925386146 C Co:2:006:0 0 4 >
ffff8e67f59f0180 3925386238 S Co:2:006:0 s 40 b9 0000 0000 0004 4 = 09006603
ffff8e67f59f0180 3925388849 C Co:2:006:0 0 4 >
ffff8e67f59f0180 3925388991 S Ii:2:006:3 -115:1 3 <
ffff8e67f59f0180 3925390215 C Ii:2:006:3 0:1 3 = 100000
ffff8e67f59f0180 3925390291 S Ci:2:006:0 s c0 bc 0800 0016 0002 2 <
ffff8e67f59f0180 3925392910 C Ci:2:006:0 0 2 = 0900
ffff8e67f59f0180 3925393081 S Ci:2:006:0 s c0 bc 0900 001c 0002 2 <
ffff8e67f59f0180 3925395815 C Ci:2:006:0 0 2 = 2e6f
ffff8e67f59f0180 3925395933 S Ci:2:006:0 s c0 bc 0800 23be 0002 2 <
ffff8e67f59f0180 3925398501 C Ci:2:006:0 0 2 = 0000
ffff8e67f59f0180 3925398637 S Co:2:006:0 s 40 bc 0900 0014 0002 2 = d39e
ffff8e67f59f0180 3925401232 C Co:2:006:0 0 2 >
ffff8e67f59f0180 3925401384 S Ci:2:006:0 s c0 bc 0900 001c 0002 2 <
ffff8e67f59f0180 3925403966 C Ci:2:006:0 0 2 = 2e6f
ffff8e67f59f0180 3925404109 S Co:2:006:0 s 40 b9 0000 0000 0004 4 = 09016601
ffff8e67f59f0180 3925406704 C Co:2:006:0 0 4 >
ffff8e67f59f0180 3925406817 S Ii:2:006:3 -115:1 3 <
ffff8e67f59f0180 3925408010 C Ii:2:006:3 0:1 3 = 100000
ffff8e67f59f0180 3925408114 S Ci:2:006:0 s c0 bc 0800 0016 0002 2 <
ffff8e67f59f0180 3925410865 C Ci:2:006:0 0 2 = 0900
ffff8e67f59f0180 3925411077 S Ci:2:006:0 s c0 bc 0900 001c 0002 2 <
ffff8e67f59f0180 3925413584 C Ci:2:006:0 0 2 = 2e6f
ffff8e67f59f0180 3925413735 S Ci:2:006:0 s c0 bc 0800 23be 0004 4 <
ffff8e67f59f0180 3925416362 C Ci:2:006:0 0 4 = 0000b2e0
ffff8e67f59f0180 3925416502 S Co:2:006:0 s 40 bc 0800 00c0 0004 4 = 9dcd6800
ffff8e67f59f0180 3925419055 C Co:2:006:0 0 4 >
ffff8e67f59f0180 3925419147 S Co:2:006:0 s 40 b9 0000 0000 0004 4 = 09006603
ffff8e67f59f0180 3925421837 C Co:2:006:0 0 4 >
ffff8e67f59f0180 3925421983 S Ii:2:006:3 -115:1 3 <
ffff8e67f59f0180 3925423161 C Ii:2:006:3 0:1 3 = 100000
ffff8e67f59f0180 3925423294 S Ci:2:006:0 s c0 bc 0800 0016 0002 2 <
ffff8e67f59f0180 3925425975 C Ci:2:006:0 0 2 = 0900
ffff8e67f59f0180 3925426087 S Ci:2:006:0 s c0 bc 0900 001c 0002 2 <
ffff8e67f59f0180 3925428747 C Ci:2:006:0 0 2 = 2e6f
ffff8e67f59f0180 3925428927 S Ci:2:006:0 s c0 bc 0800 23be 0002 2 <
ffff8e67f59f0180 3925431549 C Ci:2:006:0 0 2 = 0000
ffff8e67f59f0180 3925431705 S Co:2:006:0 s 40 bc 0900 0014 0002 2 = d39e
ffff8e67f59f0180 3925434234 C Co:2:006:0 0 2 >
ffff8e67f59f0180 3925434369 S Ci:2:006:0 s c0 bc 0900 001c 0002 2 <
ffff8e67f59f0180 3925436901 C Ci:2:006:0 0 2 = 2e6f
ffff8e67f59f0180 3925437050 S Co:2:006:0 s 40 b9 0000 0000 0004 4 = 09016601
ffff8e67f59f0180 3925439654 C Co:2:006:0 0 4 >
ffff8e67f59f0180 3925439777 S Ii:2:006:3 -115:1 3 <
ffff8e67f59f0180 3925441061 C Ii:2:006:3 0:1 3 = 100000
ffff8e67f59f0180 3925441181 S Ci:2:006:0 s c0 bc 0800 0016 0002 2 <
ffff8e67f59f0180 3925443937 C Ci:2:006:0 0 2 = 0900
ffff8e67f59f0180 3925443992 S Ci:2:006:0 s c0 bc 0900 001c 0002 2 <
ffff8e67f59f0180 3925446554 C Ci:2:006:0 0 2 = 2e6f
ffff8e67f59f0180 3925446664 S Ci:2:006:0 s c0 bc 0800 23be 0004 4 <
ffff8e67f59f0180 3925449392 C Ci:2:006:0 0 4 = 0000b2e0
ffff8e67f59f0180 3925449515 S Co:2:006:0 s 40 bc 0800 00c0 0004 4 = 9dcd6700
ffff8e67f59f0180 3925452062 C Co:2:006:0 0 4 >
ffff8e67f59f0180 3925452192 S Co:2:006:0 s 40 b9 0000 0000 0004 4 = 09006603
ffff8e67f59f0180 3925454866 C Co:2:006:0 0 4 >
ffff8e67f59f0180 3925454963 S Ii:2:006:3 -115:1 3 <
ffff8e67f59f0180 3925456154 C Ii:2:006:3 0:1 3 = 100000
ffff8e67f59f0180 3925456246 S Ci:2:006:0 s c0 bc 0800 0016 0002 2 <
ffff8e67f59f0180 3925458975 C Ci:2:006:0 0 2 = 0900
ffff8e67f59f0180 3925459133 S Ci:2:006:0 s c0 bc 0900 001c 0002 2 <
ffff8e67f59f0180 3925461779 C Ci:2:006:0 0 2 = 2e6f
ffff8e67f59f0180 3925461947 S Ci:2:006:0 s c0 bc 0800 23be 0002 2 <
ffff8e67f59f0180 3925464468 C Ci:2:006:0 0 2 = 0000
ffff8e67f59f0180 3925464604 S Co:2:006:0 s 40 bc 0900 0014 0002 2 = d39e
ffff8e67f59f0180 3925467239 C Co:2:006:0 0 2 >
ffff8e67f59f0180 3925467360 S Ci:2:006:0 s c0 bc 0900 001c 0002 2 <
ffff8e67f59f0180 3925469964 C Ci:2:006:0 0 2 = 2e6f
ffff8e67f59f0180 3925470096 S Co:2:006:0 s 40 b9 0000 0000 0004 4 = 09016601
ffff8e67f59f0180 3925472699 C Co:2:006:0 0 4 >
ffff8e67f59f0180 3925472839 S Ii:2:006:3 -115:1 3 <
ffff8e67f59f0180 3925474016 C Ii:2:006:3 0:1 3 = 100000
ffff8e67f59f0180 3925474112 S Ci:2:006:0 s c0 bc 0800 0016 0002 2 <
ffff8e67f59f0180 3925476906 C Ci:2:006:0 0 2 = 0900
ffff8e67f59f0180 3925477070 S Ci:2:006:0 s c0 bc 0900 001c 0002 2 <
ffff8e67f59f0180 3925479621 C Ci:2:006:0 0 2 = 2e6f
ffff8e67f59f0180 3925479771 S Ci:2:006:0 s c0 bc 0800 23be 0004 4 <
ffff8e67f59f0180 3925482379 C Ci:2:006:0 0 4 = 0000b2e0
ffff8e67f59f0180 3925482528 S Co:2:006:0 s 40 bc 0800 00c0 0004 4 = 9dcd6600
ffff8e67f59f0180 3925485090 C Co:2:006:0 0 4 >
ffff8e67f59f0180 3925485235 S Co:2:006:0 s 40 b9 0000 0000 0004 4 = 09006603
ffff8e67f59f0180 3925487778 C Co:2:006:0 0 4 >
ffff8e67f59f0180 3925488095 S Ii:2:006:3 -115:1 3 <
ffff8e67f59f0180 3925489153 C Ii:2:006:3 0:1 3 = 100000
ffff8e67f59f0180 3925489227 S Ci:2:006:0 s c0 bc 0800 0016 0002 2 <
ffff8e67f59f0180 3925491992 C Ci:2:006:0 0 2 = 0900
ffff8e67f59f0180 3925492089 S Ci:2:006:0 s c0 bc 0900 001c 0002 2 <
ffff8e67f59f0180 3925494697 C Ci:2:006:0 0 2 = 2e6f
ffff8e67f59f0180 3925494856 S Ci:2:006:0 s c0 bc 0800 23be 0002 2 <
ffff8e67f59f0180 3925497498 C Ci:2:006:0 0 2 = 0000
ffff8e67f59f0180 3925497633 S Co:2:006:0 s 40 bc 0900 0014 0002 2 = d39e
ffff8e67f59f0180 3925500187 C Co:2:006:0 0 2 >
ffff8e67f59f0180 3925500322 S Ci:2:006:0 s c0 bc 0900 001c 0002 2 <
ffff8e67f59f0180 3925502965 C Ci:2:006:0 0 2 = 2e6f
ffff8e67f59f0180 3925503106 S Co:2:006:0 s 40 b9 0000 0000 0004 4 = 09016601
ffff8e67f59f0180 3925505699 C Co:2:006:0 0 4 >
ffff8e67f59f0180 3925505833 S Ii:2:006:3 -115:1 3 <
ffff8e67f59f0180 3925507029 C Ii:2:006:3 0:1 3 = 100000
ffff8e67f59f0180 3925507164 S Ci:2:006:0 s c0 bc 0800 0016 0002 2 <
ffff8e67f59f0180 3925509844 C Ci:2:006:0 0 2 = 0900
ffff8e67f59f0180 3925510053 S Ci:2:006:0 s c0 bc 0900 001c 0002 2 <
ffff8e67f59f0180 3925512665 C Ci:2:006:0 0 2 = 2e6f
ffff8e67f59f0180 3925512847 S Ci:2:006:0 s c0 bc 0800 23be 0004 4 <
ffff8e67f59f0180 3925515368 C Ci:2:006:0 0 4 = 0000b2e0
ffff8e67f59f0180 3925515506 S Co:2:006:0 s 40 bc 0800 00c0 0004 4 = 9dcd6500
ffff8e67f59f0180 3925518017 C Co:2:006:0 0 4 >
ffff8e67f59f0180 3925518152 S Co:2:006:0 s 40 b9 0000 0000 0004 4 = 09006603
ffff8e67f59f0180 3925520800 C Co:2:006:0 0 4 >
ffff8e67f59f0180 3925520880 S Ii:2:006:3 -115:1 3 <
ffff8e67f59f0180 3925522119 C Ii:2:006:3 0:1 3 = 100000
ffff8e67f59f0180 3925522261 S Ci:2:006:0 s c0 bc 0800 0016 0002 2 <
ffff8e67f59f0180 3925524991 C Ci:2:006:0 0 2 = 0900
ffff8e67f59f0180 3925525103 S Ci:2:006:0 s c0 bc 0900 001c 0002 2 <
ffff8e67f59f0180 3925527478 C Ci:2:006:0 0 2 = 2e6f
ffff8e67f59f0180 3925527577 S Ci:2:006:0 s c0 bc 0800 23be 0002 2 <
ffff8e67f59f0180 3925530273 C Ci:2:006:0 0 2 = 0000
ffff8e67f59f0180 3925530388 S Co:2:006:0 s 40 bc 0900 0014 0002 2 = d39e
ffff8e67f59f0180 3925532993 C Co:2:006:0 0 2 >
ffff8e67f59f0180 3925533095 S Ci:2:006:0 s c0 bc 0900 001c 0002 2 <
ffff8e67f59f0180 3925535605 C Ci:2:006:0 0 2 = 2e6f
ffff8e67f59f0180 3925535704 S Co:2:006:0 s 40 b9 0000 0000 0004 4 = 09016601
ffff8e67f59f0180 3925538274 C Co:2:006:0 0 4 >
ffff8e67f59f0180 3925538370 S Ii:2:006:3 -115:1 3 <
ffff8e67f59f0180 3925539586 C Ii:2:006:3 0:1 3 = 100000
ffff8e67f59f0180 3925539688 S Ci:2:006:0 s c0 bc 0800 0016 0002 2 <
ffff8e67f59f0180 3925542414 C Ci:2:006:0 0 2 = 0900
ffff8e67f59f0180 3925542561 S Ci:2:006:0 s c0 bc 0900 001c 0002 2 <
ffff8e67f59f0180 3925545269 C Ci:2:006:0 0 2 = 2e6f
ffff8e67f59f0180 3925545360 S Ci:2:006:0 s c0 bc 0800 23be 0004 4 <
ffff8e67f59f0180 3925547825 C Ci:2:006:0 0 4 = 0000b2e0
ffff8e67f59f0180 3925547983 S Co:2:006:0 s 40 bc 0800 00c0 0004 4 = 9dcd6800
ffff8e67f59f0180 3925550494 C Co:2:006:0 0 4 >
ffff8e67f59f0180 3925550606 S Co:2:006:0 s 40 b9 0000 0000 0004 4 = 09006603
ffff8e67f59f0180 3925553278 C Co:2:006:0 0 4 >
ffff8e67f59f0180 3925553395 S Ii:2:006:3 -115:1 3 <
ffff8e67f59f0180 3925554570 C Ii:2:006:3 0:1 3 = 100000
ffff8e67f59f0180 3925554664 S Ci:2:006:0 s c0 bc 0800 0016 0002 2 <
ffff8e67f59f0180 3925557477 C Ci:2:006:0 0 2 = 0900
ffff8e67f59f0180 3925557616 S Ci:2:006:0 s c0 bc 0900 001c 0002 2 <
ffff8e67f59f0180 3925560158 C Ci:2:006:0 0 2 = 2e6f
ffff8e67f59f0180 3925560222 S Ci:2:006:0 s c0 bc 0800 23be 0002 2 <
ffff8e67f59f0180 3925562923 C Ci:2:006:0 0 2 = 0000
ffff8e67f59f0180 3925563138 S Co:2:006:0 s 40 bc 0900 0014 0002 2 = d39e
ffff8e67f59f0180 3925565525 C Co:2:006:0 0 2 >
ffff8e67f59f0180 3925565620 S Ci:2:006:0 s c0 bc 0900 001c 0002 2 <
ffff8e67f59f0180 3925568087 C Ci:2:006:0 0 2 = 2e6f
ffff8e67f59f0180 3925568221 S Co:2:006:0 s 40 b9 0000 0000 0004 4 = 09016601
ffff8e67f59f0180 3925570726 C Co:2:006:0 0 4 >
ffff8e67f59f0180 3925570904 S Ii:2:006:3 -115:1 3 <
ffff8e67f59f0180 3925572024 C Ii:2:006:3 0:1 3 = 100000
ffff8e67c6eeae40 3925572190 S Ci:2:006:0 s c0 bc 0800 0016 0002 2 <
ffff8e67c6eeae40 3925574881 C Ci:2:006:0 0 2 = 0900
ffff8e67c6eeae40 3925575015 S Ci:2:006:0 s c0 bc 0900 001c 0002 2 <
ffff8e67c6eeae40 3925577620 C Ci:2:006:0 0 2 = 2e6f
ffff8e67c4a97540 3925578081 S Ci:2:006:0 s c0 bc 0800 23be 0004 4 <
ffff8e67c4a97540 3925580474 C Ci:2:006:0 0 4 = 0000b2e0
ffff8e67c4a97540 3925580567 S Co:2:006:0 s 40 bc 0800 00c0 0004 4 = 9dcd6700
ffff8e67c4a97540 3925583183 C Co:2:006:0 0 4 >
ffff8e67c4a97540 3925583223 S Co:2:006:0 s 40 b9 0000 0000 0004 4 = 09006603
ffff8e67c4a97540 3925585869 C Co:2:006:0 0 4 >
ffff8e67c4a97540 3925585905 S Ii:2:006:3 -115:1 3 <
ffff8e67c4a97540 3925587255 C Ii:2:006:3 0:1 3 = 100000
ffff8e67c4a97540 3925587335 S Ci:2:006:0 s c0 bc 0800 0016 0002 2 <
ffff8e67c4a97540 3925590078 C Ci:2:006:0 0 2 = 0900
ffff8e67c4a97540 3925590105 S Ci:2:006:0 s c0 bc 0900 001c 0002 2 <
ffff8e67c4a97540 3925592813 C Ci:2:006:0 0 2 = 2e6f
ffff8e67c4a97540 3925592856 S Ci:2:006:0 s c0 bc 0800 23be 0002 2 <
ffff8e67c4a97540 3925595527 C Ci:2:006:0 0 2 = 0000
ffff8e67c4a97540 3925595576 S Co:2:006:0 s 40 bc 0900 0014 0002 2 = d39e
ffff8e67c4a97540 3925598341 C Co:2:006:0 0 2 >
ffff8e67c4a97540 3925598384 S Ci:2:006:0 s c0 bc 0900 001c 0002 2 <
ffff8e67c4a97540 3925601125 C Ci:2:006:0 0 2 = 2e6f
ffff8e67c4a97540 3925601167 S Co:2:006:0 s 40 b9 0000 0000 0004 4 = 09016601
ffff8e67c4a97540 3925603876 C Co:2:006:0 0 4 >
ffff8e67c4a97540 3925603914 S Ii:2:006:3 -115:1 3 <
ffff8e67c4a97540 3925605206 C Ii:2:006:3 0:1 3 = 100000
ffff8e67c4a97540 3925605238 S Ci:2:006:0 s c0 bc 0800 0016 0002 2 <
ffff8e67c4a97540 3925608097 C Ci:2:006:0 0 2 = 0900
ffff8e67c4a97540 3925608140 S Ci:2:006:0 s c0 bc 0900 001c 0002 2 <
ffff8e67c4a97540 3925610837 C Ci:2:006:0 0 2 = 2e6f
ffff8e67c4a97540 3925610895 S Ci:2:006:0 s c0 bc 0800 23be 0004 4 <
ffff8e67c4a97540 3925613488 C Ci:2:006:0 0 4 = 0000b2e0
ffff8e67c4a97540 3925613531 S Co:2:006:0 s 40 bc 0800 00c0 0004 4 = 9dcd6600
ffff8e67c4a97540 3925616108 C Co:2:006:0 0 4 >
ffff8e67c4a97540 3925616151 S Co:2:006:0 s 40 b9 0000 0000 0004 4 = 09006603
ffff8e67c4a97540 3925618837 C Co:2:006:0 0 4 >
ffff8e67c4a97540 3925618878 S Ii:2:006:3 -115:1 3 <
ffff8e67c4a97540 3925620118 C Ii:2:006:3 0:1 3 = 100000
ffff8e67c4a97540 3925620156 S Ci:2:006:0 s c0 bc 0800 0016 0002 2 <
ffff8e67c4a97540 3925622975 C Ci:2:006:0 0 2 = 0900
ffff8e67c4a97540 3925623019 S Ci:2:006:0 s c0 bc 0900 001c 0002 2 <
ffff8e67c4a97540 3925625648 C Ci:2:006:0 0 2 = 2e6f
ffff8e67c4a97540 3925625689 S Ci:2:006:0 s c0 bc 0800 23be 0002 2 <
ffff8e67c4a97540 3925628540 C Ci:2:006:0 0 2 = 0000
ffff8e67c4a97540 3925628598 S Co:2:006:0 s 40 bc 0900 0014 0002 2 = d39e
ffff8e67c4a97540 3925631234 C Co:2:006:0 0 2 >
ffff8e67c4a97540 3925631276 S Ci:2:006:0 s c0 bc 0900 001c 0002 2 <
ffff8e67c4a97540 3925633964 C Ci:2:006:0 0 2 = 2e6f
ffff8e67c4a97540 3925634008 S Co:2:006:0 s 40 b9 0000 0000 0004 4 = 09016601
ffff8e67c4a97540 3925636695 C Co:2:006:0 0 4 >
ffff8e67c4a97540 3925636752 S Ii:2:006:3 -115:1 3 <
ffff8e67c4a97540 3925638018 C Ii:2:006:3 0:1 3 = 100000
ffff8e67c4a97540 3925638058 S Ci:2:006:0 s c0 bc 0800 0016 0002 2 <
ffff8e67c4a97540 3925640919 C Ci:2:006:0 0 2 = 0900
ffff8e67c4a97540 3925640954 S Ci:2:006:0 s c0 bc 0900 001c 0002 2 <
ffff8e67c4a97540 3925643680 C Ci:2:006:0 0 2 = 2e6f
ffff8e67c4a97540 3925643713 S Ci:2:006:0 s c0 bc 0800 23be 0004 4 <
ffff8e67c4a97540 3925646502 C Ci:2:006:0 0 4 = 0000b2e0
ffff8e67c4a97540 3925646563 S Co:2:006:0 s 40 bc 0800 00c0 0004 4 = 9dcd6500
ffff8e67c4a97540 3925649212 C Co:2:006:0 0 4 >
ffff8e67c4a97540 3925649261 S Co:2:006:0 s 40 b9 0000 0000 0004 4 = 09006603
ffff8e67c4a97540 3925651948 C Co:2:006:0 0 4 >
ffff8e67c4a97540 3925651994 S Ii:2:006:3 -115:1 3 <
ffff8e67c4a97540 3925653233 C Ii:2:006:3 0:1 3 = 100000
ffff8e67c4a97540 3925653292 S Ci:2:006:0 s c0 bc 0800 0016 0002 2 <
ffff8e67c4a97540 3925656020 C Ci:2:006:0 0 2 = 0900
ffff8e67c4a97540 3925656090 S Ci:2:006:0 s c0 bc 0900 001c 0002 2 <
ffff8e67c4a97540 3925658841 C Ci:2:006:0 0 2 = 2e6f
ffff8e67c4a97540 3925658875 S Ci:2:006:0 s c0 bc 0800 23be 0002 2 <
ffff8e67c4a97540 3925661649 C Ci:2:006:0 0 2 = 0000
ffff8e67c4a97540 3925661703 S Co:2:006:0 s 40 bc 0900 0014 0002 2 = d39e
ffff8e67c4a97540 3925664466 C Co:2:006:0 0 2 >
ffff8e67c4a97540 3925664498 S Ci:2:006:0 s c0 bc 0900 001c 0002 2 <
ffff8e67c4a97540 3925667197 C Ci:2:006:0 0 2 = 2e6f
ffff8e67c4a97540 3925667243 S Co:2:006:0 s 40 b9 0000 0000 0004 4 = 09016601
ffff8e67c4a97540 3925669953 C Co:2:006:0 0 4 >
ffff8e67c4a97540 3925669993 S Ii:2:006:3 -115:1 3 <
ffff8e67c4a97540 3925671260 C Ii:2:006:3 0:1 3 = 100000
ffff8e67c4a97540 3925671298 S Ci:2:006:0 s c0 bc 0800 0016 0002 2 <
ffff8e67c4a97540 3925674107 C Ci:2:006:0 0 2 = 0900
ffff8e67c4a97540 3925674149 S Ci:2:006:0 s c0 bc 0900 001c 0002 2 <
ffff8e67c4a97540 3925676824 C Ci:2:006:0 0 2 = 2e6f
ffff8e67c4a97540 3925676867 S Ci:2:006:0 s c0 bc 0800 23be 0004 4 <
ffff8e67c4a97540 3925679639 C Ci:2:006:0 0 4 = 0000b2e0
ffff8e67c4a97540 3925679681 S Co:2:006:0 s 40 bc 0800 00c0 0004 4 = 9dcd6800
ffff8e67c4a97540 3925682337 C Co:2:006:0 0 4 >
ffff8e67c4a97540 3925682380 S Co:2:006:0 s 40 b9 0000 0000 0004 4 = 09006603
ffff8e67c4a97540 3925685045 C Co:2:006:0 0 4 >
ffff8e67c4a97540 3925685087 S Ii:2:006:3 -115:1 3 <
ffff8e67c4a97540 3925686361 C Ii:2:006:3 0:1 3 = 100000
ffff8e67c4a97540 3925686399 S Ci:2:006:0 s c0 bc 0800 0016 0002 2 <
ffff8e67c4a97540 3925689177 C Ci:2:006:0 0 2 = 0900
ffff8e67c4a97540 3925689212 S Ci:2:006:0 s c0 bc 0900 001c 0002 2 <
ffff8e67c4a97540 3925691974 C Ci:2:006:0 0 2 = 2e6f
ffff8e67c4a97540 3925692015 S Ci:2:006:0 s c0 bc 0800 23be 0002 2 <
ffff8e67c4a97540 3925694628 C Ci:2:006:0 0 2 = 0000
ffff8e67c4a97540 3925694661 S Co:2:006:0 s 40 bc 0900 0014 0002 2 = d39e
ffff8e67c4a97540 3925697466 C Co:2:006:0 0 2 >
ffff8e67c4a97540 3925697508 S Ci:2:006:0 s c0 bc 0900 001c 0002 2 <
ffff8e67c4a97540 3925700212 C Ci:2:006:0 0 2 = 2e6f
ffff8e67c4a97540 3925700254 S Co:2:006:0 s 40 b9 0000 0000 0004 4 = 09016601
ffff8e67c4a97540 3925702939 C Co:2:006:0 0 4 >
ffff8e67c4a97540 3925702980 S Ii:2:006:3 -115:1 3 <
ffff8e67c4a97540 3925704240 C Ii:2:006:3 0:1 3 = 100000
ffff8e67c4a97540 3925704279 S Ci:2:006:0 s c0 bc 0800 0016 0002 2 <
ffff8e67c4a97540 3925707106 C Ci:2:006:0 0 2 = 0900
ffff8e67c4a97540 3925707148 S Ci:2:006:0 s c0 bc 0900 001c 0002 2 <
ffff8e67c4a97540 3925709783 C Ci:2:006:0 0 2 = 2e6f
ffff8e67c4a97540 3925709823 S Ci:2:006:0 s c0 bc 0800 23be 0004 4 <
ffff8e67c4a97540 3925712587 C Ci:2:006:0 0 4 = 0000b2e0
ffff8e67c4a97540 3925712630 S Co:2:006:0 s 40 bc 0800 00c0 0004 4 = 9dcd6700
ffff8e67c4a97540 3925715346 C Co:2:006:0 0 4 >
ffff8e67c4a97540 3925715390 S Co:2:006:0 s 40 b9 0000 0000 0004 4 = 09006603
ffff8e67c4a97540 3925718068 C Co:2:006:0 0 4 >
ffff8e67c4a97540 3925718109 S Ii:2:006:3 -115:1 3 <
ffff8e67c4a97540 3925719337 C Ii:2:006:3 0:1 3 = 100000
ffff8e67c4a97540 3925719375 S Ci:2:006:0 s c0 bc 0800 0016 0002 2 <
ffff8e67c4a97540 3925722178 C Ci:2:006:0 0 2 = 0900
ffff8e67c4a97540 3925722221 S Ci:2:006:0 s c0 bc 0900 001c 0002 2 <
ffff8e67c4a97540 3925724946 C Ci:2:006:0 0 2 = 2e6f
ffff8e67c4a97540 3925724989 S Ci:2:006:0 s c0 bc 0800 23be 0002 2 <
ffff8e67c4a97540 3925727648 C Ci:2:006:0 0 2 = 0000
ffff8e67c4a97540 3925727686 S Co:2:006:0 s 40 bc 0900 0014 0002 2 = d39e
ffff8e67c4a97540 3925730457 C Co:2:006:0 0 2 >
ffff8e67c4a97540 3925730500 S Ci:2:006:0 s c0 bc 0900 001c 0002 2 <
ffff8e67c4a97540 3925733188 C Ci:2:006:0 0 2 = 2e6f
ffff8e67c4a97540 3925733231 S Co:2:006:0 s 40 b9 0000 0000 0004 4 = 09016601
ffff8e67c4a97540 3925735966 C Co:2:006:0 0 4 >
ffff8e67c4a97540 3925736017 S Ii:2:006:3 -115:1 3 <
ffff8e67c4a97540 3925737140 C Ii:2:006:3 0:1 3 = 100000
ffff8e67c4a97540 3925737177 S Ci:2:006:0 s c0 bc 0800 0016 0002 2 <
ffff8e67c4a97540 3925739921 C Ci:2:006:0 0 2 = 0900
ffff8e67c4a97540 3925739954 S Ci:2:006:0 s c0 bc 0900 001c 0002 2 <
ffff8e67c4a97540 3925742656 C Ci:2:006:0 0 2 = 2e6f
ffff8e67c4a97540 3925742698 S Ci:2:006:0 s c0 bc 0800 23be 0004 4 <
ffff8e67c4a97540 3925745403 C Ci:2:006:0 0 4 = 0000b2e0
ffff8e67c4a97540 3925745443 S Co:2:006:0 s 40 bc 0800 00c0 0004 4 = 9dcd6600
ffff8e67c4a97540 3925748189 C Co:2:006:0 0 4 >
ffff8e67c4a97540 3925748232 S Co:2:006:0 s 40 b9 0000 0000 0004 4 = 09006603
ffff8e67c4a97540 3925750937 C Co:2:006:0 0 4 >
ffff8e67c4a97540 3925750978 S Ii:2:006:3 -115:1 3 <
ffff8e67c4a97540 3925752251 C Ii:2:006:3 0:1 3 = 100000
ffff8e67c4a97540 3925752289 S Ci:2:006:0 s c0 bc 0800 0016 0002 2 <
ffff8e67c4a97540 3925755075 C Ci:2:006:0 0 2 = 0900
ffff8e67c4a97540 3925755118 S Ci:2:006:0 s c0 bc 0900 001c 0002 2 <
ffff8e67c4a97540 3925757785 C Ci:2:006:0 0 2 = 2e6f
ffff8e67c4a97540 3925757825 S Ci:2:006:0 s c0 bc 0800 23be 0002 2 <
ffff8e67c4a97540 3925760539 C Ci:2:006:0 0 2 = 0000
ffff8e67c4a97540 3925760581 S Co:2:006:0 s 40 bc 0900 0014 0002 2 = d39e
ffff8e67c4a97540 3925763297 C Co:2:006:0 0 2 >
ffff8e67c4a97540 3925763341 S Ci:2:006:0 s c0 bc 0900 001c 0002 2 <
ffff8e67c4a97540 3925766043 C Ci:2:006:0 0 2 = 2e6f
ffff8e67c4a97540 3925766075 S Co:2:006:0 s 40 b9 0000 0000 0004 4 = 09016601
ffff8e67c4a97540 3925768846 C Co:2:006:0 0 4 >
ffff8e67c4a97540 3925768885 S Ii:2:006:3 -115:1 3 <
ffff8e67c4a97540 3925770146 C Ii:2:006:3 0:1 3 = 100000
ffff8e67c4a97540 3925770202 S Ci:2:006:0 s c0 bc 0800 0016 0002 2 <
ffff8e67c4a97540 3925772925 C Ci:2:006:0 0 2 = 0900
ffff8e67c4a97540 3925772967 S Ci:2:006:0 s c0 bc 0900 001c 0002 2 <
ffff8e67c4a97540 3925775677 C Ci:2:006:0 0 2 = 2e6f
ffff8e67c4a97540 3925775751 S Ci:2:006:0 s c0 bc 0800 23be 0004 4 <
ffff8e67c4a97540 3925778446 C Ci:2:006:0 0 4 = 0000b2e0
ffff8e67c4a97540 3925778487 S Co:2:006:0 s 40 bc 0800 00c0 0004 4 = 9dcd6500
ffff8e67c4a97540 3925781245 C Co:2:006:0 0 4 >
ffff8e67c4a97540 3925781287 S Co:2:006:0 s 40 b9 0000 0000 0004 4 = 09006603
ffff8e67c4a97540 3925783934 C Co:2:006:0 0 4 >
ffff8e67c4a97540 3925783975 S Ii:2:006:3 -115:1 3 <
ffff8e67c4a97540 3925785224 C Ii:2:006:3 0:1 3 = 100000
ffff8e67c4a97540 3925785262 S Ci:2:006:0 s c0 bc 0800 0016 0002 2 <
ffff8e67c4a97540 3925788060 C Ci:2:006:0 0 2 = 0900
ffff8e67c4a97540 3925788101 S Ci:2:006:0 s c0 bc 0900 001c 0002 2 <
ffff8e67c4a97540 3925790786 C Ci:2:006:0 0 2 = 2e6f
ffff8e67c4a97540 3925790883 S Ci:2:006:0 s c0 bc 0800 23be 0002 2 <
ffff8e67c4a97540 3925793487 C Ci:2:006:0 0 2 = 0000
ffff8e67c4a97540 3925793530 S Co:2:006:0 s 40 bc 0900 0014 0002 2 = d39e
ffff8e67c4a97540 3925796202 C Co:2:006:0 0 2 >
ffff8e67c4a97540 3925796243 S Ci:2:006:0 s c0 bc 0900 001c 0002 2 <
ffff8e67c4a97540 3925798917 C Ci:2:006:0 0 2 = 2e6f
ffff8e67c4a97540 3925798950 S Co:2:006:0 s 40 b9 0000 0000 0004 4 = 09016601
ffff8e67c4a97540 3925801739 C Co:2:006:0 0 4 >
ffff8e67c4a97540 3925801780 S Ii:2:006:3 -115:1 3 <
ffff8e67c4a97540 3925802996 C Ii:2:006:3 0:1 3 = 100000
ffff8e67c4a97540 3925803036 S Ci:2:006:0 s c0 bc 0800 0016 0002 2 <
ffff8e67c4a97540 3925805790 C Ci:2:006:0 0 2 = 0900
ffff8e67c4a97540 3925805834 S Ci:2:006:0 s c0 bc 0900 001c 0002 2 <
ffff8e67c4a97540 3925808411 C Ci:2:006:0 0 2 = 2e6f
ffff8e67c4a97540 3925808444 S Ci:2:006:0 s c0 bc 0800 23be 0004 4 <
ffff8e67c4a97540 3925811134 C Ci:2:006:0 0 4 = 0000b2e0
ffff8e67c4a97540 3925811175 S Co:2:006:0 s 40 bc 0800 00c0 0004 4 = 9dcd6800
ffff8e67c4a97540 3925813918 C Co:2:006:0 0 4 >
ffff8e67c4a97540 3925813961 S Co:2:006:0 s 40 b9 0000 0000 0004 4 = 09006603
ffff8e67c4a97540 3925816513 C Co:2:006:0 0 4 >
ffff8e67c4a97540 3925816544 S Ii:2:006:3 -115:1 3 <
ffff8e67c4a97540 3925817852 C Ii:2:006:3 0:1 3 = 100000
ffff8e67c4a97540 3925817890 S Ci:2:006:0 s c0 bc 0800 0016 0002 2 <
ffff8e67c4a97540 3925820678 C Ci:2:006:0 0 2 = 0900
ffff8e67c4a97540 3925820737 S Ci:2:006:0 s c0 bc 0900 001c 0002 2 <
ffff8e67c4a97540 3925823479 C Ci:2:006:0 0 2 = 2e6f
ffff8e67c4a97540 3925823514 S Ci:2:006:0 s c0 bc 0800 23be 0002 2 <
ffff8e67c4a97540 3925826228 C Ci:2:006:0 0 2 = 0000
ffff8e67c4a97540 3925826281 S Co:2:006:0 s 40 bc 0900 0014 0002 2 = d39e
ffff8e67c4a97540 3925828925 C Co:2:006:0 0 2 >
ffff8e67c4a97540 3925828969 S Ci:2:006:0 s c0 bc 0900 001c 0002 2 <
ffff8e67c4a97540 3925831685 C Ci:2:006:0 0 2 = 2e6f
ffff8e67c4a97540 3925831743 S Co:2:006:0 s 40 b9 0000 0000 0004 4 = 09016601
ffff8e67c4a97540 3925834394 C Co:2:006:0 0 4 >
ffff8e67c4a97540 3925834432 S Ii:2:006:3 -115:1 3 <
ffff8e67c4a97540 3925835693 C Ii:2:006:3 0:1 3 = 100000
ffff8e67c4a97540 3925835744 S Ci:2:006:0 s c0 bc 0800 0016 0002 2 <
ffff8e67c4a97540 3925838590 C Ci:2:006:0 0 2 = 0900
ffff8e67c4a97540 3925838633 S Ci:2:006:0 s c0 bc 0900 001c 0002 2 <
ffff8e67c4a97540 3925841400 C Ci:2:006:0 0 2 = 2e6f
ffff8e67c4a97540 3925841439 S Ci:2:006:0 s c0 bc 0800 23be 0004 4 <
ffff8e67c4a97540 3925844091 C Ci:2:006:0 0 4 = 0000b2e0
ffff8e67c4a97540 3925844136 S Co:2:006:0 s 40 bc 0800 00c0 0004 4 = 9dcd6700
ffff8e67c4a97540 3925846802 C Co:2:006:0 0 4 >
ffff8e67c4a97540 3925846845 S Co:2:006:0 s 40 b9 0000 0000 0004 4 = 09006603
ffff8e67c4a97540 3925849586 C Co:2:006:0 0 4 >
ffff8e67c4a97540 3925849625 S Ii:2:006:3 -115:1 3 <
ffff8e67c4a97540 3925850915 C Ii:2:006:3 0:1 3 = 100000
ffff8e67c4a97540 3925850956 S Ci:2:006:0 s c0 bc 0800 0016 0002 2 <
ffff8e67c4a97540 3925853685 C Ci:2:006:0 0 2 = 0900
ffff8e67c4a97540 3925853739 S Ci:2:006:0 s c0 bc 0900 001c 0002 2 <
ffff8e67c4a97540 3925856585 C Ci:2:006:0 0 2 = 2e6f
ffff8e67c4a97540 3925856621 S Ci:2:006:0 s c0 bc 0800 23be 0002 2 <
ffff8e67c4a97540 3925859261 C Ci:2:006:0 0 2 = 0000
ffff8e67c4a97540 3925859302 S Co:2:006:0 s 40 bc 0900 0014 0002 2 = d39e
ffff8e67c4a97540 3925861989 C Co:2:006:0 0 2 >
ffff8e67c4a97540 3925862032 S Ci:2:006:0 s c0 bc 0900 001c 0002 2 <
ffff8e67c4a97540 3925864788 C Ci:2:006:0 0 2 = 2e6f
ffff8e67c4a97540 3925864829 S Co:2:006:0 s 40 b9 0000 0000 0004 4 = 09016601
ffff8e67c4a97540 3925867515 C Co:2:006:0 0 4 >
ffff8e67c4a97540 3925867555 S Ii:2:006:3 -115:1 3 <
ffff8e67c4a97540 3925868862 C Ii:2:006:3 0:1 3 = 100000
ffff8e67c4a97540 3925868902 S Ci:2:006:0 s c0 bc 0800 0016 0002 2 <
ffff8e67c4a97540 3925871815 C Ci:2:006:0 0 2 = 0900
ffff8e67c4a97540 3925871857 S Ci:2:006:0 s c0 bc 0900 001c 0002 2 <
ffff8e67c4a97540 3925874519 C Ci:2:006:0 0 2 = 2e6f
ffff8e67c4a97540 3925874553 S Ci:2:006:0 s c0 bc 0800 23be 0004 4 <
ffff8e67c4a97540 3925877268 C Ci:2:006:0 0 4 = 0000b2e0
ffff8e67c4a97540 3925877303 S Co:2:006:0 s 40 bc 0800 00c0 0004 4 = 9dcd6600
ffff8e67c4a97540 3925880101 C Co:2:006:0 0 4 >
ffff8e67c4a97540 3925880144 S Co:2:006:0 s 40 b9 0000 0000 0004 4 = 09006603
ffff8e67c4a97540 3925882796 C Co:2:006:0 0 4 >
ffff8e67c4a97540 3925882836 S Ii:2:006:3 -115:1 3 <
ffff8e67c4a97540 3925884056 C Ii:2:006:3 0:1 3 = 100000
ffff8e67c4a97540 3925884096 S Ci:2:006:0 s c0 bc 0800 0016 0002 2 <
ffff8e67c4a97540 3925886927 C Ci:2:006:0 0 2 = 0900
ffff8e67c4a97540 3925886970 S Ci:2:006:0 s c0 bc 0900 001c 0002 2 <
ffff8e67c4a97540 3925889646 C Ci:2:006:0 0 2 = 2e6f
ffff8e67c4a97540 3925889668 S Ci:2:006:0 s c0 bc 0800 23be 0002 2 <
ffff8e67c4a97540 3925892437 C Ci:2:006:0 0 2 = 0000
ffff8e67c4a97540 3925892483 S Co:2:006:0 s 40 bc 0900 0014 0002 2 = d39e
ffff8e67c4a97540 3925895145 C Co:2:006:0 0 2 >
ffff8e67c4a97540 3925895184 S Ci:2:006:0 s c0 bc 0900 001c 0002 2 <
ffff8e67c4a97540 3925897933 C Ci:2:006:0 0 2 = 2e6f
ffff8e67c4a97540 3925898013 S Co:2:006:0 s 40 b9 0000 0000 0004 4 = 09016601
ffff8e67c4a97540 3925900667 C Co:2:006:0 0 4 >
ffff8e67c4a97540 3925900719 S Ii:2:006:3 -115:1 3 <
ffff8e67c4a97540 3925901961 C Ii:2:006:3 0:1 3 = 100000
ffff8e67c4a97540 3925902001 S Ci:2:006:0 s c0 bc 0800 0016 0002 2 <
ffff8e67c4a97540 3925904770 C Ci:2:006:0 0 2 = 0900
ffff8e67c4a97540 3925904808 S Ci:2:006:0 s c0 bc 0900 001c 0002 2 <
ffff8e67c4a97540 3925907541 C Ci:2:006:0 0 2 = 2e6f
ffff8e67c4a97540 3925907575 S Ci:2:006:0 s c0 bc 0800 23be 0004 4 <
ffff8e67c4a97540 3925910382 C Ci:2:006:0 0 4 = 0000b2e0
ffff8e67c4a97540 3925910423 S Co:2:006:0 s 40 bc 0800 00c0 0004 4 = 9dcd6500
ffff8e67c4a97540 3925912885 C Co:2:006:0 0 4 >
ffff8e67c4a97540 3925914775 S Co:2:006:0 s 40 b9 0000 0000 0004 4 = 09006603
ffff8e67c4a97540 3925915597 C Co:2:006:0 0 4 >
ffff8e67c4a97540 3925915629 S Ii:2:006:3 -115:1 3 <
ffff8e67c4a97540 3925916971 C Ii:2:006:3 0:1 3 = 100000
ffff8e67c4a97540 3925917001 S Ci:2:006:0 s c0 bc 0800 0016 0002 2 <
ffff8e67c4a97540 3925919755 C Ci:2:006:0 0 2 = 0900
ffff8e67c4a97540 3925919797 S Ci:2:006:0 s c0 bc 0900 001c 0002 2 <
ffff8e67c4a97540 3925922597 C Ci:2:006:0 0 2 = 2e6f
ffff8e67c4a97540 3925922639 S Ci:2:006:0 s c0 bc 0800 23be 0002 2 <
ffff8e67c4a97540 3925925334 C Ci:2:006:0 0 2 = 0000
ffff8e67c4a97540 3925925377 S Co:2:006:0 s 40 bc 0900 0014 0002 2 = d39e
ffff8e67c4a97540 3925928088 C Co:2:006:0 0 2 >
ffff8e67c4a97540 3925928140 S Ci:2:006:0 s c0 bc 0900 001c 0002 2 <
ffff8e67c4a97540 3925930789 C Ci:2:006:0 0 2 = 2e6f
ffff8e67c4a97540 3925930832 S Co:2:006:0 s 40 b9 0000 0000 0004 4 = 09016601
ffff8e67c4a97540 3925933590 C Co:2:006:0 0 4 >
ffff8e67c4a97540 3925933630 S Ii:2:006:3 -115:1 3 <
ffff8e67c4a97540 3925934830 C Ii:2:006:3 0:1 3 = 100000
ffff8e67c4a97540 3925934869 S Ci:2:006:0 s c0 bc 0800 0016 0002 2 <
ffff8e67c4a97540 3925937734 C Ci:2:006:0 0 2 = 0900
ffff8e67c4a97540 3925937777 S Ci:2:006:0 s c0 bc 0900 001c 0002 2 <
ffff8e67c4a97540 3925940398 C Ci:2:006:0 0 2 = 2e6f
ffff8e67c4a97540 3925940433 S Ci:2:006:0 s c0 bc 0800 23be 0004 4 <
ffff8e67c4a97540 3925943121 C Ci:2:006:0 0 4 = 0000b2e0
ffff8e67c4a97540 3925943153 S Co:2:006:0 s 40 bc 0800 00c0 0004 4 = 9dcd6800
ffff8e67c4a97540 3925945915 C Co:2:006:0 0 4 >
ffff8e67c4a97540 3925945979 S Co:2:006:0 s 40 b9 0000 0000 0004 4 = 09006603
ffff8e67c4a97540 3925948658 C Co:2:006:0 0 4 >
ffff8e67c4a97540 3925948697 S Ii:2:006:3 -115:1 3 <
ffff8e67c4a97540 3925949990 C Ii:2:006:3 0:1 3 = 100000
ffff8e67c4a97540 3925950031 S Ci:2:006:0 s c0 bc 0800 0016 0002 2 <
ffff8e67c4a97540 3925952799 C Ci:2:006:0 0 2 = 0900
ffff8e67c4a97540 3925952842 S Ci:2:006:0 s c0 bc 0900 001c 0002 2 <
ffff8e67c4a97540 3925955625 C Ci:2:006:0 0 2 = 2e6f
ffff8e67c4a97540 3925955671 S Ci:2:006:0 s c0 bc 0800 23be 0002 2 <
ffff8e67c4a97540 3925958264 C Ci:2:006:0 0 2 = 0000
ffff8e67c4a97540 3925958298 S Co:2:006:0 s 40 bc 0900 0014 0002 2 = d39e
ffff8e67c4a97540 3925961086 C Co:2:006:0 0 2 >
ffff8e67c4a97540 3925961121 S Ci:2:006:0 s c0 bc 0900 001c 0002 2 <
ffff8e67c4a97540 3925963834 C Ci:2:006:0 0 2 = 2e6f
ffff8e67c4a97540 3925963894 S Co:2:006:0 s 40 b9 0000 0000 0004 4 = 09016601
ffff8e67c4a97540 3925966531 C Co:2:006:0 0 4 >
ffff8e67c4a97540 3925966570 S Ii:2:006:3 -115:1 3 <
ffff8e67c4a97540 3925967801 C Ii:2:006:3 0:1 3 = 100000
ffff8e67c4a97540 3925967832 S Ci:2:006:0 s c0 bc 0800 0016 0002 2 <
ffff8e67c4a97540 3925970567 C Ci:2:006:0 0 2 = 0900
ffff8e67c4a97540 3925970610 S Ci:2:006:0 s c0 bc 0900 001c 0002 2 <
ffff8e67c4a97540 3925973273 C Ci:2:006:0 0 2 = 2e6f
ffff8e67c4a97540 3925973309 S Ci:2:006:0 s c0 bc 0800 23be 0004 4 <
ffff8e67c4a97540 3925976072 C Ci:2:006:0 0 4 = 0000b2e0
ffff8e67c4a97540 3925976121 S Co:2:006:0 s 40 bc 0800 00c0 0004 4 = 9dcd6700
ffff8e67c4a97540 3925978665 C Co:2:006:0 0 4 >
ffff8e67c4a97540 3925978759 S Co:2:006:0 s 40 b9 0000 0000 0004 4 = 09006603
ffff8e67c4a97540 3925981539 C Co:2:006:0 0 4 >
ffff8e67c4a97540 3925981597 S Ii:2:006:3 -115:1 3 <
ffff8e67c4a97540 3925982846 C Ii:2:006:3 0:1 3 = 100000
ffff8e67c4a97540 3925982880 S Ci:2:006:0 s c0 bc 0800 0016 0002 2 <
ffff8e67c4a97540 3925985640 C Ci:2:006:0 0 2 = 0900
ffff8e67c4a97540 3925985685 S Ci:2:006:0 s c0 bc 0900 001c 0002 2 <
ffff8e67c4a97540 3925988390 C Ci:2:006:0 0 2 = 2e6f
ffff8e67c4a97540 3925988431 S Ci:2:006:0 s c0 bc 0800 23be 0002 2 <
ffff8e67c4a97540 3925991146 C Ci:2:006:0 0 2 = 0000
ffff8e67c4a97540 3925991188 S Co:2:006:0 s 40 bc 0900 0014 0002 2 = d39e
ffff8e67c4a97540 3925993908 C Co:2:006:0 0 2 >
ffff8e67c4a97540 3925993962 S Ci:2:006:0 s c0 bc 0900 001c 0002 2 <
ffff8e67c4a97540 3925996656 C Ci:2:006:0 0 2 = 2e6f
ffff8e67c4a97540 3925996696 S Co:2:006:0 s 40 b9 0000 0000 0004 4 = 09016601
ffff8e67c4a97540 3925999456 C Co:2:006:0 0 4 >
ffff8e67c4a97540 3925999496 S Ii:2:006:3 -115:1 3 <
ffff8e67c4a97540 3926000772 C Ii:2:006:3 0:1 3 = 100000
ffff8e67c26dbf00 3926001097 S Ci:2:006:0 s c0 bc 0800 0016 0002 2 <
ffff8e67c26dbf00 3926003593 C Ci:2:006:0 0 2 = 0900
ffff8e67c26dbf00 3926003747 S Ci:2:006:0 s c0 bc 0900 001c 0002 2 <
ffff8e67c26dbf00 3926006278 C Ci:2:006:0 0 2 = 2e6f
ffff8e67c26dbf00 3926006362 S Ci:2:006:0 s c0 bc 0800 23be 0004 4 <
ffff8e67c26dbf00 3926008924 C Ci:2:006:0 0 4 = 0000b2e0
ffff8e67c26dbf00 3926009123 S Co:2:006:0 s 40 bc 0800 00c0 0004 4 = 9dcd6600
ffff8e67c26dbf00 3926011722 C Co:2:006:0 0 4 >
ffff8e67c26dbf00 3926011879 S Co:2:006:0 s 40 b9 0000 0000 0004 4 = 09006603
ffff8e67c26dbf00 3926014411 C Co:2:006:0 0 4 >
ffff8e67c26dbf00 3926014566 S Ii:2:006:3 -115:1 3 <
ffff8e67c26dbf00 3926015756 C Ii:2:006:3 0:1 3 = 100000
ffff8e67c26dbf00 3926015826 S Ci:2:006:0 s c0 bc 0800 0016 0002 2 <
ffff8e67c26dbf00 3926018316 C Ci:2:006:0 0 2 = 0900
ffff8e67c26dbf00 3926018349 S Ci:2:006:0 s c0 bc 0900 001c 0002 2 <
ffff8e67c26dbf00 3926021048 C Ci:2:006:0 0 2 = 2e6f
ffff8e67c26dbf00 3926021189 S Ci:2:006:0 s c0 bc 0800 23be 0002 2 <
ffff8e67c26dbf00 3926023834 C Ci:2:006:0 0 2 = 0000
ffff8e67c26dbf00 3926024004 S Co:2:006:0 s 40 bc 0900 0014 0002 2 = d39e
ffff8e67c26dbf00 3926026466 C Co:2:006:0 0 2 >
ffff8e67c26dbf00 3926026611 S Ci:2:006:0 s c0 bc 0900 001c 0002 2 <
ffff8e67c26dbf00 3926029232 C Ci:2:006:0 0 2 = 2e6f
ffff8e67c26dbf00 3926029379 S Co:2:006:0 s 40 b9 0000 0000 0004 4 = 09016601
ffff8e67c26dbf00 3926031937 C Co:2:006:0 0 4 >
ffff8e67c26dbf00 3926032102 S Ii:2:006:3 -115:1 3 <
ffff8e67c26dbf00 3926033280 C Ii:2:006:3 0:1 3 = 100000
ffff8e67c26dbf00 3926033333 S Ci:2:006:0 s c0 bc 0800 0016 0002 2 <
ffff8e67c26dbf00 3926036068 C Ci:2:006:0 0 2 = 0900
ffff8e67c26dbf00 3926036839 S Ci:2:006:0 s c0 bc 0900 001c 0002 2 <
ffff8e67c26dbf00 3926038769 C Ci:2:006:0 0 2 = 2e6f
ffff8e67c26dbf00 3926038899 S Ci:2:006:0 s c0 bc 0800 23be 0004 4 <
ffff8e67c26dbf00 3926041414 C Ci:2:006:0 0 4 = 0000b2e0
ffff8e67c26dbf00 3926041520 S Co:2:006:0 s 40 bc 0800 00c0 0004 4 = 9dcd6500
ffff8e67c26dbf00 3926044088 C Co:2:006:0 0 4 >
ffff8e67c26dbf00 3926044191 S Co:2:006:0 s 40 b9 0000 0000 0004 4 = 09006603
ffff8e67c26dbf00 3926046904 C Co:2:006:0 0 4 >
ffff8e67c26dbf00 3926047064 S Ii:2:006:3 -115:1 3 <
ffff8e67c26dbf00 3926048230 C Ii:2:006:3 0:1 3 = 100000
ffff8e67c26dbf00 3926048370 S Ci:2:006:0 s c0 bc 0800 0016 0002 2 <
ffff8e67c26dbf00 3926051083 C Ci:2:006:0 0 2 = 0900
ffff8e67c26dbf00 3926051211 S Ci:2:006:0 s c0 bc 0900 001c 0002 2 <
ffff8e67c26dbf00 3926053830 C Ci:2:006:0 0 2 = 2e6f
ffff8e67c26dbf00 3926054375 S Ci:2:006:0 s c0 bc 0800 23be 0002 2 <
ffff8e67c26dbf00 3926056497 C Ci:2:006:0 0 2 = 0000
ffff8e67c26dbf00 3926056646 S Co:2:006:0 s 40 bc 0900 0014 0002 2 = d39e
ffff8e67c26dbf00 3926059344 C Co:2:006:0 0 2 >
ffff8e67c26dbf00 3926059488 S Ci:2:006:0 s c0 bc 0900 001c 0002 2 <
ffff8e67c26dbf00 3926062125 C Ci:2:006:0 0 2 = 2e6f
ffff8e67c26dbf00 3926062283 S Co:2:006:0 s 40 b9 0000 0000 0004 4 = 09016601
ffff8e67c26dbf00 3926064802 C Co:2:006:0 0 4 >
ffff8e67c26dbf00 3926064959 S Ii:2:006:3 -115:1 3 <
ffff8e67c26dbf00 3926066135 C Ii:2:006:3 0:1 3 = 100000
ffff8e67c26dbf00 3926066192 S Ci:2:006:0 s c0 bc 0800 0016 0002 2 <
ffff8e67c26dbf00 3926068946 C Ci:2:006:0 0 2 = 0900
ffff8e67c26dbf00 3926069029 S Ci:2:006:0 s c0 bc 0900 001c 0002 2 <
ffff8e67c26dbf00 3926071719 C Ci:2:006:0 0 2 = 2e6f
ffff8e67c26dbf00 3926071856 S Ci:2:006:0 s c0 bc 0800 23be 0004 4 <
ffff8e67c26dbf00 3926074366 C Ci:2:006:0 0 4 = 0000b2e0
ffff8e67c26dbf00 3926074498 S Co:2:006:0 s 40 bc 0800 00c0 0004 4 = 9dcd6800
ffff8e67c26dbf00 3926077171 C Co:2:006:0 0 4 >
ffff8e67c26dbf00 3926077303 S Co:2:006:0 s 40 b9 0000 0000 0004 4 = 09006603
ffff8e67c26dbf00 3926079821 C Co:2:006:0 0 4 >
ffff8e67c26dbf00 3926080079 S Ii:2:006:3 -115:1 3 <
ffff8e67c26dbf00 3926081196 C Ii:2:006:3 0:1 3 = 100000
ffff8e67c26dbf00 3926081336 S Ci:2:006:0 s c0 bc 0800 0016 0002 2 <
ffff8e67c26dbf00 3926084014 C Ci:2:006:0 0 2 = 0900
ffff8e67c26dbf00 3926084161 S Ci:2:006:0 s c0 bc 0900 001c 0002 2 <
ffff8e67c26dbf00 3926086768 C Ci:2:006:0 0 2 = 2e6f
ffff8e67c26dbf00 3926086941 S Ci:2:006:0 s c0 bc 0800 23be 0002 2 <
ffff8e67c26dbf00 3926089470 C Ci:2:006:0 0 2 = 0000
ffff8e67f59f0a80 3926090260 S Co:2:006:0 s 40 bc 0900 0014 0002 2 = d39e
ffff8e67f59f0a80 3926092181 C Co:2:006:0 0 2 >
ffff8e67f59f0a80 3926092369 S Ci:2:006:0 s c0 bc 0900 001c 0002 2 <
ffff8e67f59f0a80 3926094908 C Ci:2:006:0 0 2 = 2e6f
ffff8e67f59f0a80 3926095048 S Co:2:006:0 s 40 b9 0000 0000 0004 4 = 09016601
ffff8e67f59f0a80 3926097605 C Co:2:006:0 0 4 >
ffff8e67f59f0a80 3926097769 S Ii:2:006:3 -115:1 3 <
ffff8e67f59f0a80 3926098985 C Ii:2:006:3 0:1 3 = 100000
ffff8e67f59f0a80 3926099167 S Ci:2:006:0 s c0 bc 0800 0016 0002 2 <
ffff8e67f59f0a80 3926101815 C Ci:2:006:0 0 2 = 0900
ffff8e67f59f0a80 3926101919 S Ci:2:006:0 s c0 bc 0900 001c 0002 2 <
ffff8e67f59f0a80 3926104539 C Ci:2:006:0 0 2 = 2e6f
ffff8e67f59f0a80 3926104800 S Ci:2:006:0 s c0 bc 0800 23be 0004 4 <
ffff8e67f59f0a80 3926107206 C Ci:2:006:0 0 4 = 0000b2e0
ffff8e67f59f0a80 3926107334 S Co:2:006:0 s 40 bc 0800 00c0 0004 4 = 9dcd6700
ffff8e67f59f0a80 3926110042 C Co:2:006:0 0 4 >
ffff8e67f59f0a80 3926110182 S Co:2:006:0 s 40 b9 0000 0000 0004 4 = 09006603
ffff8e67f59f0a80 3926112774 C Co:2:006:0 0 4 >
ffff8e67f59f0a80 3926112991 S Ii:2:006:3 -115:1 3 <
ffff8e67f59f0a80 3926114136 C Ii:2:006:3 0:1 3 = 100000
ffff8e67f59f0a80 3926114210 S Ci:2:006:0 s c0 bc 0800 0016 0002 2 <
ffff8e67f59f0a80 3926116949 C Ci:2:006:0 0 2 = 0900
ffff8e67f59f0a80 3926117065 S Ci:2:006:0 s c0 bc 0900 001c 0002 2 <
ffff8e67f59f0a80 3926119682 C Ci:2:006:0 0 2 = 2e6f
ffff8e67f59f0a80 3926119773 S Ci:2:006:0 s c0 bc 0800 23be 0002 2 <
ffff8e67f59f0a80 3926122434 C Ci:2:006:0 0 2 = 0000
ffff8e67f59f0a80 3926122513 S Co:2:006:0 s 40 bc 0900 0014 0002 2 = d39e
ffff8e67f59f0a80 3926125152 C Co:2:006:0 0 2 >
ffff8e67f59f0a80 3926125268 S Ci:2:006:0 s c0 bc 0900 001c 0002 2 <
ffff8e67f59f0a80 3926127973 C Ci:2:006:0 0 2 = 2e6f
ffff8e67f59f0a80 3926128122 S Co:2:006:0 s 40 b9 0000 0000 0004 4 = 09016601
ffff8e67f59f0a80 3926130642 C Co:2:006:0 0 4 >
ffff8e67f59f0a80 3926130877 S Ii:2:006:3 -115:1 3 <
ffff8e67f59f0a80 3926131971 C Ii:2:006:3 0:1 3 = 100000
ffff8e67f59f0a80 3926132072 S Ci:2:006:0 s c0 bc 0800 0016 0002 2 <
ffff8e67f59f0a80 3926134799 C Ci:2:006:0 0 2 = 0900
ffff8e67f59f0a80 3926134943 S Ci:2:006:0 s c0 bc 0900 001c 0002 2 <
ffff8e67f59f0a80 3926137549 C Ci:2:006:0 0 2 = 2e6f
ffff8e67f59f0a80 3926137646 S Ci:2:006:0 s c0 bc 0800 23be 0004 4 <
ffff8e67f59f0a80 3926140325 C Ci:2:006:0 0 4 = 0000b2e0
ffff8e67f59f0a80 3926140474 S Co:2:006:0 s 40 bc 0800 00c0 0004 4 = 9dcd6600
ffff8e67f59f0a80 3926143095 C Co:2:006:0 0 4 >
ffff8e67f59f0a80 3926143190 S Co:2:006:0 s 40 b9 0000 0000 0004 4 = 09006603
ffff8e67f59f0a80 3926145835 C Co:2:006:0 0 4 >
ffff8e67f59f0a80 3926145964 S Ii:2:006:3 -115:1 3 <
ffff8e67f59f0a80 3926147086 C Ii:2:006:3 0:1 3 = 100000
ffff8e67f59f0a80 3926147296 S Ci:2:006:0 s c0 bc 0800 0016 0002 2 <
ffff8e67f59f0a80 3926149995 C Ci:2:006:0 0 2 = 0900
ffff8e67f59f0a80 3926150052 S Ci:2:006:0 s c0 bc 0900 001c 0002 2 <
ffff8e67f59f0a80 3926152677 C Ci:2:006:0 0 2 = 2e6f
ffff8e67f59f0a80 3926152932 S Ci:2:006:0 s c0 bc 0800 23be 0002 2 <
ffff8e67f59f0a80 3926155407 C Ci:2:006:0 0 2 = 0000
ffff8e67f59f0a80 3926155504 S Co:2:006:0 s 40 bc 0900 0014 0002 2 = d39e
ffff8e67f59f0a80 3926158112 C Co:2:006:0 0 2 >
ffff8e67f59f0a80 3926158249 S Ci:2:006:0 s c0 bc 0900 001c 0002 2 <
ffff8e67f59f0a80 3926160793 C Ci:2:006:0 0 2 = 2e6f
ffff8e67f59f0a80 3926161023 S Co:2:006:0 s 40 b9 0000 0000 0004 4 = 09016601
ffff8e67f59f0a80 3926163546 C Co:2:006:0 0 4 >
ffff8e67f59f0a80 3926163677 S Ii:2:006:3 -115:1 3 <
ffff8e67f59f0a80 3926164874 C Ii:2:006:3 0:1 3 = 100000
ffff8e67f59f0a80 3926164999 S Ci:2:006:0 s c0 bc 0800 0016 0002 2 <
ffff8e67f59f0a80 3926167548 C Ci:2:006:0 0 2 = 0900
ffff8e67f59f0a80 3926167610 S Ci:2:006:0 s c0 bc 0900 001c 0002 2 <
ffff8e67f59f0a80 3926170453 C Ci:2:006:0 0 2 = 2e6f
ffff8e67f59f0a80 3926170758 S Ci:2:006:0 s c0 bc 0800 23be 0004 4 <
ffff8e67f59f0a80 3926173014 C Ci:2:006:0 0 4 = 0000b2e0
ffff8e67f59f0a80 3926173182 S Co:2:006:0 s 40 bc 0800 00c0 0004 4 = 9dcd6500
ffff8e67f59f0a80 3926175749 C Co:2:006:0 0 4 >
ffff8e67f59f0a80 3926175900 S Co:2:006:0 s 40 b9 0000 0000 0004 4 = 09006603
ffff8e67f59f0a80 3926178495 C Co:2:006:0 0 4 >
ffff8e67f59f0a80 3926178653 S Ii:2:006:3 -115:1 3 <
ffff8e67f59f0a80 3926179904 C Ii:2:006:3 0:1 3 = 100000
ffff8e67f59f0a80 3926180072 S Ci:2:006:0 s c0 bc 0800 0016 0002 2 <
ffff8e67f59f0a80 3926182700 C Ci:2:006:0 0 2 = 0900
ffff8e67f59f0a80 3926182775 S Ci:2:006:0 s c0 bc 0900 001c 0002 2 <
ffff8e67f59f0a80 3926185429 C Ci:2:006:0 0 2 = 2e6f
ffff8e67f59f0a80 3926185492 S Ci:2:006:0 s c0 bc 0800 23be 0002 2 <
ffff8e67f59f0a80 3926188121 C Ci:2:006:0 0 2 = 0000
ffff8e67f59f0a80 3926188281 S Co:2:006:0 s 40 bc 0900 0014 0002 2 = d39e
ffff8e67f59f0a80 3926190922 C Co:2:006:0 0 2 >
ffff8e67f59f0a80 3926191072 S Ci:2:006:0 s c0 bc 0900 001c 0002 2 <
ffff8e67f59f0a80 3926193692 C Ci:2:006:0 0 2 = 2e6f
ffff8e67f59f0a80 3926193892 S Co:2:006:0 s 40 b9 0000 0000 0004 4 = 09016601
ffff8e67f59f0a80 3926196443 C Co:2:006:0 0 4 >
ffff8e67f59f0a80 3926196609 S Ii:2:006:3 -115:1 3 <
ffff8e67f59f0a80 3926197798 C Ii:2:006:3 0:1 3 = 100000
ffff8e67f59f0a80 3926197890 S Ci:2:006:0 s c0 bc 0800 0016 0002 2 <
ffff8e67f59f0a80 3926200531 C Ci:2:006:0 0 2 = 0900
ffff8e67f59f0a80 3926200710 S Ci:2:006:0 s c0 bc 0900 001c 0002 2 <
ffff8e67f59f0a80 3926203243 C Ci:2:006:0 0 2 = 2e6f
ffff8e67f59f0a80 3926203402 S Ci:2:006:0 s c0 bc 0800 23be 0004 4 <
ffff8e67f59f0a80 3926206071 C Ci:2:006:0 0 4 = 0000b2e0
ffff8e67f59f0a80 3926206239 S Co:2:006:0 s 40 bc 0800 00c0 0004 4 = 9dcd6800
ffff8e67f59f0a80 3926208752 C Co:2:006:0 0 4 >
ffff8e67f59f0a80 3926208902 S Co:2:006:0 s 40 b9 0000 0000 0004 4 = 09006603
ffff8e67f59f0a80 3926211448 C Co:2:006:0 0 4 >
ffff8e67f59f0a80 3926211529 S Ii:2:006:3 -115:1 3 <
ffff8e67f59f0a80 3926212848 C Ii:2:006:3 0:1 3 = 100000
ffff8e67f59f0a80 3926212913 S Ci:2:006:0 s c0 bc 0800 0016 0002 2 <
ffff8e67f59f0a80 3926215535 C Ci:2:006:0 0 2 = 0900
ffff8e67f59f0a80 3926215673 S Ci:2:006:0 s c0 bc 0900 001c 0002 2 <
ffff8e67f59f0a80 3926218345 C Ci:2:006:0 0 2 = 2e6f
ffff8e67f59f0a80 3926218427 S Ci:2:006:0 s c0 bc 0800 23be 0002 2 <
ffff8e67f59f0a80 3926221025 C Ci:2:006:0 0 2 = 0000
ffff8e67f59f0a80 3926221190 S Co:2:006:0 s 40 bc 0900 0014 0002 2 = d39e
ffff8e67f59f0a80 3926223849 C Co:2:006:0 0 2 >
ffff8e67f59f0a80 3926224047 S Ci:2:006:0 s c0 bc 0900 001c 0002 2 <
ffff8e67f59f0a80 3926226455 C Ci:2:006:0 0 2 = 2e6f
ffff8e67f59f0a80 3926226570 S Co:2:006:0 s 40 b9 0000 0000 0004 4 = 09016601
ffff8e67f59f0a80 3926229139 C Co:2:006:0 0 4 >
ffff8e67f59f0a80 3926229296 S Ii:2:006:3 -115:1 3 <
ffff8e67f59f0a80 3926230520 C Ii:2:006:3 0:1 3 = 100000
ffff8e67f59f0a80 3926230598 S Ci:2:006:0 s c0 bc 0800 0016 0002 2 <
ffff8e67f59f0a80 3926233320 C Ci:2:006:0 0 2 = 0900
ffff8e67f59f0a80 3926233484 S Ci:2:006:0 s c0 bc 0900 001c 0002 2 <
ffff8e67f59f0a80 3926236049 C Ci:2:006:0 0 2 = 2e6f
ffff8e67f59f0a80 3926236126 S Ci:2:006:0 s c0 bc 0800 23be 0004 4 <
ffff8e67f59f0a80 3926238787 C Ci:2:006:0 0 4 = 0000b2e0
ffff8e67f59f0a80 3926238981 S Co:2:006:0 s 40 bc 0800 00c0 0004 4 = 9dcd6700
ffff8e67f59f0a80 3926241439 C Co:2:006:0 0 4 >
ffff8e67f59f0a80 3926241595 S Co:2:006:0 s 40 b9 0000 0000 0004 4 = 09006603
ffff8e67f59f0a80 3926244174 C Co:2:006:0 0 4 >
ffff8e67f59f0a80 3926244283 S Ii:2:006:3 -115:1 3 <
ffff8e67f59f0a80 3926245448 C Ii:2:006:3 0:1 3 = 100000
ffff8e67f59f0a80 3926245596 S Ci:2:006:0 s c0 bc 0800 0016 0002 2 <
ffff8e67f59f0a80 3926248336 C Ci:2:006:0 0 2 = 0900
ffff8e67f59f0a80 3926248471 S Ci:2:006:0 s c0 bc 0900 001c 0002 2 <
ffff8e67f59f0a80 3926251056 C Ci:2:006:0 0 2 = 2e6f
ffff8e67f59f0a80 3926251239 S Ci:2:006:0 s c0 bc 0800 23be 0002 2 <
ffff8e67f59f0a80 3926253728 C Ci:2:006:0 0 2 = 0000
ffff8e67f59f0a80 3926253881 S Co:2:006:0 s 40 bc 0900 0014 0002 2 = d39e
ffff8e67f59f0a80 3926256555 C Co:2:006:0 0 2 >
ffff8e67f59f0a80 3926256732 S Ci:2:006:0 s c0 bc 0900 001c 0002 2 <
ffff8e67f59f0a80 3926259319 C Ci:2:006:0 0 2 = 2e6f
ffff8e67f59f0a80 3926259408 S Co:2:006:0 s 40 b9 0000 0000 0004 4 = 09016601
ffff8e67f59f0a80 3926261961 C Co:2:006:0 0 4 >
ffff8e67f59f0a80 3926262095 S Ii:2:006:3 -115:1 3 <
ffff8e67f59f0a80 3926263334 C Ii:2:006:3 0:1 3 = 100000
ffff8e67f59f0a80 3926263463 S Ci:2:006:0 s c0 bc 0800 0016 0002 2 <
ffff8e67f59f0a80 3926266155 C Ci:2:006:0 0 2 = 0900
ffff8e67f59f0a80 3926266319 S Ci:2:006:0 s c0 bc 0900 001c 0002 2 <
ffff8e67f59f0a80 3926268871 C Ci:2:006:0 0 2 = 2e6f
ffff8e67f59f0a80 3926269018 S Ci:2:006:0 s c0 bc 0800 23be 0004 4 <
ffff8e67f59f0a80 3926271617 C Ci:2:006:0 0 4 = 0000b2e0
ffff8e67f59f0a80 3926271781 S Co:2:006:0 s 40 bc 0800 00c0 0004 4 = 9dcd6600
ffff8e67f59f0a80 3926274397 C Co:2:006:0 0 4 >
ffff8e67f59f0a80 3926274529 S Co:2:006:0 s 40 b9 0000 0000 0004 4 = 09006603
ffff8e67f59f0a80 3926277171 C Co:2:006:0 0 4 >
ffff8e67f59f0a80 3926277253 S Ii:2:006:3 -115:1 3 <
ffff8e67f59f0a80 3926278547 C Ii:2:006:3 0:1 3 = 100000
ffff8e67f59f0a80 3926278596 S Ci:2:006:0 s c0 bc 0800 0016 0002 2 <
ffff8e67f59f0a80 3926281275 C Ci:2:006:0 0 2 = 0900
ffff8e67f59f0a80 3926281436 S Ci:2:006:0 s c0 bc 0900 001c 0002 2 <
ffff8e67f59f0a80 3926283993 C Ci:2:006:0 0 2 = 2e6f
ffff8e67f59f0a80 3926284161 S Ci:2:006:0 s c0 bc 0800 23be 0002 2 <
ffff8e67f59f0a80 3926286795 C Ci:2:006:0 0 2 = 0000
ffff8e67f59f0a80 3926286969 S Co:2:006:0 s 40 bc 0900 0014 0002 2 = d39e
ffff8e67f59f0a80 3926289537 C Co:2:006:0 0 2 >
ffff8e67f59f0a80 3926289590 S Ci:2:006:0 s c0 bc 0900 001c 0002 2 <
ffff8e67f59f0a80 3926292327 C Ci:2:006:0 0 2 = 2e6f
ffff8e67f59f0a80 3926292485 S Co:2:006:0 s 40 b9 0000 0000 0004 4 = 09016601
ffff8e67f59f0a80 3926294988 C Co:2:006:0 0 4 >
ffff8e67f59f0a80 3926295132 S Ii:2:006:3 -115:1 3 <
ffff8e67f59f0a80 3926296384 C Ii:2:006:3 0:1 3 = 100000
ffff8e67f59f0a80 3926296480 S Ci:2:006:0 s c0 bc 0800 0016 0002 2 <
ffff8e67f59f0a80 3926299190 C Ci:2:006:0 0 2 = 0900
ffff8e67f59f0a80 3926299356 S Ci:2:006:0 s c0 bc 0900 001c 0002 2 <
ffff8e67f59f0a80 3926301859 C Ci:2:006:0 0 2 = 2e6f
ffff8e67f59f0a80 3926302056 S Ci:2:006:0 s c0 bc 0800 23be 0004 4 <
ffff8e67f59f0a80 3926304594 C Ci:2:006:0 0 4 = 0000b2e0
ffff8e67f59f0a80 3926304735 S Co:2:006:0 s 40 bc 0800 00c0 0004 4 = 9dcd6500
ffff8e67f59f0a80 3926307387 C Co:2:006:0 0 4 >
ffff8e67f59f0a80 3926307554 S Co:2:006:0 s 40 b9 0000 0000 0004 4 = 09006603
ffff8e67f59f0a80 3926310138 C Co:2:006:0 0 4 >
ffff8e67f59f0a80 3926310274 S Ii:2:006:3 -115:1 3 <
ffff8e67f59f0a80 3926311526 C Ii:2:006:3 0:1 3 = 100000
ffff8e67f59f0a80 3926311624 S Ci:2:006:0 s c0 bc 0800 0016 0002 2 <
ffff8e67f59f0a80 3926314278 C Ci:2:006:0 0 2 = 0900
ffff8e67f59f0a80 3926314397 S Ci:2:006:0 s c0 bc 0900 001c 0002 2 <
ffff8e67f59f0a80 3926317057 C Ci:2:006:0 0 2 = 2e6f
ffff8e67f59f0a80 3926317221 S Ci:2:006:0 s c0 bc 0800 23be 0002 2 <
ffff8e67f59f0a80 3926319774 C Ci:2:006:0 0 2 = 0000
ffff8e67f59f0a80 3926319953 S Co:2:006:0 s 40 bc 0900 0014 0002 2 = d39e
ffff8e67f59f0a80 3926322532 C Co:2:006:0 0 2 >
ffff8e67f59f0a80 3926322719 S Ci:2:006:0 s c0 bc 0900 001c 0002 2 <
ffff8e67f59f0a80 3926325314 C Ci:2:006:0 0 2 = 2e6f
ffff8e67f59f0a80 3926325360 S Co:2:006:0 s 40 b9 0000 0000 0004 4 = 09016601
ffff8e67f59f0a80 3926327994 C Co:2:006:0 0 4 >
ffff8e67f59f0a80 3926328160 S Ii:2:006:3 -115:1 3 <
ffff8e67f59f0a80 3926329270 C Ii:2:006:3 0:1 3 = 100000
ffff8e67f59f0a80 3926329438 S Ci:2:006:0 s c0 bc 0800 0016 0002 2 <
ffff8e67f59f0a80 3926332144 C Ci:2:006:0 0 2 = 0900
ffff8e67f59f0a80 3926332283 S Ci:2:006:0 s c0 bc 0900 001c 0002 2 <
ffff8e67f59f0a80 3926334886 C Ci:2:006:0 0 2 = 2e6f
ffff8e67f59f0a80 3926335158 S Ci:2:006:0 s c0 bc 0800 23be 0004 4 <
ffff8e67f59f0a80 3926337644 C Ci:2:006:0 0 4 = 0000b2e0
ffff8e67f59f0a80 3926337796 S Co:2:006:0 s 40 bc 0800 00c0 0004 4 = 9dcd6800
ffff8e67f59f0a80 3926340417 C Co:2:006:0 0 4 >
ffff8e67f59f0a80 3926340486 S Co:2:006:0 s 40 b9 0000 0000 0004 4 = 09006603
ffff8e67f59f0a80 3926343173 C Co:2:006:0 0 4 >
ffff8e67f59f0a80 3926343216 S Ii:2:006:3 -115:1 3 <
ffff8e67f59f0a80 3926344438 C Ii:2:006:3 0:1 3 = 100000
ffff8e67f59f0a80 3926344497 S Ci:2:006:0 s c0 bc 0800 0016 0002 2 <
ffff8e67f59f0a80 3926347326 C Ci:2:006:0 0 2 = 0900
ffff8e67f59f0a80 3926347410 S Ci:2:006:0 s c0 bc 0900 001c 0002 2 <
ffff8e67f59f0a80 3926350000 C Ci:2:006:0 0 2 = 2e6f
ffff8e67f59f0a80 3926350164 S Ci:2:006:0 s c0 bc 0800 23be 0002 2 <
ffff8e67f59f0a80 3926352768 C Ci:2:006:0 0 2 = 0000
ffff8e67f59f0a80 3926352951 S Co:2:006:0 s 40 bc 0900 0014 0002 2 = d39e
ffff8e67f59f0a80 3926355504 C Co:2:006:0 0 2 >
ffff8e67f59f0a80 3926355633 S Ci:2:006:0 s c0 bc 0900 001c 0002 2 <
ffff8e67f59f0a80 3926358313 C Ci:2:006:0 0 2 = 2e6f
ffff8e67f59f0a80 3926358457 S Co:2:006:0 s 40 b9 0000 0000 0004 4 = 09016601
ffff8e67f59f0a80 3926361050 C Co:2:006:0 0 4 >
ffff8e67f59f0a80 3926361160 S Ii:2:006:3 -115:1 3 <
ffff8e67f59f0a80 3926362296 C Ii:2:006:3 0:1 3 = 100000
ffff8e67f59f0a80 3926362380 S Ci:2:006:0 s c0 bc 0800 0016 0002 2 <
ffff8e67f59f0a80 3926365242 C Ci:2:006:0 0 2 = 0900
ffff8e67f59f0a80 3926365369 S Ci:2:006:0 s c0 bc 0900 001c 0002 2 <
ffff8e67f59f0a80 3926368054 C Ci:2:006:0 0 2 = 2e6f
ffff8e67f59f0a80 3926368133 S Ci:2:006:0 s c0 bc 0800 23be 0004 4 <
ffff8e67f59f0a80 3926370770 C Ci:2:006:0 0 4 = 0000b2e0
ffff8e67f59f0a80 3926371003 S Co:2:006:0 s 40 bc 0800 00c0 0004 4 = 9dcd6700
ffff8e67f59f0a80 3926373512 C Co:2:006:0 0 4 >
ffff8e67f59f0a80 3926373650 S Co:2:006:0 s 40 b9 0000 0000 0004 4 = 09006603
ffff8e67f59f0a80 3926376239 C Co:2:006:0 0 4 >
ffff8e67f59f0a80 3926376296 S Ii:2:006:3 -115:1 3 <
ffff8e67f59f0a80 3926377571 C Ii:2:006:3 0:1 3 = 100000
ffff8e67f59f0a80 3926377776 S Ci:2:006:0 s c0 bc 0800 0016 0002 2 <
ffff8e67f59f0a80 3926380438 C Ci:2:006:0 0 2 = 0900
ffff8e67f59f0a80 3926380601 S Ci:2:006:0 s c0 bc 0900 001c 0002 2 <
ffff8e67f59f0a80 3926383175 C Ci:2:006:0 0 2 = 2e6f
ffff8e67f59f0a80 3926383257 S Ci:2:006:0 s c0 bc 0800 23be 0002 2 <
ffff8e67f59f0a80 3926386009 C Ci:2:006:0 0 2 = 0000
ffff8e67f59f0a80 3926386183 S Co:2:006:0 s 40 bc 0900 0014 0002 2 = d39e
ffff8e67f59f0a80 3926388633 C Co:2:006:0 0 2 >
ffff8e67f59f0a80 3926388796 S Ci:2:006:0 s c0 bc 0900 001c 0002 2 <
ffff8e67f59f0a80 3926391398 C Ci:2:006:0 0 2 = 2e6f
ffff8e67f59f0a80 3926391562 S Co:2:006:0 s 40 b9 0000 0000 0004 4 = 09016601
ffff8e67f59f0a80 3926394075 C Co:2:006:0 0 4 >
ffff8e67f59f0a80 3926394190 S Ii:2:006:3 -115:1 3 <
ffff8e67f59f0a80 3926395462 C Ii:2:006:3 0:1 3 = 100000
ffff8e67f59f0a80 3926395614 S Ci:2:006:0 s c0 bc 0800 0016 0002 2 <
ffff8e67f59f0a80 3926398341 C Ci:2:006:0 0 2 = 0900
ffff8e67f59f0a80 3926398445 S Ci:2:006:0 s c0 bc 0900 001c 0002 2 <
ffff8e67f59f0a80 3926401033 C Ci:2:006:0 0 2 = 2e6f
ffff8e67f59f0a80 3926401202 S Ci:2:006:0 s c0 bc 0800 23be 0004 4 <
ffff8e67f59f0a80 3926403722 C Ci:2:006:0 0 4 = 0000b2e0
ffff8e67f59f0a80 3926403874 S Co:2:006:0 s 40 bc 0800 00c0 0002 2 = b2cc
ffff8e67f59f0a80 3926406537 C Co:2:006:0 0 2 >
ffff8e67f59f0a80 3926406715 S Co:2:006:0 s 40 b9 0000 0000 0004 4 = 09009c02
ffff8e67f59f0a80 3926409350 C Co:2:006:0 0 4 >
ffff8e67f59f0a80 3926409516 S Ii:2:006:3 -115:1 3 <
ffff8e67f59f0a80 3926410717 C Ii:2:006:3 0:1 3 = 100000
ffff8e67f59f0a80 3926410796 S Ci:2:006:0 s c0 bc 0800 0016 0002 2 <
ffff8e67f59f0a80 3926413438 C Ci:2:006:0 0 2 = 0900
ffff8e67f59f0a80 3926413572 S Ci:2:006:0 s c0 bc 0900 001c 0002 2 <
ffff8e67f59f0a80 3926416185 C Ci:2:006:0 0 2 = 2e6f
ffff8e67f59f0a80 3926416274 S Ci:2:006:0 s c0 bc 0800 23be 0002 2 <
ffff8e67f59f0a80 3926418845 C Ci:2:006:0 0 2 = 0000
ffff8e67f59f0a80 3926419045 S Co:2:006:0 s 40 bc 0900 0014 0002 2 = d39e
ffff8e67f59f0a80 3926421641 C Co:2:006:0 0 2 >
ffff8e67f59f0a80 3926421806 S Ci:2:006:0 s c0 bc 0900 001c 0002 2 <
ffff8e67f59f0a80 3926424458 C Ci:2:006:0 0 2 = 2e6f
ffff8e67f59f0a80 3926424509 S Co:2:006:0 s 40 bc 0800 00c0 0002 2 = b5cc
ffff8e67f59f0a80 3926427123 C Co:2:006:0 0 2 >
ffff8e67f59f0a80 3926427289 S Co:2:006:0 s 40 b9 0000 0000 0004 4 = 09009c02
ffff8e67f59f0a80 3926429845 C Co:2:006:0 0 4 >
ffff8e67f59f0a80 3926430040 S Ii:2:006:3 -115:1 3 <
ffff8e67f59f0a80 3926431213 C Ii:2:006:3 0:1 3 = 100000
ffff8e67f59f0a80 3926431317 S Ci:2:006:0 s c0 bc 0800 0016 0002 2 <
ffff8e67f59f0a80 3926434026 C Ci:2:006:0 0 2 = 0900
ffff8e67f59f0a80 3926434196 S Ci:2:006:0 s c0 bc 0900 001c 0002 2 <
ffff8e67f59f0a80 3926436764 C Ci:2:006:0 0 2 = 2e6f
ffff8e67f59f0a80 3926436827 S Ci:2:006:0 s c0 bc 0800 23be 0002 2 <
ffff8e67f59f0a80 3926439530 C Ci:2:006:0 0 2 = 0000
ffff8e67f59f0a80 3926439709 S Co:2:006:0 s 40 bc 0900 0014 0002 2 = d39e
ffff8e67f59f0a80 3926442284 C Co:2:006:0 0 2 >
ffff8e67f59f0a80 3926442367 S Ci:2:006:0 s c0 bc 0900 001c 0002 2 <
ffff8e67f59f0a80 3926444985 C Ci:2:006:0 0 2 = 2e6f
ffff8e67f59f0a80 3926445075 S Co:2:006:0 s 40 bc 0800 00c0 0002 2 = 0324
ffff8e67f59f0a80 3926447884 C Co:2:006:0 0 2 >
ffff8e67f59f0a80 3926448054 S Co:2:006:0 s 40 b9 0000 0000 0004 4 = 09009c02
ffff8e67f59f0a80 3926450494 C Co:2:006:0 0 4 >
ffff8e67f59f0a80 3926450631 S Ii:2:006:3 -115:1 3 <
ffff8e67f59f0a80 3926451979 C Ii:2:006:3 0:1 3 = 100000
ffff8e67f59f0a80 3926452061 S Ci:2:006:0 s c0 bc 0800 0016 0002 2 <
ffff8e67f59f0a80 3926454597 C Ci:2:006:0 0 2 = 0900
ffff8e67f59f0a80 3926454738 S Ci:2:006:0 s c0 bc 0900 001c 0002 2 <
ffff8e67f59f0a80 3926457408 C Ci:2:006:0 0 2 = 2e6f
ffff8e67f59f0a80 3926457577 S Ci:2:006:0 s c0 bc 0800 23be 0002 2 <
ffff8e67f59f0a80 3926460178 C Ci:2:006:0 0 2 = 0000
ffff8e67f59f0a80 3926460317 S Co:2:006:0 s 40 bc 0900 0014 0002 2 = d39e
ffff8e67f59f0a80 3926462911 C Co:2:006:0 0 2 >
ffff8e67f59f0a80 3926462998 S Ci:2:006:0 s c0 bc 0900 001c 0002 2 <
ffff8e67f59f0a80 3926465623 C Ci:2:006:0 0 2 = 2e6f
ffff8e67f59f0a80 3926465766 S Co:2:006:0 s 40 bc 0800 00c0 0002 2 = 05f4
ffff8e67f59f0a80 3926468438 C Co:2:006:0 0 2 >
ffff8e67f59f0a80 3926468489 S Co:2:006:0 s 40 b9 0000 0000 0004 4 = 09009c02
ffff8e67f59f0a80 3926471109 C Co:2:006:0 0 4 >
ffff8e67f59f0a80 3926471291 S Ii:2:006:3 -115:1 3 <
ffff8e67f59f0a80 3926472449 C Ii:2:006:3 0:1 3 = 100000
ffff8e67f59f0a80 3926472563 S Ci:2:006:0 s c0 bc 0800 0016 0002 2 <
ffff8e67f59f0a80 3926475114 C Ci:2:006:0 0 2 = 0900
ffff8e67f59f0a80 3926475246 S Ci:2:006:0 s c0 bc 0900 001c 0002 2 <
ffff8e67f59f0a80 3926477912 C Ci:2:006:0 0 2 = 2e6f
ffff8e67f59f0a80 3926478063 S Ci:2:006:0 s c0 bc 0800 23be 0002 2 <
ffff8e67f59f0a80 3926480613 C Ci:2:006:0 0 2 = 0000
ffff8e67f59f0a80 3926480753 S Co:2:006:0 s 40 bc 0900 0014 0002 2 = d39e
ffff8e67f59f0a80 3926483422 C Co:2:006:0 0 2 >
ffff8e67f59f0a80 3926483560 S Ci:2:006:0 s c0 bc 0900 001c 0002 2 <
ffff8e67f59f0a80 3926486107 C Ci:2:006:0 0 2 = 2e6f
ffff8e67f59f0a80 3926486264 S Co:2:006:0 s 40 bc 0800 00c0 0002 2 = 06fc
ffff8e67f59f0a80 3926488879 C Co:2:006:0 0 2 >
ffff8e67c4a97f00 3926489219 S Co:2:006:0 s 40 b9 0000 0000 0004 4 = 09009c02
ffff8e67c4a97f00 3926491585 C Co:2:006:0 0 4 >
ffff8e67c4a97f00 3926491627 S Ii:2:006:3 -115:1 3 <
ffff8e67c4a97f00 3926492944 C Ii:2:006:3 0:1 3 = 100000
ffff8e67c4a97f00 3926492983 S Ci:2:006:0 s c0 bc 0800 0016 0002 2 <
ffff8e67c4a97f00 3926495836 C Ci:2:006:0 0 2 = 0900
ffff8e67c4a97f00 3926495869 S Ci:2:006:0 s c0 bc 0900 001c 0002 2 <
ffff8e67c4a97f00 3926498482 C Ci:2:006:0 0 2 = 2e6f
ffff8e67c26db540 3926498643 S Ci:2:006:0 s c0 bc 0800 23be 0002 2 <
ffff8e67c26db540 3926501291 C Ci:2:006:0 0 2 = 0000
ffff8e67c26db540 3926501438 S Co:2:006:0 s 40 bc 0900 0014 0002 2 = d39e
ffff8e67c26db540 3926504046 C Co:2:006:0 0 2 >
ffff8e67c26db540 3926504102 S Ci:2:006:0 s c0 bc 0900 001c 0002 2 <
ffff8e67c26db540 3926506780 C Ci:2:006:0 0 2 = 2e6f
ffff8e67c26db540 3926506958 S Co:2:006:0 s 40 bc 0800 00c0 0002 2 = 07ac
ffff8e67c26db540 3926509421 C Co:2:006:0 0 2 >
ffff8e67c26db540 3926509465 S Co:2:006:0 s 40 b9 0000 0000 0004 4 = 09009c02
ffff8e67c26db540 3926512083 C Co:2:006:0 0 4 >
ffff8e67c26db540 3926512172 S Ii:2:006:3 -115:1 3 <
ffff8e67c26db540 3926513441 C Ii:2:006:3 0:1 3 = 100000
ffff8e67c26db540 3926513583 S Ci:2:006:0 s c0 bc 0800 0016 0002 2 <
ffff8e67c26db540 3926516270 C Ci:2:006:0 0 2 = 0900
ffff8e67c26db540 3926516376 S Ci:2:006:0 s c0 bc 0900 001c 0002 2 <
ffff8e67c26db540 3926519067 C Ci:2:006:0 0 2 = 2e6f
ffff8e67c26db540 3926519136 S Ci:2:006:0 s c0 bc 0800 23be 0002 2 <
ffff8e67c26db540 3926521734 C Ci:2:006:0 0 2 = 0000
ffff8e67c26db540 3926521920 S Co:2:006:0 s 40 bc 0900 0014 0002 2 = d39e
ffff8e67c26db540 3926524401 C Co:2:006:0 0 2 >
ffff8e67c26db540 3926524504 S Ci:2:006:0 s c0 bc 0900 001c 0002 2 <
ffff8e67c26db540 3926527207 C Ci:2:006:0 0 2 = 2e6f
ffff8e67c26db540 3926527294 S Co:2:006:0 s 40 bc 0800 00c0 0002 2 = 1ecc
ffff8e67c26db540 3926529788 C Co:2:006:0 0 2 >
ffff8e67c26db540 3926529923 S Co:2:006:0 s 40 b9 0000 0000 0004 4 = 09009c02
ffff8e67c26db540 3926532616 C Co:2:006:0 0 4 >
ffff8e67c26db540 3926532734 S Ii:2:006:3 -115:1 3 <
ffff8e67c26db540 3926534004 C Ii:2:006:3 0:1 3 = 100000
ffff8e67c26db540 3926534082 S Ci:2:006:0 s c0 bc 0800 0016 0002 2 <
ffff8e67c26db540 3926536756 C Ci:2:006:0 0 2 = 0900
ffff8e67c26db540 3926536896 S Ci:2:006:0 s c0 bc 0900 001c 0002 2 <
ffff8e67c26db540 3926539511 C Ci:2:006:0 0 2 = 2e6f
ffff8e67c26db540 3926539642 S Ci:2:006:0 s c0 bc 0800 23be 0002 2 <
ffff8e67c26db540 3926542337 C Ci:2:006:0 0 2 = 0000
ffff8e67c26db540 3926542506 S Co:2:006:0 s 40 bc 0900 0014 0002 2 = d39e
ffff8e67c26db540 3926545059 C Co:2:006:0 0 2 >
ffff8e67c26db540 3926545177 S Ci:2:006:0 s c0 bc 0900 001c 0002 2 <
ffff8e67c26db540 3926547798 C Ci:2:006:0 0 2 = 2e6f
ffff8e67c26db540 3926547941 S Co:2:006:0 s 40 bc 0800 00c0 0002 2 = 1fcc
ffff8e67c26db540 3926550589 C Co:2:006:0 0 2 >
ffff8e67c26db540 3926550771 S Co:2:006:0 s 40 b9 0000 0000 0004 4 = 09009c02
ffff8e67c26db540 3926553278 C Co:2:006:0 0 4 >
ffff8e67c26db540 3926553435 S Ii:2:006:3 -115:1 3 <
ffff8e67c26db540 3926554623 C Ii:2:006:3 0:1 3 = 100000
ffff8e67c26db540 3926554711 S Ci:2:006:0 s c0 bc 0800 0016 0002 2 <
ffff8e67c26db540 3926557306 C Ci:2:006:0 0 2 = 0900
ffff8e67c26db540 3926557448 S Ci:2:006:0 s c0 bc 0900 001c 0002 2 <
ffff8e67c26db540 3926559906 C Ci:2:006:0 0 2 = 2e6f
ffff8e67c26db540 3926559989 S Ci:2:006:0 s c0 bc 0800 23be 0002 2 <
ffff8e67c26db540 3926562584 C Ci:2:006:0 0 2 = 0000
ffff8e67c26db540 3926562747 S Co:2:006:0 s 40 bc 0900 0014 0002 2 = d39e
ffff8e67c26db540 3926565412 C Co:2:006:0 0 2 >
ffff8e67c26db540 3926565508 S Ci:2:006:0 s c0 bc 0900 001c 0002 2 <
ffff8e67c26db540 3926568217 C Ci:2:006:0 0 2 = 2e6f
ffff8e67c26db540 3926568503 S Co:2:006:0 s 40 bc 0800 00c0 0002 2 = 0145
ffff8e67c26db540 3926570840 C Co:2:006:0 0 2 >
ffff8e67c26db540 3926570966 S Co:2:006:0 s 40 b9 0000 0000 0004 4 = 09009c02
ffff8e67c26db540 3926573423 C Co:2:006:0 0 4 >
ffff8e67c26db540 3926573569 S Ii:2:006:3 -115:1 3 <
ffff8e67c26db540 3926574634 C Ii:2:006:3 0:1 3 = 100000
ffff8e67c26db540 3926574740 S Ci:2:006:0 s c0 bc 0800 0016 0002 2 <
ffff8e67c26db540 3926577465 C Ci:2:006:0 0 2 = 0900
ffff8e67c26db540 3926577641 S Ci:2:006:0 s c0 bc 0900 001c 0002 2 <
ffff8e67c26db540 3926580116 C Ci:2:006:0 0 2 = 2e6f
ffff8e67c26db540 3926580209 S Ci:2:006:0 s c0 bc 0800 23be 0002 2 <
ffff8e67c26db540 3926582693 C Ci:2:006:0 0 2 = 0000
ffff8e67c26db540 3926582874 S Co:2:006:0 s 40 bc 0900 0014 0002 2 = d39e
ffff8e67c26db540 3926585298 C Co:2:006:0 0 2 >
ffff8e67c26db540 3926585480 S Ci:2:006:0 s c0 bc 0900 001c 0002 2 <
ffff8e67c26db540 3926587963 C Ci:2:006:0 0 2 = 2e6f
ffff8e67c26db540 3926588099 S Co:2:006:0 s 40 bc 0800 00c0 0002 2 = 02bc
ffff8e67c26db540 3926590571 C Co:2:006:0 0 2 >
ffff8e67c26db540 3926590710 S Co:2:006:0 s 40 b9 0000 0000 0004 4 = 09009c02
ffff8e67c26db540 3926593227 C Co:2:006:0 0 4 >
ffff8e67c26db540 3926593402 S Ii:2:006:3 -115:1 3 <
ffff8e67c26db540 3926594529 C Ii:2:006:3 0:1 3 = 100000
ffff8e67c26db540 3926594635 S Ci:2:006:0 s c0 bc 0800 0016 0002 2 <
ffff8e67c26db540 3926597409 C Ci:2:006:0 0 2 = 0900
ffff8e67c26db540 3926597603 S Ci:2:006:0 s c0 bc 0900 001c 0002 2 <
ffff8e67c26db540 3926600113 C Ci:2:006:0 0 2 = 2e6f
ffff8e67c26db540 3926600154 S Ci:2:006:0 s c0 bc 0800 23be 0002 2 <
ffff8e67c26db540 3926602850 C Ci:2:006:0 0 2 = 0000
ffff8e67c26db540 3926603087 S Co:2:006:0 s 40 bc 0900 0014 0002 2 = d39e
ffff8e67c26db540 3926605615 C Co:2:006:0 0 2 >
ffff8e67c26db540 3926605720 S Ci:2:006:0 s c0 bc 0900 001c 0002 2 <
ffff8e67c26db540 3926608165 C Ci:2:006:0 0 2 = 2e6f
ffff8e67c26db540 3926608212 S Co:2:006:0 s 40 bc 0800 00c0 0004 4 = 9dcd2f00
ffff8e67c26db540 3926611082 C Co:2:006:0 0 4 >
ffff8e67c26db540 3926611253 S Co:2:006:0 s 40 b9 0000 0000 0004 4 = 09006603
ffff8e67c26db540 3926613966 C Co:2:006:0 0 4 >
ffff8e67c26db540 3926614111 S Ii:2:006:3 -115:1 3 <
ffff8e67c26db540 3926615284 C Ii:2:006:3 0:1 3 = 100000
ffff8e67c26db540 3926615465 S Ci:2:006:0 s c0 bc 0800 0016 0002 2 <
ffff8e67c26db540 3926617997 C Ci:2:006:0 0 2 = 0900
ffff8e67c26db540 3926618163 S Ci:2:006:0 s c0 bc 0900 001c 0002 2 <
ffff8e67c26db540 3926620769 C Ci:2:006:0 0 2 = 2e6f
ffff8e67c26db540 3926620906 S Ci:2:006:0 s c0 bc 0800 23be 0002 2 <
ffff8e67c26db540 3926623426 C Ci:2:006:0 0 2 = 0000
ffff8e67c26db540 3926623536 S Co:2:006:0 s 40 bc 0900 0014 0002 2 = d39e
ffff8e67c26db540 3926626125 C Co:2:006:0 0 2 >
ffff8e67c26db540 3926626275 S Ci:2:006:0 s c0 bc 0900 001c 0002 2 <
ffff8e67c26db540 3926628893 C Ci:2:006:0 0 2 = 2e6f
ffff8e67c26db540 3926629094 S Co:2:006:0 s 40 b9 0000 0000 0004 4 = 09016601
ffff8e67c26db540 3926631563 C Co:2:006:0 0 4 >
ffff8e67c26db540 3926631865 S Ii:2:006:3 -115:1 3 <
ffff8e67c26db540 3926632976 C Ii:2:006:3 0:1 3 = 100000
ffff8e67c26db540 3926633170 S Ci:2:006:0 s c0 bc 0800 0016 0002 2 <
ffff8e67c26db540 3926635849 C Ci:2:006:0 0 2 = 0900
ffff8e67c26db540 3926636001 S Ci:2:006:0 s c0 bc 0900 001c 0002 2 <
ffff8e67c26db540 3926638681 C Ci:2:006:0 0 2 = 2e6f
ffff8e67c26db540 3926638822 S Ci:2:006:0 s c0 bc 0800 23be 0004 4 <
ffff8e67c26db540 3926641425 C Ci:2:006:0 0 4 = 00000ae0
ffff8e67c26db540 3926641592 S Co:2:006:0 s 40 bc 0800 00c0 0002 2 = 1071
ffff8e67c26db540 3926644190 C Co:2:006:0 0 2 >
ffff8e67c26db540 3926644297 S Co:2:006:0 s 40 b9 0000 0000 0004 4 = 09009c02
ffff8e67c26db540 3926646845 C Co:2:006:0 0 4 >
ffff8e67c26db540 3926647036 S Ii:2:006:3 -115:1 3 <
ffff8e67c26db540 3926648158 C Ii:2:006:3 0:1 3 = 100000
ffff8e67c26db540 3926648294 S Ci:2:006:0 s c0 bc 0800 0016 0002 2 <
ffff8e67c26db540 3926651028 C Ci:2:006:0 0 2 = 0900
ffff8e67c26db540 3926651191 S Ci:2:006:0 s c0 bc 0900 001c 0002 2 <
ffff8e67c26db540 3926653781 C Ci:2:006:0 0 2 = 2e6f
ffff8e67c26db540 3926653925 S Ci:2:006:0 s c0 bc 0800 23be 0002 2 <
ffff8e67c26db540 3926656466 C Ci:2:006:0 0 2 = 0000
ffff8e67c26db540 3926656614 S Co:2:006:0 s 40 bc 0900 0014 0002 2 = d39e
ffff8e67c26db540 3926659281 C Co:2:006:0 0 2 >
ffff8e67c26db540 3926659398 S Ci:2:006:0 s c0 bc 0900 001c 0002 2 <
ffff8e67c26db540 3926662065 C Ci:2:006:0 0 2 = 2e6f
ffff8e67c26db540 3926662235 S Co:2:006:0 s 40 bc 0800 00c0 0004 4 = 9dcd3000
ffff8e67c26db540 3926664766 C Co:2:006:0 0 4 >
ffff8e67c26db540 3926664936 S Co:2:006:0 s 40 b9 0000 0000 0004 4 = 09006603
ffff8e67c26db540 3926667396 C Co:2:006:0 0 4 >
ffff8e67c26db540 3926667509 S Ii:2:006:3 -115:1 3 <
ffff8e67c26db540 3926668793 C Ii:2:006:3 0:1 3 = 100000
ffff8e67c26db540 3926668966 S Ci:2:006:0 s c0 bc 0800 0016 0002 2 <
ffff8e67c26db540 3926671592 C Ci:2:006:0 0 2 = 0900
ffff8e67c26db540 3926671843 S Ci:2:006:0 s c0 bc 0900 001c 0002 2 <
ffff8e67c26db540 3926674393 C Ci:2:006:0 0 2 = 2e6f
ffff8e67c26db540 3926674531 S Ci:2:006:0 s c0 bc 0800 23be 0002 2 <
ffff8e67c26db540 3926677146 C Ci:2:006:0 0 2 = 0000
ffff8e67c26db540 3926677284 S Co:2:006:0 s 40 bc 0900 0014 0002 2 = d39e
ffff8e67c26db540 3926679804 C Co:2:006:0 0 2 >
ffff8e67c26db540 3926679883 S Ci:2:006:0 s c0 bc 0900 001c 0002 2 <
ffff8e67c26db540 3926682537 C Ci:2:006:0 0 2 = 2e6f
ffff8e67c26db540 3926682682 S Co:2:006:0 s 40 b9 0000 0000 0004 4 = 09016601
ffff8e67c26db540 3926685238 C Co:2:006:0 0 4 >
ffff8e67c26db540 3926685332 S Ii:2:006:3 -115:1 3 <
ffff8e67c26db540 3926686495 C Ii:2:006:3 0:1 3 = 100000
ffff8e67c26db540 3926686594 S Ci:2:006:0 s c0 bc 0800 0016 0002 2 <
ffff8e67c26db540 3926689329 C Ci:2:006:0 0 2 = 0900
ffff8e67c26db540 3926689455 S Ci:2:006:0 s c0 bc 0900 001c 0002 2 <
ffff8e67c26db540 3926692126 C Ci:2:006:0 0 2 = 2e6f
ffff8e67c26db540 3926692220 S Ci:2:006:0 s c0 bc 0800 23be 0004 4 <
ffff8e67c26db540 3926694813 C Ci:2:006:0 0 4 = 0000bae0
ffff8e67c26db540 3926694957 S Co:2:006:0 s 40 bc 0800 00c0 0002 2 = 0fe4
ffff8e67c26db540 3926697415 C Co:2:006:0 0 2 >
ffff8e67c26db540 3926697544 S Co:2:006:0 s 40 b9 0000 0000 0004 4 = 09009c02
ffff8e67c26db540 3926700184 C Co:2:006:0 0 4 >
ffff8e67c26db540 3926700271 S Ii:2:006:3 -115:1 3 <
ffff8e67c26db540 3926701564 C Ii:2:006:3 0:1 3 = 100000
ffff8e67c26db540 3926701693 S Ci:2:006:0 s c0 bc 0800 0016 0002 2 <
ffff8e67c26db540 3926704321 C Ci:2:006:0 0 2 = 0900
ffff8e67c26db540 3926706115 S Ci:2:006:0 s c0 bc 0900 001c 0002 2 <
ffff8e67c26db540 3926706926 C Ci:2:006:0 0 2 = 2e6f
