ffff8e67c26db540 3926706976 S Ci:2:006:0 s c0 bc 0800 23be 0002 2 <
ffff8e67c26db540 3926709548 C Ci:2:006:0 0 2 = 0000
ffff8e67c26db540 3926709605 S Co:2:006:0 s 40 bc 0900 0014 0002 2 = d39e
ffff8e67c26db540 3926712111 C Co:2:006:0 0 2 >
ffff8e67c26db540 3926712260 S Ci:2:006:0 s c0 bc 0900 001c 0002 2 <
ffff8e67c26db540 3926714762 C Ci:2:006:0 0 2 = 2e6f
ffff8e67c26db540 3926714820 S Co:2:006:0 s 40 bc 0800 00c0 0002 2 = 12c8
ffff8e67c26db540 3926717395 C Co:2:006:0 0 2 >
ffff8e67c26db540 3926717447 S Co:2:006:0 s 40 b9 0000 0000 0004 4 = 09009c02
ffff8e67c26db540 3926720010 C Co:2:006:0 0 4 >
ffff8e67c26db540 3926720084 S Ii:2:006:3 -115:1 3 <
ffff8e67c26db540 3926721256 C Ii:2:006:3 0:1 3 = 100000
ffff8e67c26db540 3926721305 S Ci:2:006:0 s c0 bc 0800 0016 0002 2 <
ffff8e67c26db540 3926723920 C Ci:2:006:0 0 2 = 0900
ffff8e67c26db540 3926724116 S Ci:2:006:0 s c0 bc 0900 001c 0002 2 <
ffff8e67c26db540 3926726490 C Ci:2:006:0 0 2 = 2e6f
ffff8e67c26db540 3926726546 S Ci:2:006:0 s c0 bc 0800 23be 0002 2 <
ffff8e67c26db540 3926729105 C Ci:2:006:0 0 2 = 0000
ffff8e67c26db540 3926729169 S Co:2:006:0 s 40 bc 0900 0014 0002 2 = d39e
ffff8e67c26db540 3926731742 C Co:2:006:0 0 2 >
ffff8e67c26db540 3926731849 S Ci:2:006:0 s c0 bc 0900 001c 0002 2 <
ffff8e67c26db540 3926734387 C Ci:2:006:0 0 2 = 2e6f
ffff8e67c26db540 3926734491 S Co:2:006:0 s 40 bc 0800 00c0 0004 4 = 9dcd2800
ffff8e67c26db540 3926737173 C Co:2:006:0 0 4 >
ffff8e67c26db540 3926737272 S Co:2:006:0 s 40 b9 0000 0000 0004 4 = 09006603
ffff8e67c26db540 3926739899 C Co:2:006:0 0 4 >
ffff8e67c26db540 3926739979 S Ii:2:006:3 -115:1 3 <
ffff8e67c26db540 3926741263 C Ii:2:006:3 0:1 3 = 100000
ffff8e67c26db540 3926741358 S Ci:2:006:0 s c0 bc 0800 0016 0002 2 <
ffff8e67c26db540 3926743981 C Ci:2:006:0 0 2 = 0900
ffff8e67c26db540 3926745293 S Ci:2:006:0 s c0 bc 0900 001c 0002 2 <
ffff8e67c26db540 3926746678 C Ci:2:006:0 0 2 = 2e6f
ffff8e67c26db540 3926746789 S Ci:2:006:0 s c0 bc 0800 23be 0002 2 <
ffff8e67c26db540 3926749310 C Ci:2:006:0 0 2 = 0000
ffff8e67c26db540 3926749388 S Co:2:006:0 s 40 bc 0900 0014 0002 2 = d39e
ffff8e67c26db540 3926752054 C Co:2:006:0 0 2 >
ffff8e67c26db540 3926752178 S Ci:2:006:0 s c0 bc 0900 001c 0002 2 <
ffff8e67c26db540 3926754745 C Ci:2:006:0 0 2 = 2e6f
ffff8e67c26db540 3926754866 S Co:2:006:0 s 40 b9 0000 0000 0004 4 = 09016601
ffff8e67c26db540 3926757370 C Co:2:006:0 0 4 >
ffff8e67c26db540 3926757448 S Ii:2:006:3 -115:1 3 <
ffff8e67c26db540 3926758704 C Ii:2:006:3 0:1 3 = 100000
ffff8e67c26db540 3926758805 S Ci:2:006:0 s c0 bc 0800 0016 0002 2 <
ffff8e67c26db540 3926761395 C Ci:2:006:0 0 2 = 0900
ffff8e67c26db540 3926761514 S Ci:2:006:0 s c0 bc 0900 001c 0002 2 <
ffff8e67c26db540 3926764064 C Ci:2:006:0 0 2 = 2e6f
ffff8e67c26db540 3926764142 S Ci:2:006:0 s c0 bc 0800 23be 0004 4 <
ffff8e67c26db540 3926766744 C Ci:2:006:0 0 4 = 0000b2e0
ffff8e67c26db540 3926766871 S Co:2:006:0 s 40 bc 0800 00c0 0002 2 = 17ce
ffff8e67c26db540 3926769362 C Co:2:006:0 0 2 >
ffff8e67c26db540 3926769465 S Co:2:006:0 s 40 b9 0000 0000 0004 4 = 09009c02
ffff8e67c26db540 3926772035 C Co:2:006:0 0 4 >
ffff8e67c26db540 3926772113 S Ii:2:006:3 -115:1 3 <
ffff8e67c26db540 3926773421 C Ii:2:006:3 0:1 3 = 100000
ffff8e67c26db540 3926773519 S Ci:2:006:0 s c0 bc 0800 0016 0002 2 <
ffff8e67c26db540 3926776110 C Ci:2:006:0 0 2 = 0900
ffff8e67c26db540 3926776220 S Ci:2:006:0 s c0 bc 0900 001c 0002 2 <
ffff8e67c26db540 3926778765 C Ci:2:006:0 0 2 = 2e6f
ffff8e67c26db540 3926778863 S Ci:2:006:0 s c0 bc 0800 23be 0002 2 <
ffff8e67c26db540 3926781302 C Ci:2:006:0 0 2 = 0000
ffff8e67c26db540 3926781406 S Co:2:006:0 s 40 bc 0900 0014 0002 2 = d39e
ffff8e67c26db540 3926783875 C Co:2:006:0 0 2 >
ffff8e67c26db540 3926784026 S Ci:2:006:0 s c0 bc 0900 001c 0002 2 <
ffff8e67c26db540 3926786669 C Ci:2:006:0 0 2 = 2e6f
ffff8e67c26db540 3926786789 S Co:2:006:0 s 40 bc 0800 00c0 0002 2 = 12cc
ffff8e67c26db540 3926789308 C Co:2:006:0 0 2 >
ffff8e67c26db540 3926789413 S Co:2:006:0 s 40 b9 0000 0000 0004 4 = 09009c02
ffff8e67c26db540 3926792003 C Co:2:006:0 0 4 >
ffff8e67c26db540 3926792142 S Ii:2:006:3 -115:1 3 <
ffff8e67c26db540 3926793380 C Ii:2:006:3 0:1 3 = 100000
ffff8e67c26db540 3926793475 S Ci:2:006:0 s c0 bc 0800 0016 0002 2 <
ffff8e67c26db540 3926796158 C Ci:2:006:0 0 2 = 0900
ffff8e67c26db540 3926796237 S Ci:2:006:0 s c0 bc 0900 001c 0002 2 <
ffff8e67c26db540 3926798931 C Ci:2:006:0 0 2 = 2e6f
ffff8e67c26db540 3926799057 S Ci:2:006:0 s c0 bc 0800 23be 0002 2 <
ffff8e67c26db540 3926801655 C Ci:2:006:0 0 2 = 0000
ffff8e67c26db540 3926801707 S Co:2:006:0 s 40 bc 0900 0014 0002 2 = d39e
ffff8e67c26db540 3926804333 C Co:2:006:0 0 2 >
ffff8e67c26db540 3926804436 S Ci:2:006:0 s c0 bc 0900 001c 0002 2 <
ffff8e67c26db540 3926806954 C Ci:2:006:0 0 2 = 2e6f
ffff8e67c26db540 3926807081 S Co:2:006:0 s 40 bc 0800 00c0 0002 2 = 13d8
ffff8e67c26db540 3926809535 C Co:2:006:0 0 2 >
ffff8e67c26db540 3926809651 S Co:2:006:0 s 40 b9 0000 0000 0004 4 = 09009c02
ffff8e67c26db540 3926812179 C Co:2:006:0 0 4 >
ffff8e67c26db540 3926812262 S Ii:2:006:3 -115:1 3 <
ffff8e67c26db540 3926813503 C Ii:2:006:3 0:1 3 = 100000
ffff8e67c26db540 3926813601 S Ci:2:006:0 s c0 bc 0800 0016 0002 2 <
ffff8e67c26db540 3926816331 C Ci:2:006:0 0 2 = 0900
ffff8e67c26db540 3926816436 S Ci:2:006:0 s c0 bc 0900 001c 0002 2 <
ffff8e67c26db540 3926819046 C Ci:2:006:0 0 2 = 2e6f
ffff8e67c26db540 3926819120 S Ci:2:006:0 s c0 bc 0800 23be 0002 2 <
ffff8e67c26db540 3926821691 C Ci:2:006:0 0 2 = 0000
ffff8e67c26db540 3926821815 S Co:2:006:0 s 40 bc 0900 0014 0002 2 = d39e
ffff8e67c26db540 3926824189 C Co:2:006:0 0 2 >
ffff8e67c26db540 3926824315 S Ci:2:006:0 s c0 bc 0900 001c 0002 2 <
ffff8e67c26db540 3926826822 C Ci:2:006:0 0 2 = 2e6f
ffff8e67c26db540 3926826910 S Co:2:006:0 s 40 bc 0800 00c0 0002 2 = 0b4c
ffff8e67c26db540 3926829540 C Co:2:006:0 0 2 >
ffff8e67c26db540 3926829664 S Co:2:006:0 s 40 b9 0000 0000 0004 4 = 09009c02
ffff8e67c26db540 3926832145 C Co:2:006:0 0 4 >
ffff8e67c26db540 3926832212 S Ii:2:006:3 -115:1 3 <
ffff8e67c26db540 3926833525 C Ii:2:006:3 0:1 3 = 100000
ffff8e67c26db540 3926833652 S Ci:2:006:0 s c0 bc 0800 0016 0002 2 <
ffff8e67c26db540 3926836294 C Ci:2:006:0 0 2 = 0900
ffff8e67c26db540 3926836374 S Ci:2:006:0 s c0 bc 0900 001c 0002 2 <
ffff8e67c26db540 3926839020 C Ci:2:006:0 0 2 = 2e6f
ffff8e67c26db540 3926839123 S Ci:2:006:0 s c0 bc 0800 23be 0002 2 <
ffff8e67c26db540 3926841778 C Ci:2:006:0 0 2 = 0000
ffff8e67c26db540 3926841888 S Co:2:006:0 s 40 bc 0900 0014 0002 2 = d39e
ffff8e67c26db540 3926844389 C Co:2:006:0 0 2 >
ffff8e67c26db540 3926844469 S Ci:2:006:0 s c0 bc 0900 001c 0002 2 <
ffff8e67c26db540 3926847080 C Ci:2:006:0 0 2 = 2e6f
ffff8e67c26db540 3926847205 S Co:2:006:0 s 40 bc 0800 00c0 0002 2 = 0cac
ffff8e67c26db540 3926849774 C Co:2:006:0 0 2 >
ffff8e67c26db540 3926849896 S Co:2:006:0 s 40 b9 0000 0000 0004 4 = 09009c02
ffff8e67c26db540 3926852386 C Co:2:006:0 0 4 >
ffff8e67c26db540 3926852482 S Ii:2:006:3 -115:1 3 <
ffff8e67c26db540 3926853765 C Ii:2:006:3 0:1 3 = 100000
ffff8e67c26db540 3926853885 S Ci:2:006:0 s c0 bc 0800 0016 0002 2 <
ffff8e67c26db540 3926856444 C Ci:2:006:0 0 2 = 0900
ffff8e67c26db540 3926856566 S Ci:2:006:0 s c0 bc 0900 001c 0002 2 <
ffff8e67c26db540 3926859056 C Ci:2:006:0 0 2 = 2e6f
ffff8e67c26db540 3926859151 S Ci:2:006:0 s c0 bc 0800 23be 0002 2 <
ffff8e67c26db540 3926861928 C Ci:2:006:0 0 2 = 0000
ffff8e67c26db540 3926862079 S Co:2:006:0 s 40 bc 0900 0014 0002 2 = d39e
ffff8e67c26db540 3926864713 C Co:2:006:0 0 2 >
ffff8e67c26db540 3926864941 S Ci:2:006:0 s c0 bc 0900 001c 0002 2 <
ffff8e67c26db540 3926867387 C Ci:2:006:0 0 2 = 2e6f
ffff8e67c26db540 3926867521 S Co:2:006:0 s 40 bc 0800 00c0 0002 2 = 0d4c
ffff8e67c26db540 3926870128 C Co:2:006:0 0 2 >
ffff8e67c26db540 3926870253 S Co:2:006:0 s 40 b9 0000 0000 0004 4 = 09009c02
ffff8e67c26db540 3926872877 C Co:2:006:0 0 4 >
ffff8e67c26db540 3926873030 S Ii:2:006:3 -115:1 3 <
ffff8e67c26db540 3926874210 C Ii:2:006:3 0:1 3 = 100000
ffff8e67c26db540 3926874284 S Ci:2:006:0 s c0 bc 0800 0016 0002 2 <
ffff8e67c26db540 3926877011 C Ci:2:006:0 0 2 = 0900
ffff8e67c26db540 3926877188 S Ci:2:006:0 s c0 bc 0900 001c 0002 2 <
ffff8e67c26db540 3926879707 C Ci:2:006:0 0 2 = 2e6f
ffff8e67c26db540 3926879838 S Ci:2:006:0 s c0 bc 0800 23be 0002 2 <
ffff8e67c26db540 3926882495 C Ci:2:006:0 0 2 = 0000
ffff8e67c26db540 3926882685 S Co:2:006:0 s 40 bc 0900 0014 0002 2 = d39e
ffff8e67c26db540 3926885353 C Co:2:006:0 0 2 >
ffff8e67c26db540 3926885416 S Ci:2:006:0 s c0 bc 0900 001c 0002 2 <
ffff8e67c26db540 3926887936 C Ci:2:006:0 0 2 = 2e6f
ffff8e67c26db540 3926888043 S Co:2:006:0 s 40 bc 0800 00c0 0002 2 = 1bcc
ffff8e67c26db540 3926890733 C Co:2:006:0 0 2 >
ffff8e67c26db540 3926890903 S Co:2:006:0 s 40 b9 0000 0000 0004 4 = 09009c02
ffff8e67c26db540 3926893375 C Co:2:006:0 0 4 >
ffff8e67c26db540 3926893526 S Ii:2:006:3 -115:1 3 <
ffff8e67c26db540 3926894729 C Ii:2:006:3 0:1 3 = 100000
ffff8e67c26db540 3926894792 S Ci:2:006:0 s c0 bc 0800 0016 0002 2 <
ffff8e67c26db540 3926897494 C Ci:2:006:0 0 2 = 0900
ffff8e67c26db540 3926897659 S Ci:2:006:0 s c0 bc 0900 001c 0002 2 <
ffff8e67c26db540 3926900304 C Ci:2:006:0 0 2 = 2e6f
ffff8e67c26db540 3926900412 S Ci:2:006:0 s c0 bc 0800 23be 0002 2 <
ffff8e67c26db540 3926902948 C Ci:2:006:0 0 2 = 0000
ffff8e67c26db540 3926903090 S Co:2:006:0 s 40 bc 0900 0014 0002 2 = d39e
ffff8e67c26db540 3926905714 C Co:2:006:0 0 2 >
ffff8e67c26db540 3926905892 S Ci:2:006:0 s c0 bc 0900 001c 0002 2 <
ffff8e67c26db540 3926908404 C Ci:2:006:0 0 2 = 2e6f
ffff8e67c26db540 3926908460 S Co:2:006:0 s 40 bc 0800 00c0 0002 2 = 1ccc
ffff8e67c26db540 3926911126 C Co:2:006:0 0 2 >
ffff8e67c26db540 3926911183 S Co:2:006:0 s 40 b9 0000 0000 0004 4 = 09009c02
ffff8e67c26db540 3926913816 C Co:2:006:0 0 4 >
ffff8e67c26db540 3926913976 S Ii:2:006:3 -115:1 3 <
ffff8e67c26db540 3926915145 C Ii:2:006:3 0:1 3 = 100000
ffff8e67c26db540 3926915177 S Ci:2:006:0 s c0 bc 0800 0016 0002 2 <
ffff8e67c26db540 3926918004 C Ci:2:006:0 0 2 = 0900
ffff8e67f59f0480 3926918194 S Ci:2:006:0 s c0 bc 0900 001c 0002 2 <
ffff8e67f59f0480 3926920746 C Ci:2:006:0 0 2 = 2e6f
ffff8e67f59f0480 3926920944 S Ci:2:006:0 s c0 bc 0800 23be 0002 2 <
ffff8e67f59f0480 3926923518 C Ci:2:006:0 0 2 = 0000
ffff8e67f59f0480 3926923690 S Co:2:006:0 s 40 bc 0900 0014 0002 2 = d39e
ffff8e67f59f0480 3926926284 C Co:2:006:0 0 2 >
ffff8e67f59f0480 3926926401 S Ci:2:006:0 s c0 bc 0900 001c 0002 2 <
ffff8e67f59f0480 3926928992 C Ci:2:006:0 0 2 = 2e6f
ffff8e67f59f0480 3926929154 S Co:2:006:0 s 40 bc 0800 00c0 0002 2 = 1dcc
ffff8e67f59f0480 3926931698 C Co:2:006:0 0 2 >
ffff8e67f59f0480 3926931835 S Co:2:006:0 s 40 b9 0000 0000 0004 4 = 09009c02
ffff8e67f59f0480 3926934374 C Co:2:006:0 0 4 >
ffff8e67f59f0480 3926934536 S Ii:2:006:3 -115:1 3 <
ffff8e67f59f0480 3926935740 C Ii:2:006:3 0:1 3 = 100000
ffff8e67f59f0480 3926935782 S Ci:2:006:0 s c0 bc 0800 0016 0002 2 <
ffff8e67f59f0480 3926938464 C Ci:2:006:0 0 2 = 0900
ffff8e67f59f0480 3926938583 S Ci:2:006:0 s c0 bc 0900 001c 0002 2 <
ffff8e67f59f0480 3926940953 C Ci:2:006:0 0 2 = 2e6f
ffff8e67f59f0480 3926941055 S Ci:2:006:0 s c0 bc 0800 23be 0002 2 <
ffff8e67f59f0480 3926943697 C Ci:2:006:0 0 2 = 0000
ffff8e67f59f0480 3926943786 S Co:2:006:0 s 40 bc 0900 0014 0002 2 = d39e
ffff8e67f59f0480 3926946258 C Co:2:006:0 0 2 >
ffff8e67f59f0480 3926946427 S Ci:2:006:0 s c0 bc 0900 001c 0002 2 <
ffff8e67f59f0480 3926949117 C Ci:2:006:0 0 2 = 2e6f
ffff8e67f59f0480 3926949286 S Co:2:006:0 s 40 bc 0800 00c0 0002 2 = 18dc
ffff8e67f59f0480 3926951894 C Co:2:006:0 0 2 >
ffff8e67f59f0480 3926952044 S Co:2:006:0 s 40 b9 0000 0000 0004 4 = 09009c02
ffff8e67f59f0480 3926954606 C Co:2:006:0 0 4 >
ffff8e67f59f0480 3926954693 S Ii:2:006:3 -115:1 3 <
ffff8e67f59f0480 3926955925 C Ii:2:006:3 0:1 3 = 100000
ffff8e67f59f0480 3926956086 S Ci:2:006:0 s c0 bc 0800 0016 0002 2 <
ffff8e67f59f0480 3926958752 C Ci:2:006:0 0 2 = 0900
ffff8e67f59f0480 3926958829 S Ci:2:006:0 s c0 bc 0900 001c 0002 2 <
ffff8e67f59f0480 3926961359 C Ci:2:006:0 0 2 = 2e6f
ffff8e67f59f0480 3926961524 S Ci:2:006:0 s c0 bc 0800 23be 0002 2 <
ffff8e67f59f0480 3926964119 C Ci:2:006:0 0 2 = 0000
ffff8e67f59f0480 3926964245 S Co:2:006:0 s 40 bc 0900 0014 0002 2 = d39e
ffff8e67f59f0480 3926966776 C Co:2:006:0 0 2 >
ffff8e67f59f0480 3926966973 S Ci:2:006:0 s c0 bc 0900 001c 0002 2 <
ffff8e67f59f0480 3926969477 C Ci:2:006:0 0 2 = 2e6f
ffff8e67f59f0480 3926969655 S Co:2:006:0 s 40 bc 0800 00c0 0002 2 = 19dc
ffff8e67f59f0480 3926972272 C Co:2:006:0 0 2 >
ffff8e67f59f0480 3926972433 S Co:2:006:0 s 40 b9 0000 0000 0004 4 = 09009c02
ffff8e67f59f0480 3926974975 C Co:2:006:0 0 4 >
ffff8e67f59f0480 3926975102 S Ii:2:006:3 -115:1 3 <
ffff8e67f59f0480 3926976329 C Ii:2:006:3 0:1 3 = 100000
ffff8e67f59f0480 3926976402 S Ci:2:006:0 s c0 bc 0800 0016 0002 2 <
ffff8e67f59f0480 3926979116 C Ci:2:006:0 0 2 = 0900
ffff8e67f59f0480 3926979281 S Ci:2:006:0 s c0 bc 0900 001c 0002 2 <
ffff8e67f59f0480 3926981831 C Ci:2:006:0 0 2 = 2e6f
ffff8e67f59f0480 3926982043 S Ci:2:006:0 s c0 bc 0800 23be 0002 2 <
ffff8e67f59f0480 3926984543 C Ci:2:006:0 0 2 = 0000
ffff8e67f59f0480 3926984711 S Co:2:006:0 s 40 bc 0900 0014 0002 2 = d39e
ffff8e67f59f0480 3926987357 C Co:2:006:0 0 2 >
ffff8e67f59f0480 3926987561 S Ci:2:006:0 s c0 bc 0900 001c 0002 2 <
ffff8e67f59f0480 3926990102 C Ci:2:006:0 0 2 = 2e6f
ffff8e67f59f0480 3926990260 S Co:2:006:0 s 40 bc 0800 00c0 0002 2 = 1adc
ffff8e67f59f0480 3926992837 C Co:2:006:0 0 2 >
ffff8e67f59f0480 3926993010 S Co:2:006:0 s 40 b9 0000 0000 0004 4 = 09009c02
ffff8e67f59f0480 3926995624 C Co:2:006:0 0 4 >
ffff8e67f59f0480 3926995771 S Ii:2:006:3 -115:1 3 <
ffff8e67f59f0480 3926996978 C Ii:2:006:3 0:1 3 = 100000
ffff8e67f59f0480 3926997058 S Ci:2:006:0 s c0 bc 0800 0016 0002 2 <
ffff8e67f59f0480 3926999720 C Ci:2:006:0 0 2 = 0900
ffff8e67f59f0480 3926999918 S Ci:2:006:0 s c0 bc 0900 001c 0002 2 <
ffff8e67f59f0480 3927002512 C Ci:2:006:0 0 2 = 2e6f
ffff8e67f59f0480 3927002681 S Ci:2:006:0 s c0 bc 0800 23be 0002 2 <
ffff8e67f59f0480 3927005266 C Ci:2:006:0 0 2 = 0000
ffff8e67f59f0480 3927005406 S Co:2:006:0 s 40 bc 0900 0014 0002 2 = d39e
ffff8e67f59f0480 3927007994 C Co:2:006:0 0 2 >
ffff8e67f59f0480 3927008108 S Ci:2:006:0 s c0 bc 0900 001c 0002 2 <
ffff8e67f59f0480 3927010783 C Ci:2:006:0 0 2 = 2e6f
ffff8e67f59f0480 3927011002 S Co:2:006:0 s 40 bc 0800 00c0 0002 2 = 2ddd
ffff8e67f59f0480 3927013391 C Co:2:006:0 0 2 >
ffff8e67f59f0480 3927013542 S Co:2:006:0 s 40 b9 0000 0000 0004 4 = 09009c02
ffff8e67f59f0480 3927016050 C Co:2:006:0 0 4 >
ffff8e67f59f0480 3927016209 S Ii:2:006:3 -115:1 3 <
ffff8e67f59f0480 3927017428 C Ii:2:006:3 0:1 3 = 100000
ffff8e67f59f0480 3927017586 S Ci:2:006:0 s c0 bc 0800 0016 0002 2 <
ffff8e67f59f0480 3927020289 C Ci:2:006:0 0 2 = 0900
ffff8e67f59f0480 3927020396 S Ci:2:006:0 s c0 bc 0900 001c 0002 2 <
ffff8e67f59f0480 3927022993 C Ci:2:006:0 0 2 = 2e6f
ffff8e67f59f0480 3927023141 S Ci:2:006:0 s c0 bc 0800 23be 0002 2 <
ffff8e67f59f0480 3927025684 C Ci:2:006:0 0 2 = 0000
ffff8e67f59f0480 3927025848 S Co:2:006:0 s 40 bc 0900 0014 0002 2 = d39e
ffff8e67f59f0480 3927028410 C Co:2:006:0 0 2 >
ffff8e67f59f0480 3927028624 S Ci:2:006:0 s c0 bc 0900 001c 0002 2 <
ffff8e67f59f0480 3927031269 C Ci:2:006:0 0 2 = 2e6f
ffff8e67f59f0480 3927031444 S Co:2:006:0 s 40 bc 0800 00c0 0002 2 = 2edd
ffff8e67f59f0480 3927033964 C Co:2:006:0 0 2 >
ffff8e67f59f0480 3927034100 S Co:2:006:0 s 40 b9 0000 0000 0004 4 = 09009c02
ffff8e67f59f0480 3927036751 C Co:2:006:0 0 4 >
ffff8e67f59f0480 3927036875 S Ii:2:006:3 -115:1 3 <
ffff8e67f59f0480 3927038139 C Ii:2:006:3 0:1 3 = 100000
ffff8e67f59f0480 3927038208 S Ci:2:006:0 s c0 bc 0800 0016 0002 2 <
ffff8e67f59f0480 3927041003 C Ci:2:006:0 0 2 = 0900
ffff8e67f59f0480 3927041117 S Ci:2:006:0 s c0 bc 0900 001c 0002 2 <
ffff8e67f59f0480 3927043707 C Ci:2:006:0 0 2 = 2e6f
ffff8e67f59f0480 3927043797 S Ci:2:006:0 s c0 bc 0800 23be 0002 2 <
ffff8e67f59f0480 3927046455 C Ci:2:006:0 0 2 = 0000
ffff8e67f59f0480 3927046664 S Co:2:006:0 s 40 bc 0900 0014 0002 2 = d39e
ffff8e67f59f0480 3927049271 C Co:2:006:0 0 2 >
ffff8e67f59f0480 3927049439 S Ci:2:006:0 s c0 bc 0900 001c 0002 2 <
ffff8e67f59f0480 3927052038 C Ci:2:006:0 0 2 = 2e6f
ffff8e67f59f0480 3927052128 S Co:2:006:0 s 40 bc 0800 00c0 0002 2 = 2fce
ffff8e67f59f0480 3927054716 C Co:2:006:0 0 2 >
ffff8e67f59f0480 3927054799 S Co:2:006:0 s 40 b9 0000 0000 0004 4 = 09009c02
ffff8e67f59f0480 3927057430 C Co:2:006:0 0 4 >
ffff8e67f59f0480 3927057588 S Ii:2:006:3 -115:1 3 <
ffff8e67f59f0480 3927058747 C Ii:2:006:3 0:1 3 = 100000
ffff8e67f59f0480 3927058909 S Ci:2:006:0 s c0 bc 0800 0016 0002 2 <
ffff8e67f59f0480 3927061482 C Ci:2:006:0 0 2 = 0900
ffff8e67f59f0480 3927061623 S Ci:2:006:0 s c0 bc 0900 001c 0002 2 <
ffff8e67f59f0480 3927064206 C Ci:2:006:0 0 2 = 2e6f
ffff8e67f59f0480 3927064259 S Ci:2:006:0 s c0 bc 0800 23be 0002 2 <
ffff8e67f59f0480 3927066864 C Ci:2:006:0 0 2 = 0000
ffff8e67f59f0480 3927067057 S Co:2:006:0 s 40 bc 0900 0014 0002 2 = d39e
ffff8e67f59f0480 3927069539 C Co:2:006:0 0 2 >
ffff8e67f59f0480 3927069713 S Ci:2:006:0 s c0 bc 0900 001c 0002 2 <
ffff8e67f59f0480 3927072184 C Ci:2:006:0 0 2 = 2e6f
ffff8e67f59f0480 3927072359 S Co:2:006:0 s 40 bc 0800 00c0 0002 2 = 3ac0
ffff8e67f59f0480 3927074931 C Co:2:006:0 0 2 >
ffff8e67f59f0480 3927075014 S Co:2:006:0 s 40 b9 0000 0000 0004 4 = 09009c02
ffff8e67f59f0480 3927077495 C Co:2:006:0 0 4 >
ffff8e67f59f0480 3927077645 S Ii:2:006:3 -115:1 3 <
ffff8e67f59f0480 3927078730 C Ii:2:006:3 0:1 3 = 100000
ffff8e67f59f0480 3927078904 S Ci:2:006:0 s c0 bc 0800 0016 0002 2 <
ffff8e67f59f0480 3927081429 C Ci:2:006:0 0 2 = 0900
ffff8e67f59f0480 3927081515 S Ci:2:006:0 s c0 bc 0900 001c 0002 2 <
ffff8e67f59f0480 3927084225 C Ci:2:006:0 0 2 = 2e6f
ffff8e67f59f0480 3927084396 S Ci:2:006:0 s c0 bc 0800 23be 0002 2 <
ffff8e67f59f0480 3927086913 C Ci:2:006:0 0 2 = 0000
ffff8e67f59f0480 3927087086 S Co:2:006:0 s 40 bc 0900 0014 0002 2 = d39e
ffff8e67f59f0480 3927089680 C Co:2:006:0 0 2 >
ffff8e67f59f0480 3927089851 S Ci:2:006:0 s c0 bc 0900 001c 0002 2 <
ffff8e67f59f0480 3927092309 C Ci:2:006:0 0 2 = 2e6f
ffff8e67f59f0480 3927092484 S Co:2:006:0 s 40 bc 0800 00c0 0002 2 = 3bc4
ffff8e67f59f0480 3927095037 C Co:2:006:0 0 2 >
ffff8e67f59f0480 3927095183 S Co:2:006:0 s 40 b9 0000 0000 0004 4 = 09009c02
ffff8e67f59f0480 3927097667 C Co:2:006:0 0 4 >
ffff8e67f59f0480 3927097824 S Ii:2:006:3 -115:1 3 <
ffff8e67f59f0480 3927099022 C Ii:2:006:3 0:1 3 = 100000
ffff8e67f59f0480 3927099096 S Ci:2:006:0 s c0 bc 0800 0016 0002 2 <
ffff8e67f59f0480 3927101829 C Ci:2:006:0 0 2 = 0900
ffff8e67f59f0480 3927102068 S Ci:2:006:0 s c0 bc 0900 001c 0002 2 <
ffff8e67f59f0480 3927104449 C Ci:2:006:0 0 2 = 2e6f
ffff8e67f59f0480 3927104566 S Ci:2:006:0 s c0 bc 0800 23be 0002 2 <
ffff8e67f59f0480 3927107206 C Ci:2:006:0 0 2 = 0000
ffff8e67f59f0480 3927107379 S Co:2:006:0 s 40 bc 0900 0014 0002 2 = d39e
ffff8e67f59f0480 3927110139 C Co:2:006:0 0 2 >
ffff8e67f59f0480 3927110284 S Ci:2:006:0 s c0 bc 0900 001c 0002 2 <
ffff8e67f59f0480 3927112806 C Ci:2:006:0 0 2 = 2e6f
ffff8e67f59f0480 3927112983 S Co:2:006:0 s 40 bc 0800 00c0 0004 4 = 9dcd3900
ffff8e67f59f0480 3927115421 C Co:2:006:0 0 4 >
ffff8e67f59f0480 3927115553 S Co:2:006:0 s 40 b9 0000 0000 0004 4 = 09006603
ffff8e67f59f0480 3927118050 C Co:2:006:0 0 4 >
ffff8e67f59f0480 3927118222 S Ii:2:006:3 -115:1 3 <
ffff8e67f59f0480 3927119313 C Ii:2:006:3 0:1 3 = 100000
ffff8e67f59f0480 3927119455 S Ci:2:006:0 s c0 bc 0800 0016 0002 2 <
ffff8e67f59f0480 3927122178 C Ci:2:006:0 0 2 = 0900
ffff8e67f59f0480 3927122330 S Ci:2:006:0 s c0 bc 0900 001c 0002 2 <
ffff8e67f59f0480 3927124854 C Ci:2:006:0 0 2 = 2e6f
ffff8e67f59f0480 3927125065 S Ci:2:006:0 s c0 bc 0800 23be 0002 2 <
ffff8e67f59f0480 3927127545 C Ci:2:006:0 0 2 = 0000
ffff8e67f59f0480 3927127642 S Co:2:006:0 s 40 bc 0900 0014 0002 2 = d39e
ffff8e67f59f0480 3927130319 C Co:2:006:0 0 2 >
ffff8e67f59f0480 3927130495 S Ci:2:006:0 s c0 bc 0900 001c 0002 2 <
ffff8e67f59f0480 3927133060 C Ci:2:006:0 0 2 = 2e6f
ffff8e67f59f0480 3927133242 S Co:2:006:0 s 40 b9 0000 0000 0004 4 = 09016601
ffff8e67f59f0480 3927135712 C Co:2:006:0 0 4 >
ffff8e67f59f0480 3927135821 S Ii:2:006:3 -115:1 3 <
ffff8e67f59f0480 3927137031 C Ii:2:006:3 0:1 3 = 100000
ffff8e67f59f0480 3927137196 S Ci:2:006:0 s c0 bc 0800 0016 0002 2 <
ffff8e67f59f0480 3927139877 C Ci:2:006:0 0 2 = 0900
ffff8e67f59f0480 3927140063 S Ci:2:006:0 s c0 bc 0900 001c 0002 2 <
ffff8e67f59f0480 3927142626 C Ci:2:006:0 0 2 = 2e6f
ffff8e67f59f0480 3927142680 S Ci:2:006:0 s c0 bc 0800 23be 0004 4 <
ffff8e67f59f0480 3927145320 C Ci:2:006:0 0 4 = 000082e0
ffff8e67f59f0480 3927145438 S Co:2:006:0 s 40 bc 0800 00c0 0002 2 = 393c
ffff8e67f59f0480 3927148158 C Co:2:006:0 0 2 >
ffff8e67f59f0480 3927148305 S Co:2:006:0 s 40 b9 0000 0000 0004 4 = 09009c02
ffff8e67f59f0480 3927150810 C Co:2:006:0 0 4 >
ffff8e67f59f0480 3927150948 S Ii:2:006:3 -115:1 3 <
ffff8e67f59f0480 3927151967 C Ii:2:006:3 0:1 3 = 100000
ffff8e67f59f0480 3927152101 S Ci:2:006:0 s c0 bc 0800 0016 0002 2 <
ffff8e67f59f0480 3927154830 C Ci:2:006:0 0 2 = 0900
ffff8e67f59f0480 3927155027 S Ci:2:006:0 s c0 bc 0900 001c 0002 2 <
ffff8e67f59f0480 3927157407 C Ci:2:006:0 0 2 = 2e6f
ffff8e67f59f0480 3927157542 S Ci:2:006:0 s c0 bc 0800 23be 0002 2 <
ffff8e67f59f0480 3927160184 C Ci:2:006:0 0 2 = 0000
ffff8e67f59f0480 3927160347 S Co:2:006:0 s 40 bc 0900 0014 0002 2 = d39e
ffff8e67f59f0480 3927162955 C Co:2:006:0 0 2 >
ffff8e67f59f0480 3927163108 S Ci:2:006:0 s c0 bc 0900 001c 0002 2 <
ffff8e67f59f0480 3927165568 C Ci:2:006:0 0 2 = 2e6f
ffff8e67f59f0480 3927165679 S Co:2:006:0 s 40 bc 0800 00c0 0002 2 = 2c51
ffff8e67f59f0480 3927168376 C Co:2:006:0 0 2 >
ffff8e67f59f0480 3927168506 S Co:2:006:0 s 40 b9 0000 0000 0004 4 = 09009c02
ffff8e67f59f0480 3927170791 C Co:2:006:0 0 4 >
ffff8e67f59f0480 3927170870 S Ii:2:006:3 -115:1 3 <
ffff8e67f59f0480 3927172001 C Ii:2:006:3 0:1 3 = 100000
ffff8e67f59f0480 3927172095 S Ci:2:006:0 s c0 bc 0800 0016 0002 2 <
ffff8e67f59f0480 3927174808 C Ci:2:006:0 0 2 = 0900
ffff8e67f59f0480 3927174922 S Ci:2:006:0 s c0 bc 0900 001c 0002 2 <
ffff8e67f59f0480 3927177449 C Ci:2:006:0 0 2 = 2e6f
ffff8e67f59f0480 3927177566 S Ci:2:006:0 s c0 bc 0800 23be 0002 2 <
ffff8e67f59f0480 3927180155 C Ci:2:006:0 0 2 = 0000
ffff8e67f59f0480 3927180303 S Co:2:006:0 s 40 bc 0900 0014 0002 2 = d39e
ffff8e67f59f0480 3927182865 C Co:2:006:0 0 2 >
ffff8e67f59f0480 3927182985 S Ci:2:006:0 s c0 bc 0900 001c 0002 2 <
ffff8e67f59f0480 3927185585 C Ci:2:006:0 0 2 = 2e6f
ffff8e67f59f0480 3927185773 S Co:2:006:0 s 40 bc 0800 00c0 0002 2 = 0324
ffff8e67f59f0480 3927188379 C Co:2:006:0 0 2 >
ffff8e67f59f0480 3927188497 S Co:2:006:0 s 40 b9 0000 0000 0004 4 = 09009c02
ffff8e67f59f0480 3927190964 C Co:2:006:0 0 4 >
ffff8e67f59f0480 3927191021 S Ii:2:006:3 -115:1 3 <
ffff8e67f59f0480 3927192304 C Ii:2:006:3 0:1 3 = 100000
ffff8e67c6eeaa80 3927193179 S Ci:2:006:0 s c0 bc 0800 0016 0002 2 <
ffff8e67c6eeaa80 3927194971 C Ci:2:006:0 0 2 = 0900
ffff8e67c4a979c0 3927195195 S Ci:2:006:0 s c0 bc 0900 001c 0002 2 <
ffff8e67c4a979c0 3927197640 C Ci:2:006:0 0 2 = 2e6f
ffff8e67c4a979c0 3927197722 S Ci:2:006:0 s c0 bc 0800 23be 0002 2 <
ffff8e67c4a979c0 3927200423 C Ci:2:006:0 0 2 = 0000
ffff8e67c4a979c0 3927200452 S Co:2:006:0 s 40 bc 0900 0014 0002 2 = d39e
ffff8e67c4a979c0 3927203154 C Co:2:006:0 0 2 >
ffff8e67c4a979c0 3927203185 S Ci:2:006:0 s c0 bc 0900 001c 0002 2 <
ffff8e67c4a979c0 3927205944 C Ci:2:006:0 0 2 = 2e6f
ffff8e67c4a979c0 3927206038 S Co:2:006:0 s 40 bc 0800 00c0 0002 2 = 12cc
ffff8e67c4a979c0 3927208685 C Co:2:006:0 0 2 >
ffff8e67c4a979c0 3927208709 S Co:2:006:0 s 40 b9 0000 0000 0004 4 = 09009c02
ffff8e67c4a979c0 3927211358 C Co:2:006:0 0 4 >
ffff8e67c4a979c0 3927211512 S Ii:2:006:3 -115:1 3 <
ffff8e67c4a979c0 3927212725 C Ii:2:006:3 0:1 3 = 100000
ffff8e67c4a979c0 3927212759 S Ci:2:006:0 s c0 bc 0800 0016 0002 2 <
ffff8e67c4a979c0 3927215597 C Ci:2:006:0 0 2 = 0900
ffff8e67c4a979c0 3927215658 S Ci:2:006:0 s c0 bc 0900 001c 0002 2 <
ffff8e67c4a979c0 3927218323 C Ci:2:006:0 0 2 = 2e6f
ffff8e67c4a979c0 3927218469 S Ci:2:006:0 s c0 bc 0800 23be 0002 2 <
ffff8e67c4a979c0 3927221082 C Ci:2:006:0 0 2 = 0000
ffff8e67c4a979c0 3927221118 S Co:2:006:0 s 40 bc 0900 0014 0002 2 = d39e
ffff8e67c4a979c0 3927223794 C Co:2:006:0 0 2 >
ffff8e67c4a979c0 3927223877 S Ci:2:006:0 s c0 bc 0900 001c 0002 2 <
ffff8e67c4a979c0 3927226493 C Ci:2:006:0 0 2 = 2e6f
ffff8e67c4a979c0 3927226523 S Co:2:006:0 s 40 bc 0800 00c0 0002 2 = 13c6
ffff8e67c4a979c0 3927229218 C Co:2:006:0 0 2 >
ffff8e67c4a979c0 3927229257 S Co:2:006:0 s 40 b9 0000 0000 0004 4 = 09009c02
ffff8e67c4a979c0 3927231875 C Co:2:006:0 0 4 >
ffff8e67c4a979c0 3927231951 S Ii:2:006:3 -115:1 3 <
ffff8e67c4a979c0 3927233288 C Ii:2:006:3 0:1 3 = 100000
ffff8e67c26db6c0 3927233355 S Ci:2:006:0 s c0 bc 0800 0016 0002 2 <
ffff8e67c26db6c0 3927236020 C Ci:2:006:0 0 2 = 0900
ffff8e67c26db6c0 3927236182 S Ci:2:006:0 s c0 bc 0900 001c 0002 2 <
ffff8e67c26db6c0 3927238683 C Ci:2:006:0 0 2 = 2e6f
ffff8e67c26db6c0 3927238819 S Ci:2:006:0 s c0 bc 0800 23be 0002 2 <
ffff8e67c26db6c0 3927241411 C Ci:2:006:0 0 2 = 0000
ffff8e67c26db6c0 3927241538 S Co:2:006:0 s 40 bc 0900 0014 0002 2 = d39e
ffff8e67c26db6c0 3927244307 C Co:2:006:0 0 2 >
ffff8e67f59f0f00 3927245266 S Ci:2:006:0 s c0 bc 0900 001c 0002 2 <
ffff8e67f59f0f00 3927247125 C Ci:2:006:0 0 2 = 2e6f
ffff8e67f59f0f00 3927247275 S Co:2:006:0 s 40 bc 0800 00c0 0002 2 = 17c7
ffff8e67f59f0f00 3927249930 C Co:2:006:0 0 2 >
ffff8e67f59f0f00 3927250096 S Co:2:006:0 s 40 b9 0000 0000 0004 4 = 09009c02
ffff8e67f59f0f00 3927252710 C Co:2:006:0 0 4 >
ffff8e67f59f0f00 3927252821 S Ii:2:006:3 -115:1 3 <
ffff8e67f59f0f00 3927254051 C Ii:2:006:3 0:1 3 = 100000
ffff8e67f59f0f00 3927254157 S Ci:2:006:0 s c0 bc 0800 0016 0002 2 <
ffff8e67f59f0f00 3927256831 C Ci:2:006:0 0 2 = 0900
ffff8e67f59f0f00 3927256999 S Ci:2:006:0 s c0 bc 0900 001c 0002 2 <
ffff8e67f59f0f00 3927259404 C Ci:2:006:0 0 2 = 2e6f
ffff8e67f59f0f00 3927259500 S Ci:2:006:0 s c0 bc 0800 23be 0002 2 <
ffff8e67f59f0f00 3927262149 C Ci:2:006:0 0 2 = 0000
ffff8e67f59f0f00 3927262301 S Co:2:006:0 s 40 bc 0900 0014 0002 2 = d39e
ffff8e67f59f0f00 3927264896 C Co:2:006:0 0 2 >
ffff8e67f59f0f00 3927265039 S Ci:2:006:0 s c0 bc 0900 001c 0002 2 <
ffff8e67f59f0f00 3927267530 C Ci:2:006:0 0 2 = 2e6f
ffff8e67f59f0f00 3927267640 S Co:2:006:0 s 40 bc 0800 00c0 0002 2 = 21cb
ffff8e67f59f0f00 3927270272 C Co:2:006:0 0 2 >
ffff8e67f59f0f00 3927270365 S Co:2:006:0 s 40 b9 0000 0000 0004 4 = 09009c02
ffff8e67f59f0f00 3927272907 C Co:2:006:0 0 4 >
ffff8e67f59f0f00 3927273046 S Ii:2:006:3 -115:1 3 <
ffff8e67f59f0f00 3927274200 C Ii:2:006:3 0:1 3 = 100000
ffff8e67f59f0f00 3927274256 S Ci:2:006:0 s c0 bc 0800 0016 0002 2 <
ffff8e67f59f0f00 3927276893 C Ci:2:006:0 0 2 = 0900
ffff8e67f59f0f00 3927277090 S Ci:2:006:0 s c0 bc 0900 001c 0002 2 <
ffff8e67f59f0f00 3927279716 C Ci:2:006:0 0 2 = 2e6f
ffff8e67f59f0f00 3927279893 S Ci:2:006:0 s c0 bc 0800 23be 0002 2 <
ffff8e67f59f0f00 3927282383 C Ci:2:006:0 0 2 = 0000
ffff8e67f59f0f00 3927282521 S Co:2:006:0 s 40 bc 0900 0014 0002 2 = d39e
ffff8e67f59f0f00 3927285184 C Co:2:006:0 0 2 >
ffff8e67f59f0f00 3927285322 S Ci:2:006:0 s c0 bc 0900 001c 0002 2 <
ffff8e67f59f0f00 3927287922 C Ci:2:006:0 0 2 = 2e6f
ffff8e67f59f0f00 3927288086 S Co:2:006:0 s 40 bc 0800 00c0 0002 2 = 20cc
ffff8e67f59f0f00 3927290531 C Co:2:006:0 0 2 >
ffff8e67f59f0f00 3927290668 S Co:2:006:0 s 40 b9 0000 0000 0004 4 = 09009c02
ffff8e67f59f0f00 3927293329 C Co:2:006:0 0 4 >
ffff8e67f59f0f00 3927293478 S Ii:2:006:3 -115:1 3 <
ffff8e67f59f0f00 3927294657 C Ii:2:006:3 0:1 3 = 100000
ffff8e67f59f0f00 3927294808 S Ci:2:006:0 s c0 bc 0800 0016 0002 2 <
ffff8e67f59f0f00 3927297420 C Ci:2:006:0 0 2 = 0900
ffff8e67f59f0f00 3927297559 S Ci:2:006:0 s c0 bc 0900 001c 0002 2 <
ffff8e67f59f0f00 3927300183 C Ci:2:006:0 0 2 = 2e6f
ffff8e67f59f0f00 3927300328 S Ci:2:006:0 s c0 bc 0800 23be 0002 2 <
ffff8e67f59f0f00 3927302923 C Ci:2:006:0 0 2 = 0000
ffff8e67f59f0f00 3927303068 S Co:2:006:0 s 40 bc 0900 0014 0002 2 = d39e
ffff8e67f59f0f00 3927305527 C Co:2:006:0 0 2 >
ffff8e67f59f0f00 3927305653 S Ci:2:006:0 s c0 bc 0900 001c 0002 2 <
ffff8e67f59f0f00 3927308324 C Ci:2:006:0 0 2 = 2e6f
ffff8e67f59f0f00 3927308466 S Co:2:006:0 s 40 bc 0800 00c0 0002 2 = 40cc
ffff8e67f59f0f00 3927311010 C Co:2:006:0 0 2 >
ffff8e67f59f0f00 3927311179 S Co:2:006:0 s 40 b9 0000 0000 0004 4 = 09009c02
ffff8e67f59f0f00 3927313736 C Co:2:006:0 0 4 >
ffff8e67f59f0f00 3927313866 S Ii:2:006:3 -115:1 3 <
ffff8e67f59f0f00 3927315046 C Ii:2:006:3 0:1 3 = 100000
ffff8e67f59f0f00 3927315196 S Ci:2:006:0 s c0 bc 0800 0016 0002 2 <
ffff8e67f59f0f00 3927317808 C Ci:2:006:0 0 2 = 0900
ffff8e67f59f0f00 3927317942 S Ci:2:006:0 s c0 bc 0900 001c 0002 2 <
ffff8e67f59f0f00 3927320473 C Ci:2:006:0 0 2 = 2e6f
ffff8e67f59f0f00 3927320622 S Ci:2:006:0 s c0 bc 0800 23be 0002 2 <
ffff8e67f59f0f00 3927323195 C Ci:2:006:0 0 2 = 0000
ffff8e67f59f0f00 3927323332 S Co:2:006:0 s 40 bc 0900 0014 0002 2 = d39e
ffff8e67f59f0f00 3927325910 C Co:2:006:0 0 2 >
ffff8e67f59f0f00 3927326087 S Ci:2:006:0 s c0 bc 0900 001c 0002 2 <
ffff8e67f59f0f00 3927328575 C Ci:2:006:0 0 2 = 2e6f
ffff8e67f59f0f00 3927328789 S Co:2:006:0 s 40 bc 0800 00c0 0002 2 = 80cc
ffff8e67f59f0f00 3927331298 C Co:2:006:0 0 2 >
ffff8e67f59f0f00 3927331431 S Co:2:006:0 s 40 b9 0000 0000 0004 4 = 09009c02
ffff8e67f59f0f00 3927334025 C Co:2:006:0 0 4 >
ffff8e67f59f0f00 3927334159 S Ii:2:006:3 -115:1 3 <
ffff8e67f59f0f00 3927335380 C Ii:2:006:3 0:1 3 = 100000
ffff8e67f59f0f00 3927335512 S Ci:2:006:0 s c0 bc 0800 0016 0002 2 <
ffff8e67f59f0f00 3927338200 C Ci:2:006:0 0 2 = 0900
ffff8e67f59f0f00 3927338319 S Ci:2:006:0 s c0 bc 0900 001c 0002 2 <
ffff8e67f59f0f00 3927340929 C Ci:2:006:0 0 2 = 2e6f
ffff8e67f59f0f00 3927341043 S Ci:2:006:0 s c0 bc 0800 23be 0002 2 <
ffff8e67f59f0f00 3927343671 C Ci:2:006:0 0 2 = 0000
ffff8e67f59f0f00 3927343792 S Co:2:006:0 s 40 bc 0900 0014 0002 2 = d39e
ffff8e67f59f0f00 3927346394 C Co:2:006:0 0 2 >
ffff8e67f59f0f00 3927346508 S Ci:2:006:0 s c0 bc 0900 001c 0002 2 <
ffff8e67f59f0f00 3927349179 C Ci:2:006:0 0 2 = 2e6f
ffff8e67f59f0f00 3927349329 S Co:2:006:0 s 40 bc 0800 00c0 0002 2 = 8173
ffff8e67f59f0f00 3927351891 C Co:2:006:0 0 2 >
ffff8e67f59f0f00 3927352059 S Co:2:006:0 s 40 b9 0000 0000 0004 4 = 09009c02
ffff8e67f59f0f00 3927354590 C Co:2:006:0 0 4 >
ffff8e67f59f0f00 3927354743 S Ii:2:006:3 -115:1 3 <
ffff8e67f59f0f00 3927355879 C Ii:2:006:3 0:1 3 = 100000
ffff8e67f59f0f00 3927356016 S Ci:2:006:0 s c0 bc 0800 0016 0002 2 <
ffff8e67f59f0f00 3927358816 C Ci:2:006:0 0 2 = 0900
ffff8e67f59f0f00 3927358902 S Ci:2:006:0 s c0 bc 0900 001c 0002 2 <
ffff8e67f59f0f00 3927361424 C Ci:2:006:0 0 2 = 2e6f
ffff8e67f59f0f00 3927361594 S Ci:2:006:0 s c0 bc 0800 23be 0002 2 <
ffff8e67f59f0f00 3927364152 C Ci:2:006:0 0 2 = 0000
ffff8e67f59f0f00 3927364275 S Co:2:006:0 s 40 bc 0900 0014 0002 2 = d39e
ffff8e67f59f0f00 3927366814 C Co:2:006:0 0 2 >
ffff8e67f59f0f00 3927366959 S Ci:2:006:0 s c0 bc 0900 001c 0002 2 <
ffff8e67f59f0f00 3927369568 C Ci:2:006:0 0 2 = 2e6f
ffff8e67f59f0f00 3927369750 S Co:2:006:0 s 40 bc 0800 00c0 0002 2 = 82cb
ffff8e67f59f0f00 3927372302 C Co:2:006:0 0 2 >
ffff8e67f59f0f00 3927372437 S Co:2:006:0 s 40 b9 0000 0000 0004 4 = 09009c02
ffff8e67f59f0f00 3927374996 C Co:2:006:0 0 4 >
ffff8e67f59f0f00 3927375132 S Ii:2:006:3 -115:1 3 <
ffff8e67f59f0f00 3927376426 C Ii:2:006:3 0:1 3 = 100000
ffff8e67f59f0f00 3927376518 S Ci:2:006:0 s c0 bc 0800 0016 0002 2 <
ffff8e67f59f0f00 3927379247 C Ci:2:006:0 0 2 = 0900
ffff8e67f59f0f00 3927379408 S Ci:2:006:0 s c0 bc 0900 001c 0002 2 <
ffff8e67f59f0f00 3927381919 C Ci:2:006:0 0 2 = 2e6f
ffff8e67f59f0f00 3927382113 S Ci:2:006:0 s c0 bc 0800 23be 0002 2 <
ffff8e67f59f0f00 3927384691 C Ci:2:006:0 0 2 = 0000
ffff8e67f59f0f00 3927384822 S Co:2:006:0 s 40 bc 0900 0014 0002 2 = d39e
ffff8e67f59f0f00 3927387412 C Co:2:006:0 0 2 >
ffff8e67f59f0f00 3927387517 S Ci:2:006:0 s c0 bc 0900 001c 0002 2 <
ffff8e67f59f0f00 3927390068 C Ci:2:006:0 0 2 = 2e6f
ffff8e67f59f0f00 3927390206 S Co:2:006:0 s 40 bc 0800 00c0 0002 2 = 834c
ffff8e67f59f0f00 3927392702 C Co:2:006:0 0 2 >
ffff8e67f59f0f00 3927392838 S Co:2:006:0 s 40 b9 0000 0000 0004 4 = 09009c02
ffff8e67f59f0f00 3927395445 C Co:2:006:0 0 4 >
ffff8e67f59f0f00 3927395623 S Ii:2:006:3 -115:1 3 <
ffff8e67f59f0f00 3927396706 C Ii:2:006:3 0:1 3 = 100000
ffff8e67f59f0f00 3927396838 S Ci:2:006:0 s c0 bc 0800 0016 0002 2 <
ffff8e67f59f0f00 3927399410 C Ci:2:006:0 0 2 = 0900
ffff8e67f59f0f00 3927399543 S Ci:2:006:0 s c0 bc 0900 001c 0002 2 <
ffff8e67f59f0f00 3927402175 C Ci:2:006:0 0 2 = 2e6f
ffff8e67f59f0f00 3927402318 S Ci:2:006:0 s c0 bc 0800 23be 0002 2 <
ffff8e67f59f0f00 3927404932 C Ci:2:006:0 0 2 = 0000
ffff8e67f59f0f00 3927405062 S Co:2:006:0 s 40 bc 0900 0014 0002 2 = d39e
ffff8e67f59f0f00 3927407516 C Co:2:006:0 0 2 >
ffff8e67f59f0f00 3927407653 S Ci:2:006:0 s c0 bc 0900 001c 0002 2 <
ffff8e67f59f0f00 3927410169 C Ci:2:006:0 0 2 = 2e6f
ffff8e67f59f0f00 3927410325 S Co:2:006:0 s 40 bc 0800 00c0 0002 2 = 84e4
ffff8e67f59f0f00 3927413141 C Co:2:006:0 0 2 >
ffff8e67f59f0f00 3927413257 S Co:2:006:0 s 40 b9 0000 0000 0004 4 = 09009c02
ffff8e67f59f0f00 3927415659 C Co:2:006:0 0 4 >
ffff8e67f59f0f00 3927415794 S Ii:2:006:3 -115:1 3 <
ffff8e67f59f0f00 3927416973 C Ii:2:006:3 0:1 3 = 100000
ffff8e67f59f0f00 3927417115 S Ci:2:006:0 s c0 bc 0800 0016 0002 2 <
ffff8e67f59f0f00 3927419866 C Ci:2:006:0 0 2 = 0900
ffff8e67f59f0f00 3927420002 S Ci:2:006:0 s c0 bc 0900 001c 0002 2 <
ffff8e67f59f0f00 3927422564 C Ci:2:006:0 0 2 = 2e6f
ffff8e67f59f0f00 3927422698 S Ci:2:006:0 s c0 bc 0800 23be 0002 2 <
ffff8e67f59f0f00 3927425422 C Ci:2:006:0 0 2 = 0000
ffff8e67f59f0f00 3927425564 S Co:2:006:0 s 40 bc 0900 0014 0002 2 = d39e
ffff8e67f59f0f00 3927428176 C Co:2:006:0 0 2 >
ffff8e67f59f0f00 3927428356 S Ci:2:006:0 s c0 bc 0900 001c 0002 2 <
ffff8e67f59f0f00 3927430967 C Ci:2:006:0 0 2 = 2e6f
ffff8e67f59f0f00 3927431112 S Co:2:006:0 s 40 bc 0800 00c0 0002 2 = 85c8
ffff8e67f59f0f00 3927433691 C Co:2:006:0 0 2 >
ffff8e67f59f0f00 3927433826 S Co:2:006:0 s 40 b9 0000 0000 0004 4 = 09009c02
ffff8e67f59f0f00 3927436522 C Co:2:006:0 0 4 >
ffff8e67f59f0f00 3927436617 S Ii:2:006:3 -115:1 3 <
ffff8e67f59f0f00 3927437806 C Ii:2:006:3 0:1 3 = 100000
ffff8e67f59f0f00 3927437915 S Ci:2:006:0 s c0 bc 0800 0016 0002 2 <
ffff8e67f59f0f00 3927440510 C Ci:2:006:0 0 2 = 0900
ffff8e67f59f0f00 3927440636 S Ci:2:006:0 s c0 bc 0900 001c 0002 2 <
ffff8e67f59f0f00 3927443182 C Ci:2:006:0 0 2 = 2e6f
ffff8e67f59f0f00 3927443315 S Ci:2:006:0 s c0 bc 0800 23be 0002 2 <
ffff8e67f59f0f00 3927445862 C Ci:2:006:0 0 2 = 0000
ffff8e67f59f0f00 3927445919 S Co:2:006:0 s 40 bc 0900 0014 0002 2 = d39e
ffff8e67f59f0f00 3927448662 C Co:2:006:0 0 2 >
ffff8e67f59f0f00 3927448797 S Ci:2:006:0 s c0 bc 0900 001c 0002 2 <
ffff8e67f59f0f00 3927451362 C Ci:2:006:0 0 2 = 2e6f
ffff8e67f59f0f00 3927451509 S Co:2:006:0 s 40 bc 0800 00c0 0002 2 = 86f4
ffff8e67f59f0f00 3927454045 C Co:2:006:0 0 2 >
ffff8e67f59f0f00 3927454187 S Co:2:006:0 s 40 b9 0000 0000 0004 4 = 09009c02
ffff8e67f59f0f00 3927456819 C Co:2:006:0 0 4 >
ffff8e67f59f0f00 3927456951 S Ii:2:006:3 -115:1 3 <
ffff8e67f59f0f00 3927458158 C Ii:2:006:3 0:1 3 = 100000
ffff8e67f59f0f00 3927458228 S Ci:2:006:0 s c0 bc 0800 0016 0002 2 <
ffff8e67f59f0f00 3927460980 C Ci:2:006:0 0 2 = 0900
ffff8e67f59f0f00 3927461149 S Ci:2:006:0 s c0 bc 0900 001c 0002 2 <
ffff8e67f59f0f00 3927463680 C Ci:2:006:0 0 2 = 2e6f
ffff8e67f59f0f00 3927463816 S Ci:2:006:0 s c0 bc 0800 23be 0002 2 <
ffff8e67f59f0f00 3927466451 C Ci:2:006:0 0 2 = 0000
ffff8e67f59f0f00 3927466601 S Co:2:006:0 s 40 bc 0900 0014 0002 2 = d39e
ffff8e67f59f0f00 3927469187 C Co:2:006:0 0 2 >
ffff8e67f59f0f00 3927469320 S Ci:2:006:0 s c0 bc 0900 001c 0002 2 <
ffff8e67f59f0f00 3927471917 C Ci:2:006:0 0 2 = 2e6f
ffff8e67f59f0f00 3927472054 S Co:2:006:0 s 40 bc 0800 00c0 0002 2 = b0e8
ffff8e67f59f0f00 3927474674 C Co:2:006:0 0 2 >
ffff8e67f59f0f00 3927474843 S Co:2:006:0 s 40 b9 0000 0000 0004 4 = 09009c02
ffff8e67f59f0f00 3927477497 C Co:2:006:0 0 4 >
ffff8e67f59f0f00 3927477659 S Ii:2:006:3 -115:1 3 <
ffff8e67f59f0f00 3927478751 C Ii:2:006:3 0:1 3 = 100000
ffff8e67f59f0f00 3927478876 S Ci:2:006:0 s c0 bc 0800 0016 0002 2 <
ffff8e67f59f0f00 3927481496 C Ci:2:006:0 0 2 = 0900
ffff8e67f59f0f00 3927481683 S Ci:2:006:0 s c0 bc 0900 001c 0002 2 <
ffff8e67f59f0f00 3927484227 C Ci:2:006:0 0 2 = 2e6f
ffff8e67f59f0f00 3927484309 S Ci:2:006:0 s c0 bc 0800 23be 0002 2 <
ffff8e67f59f0f00 3927486932 C Ci:2:006:0 0 2 = 0000
ffff8e67f59f0f00 3927487091 S Co:2:006:0 s 40 bc 0900 0014 0002 2 = d39e
ffff8e67f59f0f00 3927489651 C Co:2:006:0 0 2 >
ffff8e67f59f0f00 3927489797 S Ci:2:006:0 s c0 bc 0900 001c 0002 2 <
ffff8e67f59f0f00 3927492392 C Ci:2:006:0 0 2 = 2e6f
ffff8e67f59f0f00 3927492533 S Co:2:006:0 s 40 bc 0800 00c0 0002 2 = b10c
ffff8e67f59f0f00 3927495078 C Co:2:006:0 0 2 >
ffff8e67f59f0f00 3927495204 S Co:2:006:0 s 40 b9 0000 0000 0004 4 = 09009c02
ffff8e67f59f0f00 3927497784 C Co:2:006:0 0 4 >
ffff8e67f59f0f00 3927497957 S Ii:2:006:3 -115:1 3 <
ffff8e67f59f0f00 3927499123 C Ii:2:006:3 0:1 3 = 100000
ffff8e67f59f0f00 3927499262 S Ci:2:006:0 s c0 bc 0800 0016 0002 2 <
ffff8e67f59f0f00 3927501905 C Ci:2:006:0 0 2 = 0900
ffff8e67f59f0f00 3927502109 S Ci:2:006:0 s c0 bc 0900 001c 0002 2 <
ffff8e67f59f0f00 3927504697 C Ci:2:006:0 0 2 = 2e6f
ffff8e67f59f0f00 3927504852 S Ci:2:006:0 s c0 bc 0800 23be 0002 2 <
ffff8e67f59f0f00 3927507341 C Ci:2:006:0 0 2 = 0000
ffff8e67f59f0f00 3927507540 S Co:2:006:0 s 40 bc 0900 0014 0002 2 = d39e
ffff8e67f59f0f00 3927509976 C Co:2:006:0 0 2 >
ffff8e67f59f0f00 3927510185 S Ci:2:006:0 s c0 bc 0900 001c 0002 2 <
ffff8e67f59f0f00 3927512772 C Ci:2:006:0 0 2 = 2e6f
ffff8e67f59f0f00 3927512878 S Co:2:006:0 s 40 bc 0800 00c0 0002 2 = adc9
ffff8e67f59f0f00 3927515367 C Co:2:006:0 0 2 >
ffff8e67f59f0f00 3927515508 S Co:2:006:0 s 40 b9 0000 0000 0004 4 = 09009c02
ffff8e67f59f0f00 3927518071 C Co:2:006:0 0 4 >
ffff8e67f59f0f00 3927518151 S Ii:2:006:3 -115:1 3 <
ffff8e67f59f0f00 3927519368 C Ii:2:006:3 0:1 3 = 100000
ffff8e67f59f0f00 3927519477 S Ci:2:006:0 s c0 bc 0800 0016 0002 2 <
ffff8e67f59f0f00 3927522214 C Ci:2:006:0 0 2 = 0900
ffff8e67f59f0f00 3927522316 S Ci:2:006:0 s c0 bc 0900 001c 0002 2 <
ffff8e67f59f0f00 3927524913 C Ci:2:006:0 0 2 = 2e6f
ffff8e67f59f0f00 3927525120 S Ci:2:006:0 s c0 bc 0800 23be 0002 2 <
ffff8e67f59f0f00 3927527743 C Ci:2:006:0 0 2 = 0000
ffff8e67f59f0f00 3927527858 S Co:2:006:0 s 40 bc 0900 0014 0002 2 = d39e
ffff8e67f59f0f00 3927530321 C Co:2:006:0 0 2 >
ffff8e67f59f0f00 3927530482 S Ci:2:006:0 s c0 bc 0900 001c 0002 2 <
ffff8e67f59f0f00 3927532999 C Ci:2:006:0 0 2 = 2e6f
ffff8e67f59f0f00 3927533155 S Co:2:006:0 s 40 bc 0800 00c0 0002 2 = b0e9
ffff8e67f59f0f00 3927535590 C Co:2:006:0 0 2 >
ffff8e67f59f0f00 3927535730 S Co:2:006:0 s 40 b9 0000 0000 0004 4 = 09009c02
ffff8e67f59f0f00 3927538227 C Co:2:006:0 0 4 >
ffff8e67f59f0f00 3927538297 S Ii:2:006:3 -115:1 3 <
ffff8e67f59f0f00 3927539573 C Ii:2:006:3 0:1 3 = 100000
ffff8e67f59f0f00 3927539698 S Ci:2:006:0 s c0 bc 0800 0016 0002 2 <
ffff8e67f59f0f00 3927542238 C Ci:2:006:0 0 2 = 0900
ffff8e67f59f0f00 3927542372 S Ci:2:006:0 s c0 bc 0900 001c 0002 2 <
ffff8e67f59f0f00 3927545091 C Ci:2:006:0 0 2 = 2e6f
ffff8e67f59f0f00 3927545245 S Ci:2:006:0 s c0 bc 0800 23be 0002 2 <
ffff8e67f59f0f00 3927547771 C Ci:2:006:0 0 2 = 0000
ffff8e67f59f0f00 3927547962 S Co:2:006:0 s 40 bc 0900 0014 0002 2 = d39e
ffff8e67f59f0f00 3927550533 C Co:2:006:0 0 2 >
ffff8e67f59f0f00 3927550649 S Ci:2:006:0 s c0 bc 0900 001c 0002 2 <
ffff8e67f59f0f00 3927553284 C Ci:2:006:0 0 2 = 2e6f
ffff8e67c6eea480 3927553376 S Co:2:006:0 s 40 bc 0800 00c0 0002 2 = 0b4c
ffff8e67c6eea480 3927556057 C Co:2:006:0 0 2 >
ffff8e67c6eea480 3927556148 S Co:2:006:0 s 40 b9 0000 0000 0004 4 = 09009c02
ffff8e67c6eea480 3927558699 C Co:2:006:0 0 4 >
ffff8e67c6eea480 3927558792 S Ii:2:006:3 -115:1 3 <
ffff8e67c6eea480 3927560104 C Ii:2:006:3 0:1 3 = 100000
ffff8e67c6eea480 3927560163 S Ci:2:006:0 s c0 bc 0800 0016 0002 2 <
ffff8e67c6eea480 3927563011 C Ci:2:006:0 0 2 = 0900
ffff8e67c6eea480 3927563104 S Ci:2:006:0 s c0 bc 0900 001c 0002 2 <
ffff8e67c6eea480 3927565731 C Ci:2:006:0 0 2 = 2e6f
ffff8e67c6eea480 3927565820 S Ci:2:006:0 s c0 bc 0800 23be 0002 2 <
ffff8e67c6eea480 3927568547 C Ci:2:006:0 0 2 = 0000
ffff8e67c6eea480 3927568671 S Co:2:006:0 s 40 bc 0900 0014 0002 2 = d39e
ffff8e67c6eea480 3927571198 C Co:2:006:0 0 2 >
ffff8e67c6eea480 3927571289 S Ci:2:006:0 s c0 bc 0900 001c 0002 2 <
ffff8e67c6eea480 3927573840 C Ci:2:006:0 0 2 = 2e6f
ffff8e67c6eea480 3927573949 S Co:2:006:0 s 40 bc 0800 00c0 0002 2 = 0c4c
ffff8e67c6eea480 3927576937 C Co:2:006:0 0 2 >
ffff8e67c6eea480 3927577040 S Co:2:006:0 s 40 b9 0000 0000 0004 4 = 09009c02
ffff8e67c6eea480 3927579310 C Co:2:006:0 0 4 >
ffff8e67c6eea480 3927579399 S Ii:2:006:3 -115:1 3 <
ffff8e67c6eea480 3927580713 C Ii:2:006:3 0:1 3 = 100000
ffff8e67c6eea480 3927580804 S Ci:2:006:0 s c0 bc 0800 0016 0002 2 <
ffff8e67c6eea480 3927583507 C Ci:2:006:0 0 2 = 0900
ffff8e67c6eea480 3927583621 S Ci:2:006:0 s c0 bc 0900 001c 0002 2 <
ffff8e67c6eea480 3927586187 C Ci:2:006:0 0 2 = 2e6f
ffff8e67c6eea480 3927586277 S Ci:2:006:0 s c0 bc 0800 23be 0002 2 <
ffff8e67c6eea480 3927588913 C Ci:2:006:0 0 2 = 0000
ffff8e67c6eea480 3927589002 S Co:2:006:0 s 40 bc 0900 0014 0002 2 = d39e
ffff8e67c6eea480 3927591770 C Co:2:006:0 0 2 >
ffff8e67c6eea480 3927591904 S Ci:2:006:0 s c0 bc 0900 001c 0002 2 <
ffff8e67c6eea480 3927594337 C Ci:2:006:0 0 2 = 2e6f
ffff8e67c6eea480 3927594430 S Co:2:006:0 s 40 bc 0800 00c0 0002 2 = 0d4c
ffff8e67c6eea480 3927597029 C Co:2:006:0 0 2 >
ffff8e67c6eea480 3927597219 S Co:2:006:0 s 40 b9 0000 0000 0004 4 = 09009c02
ffff8e67c6eea480 3927599818 C Co:2:006:0 0 4 >
ffff8e67c6eea480 3927600022 S Ii:2:006:3 -115:1 3 <
ffff8e67c6eea480 3927601124 C Ii:2:006:3 0:1 3 = 100000
ffff8e67c6eea480 3927601218 S Ci:2:006:0 s c0 bc 0800 0016 0002 2 <
ffff8e67c6eea480 3927603954 C Ci:2:006:0 0 2 = 0900
ffff8e67c6eea480 3927604169 S Ci:2:006:0 s c0 bc 0900 001c 0002 2 <
ffff8e67c6eea480 3927606790 C Ci:2:006:0 0 2 = 2e6f
ffff8e67c6eea480 3927606900 S Ci:2:006:0 s c0 bc 0800 23be 0002 2 <
ffff8e67c6eea480 3927609447 C Ci:2:006:0 0 2 = 0000
ffff8e67c6eea480 3927609632 S Co:2:006:0 s 40 bc 0900 0014 0002 2 = d39e
ffff8e67c6eea480 3927612215 C Co:2:006:0 0 2 >
ffff8e67c6eea480 3927612391 S Ci:2:006:0 s c0 bc 0900 001c 0002 2 <
ffff8e67c6eea480 3927614978 C Ci:2:006:0 0 2 = 2e6f
ffff8e67c6eea480 3927615095 S Co:2:006:0 s 40 bc 0800 00c0 0002 2 = 084c
ffff8e67c6eea480 3927617662 C Co:2:006:0 0 2 >
ffff8e67c6eea480 3927617720 S Co:2:006:0 s 40 b9 0000 0000 0004 4 = 09009c02
ffff8e67c6eea480 3927620388 C Co:2:006:0 0 4 >
ffff8e67c6eea480 3927620571 S Ii:2:006:3 -115:1 3 <
ffff8e67c6eea480 3927621783 C Ii:2:006:3 0:1 3 = 100000
ffff8e67c6eea480 3927621859 S Ci:2:006:0 s c0 bc 0800 0016 0002 2 <
ffff8e67c6eea480 3927624535 C Ci:2:006:0 0 2 = 0900
ffff8e67c6eea480 3927624613 S Ci:2:006:0 s c0 bc 0900 001c 0002 2 <
ffff8e67c6eea480 3927627293 C Ci:2:006:0 0 2 = 2e6f
ffff8e67c6eea480 3927627368 S Ci:2:006:0 s c0 bc 0800 23be 0002 2 <
ffff8e67c6eea480 3927630018 C Ci:2:006:0 0 2 = 0000
ffff8e67c6eea480 3927630200 S Co:2:006:0 s 40 bc 0900 0014 0002 2 = d39e
ffff8e67c6eea480 3927632762 C Co:2:006:0 0 2 >
ffff8e67c6eea480 3927632969 S Ci:2:006:0 s c0 bc 0900 001c 0002 2 <
ffff8e67c6eea480 3927635541 C Ci:2:006:0 0 2 = 2e6f
ffff8e67c6eea480 3927635751 S Co:2:006:0 s 40 bc 0800 00c0 0002 2 = 094c
ffff8e67c6eea480 3927638251 C Co:2:006:0 0 2 >
ffff8e67c6eea480 3927638388 S Co:2:006:0 s 40 b9 0000 0000 0004 4 = 09009c02
ffff8e67c6eea480 3927641026 C Co:2:006:0 0 4 >
ffff8e67c6eea480 3927641195 S Ii:2:006:3 -115:1 3 <
ffff8e67c6eea480 3927642396 C Ii:2:006:3 0:1 3 = 100000
ffff8e67c6eea480 3927642570 S Ci:2:006:0 s c0 bc 0800 0016 0002 2 <
ffff8e67c6eea480 3927645220 C Ci:2:006:0 0 2 = 0900
ffff8e67c6eea480 3927645335 S Ci:2:006:0 s c0 bc 0900 001c 0002 2 <
ffff8e67c6eea480 3927647924 C Ci:2:006:0 0 2 = 2e6f
ffff8e67c6eea480 3927648078 S Ci:2:006:0 s c0 bc 0800 23be 0002 2 <
ffff8e67c6eea480 3927650711 C Ci:2:006:0 0 2 = 0000
ffff8e67c6eea480 3927650907 S Co:2:006:0 s 40 bc 0900 0014 0002 2 = d39e
ffff8e67c6eea480 3927653506 C Co:2:006:0 0 2 >
ffff8e67c6eea480 3927653605 S Ci:2:006:0 s c0 bc 0900 001c 0002 2 <
ffff8e67c6eea480 3927656252 C Ci:2:006:0 0 2 = 2e6f
ffff8e67c6eea480 3927656363 S Co:2:006:0 s 40 bc 0800 00c0 0002 2 = 0a4c
ffff8e67c6eea480 3927658972 C Co:2:006:0 0 2 >
ffff8e67c6eea480 3927659066 S Co:2:006:0 s 40 b9 0000 0000 0004 4 = 09009c02
ffff8e67c6eea480 3927661743 C Co:2:006:0 0 4 >
ffff8e67c6eea480 3927661831 S Ii:2:006:3 -115:1 3 <
ffff8e67c6eea480 3927663094 C Ii:2:006:3 0:1 3 = 100000
ffff8e67c6eea480 3927663180 S Ci:2:006:0 s c0 bc 0800 0016 0002 2 <
ffff8e67c6eea480 3927665882 C Ci:2:006:0 0 2 = 0900
ffff8e67c6eea480 3927666018 S Ci:2:006:0 s c0 bc 0900 001c 0002 2 <
ffff8e67c6eea480 3927668735 C Ci:2:006:0 0 2 = 2e6f
ffff8e67c6eea480 3927668805 S Ci:2:006:0 s c0 bc 0800 23be 0002 2 <
ffff8e67c6eea480 3927671348 C Ci:2:006:0 0 2 = 0000
ffff8e67c6eea480 3927671437 S Co:2:006:0 s 40 bc 0900 0014 0002 2 = d39e
ffff8e67c6eea480 3927674060 C Co:2:006:0 0 2 >
ffff8e67c6eea480 3927674151 S Ci:2:006:0 s c0 bc 0900 001c 0002 2 <
ffff8e67c6eea480 3927676851 C Ci:2:006:0 0 2 = 2e6f
ffff8e67c6eea480 3927676948 S Co:2:006:0 s 40 bc 0800 00c0 0002 2 = 1e98
ffff8e67c6eea480 3927679558 C Co:2:006:0 0 2 >
ffff8e67c6eea480 3927679698 S Co:2:006:0 s 40 b9 0000 0000 0004 4 = 09009c02
ffff8e67c6eea480 3927682351 C Co:2:006:0 0 4 >
ffff8e67c6eea480 3927682441 S Ii:2:006:3 -115:1 3 <
ffff8e67c6eea480 3927683706 C Ii:2:006:3 0:1 3 = 100000
ffff8e67c6eea480 3927683767 S Ci:2:006:0 s c0 bc 0800 0016 0002 2 <
ffff8e67c6eea480 3927686493 C Ci:2:006:0 0 2 = 0900
ffff8e67c6eea480 3927686558 S Ci:2:006:0 s c0 bc 0900 001c 0002 2 <
ffff8e67c6eea480 3927689203 C Ci:2:006:0 0 2 = 2e6f
ffff8e67c6eea480 3927689298 S Ci:2:006:0 s c0 bc 0800 23be 0002 2 <
ffff8e67c6eea480 3927691930 C Ci:2:006:0 0 2 = 0000
ffff8e67c6eea480 3927692111 S Co:2:006:0 s 40 bc 0900 0014 0002 2 = d39e
ffff8e67c6eea480 3927694682 C Co:2:006:0 0 2 >
ffff8e67c6eea480 3927694774 S Ci:2:006:0 s c0 bc 0900 001c 0002 2 <
ffff8e67c6eea480 3927697371 C Ci:2:006:0 0 2 = 2e6f
ffff8e67c6eea480 3927697446 S Co:2:006:0 s 40 bc 0800 00c0 0002 2 = 1fc9
ffff8e67c6eea480 3927700034 C Co:2:006:0 0 2 >
ffff8e67c6eea480 3927700116 S Co:2:006:0 s 40 b9 0000 0000 0004 4 = 09009c02
ffff8e67c6eea480 3927702853 C Co:2:006:0 0 4 >
ffff8e67c6eea480 3927702950 S Ii:2:006:3 -115:1 3 <
ffff8e67c6eea480 3927704165 C Ii:2:006:3 0:1 3 = 100000
ffff8e67c6eea480 3927704277 S Ci:2:006:0 s c0 bc 0800 0016 0002 2 <
ffff8e67c6eea480 3927707057 C Ci:2:006:0 0 2 = 0900
ffff8e67c6eea480 3927707138 S Ci:2:006:0 s c0 bc 0900 001c 0002 2 <
ffff8e67c6eea480 3927709738 C Ci:2:006:0 0 2 = 2e6f
ffff8e67c6eea480 3927709828 S Ci:2:006:0 s c0 bc 0800 23be 0002 2 <
ffff8e67c6eea480 3927712375 C Ci:2:006:0 0 2 = 0000
ffff8e67c6eea480 3927712464 S Co:2:006:0 s 40 bc 0900 0014 0002 2 = d39e
ffff8e67c6eea480 3927715257 C Co:2:006:0 0 2 >
ffff8e67c6eea480 3927715340 S Ci:2:006:0 s c0 bc 0900 001c 0002 2 <
ffff8e67c6eea480 3927717938 C Ci:2:006:0 0 2 = 2e6f
ffff8e67c6eea480 3927718031 S Co:2:006:0 s 40 bc 0800 00c0 0002 2 = 92aa
ffff8e67c6eea480 3927720719 C Co:2:006:0 0 2 >
ffff8e67c6eea480 3927720810 S Co:2:006:0 s 40 b9 0000 0000 0004 4 = 09009c02
ffff8e67c6eea480 3927723472 C Co:2:006:0 0 4 >
ffff8e67c6eea480 3927723538 S Ii:2:006:3 -115:1 3 <
ffff8e67c6eea480 3927724788 C Ii:2:006:3 0:1 3 = 100000
ffff8e67c6eea480 3927724877 S Ci:2:006:0 s c0 bc 0800 0016 0002 2 <
ffff8e67c6eea480 3927727610 C Ci:2:006:0 0 2 = 0900
ffff8e67c6eea480 3927727689 S Ci:2:006:0 s c0 bc 0900 001c 0002 2 <
ffff8e67c6eea480 3927730371 C Ci:2:006:0 0 2 = 2e6f
ffff8e67c6eea480 3927730462 S Ci:2:006:0 s c0 bc 0800 23be 0002 2 <
ffff8e67c6eea480 3927733005 C Ci:2:006:0 0 2 = 0000
ffff8e67c6eea480 3927733094 S Co:2:006:0 s 40 bc 0900 0014 0002 2 = d39e
ffff8e67c6eea480 3927735850 C Co:2:006:0 0 2 >
ffff8e67c6eea480 3927736042 S Ci:2:006:0 s c0 bc 0900 001c 0002 2 <
ffff8e67c6eea480 3927738695 C Ci:2:006:0 0 2 = 2e6f
ffff8e67c6eea480 3927738752 S Co:2:006:0 s 40 bc 0800 00c0 0002 2 = 93dc
ffff8e67c6eea480 3927741350 C Co:2:006:0 0 2 >
ffff8e67c6eea480 3927741404 S Co:2:006:0 s 40 b9 0000 0000 0004 4 = 09009c02
ffff8e67c6eea480 3927744131 C Co:2:006:0 0 4 >
ffff8e67c6eea480 3927744206 S Ii:2:006:3 -115:1 3 <
ffff8e67c6eea480 3927745446 C Ii:2:006:3 0:1 3 = 100000
ffff8e67c6eea480 3927745508 S Ci:2:006:0 s c0 bc 0800 0016 0002 2 <
ffff8e67c6eea480 3927748348 C Ci:2:006:0 0 2 = 0900
ffff8e67c6eea480 3927748438 S Ci:2:006:0 s c0 bc 0900 001c 0002 2 <
ffff8e67c6eea480 3927751177 C Ci:2:006:0 0 2 = 2e6f
ffff8e67c6eea480 3927751263 S Ci:2:006:0 s c0 bc 0800 23be 0002 2 <
ffff8e67c6eea480 3927753777 C Ci:2:006:0 0 2 = 0000
ffff8e67c6eea480 3927753864 S Co:2:006:0 s 40 bc 0900 0014 0002 2 = d39e
ffff8e67c6eea480 3927756607 C Co:2:006:0 0 2 >
ffff8e67c6eea480 3927756696 S Ci:2:006:0 s c0 bc 0900 001c 0002 2 <
ffff8e67c6eea480 3927759307 C Ci:2:006:0 0 2 = 2e6f
ffff8e67c6eea480 3927759428 S Co:2:006:0 s 40 bc 0800 00c0 0002 2 = 94cc
ffff8e67c6eea480 3927762053 C Co:2:006:0 0 2 >
ffff8e67c6eea480 3927762145 S Co:2:006:0 s 40 b9 0000 0000 0004 4 = 09009c02
ffff8e67c6eea480 3927764877 C Co:2:006:0 0 4 >
ffff8e67c6eea480 3927765015 S Ii:2:006:3 -115:1 3 <
ffff8e67c6eea480 3927766233 C Ii:2:006:3 0:1 3 = 100000
ffff8e67c6eea480 3927766308 S Ci:2:006:0 s c0 bc 0800 0016 0002 2 <
ffff8e67c6eea480 3927768917 C Ci:2:006:0 0 2 = 0900
ffff8e67c6eea480 3927769019 S Ci:2:006:0 s c0 bc 0900 001c 0002 2 <
ffff8e67c6eea480 3927771658 C Ci:2:006:0 0 2 = 2e6f
ffff8e67c6eea480 3927771740 S Ci:2:006:0 s c0 bc 0800 23be 0002 2 <
ffff8e67c6eea480 3927774304 C Ci:2:006:0 0 2 = 0000
ffff8e67c6eea480 3927774459 S Co:2:006:0 s 40 bc 0900 0014 0002 2 = d39e
ffff8e67c6eea480 3927776936 C Co:2:006:0 0 2 >
ffff8e67c6eea480 3927777071 S Ci:2:006:0 s c0 bc 0900 001c 0002 2 <
ffff8e67c6eea480 3927779655 C Ci:2:006:0 0 2 = 2e6f
ffff8e67c6eea480 3927779746 S Co:2:006:0 s 40 bc 0800 00c0 0002 2 = 95cc
ffff8e67c6eea480 3927782251 C Co:2:006:0 0 2 >
ffff8e67c6eea480 3927782400 S Co:2:006:0 s 40 b9 0000 0000 0004 4 = 09009c02
ffff8e67c6eea480 3927784981 C Co:2:006:0 0 4 >
ffff8e67c6eea480 3927785072 S Ii:2:006:3 -115:1 3 <
ffff8e67c6eea480 3927786364 C Ii:2:006:3 0:1 3 = 100000
ffff8e67c6eea480 3927786433 S Ci:2:006:0 s c0 bc 0800 0016 0002 2 <
ffff8e67c6eea480 3927789182 C Ci:2:006:0 0 2 = 0900
ffff8e67c6eea480 3927789335 S Ci:2:006:0 s c0 bc 0900 001c 0002 2 <
ffff8e67c6eea480 3927791860 C Ci:2:006:0 0 2 = 2e6f
ffff8e67c6eea480 3927792097 S Ci:2:006:0 s c0 bc 0800 23be 0002 2 <
ffff8e67c6eea480 3927794462 C Ci:2:006:0 0 2 = 0000
ffff8e67c6eea480 3927794653 S Co:2:006:0 s 40 bc 0900 0014 0002 2 = d39e
ffff8e67c6eea480 3927797182 C Co:2:006:0 0 2 >
ffff8e67c6eea480 3927797340 S Ci:2:006:0 s c0 bc 0900 001c 0002 2 <
ffff8e67c6eea480 3927799883 C Ci:2:006:0 0 2 = 2e6f
ffff8e67c6eea480 3927800091 S Co:2:006:0 s 40 bc 0800 00c0 0002 2 = 96cc
ffff8e67c6eea480 3927802612 C Co:2:006:0 0 2 >
ffff8e67c6eea480 3927802707 S Co:2:006:0 s 40 b9 0000 0000 0004 4 = 09009c02
ffff8e67c6eea480 3927805266 C Co:2:006:0 0 4 >
ffff8e67c6eea480 3927805324 S Ii:2:006:3 -115:1 3 <
ffff8e67c6eea480 3927806599 C Ii:2:006:3 0:1 3 = 100000
ffff8e67c6eea480 3927806729 S Ci:2:006:0 s c0 bc 0800 0016 0002 2 <
ffff8e67c6eea480 3927809290 C Ci:2:006:0 0 2 = 0900
ffff8e67c6eea480 3927809375 S Ci:2:006:0 s c0 bc 0900 001c 0002 2 <
ffff8e67c6eea480 3927811937 C Ci:2:006:0 0 2 = 2e6f
ffff8e67c6eea480 3927811995 S Ci:2:006:0 s c0 bc 0800 23be 0002 2 <
ffff8e67c6eea480 3927814665 C Ci:2:006:0 0 2 = 0000
ffff8e67c6eea480 3927814849 S Co:2:006:0 s 40 bc 0900 0014 0002 2 = d39e
ffff8e67c6eea480 3927817277 C Co:2:006:0 0 2 >
ffff8e67c6eea480 3927817428 S Ci:2:006:0 s c0 bc 0900 001c 0002 2 <
ffff8e67c6eea480 3927819992 C Ci:2:006:0 0 2 = 2e6f
ffff8e67c6eea480 3927820075 S Co:2:006:0 s 40 bc 0800 00c0 0002 2 = 97cc
ffff8e67c6eea480 3927822661 C Co:2:006:0 0 2 >
ffff8e67c6eea480 3927822749 S Co:2:006:0 s 40 b9 0000 0000 0004 4 = 09009c02
ffff8e67c6eea480 3927825329 C Co:2:006:0 0 4 >
ffff8e67c6eea480 3927825372 S Ii:2:006:3 -115:1 3 <
ffff8e67c6eea480 3927826600 C Ii:2:006:3 0:1 3 = 100000
ffff8e67c6eea480 3927826698 S Ci:2:006:0 s c0 bc 0800 0016 0002 2 <
ffff8e67c6eea480 3927829404 C Ci:2:006:0 0 2 = 0900
ffff8e67c6eea480 3927829564 S Ci:2:006:0 s c0 bc 0900 001c 0002 2 <
ffff8e67c6eea480 3927832167 C Ci:2:006:0 0 2 = 2e6f
ffff8e67c6eea480 3927832286 S Ci:2:006:0 s c0 bc 0800 23be 0002 2 <
ffff8e67c6eea480 3927834881 C Ci:2:006:0 0 2 = 0000
ffff8e67c6eea480 3927835077 S Co:2:006:0 s 40 bc 0900 0014 0002 2 = d39e
ffff8e67c6eea480 3927837648 C Co:2:006:0 0 2 >
ffff8e67c6eea480 3927837693 S Ci:2:006:0 s c0 bc 0900 001c 0002 2 <
ffff8e67c6eea480 3927840302 C Ci:2:006:0 0 2 = 2e6f
ffff8e67c6eea480 3927840439 S Co:2:006:0 s 40 bc 0800 00c0 0002 2 = 98cc
ffff8e67c6eea480 3927843000 C Co:2:006:0 0 2 >
ffff8e67c6eea480 3927843135 S Co:2:006:0 s 40 b9 0000 0000 0004 4 = 09009c02
ffff8e67c6eea480 3927845741 C Co:2:006:0 0 4 >
ffff8e67c6eea480 3927845914 S Ii:2:006:3 -115:1 3 <
ffff8e67c6eea480 3927847153 C Ii:2:006:3 0:1 3 = 100000
ffff8e67c6eea480 3927847231 S Ci:2:006:0 s c0 bc 0800 0016 0002 2 <
ffff8e67c6eea480 3927849908 C Ci:2:006:0 0 2 = 0900
ffff8e67c6eea480 3927850049 S Ci:2:006:0 s c0 bc 0900 001c 0002 2 <
ffff8e67c6eea480 3927852676 C Ci:2:006:0 0 2 = 2e6f
ffff8e67c6eea480 3927852749 S Ci:2:006:0 s c0 bc 0800 23be 0002 2 <
ffff8e67c6eea480 3927855562 C Ci:2:006:0 0 2 = 0000
ffff8e67c6eea480 3927855639 S Co:2:006:0 s 40 bc 0900 0014 0002 2 = d39e
ffff8e67c6eea480 3927858356 C Co:2:006:0 0 2 >
ffff8e67c6eea480 3927858409 S Ci:2:006:0 s c0 bc 0900 001c 0002 2 <
ffff8e67c6eea480 3927861010 C Ci:2:006:0 0 2 = 2e6f
ffff8e67c6eea480 3927861098 S Co:2:006:0 s 40 bc 0800 00c0 0002 2 = 99cc
ffff8e67c6eea480 3927863768 C Co:2:006:0 0 2 >
ffff8e67c6eea480 3927863856 S Co:2:006:0 s 40 b9 0000 0000 0004 4 = 09009c02
ffff8e67c6eea480 3927866660 C Co:2:006:0 0 4 >
ffff8e67c6eea480 3927866745 S Ii:2:006:3 -115:1 3 <
ffff8e67c6eea480 3927867935 C Ii:2:006:3 0:1 3 = 100000
ffff8e67c6eea480 3927868069 S Ci:2:006:0 s c0 bc 0800 0016 0002 2 <
ffff8e67c6eea480 3927870664 C Ci:2:006:0 0 2 = 0900
ffff8e67c6eea480 3927870779 S Ci:2:006:0 s c0 bc 0900 001c 0002 2 <
ffff8e67c6eea480 3927873351 C Ci:2:006:0 0 2 = 2e6f
ffff8e67c6eea480 3927873448 S Ci:2:006:0 s c0 bc 0800 23be 0002 2 <
ffff8e67c6eea480 3927876075 C Ci:2:006:0 0 2 = 0000
ffff8e67c6eea480 3927876167 S Co:2:006:0 s 40 bc 0900 0014 0002 2 = d39e
ffff8e67c6eea480 3927878887 C Co:2:006:0 0 2 >
ffff8e67c6eea480 3927879004 S Ci:2:006:0 s c0 bc 0900 001c 0002 2 <
ffff8e67c6eea480 3927881519 C Ci:2:006:0 0 2 = 2e6f
ffff8e67c6eea480 3927881639 S Co:2:006:0 s 40 bc 0800 00c0 0002 2 = 9acc
ffff8e67c6eea480 3927884447 C Co:2:006:0 0 2 >
ffff8e67c6eea480 3927884511 S Co:2:006:0 s 40 b9 0000 0000 0004 4 = 09009c02
ffff8e67c6eea480 3927887011 C Co:2:006:0 0 4 >
ffff8e67c6eea480 3927887089 S Ii:2:006:3 -115:1 3 <
ffff8e67c6eea480 3927888376 C Ii:2:006:3 0:1 3 = 100000
ffff8e67c6eea480 3927888462 S Ci:2:006:0 s c0 bc 0800 0016 0002 2 <
ffff8e67c6eea480 3927891286 C Ci:2:006:0 0 2 = 0900
ffff8e67c6eea480 3927891372 S Ci:2:006:0 s c0 bc 0900 001c 0002 2 <
ffff8e67c6eea480 3927894109 C Ci:2:006:0 0 2 = 2e6f
ffff8e67c6eea480 3927894169 S Ci:2:006:0 s c0 bc 0800 23be 0002 2 <
ffff8e67c6eea480 3927896844 C Ci:2:006:0 0 2 = 0000
ffff8e67c6eea480 3927896934 S Co:2:006:0 s 40 bc 0900 0014 0002 2 = d39e
ffff8e67c6eea480 3927899549 C Co:2:006:0 0 2 >
ffff8e67c6eea480 3927899641 S Ci:2:006:0 s c0 bc 0900 001c 0002 2 <
ffff8e67c6eea480 3927902310 C Ci:2:006:0 0 2 = 2e6f
ffff8e67c6eea480 3927902402 S Co:2:006:0 s 40 bc 0800 00c0 0002 2 = 9bdc
ffff8e67c6eea480 3927905030 C Co:2:006:0 0 2 >
ffff8e67c6eea480 3927905117 S Co:2:006:0 s 40 b9 0000 0000 0004 4 = 09009c02
ffff8e67c6eea480 3927907833 C Co:2:006:0 0 4 >
ffff8e67c6eea480 3927908011 S Ii:2:006:3 -115:1 3 <
ffff8e67c6eea480 3927909186 C Ii:2:006:3 0:1 3 = 100000
ffff8e67c6eea480 3927909300 S Ci:2:006:0 s c0 bc 0800 0016 0002 2 <
ffff8e67c6eea480 3927911932 C Ci:2:006:0 0 2 = 0900
ffff8e67c6eea480 3927912024 S Ci:2:006:0 s c0 bc 0900 001c 0002 2 <
ffff8e67c6eea480 3927914734 C Ci:2:006:0 0 2 = 2e6f
ffff8e67c6eea480 3927914842 S Ci:2:006:0 s c0 bc 0800 23be 0002 2 <
ffff8e67c6eea480 3927917389 C Ci:2:006:0 0 2 = 0000
ffff8e67c6eea480 3927917478 S Co:2:006:0 s 40 bc 0900 0014 0002 2 = d39e
ffff8e67c6eea480 3927920202 C Co:2:006:0 0 2 >
ffff8e67c6eea480 3927920295 S Ci:2:006:0 s c0 bc 0900 001c 0002 2 <
ffff8e67c6eea480 3927923014 C Ci:2:006:0 0 2 = 2e6f
ffff8e67c6eea480 3927923111 S Co:2:006:0 s 40 bc 0800 00c0 0002 2 = 9ccc
ffff8e67c6eea480 3927925662 C Co:2:006:0 0 2 >
ffff8e67c6eea480 3927925753 S Co:2:006:0 s 40 b9 0000 0000 0004 4 = 09009c02
ffff8e67c6eea480 3927928364 C Co:2:006:0 0 4 >
ffff8e67c6eea480 3927928446 S Ii:2:006:3 -115:1 3 <
ffff8e67c6eea480 3927929620 C Ii:2:006:3 0:1 3 = 100000
ffff8e67c6eea480 3927929705 S Ci:2:006:0 s c0 bc 0800 0016 0002 2 <
ffff8e67c6eea480 3927932434 C Ci:2:006:0 0 2 = 0900
ffff8e67c6eea480 3927932539 S Ci:2:006:0 s c0 bc 0900 001c 0002 2 <
ffff8e67c6eea480 3927935308 C Ci:2:006:0 0 2 = 2e6f
ffff8e67c6eea480 3927935351 S Ci:2:006:0 s c0 bc 0800 23be 0002 2 <
ffff8e67c6eea480 3927938066 C Ci:2:006:0 0 2 = 0000
ffff8e67c6eea480 3927938144 S Co:2:006:0 s 40 bc 0900 0014 0002 2 = d39e
ffff8e67c6eea480 3927940858 C Co:2:006:0 0 2 >
ffff8e67c6eea480 3927940936 S Ci:2:006:0 s c0 bc 0900 001c 0002 2 <
ffff8e67c6eea480 3927943536 C Ci:2:006:0 0 2 = 2e6f
ffff8e67c6eea480 3927943623 S Co:2:006:0 s 40 bc 0800 00c0 0002 2 = 9dcc
ffff8e67c6eea480 3927946283 C Co:2:006:0 0 2 >
ffff8e67c6eea480 3927946410 S Co:2:006:0 s 40 b9 0000 0000 0004 4 = 09009c02
ffff8e67c6eea480 3927949020 C Co:2:006:0 0 4 >
ffff8e67c6eea480 3927949140 S Ii:2:006:3 -115:1 3 <
ffff8e67c6eea480 3927950395 C Ii:2:006:3 0:1 3 = 100000
ffff8e67c6eea480 3927950446 S Ci:2:006:0 s c0 bc 0800 0016 0002 2 <
ffff8e67c6eea480 3927953127 C Ci:2:006:0 0 2 = 0900
ffff8e67c6eea480 3927953270 S Ci:2:006:0 s c0 bc 0900 001c 0002 2 <
ffff8e67c6eea480 3927955961 C Ci:2:006:0 0 2 = 2e6f
ffff8e67c6eea480 3927956028 S Ci:2:006:0 s c0 bc 0800 23be 0002 2 <
ffff8e67c6eea480 3927958636 C Ci:2:006:0 0 2 = 0000
ffff8e67c6eea480 3927958750 S Co:2:006:0 s 40 bc 0900 0014 0002 2 = d39e
ffff8e67c6eea480 3927961420 C Co:2:006:0 0 2 >
ffff8e67c6eea480 3927961586 S Ci:2:006:0 s c0 bc 0900 001c 0002 2 <
ffff8e67c6eea480 3927964179 C Ci:2:006:0 0 2 = 2e6f
ffff8e67c6eea480 3927964247 S Co:2:006:0 s 40 bc 0800 00c0 0002 2 = 9ecc
ffff8e67c6eea480 3927966825 C Co:2:006:0 0 2 >
ffff8e67c6eea480 3927966991 S Co:2:006:0 s 40 b9 0000 0000 0004 4 = 09009c02
ffff8e67c6eea480 3927969545 C Co:2:006:0 0 4 >
ffff8e67c6eea480 3927969651 S Ii:2:006:3 -115:1 3 <
ffff8e67c6eea480 3927970865 C Ii:2:006:3 0:1 3 = 100000
ffff8e67c6eea480 3927971073 S Ci:2:006:0 s c0 bc 0800 0016 0002 2 <
ffff8e67c6eea480 3927973704 C Ci:2:006:0 0 2 = 0900
ffff8e67c6eea480 3927973944 S Ci:2:006:0 s c0 bc 0900 001c 0002 2 <
ffff8e67c6eea480 3927976507 C Ci:2:006:0 0 2 = 2e6f
ffff8e67c6eea480 3927976642 S Ci:2:006:0 s c0 bc 0800 23be 0002 2 <
ffff8e67c6eea480 3927979274 C Ci:2:006:0 0 2 = 0000
ffff8e67c6eea480 3927979423 S Co:2:006:0 s 40 bc 0900 0014 0002 2 = d39e
ffff8e67c6eea480 3927982019 C Co:2:006:0 0 2 >
ffff8e67c6eea480 3927982110 S Ci:2:006:0 s c0 bc 0900 001c 0002 2 <
ffff8e67c6eea480 3927984794 C Ci:2:006:0 0 2 = 2e6f
ffff8e67c6eea480 3927984899 S Co:2:006:0 s 40 bc 0800 00c0 0002 2 = 9fcc
ffff8e67c6eea480 3927987475 C Co:2:006:0 0 2 >
ffff8e67c6eea480 3927987571 S Co:2:006:0 s 40 b9 0000 0000 0004 4 = 09009c02
ffff8e67c6eea480 3927990282 C Co:2:006:0 0 4 >
ffff8e67c6eea480 3927990415 S Ii:2:006:3 -115:1 3 <
ffff8e67c6eea480 3927991673 C Ii:2:006:3 0:1 3 = 100000
ffff8e67c6eea480 3927991749 S Ci:2:006:0 s c0 bc 0800 0016 0002 2 <
ffff8e67c6eea480 3927994389 C Ci:2:006:0 0 2 = 0900
ffff8e67c6eea480 3927994543 S Ci:2:006:0 s c0 bc 0900 001c 0002 2 <
ffff8e67c6eea480 3927997165 C Ci:2:006:0 0 2 = 2e6f
ffff8e67c6eea480 3927997246 S Ci:2:006:0 s c0 bc 0800 23be 0002 2 <
ffff8e67c6eea480 3927999867 C Ci:2:006:0 0 2 = 0000
ffff8e67c6eea480 3928000071 S Co:2:006:0 s 40 bc 0900 0014 0002 2 = d39e
ffff8e67c6eea480 3928002624 C Co:2:006:0 0 2 >
ffff8e67c6eea480 3928002774 S Ci:2:006:0 s c0 bc 0900 001c 0002 2 <
ffff8e67c6eea480 3928005362 C Ci:2:006:0 0 2 = 2e6f
ffff8e67c6eea480 3928005463 S Co:2:006:0 s 40 bc 0800 00c0 0002 2 = a0cc
ffff8e67c6eea480 3928008052 C Co:2:006:0 0 2 >
ffff8e67c6eea480 3928008162 S Co:2:006:0 s 40 b9 0000 0000 0004 4 = 09009c02
ffff8e67c6eea480 3928010778 C Co:2:006:0 0 4 >
ffff8e67c6eea480 3928010851 S Ii:2:006:3 -115:1 3 <
ffff8e67c6eea480 3928012069 C Ii:2:006:3 0:1 3 = 100000
ffff8e67c6eea480 3928012143 S Ci:2:006:0 s c0 bc 0800 0016 0002 2 <
ffff8e67c6eea480 3928014914 C Ci:2:006:0 0 2 = 0900
ffff8e67c6eea480 3928015094 S Ci:2:006:0 s c0 bc 0900 001c 0002 2 <
ffff8e67c6eea480 3928017626 C Ci:2:006:0 0 2 = 2e6f
ffff8e67c6eea480 3928017766 S Ci:2:006:0 s c0 bc 0800 23be 0002 2 <
ffff8e67c6eea480 3928020232 C Ci:2:006:0 0 2 = 0000
ffff8e67c6eea480 3928020391 S Co:2:006:0 s 40 bc 0900 0014 0002 2 = d39e
ffff8e67c6eea480 3928022894 C Co:2:006:0 0 2 >
ffff8e67c6eea480 3928023070 S Ci:2:006:0 s c0 bc 0900 001c 0002 2 <
ffff8e67c6eea480 3928025627 C Ci:2:006:0 0 2 = 2e6f
ffff8e67c6eea480 3928025773 S Co:2:006:0 s 40 bc 0800 00c0 0002 2 = a1cc
ffff8e67c6eea480 3928028398 C Co:2:006:0 0 2 >
ffff8e67c6eea480 3928028568 S Co:2:006:0 s 40 b9 0000 0000 0004 4 = 09009c02
ffff8e67c6eea480 3928031219 C Co:2:006:0 0 4 >
ffff8e67c6eea480 3928031340 S Ii:2:006:3 -115:1 3 <
ffff8e67c6eea480 3928032463 C Ii:2:006:3 0:1 3 = 100000
ffff8e67c6eea480 3928032641 S Ci:2:006:0 s c0 bc 0800 0016 0002 2 <
ffff8e67c6eea480 3928035212 C Ci:2:006:0 0 2 = 0900
ffff8e67c6eea480 3928035304 S Ci:2:006:0 s c0 bc 0900 001c 0002 2 <
ffff8e67c6eea480 3928037874 C Ci:2:006:0 0 2 = 2e6f
ffff8e67c6eea480 3928037930 S Ci:2:006:0 s c0 bc 0800 23be 0002 2 <
ffff8e67c6eea480 3928040700 C Ci:2:006:0 0 2 = 0000
ffff8e67c6eea480 3928040896 S Co:2:006:0 s 40 bc 0900 0014 0002 2 = d39e
ffff8e67c6eea480 3928043413 C Co:2:006:0 0 2 >
ffff8e67c6eea480 3928043570 S Ci:2:006:0 s c0 bc 0900 001c 0002 2 <
ffff8e67c6eea480 3928046106 C Ci:2:006:0 0 2 = 2e6f
ffff8e67c6eea480 3928046163 S Co:2:006:0 s 40 bc 0800 00c0 0002 2 = a2cc
ffff8e67c6eea480 3928048881 C Co:2:006:0 0 2 >
ffff8e67c6eea480 3928049047 S Co:2:006:0 s 40 b9 0000 0000 0004 4 = 09009c02
ffff8e67c6eea480 3928051602 C Co:2:006:0 0 4 >
ffff8e67c6eea480 3928051752 S Ii:2:006:3 -115:1 3 <
ffff8e67c6eea480 3928052986 C Ii:2:006:3 0:1 3 = 100000
ffff8e67c6eea480 3928053065 S Ci:2:006:0 s c0 bc 0800 0016 0002 2 <
ffff8e67c6eea480 3928055837 C Ci:2:006:0 0 2 = 0900
ffff8e67c6eea480 3928056022 S Ci:2:006:0 s c0 bc 0900 001c 0002 2 <
ffff8e67c6eea480 3928058606 C Ci:2:006:0 0 2 = 2e6f
ffff8e67c6eea480 3928058692 S Ci:2:006:0 s c0 bc 0800 23be 0002 2 <
ffff8e67c6eea480 3928061133 C Ci:2:006:0 0 2 = 0000
ffff8e67c6eea480 3928061243 S Co:2:006:0 s 40 bc 0900 0014 0002 2 = d39e
ffff8e67c6eea480 3928063810 C Co:2:006:0 0 2 >
ffff8e67c6eea480 3928063982 S Ci:2:006:0 s c0 bc 0900 001c 0002 2 <
ffff8e67c6eea480 3928066473 C Ci:2:006:0 0 2 = 2e6f
ffff8e67c6eea480 3928066649 S Co:2:006:0 s 40 bc 0800 00c0 0002 2 = a3dc
ffff8e67c6eea480 3928069298 C Co:2:006:0 0 2 >
ffff8e67c6eea480 3928069483 S Co:2:006:0 s 40 b9 0000 0000 0004 4 = 09009c02
ffff8e67c6eea480 3928072040 C Co:2:006:0 0 4 >
ffff8e67c6eea480 3928072216 S Ii:2:006:3 -115:1 3 <
ffff8e67c6eea480 3928073325 C Ii:2:006:3 0:1 3 = 100000
ffff8e67c6eea480 3928073429 S Ci:2:006:0 s c0 bc 0800 0016 0002 2 <
ffff8e67c6eea480 3928076148 C Ci:2:006:0 0 2 = 0900
ffff8e67c6eea480 3928076241 S Ci:2:006:0 s c0 bc 0900 001c 0002 2 <
ffff8e67c6eea480 3928078728 C Ci:2:006:0 0 2 = 2e6f
ffff8e67c6eea480 3928078810 S Ci:2:006:0 s c0 bc 0800 23be 0002 2 <
ffff8e67c6eea480 3928081376 C Ci:2:006:0 0 2 = 0000
ffff8e67c6eea480 3928081460 S Co:2:006:0 s 40 bc 0900 0014 0002 2 = d39e
ffff8e67c6eea480 3928084153 C Co:2:006:0 0 2 >
ffff8e67c6eea480 3928084237 S Ci:2:006:0 s c0 bc 0900 001c 0002 2 <
ffff8e67c6eea480 3928086868 C Ci:2:006:0 0 2 = 2e6f
ffff8e67c6eea480 3928087085 S Co:2:006:0 s 40 bc 0800 00c0 0002 2 = a4cc
ffff8e67c6eea480 3928089669 C Co:2:006:0 0 2 >
ffff8e67c6eea480 3928089809 S Co:2:006:0 s 40 b9 0000 0000 0004 4 = 09009c02
ffff8e67c6eea480 3928092361 C Co:2:006:0 0 4 >
ffff8e67c6eea480 3928092504 S Ii:2:006:3 -115:1 3 <
ffff8e67c6eea480 3928093766 C Ii:2:006:3 0:1 3 = 100000
ffff8e67c6eea480 3928093835 S Ci:2:006:0 s c0 bc 0800 0016 0002 2 <
ffff8e67c6eea480 3928096534 C Ci:2:006:0 0 2 = 0900
ffff8e67c6eea480 3928096599 S Ci:2:006:0 s c0 bc 0900 001c 0002 2 <
ffff8e67c6eea480 3928099257 C Ci:2:006:0 0 2 = 2e6f
ffff8e67c6eea480 3928099412 S Ci:2:006:0 s c0 bc 0800 23be 0002 2 <
ffff8e67c6eea480 3928101975 C Ci:2:006:0 0 2 = 0000
ffff8e67c6eea480 3928102150 S Co:2:006:0 s 40 bc 0900 0014 0002 2 = d39e
ffff8e67c6eea480 3928104839 C Co:2:006:0 0 2 >
ffff8e67c6eea480 3928105073 S Ci:2:006:0 s c0 bc 0900 001c 0002 2 <
ffff8e67c6eea480 3928107461 C Ci:2:006:0 0 2 = 2e6f
ffff8e67c6eea480 3928107577 S Co:2:006:0 s 40 bc 0800 00c0 0002 2 = a5ec
ffff8e67c6eea480 3928110263 C Co:2:006:0 0 2 >
ffff8e67c6eea480 3928110400 S Co:2:006:0 s 40 b9 0000 0000 0004 4 = 09009c02
ffff8e67c6eea480 3928112984 C Co:2:006:0 0 4 >
ffff8e67c6eea480 3928113143 S Ii:2:006:3 -115:1 3 <
ffff8e67c6eea480 3928114302 C Ii:2:006:3 0:1 3 = 100000
ffff8e67c6eea480 3928114449 S Ci:2:006:0 s c0 bc 0800 0016 0002 2 <
ffff8e67c6eea480 3928116958 C Ci:2:006:0 0 2 = 0900
ffff8e67c6eea480 3928117094 S Ci:2:006:0 s c0 bc 0900 001c 0002 2 <
ffff8e67c6eea480 3928119715 C Ci:2:006:0 0 2 = 2e6f
ffff8e67c6eea480 3928119758 S Ci:2:006:0 s c0 bc 0800 23be 0002 2 <
ffff8e67c6eea480 3928122372 C Ci:2:006:0 0 2 = 0000
ffff8e67c6eea480 3928122431 S Co:2:006:0 s 40 bc 0900 0014 0002 2 = d39e
ffff8e67c6eea480 3928125148 C Co:2:006:0 0 2 >
ffff8e67c6eea480 3928125376 S Ci:2:006:0 s c0 bc 0900 001c 0002 2 <
ffff8e67c6eea480 3928127912 C Ci:2:006:0 0 2 = 2e6f
ffff8e67c6eea480 3928130083 S Co:2:006:0 s 40 bc 0800 00c0 0002 2 = a6cc
ffff8e67c6eea480 3928132686 C Co:2:006:0 0 2 >
ffff8e67c6eea480 3928132816 S Co:2:006:0 s 40 b9 0000 0000 0004 4 = 09009c02
ffff8e67c6eea480 3928135387 C Co:2:006:0 0 4 >
ffff8e67c6eea480 3928135730 S Ii:2:006:3 -115:1 3 <
ffff8e67c6eea480 3928136663 C Ii:2:006:3 0:1 3 = 100000
ffff8e67c6eea480 3928136806 S Ci:2:006:0 s c0 bc 0800 0016 0002 2 <
ffff8e67c6eea480 3928139391 C Ci:2:006:0 0 2 = 0900
ffff8e67c6eea480 3928139626 S Ci:2:006:0 s c0 bc 0900 001c 0002 2 <
ffff8e67c6eea480 3928142163 C Ci:2:006:0 0 2 = 2e6f
ffff8e67c6eea480 3928142366 S Ci:2:006:0 s c0 bc 0800 23be 0002 2 <
ffff8e67c6eea480 3928144947 C Ci:2:006:0 0 2 = 0000
ffff8e67c6eea480 3928145132 S Co:2:006:0 s 40 bc 0900 0014 0002 2 = d39e
ffff8e67c6eea480 3928147652 C Co:2:006:0 0 2 >
ffff8e67c6eea480 3928147894 S Ci:2:006:0 s c0 bc 0900 001c 0002 2 <
ffff8e67c6eea480 3928150390 C Ci:2:006:0 0 2 = 2e6f
ffff8e67c6eea480 3928150574 S Co:2:006:0 s 40 bc 0800 00c0 0002 2 = a7c8
ffff8e67c6eea480 3928153223 C Co:2:006:0 0 2 >
ffff8e67c6eea480 3928153393 S Co:2:006:0 s 40 b9 0000 0000 0004 4 = 09009c02
ffff8e67c6eea480 3928155857 C Co:2:006:0 0 4 >
ffff8e67c6eea480 3928155990 S Ii:2:006:3 -115:1 3 <
ffff8e67c6eea480 3928157220 C Ii:2:006:3 0:1 3 = 100000
ffff8e67c6eea480 3928157330 S Ci:2:006:0 s c0 bc 0800 0016 0002 2 <
ffff8e67c6eea480 3928160085 C Ci:2:006:0 0 2 = 0900
ffff8e67c6eea480 3928160167 S Ci:2:006:0 s c0 bc 0900 001c 0002 2 <
ffff8e67c6eea480 3928162850 C Ci:2:006:0 0 2 = 2e6f
ffff8e67c6eea480 3928163097 S Ci:2:006:0 s c0 bc 0800 23be 0002 2 <
ffff8e67c6eea480 3928165559 C Ci:2:006:0 0 2 = 0000
ffff8e67c6eea480 3928165641 S Co:2:006:0 s 40 bc 0900 0014 0002 2 = d39e
ffff8e67c6eea480 3928168236 C Co:2:006:0 0 2 >
ffff8e67c6eea480 3928168358 S Ci:2:006:0 s c0 bc 0900 001c 0002 2 <
ffff8e67c6eea480 3928171036 C Ci:2:006:0 0 2 = 2e6f
ffff8e67c6eea480 3928171117 S Co:2:006:0 s 40 bc 0800 00c0 0002 2 = a8cd
ffff8e67c6eea480 3928173740 C Co:2:006:0 0 2 >
ffff8e67c6eea480 3928173905 S Co:2:006:0 s 40 b9 0000 0000 0004 4 = 09009c02
ffff8e67c6eea480 3928176537 C Co:2:006:0 0 4 >
ffff8e67c6eea480 3928176628 S Ii:2:006:3 -115:1 3 <
ffff8e67c6eea480 3928180045 C Ii:2:006:3 0:1 3 = 100000
ffff8e67c6eea480 3928180200 S Ci:2:006:0 s c0 bc 0800 0016 0002 2 <
ffff8e67c6eea480 3928182781 C Ci:2:006:0 0 2 = 0900
ffff8e67c6eea480 3928183638 S Ci:2:006:0 s c0 bc 0900 001c 0002 2 <
ffff8e67c6eea480 3928185495 C Ci:2:006:0 0 2 = 2e6f
ffff8e67c6eea480 3928185599 S Ci:2:006:0 s c0 bc 0800 23be 0002 2 <
ffff8e67c6eea480 3928188216 C Ci:2:006:0 0 2 = 0000
ffff8e67c6eea480 3928188406 S Co:2:006:0 s 40 bc 0900 0014 0002 2 = d39e
ffff8e67c6eea480 3928191014 C Co:2:006:0 0 2 >
ffff8e67c6eea480 3928191216 S Ci:2:006:0 s c0 bc 0900 001c 0002 2 <
ffff8e67c6eea480 3928193711 C Ci:2:006:0 0 2 = 2e6f
ffff8e67c6eea480 3928193869 S Co:2:006:0 s 40 bc 0800 00c0 0002 2 = a9ec
ffff8e67c6eea480 3928196465 C Co:2:006:0 0 2 >
ffff8e67c6eea480 3928196628 S Co:2:006:0 s 40 b9 0000 0000 0004 4 = 09009c02
ffff8e67c6eea480 3928199321 C Co:2:006:0 0 4 >
ffff8e67c6eea480 3928199379 S Ii:2:006:3 -115:1 3 <
ffff8e67c6eea480 3928200561 C Ii:2:006:3 0:1 3 = 100000
ffff8e67c26dbe40 3928203647 S Ci:2:006:0 s c0 bc 0800 0016 0002 2 <
ffff8e67c26dbe40 3928205512 C Ci:2:006:0 0 2 = 0900
ffff8e67c26dbe40 3928205569 S Ci:2:006:0 s c0 bc 0900 001c 0002 2 <
ffff8e67c26dbe40 3928208230 C Ci:2:006:0 0 2 = 2e6f
ffff8e67c4a97cc0 3928208337 S Ci:2:006:0 s c0 bc 0800 23be 0002 2 <
ffff8e67c4a97cc0 3928211043 C Ci:2:006:0 0 2 = 0000
ffff8e67c4a97cc0 3928211221 S Co:2:006:0 s 40 bc 0900 0014 0002 2 = d39e
ffff8e67c4a97cc0 3928213715 C Co:2:006:0 0 2 >
ffff8e67c4a97cc0 3928213766 S Ci:2:006:0 s c0 bc 0900 001c 0002 2 <
ffff8e67c4a97cc0 3928216456 C Ci:2:006:0 0 2 = 2e6f
ffff8e67c4a97cc0 3928216487 S Co:2:006:0 s 40 bc 0800 00c0 0002 2 = aacc
ffff8e67c4a97cc0 3928219130 C Co:2:006:0 0 2 >
ffff8e67c4a97cc0 3928219162 S Co:2:006:0 s 40 b9 0000 0000 0004 4 = 09009c02
ffff8e67c4a97cc0 3928221829 C Co:2:006:0 0 4 >
ffff8e67c4a97cc0 3928221868 S Ii:2:006:3 -115:1 3 <
ffff8e67c4a97cc0 3928223159 C Ii:2:006:3 0:1 3 = 100000
ffff8e67c4a97cc0 3928223239 S Ci:2:006:0 s c0 bc 0800 0016 0002 2 <
ffff8e67c4a97cc0 3928225895 C Ci:2:006:0 0 2 = 0900
ffff8e67c4a97cc0 3928225945 S Ci:2:006:0 s c0 bc 0900 001c 0002 2 <
ffff8e67c4a97cc0 3928228676 C Ci:2:006:0 0 2 = 2e6f
ffff8e67c4a97cc0 3928228790 S Ci:2:006:0 s c0 bc 0800 23be 0002 2 <
ffff8e67c4a97cc0 3928231592 C Ci:2:006:0 0 2 = 0000
ffff8e67c4a97cc0 3928231644 S Co:2:006:0 s 40 bc 0900 0014 0002 2 = d39e
ffff8e67c4a97cc0 3928234274 C Co:2:006:0 0 2 >
ffff8e67c4a97cc0 3928234328 S Ci:2:006:0 s c0 bc 0900 001c 0002 2 <
ffff8e67c4a97cc0 3928237057 C Ci:2:006:0 0 2 = 2e6f
ffff8e67c4a97cc0 3928237235 S Co:2:006:0 s 40 bc 0800 00c0 0002 2 = abcc
ffff8e67c4a97cc0 3928239763 C Co:2:006:0 0 2 >
ffff8e67c4a97cc0 3928239794 S Co:2:006:0 s 40 b9 0000 0000 0004 4 = 09009c02
ffff8e67c4a97cc0 3928242479 C Co:2:006:0 0 4 >
ffff8e67c4a97cc0 3928242526 S Ii:2:006:3 -115:1 3 <
ffff8e67c4a97cc0 3928243801 C Ii:2:006:3 0:1 3 = 100000
ffff8e67c4a97cc0 3928243829 S Ci:2:006:0 s c0 bc 0800 0016 0002 2 <
ffff8e67c4a97cc0 3928246619 C Ci:2:006:0 0 2 = 0900
ffff8e67c4a97cc0 3928246657 S Ci:2:006:0 s c0 bc 0900 001c 0002 2 <
ffff8e67c4a97cc0 3928250363 C Ci:2:006:0 0 2 = 2e6f
ffff8e67c4a97cc0 3928250433 S Ci:2:006:0 s c0 bc 0800 23be 0002 2 <
ffff8e67c4a97cc0 3928253116 C Ci:2:006:0 0 2 = 0000
ffff8e67c4a97cc0 3928253153 S Co:2:006:0 s 40 bc 0900 0014 0002 2 = d39e
ffff8e67c4a97cc0 3928255866 C Co:2:006:0 0 2 >
ffff8e67c4a97cc0 3928255944 S Ci:2:006:0 s c0 bc 0900 001c 0002 2 <
ffff8e67c4a97cc0 3928258628 C Ci:2:006:0 0 2 = 2e6f
ffff8e67c4a97cc0 3928258666 S Co:2:006:0 s 40 bc 0800 00c0 0002 2 = 0495
ffff8e67c4a97cc0 3928261428 C Co:2:006:0 0 2 >
ffff8e67c4a97cc0 3928261478 S Co:2:006:0 s 40 b9 0000 0000 0004 4 = 09009802
ffff8e67c4a97cc0 3928264310 C Co:2:006:0 0 4 >
ffff8e67c4a97cc0 3928264443 S Ii:2:006:3 -115:1 3 <
ffff8e67c4a97cc0 3928265746 C Ii:2:006:3 0:1 3 = 100000
ffff8e67c4a97cc0 3928265811 S Ci:2:006:0 s c0 bc 0800 0016 0002 2 <
ffff8e67c4a97cc0 3928268559 C Ci:2:006:0 0 2 = 0900
ffff8e67c4a97cc0 3928268689 S Ci:2:006:0 s c0 bc 0900 001c 0002 2 <
ffff8e67c4a97cc0 3928271263 C Ci:2:006:0 0 2 = 2e6f
ffff8e67c4a97cc0 3928271310 S Ci:2:006:0 s c0 bc 0800 23be 0002 2 <
ffff8e67c4a97cc0 3928274071 C Ci:2:006:0 0 2 = 0000
ffff8e67c4a97cc0 3928274104 S Co:2:006:0 s 40 bc 0900 0014 0002 2 = d39e
ffff8e67c4a97cc0 3928276656 C Co:2:006:0 0 2 >
ffff8e67c4a97cc0 3928276736 S Ci:2:006:0 s c0 bc 0900 001c 0002 2 <
ffff8e67c4a97cc0 3928279333 C Ci:2:006:0 0 2 = 2e6f
ffff8e67c4a97cc0 3928279374 S Co:2:006:0 s 40 bc 0800 00c0 0004 4 = 99898b00
ffff8e67c4a97cc0 3928282060 C Co:2:006:0 0 4 >
ffff8e67c4a97cc0 3928282104 S Co:2:006:0 s 40 b9 0000 0000 0004 4 = 09006603
ffff8e67c4a97cc0 3928284753 C Co:2:006:0 0 4 >
ffff8e67c4a97cc0 3928284793 S Ii:2:006:3 -115:1 3 <
ffff8e67c4a97cc0 3928286088 C Ii:2:006:3 0:1 3 = 100000
ffff8e67c4a97cc0 3928286130 S Ci:2:006:0 s c0 bc 0800 0016 0002 2 <
ffff8e67c4a97cc0 3928288848 C Ci:2:006:0 0 2 = 0900
ffff8e67c4a97cc0 3928288890 S Ci:2:006:0 s c0 bc 0900 001c 0002 2 <
ffff8e67c4a97cc0 3928291652 C Ci:2:006:0 0 2 = 2e6f
ffff8e67c4a97cc0 3928291692 S Ci:2:006:0 s c0 bc 0800 23be 0002 2 <
ffff8e67c4a97cc0 3928294449 C Ci:2:006:0 0 2 = 0000
ffff8e67c4a97cc0 3928294515 S Co:2:006:0 s 40 bc 0900 0014 0002 2 = d39e
ffff8e67c4a97cc0 3928297356 C Co:2:006:0 0 2 >
ffff8e67c4a97cc0 3928297412 S Ci:2:006:0 s c0 bc 0900 001c 0002 2 <
ffff8e67c4a97cc0 3928300135 C Ci:2:006:0 0 2 = 2e6f
ffff8e67c4a97cc0 3928300180 S Co:2:006:0 s 40 b9 0000 0000 0004 4 = 09016601
ffff8e67c4a97cc0 3928302843 C Co:2:006:0 0 4 >
ffff8e67c4a97cc0 3928302883 S Ii:2:006:3 -115:1 3 <
ffff8e67c4a97cc0 3928304238 C Ii:2:006:3 0:1 3 = 100000
ffff8e67c4a97cc0 3928304278 S Ci:2:006:0 s c0 bc 0800 0016 0002 2 <
ffff8e67c4a97cc0 3928307040 C Ci:2:006:0 0 2 = 0900
ffff8e67c4a97cc0 3928307079 S Ci:2:006:0 s c0 bc 0900 001c 0002 2 <
ffff8e67c4a97cc0 3928309778 C Ci:2:006:0 0 2 = 2e6f
ffff8e67c4a97cc0 3928309816 S Ci:2:006:0 s c0 bc 0800 23be 0004 4 <
ffff8e67c4a97cc0 3928312459 C Ci:2:006:0 0 4 = 00006ee0
ffff8e67c4a97cc0 3928312537 S Co:2:006:0 s 40 bc 0800 00c0 0002 2 = 70c0
ffff8e67c4a97cc0 3928315234 C Co:2:006:0 0 2 >
ffff8e67c4a97cc0 3928315275 S Co:2:006:0 s 40 b9 0000 0000 0004 4 = 09009802
ffff8e67c4a97cc0 3928317944 C Co:2:006:0 0 4 >
ffff8e67c4a97cc0 3928318038 S Ii:2:006:3 -115:1 3 <
ffff8e67c4a97cc0 3928319298 C Ii:2:006:3 0:1 3 = 100000
ffff8e67c4a97cc0 3928319338 S Ci:2:006:0 s c0 bc 0800 0016 0002 2 <
ffff8e67c4a97cc0 3928322061 C Ci:2:006:0 0 2 = 0900
ffff8e67c4a97cc0 3928322103 S Ci:2:006:0 s c0 bc 0900 001c 0002 2 <
ffff8e67c4a97cc0 3928324668 C Ci:2:006:0 0 2 = 2e6f
ffff8e67c4a97cc0 3928324709 S Ci:2:006:0 s c0 bc 0800 23be 0002 2 <
ffff8e67c4a97cc0 3928327432 C Ci:2:006:0 0 2 = 0000
ffff8e67c4a97cc0 3928327470 S Co:2:006:0 s 40 bc 0900 0014 0002 2 = d39e
ffff8e67c4a97cc0 3928330214 C Co:2:006:0 0 2 >
ffff8e67c4a97cc0 3928330257 S Ci:2:006:0 s c0 bc 0900 001c 0002 2 <
ffff8e67c4a97cc0 3928332981 C Ci:2:006:0 0 2 = 2e6f
ffff8e67c4a97cc0 3928333047 S Co:2:006:0 s 40 bc 0800 00c0 0002 2 = 0f88
ffff8e67c4a97cc0 3928335711 C Co:2:006:0 0 2 >
ffff8e67c4a97cc0 3928335752 S Co:2:006:0 s 40 b9 0000 0000 0004 4 = 09009802
ffff8e67c4a97cc0 3928338437 C Co:2:006:0 0 4 >
ffff8e67c4a97cc0 3928338477 S Ii:2:006:3 -115:1 3 <
ffff8e67c4a97cc0 3928339813 C Ii:2:006:3 0:1 3 = 100000
ffff8e67c4a97cc0 3928339854 S Ci:2:006:0 s c0 bc 0800 0016 0002 2 <
ffff8e67c4a97cc0 3928342574 C Ci:2:006:0 0 2 = 0900
ffff8e67c4a97cc0 3928342618 S Ci:2:006:0 s c0 bc 0900 001c 0002 2 <
ffff8e67c4a97cc0 3928345232 C Ci:2:006:0 0 2 = 2e6f
ffff8e67c4a97cc0 3928345283 S Ci:2:006:0 s c0 bc 0800 23be 0002 2 <
ffff8e67c4a97cc0 3928347896 C Ci:2:006:0 0 2 = 0000
ffff8e67c4a97cc0 3928347978 S Co:2:006:0 s 40 bc 0900 0014 0002 2 = d39e
ffff8e67c4a97cc0 3928350557 C Co:2:006:0 0 2 >
ffff8e67c4a97cc0 3928350599 S Ci:2:006:0 s c0 bc 0900 001c 0002 2 <
ffff8e67c4a97cc0 3928353213 C Ci:2:006:0 0 2 = 2e6f
ffff8e67c4a97cc0 3928353256 S Co:2:006:0 s 40 bc 0800 00c0 0002 2 = 907e
ffff8e67c4a97cc0 3928355922 C Co:2:006:0 0 2 >
ffff8e67c4a97cc0 3928355978 S Co:2:006:0 s 40 b9 0000 0000 0004 4 = 09009802
ffff8e67c4a97cc0 3928358554 C Co:2:006:0 0 4 >
ffff8e67c4a97cc0 3928358595 S Ii:2:006:3 -115:1 3 <
ffff8e67c4a97cc0 3928359925 C Ii:2:006:3 0:1 3 = 100000
ffff8e67c4a97cc0 3928359966 S Ci:2:006:0 s c0 bc 0800 0016 0002 2 <
ffff8e67c4a97cc0 3928362865 C Ci:2:006:0 0 2 = 0900
ffff8e67c4a97cc0 3928362935 S Ci:2:006:0 s c0 bc 0900 001c 0002 2 <
ffff8e67c4a97cc0 3928365563 C Ci:2:006:0 0 2 = 2e6f
ffff8e67c4a97cc0 3928365598 S Ci:2:006:0 s c0 bc 0800 23be 0002 2 <
ffff8e67c4a97cc0 3928368208 C Ci:2:006:0 0 2 = 0000
ffff8e67c4a97cc0 3928368300 S Co:2:006:0 s 40 bc 0900 0014 0002 2 = d39e
ffff8e67c4a97cc0 3928370920 C Co:2:006:0 0 2 >
ffff8e67c4a97cc0 3928370962 S Ci:2:006:0 s c0 bc 0900 001c 0002 2 <
ffff8e67c4a97cc0 3928373582 C Ci:2:006:0 0 2 = 2e6f
ffff8e67c4a97cc0 3928373622 S Co:2:006:0 s 40 bc 0800 00c0 0002 2 = 9177
ffff8e67c4a97cc0 3928376232 C Co:2:006:0 0 2 >
ffff8e67c4a97cc0 3928376285 S Co:2:006:0 s 40 b9 0000 0000 0004 4 = 09009802
ffff8e67c4a97cc0 3928378915 C Co:2:006:0 0 4 >
ffff8e67c4a97cc0 3928378955 S Ii:2:006:3 -115:1 3 <
ffff8e67c4a97cc0 3928380290 C Ii:2:006:3 0:1 3 = 100000
ffff8e67c4a97cc0 3928380328 S Ci:2:006:0 s c0 bc 0800 0016 0002 2 <
ffff8e67c4a97cc0 3928382962 C Ci:2:006:0 0 2 = 0900
ffff8e67c4a97cc0 3928383005 S Ci:2:006:0 s c0 bc 0900 001c 0002 2 <
ffff8e67c4a97cc0 3928385701 C Ci:2:006:0 0 2 = 2e6f
ffff8e67c4a97cc0 3928385743 S Ci:2:006:0 s c0 bc 0800 23be 0002 2 <
ffff8e67c4a97cc0 3928388420 C Ci:2:006:0 0 2 = 0000
ffff8e67c4a97cc0 3928388453 S Co:2:006:0 s 40 bc 0900 0014 0002 2 = d39e
ffff8e67c4a97cc0 3928391194 C Co:2:006:0 0 2 >
ffff8e67c4a97cc0 3928391237 S Ci:2:006:0 s c0 bc 0900 001c 0002 2 <
ffff8e67c4a97cc0 3928393923 C Ci:2:006:0 0 2 = 2e6f
ffff8e67c4a97cc0 3928393965 S Co:2:006:0 s 40 bc 0800 00c0 0002 2 = 95de
ffff8e67c4a97cc0 3928396558 C Co:2:006:0 0 2 >
ffff8e67c4a97cc0 3928396599 S Co:2:006:0 s 40 b9 0000 0000 0004 4 = 09009802
ffff8e67c4a97cc0 3928399223 C Co:2:006:0 0 4 >
ffff8e67c4a97cc0 3928399260 S Ii:2:006:3 -115:1 3 <
ffff8e67c4a97cc0 3928400540 C Ii:2:006:3 0:1 3 = 100000
ffff8e67c4a97cc0 3928400579 S Ci:2:006:0 s c0 bc 0800 0016 0002 2 <
ffff8e67c4a97cc0 3928403242 C Ci:2:006:0 0 2 = 0900
ffff8e67c4a97cc0 3928403281 S Ci:2:006:0 s c0 bc 0900 001c 0002 2 <
ffff8e67c4a97cc0 3928405926 C Ci:2:006:0 0 2 = 2e6f
ffff8e67c4a97cc0 3928405967 S Ci:2:006:0 s c0 bc 0800 23be 0002 2 <
ffff8e67c4a97cc0 3928408559 C Ci:2:006:0 0 2 = 0000
ffff8e67c4a97cc0 3928408600 S Co:2:006:0 s 40 bc 0900 0014 0002 2 = d39e
ffff8e67c4a97cc0 3928411194 C Co:2:006:0 0 2 >
ffff8e67c4a97cc0 3928411236 S Ci:2:006:0 s c0 bc 0900 001c 0002 2 <
ffff8e67c4a97cc0 3928413922 C Ci:2:006:0 0 2 = 2e6f
ffff8e67c4a97cc0 3928413964 S Co:2:006:0 s 40 bc 0800 00c0 0002 2 = 960a
ffff8e67c4a97cc0 3928416559 C Co:2:006:0 0 2 >
ffff8e67c4a97cc0 3928416619 S Co:2:006:0 s 40 b9 0000 0000 0004 4 = 09009802
ffff8e67c4a97cc0 3928419196 C Co:2:006:0 0 4 >
ffff8e67c4a97cc0 3928419237 S Ii:2:006:3 -115:1 3 <
ffff8e67c4a97cc0 3928420543 C Ii:2:006:3 0:1 3 = 100000
ffff8e67c4a97cc0 3928420583 S Ci:2:006:0 s c0 bc 0800 0016 0002 2 <
ffff8e67c4a97cc0 3928423180 C Ci:2:006:0 0 2 = 0900
ffff8e67c4a97cc0 3928423222 S Ci:2:006:0 s c0 bc 0900 001c 0002 2 <
ffff8e67c4a97cc0 3928425806 C Ci:2:006:0 0 2 = 2e6f
ffff8e67c4a97cc0 3928425858 S Ci:2:006:0 s c0 bc 0800 23be 0002 2 <
ffff8e67c4a97cc0 3928428416 C Ci:2:006:0 0 2 = 0000
ffff8e67c4a97cc0 3928428520 S Co:2:006:0 s 40 bc 0900 0014 0002 2 = d39e
ffff8e67c4a97cc0 3928431224 C Co:2:006:0 0 2 >
ffff8e67c4a97cc0 3928431264 S Ci:2:006:0 s c0 bc 0900 001c 0002 2 <
ffff8e67c4a97cc0 3928433921 C Ci:2:006:0 0 2 = 2e6f
ffff8e67c4a97cc0 3928433963 S Co:2:006:0 s 40 bc 0800 00c0 0002 2 = 9788
ffff8e67c4a97cc0 3928436562 C Co:2:006:0 0 2 >
ffff8e67c4a97cc0 3928436603 S Co:2:006:0 s 40 b9 0000 0000 0004 4 = 09009802
ffff8e67c4a97cc0 3928439192 C Co:2:006:0 0 4 >
ffff8e67c4a97cc0 3928439233 S Ii:2:006:3 -115:1 3 <
ffff8e67c4a97cc0 3928440544 C Ii:2:006:3 0:1 3 = 100000
ffff8e67c4a97cc0 3928440584 S Ci:2:006:0 s c0 bc 0800 0016 0002 2 <
ffff8e67c4a97cc0 3928443171 C Ci:2:006:0 0 2 = 0900
ffff8e67c4a97cc0 3928443213 S Ci:2:006:0 s c0 bc 0900 001c 0002 2 <
ffff8e67c4a97cc0 3928445831 C Ci:2:006:0 0 2 = 2e6f
ffff8e67c4a97cc0 3928445869 S Ci:2:006:0 s c0 bc 0800 23be 0002 2 <
ffff8e67c4a97cc0 3928448585 C Ci:2:006:0 0 2 = 0000
ffff8e67c4a97cc0 3928448622 S Co:2:006:0 s 40 bc 0900 0014 0002 2 = d39e
ffff8e67c4a97cc0 3928451248 C Co:2:006:0 0 2 >
ffff8e67c26dbb40 3928451312 S Ci:2:006:0 s c0 bc 0900 001c 0002 2 <
ffff8e67c26dbb40 3928453936 C Ci:2:006:0 0 2 = 2e6f
ffff8e67c26dbb40 3928454080 S Co:2:006:0 s 40 bc 0800 00c0 0002 2 = a08c
ffff8e67c26dbb40 3928456655 C Co:2:006:0 0 2 >
ffff8e67c26dbb40 3928456792 S Co:2:006:0 s 40 b9 0000 0000 0004 4 = 09009802
ffff8e67c26dbb40 3928459284 C Co:2:006:0 0 4 >
ffff8e67c26dbb40 3928459624 S Ii:2:006:3 -115:1 3 <
ffff8e67c26dbb40 3928460637 C Ii:2:006:3 0:1 3 = 100000
ffff8e67c26dbb40 3928460771 S Ci:2:006:0 s c0 bc 0800 0016 0002 2 <
ffff8e67c26dbb40 3928463324 C Ci:2:006:0 0 2 = 0900
ffff8e67c26dbb40 3928463462 S Ci:2:006:0 s c0 bc 0900 001c 0002 2 <
ffff8e67c26dbb40 3928466086 C Ci:2:006:0 0 2 = 2e6f
ffff8e67c26dbb40 3928466220 S Ci:2:006:0 s c0 bc 0800 23be 0002 2 <
ffff8e67c26dbb40 3928468797 C Ci:2:006:0 0 2 = 0000
ffff8e67c26dbb40 3928468932 S Co:2:006:0 s 40 bc 0900 0014 0002 2 = d39e
ffff8e67c26dbb40 3928471539 C Co:2:006:0 0 2 >
ffff8e67c26dbb40 3928471676 S Ci:2:006:0 s c0 bc 0900 001c 0002 2 <
ffff8e67c26dbb40 3928474228 C Ci:2:006:0 0 2 = 2e6f
ffff8e67c26dbb40 3928474503 S Co:2:006:0 s 40 bc 0800 00c0 0002 2 = a118
ffff8e67c26dbb40 3928476893 C Co:2:006:0 0 2 >
ffff8e67c26dbb40 3928476958 S Co:2:006:0 s 40 b9 0000 0000 0004 4 = 09009802
ffff8e67c26dbb40 3928479556 C Co:2:006:0 0 4 >
ffff8e67c26dbb40 3928479694 S Ii:2:006:3 -115:1 3 <
ffff8e67c26dbb40 3928480926 C Ii:2:006:3 0:1 3 = 100000
ffff8e67c26dbb40 3928481061 S Ci:2:006:0 s c0 bc 0800 0016 0002 2 <
ffff8e67c26dbb40 3928483674 C Ci:2:006:0 0 2 = 0900
ffff8e67c26dbb40 3928483806 S Ci:2:006:0 s c0 bc 0900 001c 0002 2 <
ffff8e67c26dbb40 3928486411 C Ci:2:006:0 0 2 = 2e6f
ffff8e67c26dbb40 3928486555 S Ci:2:006:0 s c0 bc 0800 23be 0002 2 <
ffff8e67c26dbb40 3928489201 C Ci:2:006:0 0 2 = 0000
ffff8e67c26dbb40 3928489528 S Co:2:006:0 s 40 bc 0900 0014 0002 2 = d39e
ffff8e67c26dbb40 3928491816 C Co:2:006:0 0 2 >
ffff8e67c26dbb40 3928491949 S Ci:2:006:0 s c0 bc 0900 001c 0002 2 <
ffff8e67c26dbb40 3928494555 C Ci:2:006:0 0 2 = 2e6f
ffff8e67c26dbb40 3928494704 S Co:2:006:0 s 40 bc 0800 00c0 0002 2 = a277
ffff8e67c26dbb40 3928497160 C Co:2:006:0 0 2 >
ffff8e67c26dbb40 3928497308 S Co:2:006:0 s 40 b9 0000 0000 0004 4 = 09009802
ffff8e67c26dbb40 3928499798 C Co:2:006:0 0 4 >
ffff8e67c26dbb40 3928499953 S Ii:2:006:3 -115:1 3 <
ffff8e67c26dbb40 3928501165 C Ii:2:006:3 0:1 3 = 100000
ffff8e67c26dbb40 3928501298 S Ci:2:006:0 s c0 bc 0800 0016 0002 2 <
ffff8e67c26dbb40 3928503823 C Ci:2:006:0 0 2 = 0900
ffff8e67c4a97240 3928504084 S Ci:2:006:0 s c0 bc 0900 001c 0002 2 <
ffff8e67c4a97240 3928506549 C Ci:2:006:0 0 2 = 2e6f
ffff8e67c4a97240 3928506627 S Ci:2:006:0 s c0 bc 0800 23be 0002 2 <
ffff8e67c4a97240 3928509175 C Ci:2:006:0 0 2 = 0000
ffff8e67c4a97240 3928509206 S Co:2:006:0 s 40 bc 0900 0014 0002 2 = d39e
ffff8e67c4a97240 3928511812 C Co:2:006:0 0 2 >
ffff8e67c4a97240 3928511851 S Ci:2:006:0 s c0 bc 0900 001c 0002 2 <
ffff8e67c4a97240 3928514548 C Ci:2:006:0 0 2 = 2e6f
ffff8e67c4a97240 3928514627 S Co:2:006:0 s 40 bc 0800 00c0 0002 2 = a377
ffff8e67c4a97240 3928517123 C Co:2:006:0 0 2 >
ffff8e67c4a97240 3928517164 S Co:2:006:0 s 40 b9 0000 0000 0004 4 = 09009802
ffff8e67c4a97240 3928519775 C Co:2:006:0 0 4 >
ffff8e67c4a97240 3928519851 S Ii:2:006:3 -115:1 3 <
ffff8e67c4a97240 3928521143 C Ii:2:006:3 0:1 3 = 100000
ffff8e67c4a97240 3928521180 S Ci:2:006:0 s c0 bc 0800 0016 0002 2 <
ffff8e67c4a97240 3928523792 C Ci:2:006:0 0 2 = 0900
ffff8e67c4a97240 3928523870 S Ci:2:006:0 s c0 bc 0900 001c 0002 2 <
ffff8e67c4a97240 3928526435 C Ci:2:006:0 0 2 = 2e6f
ffff8e67c4a97240 3928526491 S Ci:2:006:0 s c0 bc 0800 23be 0002 2 <
ffff8e67c4a97240 3928529039 C Ci:2:006:0 0 2 = 0000
ffff8e67c4a97240 3928529110 S Co:2:006:0 s 40 bc 0900 0014 0002 2 = d39e
ffff8e67c4a97240 3928531630 C Co:2:006:0 0 2 >
ffff8e67c4a97240 3928531728 S Ci:2:006:0 s c0 bc 0900 001c 0002 2 <
ffff8e67c4a97240 3928534274 C Ci:2:006:0 0 2 = 2e6f
ffff8e67c4a97240 3928534314 S Co:2:006:0 s 40 bc 0800 00c0 0004 4 = 99898900
ffff8e67c4a97240 3928536961 C Co:2:006:0 0 4 >
ffff8e67c4a97240 3928536999 S Co:2:006:0 s 40 b9 0000 0000 0004 4 = 09006603
ffff8e67c4a97240 3928539655 C Co:2:006:0 0 4 >
ffff8e67c4a97240 3928539732 S Ii:2:006:3 -115:1 3 <
ffff8e67c4a97240 3928540915 C Ii:2:006:3 0:1 3 = 100000
ffff8e67c4a97240 3928540953 S Ci:2:006:0 s c0 bc 0800 0016 0002 2 <
ffff8e67c4a97240 3928543564 C Ci:2:006:0 0 2 = 0900
ffff8e67c4a97240 3928543644 S Ci:2:006:0 s c0 bc 0900 001c 0002 2 <
ffff8e67c4a97240 3928546242 C Ci:2:006:0 0 2 = 2e6f
ffff8e67c4a97240 3928546275 S Ci:2:006:0 s c0 bc 0800 23be 0002 2 <
ffff8e67c4a97240 3928549040 C Ci:2:006:0 0 2 = 0000
ffff8e67c4a97240 3928549112 S Co:2:006:0 s 40 bc 0900 0014 0002 2 = d39e
ffff8e67c4a97240 3928551683 C Co:2:006:0 0 2 >
ffff8e67c4a97240 3928551724 S Ci:2:006:0 s c0 bc 0900 001c 0002 2 <
ffff8e67c4a97240 3928554330 C Ci:2:006:0 0 2 = 2e6f
ffff8e67c26dbc00 3928554418 S Co:2:006:0 s 40 b9 0000 0000 0004 4 = 09016601
ffff8e67c26dbc00 3928557090 C Co:2:006:0 0 4 >
ffff8e67c4a97000 3928557136 S Ii:2:006:3 -115:1 3 <
ffff8e67c4a97000 3928558438 C Ii:2:006:3 0:1 3 = 100000
ffff8e67c4a97000 3928558534 S Ci:2:006:0 s c0 bc 0800 0016 0002 2 <
ffff8e67c4a97000 3928561290 C Ci:2:006:0 0 2 = 0900
ffff8e67c4a97000 3928561329 S Ci:2:006:0 s c0 bc 0900 001c 0002 2 <
ffff8e67c4a97000 3928563965 C Ci:2:006:0 0 2 = 2e6f
ffff8e67c6eea900 3928564149 S Ci:2:006:0 s c0 bc 0800 23be 0004 4 <
ffff8e67c6eea900 3928566681 C Ci:2:006:0 0 4 = 00006ee0
ffff8e67c6eea900 3928566774 S Co:2:006:0 s 40 bc 0800 00c0 0002 2 = 7288
ffff8e67c6eea900 3928569508 C Co:2:006:0 0 2 >
ffff8e67c6eea900 3928569633 S Co:2:006:0 s 40 b9 0000 0000 0004 4 = 09009802
ffff8e67c6eea900 3928572244 C Co:2:006:0 0 4 >
ffff8e67c4a973c0 3928572299 S Ii:2:006:3 -115:1 3 <
ffff8e67c4a973c0 3928573563 C Ii:2:006:3 0:1 3 = 100000
ffff8e67c4a973c0 3928573600 S Ci:2:006:0 s c0 bc 0800 0016 0002 2 <
ffff8e67c4a973c0 3928576502 C Ci:2:006:0 0 2 = 0900
ffff8e67c4a973c0 3928576557 S Ci:2:006:0 s c0 bc 0900 001c 0002 2 <
ffff8e67c4a973c0 3928579226 C Ci:2:006:0 0 2 = 2e6f
ffff8e67c4a973c0 3928579310 S Ci:2:006:0 s c0 bc 0800 23be 0002 2 <
ffff8e67c4a973c0 3928581815 C Ci:2:006:0 0 2 = 0000
ffff8e67c4a973c0 3928581846 S Co:2:006:0 s 40 bc 0900 0014 0002 2 = d39e
ffff8e67c4a973c0 3928584622 C Co:2:006:0 0 2 >
ffff8e67c4a973c0 3928584704 S Ci:2:006:0 s c0 bc 0900 001c 0002 2 <
ffff8e67c4a973c0 3928587402 C Ci:2:006:0 0 2 = 2e6f
ffff8e67c4a973c0 3928587442 S Co:2:006:0 s 40 bc 0800 00c0 0002 2 = c089
ffff8e67c4a973c0 3928590156 C Co:2:006:0 0 2 >
ffff8e67c4a973c0 3928590225 S Co:2:006:0 s 40 b9 0000 0000 0004 4 = 09009802
ffff8e67c4a973c0 3928592900 C Co:2:006:0 0 4 >
ffff8e67c4a973c0 3928592944 S Ii:2:006:3 -115:1 3 <
ffff8e67c4a973c0 3928594189 C Ii:2:006:3 0:1 3 = 100000
ffff8e67c4a973c0 3928594275 S Ci:2:006:0 s c0 bc 0800 0016 0002 2 <
ffff8e67c4a973c0 3928596984 C Ci:2:006:0 0 2 = 0900
ffff8e67c4a973c0 3928597030 S Ci:2:006:0 s c0 bc 0900 001c 0002 2 <
ffff8e67c4a973c0 3928599645 C Ci:2:006:0 0 2 = 2e6f
ffff8e67c4a973c0 3928599758 S Ci:2:006:0 s c0 bc 0800 23be 0002 2 <
ffff8e67c4a973c0 3928602411 C Ci:2:006:0 0 2 = 0000
ffff8e67c4a973c0 3928602455 S Co:2:006:0 s 40 bc 0900 0014 0002 2 = d39e
ffff8e67c4a973c0 3928605090 C Co:2:006:0 0 2 >
ffff8e67c4a973c0 3928605199 S Ci:2:006:0 s c0 bc 0900 001c 0002 2 <
ffff8e67c4a973c0 3928607878 C Ci:2:006:0 0 2 = 2e6f
ffff8e67c4a973c0 3928607924 S Co:2:006:0 s 40 bc 0800 00c0 0002 2 = 6198
ffff8e67c4a973c0 3928610679 C Co:2:006:0 0 2 >
ffff8e67c4a973c0 3928610736 S Co:2:006:0 s 40 b9 0000 0000 0004 4 = 09009802
ffff8e67c4a973c0 3928613358 C Co:2:006:0 0 4 >
ffff8e67c4a973c0 3928613448 S Ii:2:006:3 -115:1 3 <
ffff8e67c4a973c0 3928614683 C Ii:2:006:3 0:1 3 = 100000
ffff8e67c4a973c0 3928614762 S Ci:2:006:0 s c0 bc 0800 0016 0002 2 <
ffff8e67c4a973c0 3928617505 C Ci:2:006:0 0 2 = 0900
ffff8e67c4a973c0 3928617546 S Ci:2:006:0 s c0 bc 0900 001c 0002 2 <
ffff8e67c4a973c0 3928620224 C Ci:2:006:0 0 2 = 2e6f
ffff8e67c4a973c0 3928620298 S Ci:2:006:0 s c0 bc 0800 23be 0002 2 <
ffff8e67c4a973c0 3928623022 C Ci:2:006:0 0 2 = 0000
ffff8e67c4a973c0 3928623087 S Co:2:006:0 s 40 bc 0900 0014 0002 2 = d39e
ffff8e67c4a973c0 3928625681 C Co:2:006:0 0 2 >
ffff8e67c4a973c0 3928625762 S Ci:2:006:0 s c0 bc 0900 001c 0002 2 <
ffff8e67c4a973c0 3928628285 C Ci:2:006:0 0 2 = 2e6f
ffff8e67c4a973c0 3928628492 S Co:2:006:0 s 40 bc 0800 00c0 0002 2 = 6389
ffff8e67c4a973c0 3928631156 C Co:2:006:0 0 2 >
ffff8e67c4a973c0 3928631194 S Co:2:006:0 s 40 b9 0000 0000 0004 4 = 09009802
ffff8e67c4a973c0 3928633711 C Co:2:006:0 0 4 >
ffff8e67c4a973c0 3928633738 S Ii:2:006:3 -115:1 3 <
ffff8e67c4a973c0 3928634963 C Ii:2:006:3 0:1 3 = 100000
ffff8e67c4a973c0 3928634991 S Ci:2:006:0 s c0 bc 0800 0016 0002 2 <
ffff8e67c4a973c0 3928637666 C Ci:2:006:0 0 2 = 0900
ffff8e67c4a973c0 3928637749 S Ci:2:006:0 s c0 bc 0900 001c 0002 2 <
ffff8e67c4a973c0 3928640310 C Ci:2:006:0 0 2 = 2e6f
ffff8e67c4a973c0 3928640354 S Ci:2:006:0 s c0 bc 0800 23be 0002 2 <
ffff8e67c4a973c0 3928642967 C Ci:2:006:0 0 2 = 0000
ffff8e67c4a973c0 3928643153 S Co:2:006:0 s 40 bc 0900 0014 0002 2 = d39e
ffff8e67c4a973c0 3928645709 C Co:2:006:0 0 2 >
ffff8e67c4a973c0 3928645755 S Ci:2:006:0 s c0 bc 0900 001c 0002 2 <
ffff8e67c4a973c0 3928648471 C Ci:2:006:0 0 2 = 2e6f
ffff8e67c4a973c0 3928648516 S Co:2:006:0 s 40 bc 0800 00c0 0002 2 = 6496
ffff8e67c4a973c0 3928651176 C Co:2:006:0 0 2 >
ffff8e67c4a973c0 3928651219 S Co:2:006:0 s 40 b9 0000 0000 0004 4 = 09009802
ffff8e67c4a973c0 3928653907 C Co:2:006:0 0 4 >
ffff8e67c4a973c0 3928654020 S Ii:2:006:3 -115:1 3 <
ffff8e67c4a973c0 3928655194 C Ii:2:006:3 0:1 3 = 100000
ffff8e67c4a973c0 3928655273 S Ci:2:006:0 s c0 bc 0800 0016 0002 2 <
ffff8e67c4a973c0 3928657943 C Ci:2:006:0 0 2 = 0900
ffff8e67c6eea300 3928658082 S Ci:2:006:0 s c0 bc 0900 001c 0002 2 <
ffff8e67c6eea300 3928660679 C Ci:2:006:0 0 2 = 2e6f
ffff8e67c6eea300 3928660839 S Ci:2:006:0 s c0 bc 0800 23be 0002 2 <
ffff8e67c6eea300 3928663382 C Ci:2:006:0 0 2 = 0000
ffff8e67c6eea300 3928663562 S Co:2:006:0 s 40 bc 0900 0014 0002 2 = d39e
ffff8e67c6eea300 3928666121 C Co:2:006:0 0 2 >
ffff8e67c6eea300 3928666254 S Ci:2:006:0 s c0 bc 0900 001c 0002 2 <
ffff8e67c6eea300 3928668873 C Ci:2:006:0 0 2 = 2e6f
ffff8e67c6eea300 3928669012 S Co:2:006:0 s 40 bc 0800 00c0 0002 2 = 6588
ffff8e67c6eea300 3928671613 C Co:2:006:0 0 2 >
ffff8e67c6eea300 3928671744 S Co:2:006:0 s 40 b9 0000 0000 0004 4 = 09009802
ffff8e67c6eea300 3928674194 C Co:2:006:0 0 4 >
ffff8e67c6eea300 3928674301 S Ii:2:006:3 -115:1 3 <
ffff8e67c6eea300 3928675521 C Ii:2:006:3 0:1 3 = 100000
ffff8e67c6eea300 3928675626 S Ci:2:006:0 s c0 bc 0800 0016 0002 2 <
ffff8e67c6eea300 3928678229 C Ci:2:006:0 0 2 = 0900
ffff8e67c6eea300 3928678347 S Ci:2:006:0 s c0 bc 0900 001c 0002 2 <
ffff8e67c6eea300 3928681065 C Ci:2:006:0 0 2 = 2e6f
ffff8e67c6eea300 3928681211 S Ci:2:006:0 s c0 bc 0800 23be 0002 2 <
ffff8e67c6eea300 3928683754 C Ci:2:006:0 0 2 = 0000
ffff8e67c6eea300 3928683890 S Co:2:006:0 s 40 bc 0900 0014 0002 2 = d39e
ffff8e67c6eea300 3928686492 C Co:2:006:0 0 2 >
ffff8e67c6eea300 3928686651 S Ci:2:006:0 s c0 bc 0900 001c 0002 2 <
ffff8e67c6eea300 3928689287 C Ci:2:006:0 0 2 = 2e6f
ffff8e67c6eea300 3928689394 S Co:2:006:0 s 40 bc 0800 00c0 0004 4 = 9989ff00
ffff8e67c6eea300 3928692016 C Co:2:006:0 0 4 >
ffff8e67c6eea300 3928692159 S Co:2:006:0 s 40 b9 0000 0000 0004 4 = 09006603
ffff8e67c6eea300 3928694754 C Co:2:006:0 0 4 >
ffff8e67c6eea300 3928694890 S Ii:2:006:3 -115:1 3 <
ffff8e67c6eea300 3928696078 C Ii:2:006:3 0:1 3 = 100000
ffff8e67c6eea300 3928696216 S Ci:2:006:0 s c0 bc 0800 0016 0002 2 <
ffff8e67c6eea300 3928698837 C Ci:2:006:0 0 2 = 0900
ffff8e67c6eea300 3928698982 S Ci:2:006:0 s c0 bc 0900 001c 0002 2 <
ffff8e67c6eea300 3928701483 C Ci:2:006:0 0 2 = 2e6f
ffff8e67c6eea300 3928701624 S Ci:2:006:0 s c0 bc 0800 23be 0002 2 <
ffff8e67c6eea300 3928704256 C Ci:2:006:0 0 2 = 0000
ffff8e67c6eea300 3928704412 S Co:2:006:0 s 40 bc 0900 0014 0002 2 = d39e
ffff8e67c6eea300 3928707041 C Co:2:006:0 0 2 >
ffff8e67c6eea300 3928707194 S Ci:2:006:0 s c0 bc 0900 001c 0002 2 <
ffff8e67c6eea300 3928709771 C Ci:2:006:0 0 2 = 2e6f
ffff8e67c6eea300 3928709912 S Co:2:006:0 s 40 b9 0000 0000 0004 4 = 09016601
ffff8e67c6eea300 3928712498 C Co:2:006:0 0 4 >
ffff8e67c6eea300 3928712652 S Ii:2:006:3 -115:1 3 <
ffff8e67c6eea300 3928713833 C Ii:2:006:3 0:1 3 = 100000
ffff8e67c6eea300 3928713970 S Ci:2:006:0 s c0 bc 0800 0016 0002 2 <
ffff8e67c6eea300 3928716632 C Ci:2:006:0 0 2 = 0900
ffff8e67c6eea300 3928716773 S Ci:2:006:0 s c0 bc 0900 001c 0002 2 <
ffff8e67c6eea300 3928719415 C Ci:2:006:0 0 2 = 2e6f
ffff8e67c6eea300 3928719570 S Ci:2:006:0 s c0 bc 0800 23be 0004 4 <
ffff8e67c6eea300 3928722178 C Ci:2:006:0 0 4 = 000073e0
ffff8e67c6eea300 3928722321 S Co:2:006:0 s 40 bc 0800 00c0 0002 2 = 048d
ffff8e67c6eea300 3928724831 C Co:2:006:0 0 2 >
ffff8e67c6eea300 3928724969 S Co:2:006:0 s 40 b9 0000 0000 0004 4 = 09009802
ffff8e67c6eea300 3928727585 C Co:2:006:0 0 4 >
ffff8e67c6eea300 3928727696 S Ii:2:006:3 -115:1 3 <
ffff8e67c6eea300 3928728955 C Ii:2:006:3 0:1 3 = 100000
ffff8e67c6eea300 3928729116 S Ci:2:006:0 s c0 bc 0800 0016 0002 2 <
ffff8e67c6eea300 3928731746 C Ci:2:006:0 0 2 = 0900
ffff8e67c6eea300 3928731894 S Ci:2:006:0 s c0 bc 0900 001c 0002 2 <
ffff8e67c6eea300 3928734532 C Ci:2:006:0 0 2 = 2e6f
ffff8e67c6eea300 3928734684 S Ci:2:006:0 s c0 bc 0800 23be 0002 2 <
ffff8e67c6eea300 3928737278 C Ci:2:006:0 0 2 = 0000
ffff8e67c6eea300 3928737414 S Co:2:006:0 s 40 bc 0900 0014 0002 2 = d39e
ffff8e67c6eea300 3928739968 C Co:2:006:0 0 2 >
ffff8e67c6eea300 3928740109 S Ci:2:006:0 s c0 bc 0900 001c 0002 2 <
ffff8e67c6eea300 3928742771 C Ci:2:006:0 0 2 = 2e6f
ffff8e67c6eea300 3928742934 S Co:2:006:0 s 40 bc 0800 00c0 0002 2 = 6291
ffff8e67c6eea300 3928745557 C Co:2:006:0 0 2 >
ffff8e67c6eea300 3928745695 S Co:2:006:0 s 40 b9 0000 0000 0004 4 = 09009802
ffff8e67c6eea300 3928748254 C Co:2:006:0 0 4 >
ffff8e67c6eea300 3928748392 S Ii:2:006:3 -115:1 3 <
ffff8e67c6eea300 3928749718 C Ii:2:006:3 0:1 3 = 100000
ffff8e67c6eea300 3928749851 S Ci:2:006:0 s c0 bc 0800 0016 0002 2 <
ffff8e67c6eea300 3928752488 C Ci:2:006:0 0 2 = 0900
ffff8e67c6eea300 3928752608 S Ci:2:006:0 s c0 bc 0900 001c 0002 2 <
ffff8e67c6eea300 3928755246 C Ci:2:006:0 0 2 = 2e6f
ffff8e67c6eea300 3928755395 S Ci:2:006:0 s c0 bc 0800 23be 0002 2 <
ffff8e67c6eea300 3928757951 C Ci:2:006:0 0 2 = 0000
ffff8e67c6eea300 3928758088 S Co:2:006:0 s 40 bc 0900 0014 0002 2 = d39e
ffff8e67c6eea300 3928760753 C Co:2:006:0 0 2 >
ffff8e67c6eea300 3928760890 S Ci:2:006:0 s c0 bc 0900 001c 0002 2 <
ffff8e67c6eea300 3928763505 C Ci:2:006:0 0 2 = 2e6f
ffff8e67c6eea300 3928763626 S Co:2:006:0 s 40 bc 0800 00c0 0004 4 = 9989f500
ffff8e67c6eea300 3928766284 C Co:2:006:0 0 4 >
ffff8e67c6eea300 3928766484 S Co:2:006:0 s 40 b9 0000 0000 0004 4 = 09006603
ffff8e67c6eea300 3928769032 C Co:2:006:0 0 4 >
ffff8e67c6eea300 3928769155 S Ii:2:006:3 -115:1 3 <
ffff8e67c6eea300 3928770420 C Ii:2:006:3 0:1 3 = 100000
ffff8e67c6eea300 3928770561 S Ci:2:006:0 s c0 bc 0800 0016 0002 2 <
ffff8e67c6eea300 3928773241 C Ci:2:006:0 0 2 = 0900
ffff8e67c6eea300 3928773351 S Ci:2:006:0 s c0 bc 0900 001c 0002 2 <
ffff8e67c6eea300 3928775781 C Ci:2:006:0 0 2 = 2e6f
ffff8e67c6eea300 3928775920 S Ci:2:006:0 s c0 bc 0800 23be 0002 2 <
ffff8e67c6eea300 3928778629 C Ci:2:006:0 0 2 = 0000
ffff8e67c6eea300 3928778779 S Co:2:006:0 s 40 bc 0900 0014 0002 2 = d39e
ffff8e67c6eea300 3928781375 C Co:2:006:0 0 2 >
ffff8e67c6eea300 3928781526 S Ci:2:006:0 s c0 bc 0900 001c 0002 2 <
ffff8e67c6eea300 3928784199 C Ci:2:006:0 0 2 = 2e6f
ffff8e67c6eea300 3928784355 S Co:2:006:0 s 40 b9 0000 0000 0004 4 = 09016601
ffff8e67c6eea300 3928786862 C Co:2:006:0 0 4 >
ffff8e67c6eea300 3928787010 S Ii:2:006:3 -115:1 3 <
ffff8e67c6eea300 3928788181 C Ii:2:006:3 0:1 3 = 100000
ffff8e67c6eea300 3928788210 S Ci:2:006:0 s c0 bc 0800 0016 0002 2 <
ffff8e67c6eea300 3928790969 C Ci:2:006:0 0 2 = 0900
ffff8e67c6eea300 3928791037 S Ci:2:006:0 s c0 bc 0900 001c 0002 2 <
ffff8e67c6eea300 3928793776 C Ci:2:006:0 0 2 = 2e6f
ffff8e67c6eea300 3928793883 S Ci:2:006:0 s c0 bc 0800 23be 0004 4 <
ffff8e67c6eea300 3928796545 C Ci:2:006:0 0 4 = 000062e0
ffff8e67c6eea300 3928796699 S Co:2:006:0 s 40 bc 0800 00c0 0004 4 = 9989fd00
ffff8e67c6eea300 3928799285 C Co:2:006:0 0 4 >
ffff8e67c6eea300 3928799429 S Co:2:006:0 s 40 b9 0000 0000 0004 4 = 09006603
ffff8e67c6eea300 3928801945 C Co:2:006:0 0 4 >
ffff8e67c6eea300 3928802064 S Ii:2:006:3 -115:1 3 <
ffff8e67c6eea300 3928803226 C Ii:2:006:3 0:1 3 = 100000
ffff8e67c6eea300 3928803320 S Ci:2:006:0 s c0 bc 0800 0016 0002 2 <
ffff8e67c6eea300 3928806034 C Ci:2:006:0 0 2 = 0900
ffff8e67c6eea300 3928806201 S Ci:2:006:0 s c0 bc 0900 001c 0002 2 <
ffff8e67c6eea300 3928808726 C Ci:2:006:0 0 2 = 2e6f
ffff8e67c6eea300 3928808861 S Ci:2:006:0 s c0 bc 0800 23be 0002 2 <
ffff8e67c6eea300 3928811519 C Ci:2:006:0 0 2 = 0000
ffff8e67c6eea300 3928811710 S Co:2:006:0 s 40 bc 0900 0014 0002 2 = d39e
ffff8e67c6eea300 3928814272 C Co:2:006:0 0 2 >
ffff8e67c6eea300 3928814437 S Ci:2:006:0 s c0 bc 0900 001c 0002 2 <
ffff8e67c6eea300 3928817066 C Ci:2:006:0 0 2 = 2e6f
ffff8e67c6eea300 3928817216 S Co:2:006:0 s 40 b9 0000 0000 0004 4 = 09016601
ffff8e67c6eea300 3928819752 C Co:2:006:0 0 4 >
ffff8e67c6eea300 3928819883 S Ii:2:006:3 -115:1 3 <
ffff8e67c6eea300 3928821042 C Ii:2:006:3 0:1 3 = 100000
ffff8e67c6eea300 3928821172 S Ci:2:006:0 s c0 bc 0800 0016 0002 2 <
ffff8e67c6eea300 3928823987 C Ci:2:006:0 0 2 = 0900
ffff8e67c6eea300 3928824107 S Ci:2:006:0 s c0 bc 0900 001c 0002 2 <
ffff8e67c6eea300 3928826595 C Ci:2:006:0 0 2 = 2e6f
ffff8e67c6eea300 3928826727 S Ci:2:006:0 s c0 bc 0800 23be 0004 4 <
ffff8e67c6eea300 3928829395 C Ci:2:006:0 0 4 = 00006ee0
ffff8e67c6eea300 3928829586 S Co:2:006:0 s 40 bc 0800 00c0 0004 4 = 9989f500
ffff8e67c6eea300 3928832138 C Co:2:006:0 0 4 >
ffff8e67c6eea300 3928832285 S Co:2:006:0 s 40 b9 0000 0000 0004 4 = 09006603
ffff8e67c6eea300 3928834856 C Co:2:006:0 0 4 >
ffff8e67c6eea300 3928834992 S Ii:2:006:3 -115:1 3 <
ffff8e67c6eea300 3928836183 C Ii:2:006:3 0:1 3 = 100000
ffff8e67c6eea300 3928836231 S Ci:2:006:0 s c0 bc 0800 0016 0002 2 <
ffff8e67c6eea300 3928838957 C Ci:2:006:0 0 2 = 0900
ffff8e67c6eea300 3928839100 S Ci:2:006:0 s c0 bc 0900 001c 0002 2 <
ffff8e67c6eea300 3928841777 C Ci:2:006:0 0 2 = 2e6f
ffff8e67c6eea300 3928841923 S Ci:2:006:0 s c0 bc 0800 23be 0002 2 <
ffff8e67c6eea300 3928844467 C Ci:2:006:0 0 2 = 0000
ffff8e67c6eea300 3928844654 S Co:2:006:0 s 40 bc 0900 0014 0002 2 = d39e
ffff8e67c6eea300 3928847222 C Co:2:006:0 0 2 >
ffff8e67c6eea300 3928847357 S Ci:2:006:0 s c0 bc 0900 001c 0002 2 <
ffff8e67c6eea300 3928849977 C Ci:2:006:0 0 2 = 2e6f
ffff8e67c6eea300 3928850115 S Co:2:006:0 s 40 b9 0000 0000 0004 4 = 09016601
ffff8e67c6eea300 3928852773 C Co:2:006:0 0 4 >
ffff8e67c6eea300 3928852925 S Ii:2:006:3 -115:1 3 <
ffff8e67c6eea300 3928854115 C Ii:2:006:3 0:1 3 = 100000
ffff8e67c6eea300 3928854252 S Ci:2:006:0 s c0 bc 0800 0016 0002 2 <
ffff8e67c6eea300 3928856856 C Ci:2:006:0 0 2 = 0900
ffff8e67c6eea300 3928856964 S Ci:2:006:0 s c0 bc 0900 001c 0002 2 <
ffff8e67c6eea300 3928859726 C Ci:2:006:0 0 2 = 2e6f
ffff8e67c6eea300 3928859880 S Ci:2:006:0 s c0 bc 0800 23be 0004 4 <
ffff8e67c6eea300 3928862450 C Ci:2:006:0 0 4 = 000062e0
ffff8e67c6eea300 3928862619 S Co:2:006:0 s 40 bc 0800 00c0 0004 4 = 9989fc00
ffff8e67c6eea300 3928865298 C Co:2:006:0 0 4 >
ffff8e67c6eea300 3928865432 S Co:2:006:0 s 40 b9 0000 0000 0004 4 = 09006603
ffff8e67c6eea300 3928867999 C Co:2:006:0 0 4 >
ffff8e67c6eea300 3928868135 S Ii:2:006:3 -115:1 3 <
ffff8e67c6eea300 3928869349 C Ii:2:006:3 0:1 3 = 100000
ffff8e67c6eea300 3928869458 S Ci:2:006:0 s c0 bc 0800 0016 0002 2 <
ffff8e67c6eea300 3928872112 C Ci:2:006:0 0 2 = 0900
ffff8e67c6eea300 3928872261 S Ci:2:006:0 s c0 bc 0900 001c 0002 2 <
ffff8e67c6eea300 3928874818 C Ci:2:006:0 0 2 = 2e6f
ffff8e67c6eea300 3928874937 S Ci:2:006:0 s c0 bc 0800 23be 0002 2 <
ffff8e67c6eea300 3928877448 C Ci:2:006:0 0 2 = 0000
ffff8e67c6eea300 3928877554 S Co:2:006:0 s 40 bc 0900 0014 0002 2 = d39e
ffff8e67c6eea300 3928880052 C Co:2:006:0 0 2 >
ffff8e67c6eea300 3928880149 S Ci:2:006:0 s c0 bc 0900 001c 0002 2 <
ffff8e67c6eea300 3928882657 C Ci:2:006:0 0 2 = 2e6f
ffff8e67c6eea300 3928882767 S Co:2:006:0 s 40 b9 0000 0000 0004 4 = 09016601
ffff8e67c6eea300 3928885327 C Co:2:006:0 0 4 >
ffff8e67c6eea300 3928885479 S Ii:2:006:3 -115:1 3 <
ffff8e67c6eea300 3928886643 C Ii:2:006:3 0:1 3 = 100000
ffff8e67c6eea300 3928886774 S Ci:2:006:0 s c0 bc 0800 0016 0002 2 <
ffff8e67c6eea300 3928889459 C Ci:2:006:0 0 2 = 0900
ffff8e67c6eea300 3928889557 S Ci:2:006:0 s c0 bc 0900 001c 0002 2 <
ffff8e67c6eea300 3928892169 C Ci:2:006:0 0 2 = 2e6f
ffff8e67c6eea300 3928892285 S Ci:2:006:0 s c0 bc 0800 23be 0004 4 <
ffff8e67c6eea300 3928894824 C Ci:2:006:0 0 4 = 00006ee0
ffff8e67c6eea300 3928894986 S Co:2:006:0 s 40 bc 0800 00c0 0004 4 = 9989f300
ffff8e67c6eea300 3928897540 C Co:2:006:0 0 4 >
ffff8e67c6eea300 3928897672 S Co:2:006:0 s 40 b9 0000 0000 0004 4 = 09006603
ffff8e67c6eea300 3928900191 C Co:2:006:0 0 4 >
ffff8e67c6eea300 3928900308 S Ii:2:006:3 -115:1 3 <
ffff8e67c6eea300 3928901524 C Ii:2:006:3 0:1 3 = 100000
ffff8e67c6eea300 3928901630 S Ci:2:006:0 s c0 bc 0800 0016 0002 2 <
ffff8e67c6eea300 3928904225 C Ci:2:006:0 0 2 = 0900
ffff8e67c6eea300 3928904360 S Ci:2:006:0 s c0 bc 0900 001c 0002 2 <
ffff8e67c6eea300 3928906967 C Ci:2:006:0 0 2 = 2e6f
ffff8e67c6eea300 3928907110 S Ci:2:006:0 s c0 bc 0800 23be 0002 2 <
ffff8e67c6eea300 3928909689 C Ci:2:006:0 0 2 = 0000
ffff8e67c6eea300 3928909826 S Co:2:006:0 s 40 bc 0900 0014 0002 2 = d39e
ffff8e67c6eea300 3928912417 C Co:2:006:0 0 2 >
ffff8e67c6eea300 3928912571 S Ci:2:006:0 s c0 bc 0900 001c 0002 2 <
ffff8e67c6eea300 3928915226 C Ci:2:006:0 0 2 = 2e6f
ffff8e67c6eea300 3928915356 S Co:2:006:0 s 40 b9 0000 0000 0004 4 = 09016601
ffff8e67c6eea300 3928917940 C Co:2:006:0 0 4 >
ffff8e67c6eea300 3928918075 S Ii:2:006:3 -115:1 3 <
ffff8e67c6eea300 3928919296 C Ii:2:006:3 0:1 3 = 100000
ffff8e67c6eea300 3928919427 S Ci:2:006:0 s c0 bc 0800 0016 0002 2 <
ffff8e67c6eea300 3928921934 C Ci:2:006:0 0 2 = 0900
ffff8e67c6eea300 3928922075 S Ci:2:006:0 s c0 bc 0900 001c 0002 2 <
ffff8e67c6eea300 3928924673 C Ci:2:006:0 0 2 = 2e6f
ffff8e67c6eea300 3928924780 S Ci:2:006:0 s c0 bc 0800 23be 0004 4 <
ffff8e67c6eea300 3928927379 C Ci:2:006:0 0 4 = 00006ee0
ffff8e67c6eea300 3928927505 S Co:2:006:0 s 40 bc 0800 00c0 0002 2 = 0c89
ffff8e67c6eea300 3928930046 C Co:2:006:0 0 2 >
ffff8e67c6eea300 3928930147 S Co:2:006:0 s 40 b9 0000 0000 0004 4 = 09009802
ffff8e67c6eea300 3928932669 C Co:2:006:0 0 4 >
ffff8e67c6eea300 3928932800 S Ii:2:006:3 -115:1 3 <
ffff8e67c6eea300 3928933865 C Ii:2:006:3 0:1 3 = 100000
ffff8e67c6eea300 3928933974 S Ci:2:006:0 s c0 bc 0800 0016 0002 2 <
ffff8e67c6eea300 3928936738 C Ci:2:006:0 0 2 = 0900
ffff8e67c6eea300 3928936877 S Ci:2:006:0 s c0 bc 0900 001c 0002 2 <
ffff8e67c6eea300 3928939310 C Ci:2:006:0 0 2 = 2e6f
ffff8e67c6eea300 3928939461 S Ci:2:006:0 s c0 bc 0800 23be 0002 2 <
ffff8e67c6eea300 3928941960 C Ci:2:006:0 0 2 = 0000
ffff8e67c6eea300 3928942119 S Co:2:006:0 s 40 bc 0900 0014 0002 2 = d39e
ffff8e67c6eea300 3928944660 C Co:2:006:0 0 2 >
ffff8e67c6eea300 3928944765 S Ci:2:006:0 s c0 bc 0900 001c 0002 2 <
ffff8e67c6eea300 3928947317 C Ci:2:006:0 0 2 = 2e6f
ffff8e67c6eea300 3928947465 S Co:2:006:0 s 40 bc 0800 00c0 0002 2 = 0dc8
ffff8e67c6eea300 3928949960 C Co:2:006:0 0 2 >
ffff8e67c6eea300 3928950088 S Co:2:006:0 s 40 b9 0000 0000 0004 4 = 09009802
ffff8e67c6eea300 3928952675 C Co:2:006:0 0 4 >
ffff8e67c6eea300 3928952780 S Ii:2:006:3 -115:1 3 <
ffff8e67c6eea300 3928953872 C Ii:2:006:3 0:1 3 = 100000
ffff8e67c6eea300 3928954001 S Ci:2:006:0 s c0 bc 0800 0016 0002 2 <
ffff8e67c6eea300 3928956714 C Ci:2:006:0 0 2 = 0900
ffff8e67c6eea300 3928956812 S Ci:2:006:0 s c0 bc 0900 001c 0002 2 <
ffff8e67c6eea300 3928959471 C Ci:2:006:0 0 2 = 2e6f
ffff8e67c6eea300 3928959639 S Ci:2:006:0 s c0 bc 0800 23be 0002 2 <
ffff8e67c6eea300 3928962141 C Ci:2:006:0 0 2 = 0000
ffff8e67c6eea300 3928962303 S Co:2:006:0 s 40 bc 0900 0014 0002 2 = d39e
ffff8e67c6eea300 3928964838 C Co:2:006:0 0 2 >
ffff8e67c6eea300 3928964975 S Ci:2:006:0 s c0 bc 0900 001c 0002 2 <
ffff8e67c6eea300 3928967671 C Ci:2:006:0 0 2 = 2e6f
ffff8e67c6eea300 3928967809 S Co:2:006:0 s 40 bc 0800 00c0 0004 4 = 9989f500
ffff8e67c6eea300 3928970346 C Co:2:006:0 0 4 >
ffff8e67c6eea300 3928970488 S Co:2:006:0 s 40 b9 0000 0000 0004 4 = 09006603
ffff8e67c6eea300 3928973115 C Co:2:006:0 0 4 >
ffff8e67c6eea300 3928973254 S Ii:2:006:3 -115:1 3 <
ffff8e67c6eea300 3928974362 C Ii:2:006:3 0:1 3 = 100000
ffff8e67c6eea300 3928974477 S Ci:2:006:0 s c0 bc 0800 0016 0002 2 <
ffff8e67c6eea300 3928977131 C Ci:2:006:0 0 2 = 0900
ffff8e67c6eea300 3928977227 S Ci:2:006:0 s c0 bc 0900 001c 0002 2 <
ffff8e67c6eea300 3928980061 C Ci:2:006:0 0 2 = 2e6f
ffff8e67c6eea300 3928980143 S Ci:2:006:0 s c0 bc 0800 23be 0002 2 <
ffff8e67c6eea300 3928982715 C Ci:2:006:0 0 2 = 0000
ffff8e67c6eea300 3928982853 S Co:2:006:0 s 40 bc 0900 0014 0002 2 = d39e
ffff8e67c6eea300 3928985394 C Co:2:006:0 0 2 >
ffff8e67c6eea300 3928985506 S Ci:2:006:0 s c0 bc 0900 001c 0002 2 <
ffff8e67c6eea300 3928988016 C Ci:2:006:0 0 2 = 2e6f
ffff8e67c6eea300 3928988073 S Co:2:006:0 s 40 b9 0000 0000 0004 4 = 09016601
ffff8e67c6eea300 3928990624 C Co:2:006:0 0 4 >
ffff8e67c6eea300 3928990668 S Ii:2:006:3 -115:1 3 <
ffff8e67c6eea300 3928991970 C Ii:2:006:3 0:1 3 = 100000
ffff8e67c6eea300 3928992118 S Ci:2:006:0 s c0 bc 0800 0016 0002 2 <
ffff8e67c6eea300 3928994748 C Ci:2:006:0 0 2 = 0900
ffff8e67c6eea300 3928994901 S Ci:2:006:0 s c0 bc 0900 001c 0002 2 <
ffff8e67c6eea300 3928997445 C Ci:2:006:0 0 2 = 2e6f
ffff8e67c6eea300 3928997560 S Ci:2:006:0 s c0 bc 0800 23be 0004 4 <
ffff8e67c6eea300 3929000246 C Ci:2:006:0 0 4 = 000062e0
ffff8e67c6eea300 3929000366 S Co:2:006:0 s 40 bc 0800 00c0 0002 2 = 0e65
ffff8e67c6eea300 3929002939 C Co:2:006:0 0 2 >
ffff8e67c6eea300 3929003087 S Co:2:006:0 s 40 b9 0000 0000 0004 4 = 09009802
ffff8e67c6eea300 3929005548 C Co:2:006:0 0 4 >
ffff8e67c6eea300 3929005686 S Ii:2:006:3 -115:1 3 <
ffff8e67c6eea300 3929006858 C Ii:2:006:3 0:1 3 = 100000
ffff8e67c6eea300 3929007002 S Ci:2:006:0 s c0 bc 0800 0016 0002 2 <
ffff8e67c6eea300 3929009685 C Ci:2:006:0 0 2 = 0900
ffff8e67c6eea300 3929009821 S Ci:2:006:0 s c0 bc 0900 001c 0002 2 <
ffff8e67c6eea300 3929012564 C Ci:2:006:0 0 2 = 2e6f
ffff8e67c6eea300 3929012683 S Ci:2:006:0 s c0 bc 0800 23be 0002 2 <
ffff8e67c6eea300 3929015240 C Ci:2:006:0 0 2 = 0000
ffff8e67c6eea300 3929015390 S Co:2:006:0 s 40 bc 0900 0014 0002 2 = d39e
ffff8e67c6eea300 3929017881 C Co:2:006:0 0 2 >
ffff8e67c6eea300 3929018027 S Ci:2:006:0 s c0 bc 0900 001c 0002 2 <
ffff8e67c6eea300 3929020634 C Ci:2:006:0 0 2 = 2e6f
ffff8e67c6eea300 3929020800 S Co:2:006:0 s 40 bc 0800 00c0 0002 2 = 0e64
ffff8e67c6eea300 3929023412 C Co:2:006:0 0 2 >
ffff8e67c6eea300 3929023555 S Co:2:006:0 s 40 b9 0000 0000 0004 4 = 09009802
ffff8e67c6eea300 3929026082 C Co:2:006:0 0 4 >
ffff8e67c6eea300 3929026229 S Ii:2:006:3 -115:1 3 <
ffff8e67c6eea300 3929027381 C Ii:2:006:3 0:1 3 = 100000
ffff8e67c6eea300 3929027520 S Ci:2:006:0 s c0 bc 0800 0016 0002 2 <
ffff8e67c6eea300 3929029995 C Ci:2:006:0 0 2 = 0900
ffff8e67c6eea300 3929030142 S Ci:2:006:0 s c0 bc 0900 001c 0002 2 <
ffff8e67c6eea300 3929032676 C Ci:2:006:0 0 2 = 2e6f
ffff8e67c4a97900 3929032722 S Ci:2:006:0 s c0 bc 0800 23be 0002 2 <
ffff8e67c4a97900 3929035411 C Ci:2:006:0 0 2 = 0000
ffff8e67c4a97900 3929035455 S Co:2:006:0 s 40 bc 0900 0014 0002 2 = d39e
ffff8e67c4a97900 3929038198 C Co:2:006:0 0 2 >
ffff8e67c4a97900 3929038242 S Ci:2:006:0 s c0 bc 0900 001c 0002 2 <
ffff8e67c4a97900 3929040895 C Ci:2:006:0 0 2 = 2e6f
ffff8e67c4a97900 3929040938 S Co:2:006:0 s 40 bc 0800 00c0 0004 4 = 9989fd00
ffff8e67c4a97900 3929043588 C Co:2:006:0 0 4 >
ffff8e67c4a97900 3929043625 S Co:2:006:0 s 40 b9 0000 0000 0004 4 = 09006603
ffff8e67c4a97900 3929046315 C Co:2:006:0 0 4 >
ffff8e67c4a97900 3929046372 S Ii:2:006:3 -115:1 3 <
ffff8e67c4a97900 3929047615 C Ii:2:006:3 0:1 3 = 100000
ffff8e67c4a97900 3929047659 S Ci:2:006:0 s c0 bc 0800 0016 0002 2 <
ffff8e67c4a97900 3929050257 C Ci:2:006:0 0 2 = 0900
ffff8e67c4a97900 3929050300 S Ci:2:006:0 s c0 bc 0900 001c 0002 2 <
ffff8e67c4a97900 3929053045 C Ci:2:006:0 0 2 = 2e6f
ffff8e67c4a97900 3929053081 S Ci:2:006:0 s c0 bc 0800 23be 0002 2 <
ffff8e67c4a97900 3929055755 C Ci:2:006:0 0 2 = 0000
ffff8e67c4a97900 3929055790 S Co:2:006:0 s 40 bc 0900 0014 0002 2 = d39e
ffff8e67c4a97900 3929058365 C Co:2:006:0 0 2 >
ffff8e67c4a97900 3929058407 S Ci:2:006:0 s c0 bc 0900 001c 0002 2 <
ffff8e67c4a97900 3929061054 C Ci:2:006:0 0 2 = 2e6f
ffff8e67c4a97900 3929061142 S Co:2:006:0 s 40 b9 0000 0000 0004 4 = 09016601
ffff8e67c4a97900 3929063803 C Co:2:006:0 0 4 >
ffff8e67c4a97900 3929063850 S Ii:2:006:3 -115:1 3 <
ffff8e67c4a97900 3929065112 C Ii:2:006:3 0:1 3 = 100000
ffff8e67c4a97900 3929065154 S Ci:2:006:0 s c0 bc 0800 0016 0002 2 <
ffff8e67c4a97900 3929067758 C Ci:2:006:0 0 2 = 0900
ffff8e67f59f0000 3929068114 S Ci:2:006:0 s c0 bc 0900 001c 0002 2 <
ffff8e67f59f0000 3929070523 C Ci:2:006:0 0 2 = 2e6f
ffff8e67f59f0000 3929070700 S Ci:2:006:0 s c0 bc 0800 23be 0004 4 <
ffff8e67f59f0000 3929073251 C Ci:2:006:0 0 4 = 00006ee0
ffff8e67f59f0000 3929073447 S Co:2:006:0 s 40 bc 0800 00c0 0002 2 = 1089
ffff8e67f59f0000 3929075998 C Co:2:006:0 0 2 >
ffff8e67f59f0000 3929076174 S Co:2:006:0 s 40 b9 0000 0000 0004 4 = 09009802
ffff8e67f59f0000 3929078643 C Co:2:006:0 0 4 >
ffff8e67f59f0000 3929078819 S Ii:2:006:3 -115:1 3 <
ffff8e67f59f0000 3929080001 C Ii:2:006:3 0:1 3 = 100000
ffff8e67f59f0000 3929080050 S Ci:2:006:0 s c0 bc 0800 0016 0002 2 <
ffff8e67f59f0000 3929082698 C Ci:2:006:0 0 2 = 0900
ffff8e67f59f0000 3929082874 S Ci:2:006:0 s c0 bc 0900 001c 0002 2 <
ffff8e67f59f0000 3929085445 C Ci:2:006:0 0 2 = 2e6f
ffff8e67f59f0000 3929085545 S Ci:2:006:0 s c0 bc 0800 23be 0002 2 <
ffff8e67f59f0000 3929088165 C Ci:2:006:0 0 2 = 0000
ffff8e67f59f0000 3929088320 S Co:2:006:0 s 40 bc 0900 0014 0002 2 = d39e
ffff8e67f59f0000 3929090946 C Co:2:006:0 0 2 >
ffff8e67f59f0000 3929091122 S Ci:2:006:0 s c0 bc 0900 001c 0002 2 <
ffff8e67f59f0000 3929093689 C Ci:2:006:0 0 2 = 2e6f
ffff8e67f59f0000 3929093863 S Co:2:006:0 s 40 bc 0800 00c0 0002 2 = 1581
ffff8e67f59f0000 3929096459 C Co:2:006:0 0 2 >
ffff8e67f59f0000 3929096523 S Co:2:006:0 s 40 b9 0000 0000 0004 4 = 09009802
ffff8e67f59f0000 3929099213 C Co:2:006:0 0 4 >
ffff8e67f59f0000 3929099309 S Ii:2:006:3 -115:1 3 <
ffff8e67f59f0000 3929100541 C Ii:2:006:3 0:1 3 = 100000
ffff8e67f59f0000 3929100716 S Ci:2:006:0 s c0 bc 0800 0016 0002 2 <
ffff8e67f59f0000 3929103326 C Ci:2:006:0 0 2 = 0900
ffff8e67f59f0000 3929103394 S Ci:2:006:0 s c0 bc 0900 001c 0002 2 <
ffff8e67f59f0000 3929106127 C Ci:2:006:0 0 2 = 2e6f
ffff8e67f59f0000 3929106174 S Ci:2:006:0 s c0 bc 0800 23be 0002 2 <
ffff8e67f59f0000 3929108916 C Ci:2:006:0 0 2 = 0000
ffff8e67f59f0000 3929109093 S Co:2:006:0 s 40 bc 0900 0014 0002 2 = d39e
ffff8e67f59f0000 3929111707 C Co:2:006:0 0 2 >
ffff8e67f59f0000 3929111882 S Ci:2:006:0 s c0 bc 0900 001c 0002 2 <
ffff8e67f59f0000 3929114449 C Ci:2:006:0 0 2 = 2e6f
ffff8e67f59f0000 3929114625 S Co:2:006:0 s 40 bc 0800 00c0 0002 2 = 0f88
ffff8e67f59f0000 3929117210 C Co:2:006:0 0 2 >
ffff8e67f59f0000 3929117241 S Co:2:006:0 s 40 b9 0000 0000 0004 4 = 09009802
ffff8e67f59f0000 3929119926 C Co:2:006:0 0 4 >
ffff8e67f59f0000 3929120101 S Ii:2:006:3 -115:1 3 <
ffff8e67f59f0000 3929121304 C Ii:2:006:3 0:1 3 = 100000
ffff8e67f59f0000 3929121411 S Ci:2:006:0 s c0 bc 0800 0016 0002 2 <
ffff8e67f59f0000 3929124034 C Ci:2:006:0 0 2 = 0900
ffff8e67f59f0000 3929124208 S Ci:2:006:0 s c0 bc 0900 001c 0002 2 <
ffff8e67f59f0000 3929126811 C Ci:2:006:0 0 2 = 2e6f
ffff8e67f59f0000 3929126898 S Ci:2:006:0 s c0 bc 0800 23be 0002 2 <
ffff8e67f59f0000 3929129562 C Ci:2:006:0 0 2 = 0000
ffff8e67f59f0000 3929129749 S Co:2:006:0 s 40 bc 0900 0014 0002 2 = d39e
ffff8e67f59f0000 3929132307 C Co:2:006:0 0 2 >
ffff8e67f59f0000 3929132374 S Ci:2:006:0 s c0 bc 0900 001c 0002 2 <
ffff8e67f59f0000 3929135107 C Ci:2:006:0 0 2 = 2e6f
ffff8e67f59f0000 3929135263 S Co:2:006:0 s 40 bc 0800 00c0 0002 2 = 1089
ffff8e67f59f0000 3929137908 C Co:2:006:0 0 2 >
ffff8e67f59f0000 3929138005 S Co:2:006:0 s 40 b9 0000 0000 0004 4 = 09009802
ffff8e67f59f0000 3929140680 C Co:2:006:0 0 4 >
ffff8e67f59f0000 3929140856 S Ii:2:006:3 -115:1 3 <
ffff8e67f59f0000 3929142046 C Ii:2:006:3 0:1 3 = 100000
ffff8e67f59f0000 3929142132 S Ci:2:006:0 s c0 bc 0800 0016 0002 2 <
ffff8e67f59f0000 3929144801 C Ci:2:006:0 0 2 = 0900
ffff8e67f59f0000 3929145003 S Ci:2:006:0 s c0 bc 0900 001c 0002 2 <
ffff8e67f59f0000 3929147560 C Ci:2:006:0 0 2 = 2e6f
ffff8e67f59f0000 3929147619 S Ci:2:006:0 s c0 bc 0800 23be 0002 2 <
ffff8e67f59f0000 3929150341 C Ci:2:006:0 0 2 = 0000
ffff8e67f59f0000 3929150522 S Co:2:006:0 s 40 bc 0900 0014 0002 2 = d39e
ffff8e67f59f0000 3929153138 C Co:2:006:0 0 2 >
ffff8e67f59f0000 3929153250 S Ci:2:006:0 s c0 bc 0900 001c 0002 2 <
ffff8e67f59f0000 3929155851 C Ci:2:006:0 0 2 = 2e6f
ffff8e67f59f0000 3929156056 S Co:2:006:0 s 40 bc 0800 00c0 0002 2 = 1581
ffff8e67f59f0000 3929158563 C Co:2:006:0 0 2 >
ffff8e67f59f0000 3929158739 S Co:2:006:0 s 40 b9 0000 0000 0004 4 = 09009802
ffff8e67f59f0000 3929161345 C Co:2:006:0 0 4 >
ffff8e67f59f0000 3929161427 S Ii:2:006:3 -115:1 3 <
ffff8e67f59f0000 3929162693 C Ii:2:006:3 0:1 3 = 100000
ffff8e67f59f0000 3929162766 S Ci:2:006:0 s c0 bc 0800 0016 0002 2 <
ffff8e67f59f0000 3929165490 C Ci:2:006:0 0 2 = 0900
ffff8e67f59f0000 3929165693 S Ci:2:006:0 s c0 bc 0900 001c 0002 2 <
ffff8e67f59f0000 3929168168 C Ci:2:006:0 0 2 = 2e6f
ffff8e67f59f0000 3929168345 S Ci:2:006:0 s c0 bc 0800 23be 0002 2 <
ffff8e67f59f0000 3929170954 C Ci:2:006:0 0 2 = 0000
ffff8e67f59f0000 3929171131 S Co:2:006:0 s 40 bc 0900 0014 0002 2 = d39e
ffff8e67f59f0000 3929173710 C Co:2:006:0 0 2 >
ffff8e67f59f0000 3929173965 S Ci:2:006:0 s c0 bc 0900 001c 0002 2 <
ffff8e67f59f0000 3929176451 C Ci:2:006:0 0 2 = 2e6f
ffff8e67f59f0000 3929176632 S Co:2:006:0 s 40 bc 0800 00c0 0002 2 = 658a
ffff8e67f59f0000 3929179227 C Co:2:006:0 0 2 >
ffff8e67f59f0000 3929179273 S Co:2:006:0 s 40 b9 0000 0000 0004 4 = 09009802
ffff8e67f59f0000 3929181946 C Co:2:006:0 0 4 >
ffff8e67f59f0000 3929182117 S Ii:2:006:3 -115:1 3 <
ffff8e67f59f0000 3929183240 C Ii:2:006:3 0:1 3 = 100000
ffff8e67f59f0000 3929183429 S Ci:2:006:0 s c0 bc 0800 0016 0002 2 <
ffff8e67f59f0000 3929185956 C Ci:2:006:0 0 2 = 0900
ffff8e67f59f0000 3929186118 S Ci:2:006:0 s c0 bc 0900 001c 0002 2 <
ffff8e67f59f0000 3929188719 C Ci:2:006:0 0 2 = 2e6f
ffff8e67f59f0000 3929188814 S Ci:2:006:0 s c0 bc 0800 23be 0002 2 <
ffff8e67f59f0000 3929191395 C Ci:2:006:0 0 2 = 0000
ffff8e67f59f0000 3929191572 S Co:2:006:0 s 40 bc 0900 0014 0002 2 = d39e
ffff8e67f59f0000 3929194162 C Co:2:006:0 0 2 >
ffff8e67f59f0000 3929194340 S Ci:2:006:0 s c0 bc 0900 001c 0002 2 <
ffff8e67f59f0000 3929196983 C Ci:2:006:0 0 2 = 2e6f
ffff8e67f59f0000 3929197066 S Co:2:006:0 s 40 bc 0800 00c0 0002 2 = 1089
ffff8e67f59f0000 3929199602 C Co:2:006:0 0 2 >
ffff8e67f59f0000 3929199743 S Co:2:006:0 s 40 b9 0000 0000 0004 4 = 09009802
ffff8e67f59f0000 3929202441 C Co:2:006:0 0 4 >
ffff8e67f59f0000 3929202608 S Ii:2:006:3 -115:1 3 <
ffff8e67f59f0000 3929203697 C Ii:2:006:3 0:1 3 = 100000
ffff8e67f59f0000 3929203784 S Ci:2:006:0 s c0 bc 0800 0016 0002 2 <
ffff8e67f59f0000 3929206459 C Ci:2:006:0 0 2 = 0900
ffff8e67f59f0000 3929206574 S Ci:2:006:0 s c0 bc 0900 001c 0002 2 <
ffff8e67f59f0000 3929209218 C Ci:2:006:0 0 2 = 2e6f
ffff8e67f59f0000 3929209440 S Ci:2:006:0 s c0 bc 0800 23be 0002 2 <
ffff8e67f59f0000 3929211904 C Ci:2:006:0 0 2 = 0000
ffff8e67f59f0000 3929212090 S Co:2:006:0 s 40 bc 0900 0014 0002 2 = d39e
ffff8e67f59f0000 3929214670 C Co:2:006:0 0 2 >
ffff8e67f59f0000 3929214773 S Ci:2:006:0 s c0 bc 0900 001c 0002 2 <
ffff8e67f59f0000 3929217436 C Ci:2:006:0 0 2 = 2e6f
ffff8e67f59f0000 3929217598 S Co:2:006:0 s 40 bc 0800 00c0 0002 2 = 1128
ffff8e67f59f0000 3929220176 C Co:2:006:0 0 2 >
ffff8e67f59f0000 3929220278 S Co:2:006:0 s 40 b9 0000 0000 0004 4 = 09009802
ffff8e67f59f0000 3929222967 C Co:2:006:0 0 4 >
ffff8e67f59f0000 3929223055 S Ii:2:006:3 -115:1 3 <
ffff8e67f59f0000 3929224309 C Ii:2:006:3 0:1 3 = 100000
ffff8e67f59f0000 3929224361 S Ci:2:006:0 s c0 bc 0800 0016 0002 2 <
ffff8e67f59f0000 3929227059 C Ci:2:006:0 0 2 = 0900
ffff8e67f59f0000 3929227227 S Ci:2:006:0 s c0 bc 0900 001c 0002 2 <
ffff8e67f59f0000 3929229768 C Ci:2:006:0 0 2 = 2e6f
ffff8e67f59f0000 3929229933 S Ci:2:006:0 s c0 bc 0800 23be 0002 2 <
ffff8e67f59f0000 3929232543 C Ci:2:006:0 0 2 = 0000
ffff8e67f59f0000 3929232712 S Co:2:006:0 s 40 bc 0900 0014 0002 2 = d39e
ffff8e67f59f0000 3929235308 C Co:2:006:0 0 2 >
ffff8e67f59f0000 3929235439 S Ci:2:006:0 s c0 bc 0900 001c 0002 2 <
ffff8e67f59f0000 3929238111 C Ci:2:006:0 0 2 = 2e6f
ffff8e67f59f0000 3929238197 S Co:2:006:0 s 40 bc 0800 00c0 0002 2 = 1288
ffff8e67f59f0000 3929240788 C Co:2:006:0 0 2 >
ffff8e67f59f0000 3929241038 S Co:2:006:0 s 40 b9 0000 0000 0004 4 = 09009802
ffff8e67f59f0000 3929243425 C Co:2:006:0 0 4 >
ffff8e67f59f0000 3929243612 S Ii:2:006:3 -115:1 3 <
ffff8e67f59f0000 3929244771 C Ii:2:006:3 0:1 3 = 100000
ffff8e67f59f0000 3929244943 S Ci:2:006:0 s c0 bc 0800 0016 0002 2 <
ffff8e67f59f0000 3929247546 C Ci:2:006:0 0 2 = 0900
ffff8e67f59f0000 3929247718 S Ci:2:006:0 s c0 bc 0900 001c 0002 2 <
ffff8e67f59f0000 3929250283 C Ci:2:006:0 0 2 = 2e6f
ffff8e67f59f0000 3929250465 S Ci:2:006:0 s c0 bc 0800 23be 0002 2 <
ffff8e67f59f0000 3929253094 C Ci:2:006:0 0 2 = 0000
ffff8e67f59f0000 3929253258 S Co:2:006:0 s 40 bc 0900 0014 0002 2 = d39e
ffff8e67f59f0000 3929255814 C Co:2:006:0 0 2 >
ffff8e67f59f0000 3929255929 S Ci:2:006:0 s c0 bc 0900 001c 0002 2 <
ffff8e67f59f0000 3929258534 C Ci:2:006:0 0 2 = 2e6f
ffff8e67f59f0000 3929258715 S Co:2:006:0 s 40 bc 0800 00c0 0002 2 = 13a8
ffff8e67f59f0000 3929261312 C Co:2:006:0 0 2 >
ffff8e67f59f0000 3929261438 S Co:2:006:0 s 40 b9 0000 0000 0004 4 = 09009802
ffff8e67f59f0000 3929264078 C Co:2:006:0 0 4 >
ffff8e67f59f0000 3929264239 S Ii:2:006:3 -115:1 3 <
ffff8e67f59f0000 3929265458 C Ii:2:006:3 0:1 3 = 100000
ffff8e67f59f0000 3929265502 S Ci:2:006:0 s c0 bc 0800 0016 0002 2 <
ffff8e67f59f0000 3929268168 C Ci:2:006:0 0 2 = 0900
ffff8e67f59f0000 3929268335 S Ci:2:006:0 s c0 bc 0900 001c 0002 2 <
ffff8e67f59f0000 3929270951 C Ci:2:006:0 0 2 = 2e6f
ffff8e67f59f0000 3929271130 S Ci:2:006:0 s c0 bc 0800 23be 0002 2 <
ffff8e67f59f0000 3929273716 C Ci:2:006:0 0 2 = 0000
ffff8e67f59f0000 3929273891 S Co:2:006:0 s 40 bc 0900 0014 0002 2 = d39e
ffff8e67f59f0000 3929276446 C Co:2:006:0 0 2 >
ffff8e67f59f0000 3929276520 S Ci:2:006:0 s c0 bc 0900 001c 0002 2 <
ffff8e67f59f0000 3929279073 C Ci:2:006:0 0 2 = 2e6f
ffff8e67f59f0000 3929279170 S Co:2:006:0 s 40 bc 0800 00c0 0002 2 = 1488
ffff8e67f59f0000 3929281834 C Co:2:006:0 0 2 >
ffff8e67f59f0000 3929281984 S Co:2:006:0 s 40 b9 0000 0000 0004 4 = 09009802
ffff8e67f59f0000 3929284591 C Co:2:006:0 0 4 >
ffff8e67f59f0000 3929284737 S Ii:2:006:3 -115:1 3 <
ffff8e67f59f0000 3929285827 C Ii:2:006:3 0:1 3 = 100000
ffff8e67f59f0000 3929285898 S Ci:2:006:0 s c0 bc 0800 0016 0002 2 <
ffff8e67f59f0000 3929288583 C Ci:2:006:0 0 2 = 0900
ffff8e67f59f0000 3929288739 S Ci:2:006:0 s c0 bc 0900 001c 0002 2 <
ffff8e67f59f0000 3929291308 C Ci:2:006:0 0 2 = 2e6f
ffff8e67f59f0000 3929291440 S Ci:2:006:0 s c0 bc 0800 23be 0002 2 <
ffff8e67f59f0000 3929294072 C Ci:2:006:0 0 2 = 0000
ffff8e67f59f0000 3929294245 S Co:2:006:0 s 40 bc 0900 0014 0002 2 = d39e
ffff8e67f59f0000 3929296849 C Co:2:006:0 0 2 >
ffff8e67f59f0000 3929297062 S Ci:2:006:0 s c0 bc 0900 001c 0002 2 <
ffff8e67f59f0000 3929299654 C Ci:2:006:0 0 2 = 2e6f
ffff8e67f59f0000 3929299705 S Co:2:006:0 s 40 bc 0800 00c0 0002 2 = 158b
ffff8e67f59f0000 3929302323 C Co:2:006:0 0 2 >
ffff8e67f59f0000 3929302499 S Co:2:006:0 s 40 b9 0000 0000 0004 4 = 09009802
ffff8e67f59f0000 3929305125 C Co:2:006:0 0 4 >
ffff8e67f59f0000 3929305235 S Ii:2:006:3 -115:1 3 <
ffff8e67f59f0000 3929306438 C Ii:2:006:3 0:1 3 = 100000
ffff8e67f59f0000 3929306556 S Ci:2:006:0 s c0 bc 0800 0016 0002 2 <
ffff8e67f59f0000 3929309105 C Ci:2:006:0 0 2 = 0900
ffff8e67f59f0000 3929309257 S Ci:2:006:0 s c0 bc 0900 001c 0002 2 <
ffff8e67f59f0000 3929311855 C Ci:2:006:0 0 2 = 2e6f
ffff8e67f59f0000 3929312050 S Ci:2:006:0 s c0 bc 0800 23be 0002 2 <
ffff8e67f59f0000 3929314524 C Ci:2:006:0 0 2 = 0000
ffff8e67f59f0000 3929314685 S Co:2:006:0 s 40 bc 0900 0014 0002 2 = d39e
ffff8e67f59f0000 3929317328 C Co:2:006:0 0 2 >
ffff8e67f59f0000 3929317479 S Ci:2:006:0 s c0 bc 0900 001c 0002 2 <
ffff8e67f59f0000 3929320090 C Ci:2:006:0 0 2 = 2e6f
ffff8e67f59f0000 3929320254 S Co:2:006:0 s 40 bc 0800 00c0 0004 4 = 9989ed00
ffff8e67f59f0000 3929322814 C Co:2:006:0 0 4 >
ffff8e67f59f0000 3929323041 S Co:2:006:0 s 40 b9 0000 0000 0004 4 = 09006603
ffff8e67f59f0000 3929325494 C Co:2:006:0 0 4 >
ffff8e67f59f0000 3929325560 S Ii:2:006:3 -115:1 3 <
ffff8e67f59f0000 3929326798 C Ii:2:006:3 0:1 3 = 100000
ffff8e67f59f0000 3929327006 S Ci:2:006:0 s c0 bc 0800 0016 0002 2 <
ffff8e67f59f0000 3929329631 C Ci:2:006:0 0 2 = 0900
ffff8e67f59f0000 3929329700 S Ci:2:006:0 s c0 bc 0900 001c 0002 2 <
ffff8e67f59f0000 3929332366 C Ci:2:006:0 0 2 = 2e6f
ffff8e67f59f0000 3929332521 S Ci:2:006:0 s c0 bc 0800 23be 0002 2 <
ffff8e67f59f0000 3929335111 C Ci:2:006:0 0 2 = 0000
ffff8e67f59f0000 3929335255 S Co:2:006:0 s 40 bc 0900 0014 0002 2 = d39e
ffff8e67f59f0000 3929337822 C Co:2:006:0 0 2 >
ffff8e67f59f0000 3929338055 S Ci:2:006:0 s c0 bc 0900 001c 0002 2 <
ffff8e67f59f0000 3929340616 C Ci:2:006:0 0 2 = 2e6f
ffff8e67f59f0000 3929340682 S Co:2:006:0 s 40 b9 0000 0000 0004 4 = 09016601
ffff8e67f59f0000 3929343268 C Co:2:006:0 0 4 >
ffff8e67f59f0000 3929343458 S Ii:2:006:3 -115:1 3 <
ffff8e67f59f0000 3929344626 C Ii:2:006:3 0:1 3 = 100000
ffff8e67f59f0000 3929344765 S Ci:2:006:0 s c0 bc 0800 0016 0002 2 <
ffff8e67f59f0000 3929347458 C Ci:2:006:0 0 2 = 0900
ffff8e67f59f0000 3929347507 S Ci:2:006:0 s c0 bc 0900 001c 0002 2 <
ffff8e67f59f0000 3929350207 C Ci:2:006:0 0 2 = 2e6f
ffff8e67f59f0000 3929350358 S Ci:2:006:0 s c0 bc 0800 23be 0004 4 <
ffff8e67f59f0000 3929352947 C Ci:2:006:0 0 4 = 00005ce0
ffff8e67f59f0000 3929353115 S Co:2:006:0 s 40 bc 0800 00c0 0004 4 = 9989ec00
ffff8e67f59f0000 3929355702 C Co:2:006:0 0 4 >
ffff8e67f59f0000 3929355781 S Co:2:006:0 s 40 b9 0000 0000 0004 4 = 09006603
ffff8e67f59f0000 3929358501 C Co:2:006:0 0 4 >
ffff8e67f59f0000 3929358633 S Ii:2:006:3 -115:1 3 <
ffff8e67f59f0000 3929359755 C Ii:2:006:3 0:1 3 = 100000
ffff8e67f59f0000 3929359849 S Ci:2:006:0 s c0 bc 0800 0016 0002 2 <
ffff8e67f59f0000 3929362426 C Ci:2:006:0 0 2 = 0900
ffff8e67f59f0000 3929362581 S Ci:2:006:0 s c0 bc 0900 001c 0002 2 <
ffff8e67f59f0000 3929365225 C Ci:2:006:0 0 2 = 2e6f
ffff8e67f59f0000 3929365343 S Ci:2:006:0 s c0 bc 0800 23be 0002 2 <
ffff8e67f59f0000 3929367904 C Ci:2:006:0 0 2 = 0000
ffff8e67f59f0000 3929368076 S Co:2:006:0 s 40 bc 0900 0014 0002 2 = d39e
ffff8e67f59f0000 3929370658 C Co:2:006:0 0 2 >
ffff8e67f59f0000 3929370830 S Ci:2:006:0 s c0 bc 0900 001c 0002 2 <
ffff8e67f59f0000 3929373465 C Ci:2:006:0 0 2 = 2e6f
ffff8e67f59f0000 3929373541 S Co:2:006:0 s 40 b9 0000 0000 0004 4 = 09016601
ffff8e67f59f0000 3929376197 C Co:2:006:0 0 4 >
ffff8e67f59f0000 3929376306 S Ii:2:006:3 -115:1 3 <
ffff8e67f59f0000 3929377561 C Ii:2:006:3 0:1 3 = 100000
ffff8e67f59f0000 3929377662 S Ci:2:006:0 s c0 bc 0800 0016 0002 2 <
ffff8e67f59f0000 3929380323 C Ci:2:006:0 0 2 = 0900
ffff8e67f59f0000 3929380445 S Ci:2:006:0 s c0 bc 0900 001c 0002 2 <
ffff8e67f59f0000 3929383076 C Ci:2:006:0 0 2 = 2e6f
ffff8e67f59f0000 3929383249 S Ci:2:006:0 s c0 bc 0800 23be 0004 4 <
ffff8e67f59f0000 3929385847 C Ci:2:006:0 0 4 = 0000a2e0
ffff8e67f59f0000 3929386064 S Co:2:006:0 s 40 bc 0800 00c0 0004 4 = 9989ec00
ffff8e67f59f0000 3929388545 C Co:2:006:0 0 4 >
ffff8e67f59f0000 3929388621 S Co:2:006:0 s 40 b9 0000 0000 0004 4 = 09006603
ffff8e67f59f0000 3929391274 C Co:2:006:0 0 4 >
ffff8e67f59f0000 3929391457 S Ii:2:006:3 -115:1 3 <
ffff8e67f59f0000 3929392645 C Ii:2:006:3 0:1 3 = 100000
ffff8e67f59f0000 3929392796 S Ci:2:006:0 s c0 bc 0800 0016 0002 2 <
ffff8e67f59f0000 3929395419 C Ci:2:006:0 0 2 = 0900
ffff8e67f59f0000 3929395520 S Ci:2:006:0 s c0 bc 0900 001c 0002 2 <
ffff8e67f59f0000 3929398219 C Ci:2:006:0 0 2 = 2e6f
ffff8e67f59f0000 3929398318 S Ci:2:006:0 s c0 bc 0800 23be 0002 2 <
ffff8e67f59f0000 3929400928 C Ci:2:006:0 0 2 = 0000
ffff8e67f59f0000 3929401098 S Co:2:006:0 s 40 bc 0900 0014 0002 2 = d39e
ffff8e67f59f0000 3929403654 C Co:2:006:0 0 2 >
ffff8e67f59f0000 3929403823 S Ci:2:006:0 s c0 bc 0900 001c 0002 2 <
ffff8e67f59f0000 3929406444 C Ci:2:006:0 0 2 = 2e6f
ffff8e67f59f0000 3929406521 S Co:2:006:0 s 40 b9 0000 0000 0004 4 = 09016601
ffff8e67f59f0000 3929409171 C Co:2:006:0 0 4 >
ffff8e67f59f0000 3929409338 S Ii:2:006:3 -115:1 3 <
ffff8e67f59f0000 3929410536 C Ii:2:006:3 0:1 3 = 100000
ffff8e67f59f0000 3929410692 S Ci:2:006:0 s c0 bc 0800 0016 0002 2 <
ffff8e67f59f0000 3929413297 C Ci:2:006:0 0 2 = 0900
ffff8e67f59f0000 3929413455 S Ci:2:006:0 s c0 bc 0900 001c 0002 2 <
ffff8e67f59f0000 3929416053 C Ci:2:006:0 0 2 = 2e6f
ffff8e67f59f0000 3929416146 S Ci:2:006:0 s c0 bc 0800 23be 0004 4 <
ffff8e67f59f0000 3929418751 C Ci:2:006:0 0 4 = 00002ce0
ffff8e67f59f0000 3929418913 S Co:2:006:0 s 40 bc 0800 00c0 0004 4 = 9989ec00
ffff8e67f59f0000 3929421524 C Co:2:006:0 0 4 >
ffff8e67f59f0000 3929421698 S Co:2:006:0 s 40 b9 0000 0000 0004 4 = 09006603
ffff8e67f59f0000 3929424251 C Co:2:006:0 0 4 >
ffff8e67f59f0000 3929424431 S Ii:2:006:3 -115:1 3 <
ffff8e67f59f0000 3929425656 C Ii:2:006:3 0:1 3 = 100000
ffff8e67f59f0000 3929425743 S Ci:2:006:0 s c0 bc 0800 0016 0002 2 <
ffff8e67f59f0000 3929428460 C Ci:2:006:0 0 2 = 0900
ffff8e67f59f0000 3929428557 S Ci:2:006:0 s c0 bc 0900 001c 0002 2 <
ffff8e67f59f0000 3929431197 C Ci:2:006:0 0 2 = 2e6f
ffff8e67f59f0000 3929431379 S Ci:2:006:0 s c0 bc 0800 23be 0002 2 <
ffff8e67f59f0000 3929433927 C Ci:2:006:0 0 2 = 0000
ffff8e67f59f0000 3929434063 S Co:2:006:0 s 40 bc 0900 0014 0002 2 = d39e
ffff8e67f59f0000 3929436674 C Co:2:006:0 0 2 >
ffff8e67f59f0000 3929436844 S Ci:2:006:0 s c0 bc 0900 001c 0002 2 <
ffff8e67f59f0000 3929439443 C Ci:2:006:0 0 2 = 2e6f
ffff8e67f59f0000 3929439522 S Co:2:006:0 s 40 b9 0000 0000 0004 4 = 09016601
ffff8e67f59f0000 3929442144 C Co:2:006:0 0 4 >
ffff8e67f59f0000 3929442309 S Ii:2:006:3 -115:1 3 <
ffff8e67f59f0000 3929443508 C Ii:2:006:3 0:1 3 = 100000
ffff8e67f59f0000 3929443620 S Ci:2:006:0 s c0 bc 0800 0016 0002 2 <
ffff8e67f59f0000 3929446206 C Ci:2:006:0 0 2 = 0900
ffff8e67f59f0000 3929446381 S Ci:2:006:0 s c0 bc 0900 001c 0002 2 <
ffff8e67f59f0000 3929449015 C Ci:2:006:0 0 2 = 2e6f
ffff8e67f59f0000 3929449097 S Ci:2:006:0 s c0 bc 0800 23be 0004 4 <
ffff8e67f59f0000 3929451696 C Ci:2:006:0 0 4 = 000059e0
ffff8e67f59f0000 3929451868 S Co:2:006:0 s 40 bc 0800 00c0 0004 4 = 9989ec00
ffff8e67f59f0000 3929454450 C Co:2:006:0 0 4 >
ffff8e67f59f0000 3929454584 S Co:2:006:0 s 40 b9 0000 0000 0004 4 = 09006603
ffff8e67f59f0000 3929457222 C Co:2:006:0 0 4 >
ffff8e67f59f0000 3929457329 S Ii:2:006:3 -115:1 3 <
ffff8e67f59f0000 3929458479 C Ii:2:006:3 0:1 3 = 100000
ffff8e67f59f0000 3929458643 S Ci:2:006:0 s c0 bc 0800 0016 0002 2 <
ffff8e67f59f0000 3929461347 C Ci:2:006:0 0 2 = 0900
ffff8e67f59f0000 3929461540 S Ci:2:006:0 s c0 bc 0900 001c 0002 2 <
ffff8e67f59f0000 3929464148 C Ci:2:006:0 0 2 = 2e6f
ffff8e67f59f0000 3929464192 S Ci:2:006:0 s c0 bc 0800 23be 0002 2 <
ffff8e67f59f0000 3929466922 C Ci:2:006:0 0 2 = 0000
ffff8e67f59f0000 3929467073 S Co:2:006:0 s 40 bc 0900 0014 0002 2 = d39e
ffff8e67f59f0000 3929469522 C Co:2:006:0 0 2 >
ffff8e67f59f0000 3929469669 S Ci:2:006:0 s c0 bc 0900 001c 0002 2 <
ffff8e67f59f0000 3929472177 C Ci:2:006:0 0 2 = 2e6f
ffff8e67f59f0000 3929472248 S Co:2:006:0 s 40 b9 0000 0000 0004 4 = 09016601
ffff8e67f59f0000 3929474881 C Co:2:006:0 0 4 >
ffff8e67f59f0000 3929475049 S Ii:2:006:3 -115:1 3 <
ffff8e67f59f0000 3929476297 C Ii:2:006:3 0:1 3 = 100000
ffff8e67c6eea3c0 3929476468 S Ci:2:006:0 s c0 bc 0800 0016 0002 2 <
ffff8e67c6eea3c0 3929479098 C Ci:2:006:0 0 2 = 0900
ffff8e67c4a97c00 3929479146 S Ci:2:006:0 s c0 bc 0900 001c 0002 2 <
ffff8e67c4a97c00 3929481796 C Ci:2:006:0 0 2 = 2e6f
ffff8e67c4a97c00 3929481840 S Ci:2:006:0 s c0 bc 0800 23be 0004 4 <
ffff8e67c4a97c00 3929484600 C Ci:2:006:0 0 4 = 0000dee0
ffff8e67c4a97c00 3929484642 S Co:2:006:0 s 40 bc 0800 00c0 0004 4 = 9989ec00
ffff8e67c4a97c00 3929487302 C Co:2:006:0 0 4 >
ffff8e67c4a97c00 3929487346 S Co:2:006:0 s 40 b9 0000 0000 0004 4 = 09006603
ffff8e67c4a97c00 3929490083 C Co:2:006:0 0 4 >
ffff8e67c4a97c00 3929490125 S Ii:2:006:3 -115:1 3 <
ffff8e67c4a97c00 3929491395 C Ii:2:006:3 0:1 3 = 100000
ffff8e67c4a97c00 3929491438 S Ci:2:006:0 s c0 bc 0800 0016 0002 2 <
ffff8e67c4a97c00 3929494193 C Ci:2:006:0 0 2 = 0900
ffff8e67c4a97c00 3929494229 S Ci:2:006:0 s c0 bc 0900 001c 0002 2 <
ffff8e67c4a97c00 3929497020 C Ci:2:006:0 0 2 = 2e6f
ffff8e67c4a97c00 3929497054 S Ci:2:006:0 s c0 bc 0800 23be 0002 2 <
ffff8e67c4a97c00 3929499727 C Ci:2:006:0 0 2 = 0000
ffff8e67c4a97c00 3929499770 S Co:2:006:0 s 40 bc 0900 0014 0002 2 = d39e
ffff8e67c4a97c00 3929502407 C Co:2:006:0 0 2 >
ffff8e67c4a97c00 3929502464 S Ci:2:006:0 s c0 bc 0900 001c 0002 2 <
ffff8e67c4a97c00 3929505193 C Ci:2:006:0 0 2 = 2e6f
ffff8e67c4a97c00 3929505238 S Co:2:006:0 s 40 b9 0000 0000 0004 4 = 09016601
ffff8e67c4a97c00 3929507929 C Co:2:006:0 0 4 >
ffff8e67c4a97c00 3929507970 S Ii:2:006:3 -115:1 3 <
ffff8e67c4a97c00 3929509231 C Ii:2:006:3 0:1 3 = 100000
ffff8e67c4a97c00 3929509273 S Ci:2:006:0 s c0 bc 0800 0016 0002 2 <
ffff8e67c4a97c00 3929512024 C Ci:2:006:0 0 2 = 0900
ffff8e67c4a97c00 3929512070 S Ci:2:006:0 s c0 bc 0900 001c 0002 2 <
ffff8e67c4a97c00 3929514764 C Ci:2:006:0 0 2 = 2e6f
ffff8e67c4a97c00 3929514810 S Ci:2:006:0 s c0 bc 0800 23be 0004 4 <
ffff8e67c4a97c00 3929517536 C Ci:2:006:0 0 4 = 00002de0
ffff8e67c4a97c00 3929517577 S Co:2:006:0 s 40 bc 0800 00c0 0004 4 = 9989ec00
ffff8e67c4a97c00 3929520328 C Co:2:006:0 0 4 >
ffff8e67c4a97c00 3929520371 S Co:2:006:0 s 40 b9 0000 0000 0004 4 = 09006603
ffff8e67c4a97c00 3929523060 C Co:2:006:0 0 4 >
ffff8e67c4a97c00 3929523102 S Ii:2:006:3 -115:1 3 <
ffff8e67c4a97c00 3929524369 C Ii:2:006:3 0:1 3 = 100000
ffff8e67c4a97c00 3929524423 S Ci:2:006:0 s c0 bc 0800 0016 0002 2 <
ffff8e67c4a97c00 3929527012 C Ci:2:006:0 0 2 = 0900
ffff8e67c4a97c00 3929527070 S Ci:2:006:0 s c0 bc 0900 001c 0002 2 <
ffff8e67c4a97c00 3929529589 C Ci:2:006:0 0 2 = 2e6f
ffff8e67c4a97c00 3929529646 S Ci:2:006:0 s c0 bc 0800 23be 0002 2 <
ffff8e67c4a97c00 3929532193 C Ci:2:006:0 0 2 = 0000
ffff8e67c4a97c00 3929532239 S Co:2:006:0 s 40 bc 0900 0014 0002 2 = d39e
ffff8e67c4a97c00 3929534852 C Co:2:006:0 0 2 >
ffff8e67c4a97c00 3929534907 S Ci:2:006:0 s c0 bc 0900 001c 0002 2 <
ffff8e67c4a97c00 3929537437 C Ci:2:006:0 0 2 = 2e6f
ffff8e67c4a97c00 3929537465 S Co:2:006:0 s 40 b9 0000 0000 0004 4 = 09016601
ffff8e67c4a97c00 3929540108 C Co:2:006:0 0 4 >
ffff8e67c4a97c00 3929540133 S Ii:2:006:3 -115:1 3 <
ffff8e67c4a97c00 3929541326 C Ii:2:006:3 0:1 3 = 100000
ffff8e67c4a97c00 3929541350 S Ci:2:006:0 s c0 bc 0800 0016 0002 2 <
ffff8e67c4a97c00 3929544050 C Ci:2:006:0 0 2 = 0900
ffff8e67c4a97c00 3929544092 S Ci:2:006:0 s c0 bc 0900 001c 0002 2 <
ffff8e67c4a97c00 3929546714 C Ci:2:006:0 0 2 = 2e6f
ffff8e67c4a97c00 3929546759 S Ci:2:006:0 s c0 bc 0800 23be 0004 4 <
ffff8e67c4a97c00 3929549548 C Ci:2:006:0 0 4 = 0000bde0
ffff8e67c4a97c00 3929549592 S Co:2:006:0 s 40 bc 0800 00c0 0004 4 = 9989ec00
ffff8e67c4a97c00 3929552136 C Co:2:006:0 0 4 >
ffff8e67c4a97c00 3929552180 S Co:2:006:0 s 40 b9 0000 0000 0004 4 = 09006603
ffff8e67c4a97c00 3929554722 C Co:2:006:0 0 4 >
ffff8e67c4a97c00 3929554765 S Ii:2:006:3 -115:1 3 <
ffff8e67c4a97c00 3929556010 C Ii:2:006:3 0:1 3 = 100000
ffff8e67c4a97c00 3929556038 S Ci:2:006:0 s c0 bc 0800 0016 0002 2 <
ffff8e67c4a97c00 3929558571 C Ci:2:006:0 0 2 = 0900
ffff8e67c4a97c00 3929558612 S Ci:2:006:0 s c0 bc 0900 001c 0002 2 <
ffff8e67c4a97c00 3929561271 C Ci:2:006:0 0 2 = 2e6f
ffff8e67c4a97c00 3929561308 S Ci:2:006:0 s c0 bc 0800 23be 0002 2 <
ffff8e67c4a97c00 3929563901 C Ci:2:006:0 0 2 = 0000
ffff8e67c4a97c00 3929563945 S Co:2:006:0 s 40 bc 0900 0014 0002 2 = d39e
ffff8e67c4a97c00 3929566638 C Co:2:006:0 0 2 >
ffff8e67c4a97c00 3929566683 S Ci:2:006:0 s c0 bc 0900 001c 0002 2 <
ffff8e67c4a97c00 3929569228 C Ci:2:006:0 0 2 = 2e6f
ffff8e67c4a97c00 3929569264 S Co:2:006:0 s 40 b9 0000 0000 0004 4 = 09016601
ffff8e67c4a97c00 3929572045 C Co:2:006:0 0 4 >
ffff8e67c4a97c00 3929572088 S Ii:2:006:3 -115:1 3 <
ffff8e67c4a97c00 3929573327 C Ii:2:006:3 0:1 3 = 100000
ffff8e67c4a97c00 3929573368 S Ci:2:006:0 s c0 bc 0800 0016 0002 2 <
ffff8e67c4a97c00 3929576063 C Ci:2:006:0 0 2 = 0900
ffff8e67c4a97c00 3929576107 S Ci:2:006:0 s c0 bc 0900 001c 0002 2 <
ffff8e67c4a97c00 3929578740 C Ci:2:006:0 0 2 = 2e6f
ffff8e67c4a97c00 3929578784 S Ci:2:006:0 s c0 bc 0800 23be 0004 4 <
ffff8e67c4a97c00 3929581363 C Ci:2:006:0 0 4 = 000099e0
ffff8e67c4a97c00 3929581413 S Co:2:006:0 s 40 bc 0800 00c0 0004 4 = 9989ec00
ffff8e67c4a97c00 3929584096 C Co:2:006:0 0 4 >
ffff8e67c4a97c00 3929584131 S Co:2:006:0 s 40 b9 0000 0000 0004 4 = 09006603
ffff8e67c4a97c00 3929586727 C Co:2:006:0 0 4 >
ffff8e67c4a97c00 3929586768 S Ii:2:006:3 -115:1 3 <
ffff8e67c4a97c00 3929588071 C Ii:2:006:3 0:1 3 = 100000
ffff8e67c4a97c00 3929588110 S Ci:2:006:0 s c0 bc 0800 0016 0002 2 <
ffff8e67c4a97c00 3929590833 C Ci:2:006:0 0 2 = 0900
ffff8e67c4a97c00 3929590956 S Ci:2:006:0 s c0 bc 0900 001c 0002 2 <
ffff8e67c4a97c00 3929593618 C Ci:2:006:0 0 2 = 2e6f
ffff8e67c4a97c00 3929593651 S Ci:2:006:0 s c0 bc 0800 23be 0002 2 <
ffff8e67c4a97c00 3929596416 C Ci:2:006:0 0 2 = 0000
ffff8e67c4a97c00 3929596459 S Co:2:006:0 s 40 bc 0900 0014 0002 2 = d39e
ffff8e67c4a97c00 3929599030 C Co:2:006:0 0 2 >
ffff8e67c4a97c00 3929599075 S Ci:2:006:0 s c0 bc 0900 001c 0002 2 <
ffff8e67c4a97c00 3929601660 C Ci:2:006:0 0 2 = 2e6f
ffff8e67c4a97c00 3929601705 S Co:2:006:0 s 40 b9 0000 0000 0004 4 = 09016601
ffff8e67c4a97c00 3929604325 C Co:2:006:0 0 4 >
ffff8e67c4a97c00 3929604356 S Ii:2:006:3 -115:1 3 <
ffff8e67c4a97c00 3929605612 C Ii:2:006:3 0:1 3 = 100000
ffff8e67c4a97c00 3929605642 S Ci:2:006:0 s c0 bc 0800 0016 0002 2 <
ffff8e67c4a97c00 3929608405 C Ci:2:006:0 0 2 = 0900
ffff8e67c4a97c00 3929608435 S Ci:2:006:0 s c0 bc 0900 001c 0002 2 <
ffff8e67c4a97c00 3929611226 C Ci:2:006:0 0 2 = 2e6f
ffff8e67c4a97c00 3929611255 S Ci:2:006:0 s c0 bc 0800 23be 0004 4 <
ffff8e67c4a97c00 3929613945 C Ci:2:006:0 0 4 = 0000c3e0
ffff8e67c4a97c00 3929614011 S Co:2:006:0 s 40 bc 0800 00c0 0004 4 = 9989ec00
ffff8e67c4a97c00 3929616645 C Co:2:006:0 0 4 >
ffff8e67f59f0e40 3929617343 S Co:2:006:0 s 40 b9 0000 0000 0004 4 = 09006603
ffff8e67f59f0e40 3929619277 C Co:2:006:0 0 4 >
ffff8e67f59f0e40 3929619417 S Ii:2:006:3 -115:1 3 <
ffff8e67f59f0e40 3929620529 C Ii:2:006:3 0:1 3 = 100000
ffff8e67f59f0e40 3929620753 S Ci:2:006:0 s c0 bc 0800 0016 0002 2 <
ffff8e67f59f0e40 3929623192 C Ci:2:006:0 0 2 = 0900
ffff8e67f59f0e40 3929623430 S Ci:2:006:0 s c0 bc 0900 001c 0002 2 <
ffff8e67f59f0e40 3929625970 C Ci:2:006:0 0 2 = 2e6f
ffff8e67f59f0e40 3929626127 S Ci:2:006:0 s c0 bc 0800 23be 0002 2 <
ffff8e67f59f0e40 3929628683 C Ci:2:006:0 0 2 = 0000
ffff8e67f59f0e40 3929628853 S Co:2:006:0 s 40 bc 0900 0014 0002 2 = d39e
ffff8e67f59f0e40 3929631323 C Co:2:006:0 0 2 >
ffff8e67f59f0e40 3929631503 S Ci:2:006:0 s c0 bc 0900 001c 0002 2 <
ffff8e67f59f0e40 3929633949 C Ci:2:006:0 0 2 = 2e6f
ffff8e67f59f0e40 3929634126 S Co:2:006:0 s 40 b9 0000 0000 0004 4 = 09016601
ffff8e67f59f0e40 3929636548 C Co:2:006:0 0 4 >
ffff8e67f59f0e40 3929636672 S Ii:2:006:3 -115:1 3 <
ffff8e67f59f0e40 3929637926 C Ii:2:006:3 0:1 3 = 100000
ffff8e67f59f0e40 3929638135 S Ci:2:006:0 s c0 bc 0800 0016 0002 2 <
ffff8e67f59f0e40 3929640709 C Ci:2:006:0 0 2 = 0900
ffff8e67f59f0e40 3929640839 S Ci:2:006:0 s c0 bc 0900 001c 0002 2 <
ffff8e67f59f0e40 3929643425 C Ci:2:006:0 0 2 = 2e6f
ffff8e67c26db240 3929643658 S Ci:2:006:0 s c0 bc 0800 23be 0004 4 <
ffff8e67c26db240 3929646066 C Ci:2:006:0 0 4 = 000011e0
ffff8e67c26db240 3929646244 S Co:2:006:0 s 40 bc 0800 00c0 0004 4 = 9989ec00
ffff8e67c26db240 3929648642 C Co:2:006:0 0 4 >
ffff8e67c26db240 3929648834 S Co:2:006:0 s 40 b9 0000 0000 0004 4 = 09006603
ffff8e67c26db240 3929651303 C Co:2:006:0 0 4 >
ffff8e67c26db240 3929651471 S Ii:2:006:3 -115:1 3 <
ffff8e67c26db240 3929652687 C Ii:2:006:3 0:1 3 = 100000
ffff8e67c26db240 3929652833 S Ci:2:006:0 s c0 bc 0800 0016 0002 2 <
ffff8e67c26db240 3929655544 C Ci:2:006:0 0 2 = 0900
ffff8e67c26db240 3929655690 S Ci:2:006:0 s c0 bc 0900 001c 0002 2 <
ffff8e67c26db240 3929658175 C Ci:2:006:0 0 2 = 2e6f
ffff8e67c26db240 3929658321 S Ci:2:006:0 s c0 bc 0800 23be 0002 2 <
ffff8e67c26db240 3929660874 C Ci:2:006:0 0 2 = 0000
ffff8e67c26db240 3929661083 S Co:2:006:0 s 40 bc 0900 0014 0002 2 = d39e
ffff8e67c26db240 3929663595 C Co:2:006:0 0 2 >
ffff8e67c26db240 3929663724 S Ci:2:006:0 s c0 bc 0900 001c 0002 2 <
ffff8e67c26db240 3929666242 C Ci:2:006:0 0 2 = 2e6f
ffff8e67c26db240 3929666388 S Co:2:006:0 s 40 b9 0000 0000 0004 4 = 09016601
ffff8e67c26db240 3929668968 C Co:2:006:0 0 4 >
ffff8e67c26db240 3929669112 S Ii:2:006:3 -115:1 3 <
ffff8e67c26db240 3929670323 C Ii:2:006:3 0:1 3 = 100000
ffff8e67c26db240 3929670510 S Ci:2:006:0 s c0 bc 0800 0016 0002 2 <
ffff8e67c26db240 3929673111 C Ci:2:006:0 0 2 = 0900
ffff8e67c26db240 3929673278 S Ci:2:006:0 s c0 bc 0900 001c 0002 2 <
ffff8e67c26db240 3929675869 C Ci:2:006:0 0 2 = 2e6f
ffff8e67c26db240 3929675957 S Ci:2:006:0 s c0 bc 0800 23be 0004 4 <
ffff8e67c26db240 3929678619 C Ci:2:006:0 0 4 = 00004de0
ffff8e67c26db240 3929678770 S Co:2:006:0 s 40 bc 0800 00c0 0004 4 = 9989ec00
ffff8e67c26db240 3929681333 C Co:2:006:0 0 4 >
ffff8e67c26db240 3929681496 S Co:2:006:0 s 40 b9 0000 0000 0004 4 = 09006603
ffff8e67c26db240 3929684055 C Co:2:006:0 0 4 >
ffff8e67c26db240 3929684180 S Ii:2:006:3 -115:1 3 <
ffff8e67c26db240 3929685425 C Ii:2:006:3 0:1 3 = 100000
ffff8e67c26db240 3929685525 S Ci:2:006:0 s c0 bc 0800 0016 0002 2 <
ffff8e67c26db240 3929688096 C Ci:2:006:0 0 2 = 0900
ffff8e67c26db240 3929688257 S Ci:2:006:0 s c0 bc 0900 001c 0002 2 <
ffff8e67c26db240 3929690829 C Ci:2:006:0 0 2 = 2e6f
ffff8e67c26db240 3929690915 S Ci:2:006:0 s c0 bc 0800 23be 0002 2 <
ffff8e67c26db240 3929693535 C Ci:2:006:0 0 2 = 0000
ffff8e67c26db240 3929693650 S Co:2:006:0 s 40 bc 0900 0014 0002 2 = d39e
ffff8e67c26db240 3929696165 C Co:2:006:0 0 2 >
ffff8e67c26db240 3929696340 S Ci:2:006:0 s c0 bc 0900 001c 0002 2 <
ffff8e67c26db240 3929698826 C Ci:2:006:0 0 2 = 2e6f
ffff8e67c26db240 3929698896 S Co:2:006:0 s 40 b9 0000 0000 0004 4 = 09016601
ffff8e67c26db240 3929701550 C Co:2:006:0 0 4 >
ffff8e67c26db240 3929701660 S Ii:2:006:3 -115:1 3 <
ffff8e67c26db240 3929702899 C Ii:2:006:3 0:1 3 = 100000
ffff8e67c26db240 3929703060 S Ci:2:006:0 s c0 bc 0800 0016 0002 2 <
ffff8e67c26db240 3929705664 C Ci:2:006:0 0 2 = 0900
ffff8e67c26db240 3929705749 S Ci:2:006:0 s c0 bc 0900 001c 0002 2 <
ffff8e67c26db240 3929708301 C Ci:2:006:0 0 2 = 2e6f
ffff8e67c26db240 3929708422 S Ci:2:006:0 s c0 bc 0800 23be 0004 4 <
ffff8e67c26db240 3929710948 C Ci:2:006:0 0 4 = 00008de0
ffff8e67c26db240 3929711040 S Co:2:006:0 s 40 bc 0800 00c0 0004 4 = 9989ec00
ffff8e67c26db240 3929713650 C Co:2:006:0 0 4 >
ffff8e67c26db240 3929713800 S Co:2:006:0 s 40 b9 0000 0000 0004 4 = 09006603
ffff8e67c26db240 3929716354 C Co:2:006:0 0 4 >
ffff8e67c26db240 3929716483 S Ii:2:006:3 -115:1 3 <
ffff8e67c26db240 3929717656 C Ii:2:006:3 0:1 3 = 100000
ffff8e67c26db240 3929717711 S Ci:2:006:0 s c0 bc 0800 0016 0002 2 <
ffff8e67c26db240 3929720259 C Ci:2:006:0 0 2 = 0900
ffff8e67c26db240 3929720324 S Ci:2:006:0 s c0 bc 0900 001c 0002 2 <
ffff8e67c26db240 3929723075 C Ci:2:006:0 0 2 = 2e6f
ffff8e67c26db240 3929723136 S Ci:2:006:0 s c0 bc 0800 23be 0002 2 <
ffff8e67c26db240 3929725669 C Ci:2:006:0 0 2 = 0000
ffff8e67c26db240 3929725742 S Co:2:006:0 s 40 bc 0900 0014 0002 2 = d39e
ffff8e67c26db240 3929728278 C Co:2:006:0 0 2 >
ffff8e67c26db240 3929729790 S Ci:2:006:0 s c0 bc 0900 001c 0002 2 <
ffff8e67c26db240 3929730947 C Ci:2:006:0 0 2 = 2e6f
ffff8e67c26db240 3929731017 S Co:2:006:0 s 40 b9 0000 0000 0004 4 = 09016601
ffff8e67c26db240 3929733651 C Co:2:006:0 0 4 >
ffff8e67c26db240 3929733721 S Ii:2:006:3 -115:1 3 <
ffff8e67c26db240 3929735012 C Ii:2:006:3 0:1 3 = 100000
ffff8e67c26db240 3929735107 S Ci:2:006:0 s c0 bc 0800 0016 0002 2 <
ffff8e67c26db240 3929737754 C Ci:2:006:0 0 2 = 0900
ffff8e67c26db240 3929737876 S Ci:2:006:0 s c0 bc 0900 001c 0002 2 <
ffff8e67c26db240 3929740387 C Ci:2:006:0 0 2 = 2e6f
ffff8e67c26db240 3929740483 S Ci:2:006:0 s c0 bc 0800 23be 0004 4 <
ffff8e67c26db240 3929743141 C Ci:2:006:0 0 4 = 000059e0
ffff8e67c26db240 3929745420 S Co:2:006:0 s 40 bc 0800 00c0 0004 4 = 9989ec00
ffff8e67c26db240 3929747945 C Co:2:006:0 0 4 >
ffff8e67c26db240 3929748030 S Co:2:006:0 s 40 b9 0000 0000 0004 4 = 09006603
ffff8e67c26db240 3929750642 C Co:2:006:0 0 4 >
ffff8e67c26db240 3929750737 S Ii:2:006:3 -115:1 3 <
ffff8e67c26db240 3929751866 C Ii:2:006:3 0:1 3 = 100000
ffff8e67c26db240 3929751960 S Ci:2:006:0 s c0 bc 0800 0016 0002 2 <
ffff8e67c26db240 3929754567 C Ci:2:006:0 0 2 = 0900
ffff8e67c26db240 3929754628 S Ci:2:006:0 s c0 bc 0900 001c 0002 2 <
ffff8e67c26db240 3929757313 C Ci:2:006:0 0 2 = 2e6f
ffff8e67c26db240 3929757382 S Ci:2:006:0 s c0 bc 0800 23be 0002 2 <
ffff8e67c26db240 3929760039 C Ci:2:006:0 0 2 = 0000
ffff8e67c26db240 3929760087 S Co:2:006:0 s 40 bc 0900 0014 0002 2 = d39e
ffff8e67c26db240 3929762544 C Co:2:006:0 0 2 >
ffff8e67c26db240 3929762666 S Ci:2:006:0 s c0 bc 0900 001c 0002 2 <
ffff8e67c26db240 3929765187 C Ci:2:006:0 0 2 = 2e6f
ffff8e67c26db240 3929765272 S Co:2:006:0 s 40 b9 0000 0000 0004 4 = 09016601
ffff8e67c26db240 3929767809 C Co:2:006:0 0 4 >
ffff8e67c26db240 3929768025 S Ii:2:006:3 -115:1 3 <
ffff8e67c26db240 3929769117 C Ii:2:006:3 0:1 3 = 100000
ffff8e67c26db240 3929769264 S Ci:2:006:0 s c0 bc 0800 0016 0002 2 <
ffff8e67c26db240 3929771829 C Ci:2:006:0 0 2 = 0900
ffff8e67c26db240 3929771883 S Ci:2:006:0 s c0 bc 0900 001c 0002 2 <
ffff8e67c26db240 3929774507 C Ci:2:006:0 0 2 = 2e6f
ffff8e67c26db240 3929774587 S Ci:2:006:0 s c0 bc 0800 23be 0004 4 <
ffff8e67c26db240 3929777166 C Ci:2:006:0 0 4 = 000090e0
ffff8e67c26db240 3929777249 S Co:2:006:0 s 40 bc 0800 00c0 0004 4 = 9989ec00
ffff8e67c26db240 3929779794 C Co:2:006:0 0 4 >
ffff8e67c26db240 3929779909 S Co:2:006:0 s 40 b9 0000 0000 0004 4 = 09006603
ffff8e67c26db240 3929782430 C Co:2:006:0 0 4 >
ffff8e67c26db240 3929782576 S Ii:2:006:3 -115:1 3 <
ffff8e67c26db240 3929783736 C Ii:2:006:3 0:1 3 = 100000
ffff8e67c26db240 3929783796 S Ci:2:006:0 s c0 bc 0800 0016 0002 2 <
ffff8e67c26db240 3929786425 C Ci:2:006:0 0 2 = 0900
ffff8e67c26db240 3929786508 S Ci:2:006:0 s c0 bc 0900 001c 0002 2 <
ffff8e67c26db240 3929789051 C Ci:2:006:0 0 2 = 2e6f
ffff8e67c26db240 3929789128 S Ci:2:006:0 s c0 bc 0800 23be 0002 2 <
ffff8e67c26db240 3929791718 C Ci:2:006:0 0 2 = 0000
ffff8e67c26db240 3929791896 S Co:2:006:0 s 40 bc 0900 0014 0002 2 = d39e
ffff8e67c26db240 3929794450 C Co:2:006:0 0 2 >
ffff8e67c26db240 3929794532 S Ci:2:006:0 s c0 bc 0900 001c 0002 2 <
ffff8e67c26db240 3929797171 C Ci:2:006:0 0 2 = 2e6f
ffff8e67c26db240 3929797264 S Co:2:006:0 s 40 b9 0000 0000 0004 4 = 09016601
ffff8e67c26db240 3929799904 C Co:2:006:0 0 4 >
ffff8e67c26db240 3929799946 S Ii:2:006:3 -115:1 3 <
ffff8e67c26db240 3929801249 C Ii:2:006:3 0:1 3 = 100000
ffff8e67c26db240 3929801326 S Ci:2:006:0 s c0 bc 0800 0016 0002 2 <
ffff8e67c26db240 3929803922 C Ci:2:006:0 0 2 = 0900
ffff8e67c26db240 3929804048 S Ci:2:006:0 s c0 bc 0900 001c 0002 2 <
ffff8e67c26db240 3929806546 C Ci:2:006:0 0 2 = 2e6f
ffff8e67c26db240 3929806652 S Ci:2:006:0 s c0 bc 0800 23be 0004 4 <
ffff8e67c26db240 3929809164 C Ci:2:006:0 0 4 = 000031e0
ffff8e67c26db240 3929809241 S Co:2:006:0 s 40 bc 0800 00c0 0004 4 = 9989ec00
ffff8e67c26db240 3929811782 C Co:2:006:0 0 4 >
ffff8e67c26db240 3929811865 S Co:2:006:0 s 40 b9 0000 0000 0004 4 = 09006603
ffff8e67c26db240 3929814488 C Co:2:006:0 0 4 >
ffff8e67c26db240 3929814540 S Ii:2:006:3 -115:1 3 <
ffff8e67c26db240 3929815744 C Ii:2:006:3 0:1 3 = 100000
ffff8e67c26db240 3929815832 S Ci:2:006:0 s c0 bc 0800 0016 0002 2 <
ffff8e67c26db240 3929818426 C Ci:2:006:0 0 2 = 0900
ffff8e67c26db240 3929818501 S Ci:2:006:0 s c0 bc 0900 001c 0002 2 <
ffff8e67c26db240 3929821029 C Ci:2:006:0 0 2 = 2e6f
ffff8e67c26db240 3929821101 S Ci:2:006:0 s c0 bc 0800 23be 0002 2 <
ffff8e67c26db240 3929823668 C Ci:2:006:0 0 2 = 0000
ffff8e67c26db240 3929823735 S Co:2:006:0 s 40 bc 0900 0014 0002 2 = d39e
ffff8e67c26db240 3929826295 C Co:2:006:0 0 2 >
ffff8e67c26db240 3929826371 S Ci:2:006:0 s c0 bc 0900 001c 0002 2 <
ffff8e67c26db240 3929828928 C Ci:2:006:0 0 2 = 2e6f
ffff8e67c26db240 3929829000 S Co:2:006:0 s 40 b9 0000 0000 0004 4 = 09016601
ffff8e67c26db240 3929831688 C Co:2:006:0 0 4 >
ffff8e67c26db240 3929831841 S Ii:2:006:3 -115:1 3 <
ffff8e67c26db240 3929833000 C Ii:2:006:3 0:1 3 = 100000
ffff8e67c26db240 3929833100 S Ci:2:006:0 s c0 bc 0800 0016 0002 2 <
ffff8e67c26db240 3929835660 C Ci:2:006:0 0 2 = 0900
ffff8e67c26db240 3929835735 S Ci:2:006:0 s c0 bc 0900 001c 0002 2 <
ffff8e67c26db240 3929838285 C Ci:2:006:0 0 2 = 2e6f
ffff8e67c26db240 3929838372 S Ci:2:006:0 s c0 bc 0800 23be 0004 4 <
ffff8e67c26db240 3929840927 C Ci:2:006:0 0 4 = 00007ee0
ffff8e67c26db240 3929840985 S Co:2:006:0 s 40 bc 0800 00c0 0004 4 = 9989ec00
ffff8e67c26db240 3929843682 C Co:2:006:0 0 4 >
ffff8e67c26db240 3929843758 S Co:2:006:0 s 40 b9 0000 0000 0004 4 = 09006603
ffff8e67c26db240 3929846413 C Co:2:006:0 0 4 >
ffff8e67c26db240 3929846488 S Ii:2:006:3 -115:1 3 <
ffff8e67c26db240 3929847645 C Ii:2:006:3 0:1 3 = 100000
ffff8e67c26db240 3929847790 S Ci:2:006:0 s c0 bc 0800 0016 0002 2 <
ffff8e67c26db240 3929850422 C Ci:2:006:0 0 2 = 0900
ffff8e67c26db240 3929850494 S Ci:2:006:0 s c0 bc 0900 001c 0002 2 <
ffff8e67c26db240 3929853033 C Ci:2:006:0 0 2 = 2e6f
ffff8e67c26db240 3929853131 S Ci:2:006:0 s c0 bc 0800 23be 0002 2 <
ffff8e67c26db240 3929855736 C Ci:2:006:0 0 2 = 0000
ffff8e67c26db240 3929855865 S Co:2:006:0 s 40 bc 0900 0014 0002 2 = d39e
ffff8e67c26db240 3929858277 C Co:2:006:0 0 2 >
ffff8e67c26db240 3929858354 S Ci:2:006:0 s c0 bc 0900 001c 0002 2 <
ffff8e67c26db240 3929861037 C Ci:2:006:0 0 2 = 2e6f
ffff8e67c26db240 3929861116 S Co:2:006:0 s 40 b9 0000 0000 0004 4 = 09016601
ffff8e67c26db240 3929863825 C Co:2:006:0 0 4 >
ffff8e67c26db240 3929863880 S Ii:2:006:3 -115:1 3 <
ffff8e67c26db240 3929865123 C Ii:2:006:3 0:1 3 = 100000
ffff8e67c26db240 3929865193 S Ci:2:006:0 s c0 bc 0800 0016 0002 2 <
ffff8e67c26db240 3929867811 C Ci:2:006:0 0 2 = 0900
ffff8e67c26db240 3929867877 S Ci:2:006:0 s c0 bc 0900 001c 0002 2 <
ffff8e67c26db240 3929870524 C Ci:2:006:0 0 2 = 2e6f
ffff8e67c26db240 3929870595 S Ci:2:006:0 s c0 bc 0800 23be 0004 4 <
ffff8e67c26db240 3929873159 C Ci:2:006:0 0 4 = 00004ae0
ffff8e67c26db240 3929873231 S Co:2:006:0 s 40 bc 0800 00c0 0004 4 = 9989ec00
ffff8e67c26db240 3929875797 C Co:2:006:0 0 4 >
ffff8e67c26db240 3929875865 S Co:2:006:0 s 40 b9 0000 0000 0004 4 = 09006603
ffff8e67c26db240 3929878493 C Co:2:006:0 0 4 >
ffff8e67c26db240 3929878558 S Ii:2:006:3 -115:1 3 <
ffff8e67c26db240 3929879678 C Ii:2:006:3 0:1 3 = 100000
ffff8e67c26db240 3929879821 S Ci:2:006:0 s c0 bc 0800 0016 0002 2 <
ffff8e67c26db240 3929882382 C Ci:2:006:0 0 2 = 0900
ffff8e67c26db240 3929882459 S Ci:2:006:0 s c0 bc 0900 001c 0002 2 <
ffff8e67c26db240 3929885022 C Ci:2:006:0 0 2 = 2e6f
ffff8e67c26db240 3929885094 S Ci:2:006:0 s c0 bc 0800 23be 0002 2 <
ffff8e67c26db240 3929887693 C Ci:2:006:0 0 2 = 0000
ffff8e67c26db240 3929887763 S Co:2:006:0 s 40 bc 0900 0014 0002 2 = d39e
ffff8e67c26db240 3929890239 C Co:2:006:0 0 2 >
ffff8e67c26db240 3929890313 S Ci:2:006:0 s c0 bc 0900 001c 0002 2 <
ffff8e67c26db240 3929892885 C Ci:2:006:0 0 2 = 2e6f
ffff8e67c26db240 3929892958 S Co:2:006:0 s 40 b9 0000 0000 0004 4 = 09016601
ffff8e67c26db240 3929895556 C Co:2:006:0 0 4 >
ffff8e67c26db240 3929895623 S Ii:2:006:3 -115:1 3 <
ffff8e67c26db240 3929896833 C Ii:2:006:3 0:1 3 = 100000
ffff8e67c26db240 3929896886 S Ci:2:006:0 s c0 bc 0800 0016 0002 2 <
ffff8e67c26db240 3929899513 C Ci:2:006:0 0 2 = 0900
ffff8e67c26db240 3929899567 S Ci:2:006:0 s c0 bc 0900 001c 0002 2 <
ffff8e67c26db240 3929902115 C Ci:2:006:0 0 2 = 2e6f
ffff8e67c26db240 3929902188 S Ci:2:006:0 s c0 bc 0800 23be 0004 4 <
ffff8e67c26db240 3929904740 C Ci:2:006:0 0 4 = 000091e0
ffff8e67c26db240 3929904794 S Co:2:006:0 s 40 bc 0800 00c0 0004 4 = 9989ec00
ffff8e67c26db240 3929907371 C Co:2:006:0 0 4 >
ffff8e67c26db240 3929907457 S Co:2:006:0 s 40 b9 0000 0000 0004 4 = 09006603
ffff8e67c26db240 3929909862 C Co:2:006:0 0 4 >
ffff8e67c26db240 3929910054 S Ii:2:006:3 -115:1 3 <
ffff8e67c26db240 3929911081 C Ii:2:006:3 0:1 3 = 100000
ffff8e67c26db240 3929911134 S Ci:2:006:0 s c0 bc 0800 0016 0002 2 <
ffff8e67c26db240 3929913739 C Ci:2:006:0 0 2 = 0900
ffff8e67c26db240 3929913795 S Ci:2:006:0 s c0 bc 0900 001c 0002 2 <
ffff8e67c26db240 3929916476 C Ci:2:006:0 0 2 = 2e6f
ffff8e67c26db240 3929916564 S Ci:2:006:0 s c0 bc 0800 23be 0002 2 <
ffff8e67c26db240 3929919095 C Ci:2:006:0 0 2 = 0000
ffff8e67c26db240 3929919172 S Co:2:006:0 s 40 bc 0900 0014 0002 2 = d39e
ffff8e67c26db240 3929921686 C Co:2:006:0 0 2 >
ffff8e67c26db240 3929921774 S Ci:2:006:0 s c0 bc 0900 001c 0002 2 <
ffff8e67c26db240 3929924387 C Ci:2:006:0 0 2 = 2e6f
ffff8e67c26db240 3929924479 S Co:2:006:0 s 40 b9 0000 0000 0004 4 = 09016601
ffff8e67c26db240 3929927066 C Co:2:006:0 0 4 >
ffff8e67c26db240 3929927130 S Ii:2:006:3 -115:1 3 <
ffff8e67c26db240 3929928453 C Ii:2:006:3 0:1 3 = 100000
ffff8e67c26db240 3929928506 S Ci:2:006:0 s c0 bc 0800 0016 0002 2 <
ffff8e67c26db240 3929931174 C Ci:2:006:0 0 2 = 0900
ffff8e67c26db240 3929931211 S Ci:2:006:0 s c0 bc 0900 001c 0002 2 <
ffff8e67c26db240 3929933757 C Ci:2:006:0 0 2 = 2e6f
ffff8e67c26db240 3929933833 S Ci:2:006:0 s c0 bc 0800 23be 0004 4 <
ffff8e67c26db240 3929936395 C Ci:2:006:0 0 4 = 0000fde0
ffff8e67c26db240 3929936481 S Co:2:006:0 s 40 bc 0800 00c0 0004 4 = 9989ec00
ffff8e67c26db240 3929938987 C Co:2:006:0 0 4 >
ffff8e67c26db240 3929939065 S Co:2:006:0 s 40 b9 0000 0000 0004 4 = 09006603
ffff8e67c26db240 3929941782 C Co:2:006:0 0 4 >
ffff8e67c26db240 3929941838 S Ii:2:006:3 -115:1 3 <
ffff8e67c26db240 3929943030 C Ii:2:006:3 0:1 3 = 100000
ffff8e67c26db240 3929943086 S Ci:2:006:0 s c0 bc 0800 0016 0002 2 <
ffff8e67c26db240 3929945713 C Ci:2:006:0 0 2 = 0900
ffff8e67c26db240 3929945817 S Ci:2:006:0 s c0 bc 0900 001c 0002 2 <
ffff8e67c26db240 3929948389 C Ci:2:006:0 0 2 = 2e6f
ffff8e67c26db240 3929948479 S Ci:2:006:0 s c0 bc 0800 23be 0002 2 <
ffff8e67c26db240 3929951011 C Ci:2:006:0 0 2 = 0000
ffff8e67c26db240 3929951086 S Co:2:006:0 s 40 bc 0900 0014 0002 2 = d39e
ffff8e67c26db240 3929953737 C Co:2:006:0 0 2 >
ffff8e67c26db240 3929953805 S Ci:2:006:0 s c0 bc 0900 001c 0002 2 <
ffff8e67c26db240 3929956409 C Ci:2:006:0 0 2 = 2e6f
ffff8e67c26db240 3929956483 S Co:2:006:0 s 40 b9 0000 0000 0004 4 = 09016601
ffff8e67c26db240 3929958943 C Co:2:006:0 0 4 >
ffff8e67c26db240 3929959030 S Ii:2:006:3 -115:1 3 <
ffff8e67c26db240 3929960223 C Ii:2:006:3 0:1 3 = 100000
ffff8e67c26db240 3929960308 S Ci:2:006:0 s c0 bc 0800 0016 0002 2 <
ffff8e67c26db240 3929963068 C Ci:2:006:0 0 2 = 0900
ffff8e67c26db240 3929963144 S Ci:2:006:0 s c0 bc 0900 001c 0002 2 <
ffff8e67c26db240 3929965824 C Ci:2:006:0 0 2 = 2e6f
ffff8e67c26db240 3929965881 S Ci:2:006:0 s c0 bc 0800 23be 0004 4 <
ffff8e67c26db240 3929968472 C Ci:2:006:0 0 4 = 0000b1e0
ffff8e67c26db240 3929968565 S Co:2:006:0 s 40 bc 0800 00c0 0004 4 = 9989ec00
ffff8e67c26db240 3929971103 C Co:2:006:0 0 4 >
ffff8e67c26db240 3929971197 S Co:2:006:0 s 40 b9 0000 0000 0004 4 = 09006603
ffff8e67c26db240 3929973780 C Co:2:006:0 0 4 >
ffff8e67c26db240 3929973864 S Ii:2:006:3 -115:1 3 <
ffff8e67c26db240 3929975088 C Ii:2:006:3 0:1 3 = 100000
ffff8e67c26db240 3929975179 S Ci:2:006:0 s c0 bc 0800 0016 0002 2 <
ffff8e67c26db240 3929978015 C Ci:2:006:0 0 2 = 0900
ffff8e67c26db240 3929978107 S Ci:2:006:0 s c0 bc 0900 001c 0002 2 <
ffff8e67c26db240 3929980593 C Ci:2:006:0 0 2 = 2e6f
ffff8e67c26db240 3929980726 S Ci:2:006:0 s c0 bc 0800 23be 0002 2 <
ffff8e67c26db240 3929983330 C Ci:2:006:0 0 2 = 0000
ffff8e67c26db240 3929983433 S Co:2:006:0 s 40 bc 0900 0014 0002 2 = d39e
ffff8e67c26db240 3929986122 C Co:2:006:0 0 2 >
ffff8e67c26db240 3929986205 S Ci:2:006:0 s c0 bc 0900 001c 0002 2 <
ffff8e67c26db240 3929988840 C Ci:2:006:0 0 2 = 2e6f
ffff8e67c26db240 3929988948 S Co:2:006:0 s 40 b9 0000 0000 0004 4 = 09016601
ffff8e67c26db240 3929991516 C Co:2:006:0 0 4 >
ffff8e67c26db240 3929991615 S Ii:2:006:3 -115:1 3 <
ffff8e67c26db240 3929992857 C Ii:2:006:3 0:1 3 = 100000
ffff8e67c26db240 3929992955 S Ci:2:006:0 s c0 bc 0800 0016 0002 2 <
ffff8e67c26db240 3929995746 C Ci:2:006:0 0 2 = 0900
ffff8e67c26db240 3929995865 S Ci:2:006:0 s c0 bc 0900 001c 0002 2 <
ffff8e67c26db240 3929998470 C Ci:2:006:0 0 2 = 2e6f
ffff8e67c26db240 3929998571 S Ci:2:006:0 s c0 bc 0800 23be 0004 4 <
ffff8e67c26db240 3930001195 C Ci:2:006:0 0 4 = 00005ae0
ffff8e67c26db240 3930001290 S Co:2:006:0 s 40 bc 0800 00c0 0004 4 = 9989ec00
ffff8e67c26db240 3930003934 C Co:2:006:0 0 4 >
ffff8e67c26db240 3930004030 S Co:2:006:0 s 40 b9 0000 0000 0004 4 = 09006603
ffff8e67c26db240 3930006647 C Co:2:006:0 0 4 >
ffff8e67c26db240 3930006738 S Ii:2:006:3 -115:1 3 <
ffff8e67c26db240 3930007961 C Ii:2:006:3 0:1 3 = 100000
ffff8e67c26db240 3930008097 S Ci:2:006:0 s c0 bc 0800 0016 0002 2 <
ffff8e67c26db240 3930010786 C Ci:2:006:0 0 2 = 0900
ffff8e67c26db240 3930010876 S Ci:2:006:0 s c0 bc 0900 001c 0002 2 <
ffff8e67c26db240 3930013588 C Ci:2:006:0 0 2 = 2e6f
ffff8e67c26db240 3930013678 S Ci:2:006:0 s c0 bc 0800 23be 0002 2 <
ffff8e67c26db240 3930016277 C Ci:2:006:0 0 2 = 0000
ffff8e67c26db240 3930016379 S Co:2:006:0 s 40 bc 0900 0014 0002 2 = d39e
ffff8e67c26db240 3930019046 C Co:2:006:0 0 2 >
ffff8e67c26db240 3930019137 S Ci:2:006:0 s c0 bc 0900 001c 0002 2 <
ffff8e67c26db240 3930021799 C Ci:2:006:0 0 2 = 2e6f
ffff8e67c26db240 3930021889 S Co:2:006:0 s 40 b9 0000 0000 0004 4 = 09016601
ffff8e67c26db240 3930024544 C Co:2:006:0 0 4 >
ffff8e67c26db240 3930024633 S Ii:2:006:3 -115:1 3 <
ffff8e67c26db240 3930025973 C Ii:2:006:3 0:1 3 = 100000
ffff8e67c26db240 3930026035 S Ci:2:006:0 s c0 bc 0800 0016 0002 2 <
ffff8e67c26db240 3930028740 C Ci:2:006:0 0 2 = 0900
ffff8e67c26db240 3930028850 S Ci:2:006:0 s c0 bc 0900 001c 0002 2 <
ffff8e67c26db240 3930031461 C Ci:2:006:0 0 2 = 2e6f
ffff8e67c26db240 3930031567 S Ci:2:006:0 s c0 bc 0800 23be 0004 4 <
ffff8e67c26db240 3930034196 C Ci:2:006:0 0 4 = 000003e0
ffff8e67c26db240 3930034288 S Co:2:006:0 s 40 bc 0800 00c0 0004 4 = 9989ec00
ffff8e67c26db240 3930036993 C Co:2:006:0 0 4 >
ffff8e67c26db240 3930037109 S Co:2:006:0 s 40 b9 0000 0000 0004 4 = 09006603
ffff8e67c26db240 3930039713 C Co:2:006:0 0 4 >
ffff8e67c26db240 3930039815 S Ii:2:006:3 -115:1 3 <
ffff8e67c26db240 3930041003 C Ii:2:006:3 0:1 3 = 100000
ffff8e67c26db240 3930041091 S Ci:2:006:0 s c0 bc 0800 0016 0002 2 <
ffff8e67c26db240 3930043838 C Ci:2:006:0 0 2 = 0900
ffff8e67c26db240 3930043930 S Ci:2:006:0 s c0 bc 0900 001c 0002 2 <
ffff8e67c26db240 3930046518 C Ci:2:006:0 0 2 = 2e6f
ffff8e67c26db240 3930046602 S Ci:2:006:0 s c0 bc 0800 23be 0002 2 <
ffff8e67c26db240 3930049105 C Ci:2:006:0 0 2 = 0000
ffff8e67c26db240 3930049193 S Co:2:006:0 s 40 bc 0900 0014 0002 2 = d39e
ffff8e67c26db240 3930051746 C Co:2:006:0 0 2 >
ffff8e67c26db240 3930051838 S Ci:2:006:0 s c0 bc 0900 001c 0002 2 <
ffff8e67c26db240 3930054461 C Ci:2:006:0 0 2 = 2e6f
ffff8e67c26db240 3930054555 S Co:2:006:0 s 40 b9 0000 0000 0004 4 = 09016601
ffff8e67c26db240 3930056967 C Co:2:006:0 0 4 >
ffff8e67c26db240 3930057052 S Ii:2:006:3 -115:1 3 <
ffff8e67c26db240 3930058299 C Ii:2:006:3 0:1 3 = 100000
ffff8e67c26db240 3930058394 S Ci:2:006:0 s c0 bc 0800 0016 0002 2 <
ffff8e67c26db240 3930061102 C Ci:2:006:0 0 2 = 0900
ffff8e67c26db240 3930061192 S Ci:2:006:0 s c0 bc 0900 001c 0002 2 <
ffff8e67c26db240 3930063749 C Ci:2:006:0 0 2 = 2e6f
ffff8e67c26db240 3930063838 S Ci:2:006:0 s c0 bc 0800 23be 0004 4 <
ffff8e67c26db240 3930066375 C Ci:2:006:0 0 4 = 000091e0
ffff8e67c26db240 3930066475 S Co:2:006:0 s 40 bc 0800 00c0 0004 4 = 9989ec00
ffff8e67c26db240 3930069019 C Co:2:006:0 0 4 >
ffff8e67c26db240 3930069110 S Co:2:006:0 s 40 b9 0000 0000 0004 4 = 09006603
ffff8e67c26db240 3930071801 C Co:2:006:0 0 4 >
ffff8e67c26db240 3930071916 S Ii:2:006:3 -115:1 3 <
ffff8e67c26db240 3930073084 C Ii:2:006:3 0:1 3 = 100000
ffff8e67c26db240 3930073170 S Ci:2:006:0 s c0 bc 0800 0016 0002 2 <
ffff8e67c26db240 3930075817 C Ci:2:006:0 0 2 = 0900
ffff8e67c26db240 3930075900 S Ci:2:006:0 s c0 bc 0900 001c 0002 2 <
ffff8e67c26db240 3930078453 C Ci:2:006:0 0 2 = 2e6f
ffff8e67c26db240 3930078537 S Ci:2:006:0 s c0 bc 0800 23be 0002 2 <
ffff8e67c26db240 3930080998 C Ci:2:006:0 0 2 = 0000
ffff8e67c26db240 3930081086 S Co:2:006:0 s 40 bc 0900 0014 0002 2 = d39e
ffff8e67c26db240 3930083611 C Co:2:006:0 0 2 >
ffff8e67c26db240 3930083703 S Ci:2:006:0 s c0 bc 0900 001c 0002 2 <
ffff8e67c26db240 3930086291 C Ci:2:006:0 0 2 = 2e6f
ffff8e67c26db240 3930086395 S Co:2:006:0 s 40 b9 0000 0000 0004 4 = 09016601
ffff8e67c26db240 3930088915 C Co:2:006:0 0 4 >
ffff8e67c26db240 3930089004 S Ii:2:006:3 -115:1 3 <
ffff8e67c26db240 3930090198 C Ii:2:006:3 0:1 3 = 100000
ffff8e67c26db240 3930090274 S Ci:2:006:0 s c0 bc 0800 0016 0002 2 <
ffff8e67c26db240 3930093019 C Ci:2:006:0 0 2 = 0900
ffff8e67c26db240 3930093112 S Ci:2:006:0 s c0 bc 0900 001c 0002 2 <
ffff8e67c26db240 3930095735 C Ci:2:006:0 0 2 = 2e6f
ffff8e67c26db240 3930095923 S Ci:2:006:0 s c0 bc 0800 23be 0004 4 <
ffff8e67c26db240 3930098427 C Ci:2:006:0 0 4 = 000074e0
ffff8e67c4a97600 3930098489 S Co:2:006:0 s 40 bc 0800 00c0 0004 4 = 9989ec00
ffff8e67c4a97600 3930101067 C Co:2:006:0 0 4 >
ffff8e67c4a97600 3930101117 S Co:2:006:0 s 40 b9 0000 0000 0004 4 = 09006603
ffff8e67c4a97600 3930103728 C Co:2:006:0 0 4 >
ffff8e67c4a97600 3930103783 S Ii:2:006:3 -115:1 3 <
ffff8e67c4a97600 3930105030 C Ii:2:006:3 0:1 3 = 100000
ffff8e67c4a97600 3930105087 S Ci:2:006:0 s c0 bc 0800 0016 0002 2 <
ffff8e67c4a97600 3930107732 C Ci:2:006:0 0 2 = 0900
ffff8e67c4a97600 3930107791 S Ci:2:006:0 s c0 bc 0900 001c 0002 2 <
ffff8e67c4a97600 3930110506 C Ci:2:006:0 0 2 = 2e6f
ffff8e67c4a97600 3930110563 S Ci:2:006:0 s c0 bc 0800 23be 0002 2 <
ffff8e67c4a97600 3930113115 C Ci:2:006:0 0 2 = 0000
ffff8e67c4a97600 3930113165 S Co:2:006:0 s 40 bc 0900 0014 0002 2 = d39e
ffff8e67c4a97600 3930115719 C Co:2:006:0 0 2 >
ffff8e67c4a97600 3930115777 S Ci:2:006:0 s c0 bc 0900 001c 0002 2 <
ffff8e67c4a97600 3930118375 C Ci:2:006:0 0 2 = 2e6f
ffff8e67c4a97600 3930118433 S Co:2:006:0 s 40 b9 0000 0000 0004 4 = 09016601
ffff8e67c4a97600 3930121026 C Co:2:006:0 0 4 >
ffff8e67c4a97600 3930121080 S Ii:2:006:3 -115:1 3 <
ffff8e67c4a97600 3930122358 C Ii:2:006:3 0:1 3 = 100000
ffff8e67c4a97600 3930122411 S Ci:2:006:0 s c0 bc 0800 0016 0002 2 <
ffff8e67c4a97600 3930125144 C Ci:2:006:0 0 2 = 0900
ffff8e67c4a97600 3930125201 S Ci:2:006:0 s c0 bc 0900 001c 0002 2 <
ffff8e67c4a97600 3930127917 C Ci:2:006:0 0 2 = 2e6f
ffff8e67c4a97600 3930128101 S Ci:2:006:0 s c0 bc 0800 23be 0004 4 <
ffff8e67c4a97600 3930130603 C Ci:2:006:0 0 4 = 0000a8e0
ffff8e67c4a97600 3930130645 S Co:2:006:0 s 40 bc 0800 00c0 0004 4 = 9989ec00
ffff8e67c4a97600 3930133362 C Co:2:006:0 0 4 >
ffff8e67c4a97600 3930133445 S Co:2:006:0 s 40 b9 0000 0000 0004 4 = 09006603
ffff8e67c4a97600 3930136102 C Co:2:006:0 0 4 >
ffff8e67c4a97600 3930136157 S Ii:2:006:3 -115:1 3 <
ffff8e67c4a97600 3930137318 C Ii:2:006:3 0:1 3 = 100000
ffff8e67c4a97600 3930137633 S Ci:2:006:0 s c0 bc 0800 0016 0002 2 <
ffff8e67c4a97600 3930140157 C Ci:2:006:0 0 2 = 0900
ffff8e67c4a97600 3930140195 S Ci:2:006:0 s c0 bc 0900 001c 0002 2 <
ffff8e67c4a97600 3930142881 C Ci:2:006:0 0 2 = 2e6f
ffff8e67c4a97600 3930142917 S Ci:2:006:0 s c0 bc 0800 23be 0002 2 <
ffff8e67c4a97600 3930145611 C Ci:2:006:0 0 2 = 0000
ffff8e67c4a97600 3930145937 S Co:2:006:0 s 40 bc 0900 0014 0002 2 = d39e
ffff8e67c4a97600 3930148296 C Co:2:006:0 0 2 >
ffff8e67c4a97600 3930148359 S Ci:2:006:0 s c0 bc 0900 001c 0002 2 <
ffff8e67c4a97600 3930151003 C Ci:2:006:0 0 2 = 2e6f
ffff8e67c4a97600 3930151040 S Co:2:006:0 s 40 b9 0000 0000 0004 4 = 09016601
ffff8e67c4a97600 3930153710 C Co:2:006:0 0 4 >
ffff8e67c4a97600 3930153812 S Ii:2:006:3 -115:1 3 <
ffff8e67c4a97600 3930155017 C Ii:2:006:3 0:1 3 = 100000
ffff8e67c4a97600 3930155055 S Ci:2:006:0 s c0 bc 0800 0016 0002 2 <
ffff8e67c4a97600 3930157823 C Ci:2:006:0 0 2 = 0900
ffff8e67c4a97600 3930158257 S Ci:2:006:0 s c0 bc 0900 001c 0002 2 <
ffff8e67c4a97600 3930160587 C Ci:2:006:0 0 2 = 2e6f
ffff8e67c4a97600 3930160681 S Ci:2:006:0 s c0 bc 0800 23be 0004 4 <
ffff8e67c4a97600 3930163398 C Ci:2:006:0 0 4 = 000051e0
ffff8e67c4a97600 3930163450 S Co:2:006:0 s 40 bc 0800 00c0 0004 4 = 9989ec00
ffff8e67c4a97600 3930166168 C Co:2:006:0 0 4 >
ffff8e67c4a97600 3930166347 S Co:2:006:0 s 40 b9 0000 0000 0004 4 = 09006603
ffff8e67c4a97600 3930168933 C Co:2:006:0 0 4 >
ffff8e67c4a97600 3930168988 S Ii:2:006:3 -115:1 3 <
ffff8e67c4a97600 3930170207 C Ii:2:006:3 0:1 3 = 100000
ffff8e67c4a97600 3930172050 S Ci:2:006:0 s c0 bc 0800 0016 0002 2 <
ffff8e67c4a97600 3930173116 C Ci:2:006:0 0 2 = 0900
ffff8e67c4a97600 3930173494 S Ci:2:006:0 s c0 bc 0900 001c 0002 2 <
ffff8e67c4a97600 3930175751 C Ci:2:006:0 0 2 = 2e6f
ffff8e67c4a97600 3930175790 S Ci:2:006:0 s c0 bc 0800 23be 0002 2 <
ffff8e67c4a97600 3930178485 C Ci:2:006:0 0 2 = 0000
ffff8e67c4a97600 3930178528 S Co:2:006:0 s 40 bc 0900 0014 0002 2 = d39e
ffff8e67c4a97600 3930181267 C Co:2:006:0 0 2 >
ffff8e67c4a97600 3930181336 S Ci:2:006:0 s c0 bc 0900 001c 0002 2 <
ffff8e67c4a97600 3930184125 C Ci:2:006:0 0 2 = 2e6f
ffff8e67c4a97600 3930184283 S Co:2:006:0 s 40 b9 0000 0000 0004 4 = 09016601
ffff8e67c4a97600 3930186994 C Co:2:006:0 0 4 >
ffff8e67c4a97600 3930187086 S Ii:2:006:3 -115:1 3 <
ffff8e67c4a97600 3930188332 C Ii:2:006:3 0:1 3 = 100000
ffff8e67c4a97600 3930188482 S Ci:2:006:0 s c0 bc 0800 0016 0002 2 <
ffff8e67c4a97600 3930191036 C Ci:2:006:0 0 2 = 0900
ffff8e67c4a97600 3930191466 S Ci:2:006:0 s c0 bc 0900 001c 0002 2 <
ffff8e67c4a97600 3930193627 C Ci:2:006:0 0 2 = 2e6f
ffff8e67c4a97600 3930193651 S Ci:2:006:0 s c0 bc 0800 23be 0004 4 <
ffff8e67c4a97600 3930196246 C Ci:2:006:0 0 4 = 0000d2e0
ffff8e67c4a97600 3930196270 S Co:2:006:0 s 40 bc 0800 00c0 0004 4 = 9989ec00
ffff8e67c4a97600 3930198938 C Co:2:006:0 0 4 >
ffff8e67c4a97600 3930199026 S Co:2:006:0 s 40 b9 0000 0000 0004 4 = 09006603
ffff8e67c4a97600 3930201625 C Co:2:006:0 0 4 >
ffff8e67c4a97600 3930201663 S Ii:2:006:3 -115:1 3 <
ffff8e67c4a97600 3930202920 C Ii:2:006:3 0:1 3 = 100000
ffff8e67c4a97600 3930202997 S Ci:2:006:0 s c0 bc 0800 0016 0002 2 <
ffff8e67c4a97600 3930205686 C Ci:2:006:0 0 2 = 0900
ffff8e67c4a97600 3930205726 S Ci:2:006:0 s c0 bc 0900 001c 0002 2 <
ffff8e67c4a97600 3930208371 C Ci:2:006:0 0 2 = 2e6f
ffff8e67c4a97600 3930208402 S Ci:2:006:0 s c0 bc 0800 23be 0002 2 <
ffff8e67c4a97600 3930211130 C Ci:2:006:0 0 2 = 0000
ffff8e67c4a97600 3930211274 S Co:2:006:0 s 40 bc 0900 0014 0002 2 = d39e
ffff8e67c4a97600 3930213868 C Co:2:006:0 0 2 >
ffff8e67c4a97600 3930214119 S Ci:2:006:0 s c0 bc 0900 001c 0002 2 <
ffff8e67c4a97600 3930216599 C Ci:2:006:0 0 2 = 2e6f
ffff8e67c26dba80 3930217251 S Co:2:006:0 s 40 b9 0000 0000 0004 4 = 09016601
ffff8e67c26dba80 3930219162 C Co:2:006:0 0 4 >
ffff8e67c26dba80 3930219264 S Ii:2:006:3 -115:1 3 <
ffff8e67c26dba80 3930220518 C Ii:2:006:3 0:1 3 = 100000
ffff8e67c26dba80 3930220590 S Ci:2:006:0 s c0 bc 0800 0016 0002 2 <
ffff8e67c26dba80 3930223381 C Ci:2:006:0 0 2 = 0900
ffff8e67c26dba80 3930223519 S Ci:2:006:0 s c0 bc 0900 001c 0002 2 <
ffff8e67c26dba80 3930226058 C Ci:2:006:0 0 2 = 2e6f
ffff8e67f59f0840 3930227265 S Ci:2:006:0 s c0 bc 0800 23be 0004 4 <
ffff8e67f59f0840 3930228777 C Ci:2:006:0 0 4 = 000082e0
ffff8e67f59f0840 3930228943 S Co:2:006:0 s 40 bc 0800 00c0 0004 4 = 9989ec00
ffff8e67f59f0840 3930231459 C Co:2:006:0 0 4 >
ffff8e67f59f0840 3930231564 S Co:2:006:0 s 40 b9 0000 0000 0004 4 = 09006603
ffff8e67f59f0840 3930234284 C Co:2:006:0 0 4 >
ffff8e67f59f0840 3930234427 S Ii:2:006:3 -115:1 3 <
ffff8e67f59f0840 3930235630 C Ii:2:006:3 0:1 3 = 100000
ffff8e67f59f0840 3930235768 S Ci:2:006:0 s c0 bc 0800 0016 0002 2 <
ffff8e67f59f0840 3930238397 C Ci:2:006:0 0 2 = 0900
ffff8e67f59f0840 3930238536 S Ci:2:006:0 s c0 bc 0900 001c 0002 2 <
ffff8e67f59f0840 3930241122 C Ci:2:006:0 0 2 = 2e6f
ffff8e67f59f0840 3930241221 S Ci:2:006:0 s c0 bc 0800 23be 0002 2 <
ffff8e67f59f0840 3930243887 C Ci:2:006:0 0 2 = 0000
ffff8e67f59f0840 3930244075 S Co:2:006:0 s 40 bc 0900 0014 0002 2 = d39e
ffff8e67f59f0840 3930246585 C Co:2:006:0 0 2 >
ffff8e67f59f0840 3930246761 S Ci:2:006:0 s c0 bc 0900 001c 0002 2 <
ffff8e67f59f0840 3930249377 C Ci:2:006:0 0 2 = 2e6f
ffff8e67f59f0840 3930249459 S Co:2:006:0 s 40 b9 0000 0000 0004 4 = 09016601
ffff8e67f59f0840 3930252135 C Co:2:006:0 0 4 >
ffff8e67f59f0840 3930252219 S Ii:2:006:3 -115:1 3 <
ffff8e67f59f0840 3930253458 C Ii:2:006:3 0:1 3 = 100000
ffff8e67f59f0840 3930253575 S Ci:2:006:0 s c0 bc 0800 0016 0002 2 <
ffff8e67f59f0840 3930256324 C Ci:2:006:0 0 2 = 0900
ffff8e67f59f0840 3930256390 S Ci:2:006:0 s c0 bc 0900 001c 0002 2 <
ffff8e67f59f0840 3930259048 C Ci:2:006:0 0 2 = 2e6f
ffff8e67f59f0840 3930259173 S Ci:2:006:0 s c0 bc 0800 23be 0004 4 <
ffff8e67f59f0840 3930261770 C Ci:2:006:0 0 4 = 0000b1e0
ffff8e67f59f0840 3930261933 S Co:2:006:0 s 40 bc 0800 00c0 0004 4 = 9989ec00
ffff8e67f59f0840 3930264447 C Co:2:006:0 0 4 >
ffff8e67f59f0840 3930264587 S Co:2:006:0 s 40 b9 0000 0000 0004 4 = 09006603
ffff8e67f59f0840 3930267186 C Co:2:006:0 0 4 >
ffff8e67f59f0840 3930267350 S Ii:2:006:3 -115:1 3 <
ffff8e67f59f0840 3930268485 C Ii:2:006:3 0:1 3 = 100000
ffff8e67f59f0840 3930268579 S Ci:2:006:0 s c0 bc 0800 0016 0002 2 <
ffff8e67f59f0840 3930271199 C Ci:2:006:0 0 2 = 0900
ffff8e67f59f0840 3930271387 S Ci:2:006:0 s c0 bc 0900 001c 0002 2 <
ffff8e67f59f0840 3930273955 C Ci:2:006:0 0 2 = 2e6f
ffff8e67f59f0840 3930274088 S Ci:2:006:0 s c0 bc 0800 23be 0002 2 <
ffff8e67f59f0840 3930276565 C Ci:2:006:0 0 2 = 0000
ffff8e67f59f0840 3930276743 S Co:2:006:0 s 40 bc 0900 0014 0002 2 = d39e
ffff8e67f59f0840 3930279269 C Co:2:006:0 0 2 >
ffff8e67c4a97180 3930279329 S Ci:2:006:0 s c0 bc 0900 001c 0002 2 <
ffff8e67c4a97180 3930282051 C Ci:2:006:0 0 2 = 2e6f
ffff8e67c4a97180 3930282100 S Co:2:006:0 s 40 b9 0000 0000 0004 4 = 09016601
ffff8e67c4a97180 3930284694 C Co:2:006:0 0 4 >
ffff8e67c4a97180 3930284732 S Ii:2:006:3 -115:1 3 <
ffff8e67c4a97180 3930286093 C Ii:2:006:3 0:1 3 = 100000
ffff8e67c4a97180 3930286135 S Ci:2:006:0 s c0 bc 0800 0016 0002 2 <
ffff8e67c4a97180 3930288929 C Ci:2:006:0 0 2 = 0900
ffff8e67c4a97180 3930288973 S Ci:2:006:0 s c0 bc 0900 001c 0002 2 <
ffff8e67c4a97180 3930291587 C Ci:2:006:0 0 2 = 2e6f
ffff8e67c4a97180 3930291629 S Ci:2:006:0 s c0 bc 0800 23be 0004 4 <
ffff8e67c4a97180 3930294324 C Ci:2:006:0 0 4 = 000089e0
ffff8e67c26db0c0 3930294749 S Co:2:006:0 s 40 bc 0800 00c0 0004 4 = 9989ec00
ffff8e67c26db0c0 3930297062 C Co:2:006:0 0 4 >
ffff8e67c26db0c0 3930297217 S Co:2:006:0 s 40 b9 0000 0000 0004 4 = 09006603
ffff8e67c26db0c0 3930299788 C Co:2:006:0 0 4 >
ffff8e67c26db0c0 3930299966 S Ii:2:006:3 -115:1 3 <
ffff8e67c26db0c0 3930301028 C Ii:2:006:3 0:1 3 = 100000
ffff8e67c26db0c0 3930301109 S Ci:2:006:0 s c0 bc 0800 0016 0002 2 <
ffff8e67c26db0c0 3930303952 C Ci:2:006:0 0 2 = 0900
ffff8e67c26db0c0 3930304026 S Ci:2:006:0 s c0 bc 0900 001c 0002 2 <
ffff8e67c26db0c0 3930306656 C Ci:2:006:0 0 2 = 2e6f
ffff8e67c26db0c0 3930306816 S Ci:2:006:0 s c0 bc 0800 23be 0002 2 <
ffff8e67c26db0c0 3930309410 C Ci:2:006:0 0 2 = 0000
ffff8e67c26db0c0 3930309512 S Co:2:006:0 s 40 bc 0900 0014 0002 2 = d39e
ffff8e67c26db0c0 3930312069 C Co:2:006:0 0 2 >
ffff8e67c26db0c0 3930312135 S Ci:2:006:0 s c0 bc 0900 001c 0002 2 <
ffff8e67c26db0c0 3930314852 C Ci:2:006:0 0 2 = 2e6f
ffff8e67c26db0c0 3930315126 S Co:2:006:0 s 40 b9 0000 0000 0004 4 = 09016601
ffff8e67c26db0c0 3930317629 C Co:2:006:0 0 4 >
ffff8e67c26db0c0 3930317774 S Ii:2:006:3 -115:1 3 <
ffff8e67c26db0c0 3930318934 C Ii:2:006:3 0:1 3 = 100000
ffff8e67c26db0c0 3930319134 S Ci:2:006:0 s c0 bc 0800 0016 0002 2 <
ffff8e67c26db0c0 3930321697 C Ci:2:006:0 0 2 = 0900
ffff8e67c26db0c0 3930321831 S Ci:2:006:0 s c0 bc 0900 001c 0002 2 <
ffff8e67c26db0c0 3930324366 C Ci:2:006:0 0 2 = 2e6f
ffff8e67c26db0c0 3930324501 S Ci:2:006:0 s c0 bc 0800 23be 0004 4 <
ffff8e67c26db0c0 3930327141 C Ci:2:006:0 0 4 = 000083e0
ffff8e67c26db0c0 3930327337 S Co:2:006:0 s 40 bc 0800 00c0 0004 4 = 9989ec00
ffff8e67c26db0c0 3930329936 C Co:2:006:0 0 4 >
ffff8e67c26db0c0 3930330023 S Co:2:006:0 s 40 b9 0000 0000 0004 4 = 09006603
ffff8e67c26db0c0 3930332649 C Co:2:006:0 0 4 >
ffff8e67c26db0c0 3930332785 S Ii:2:006:3 -115:1 3 <
ffff8e67c26db0c0 3930333991 C Ii:2:006:3 0:1 3 = 100000
ffff8e67c26db0c0 3930334182 S Ci:2:006:0 s c0 bc 0800 0016 0002 2 <
ffff8e67c26db0c0 3930336668 C Ci:2:006:0 0 2 = 0900
ffff8e67c26db0c0 3930336773 S Ci:2:006:0 s c0 bc 0900 001c 0002 2 <
ffff8e67c26db0c0 3930339357 C Ci:2:006:0 0 2 = 2e6f
ffff8e67c26db0c0 3930339469 S Ci:2:006:0 s c0 bc 0800 23be 0002 2 <
ffff8e67c26db0c0 3930342125 C Ci:2:006:0 0 2 = 0000
ffff8e67c26db0c0 3930342339 S Co:2:006:0 s 40 bc 0900 0014 0002 2 = d39e
ffff8e67c26db0c0 3930344738 C Co:2:006:0 0 2 >
ffff8e67c4a97b40 3930344961 S Ci:2:006:0 s c0 bc 0900 001c 0002 2 <
ffff8e67c4a97b40 3930347541 C Ci:2:006:0 0 2 = 2e6f
ffff8e67c4a97b40 3930347586 S Co:2:006:0 s 40 b9 0000 0000 0004 4 = 09016601
ffff8e67c4a97b40 3930350187 C Co:2:006:0 0 4 >
ffff8e67c4a97b40 3930350226 S Ii:2:006:3 -115:1 3 <
ffff8e67c4a97b40 3930351541 C Ii:2:006:3 0:1 3 = 100000
ffff8e67c4a97b40 3930351580 S Ci:2:006:0 s c0 bc 0800 0016 0002 2 <
ffff8e67c4a97b40 3930354269 C Ci:2:006:0 0 2 = 0900
ffff8e67c4a97b40 3930354329 S Ci:2:006:0 s c0 bc 0900 001c 0002 2 <
ffff8e67c4a97b40 3930356986 C Ci:2:006:0 0 2 = 2e6f
ffff8e67c4a97b40 3930357022 S Ci:2:006:0 s c0 bc 0800 23be 0004 4 <
ffff8e67c4a97b40 3930359840 C Ci:2:006:0 0 4 = 000087e0
ffff8e67c4a97b40 3930359872 S Co:2:006:0 s 40 bc 0800 00c0 0004 4 = 9989ec00
ffff8e67c4a97b40 3930362686 C Co:2:006:0 0 4 >
ffff8e67c4a97b40 3930362913 S Co:2:006:0 s 40 b9 0000 0000 0004 4 = 09006603
ffff8e67c4a97b40 3930365390 C Co:2:006:0 0 4 >
ffff8e67c4a97b40 3930365433 S Ii:2:006:3 -115:1 3 <
ffff8e67c4a97b40 3930366657 C Ii:2:006:3 0:1 3 = 100000
ffff8e67c4a97b40 3930366698 S Ci:2:006:0 s c0 bc 0800 0016 0002 2 <
ffff8e67c4a97b40 3930369420 C Ci:2:006:0 0 2 = 0900
ffff8e67c4a97b40 3930369466 S Ci:2:006:0 s c0 bc 0900 001c 0002 2 <
ffff8e67c4a97b40 3930372106 C Ci:2:006:0 0 2 = 2e6f
ffff8e67c4a97b40 3930372142 S Ci:2:006:0 s c0 bc 0800 23be 0002 2 <
ffff8e67c4a97b40 3930374863 C Ci:2:006:0 0 2 = 0000
ffff8e67c4a97b40 3930374899 S Co:2:006:0 s 40 bc 0900 0014 0002 2 = d39e
ffff8e67c4a97b40 3930377646 C Co:2:006:0 0 2 >
ffff8e67c4a97b40 3930377702 S Ci:2:006:0 s c0 bc 0900 001c 0002 2 <
ffff8e67c4a97b40 3930380455 C Ci:2:006:0 0 2 = 2e6f
ffff8e67c4a97b40 3930380503 S Co:2:006:0 s 40 b9 0000 0000 0004 4 = 09016601
ffff8e67c4a97b40 3930383156 C Co:2:006:0 0 4 >
ffff8e67c4a97b40 3930383198 S Ii:2:006:3 -115:1 3 <
ffff8e67c4a97b40 3930384427 C Ii:2:006:3 0:1 3 = 100000
ffff8e67c4a97b40 3930384467 S Ci:2:006:0 s c0 bc 0800 0016 0002 2 <
ffff8e67c4a97b40 3930387177 C Ci:2:006:0 0 2 = 0900
ffff8e67c4a97b40 3930387220 S Ci:2:006:0 s c0 bc 0900 001c 0002 2 <
ffff8e67c4a97b40 3930389987 C Ci:2:006:0 0 2 = 2e6f
ffff8e67c4a97b40 3930390023 S Ci:2:006:0 s c0 bc 0800 23be 0004 4 <
ffff8e67c4a97b40 3930392718 C Ci:2:006:0 0 4 = 0000b5e0
ffff8e67c4a97b40 3930392750 S Co:2:006:0 s 40 bc 0800 00c0 0002 2 = 1089
ffff8e67c4a97b40 3930395433 C Co:2:006:0 0 2 >
ffff8e67c4a97b40 3930395503 S Co:2:006:0 s 40 b9 0000 0000 0004 4 = 09009802
ffff8e67c4a97b40 3930398170 C Co:2:006:0 0 4 >
ffff8e67c4a97b40 3930398210 S Ii:2:006:3 -115:1 3 <
ffff8e67c4a97b40 3930399410 C Ii:2:006:3 0:1 3 = 100000
ffff8e67c4a97b40 3930399450 S Ci:2:006:0 s c0 bc 0800 0016 0002 2 <
ffff8e67c4a97b40 3930402079 C Ci:2:006:0 0 2 = 0900
ffff8e67c4a97b40 3930402114 S Ci:2:006:0 s c0 bc 0900 001c 0002 2 <
ffff8e67c4a97b40 3930404860 C Ci:2:006:0 0 2 = 2e6f
ffff8e67c4a97b40 3930404903 S Ci:2:006:0 s c0 bc 0800 23be 0002 2 <
ffff8e67c4a97b40 3930407620 C Ci:2:006:0 0 2 = 0000
ffff8e67c4a97b40 3930407665 S Co:2:006:0 s 40 bc 0900 0014 0002 2 = d39e
ffff8e67c4a97b40 3930410352 C Co:2:006:0 0 2 >
ffff8e67c4a97b40 3930410414 S Ci:2:006:0 s c0 bc 0900 001c 0002 2 <
ffff8e67c4a97b40 3930413046 C Ci:2:006:0 0 2 = 2e6f
ffff8e67c4a97b40 3930413092 S Co:2:006:0 s 40 bc 0800 00c0 0002 2 = 1581
ffff8e67c4a97b40 3930415682 C Co:2:006:0 0 2 >
ffff8e67c4a97b40 3930415723 S Co:2:006:0 s 40 b9 0000 0000 0004 4 = 09009802
ffff8e67c4a97b40 3930418320 C Co:2:006:0 0 4 >
ffff8e67c4a97b40 3930418360 S Ii:2:006:3 -115:1 3 <
ffff8e67c4a97b40 3930419600 C Ii:2:006:3 0:1 3 = 100000
ffff8e67c4a97b40 3930420405 S Ci:2:006:0 s c0 bc 0800 0016 0002 2 <
ffff8e67c4a97b40 3930422475 C Ci:2:006:0 0 2 = 0900
ffff8e67c4a97b40 3930422520 S Ci:2:006:0 s c0 bc 0900 001c 0002 2 <
ffff8e67c4a97b40 3930425079 C Ci:2:006:0 0 2 = 2e6f
ffff8e67c4a97b40 3930425114 S Ci:2:006:0 s c0 bc 0800 23be 0002 2 <
ffff8e67c4a97b40 3930427901 C Ci:2:006:0 0 2 = 0000
ffff8e67c4a97b40 3930427998 S Co:2:006:0 s 40 bc 0900 0014 0002 2 = d39e
ffff8e67c4a97b40 3930430583 C Co:2:006:0 0 2 >
ffff8e67c4a97b40 3930430624 S Ci:2:006:0 s c0 bc 0900 001c 0002 2 <
ffff8e67c4a97b40 3930433356 C Ci:2:006:0 0 2 = 2e6f
ffff8e67c4a97b40 3930433402 S Co:2:006:0 s 40 bc 0800 00c0 0002 2 = 658a
ffff8e67c4a97b40 3930435975 C Co:2:006:0 0 2 >
ffff8e67c4a97b40 3930436015 S Co:2:006:0 s 40 b9 0000 0000 0004 4 = 09009802
ffff8e67c4a97b40 3930438688 C Co:2:006:0 0 4 >
ffff8e67c4a97b40 3930438730 S Ii:2:006:3 -115:1 3 <
ffff8e67c4a97b40 3930439962 C Ii:2:006:3 0:1 3 = 100000
ffff8e67c4a97b40 3930439997 S Ci:2:006:0 s c0 bc 0800 0016 0002 2 <
ffff8e67c4a97b40 3930442722 C Ci:2:006:0 0 2 = 0900
ffff8e67c4a97b40 3930442765 S Ci:2:006:0 s c0 bc 0900 001c 0002 2 <
ffff8e67c4a97b40 3930445469 C Ci:2:006:0 0 2 = 2e6f
ffff8e67c4a97b40 3930445526 S Ci:2:006:0 s c0 bc 0800 23be 0002 2 <
ffff8e67c4a97b40 3930448181 C Ci:2:006:0 0 2 = 0000
ffff8e67c4a97b40 3930448216 S Co:2:006:0 s 40 bc 0900 0014 0002 2 = d39e
ffff8e67c4a97b40 3930450873 C Co:2:006:0 0 2 >
ffff8e67c4a97b40 3930450917 S Ci:2:006:0 s c0 bc 0900 001c 0002 2 <
ffff8e67c4a97b40 3930453463 C Ci:2:006:0 0 2 = 2e6f
ffff8e67c4a97b40 3930454200 S Co:2:006:0 s 40 bc 0800 00c0 0002 2 = 1089
ffff8e67c4a97b40 3930456249 C Co:2:006:0 0 2 >
ffff8e67c4a97b40 3930456309 S Co:2:006:0 s 40 b9 0000 0000 0004 4 = 09009802
ffff8e67c4a97b40 3930458959 C Co:2:006:0 0 4 >
ffff8e67c4a97b40 3930459038 S Ii:2:006:3 -115:1 3 <
ffff8e67c4a97b40 3930460230 C Ii:2:006:3 0:1 3 = 100000
ffff8e67c4a97b40 3930460265 S Ci:2:006:0 s c0 bc 0800 0016 0002 2 <
ffff8e67c4a97b40 3930463128 C Ci:2:006:0 0 2 = 0900
ffff8e67c4a97b40 3930463179 S Ci:2:006:0 s c0 bc 0900 001c 0002 2 <
ffff8e67c4a97b40 3930465774 C Ci:2:006:0 0 2 = 2e6f
ffff8e67c4a97b40 3930465818 S Ci:2:006:0 s c0 bc 0800 23be 0002 2 <
ffff8e67c4a97b40 3930468435 C Ci:2:006:0 0 2 = 0000
ffff8e67c4a97b40 3930468465 S Co:2:006:0 s 40 bc 0900 0014 0002 2 = d39e
ffff8e67c4a97b40 3930471122 C Co:2:006:0 0 2 >
ffff8e67f59f0780 3930471532 S Ci:2:006:0 s c0 bc 0900 001c 0002 2 <
ffff8e67f59f0780 3930473921 C Ci:2:006:0 0 2 = 2e6f
ffff8e67f59f0780 3930474070 S Co:2:006:0 s 40 bc 0800 00c0 0002 2 = 1128
ffff8e67f59f0780 3930476591 C Co:2:006:0 0 2 >
ffff8e67c4a97840 3930476643 S Co:2:006:0 s 40 b9 0000 0000 0004 4 = 09009802
ffff8e67c4a97840 3930479225 C Co:2:006:0 0 4 >
ffff8e67c4a97840 3930479287 S Ii:2:006:3 -115:1 3 <
ffff8e67c4a97840 3930480516 C Ii:2:006:3 0:1 3 = 100000
ffff8e67c4a97840 3930480557 S Ci:2:006:0 s c0 bc 0800 0016 0002 2 <
ffff8e67c4a97840 3930483363 C Ci:2:006:0 0 2 = 0900
ffff8e67c4a97840 3930483406 S Ci:2:006:0 s c0 bc 0900 001c 0002 2 <
ffff8e67c4a97840 3930486098 C Ci:2:006:0 0 2 = 2e6f
ffff8e67c4a97840 3930486132 S Ci:2:006:0 s c0 bc 0800 23be 0002 2 <
ffff8e67c4a97840 3930488858 C Ci:2:006:0 0 2 = 0000
ffff8e67c4a97840 3930489137 S Co:2:006:0 s 40 bc 0900 0014 0002 2 = d39e
ffff8e67c4a97840 3930491528 C Co:2:006:0 0 2 >
ffff8e67c4a97840 3930491569 S Ci:2:006:0 s c0 bc 0900 001c 0002 2 <
ffff8e67c4a97840 3930494330 C Ci:2:006:0 0 2 = 2e6f
ffff8e67c4a97840 3930494383 S Co:2:006:0 s 40 bc 0800 00c0 0002 2 = 12a8
ffff8e67c4a97840 3930496967 C Co:2:006:0 0 2 >
ffff8e67c4a97840 3930497000 S Co:2:006:0 s 40 b9 0000 0000 0004 4 = 09009802
ffff8e67c4a97840 3930499759 C Co:2:006:0 0 4 >
ffff8e67c4a97840 3930499800 S Ii:2:006:3 -115:1 3 <
ffff8e67c4a97840 3930501052 C Ii:2:006:3 0:1 3 = 100000
ffff8e67c4a97840 3930501109 S Ci:2:006:0 s c0 bc 0800 0016 0002 2 <
ffff8e67c4a97840 3930503665 C Ci:2:006:0 0 2 = 0900
ffff8e67c4a97840 3930503706 S Ci:2:006:0 s c0 bc 0900 001c 0002 2 <
ffff8e67c4a97840 3930506281 C Ci:2:006:0 0 2 = 2e6f
ffff8e67c4a97840 3930506436 S Ci:2:006:0 s c0 bc 0800 23be 0002 2 <
ffff8e67c4a97840 3930509009 C Ci:2:006:0 0 2 = 0000
ffff8e67c4a97840 3930509043 S Co:2:006:0 s 40 bc 0900 0014 0002 2 = d39e
ffff8e67c4a97840 3930511764 C Co:2:006:0 0 2 >
ffff8e67c4a97840 3930511827 S Ci:2:006:0 s c0 bc 0900 001c 0002 2 <
ffff8e67c4a97840 3930514490 C Ci:2:006:0 0 2 = 2e6f
ffff8e67c4a97840 3930514534 S Co:2:006:0 s 40 bc 0800 00c0 0002 2 = 13a8
ffff8e67c4a97840 3930517122 C Co:2:006:0 0 2 >
ffff8e67c4a97840 3930517155 S Co:2:006:0 s 40 b9 0000 0000 0004 4 = 09009802
ffff8e67c4a97840 3930519920 C Co:2:006:0 0 4 >
ffff8e67c4a97840 3930519964 S Ii:2:006:3 -115:1 3 <
ffff8e67c4a97840 3930521209 C Ii:2:006:3 0:1 3 = 100000
ffff8e67c4a97840 3930521243 S Ci:2:006:0 s c0 bc 0800 0016 0002 2 <
ffff8e67c4a97840 3930523976 C Ci:2:006:0 0 2 = 0900
ffff8e67c4a97840 3930524010 S Ci:2:006:0 s c0 bc 0900 001c 0002 2 <
ffff8e67c4a97840 3930526694 C Ci:2:006:0 0 2 = 2e6f
ffff8e67c4a97840 3930526751 S Ci:2:006:0 s c0 bc 0800 23be 0002 2 <
ffff8e67c4a97840 3930529314 C Ci:2:006:0 0 2 = 0000
ffff8e67c4a97840 3930529379 S Co:2:006:0 s 40 bc 0900 0014 0002 2 = d39e
ffff8e67c4a97840 3930531895 C Co:2:006:0 0 2 >
ffff8e67c4a97840 3930531947 S Ci:2:006:0 s c0 bc 0900 001c 0002 2 <
ffff8e67c4a97840 3930534536 C Ci:2:006:0 0 2 = 2e6f
ffff8e67c4a97840 3930534588 S Co:2:006:0 s 40 bc 0800 00c0 0002 2 = 1488
ffff8e67c4a97840 3930537166 C Co:2:006:0 0 2 >
ffff8e67c4a97840 3930537216 S Co:2:006:0 s 40 b9 0000 0000 0004 4 = 09009802
ffff8e67c4a97840 3930539951 C Co:2:006:0 0 4 >
ffff8e67c4a97840 3930539985 S Ii:2:006:3 -115:1 3 <
ffff8e67c4a97840 3930541300 C Ii:2:006:3 0:1 3 = 100000
ffff8e67c4a97840 3930541349 S Ci:2:006:0 s c0 bc 0800 0016 0002 2 <
ffff8e67c4a97840 3930543943 C Ci:2:006:0 0 2 = 0900
ffff8e67c4a97840 3930543985 S Ci:2:006:0 s c0 bc 0900 001c 0002 2 <
ffff8e67c4a97840 3930546572 C Ci:2:006:0 0 2 = 2e6f
ffff8e67c4a97840 3930546647 S Ci:2:006:0 s c0 bc 0800 23be 0002 2 <
ffff8e67c4a97840 3930549184 C Ci:2:006:0 0 2 = 0000
ffff8e67c4a97840 3930549226 S Co:2:006:0 s 40 bc 0900 0014 0002 2 = d39e
ffff8e67c4a97840 3930551970 C Co:2:006:0 0 2 >
ffff8e67c4a97840 3930552014 S Ci:2:006:0 s c0 bc 0900 001c 0002 2 <
ffff8e67c4a97840 3930554716 C Ci:2:006:0 0 2 = 2e6f
ffff8e67c4a97840 3930554757 S Co:2:006:0 s 40 bc 0800 00c0 0002 2 = 158b
ffff8e67c4a97840 3930557366 C Co:2:006:0 0 2 >
ffff8e67c4a97840 3930557409 S Co:2:006:0 s 40 b9 0000 0000 0004 4 = 09009802
ffff8e67c4a97840 3930560090 C Co:2:006:0 0 4 >
ffff8e67c4a97840 3930560133 S Ii:2:006:3 -115:1 3 <
ffff8e67c4a97840 3930561410 C Ii:2:006:3 0:1 3 = 100000
ffff8e67c4a97840 3930561451 S Ci:2:006:0 s c0 bc 0800 0016 0002 2 <
ffff8e67c4a97840 3930564259 C Ci:2:006:0 0 2 = 0900
ffff8e67c4a97840 3930564318 S Ci:2:006:0 s c0 bc 0900 001c 0002 2 <
ffff8e67c4a97840 3930566945 C Ci:2:006:0 0 2 = 2e6f
ffff8e67c4a97840 3930566987 S Ci:2:006:0 s c0 bc 0800 23be 0002 2 <
ffff8e67c4a97840 3930569726 C Ci:2:006:0 0 2 = 0000
ffff8e67c4a97840 3930569763 S Co:2:006:0 s 40 bc 0900 0014 0002 2 = d39e
ffff8e67c4a97840 3930572496 C Co:2:006:0 0 2 >
ffff8e67c4a97840 3930572541 S Ci:2:006:0 s c0 bc 0900 001c 0002 2 <
ffff8e67c4a97840 3930575129 C Ci:2:006:0 0 2 = 2e6f
ffff8e67c4a97840 3930575173 S Co:2:006:0 s 40 bc 0800 00c0 0004 4 = 9989ed00
ffff8e67c4a97840 3930577866 C Co:2:006:0 0 4 >
ffff8e67c4a97840 3930577908 S Co:2:006:0 s 40 b9 0000 0000 0004 4 = 09006603
ffff8e67c4a97840 3930580642 C Co:2:006:0 0 4 >
ffff8e67c4a97840 3930580682 S Ii:2:006:3 -115:1 3 <
ffff8e67c4a97840 3930581961 C Ii:2:006:3 0:1 3 = 100000
ffff8e67c4a97840 3930582003 S Ci:2:006:0 s c0 bc 0800 0016 0002 2 <
ffff8e67c4a97840 3930584723 C Ci:2:006:0 0 2 = 0900
ffff8e67c4a97840 3930584766 S Ci:2:006:0 s c0 bc 0900 001c 0002 2 <
ffff8e67c4a97840 3930587497 C Ci:2:006:0 0 2 = 2e6f
ffff8e67c4a97840 3930587533 S Ci:2:006:0 s c0 bc 0800 23be 0002 2 <
ffff8e67c4a97840 3930590220 C Ci:2:006:0 0 2 = 0000
ffff8e67c4a97840 3930590323 S Co:2:006:0 s 40 bc 0900 0014 0002 2 = d39e
ffff8e67c4a97840 3930593001 C Co:2:006:0 0 2 >
ffff8e67c4a97840 3930593047 S Ci:2:006:0 s c0 bc 0900 001c 0002 2 <
ffff8e67c4a97840 3930595751 C Ci:2:006:0 0 2 = 2e6f
ffff8e67c4a97840 3930595797 S Co:2:006:0 s 40 b9 0000 0000 0004 4 = 09016601
ffff8e67c4a97840 3930598500 C Co:2:006:0 0 4 >
ffff8e67c4a97840 3930598540 S Ii:2:006:3 -115:1 3 <
ffff8e67c4a97840 3930599794 C Ii:2:006:3 0:1 3 = 100000
ffff8e67c4a97840 3930599833 S Ci:2:006:0 s c0 bc 0800 0016 0002 2 <
ffff8e67c4a97840 3930602642 C Ci:2:006:0 0 2 = 0900
ffff8e67c4a97840 3930602685 S Ci:2:006:0 s c0 bc 0900 001c 0002 2 <
ffff8e67c4a97840 3930605384 C Ci:2:006:0 0 2 = 2e6f
ffff8e67c4a97840 3930605419 S Ci:2:006:0 s c0 bc 0800 23be 0004 4 <
ffff8e67c4a97840 3930608134 C Ci:2:006:0 0 4 = 00007ce0
ffff8e67c4a97840 3930608174 S Co:2:006:0 s 40 bc 0800 00c0 0004 4 = 9989ec00
ffff8e67c4a97840 3930610983 C Co:2:006:0 0 4 >
ffff8e67c4a97840 3930611027 S Co:2:006:0 s 40 b9 0000 0000 0004 4 = 09006603
ffff8e67c4a97840 3930613740 C Co:2:006:0 0 4 >
ffff8e67c4a97840 3930613781 S Ii:2:006:3 -115:1 3 <
ffff8e67c4a97840 3930615047 C Ii:2:006:3 0:1 3 = 100000
ffff8e67c4a97840 3930615087 S Ci:2:006:0 s c0 bc 0800 0016 0002 2 <
ffff8e67c4a97840 3930617879 C Ci:2:006:0 0 2 = 0900
ffff8e67c4a97840 3930617924 S Ci:2:006:0 s c0 bc 0900 001c 0002 2 <
ffff8e67c4a97840 3930620617 C Ci:2:006:0 0 2 = 2e6f
ffff8e67c4a97840 3930620651 S Ci:2:006:0 s c0 bc 0800 23be 0002 2 <
ffff8e67c4a97840 3930623474 C Ci:2:006:0 0 2 = 0000
ffff8e67c4a97840 3930623517 S Co:2:006:0 s 40 bc 0900 0014 0002 2 = d39e
ffff8e67c4a97840 3930626227 C Co:2:006:0 0 2 >
ffff8e67c4a97840 3930626271 S Ci:2:006:0 s c0 bc 0900 001c 0002 2 <
ffff8e67c4a97840 3930629012 C Ci:2:006:0 0 2 = 2e6f
ffff8e67c4a97840 3930629054 S Co:2:006:0 s 40 b9 0000 0000 0004 4 = 09016601
ffff8e67c4a97840 3930631741 C Co:2:006:0 0 4 >
ffff8e67c4a97840 3930631782 S Ii:2:006:3 -115:1 3 <
ffff8e67c4a97840 3930633054 C Ii:2:006:3 0:1 3 = 100000
ffff8e67c4a97840 3930633094 S Ci:2:006:0 s c0 bc 0800 0016 0002 2 <
ffff8e67c4a97840 3930636002 C Ci:2:006:0 0 2 = 0900
ffff8e67c4a97840 3930636046 S Ci:2:006:0 s c0 bc 0900 001c 0002 2 <
ffff8e67c4a97840 3930638714 C Ci:2:006:0 0 2 = 2e6f
ffff8e67c4a97840 3930638755 S Ci:2:006:0 s c0 bc 0800 23be 0004 4 <
ffff8e67c4a97840 3930641433 C Ci:2:006:0 0 4 = 0000a2e0
ffff8e67c4a97840 3930641472 S Co:2:006:0 s 40 bc 0800 00c0 0004 4 = 9989ec00
ffff8e67c4a97840 3930644223 C Co:2:006:0 0 4 >
ffff8e67c4a97840 3930644267 S Co:2:006:0 s 40 b9 0000 0000 0004 4 = 09006603
ffff8e67c4a97840 3930646972 C Co:2:006:0 0 4 >
ffff8e67c4a97840 3930647019 S Ii:2:006:3 -115:1 3 <
ffff8e67c4a97840 3930648333 C Ii:2:006:3 0:1 3 = 100000
ffff8e67c4a97840 3930648362 S Ci:2:006:0 s c0 bc 0800 0016 0002 2 <
ffff8e67c4a97840 3930651005 C Ci:2:006:0 0 2 = 0900
ffff8e67c4a97840 3930651049 S Ci:2:006:0 s c0 bc 0900 001c 0002 2 <
ffff8e67c4a97840 3930653714 C Ci:2:006:0 0 2 = 2e6f
ffff8e67c4a97840 3930653755 S Ci:2:006:0 s c0 bc 0800 23be 0002 2 <
ffff8e67c4a97840 3930656425 C Ci:2:006:0 0 2 = 0000
ffff8e67c4a97840 3930656464 S Co:2:006:0 s 40 bc 0900 0014 0002 2 = d39e
ffff8e67c4a97840 3930659236 C Co:2:006:0 0 2 >
ffff8e67c4a97840 3930659296 S Ci:2:006:0 s c0 bc 0900 001c 0002 2 <
ffff8e67c4a97840 3930661989 C Ci:2:006:0 0 2 = 2e6f
ffff8e67c4a97840 3930662033 S Co:2:006:0 s 40 b9 0000 0000 0004 4 = 09016601
ffff8e67c4a97840 3930664855 C Co:2:006:0 0 4 >
ffff8e67c4a97840 3930664894 S Ii:2:006:3 -115:1 3 <
ffff8e67c4a97840 3930666193 C Ii:2:006:3 0:1 3 = 100000
ffff8e67c4a97840 3930666236 S Ci:2:006:0 s c0 bc 0800 0016 0002 2 <
ffff8e67c4a97840 3930668963 C Ci:2:006:0 0 2 = 0900
ffff8e67c4a97840 3930669004 S Ci:2:006:0 s c0 bc 0900 001c 0002 2 <
ffff8e67c4a97840 3930671701 C Ci:2:006:0 0 2 = 2e6f
ffff8e67c4a97840 3930671744 S Ci:2:006:0 s c0 bc 0800 23be 0004 4 <
ffff8e67c4a97840 3930674419 C Ci:2:006:0 0 4 = 00002ce0
ffff8e67c4a97840 3930674458 S Co:2:006:0 s 40 bc 0800 00c0 0004 4 = 9989ec00
ffff8e67c4a97840 3930677235 C Co:2:006:0 0 4 >
ffff8e67c4a97840 3930677291 S Co:2:006:0 s 40 b9 0000 0000 0004 4 = 09006603
ffff8e67c4a97840 3930679978 C Co:2:006:0 0 4 >
ffff8e67c4a97840 3930680020 S Ii:2:006:3 -115:1 3 <
ffff8e67c4a97840 3930681359 C Ii:2:006:3 0:1 3 = 100000
ffff8e67c4a97840 3930681400 S Ci:2:006:0 s c0 bc 0800 0016 0002 2 <
ffff8e67c4a97840 3930684123 C Ci:2:006:0 0 2 = 0900
ffff8e67c4a97840 3930684166 S Ci:2:006:0 s c0 bc 0900 001c 0002 2 <
ffff8e67c4a97840 3930686870 C Ci:2:006:0 0 2 = 2e6f
ffff8e67c4a97840 3930686913 S Ci:2:006:0 s c0 bc 0800 23be 0002 2 <
ffff8e67c4a97840 3930689582 C Ci:2:006:0 0 2 = 0000
ffff8e67c4a97840 3930689623 S Co:2:006:0 s 40 bc 0900 0014 0002 2 = d39e
ffff8e67c4a97840 3930692370 C Co:2:006:0 0 2 >
ffff8e67c4a97840 3930692413 S Ci:2:006:0 s c0 bc 0900 001c 0002 2 <
ffff8e67c4a97840 3930695025 C Ci:2:006:0 0 2 = 2e6f
ffff8e67c4a97840 3930695062 S Co:2:006:0 s 40 b9 0000 0000 0004 4 = 09016601
ffff8e67c4a97840 3930697665 C Co:2:006:0 0 4 >
ffff8e67c4a97840 3930697708 S Ii:2:006:3 -115:1 3 <
ffff8e67c4a97840 3930699012 C Ii:2:006:3 0:1 3 = 100000
ffff8e67c4a97840 3930699057 S Ci:2:006:0 s c0 bc 0800 0016 0002 2 <
ffff8e67c4a97840 3930701865 C Ci:2:006:0 0 2 = 0900
ffff8e67c4a97840 3930701913 S Ci:2:006:0 s c0 bc 0900 001c 0002 2 <
ffff8e67c4a97840 3930704607 C Ci:2:006:0 0 2 = 2e6f
ffff8e67c4a97840 3930704639 S Ci:2:006:0 s c0 bc 0800 23be 0004 4 <
ffff8e67c4a97840 3930707371 C Ci:2:006:0 0 4 = 000059e0
ffff8e67c4a97840 3930707415 S Co:2:006:0 s 40 bc 0800 00c0 0004 4 = 9989ec00
ffff8e67c4a97840 3930710030 C Co:2:006:0 0 4 >
ffff8e67c4a97840 3930710071 S Co:2:006:0 s 40 b9 0000 0000 0004 4 = 09006603
ffff8e67c4a97840 3930712728 C Co:2:006:0 0 4 >
ffff8e67c4a97840 3930712769 S Ii:2:006:3 -115:1 3 <
ffff8e67c4a97840 3930714017 C Ii:2:006:3 0:1 3 = 100000
ffff8e67c4a97840 3930714058 S Ci:2:006:0 s c0 bc 0800 0016 0002 2 <
ffff8e67c4a97840 3930716804 C Ci:2:006:0 0 2 = 0900
ffff8e67c4a97840 3930716837 S Ci:2:006:0 s c0 bc 0900 001c 0002 2 <
ffff8e67c4a97840 3930719606 C Ci:2:006:0 0 2 = 2e6f
ffff8e67c4a97840 3930719643 S Ci:2:006:0 s c0 bc 0800 23be 0002 2 <
ffff8e67c4a97840 3930722359 C Ci:2:006:0 0 2 = 0000
ffff8e67c4a97840 3930722399 S Co:2:006:0 s 40 bc 0900 0014 0002 2 = d39e
ffff8e67c4a97840 3930724928 C Co:2:006:0 0 2 >
ffff8e67c4a97840 3930724969 S Ci:2:006:0 s c0 bc 0900 001c 0002 2 <
ffff8e67c4a97840 3930727631 C Ci:2:006:0 0 2 = 2e6f
ffff8e67c4a97840 3930727675 S Co:2:006:0 s 40 b9 0000 0000 0004 4 = 09016601
ffff8e67c4a97840 3930730366 C Co:2:006:0 0 4 >
ffff8e67c4a97840 3930730406 S Ii:2:006:3 -115:1 3 <
ffff8e67c4a97840 3930731643 C Ii:2:006:3 0:1 3 = 100000
ffff8e67c4a97840 3930731682 S Ci:2:006:0 s c0 bc 0800 0016 0002 2 <
ffff8e67c4a97840 3930734379 C Ci:2:006:0 0 2 = 0900
ffff8e67c4a97840 3930734422 S Ci:2:006:0 s c0 bc 0900 001c 0002 2 <
ffff8e67c4a97840 3930737059 C Ci:2:006:0 0 2 = 2e6f
ffff8e67c4a97840 3930737095 S Ci:2:006:0 s c0 bc 0800 23be 0004 4 <
ffff8e67c4a97840 3930739799 C Ci:2:006:0 0 4 = 0000dee0
ffff8e67c4a97840 3930739833 S Co:2:006:0 s 40 bc 0800 00c0 0004 4 = 9989ec00
ffff8e67c4a97840 3930742585 C Co:2:006:0 0 4 >
ffff8e67c4a97840 3930742629 S Co:2:006:0 s 40 b9 0000 0000 0004 4 = 09006603
ffff8e67c4a97840 3930745360 C Co:2:006:0 0 4 >
ffff8e67c4a97840 3930745400 S Ii:2:006:3 -115:1 3 <
ffff8e67c4a97840 3930746641 C Ii:2:006:3 0:1 3 = 100000
ffff8e67c4a97840 3930746674 S Ci:2:006:0 s c0 bc 0800 0016 0002 2 <
ffff8e67c4a97840 3930749503 C Ci:2:006:0 0 2 = 0900
ffff8e67c4a97840 3930749547 S Ci:2:006:0 s c0 bc 0900 001c 0002 2 <
ffff8e67c4a97840 3930752212 C Ci:2:006:0 0 2 = 2e6f
ffff8e67c4a97840 3930752248 S Ci:2:006:0 s c0 bc 0800 23be 0002 2 <
ffff8e67c4a97840 3930754953 C Ci:2:006:0 0 2 = 0000
ffff8e67c4a97840 3930754993 S Co:2:006:0 s 40 bc 0900 0014 0002 2 = d39e
ffff8e67c4a97840 3930757611 C Co:2:006:0 0 2 >
ffff8e67c4a97840 3930757655 S Ci:2:006:0 s c0 bc 0900 001c 0002 2 <
ffff8e67c4a97840 3930760372 C Ci:2:006:0 0 2 = 2e6f
ffff8e67c4a97840 3930760423 S Co:2:006:0 s 40 b9 0000 0000 0004 4 = 09016601
ffff8e67c4a97840 3930763107 C Co:2:006:0 0 4 >
ffff8e67c4a97840 3930763156 S Ii:2:006:3 -115:1 3 <
ffff8e67c4a97840 3930764189 C Ii:2:006:3 0:1 3 = 100000
ffff8e67c4a97840 3930764227 S Ci:2:006:0 s c0 bc 0800 0016 0002 2 <
ffff8e67c4a97840 3930767115 C Ci:2:006:0 0 2 = 0900
ffff8e67c4a97840 3930767158 S Ci:2:006:0 s c0 bc 0900 001c 0002 2 <
ffff8e67c4a97840 3930769799 C Ci:2:006:0 0 2 = 2e6f
ffff8e67c4a97840 3930769840 S Ci:2:006:0 s c0 bc 0800 23be 0004 4 <
ffff8e67c4a97840 3930772494 C Ci:2:006:0 0 4 = 00002de0
ffff8e67c4a97840 3930772555 S Co:2:006:0 s 40 bc 0800 00c0 0004 4 = 9989ec00
ffff8e67c4a97840 3930775143 C Co:2:006:0 0 4 >
ffff8e67c4a97840 3930775185 S Co:2:006:0 s 40 b9 0000 0000 0004 4 = 09006603
ffff8e67c4a97840 3930778011 C Co:2:006:0 0 4 >
ffff8e67c4a97840 3930778056 S Ii:2:006:3 -115:1 3 <
ffff8e67c4a97840 3930779329 C Ii:2:006:3 0:1 3 = 100000
ffff8e67c4a97840 3930779371 S Ci:2:006:0 s c0 bc 0800 0016 0002 2 <
ffff8e67c4a97840 3930782010 C Ci:2:006:0 0 2 = 0900
ffff8e67c4a97840 3930782054 S Ci:2:006:0 s c0 bc 0900 001c 0002 2 <
ffff8e67c4a97840 3930784683 C Ci:2:006:0 0 2 = 2e6f
ffff8e67c4a97840 3930784724 S Ci:2:006:0 s c0 bc 0800 23be 0002 2 <
ffff8e67c4a97840 3930787405 C Ci:2:006:0 0 2 = 0000
ffff8e67c4a97840 3930787445 S Co:2:006:0 s 40 bc 0900 0014 0002 2 = d39e
ffff8e67c4a97840 3930790160 C Co:2:006:0 0 2 >
ffff8e67c4a97840 3930790201 S Ci:2:006:0 s c0 bc 0900 001c 0002 2 <
ffff8e67c4a97840 3930793021 C Ci:2:006:0 0 2 = 2e6f
ffff8e67c4a97840 3930793065 S Co:2:006:0 s 40 b9 0000 0000 0004 4 = 09016601
ffff8e67c4a97840 3930795731 C Co:2:006:0 0 4 >
ffff8e67c4a97840 3930795772 S Ii:2:006:3 -115:1 3 <
ffff8e67c4a97840 3930797016 C Ii:2:006:3 0:1 3 = 100000
ffff8e67c4a97840 3930797048 S Ci:2:006:0 s c0 bc 0800 0016 0002 2 <
ffff8e67c4a97840 3930799899 C Ci:2:006:0 0 2 = 0900
ffff8e67c4a97840 3930799942 S Ci:2:006:0 s c0 bc 0900 001c 0002 2 <
ffff8e67c4a97840 3930802585 C Ci:2:006:0 0 2 = 2e6f
ffff8e67c4a97840 3930802620 S Ci:2:006:0 s c0 bc 0800 23be 0004 4 <
ffff8e67c4a97840 3930805314 C Ci:2:006:0 0 4 = 0000bde0
ffff8e67c4a97840 3930805348 S Co:2:006:0 s 40 bc 0800 00c0 0004 4 = 9989ec00
ffff8e67c4a97840 3930808124 C Co:2:006:0 0 4 >
ffff8e67c4a97840 3930808168 S Co:2:006:0 s 40 b9 0000 0000 0004 4 = 09006603
ffff8e67c4a97840 3930810877 C Co:2:006:0 0 4 >
ffff8e67c4a97840 3930810918 S Ii:2:006:3 -115:1 3 <
ffff8e67c4a97840 3930812124 C Ii:2:006:3 0:1 3 = 100000
ffff8e67c4a97840 3930812160 S Ci:2:006:0 s c0 bc 0800 0016 0002 2 <
ffff8e67c4a97840 3930814959 C Ci:2:006:0 0 2 = 0900
ffff8e67c4a97840 3930815002 S Ci:2:006:0 s c0 bc 0900 001c 0002 2 <
ffff8e67c4a97840 3930817689 C Ci:2:006:0 0 2 = 2e6f
ffff8e67c4a97840 3930817722 S Ci:2:006:0 s c0 bc 0800 23be 0002 2 <
ffff8e67c4a97840 3930820487 C Ci:2:006:0 0 2 = 0000
ffff8e67c4a97840 3930820530 S Co:2:006:0 s 40 bc 0900 0014 0002 2 = d39e
ffff8e67c4a97840 3930823216 C Co:2:006:0 0 2 >
ffff8e67c4a97840 3930823278 S Ci:2:006:0 s c0 bc 0900 001c 0002 2 <
ffff8e67c4a97840 3930826062 C Ci:2:006:0 0 2 = 2e6f
ffff8e67c4a97840 3930826113 S Co:2:006:0 s 40 b9 0000 0000 0004 4 = 09016601
ffff8e67c4a97840 3930828738 C Co:2:006:0 0 4 >
ffff8e67c4a97840 3930828778 S Ii:2:006:3 -115:1 3 <
ffff8e67c4a97840 3930830064 C Ii:2:006:3 0:1 3 = 100000
ffff8e67c4a97840 3930830107 S Ci:2:006:0 s c0 bc 0800 0016 0002 2 <
ffff8e67c4a97840 3930832882 C Ci:2:006:0 0 2 = 0900
ffff8e67c4a97840 3930832926 S Ci:2:006:0 s c0 bc 0900 001c 0002 2 <
ffff8e67c4a97840 3930835570 C Ci:2:006:0 0 2 = 2e6f
ffff8e67c4a97840 3930835612 S Ci:2:006:0 s c0 bc 0800 23be 0004 4 <
ffff8e67c4a97840 3930838317 C Ci:2:006:0 0 4 = 000099e0
ffff8e67c4a97840 3930838410 S Co:2:006:0 s 40 bc 0800 00c0 0004 4 = 9989ec00
ffff8e67c4a97840 3930841067 C Co:2:006:0 0 4 >
ffff8e67c4a97840 3930841121 S Co:2:006:0 s 40 b9 0000 0000 0004 4 = 09006603
ffff8e67c4a97840 3930843752 C Co:2:006:0 0 4 >
ffff8e67c4a97840 3930843794 S Ii:2:006:3 -115:1 3 <
ffff8e67c4a97840 3930844967 C Ii:2:006:3 0:1 3 = 100000
ffff8e67c4a97840 3930845006 S Ci:2:006:0 s c0 bc 0800 0016 0002 2 <
ffff8e67c4a97840 3930847670 C Ci:2:006:0 0 2 = 0900
ffff8e67c4a97840 3930847703 S Ci:2:006:0 s c0 bc 0900 001c 0002 2 <
ffff8e67c4a97840 3930850336 C Ci:2:006:0 0 2 = 2e6f
ffff8e67c4a97840 3930850372 S Ci:2:006:0 s c0 bc 0800 23be 0002 2 <
ffff8e67c4a97840 3930853113 C Ci:2:006:0 0 2 = 0000
ffff8e67c4a97840 3930853154 S Co:2:006:0 s 40 bc 0900 0014 0002 2 = d39e
ffff8e67c4a97840 3930855867 C Co:2:006:0 0 2 >
ffff8e67c4a97840 3930855911 S Ci:2:006:0 s c0 bc 0900 001c 0002 2 <
ffff8e67c4a97840 3930858615 C Ci:2:006:0 0 2 = 2e6f
ffff8e67c4a97840 3930858659 S Co:2:006:0 s 40 b9 0000 0000 0004 4 = 09016601
ffff8e67c4a97840 3930861357 C Co:2:006:0 0 4 >
ffff8e67c4a97840 3930861397 S Ii:2:006:3 -115:1 3 <
ffff8e67c4a97840 3930862683 C Ii:2:006:3 0:1 3 = 100000
ffff8e67c4a97840 3930862725 S Ci:2:006:0 s c0 bc 0800 0016 0002 2 <
ffff8e67c4a97840 3930865614 C Ci:2:006:0 0 2 = 0900
ffff8e67c4a97840 3930865658 S Ci:2:006:0 s c0 bc 0900 001c 0002 2 <
ffff8e67c4a97840 3930868314 C Ci:2:006:0 0 2 = 2e6f
ffff8e67c4a97840 3930868349 S Ci:2:006:0 s c0 bc 0800 23be 0004 4 <
ffff8e67c4a97840 3930871087 C Ci:2:006:0 0 4 = 0000c3e0
ffff8e67c4a97840 3930871127 S Co:2:006:0 s 40 bc 0800 00c0 0004 4 = 9989ec00
ffff8e67c4a97840 3930873997 C Co:2:006:0 0 4 >
ffff8e67c4a97840 3930874044 S Co:2:006:0 s 40 b9 0000 0000 0004 4 = 09006603
ffff8e67c4a97840 3930876719 C Co:2:006:0 0 4 >
ffff8e67c4a97840 3930876761 S Ii:2:006:3 -115:1 3 <
ffff8e67c4a97840 3930878002 C Ii:2:006:3 0:1 3 = 100000
ffff8e67c4a97840 3930878042 S Ci:2:006:0 s c0 bc 0800 0016 0002 2 <
ffff8e67c4a97840 3930880820 C Ci:2:006:0 0 2 = 0900
ffff8e67c4a97840 3930880860 S Ci:2:006:0 s c0 bc 0900 001c 0002 2 <
ffff8e67c4a97840 3930883584 C Ci:2:006:0 0 2 = 2e6f
ffff8e67c4a97840 3930883620 S Ci:2:006:0 s c0 bc 0800 23be 0002 2 <
ffff8e67c4a97840 3930886382 C Ci:2:006:0 0 2 = 0000
ffff8e67c4a97840 3930886423 S Co:2:006:0 s 40 bc 0900 0014 0002 2 = d39e
ffff8e67c4a97840 3930889094 C Co:2:006:0 0 2 >
ffff8e67c4a97840 3930889138 S Ci:2:006:0 s c0 bc 0900 001c 0002 2 <
ffff8e67c4a97840 3930891918 C Ci:2:006:0 0 2 = 2e6f
ffff8e67c4a97840 3930891963 S Co:2:006:0 s 40 b9 0000 0000 0004 4 = 09016601
ffff8e67c4a97840 3930894572 C Co:2:006:0 0 4 >
ffff8e67c4a97840 3930894612 S Ii:2:006:3 -115:1 3 <
ffff8e67c4a97840 3930895929 C Ii:2:006:3 0:1 3 = 100000
ffff8e67c4a97840 3930895972 S Ci:2:006:0 s c0 bc 0800 0016 0002 2 <
ffff8e67c4a97840 3930898720 C Ci:2:006:0 0 2 = 0900
ffff8e67c4a97840 3930898765 S Ci:2:006:0 s c0 bc 0900 001c 0002 2 <
ffff8e67c4a97840 3930901482 C Ci:2:006:0 0 2 = 2e6f
ffff8e67c4a97840 3930901518 S Ci:2:006:0 s c0 bc 0800 23be 0004 4 <
ffff8e67c4a97840 3930904195 C Ci:2:006:0 0 4 = 000011e0
ffff8e67c4a97840 3930904226 S Co:2:006:0 s 40 bc 0800 00c0 0004 4 = 9989ec00
ffff8e67c4a97840 3930906996 C Co:2:006:0 0 4 >
ffff8e67c4a97840 3930907040 S Co:2:006:0 s 40 b9 0000 0000 0004 4 = 09006603
ffff8e67c4a97840 3930909735 C Co:2:006:0 0 4 >
ffff8e67c4a97840 3930909776 S Ii:2:006:3 -115:1 3 <
ffff8e67c4a97840 3930910996 C Ii:2:006:3 0:1 3 = 100000
ffff8e67c4a97840 3930911036 S Ci:2:006:0 s c0 bc 0800 0016 0002 2 <
ffff8e67c4a97840 3930913878 C Ci:2:006:0 0 2 = 0900
ffff8e67c4a97840 3930913921 S Ci:2:006:0 s c0 bc 0900 001c 0002 2 <
ffff8e67c4a97840 3930916575 C Ci:2:006:0 0 2 = 2e6f
ffff8e67c4a97840 3930916611 S Ci:2:006:0 s c0 bc 0800 23be 0002 2 <
ffff8e67c4a97840 3930919303 C Ci:2:006:0 0 2 = 0000
ffff8e67c4a97840 3930919392 S Co:2:006:0 s 40 bc 0900 0014 0002 2 = d39e
ffff8e67c4a97840 3930921994 C Co:2:006:0 0 2 >
ffff8e67c4a97840 3930922031 S Ci:2:006:0 s c0 bc 0900 001c 0002 2 <
ffff8e67c4a97840 3930924665 C Ci:2:006:0 0 2 = 2e6f
ffff8e67c4a97840 3930924709 S Co:2:006:0 s 40 b9 0000 0000 0004 4 = 09016601
ffff8e67c4a97840 3930927478 C Co:2:006:0 0 4 >
ffff8e67c4a97840 3930927517 S Ii:2:006:3 -115:1 3 <
ffff8e67c4a97840 3930928814 C Ii:2:006:3 0:1 3 = 100000
ffff8e67c4a97840 3930928856 S Ci:2:006:0 s c0 bc 0800 0016 0002 2 <
ffff8e67c4a97840 3930931608 C Ci:2:006:0 0 2 = 0900
ffff8e67c4a97840 3930931651 S Ci:2:006:0 s c0 bc 0900 001c 0002 2 <
ffff8e67c4a97840 3930934305 C Ci:2:006:0 0 2 = 2e6f
ffff8e67c4a97840 3930934339 S Ci:2:006:0 s c0 bc 0800 23be 0004 4 <
ffff8e67c4a97840 3930936953 C Ci:2:006:0 0 4 = 00004de0
ffff8e67c4a97840 3930936994 S Co:2:006:0 s 40 bc 0800 00c0 0004 4 = 9989ec00
ffff8e67c4a97840 3930939713 C Co:2:006:0 0 4 >
ffff8e67c4a97840 3930939757 S Co:2:006:0 s 40 b9 0000 0000 0004 4 = 09006603
ffff8e67c4a97840 3930942480 C Co:2:006:0 0 4 >
ffff8e67c4a97840 3930942522 S Ii:2:006:3 -115:1 3 <
ffff8e67c4a97840 3930943799 C Ii:2:006:3 0:1 3 = 100000
ffff8e67c4a97840 3930943841 S Ci:2:006:0 s c0 bc 0800 0016 0002 2 <
ffff8e67c4a97840 3930946582 C Ci:2:006:0 0 2 = 0900
ffff8e67c4a97840 3930946625 S Ci:2:006:0 s c0 bc 0900 001c 0002 2 <
ffff8e67c4a97840 3930949306 C Ci:2:006:0 0 2 = 2e6f
ffff8e67c4a97840 3930949349 S Ci:2:006:0 s c0 bc 0800 23be 0002 2 <
ffff8e67c4a97840 3930952002 C Ci:2:006:0 0 2 = 0000
ffff8e67c4a97840 3930952047 S Co:2:006:0 s 40 bc 0900 0014 0002 2 = d39e
ffff8e67c4a97840 3930954712 C Co:2:006:0 0 2 >
ffff8e67c4a97840 3930954756 S Ci:2:006:0 s c0 bc 0900 001c 0002 2 <
ffff8e67c4a97840 3930957519 C Ci:2:006:0 0 2 = 2e6f
ffff8e67c4a97840 3930957561 S Co:2:006:0 s 40 b9 0000 0000 0004 4 = 09016601
ffff8e67c4a97840 3930960209 C Co:2:006:0 0 4 >
ffff8e67c4a97840 3930960267 S Ii:2:006:3 -115:1 3 <
ffff8e67c4a97840 3930961558 C Ii:2:006:3 0:1 3 = 100000
ffff8e67c4a97840 3930961599 S Ci:2:006:0 s c0 bc 0800 0016 0002 2 <
ffff8e67c4a97840 3930964402 C Ci:2:006:0 0 2 = 0900
ffff8e67c4a97840 3930964446 S Ci:2:006:0 s c0 bc 0900 001c 0002 2 <
ffff8e67c4a97840 3930967041 C Ci:2:006:0 0 2 = 2e6f
ffff8e67c4a97840 3930967077 S Ci:2:006:0 s c0 bc 0800 23be 0004 4 <
ffff8e67c4a97840 3930969873 C Ci:2:006:0 0 4 = 00008de0
ffff8e67c4a97840 3930969913 S Co:2:006:0 s 40 bc 0800 00c0 0004 4 = 9989ec00
ffff8e67c4a97840 3930972503 C Co:2:006:0 0 4 >
ffff8e67c4a97840 3930972537 S Co:2:006:0 s 40 b9 0000 0000 0004 4 = 09006603
ffff8e67c4a97840 3930975207 C Co:2:006:0 0 4 >
ffff8e67c4a97840 3930975263 S Ii:2:006:3 -115:1 3 <
ffff8e67c4a97840 3930976426 C Ii:2:006:3 0:1 3 = 100000
ffff8e67c4a97840 3930976466 S Ci:2:006:0 s c0 bc 0800 0016 0002 2 <
ffff8e67c4a97840 3930979316 C Ci:2:006:0 0 2 = 0900
ffff8e67c4a97840 3930979359 S Ci:2:006:0 s c0 bc 0900 001c 0002 2 <
ffff8e67c4a97840 3930981894 C Ci:2:006:0 0 2 = 2e6f
ffff8e67c4a97840 3930981937 S Ci:2:006:0 s c0 bc 0800 23be 0002 2 <
ffff8e67c4a97840 3930984486 C Ci:2:006:0 0 2 = 0000
ffff8e67c4a97840 3930984527 S Co:2:006:0 s 40 bc 0900 0014 0002 2 = d39e
ffff8e67c4a97840 3930987100 C Co:2:006:0 0 2 >
ffff8e67c4a97840 3930987143 S Ci:2:006:0 s c0 bc 0900 001c 0002 2 <
ffff8e67c4a97840 3930989833 C Ci:2:006:0 0 2 = 2e6f
ffff8e67c4a97840 3930989877 S Co:2:006:0 s 40 b9 0000 0000 0004 4 = 09016601
ffff8e67c4a97840 3930992551 C Co:2:006:0 0 4 >
ffff8e67c4a97840 3930992591 S Ii:2:006:3 -115:1 3 <
ffff8e67c4a97840 3930993837 C Ii:2:006:3 0:1 3 = 100000
ffff8e67c4a97840 3930993877 S Ci:2:006:0 s c0 bc 0800 0016 0002 2 <
ffff8e67c4a97840 3930996560 C Ci:2:006:0 0 2 = 0900
ffff8e67c4a97840 3930996604 S Ci:2:006:0 s c0 bc 0900 001c 0002 2 <
ffff8e67c4a97840 3930999193 C Ci:2:006:0 0 2 = 2e6f
ffff8e67c4a97840 3930999234 S Ci:2:006:0 s c0 bc 0800 23be 0004 4 <
ffff8e67c4a97840 3931001929 C Ci:2:006:0 0 4 = 000059e0
ffff8e67c4a97840 3931001973 S Co:2:006:0 s 40 bc 0800 00c0 0004 4 = 9989ec00
ffff8e67c4a97840 3931004672 C Co:2:006:0 0 4 >
ffff8e67c4a97840 3931004715 S Co:2:006:0 s 40 b9 0000 0000 0004 4 = 09006603
ffff8e67c4a97840 3931007306 C Co:2:006:0 0 4 >
ffff8e67c4a97840 3931007345 S Ii:2:006:3 -115:1 3 <
ffff8e67c4a97840 3931008598 C Ii:2:006:3 0:1 3 = 100000
ffff8e67c4a97840 3931008638 S Ci:2:006:0 s c0 bc 0800 0016 0002 2 <
ffff8e67c4a97840 3931011401 C Ci:2:006:0 0 2 = 0900
ffff8e67c4a97840 3931011444 S Ci:2:006:0 s c0 bc 0900 001c 0002 2 <
ffff8e67c4a97840 3931014115 C Ci:2:006:0 0 2 = 2e6f
ffff8e67c4a97840 3931014150 S Ci:2:006:0 s c0 bc 0800 23be 0002 2 <
ffff8e67c4a97840 3931016943 C Ci:2:006:0 0 2 = 0000
ffff8e67c4a97840 3931016981 S Co:2:006:0 s 40 bc 0900 0014 0002 2 = d39e
ffff8e67c4a97840 3931019541 C Co:2:006:0 0 2 >
ffff8e67c4a97840 3931019586 S Ci:2:006:0 s c0 bc 0900 001c 0002 2 <
ffff8e67c4a97840 3931022143 C Ci:2:006:0 0 2 = 2e6f
ffff8e67c4a97840 3931022337 S Co:2:006:0 s 40 b9 0000 0000 0004 4 = 09016601
ffff8e67c4a97840 3931024839 C Co:2:006:0 0 4 >
ffff8e67c4a97840 3931025098 S Ii:2:006:3 -115:1 3 <
ffff8e67c4a97840 3931026171 C Ii:2:006:3 0:1 3 = 100000
ffff8e67c4a97840 3931026205 S Ci:2:006:0 s c0 bc 0800 0016 0002 2 <
ffff8e67c4a97840 3931028966 C Ci:2:006:0 0 2 = 0900
ffff8e67c4a97840 3931028997 S Ci:2:006:0 s c0 bc 0900 001c 0002 2 <
ffff8e67c4a97840 3931031568 C Ci:2:006:0 0 2 = 2e6f
ffff8e67c4a97840 3931031600 S Ci:2:006:0 s c0 bc 0800 23be 0004 4 <
ffff8e67c4a97840 3931034200 C Ci:2:006:0 0 4 = 000090e0
ffff8e67c4a97840 3931034233 S Co:2:006:0 s 40 bc 0800 00c0 0004 4 = 9989ec00
ffff8e67c4a97840 3931036928 C Co:2:006:0 0 4 >
ffff8e67c4a97840 3931036963 S Co:2:006:0 s 40 b9 0000 0000 0004 4 = 09006603
ffff8e67c4a97840 3931039561 C Co:2:006:0 0 4 >
ffff8e67f59f0300 3931039623 S Ii:2:006:3 -115:1 3 <
ffff8e67f59f0300 3931040780 C Ii:2:006:3 0:1 3 = 100000
ffff8e67c4a97e40 3931040814 S Ci:2:006:0 s c0 bc 0800 0016 0002 2 <
ffff8e67c4a97e40 3931043604 C Ci:2:006:0 0 2 = 0900
ffff8e67c4a97e40 3931043648 S Ci:2:006:0 s c0 bc 0900 001c 0002 2 <
ffff8e67c4a97e40 3931046390 C Ci:2:006:0 0 2 = 2e6f
ffff8e67c4a97e40 3931046438 S Ci:2:006:0 s c0 bc 0800 23be 0002 2 <
ffff8e67c4a97e40 3931048914 C Ci:2:006:0 0 2 = 0000
ffff8e67c4a97e40 3931048955 S Co:2:006:0 s 40 bc 0900 0014 0002 2 = d39e
ffff8e67c4a97e40 3931051629 C Co:2:006:0 0 2 >
ffff8e67c4a97e40 3931052333 S Ci:2:006:0 s c0 bc 0900 001c 0002 2 <
ffff8e67c4a97e40 3931054307 C Ci:2:006:0 0 2 = 2e6f
ffff8e67c4a97e40 3931054350 S Co:2:006:0 s 40 b9 0000 0000 0004 4 = 09016601
ffff8e67c4a97e40 3931056938 C Co:2:006:0 0 4 >
ffff8e67c4a97e40 3931056981 S Ii:2:006:3 -115:1 3 <
ffff8e67c4a97e40 3931058189 C Ii:2:006:3 0:1 3 = 100000
ffff8e67c4a97e40 3931058229 S Ci:2:006:0 s c0 bc 0800 0016 0002 2 <
ffff8e67c4a97e40 3931061062 C Ci:2:006:0 0 2 = 0900
ffff8e67c4a97e40 3931061115 S Ci:2:006:0 s c0 bc 0900 001c 0002 2 <
ffff8e67c4a97e40 3931063660 C Ci:2:006:0 0 2 = 2e6f
ffff8e67c4a97e40 3931063705 S Ci:2:006:0 s c0 bc 0800 23be 0004 4 <
ffff8e67c4a97e40 3931066230 C Ci:2:006:0 0 4 = 000031e0
ffff8e67c4a97e40 3931066278 S Co:2:006:0 s 40 bc 0800 00c0 0004 4 = 9989ec00
ffff8e67c4a97e40 3931068882 C Co:2:006:0 0 4 >
ffff8e67c6eea180 3931069454 S Co:2:006:0 s 40 b9 0000 0000 0004 4 = 09006603
ffff8e67c6eea180 3931071679 C Co:2:006:0 0 4 >
ffff8e67c6eea180 3931071844 S Ii:2:006:3 -115:1 3 <
ffff8e67c6eea180 3931072895 C Ii:2:006:3 0:1 3 = 100000
ffff8e67c6eea180 3931073088 S Ci:2:006:0 s c0 bc 0800 0016 0002 2 <
ffff8e67c6eea180 3931075622 C Ci:2:006:0 0 2 = 0900
ffff8e67c6eea180 3931075762 S Ci:2:006:0 s c0 bc 0900 001c 0002 2 <
ffff8e67c6eea180 3931078337 C Ci:2:006:0 0 2 = 2e6f
ffff8e67c6eea180 3931078560 S Ci:2:006:0 s c0 bc 0800 23be 0002 2 <
ffff8e67c6eea180 3931080978 C Ci:2:006:0 0 2 = 0000
ffff8e67c6eea180 3931081143 S Co:2:006:0 s 40 bc 0900 0014 0002 2 = d39e
ffff8e67c6eea180 3931083553 C Co:2:006:0 0 2 >
ffff8e67c6eea180 3931083711 S Ci:2:006:0 s c0 bc 0900 001c 0002 2 <
ffff8e67c6eea180 3931086185 C Ci:2:006:0 0 2 = 2e6f
ffff8e67c6eea180 3931086327 S Co:2:006:0 s 40 b9 0000 0000 0004 4 = 09016601
ffff8e67c6eea180 3931088939 C Co:2:006:0 0 4 >
ffff8e67c6eea180 3931089113 S Ii:2:006:3 -115:1 3 <
ffff8e67c6eea180 3931090179 C Ii:2:006:3 0:1 3 = 100000
ffff8e67c6eea180 3931090357 S Ci:2:006:0 s c0 bc 0800 0016 0002 2 <
ffff8e67c6eea180 3931092863 C Ci:2:006:0 0 2 = 0900
ffff8e67c6eea180 3931093018 S Ci:2:006:0 s c0 bc 0900 001c 0002 2 <
ffff8e67c6eea180 3931095494 C Ci:2:006:0 0 2 = 2e6f
ffff8e67c6eea180 3931095632 S Ci:2:006:0 s c0 bc 0800 23be 0004 4 <
ffff8e67c6eea180 3931098215 C Ci:2:006:0 0 4 = 00007ee0
ffff8e67c6eea180 3931098360 S Co:2:006:0 s 40 bc 0800 00c0 0004 4 = 9989ec00
ffff8e67c6eea180 3931100715 C Co:2:006:0 0 4 >
ffff8e67c6eea180 3931100813 S Co:2:006:0 s 40 b9 0000 0000 0004 4 = 09006603
ffff8e67c6eea180 3931103473 C Co:2:006:0 0 4 >
ffff8e67c6eea180 3931103646 S Ii:2:006:3 -115:1 3 <
ffff8e67c6eea180 3931104801 C Ii:2:006:3 0:1 3 = 100000
ffff8e67c6eea180 3931104953 S Ci:2:006:0 s c0 bc 0800 0016 0002 2 <
ffff8e67c6eea180 3931107556 C Ci:2:006:0 0 2 = 0900
ffff8e67c6eea180 3931107667 S Ci:2:006:0 s c0 bc 0900 001c 0002 2 <
ffff8e67c6eea180 3931110143 C Ci:2:006:0 0 2 = 2e6f
ffff8e67c6eea180 3931110281 S Ci:2:006:0 s c0 bc 0800 23be 0002 2 <
ffff8e67c6eea180 3931112852 C Ci:2:006:0 0 2 = 0000
ffff8e67c6eea180 3931113075 S Co:2:006:0 s 40 bc 0900 0014 0002 2 = d39e
ffff8e67c6eea180 3931115744 C Co:2:006:0 0 2 >
ffff8e67c4a97300 3931115807 S Ci:2:006:0 s c0 bc 0900 001c 0002 2 <
ffff8e67c4a97300 3931118458 C Ci:2:006:0 0 2 = 2e6f
ffff8e67c4a97300 3931118513 S Co:2:006:0 s 40 b9 0000 0000 0004 4 = 09016601
ffff8e67c4a97300 3931121124 C Co:2:006:0 0 4 >
ffff8e67c4a97300 3931121155 S Ii:2:006:3 -115:1 3 <
ffff8e67c4a97300 3931122531 C Ii:2:006:3 0:1 3 = 100000
ffff8e67c4a97300 3931122573 S Ci:2:006:0 s c0 bc 0800 0016 0002 2 <
ffff8e67c4a97300 3931125279 C Ci:2:006:0 0 2 = 0900
ffff8e67c4a97300 3931125321 S Ci:2:006:0 s c0 bc 0900 001c 0002 2 <
ffff8e67c4a97300 3931128068 C Ci:2:006:0 0 2 = 2e6f
ffff8e67c4a97300 3931128102 S Ci:2:006:0 s c0 bc 0800 23be 0004 4 <
ffff8e67c4a97300 3931130864 C Ci:2:006:0 0 4 = 00004ae0
ffff8e67c4a97300 3931130907 S Co:2:006:0 s 40 bc 0800 00c0 0004 4 = 9989ec00
ffff8e67c4a97300 3931133572 C Co:2:006:0 0 4 >
ffff8e67c4a97300 3931133615 S Co:2:006:0 s 40 b9 0000 0000 0004 4 = 09006603
ffff8e67c4a97300 3931136317 C Co:2:006:0 0 4 >
ffff8e67c4a97300 3931136357 S Ii:2:006:3 -115:1 3 <
ffff8e67c4a97300 3931137570 C Ii:2:006:3 0:1 3 = 100000
ffff8e67c4a97300 3931137610 S Ci:2:006:0 s c0 bc 0800 0016 0002 2 <
ffff8e67c4a97300 3931140485 C Ci:2:006:0 0 2 = 0900
ffff8e67c4a97300 3931140530 S Ci:2:006:0 s c0 bc 0900 001c 0002 2 <
ffff8e67c4a97300 3931143155 C Ci:2:006:0 0 2 = 2e6f
ffff8e67c4a97300 3931143276 S Ci:2:006:0 s c0 bc 0800 23be 0002 2 <
ffff8e67c4a97300 3931145886 C Ci:2:006:0 0 2 = 0000
ffff8e67c4a97300 3931145962 S Co:2:006:0 s 40 bc 0900 0014 0002 2 = d39e
ffff8e67c4a97300 3931149006 C Co:2:006:0 0 2 >
ffff8e67c4a97300 3931149080 S Ci:2:006:0 s c0 bc 0900 001c 0002 2 <
ffff8e67c4a97300 3931151765 C Ci:2:006:0 0 2 = 2e6f
ffff8e67c4a97300 3931151820 S Co:2:006:0 s 40 b9 0000 0000 0004 4 = 09016601
ffff8e67c4a97300 3931154451 C Co:2:006:0 0 4 >
ffff8e67c4a97300 3931154505 S Ii:2:006:3 -115:1 3 <
ffff8e67c4a97300 3931155817 C Ii:2:006:3 0:1 3 = 100000
ffff8e67c4a97300 3931155880 S Ci:2:006:0 s c0 bc 0800 0016 0002 2 <
ffff8e67c4a97300 3931158466 C Ci:2:006:0 0 2 = 0900
ffff8e67c4a97300 3931158500 S Ci:2:006:0 s c0 bc 0900 001c 0002 2 <
ffff8e67c4a97300 3931161265 C Ci:2:006:0 0 2 = 2e6f
ffff8e67c4a97300 3931161311 S Ci:2:006:0 s c0 bc 0800 23be 0004 4 <
ffff8e67c4a97300 3931163970 C Ci:2:006:0 0 4 = 000091e0
ffff8e67c4a97300 3931164015 S Co:2:006:0 s 40 bc 0800 00c0 0004 4 = 9989ec00
ffff8e67c4a97300 3931166734 C Co:2:006:0 0 4 >
ffff8e67c4a97300 3931166778 S Co:2:006:0 s 40 b9 0000 0000 0004 4 = 09006603
ffff8e67c4a97300 3931169442 C Co:2:006:0 0 4 >
ffff8e67c4a97300 3931169484 S Ii:2:006:3 -115:1 3 <
ffff8e67c4a97300 3931170733 C Ii:2:006:3 0:1 3 = 100000
ffff8e67c4a97300 3931170772 S Ci:2:006:0 s c0 bc 0800 0016 0002 2 <
ffff8e67c4a97300 3931173623 C Ci:2:006:0 0 2 = 0900
ffff8e67c4a97300 3931173665 S Ci:2:006:0 s c0 bc 0900 001c 0002 2 <
ffff8e67c4a97300 3931176215 C Ci:2:006:0 0 2 = 2e6f
ffff8e67c4a97300 3931176270 S Ci:2:006:0 s c0 bc 0800 23be 0002 2 <
ffff8e67c4a97300 3931178924 C Ci:2:006:0 0 2 = 0000
ffff8e67c4a97300 3931178970 S Co:2:006:0 s 40 bc 0900 0014 0002 2 = d39e
ffff8e67c4a97300 3931181626 C Co:2:006:0 0 2 >
ffff8e67c4a97300 3931181704 S Ci:2:006:0 s c0 bc 0900 001c 0002 2 <
ffff8e67c4a97300 3931184471 C Ci:2:006:0 0 2 = 2e6f
ffff8e67c4a97300 3931184516 S Co:2:006:0 s 40 b9 0000 0000 0004 4 = 09016601
ffff8e67c4a97300 3931187182 C Co:2:006:0 0 4 >
ffff8e67c4a97300 3931187224 S Ii:2:006:3 -115:1 3 <
ffff8e67c4a97300 3931188540 C Ii:2:006:3 0:1 3 = 100000
ffff8e67c4a97300 3931188581 S Ci:2:006:0 s c0 bc 0800 0016 0002 2 <
ffff8e67c4a97300 3931191361 C Ci:2:006:0 0 2 = 0900
ffff8e67c4a97300 3931191405 S Ci:2:006:0 s c0 bc 0900 001c 0002 2 <
ffff8e67c4a97300 3931194124 C Ci:2:006:0 0 2 = 2e6f
ffff8e67c4a97300 3931194164 S Ci:2:006:0 s c0 bc 0800 23be 0004 4 <
ffff8e67c4a97300 3931196801 C Ci:2:006:0 0 4 = 0000fde0
ffff8e67c4a97300 3931196956 S Co:2:006:0 s 40 bc 0800 00c0 0004 4 = 9989ec00
ffff8e67c4a97300 3931199526 C Co:2:006:0 0 4 >
ffff8e67c4a97300 3931199573 S Co:2:006:0 s 40 b9 0000 0000 0004 4 = 09006603
ffff8e67c4a97300 3931202312 C Co:2:006:0 0 4 >
ffff8e67c4a97300 3931202357 S Ii:2:006:3 -115:1 3 <
ffff8e67c4a97300 3931203653 C Ii:2:006:3 0:1 3 = 100000
ffff8e67c4a97300 3931203699 S Ci:2:006:0 s c0 bc 0800 0016 0002 2 <
ffff8e67c4a97300 3931206447 C Ci:2:006:0 0 2 = 0900
ffff8e67c4a97300 3931206495 S Ci:2:006:0 s c0 bc 0900 001c 0002 2 <
ffff8e67c4a97300 3931209196 C Ci:2:006:0 0 2 = 2e6f
ffff8e67c4a97300 3931209246 S Ci:2:006:0 s c0 bc 0800 23be 0002 2 <
ffff8e67c4a97300 3931211900 C Ci:2:006:0 0 2 = 0000
ffff8e67c4a97300 3931211987 S Co:2:006:0 s 40 bc 0900 0014 0002 2 = d39e
ffff8e67c4a97300 3931214629 C Co:2:006:0 0 2 >
ffff8e67c4a97300 3931214672 S Ci:2:006:0 s c0 bc 0900 001c 0002 2 <
ffff8e67c4a97300 3931217288 C Ci:2:006:0 0 2 = 2e6f
ffff8e67c4a97300 3931217330 S Co:2:006:0 s 40 b9 0000 0000 0004 4 = 09016601
ffff8e67c4a97300 3931219946 C Co:2:006:0 0 4 >
ffff8e67c4a97300 3931219987 S Ii:2:006:3 -115:1 3 <
ffff8e67c4a97300 3931221330 C Ii:2:006:3 0:1 3 = 100000
ffff8e67c4a97300 3931221370 S Ci:2:006:0 s c0 bc 0800 0016 0002 2 <
ffff8e67c4a97300 3931224074 C Ci:2:006:0 0 2 = 0900
ffff8e67c4a97300 3931224118 S Ci:2:006:0 s c0 bc 0900 001c 0002 2 <
ffff8e67c4a97300 3931226772 C Ci:2:006:0 0 2 = 2e6f
ffff8e67c4a97300 3931226810 S Ci:2:006:0 s c0 bc 0800 23be 0004 4 <
ffff8e67c4a97300 3931229499 C Ci:2:006:0 0 4 = 0000b1e0
ffff8e67c4a97300 3931229781 S Co:2:006:0 s 40 bc 0800 00c0 0004 4 = 9989ec00
ffff8e67c4a97300 3931232119 C Co:2:006:0 0 4 >
ffff8e67c4a97300 3931232161 S Co:2:006:0 s 40 b9 0000 0000 0004 4 = 09006603
ffff8e67c4a97300 3931234867 C Co:2:006:0 0 4 >
ffff8e67c4a97300 3931234909 S Ii:2:006:3 -115:1 3 <
ffff8e67c4a97300 3931236132 C Ii:2:006:3 0:1 3 = 100000
ffff8e67c4a97300 3931236171 S Ci:2:006:0 s c0 bc 0800 0016 0002 2 <
ffff8e67c4a97300 3931238985 C Ci:2:006:0 0 2 = 0900
ffff8e67c4a97300 3931239029 S Ci:2:006:0 s c0 bc 0900 001c 0002 2 <
ffff8e67c4a97300 3931241670 C Ci:2:006:0 0 2 = 2e6f
ffff8e67c4a97300 3931241711 S Ci:2:006:0 s c0 bc 0800 23be 0002 2 <
ffff8e67c4a97300 3931244397 C Ci:2:006:0 0 2 = 0000
ffff8e67c4a97300 3931244454 S Co:2:006:0 s 40 bc 0900 0014 0002 2 = d39e
ffff8e67c4a97300 3931247164 C Co:2:006:0 0 2 >
ffff8e67c26db900 3931247296 S Ci:2:006:0 s c0 bc 0900 001c 0002 2 <
ffff8e67c26db900 3931249888 C Ci:2:006:0 0 2 = 2e6f
ffff8e67c26db900 3931250000 S Co:2:006:0 s 40 b9 0000 0000 0004 4 = 09016601
ffff8e67c26db900 3931252580 C Co:2:006:0 0 4 >
ffff8e67c26db900 3931252684 S Ii:2:006:3 -115:1 3 <
ffff8e67c26db900 3931253909 C Ii:2:006:3 0:1 3 = 100000
ffff8e67c4a97a80 3931253952 S Ci:2:006:0 s c0 bc 0800 0016 0002 2 <
ffff8e67c4a97a80 3931256647 C Ci:2:006:0 0 2 = 0900
ffff8e67c4a97a80 3931256689 S Ci:2:006:0 s c0 bc 0900 001c 0002 2 <
ffff8e67c4a97a80 3931259411 C Ci:2:006:0 0 2 = 2e6f
ffff8e67c4a97a80 3931259445 S Ci:2:006:0 s c0 bc 0800 23be 0004 4 <
ffff8e67c4a97a80 3931262165 C Ci:2:006:0 0 4 = 00005ae0
ffff8e67c4a97a80 3931262239 S Co:2:006:0 s 40 bc 0800 00c0 0004 4 = 9989ec00
ffff8e67c4a97a80 3931264992 C Co:2:006:0 0 4 >
ffff8e67c4a97a80 3931265036 S Co:2:006:0 s 40 b9 0000 0000 0004 4 = 09006603
ffff8e67c4a97a80 3931267719 C Co:2:006:0 0 4 >
ffff8e67c4a97a80 3931267762 S Ii:2:006:3 -115:1 3 <
ffff8e67c4a97a80 3931268975 C Ii:2:006:3 0:1 3 = 100000
ffff8e67c4a97a80 3931269014 S Ci:2:006:0 s c0 bc 0800 0016 0002 2 <
ffff8e67c4a97a80 3931271867 C Ci:2:006:0 0 2 = 0900
ffff8e67c4a97a80 3931271911 S Ci:2:006:0 s c0 bc 0900 001c 0002 2 <
ffff8e67c4a97a80 3931274556 C Ci:2:006:0 0 2 = 2e6f
ffff8e67c4a97a80 3931274591 S Ci:2:006:0 s c0 bc 0800 23be 0002 2 <
ffff8e67c4a97a80 3931277324 C Ci:2:006:0 0 2 = 0000
ffff8e67c4a97a80 3931277365 S Co:2:006:0 s 40 bc 0900 0014 0002 2 = d39e
ffff8e67c4a97a80 3931280091 C Co:2:006:0 0 2 >
ffff8e67c4a97a80 3931280135 S Ci:2:006:0 s c0 bc 0900 001c 0002 2 <
ffff8e67c4a97a80 3931282861 C Ci:2:006:0 0 2 = 2e6f
ffff8e67c4a97a80 3931282906 S Co:2:006:0 s 40 b9 0000 0000 0004 4 = 09016601
ffff8e67c4a97a80 3931285503 C Co:2:006:0 0 4 >
ffff8e67c4a97a80 3931285546 S Ii:2:006:3 -115:1 3 <
ffff8e67c4a97a80 3931286850 C Ii:2:006:3 0:1 3 = 100000
ffff8e67c4a97a80 3931286894 S Ci:2:006:0 s c0 bc 0800 0016 0002 2 <
ffff8e67c4a97a80 3931289618 C Ci:2:006:0 0 2 = 0900
ffff8e67c4a97a80 3931289717 S Ci:2:006:0 s c0 bc 0900 001c 0002 2 <
ffff8e67c4a97a80 3931292293 C Ci:2:006:0 0 2 = 2e6f
ffff8e67c4a97a80 3931292327 S Ci:2:006:0 s c0 bc 0800 23be 0004 4 <
ffff8e67c4a97a80 3931295044 C Ci:2:006:0 0 4 = 000003e0
ffff8e67c4a97a80 3931295132 S Co:2:006:0 s 40 bc 0800 00c0 0004 4 = 9989ec00
ffff8e67c4a97a80 3931297844 C Co:2:006:0 0 4 >
ffff8e67c4a97a80 3931297888 S Co:2:006:0 s 40 b9 0000 0000 0004 4 = 09006603
ffff8e67c4a97a80 3931300491 C Co:2:006:0 0 4 >
ffff8e67c4a97a80 3931300530 S Ii:2:006:3 -115:1 3 <
ffff8e67c4a97a80 3931301863 C Ii:2:006:3 0:1 3 = 100000
ffff8e67c4a97a80 3931301895 S Ci:2:006:0 s c0 bc 0800 0016 0002 2 <
ffff8e67c4a97a80 3931304712 C Ci:2:006:0 0 2 = 0900
ffff8e67c4a97a80 3931304756 S Ci:2:006:0 s c0 bc 0900 001c 0002 2 <
ffff8e67c4a97a80 3931307412 C Ci:2:006:0 0 2 = 2e6f
ffff8e67c4a97a80 3931307448 S Ci:2:006:0 s c0 bc 0800 23be 0002 2 <
ffff8e67c4a97a80 3931310149 C Ci:2:006:0 0 2 = 0000
ffff8e67c4a97a80 3931310256 S Co:2:006:0 s 40 bc 0900 0014 0002 2 = d39e
ffff8e67c4a97a80 3931312962 C Co:2:006:0 0 2 >
ffff8e67c4a97a80 3931313006 S Ci:2:006:0 s c0 bc 0900 001c 0002 2 <
ffff8e67c4a97a80 3931315720 C Ci:2:006:0 0 2 = 2e6f
ffff8e67c4a97a80 3931315763 S Co:2:006:0 s 40 b9 0000 0000 0004 4 = 09016601
ffff8e67c4a97a80 3931318389 C Co:2:006:0 0 4 >
ffff8e67c4a97a80 3931319792 S Ii:2:006:3 -115:1 3 <
ffff8e67c4a97a80 3931320718 C Ii:2:006:3 0:1 3 = 100000
ffff8e67c4a97a80 3931320748 S Ci:2:006:0 s c0 bc 0800 0016 0002 2 <
ffff8e67c4a97a80 3931322400 C Ci:2:006:0 0 2 = 0900
ffff8e67c4a97a80 3931322432 S Ci:2:006:0 s c0 bc 0900 001c 0002 2 <
ffff8e67c4a97a80 3931325134 C Ci:2:006:0 0 2 = 2e6f
ffff8e67c4a97a80 3931325166 S Ci:2:006:0 s c0 bc 0800 23be 0004 4 <
ffff8e67c4a97a80 3931327888 C Ci:2:006:0 0 4 = 000091e0
ffff8e67c4a97a80 3931327932 S Co:2:006:0 s 40 bc 0800 00c0 0004 4 = 9989ec00
ffff8e67c4a97a80 3931330648 C Co:2:006:0 0 4 >
ffff8e67c4a97a80 3931330692 S Co:2:006:0 s 40 b9 0000 0000 0004 4 = 09006603
ffff8e67c4a97a80 3931333257 C Co:2:006:0 0 4 >
ffff8e67c4a97a80 3931333298 S Ii:2:006:3 -115:1 3 <
ffff8e67c4a97a80 3931334577 C Ii:2:006:3 0:1 3 = 100000
ffff8e67c4a97a80 3931334617 S Ci:2:006:0 s c0 bc 0800 0016 0002 2 <
ffff8e67c4a97a80 3931337357 C Ci:2:006:0 0 2 = 0900
ffff8e67c4a97a80 3931337399 S Ci:2:006:0 s c0 bc 0900 001c 0002 2 <
ffff8e67c4a97a80 3931339970 C Ci:2:006:0 0 2 = 2e6f
ffff8e67c4a97a80 3931340013 S Ci:2:006:0 s c0 bc 0800 23be 0002 2 <
ffff8e67c4a97a80 3931342693 C Ci:2:006:0 0 2 = 0000
ffff8e67c4a97a80 3931342735 S Co:2:006:0 s 40 bc 0900 0014 0002 2 = d39e
ffff8e67c4a97a80 3931345386 C Co:2:006:0 0 2 >
ffff8e67c4a97a80 3931345430 S Ci:2:006:0 s c0 bc 0900 001c 0002 2 <
ffff8e67c4a97a80 3931348010 C Ci:2:006:0 0 2 = 2e6f
ffff8e67c4a97a80 3931348055 S Co:2:006:0 s 40 b9 0000 0000 0004 4 = 09016601
ffff8e67c4a97a80 3931350572 C Co:2:006:0 0 4 >
ffff8e67c4a97a80 3931350610 S Ii:2:006:3 -115:1 3 <
ffff8e67c4a97a80 3931351786 C Ii:2:006:3 0:1 3 = 100000
ffff8e67c4a97a80 3931351819 S Ci:2:006:0 s c0 bc 0800 0016 0002 2 <
ffff8e67c4a97a80 3931354561 C Ci:2:006:0 0 2 = 0900
ffff8e67c4a97a80 3931354602 S Ci:2:006:0 s c0 bc 0900 001c 0002 2 <
ffff8e67c4a97a80 3931357152 C Ci:2:006:0 0 2 = 2e6f
ffff8e67c4a97a80 3931357189 S Ci:2:006:0 s c0 bc 0800 23be 0004 4 <
ffff8e67c4a97a80 3931359847 C Ci:2:006:0 0 4 = 000074e0
ffff8e67c4a97a80 3931359890 S Co:2:006:0 s 40 bc 0800 00c0 0004 4 = 9989ec00
ffff8e67c4a97a80 3931362489 C Co:2:006:0 0 4 >
ffff8e67c4a97a80 3931362532 S Co:2:006:0 s 40 b9 0000 0000 0004 4 = 09006603
ffff8e67c4a97a80 3931365139 C Co:2:006:0 0 4 >
ffff8e67c4a97a80 3931365181 S Ii:2:006:3 -115:1 3 <
ffff8e67c4a97a80 3931366447 C Ii:2:006:3 0:1 3 = 100000
ffff8e67c4a97a80 3931366487 S Ci:2:006:0 s c0 bc 0800 0016 0002 2 <
ffff8e67c4a97a80 3931369400 C Ci:2:006:0 0 2 = 0900
ffff8e67c4a97a80 3931369444 S Ci:2:006:0 s c0 bc 0900 001c 0002 2 <
ffff8e67c4a97a80 3931371974 C Ci:2:006:0 0 2 = 2e6f
ffff8e67c4a97a80 3931372017 S Ci:2:006:0 s c0 bc 0800 23be 0002 2 <
ffff8e67c4a97a80 3931374603 C Ci:2:006:0 0 2 = 0000
ffff8e67c4a97a80 3931374645 S Co:2:006:0 s 40 bc 0900 0014 0002 2 = d39e
ffff8e67c4a97a80 3931377183 C Co:2:006:0 0 2 >
ffff8e67c4a97a80 3931377238 S Ci:2:006:0 s c0 bc 0900 001c 0002 2 <
ffff8e67c4a97a80 3931379935 C Ci:2:006:0 0 2 = 2e6f
ffff8e67c4a97a80 3931379979 S Co:2:006:0 s 40 b9 0000 0000 0004 4 = 09016601
ffff8e67c4a97a80 3931382645 C Co:2:006:0 0 4 >
ffff8e67c4a97a80 3931382685 S Ii:2:006:3 -115:1 3 <
ffff8e67c4a97a80 3931383942 C Ii:2:006:3 0:1 3 = 100000
ffff8e67c4a97a80 3931383983 S Ci:2:006:0 s c0 bc 0800 0016 0002 2 <
ffff8e67c4a97a80 3931386717 C Ci:2:006:0 0 2 = 0900
ffff8e67c4a97a80 3931386757 S Ci:2:006:0 s c0 bc 0900 001c 0002 2 <
ffff8e67c4a97a80 3931389340 C Ci:2:006:0 0 2 = 2e6f
ffff8e67c4a97a80 3931389376 S Ci:2:006:0 s c0 bc 0800 23be 0004 4 <
ffff8e67c4a97a80 3931392006 C Ci:2:006:0 0 4 = 0000a8e0
ffff8e67c4a97a80 3931392043 S Co:2:006:0 s 40 bc 0800 00c0 0004 4 = 9989ec00
ffff8e67c4a97a80 3931394668 C Co:2:006:0 0 4 >
ffff8e67c4a97a80 3931394712 S Co:2:006:0 s 40 b9 0000 0000 0004 4 = 09006603
ffff8e67c4a97a80 3931397377 C Co:2:006:0 0 4 >
ffff8e67c4a97a80 3931397419 S Ii:2:006:3 -115:1 3 <
ffff8e67c4a97a80 3931398692 C Ii:2:006:3 0:1 3 = 100000
ffff8e67c4a97a80 3931398732 S Ci:2:006:0 s c0 bc 0800 0016 0002 2 <
ffff8e67c4a97a80 3931401464 C Ci:2:006:0 0 2 = 0900
ffff8e67c4a97a80 3931401499 S Ci:2:006:0 s c0 bc 0900 001c 0002 2 <
ffff8e67c4a97a80 3931404149 C Ci:2:006:0 0 2 = 2e6f
ffff8e67c4a97a80 3931404186 S Ci:2:006:0 s c0 bc 0800 23be 0002 2 <
ffff8e67c4a97a80 3931406880 C Ci:2:006:0 0 2 = 0000
ffff8e67c4a97a80 3931406916 S Co:2:006:0 s 40 bc 0900 0014 0002 2 = d39e
ffff8e67c4a97a80 3931409522 C Co:2:006:0 0 2 >
ffff8e67c4a97a80 3931409566 S Ci:2:006:0 s c0 bc 0900 001c 0002 2 <
ffff8e67c4a97a80 3931412125 C Ci:2:006:0 0 2 = 2e6f
ffff8e67c4a97a80 3931412169 S Co:2:006:0 s 40 b9 0000 0000 0004 4 = 09016601
ffff8e67c4a97a80 3931414901 C Co:2:006:0 0 4 >
ffff8e67c4a97a80 3931414940 S Ii:2:006:3 -115:1 3 <
ffff8e67c4a97a80 3931416170 C Ii:2:006:3 0:1 3 = 100000
ffff8e67c4a97a80 3931416221 S Ci:2:006:0 s c0 bc 0800 0016 0002 2 <
ffff8e67c4a97a80 3931419012 C Ci:2:006:0 0 2 = 0900
ffff8e67c4a97a80 3931419090 S Ci:2:006:0 s c0 bc 0900 001c 0002 2 <
ffff8e67c4a97a80 3931421684 C Ci:2:006:0 0 2 = 2e6f
ffff8e67c4a97a80 3931421727 S Ci:2:006:0 s c0 bc 0800 23be 0004 4 <
ffff8e67c4a97a80 3931424380 C Ci:2:006:0 0 4 = 000051e0
ffff8e67c4a97a80 3931424421 S Co:2:006:0 s 40 bc 0800 00c0 0004 4 = 9989ec00
ffff8e67c4a97a80 3931426973 C Co:2:006:0 0 4 >
ffff8e67c4a97a80 3931427010 S Co:2:006:0 s 40 b9 0000 0000 0004 4 = 09006603
ffff8e67c4a97a80 3931429650 C Co:2:006:0 0 4 >
ffff8e67c4a97a80 3931429693 S Ii:2:006:3 -115:1 3 <
ffff8e67c4a97a80 3931430913 C Ii:2:006:3 0:1 3 = 100000
ffff8e67c4a97a80 3931430952 S Ci:2:006:0 s c0 bc 0800 0016 0002 2 <
ffff8e67c4a97a80 3931433685 C Ci:2:006:0 0 2 = 0900
ffff8e67c4a97a80 3931433729 S Ci:2:006:0 s c0 bc 0900 001c 0002 2 <
ffff8e67c4a97a80 3931436413 C Ci:2:006:0 0 2 = 2e6f
ffff8e67c4a97a80 3931436448 S Ci:2:006:0 s c0 bc 0800 23be 0002 2 <
ffff8e67c4a97a80 3931439000 C Ci:2:006:0 0 2 = 0000
ffff8e67c4a97a80 3931439036 S Co:2:006:0 s 40 bc 0900 0014 0002 2 = d39e
ffff8e67c4a97a80 3931441638 C Co:2:006:0 0 2 >
ffff8e67c4a97a80 3931441682 S Ci:2:006:0 s c0 bc 0900 001c 0002 2 <
ffff8e67c4a97a80 3931444282 C Ci:2:006:0 0 2 = 2e6f
ffff8e67c4a97a80 3931444326 S Co:2:006:0 s 40 b9 0000 0000 0004 4 = 09016601
ffff8e67c4a97a80 3931446958 C Co:2:006:0 0 4 >
ffff8e67c4a97a80 3931446998 S Ii:2:006:3 -115:1 3 <
ffff8e67c4a97a80 3931448164 C Ii:2:006:3 0:1 3 = 100000
ffff8e67c4a97a80 3931448193 S Ci:2:006:0 s c0 bc 0800 0016 0002 2 <
ffff8e67c4a97a80 3931450903 C Ci:2:006:0 0 2 = 0900
ffff8e67c4a97a80 3931450946 S Ci:2:006:0 s c0 bc 0900 001c 0002 2 <
ffff8e67c4a97a80 3931453581 C Ci:2:006:0 0 2 = 2e6f
ffff8e67c4a97a80 3931453624 S Ci:2:006:0 s c0 bc 0800 23be 0004 4 <
ffff8e67c4a97a80 3931456217 C Ci:2:006:0 0 4 = 0000d2e0
ffff8e67c4a97a80 3931456252 S Co:2:006:0 s 40 bc 0800 00c0 0004 4 = 9989ec00
ffff8e67c4a97a80 3931458918 C Co:2:006:0 0 4 >
ffff8e67c4a97a80 3931458962 S Co:2:006:0 s 40 b9 0000 0000 0004 4 = 09006603
ffff8e67c4a97a80 3931461640 C Co:2:006:0 0 4 >
ffff8e67c4a97a80 3931461681 S Ii:2:006:3 -115:1 3 <
ffff8e67c4a97a80 3931462912 C Ii:2:006:3 0:1 3 = 100000
ffff8e67c4a97a80 3931462951 S Ci:2:006:0 s c0 bc 0800 0016 0002 2 <
ffff8e67c4a97a80 3931465599 C Ci:2:006:0 0 2 = 0900
ffff8e67c4a97a80 3931465642 S Ci:2:006:0 s c0 bc 0900 001c 0002 2 <
ffff8e67c4a97a80 3931468280 C Ci:2:006:0 0 2 = 2e6f
ffff8e67c4a97a80 3931468316 S Ci:2:006:0 s c0 bc 0800 23be 0002 2 <
ffff8e67c4a97a80 3931470872 C Ci:2:006:0 0 2 = 0000
ffff8e67c4a97a80 3931470915 S Co:2:006:0 s 40 bc 0900 0014 0002 2 = d39e
ffff8e67c4a97a80 3931473517 C Co:2:006:0 0 2 >
ffff8e67c4a97a80 3931473561 S Ci:2:006:0 s c0 bc 0900 001c 0002 2 <
ffff8e67c4a97a80 3931476156 C Ci:2:006:0 0 2 = 2e6f
ffff8e67c4a97a80 3931476219 S Co:2:006:0 s 40 b9 0000 0000 0004 4 = 09016601
ffff8e67c4a97a80 3931478852 C Co:2:006:0 0 4 >
ffff8e67c4a97a80 3931478897 S Ii:2:006:3 -115:1 3 <
ffff8e67c4a97a80 3931480165 C Ii:2:006:3 0:1 3 = 100000
ffff8e67c4a97a80 3931480196 S Ci:2:006:0 s c0 bc 0800 0016 0002 2 <
ffff8e67c4a97a80 3931483023 C Ci:2:006:0 0 2 = 0900
ffff8e67c4a97a80 3931483069 S Ci:2:006:0 s c0 bc 0900 001c 0002 2 <
ffff8e67c4a97a80 3931485752 C Ci:2:006:0 0 2 = 2e6f
ffff8e67c4a97a80 3931485795 S Ci:2:006:0 s c0 bc 0800 23be 0004 4 <
ffff8e67c4a97a80 3931488355 C Ci:2:006:0 0 4 = 000082e0
ffff8e67c4a97a80 3931488396 S Co:2:006:0 s 40 bc 0800 00c0 0004 4 = 9989ec00
ffff8e67c4a97a80 3931490976 C Co:2:006:0 0 4 >
ffff8e67c4a97a80 3931491020 S Co:2:006:0 s 40 b9 0000 0000 0004 4 = 09006603
ffff8e67c4a97a80 3931493610 C Co:2:006:0 0 4 >
ffff8e67c4a97a80 3931493650 S Ii:2:006:3 -115:1 3 <
ffff8e67c4a97a80 3931494905 C Ii:2:006:3 0:1 3 = 100000
ffff8e67c4a97a80 3931494944 S Ci:2:006:0 s c0 bc 0800 0016 0002 2 <
ffff8e67c4a97a80 3931497691 C Ci:2:006:0 0 2 = 0900
ffff8e67c4a97a80 3931497734 S Ci:2:006:0 s c0 bc 0900 001c 0002 2 <
ffff8e67c4a97a80 3931500377 C Ci:2:006:0 0 2 = 2e6f
ffff8e67c4a97a80 3931500414 S Ci:2:006:0 s c0 bc 0800 23be 0002 2 <
ffff8e67c4a97a80 3931502967 C Ci:2:006:0 0 2 = 0000
ffff8e67c4a97a80 3931503000 S Co:2:006:0 s 40 bc 0900 0014 0002 2 = d39e
ffff8e67c4a97a80 3931505584 C Co:2:006:0 0 2 >
ffff8e67c4a97a80 3931505627 S Ci:2:006:0 s c0 bc 0900 001c 0002 2 <
ffff8e67c4a97a80 3931508304 C Ci:2:006:0 0 2 = 2e6f
ffff8e67c4a97a80 3931508347 S Co:2:006:0 s 40 b9 0000 0000 0004 4 = 09016601
ffff8e67c4a97a80 3931510886 C Co:2:006:0 0 4 >
ffff8e67c4a97a80 3931510926 S Ii:2:006:3 -115:1 3 <
ffff8e67c4a97a80 3931512154 C Ii:2:006:3 0:1 3 = 100000
ffff8e67c4a97a80 3931512194 S Ci:2:006:0 s c0 bc 0800 0016 0002 2 <
ffff8e67c4a97a80 3931514898 C Ci:2:006:0 0 2 = 0900
ffff8e67c4a97a80 3931514942 S Ci:2:006:0 s c0 bc 0900 001c 0002 2 <
ffff8e67c4a97a80 3931517630 C Ci:2:006:0 0 2 = 2e6f
ffff8e67c4a97a80 3931517688 S Ci:2:006:0 s c0 bc 0800 23be 0004 4 <
ffff8e67c4a97a80 3931520314 C Ci:2:006:0 0 4 = 0000b1e0
ffff8e67c4a97a80 3931520358 S Co:2:006:0 s 40 bc 0800 00c0 0004 4 = 9989ec00
ffff8e67c4a97a80 3931523082 C Co:2:006:0 0 4 >
ffff8e67c4a97a80 3931523125 S Co:2:006:0 s 40 b9 0000 0000 0004 4 = 09006603
ffff8e67c4a97a80 3931525826 C Co:2:006:0 0 4 >
ffff8e67c4a97a80 3931525868 S Ii:2:006:3 -115:1 3 <
ffff8e67c4a97a80 3931527127 C Ii:2:006:3 0:1 3 = 100000
ffff8e67c4a97a80 3931527164 S Ci:2:006:0 s c0 bc 0800 0016 0002 2 <
ffff8e67c4a97a80 3931529882 C Ci:2:006:0 0 2 = 0900
ffff8e67c4a97a80 3931529926 S Ci:2:006:0 s c0 bc 0900 001c 0002 2 <
ffff8e67c4a97a80 3931532501 C Ci:2:006:0 0 2 = 2e6f
ffff8e67c4a97a80 3931532542 S Ci:2:006:0 s c0 bc 0800 23be 0002 2 <
ffff8e67c4a97a80 3931535282 C Ci:2:006:0 0 2 = 0000
ffff8e67c4a97a80 3931535318 S Co:2:006:0 s 40 bc 0900 0014 0002 2 = d39e
ffff8e67c4a97a80 3931537936 C Co:2:006:0 0 2 >
ffff8e67c4a97a80 3931537980 S Ci:2:006:0 s c0 bc 0900 001c 0002 2 <
ffff8e67c4a97a80 3931540727 C Ci:2:006:0 0 2 = 2e6f
ffff8e67c4a97a80 3931540771 S Co:2:006:0 s 40 b9 0000 0000 0004 4 = 09016601
ffff8e67c4a97a80 3931543399 C Co:2:006:0 0 4 >
ffff8e67c4a97a80 3931543439 S Ii:2:006:3 -115:1 3 <
ffff8e67c4a97a80 3931544735 C Ii:2:006:3 0:1 3 = 100000
ffff8e67c4a97a80 3931544776 S Ci:2:006:0 s c0 bc 0800 0016 0002 2 <
ffff8e67c4a97a80 3931547445 C Ci:2:006:0 0 2 = 0900
ffff8e67c4a97a80 3931547490 S Ci:2:006:0 s c0 bc 0900 001c 0002 2 <
ffff8e67c4a97a80 3931550242 C Ci:2:006:0 0 2 = 2e6f
ffff8e67c4a97a80 3931550277 S Ci:2:006:0 s c0 bc 0800 23be 0004 4 <
ffff8e67c4a97a80 3931552886 C Ci:2:006:0 0 4 = 000089e0
ffff8e67c4a97a80 3931552919 S Co:2:006:0 s 40 bc 0800 00c0 0004 4 = 9989ec00
ffff8e67c4a97a80 3931555669 C Co:2:006:0 0 4 >
ffff8e67c4a97a80 3931555713 S Co:2:006:0 s 40 b9 0000 0000 0004 4 = 09006603
ffff8e67c4a97a80 3931558428 C Co:2:006:0 0 4 >
ffff8e67c4a97a80 3931558470 S Ii:2:006:3 -115:1 3 <
ffff8e67c4a97a80 3931559726 C Ii:2:006:3 0:1 3 = 100000
ffff8e67c4a97a80 3931559767 S Ci:2:006:0 s c0 bc 0800 0016 0002 2 <
ffff8e67c4a97a80 3931562556 C Ci:2:006:0 0 2 = 0900
ffff8e67c4a97a80 3931562600 S Ci:2:006:0 s c0 bc 0900 001c 0002 2 <
ffff8e67c4a97a80 3931565268 C Ci:2:006:0 0 2 = 2e6f
ffff8e67c4a97a80 3931565304 S Ci:2:006:0 s c0 bc 0800 23be 0002 2 <
ffff8e67c4a97a80 3931568005 C Ci:2:006:0 0 2 = 0000
ffff8e67c4a97a80 3931568099 S Co:2:006:0 s 40 bc 0900 0014 0002 2 = d39e
ffff8e67c4a97a80 3931570766 C Co:2:006:0 0 2 >
ffff8e67c4a97a80 3931570809 S Ci:2:006:0 s c0 bc 0900 001c 0002 2 <
ffff8e67c4a97a80 3931573558 C Ci:2:006:0 0 2 = 2e6f
ffff8e67c4a97a80 3931573602 S Co:2:006:0 s 40 b9 0000 0000 0004 4 = 09016601
ffff8e67c4a97a80 3931576291 C Co:2:006:0 0 4 >
ffff8e67c4a97a80 3931576331 S Ii:2:006:3 -115:1 3 <
ffff8e67c4a97a80 3931577574 C Ii:2:006:3 0:1 3 = 100000
ffff8e67c4a97a80 3931577606 S Ci:2:006:0 s c0 bc 0800 0016 0002 2 <
ffff8e67c4a97a80 3931580434 C Ci:2:006:0 0 2 = 0900
ffff8e67c4a97a80 3931580511 S Ci:2:006:0 s c0 bc 0900 001c 0002 2 <
ffff8e67c4a97a80 3931583161 C Ci:2:006:0 0 2 = 2e6f
ffff8e67c4a97a80 3931583209 S Ci:2:006:0 s c0 bc 0800 23be 0004 4 <
ffff8e67c4a97a80 3931585965 C Ci:2:006:0 0 4 = 000083e0
ffff8e67c4a97a80 3931586010 S Co:2:006:0 s 40 bc 0800 00c0 0004 4 = 9989ec00
ffff8e67c4a97a80 3931588671 C Co:2:006:0 0 4 >
ffff8e67c4a97a80 3931588715 S Co:2:006:0 s 40 b9 0000 0000 0004 4 = 09006603
ffff8e67c4a97a80 3931591422 C Co:2:006:0 0 4 >
ffff8e67c4a97a80 3931591464 S Ii:2:006:3 -115:1 3 <
ffff8e67c4a97a80 3931592705 C Ii:2:006:3 0:1 3 = 100000
ffff8e67c4a97a80 3931592744 S Ci:2:006:0 s c0 bc 0800 0016 0002 2 <
ffff8e67c4a97a80 3931595565 C Ci:2:006:0 0 2 = 0900
ffff8e67c4a97a80 3931595609 S Ci:2:006:0 s c0 bc 0900 001c 0002 2 <
ffff8e67c4a97a80 3931598269 C Ci:2:006:0 0 2 = 2e6f
ffff8e67c4a97a80 3931598304 S Ci:2:006:0 s c0 bc 0800 23be 0002 2 <
ffff8e67c4a97a80 3931600939 C Ci:2:006:0 0 2 = 0000
ffff8e67c4a97a80 3931600979 S Co:2:006:0 s 40 bc 0900 0014 0002 2 = d39e
ffff8e67c4a97a80 3931603609 C Co:2:006:0 0 2 >
ffff8e67c4a97a80 3931603642 S Ci:2:006:0 s c0 bc 0900 001c 0002 2 <
ffff8e67c4a97a80 3931606297 C Ci:2:006:0 0 2 = 2e6f
ffff8e67c4a97a80 3931606341 S Co:2:006:0 s 40 b9 0000 0000 0004 4 = 09016601
ffff8e67c4a97a80 3931609045 C Co:2:006:0 0 4 >
ffff8e67c4a97a80 3931609074 S Ii:2:006:3 -115:1 3 <
ffff8e67c4a97a80 3931610319 C Ii:2:006:3 0:1 3 = 100000
ffff8e67c4a97a80 3931610358 S Ci:2:006:0 s c0 bc 0800 0016 0002 2 <
ffff8e67c4a97a80 3931613049 C Ci:2:006:0 0 2 = 0900
ffff8e67c4a97a80 3931613093 S Ci:2:006:0 s c0 bc 0900 001c 0002 2 <
ffff8e67c4a97a80 3931615749 C Ci:2:006:0 0 2 = 2e6f
ffff8e67c4a97a80 3931615792 S Ci:2:006:0 s c0 bc 0800 23be 0004 4 <
ffff8e67c4a97a80 3931618527 C Ci:2:006:0 0 4 = 000087e0
ffff8e67c4a97a80 3931618570 S Co:2:006:0 s 40 bc 0800 00c0 0004 4 = 9989ec00
ffff8e67c4a97a80 3931621287 C Co:2:006:0 0 4 >
ffff8e67c4a97a80 3931621332 S Co:2:006:0 s 40 b9 0000 0000 0004 4 = 09006603
ffff8e67c4a97a80 3931623925 C Co:2:006:0 0 4 >
ffff8e67c4a97a80 3931623967 S Ii:2:006:3 -115:1 3 <
ffff8e67c4a97a80 3931625256 C Ii:2:006:3 0:1 3 = 100000
ffff8e67c4a97a80 3931625295 S Ci:2:006:0 s c0 bc 0800 0016 0002 2 <
ffff8e67c4a97a80 3931628000 C Ci:2:006:0 0 2 = 0900
ffff8e67c4a97a80 3931628036 S Ci:2:006:0 s c0 bc 0900 001c 0002 2 <
ffff8e67c4a97a80 3931630838 C Ci:2:006:0 0 2 = 2e6f
ffff8e67c4a97a80 3931630879 S Ci:2:006:0 s c0 bc 0800 23be 0002 2 <
ffff8e67c4a97a80 3931633562 C Ci:2:006:0 0 2 = 0000
ffff8e67c4a97a80 3931633606 S Co:2:006:0 s 40 bc 0900 0014 0002 2 = d39e
ffff8e67c4a97a80 3931636317 C Co:2:006:0 0 2 >
ffff8e67c4a97a80 3931636361 S Ci:2:006:0 s c0 bc 0900 001c 0002 2 <
ffff8e67c4a97a80 3931639092 C Ci:2:006:0 0 2 = 2e6f
ffff8e67c4a97a80 3931639134 S Co:2:006:0 s 40 b9 0000 0000 0004 4 = 09016601
ffff8e67c4a97a80 3931641821 C Co:2:006:0 0 4 >
ffff8e67c4a97a80 3931641862 S Ii:2:006:3 -115:1 3 <
ffff8e67c4a97a80 3931643141 C Ii:2:006:3 0:1 3 = 100000
ffff8e67c4a97a80 3931643182 S Ci:2:006:0 s c0 bc 0800 0016 0002 2 <
ffff8e67c4a97a80 3931645966 C Ci:2:006:0 0 2 = 0900
ffff8e67c4a97a80 3931646010 S Ci:2:006:0 s c0 bc 0900 001c 0002 2 <
ffff8e67c4a97a80 3931648689 C Ci:2:006:0 0 2 = 2e6f
ffff8e67c4a97a80 3931648729 S Ci:2:006:0 s c0 bc 0800 23be 0004 4 <
ffff8e67c4a97a80 3931651443 C Ci:2:006:0 0 4 = 0000b5e0
ffff8e67c4a97a80 3931651484 S Co:2:006:0 s 40 bc 0800 00c0 0002 2 = 1089
ffff8e67c4a97a80 3931654130 C Co:2:006:0 0 2 >
ffff8e67c4a97a80 3931654163 S Co:2:006:0 s 40 b9 0000 0000 0004 4 = 09009802
ffff8e67c4a97a80 3931656942 C Co:2:006:0 0 4 >
ffff8e67c4a97a80 3931656984 S Ii:2:006:3 -115:1 3 <
ffff8e67c4a97a80 3931658209 C Ii:2:006:3 0:1 3 = 100000
ffff8e67c4a97a80 3931658248 S Ci:2:006:0 s c0 bc 0800 0016 0002 2 <
ffff8e67c4a97a80 3931661067 C Ci:2:006:0 0 2 = 0900
ffff8e67c4a97a80 3931661110 S Ci:2:006:0 s c0 bc 0900 001c 0002 2 <
ffff8e67c4a97a80 3931663781 C Ci:2:006:0 0 2 = 2e6f
ffff8e67c4a97a80 3931663825 S Ci:2:006:0 s c0 bc 0800 23be 0002 2 <
ffff8e67c4a97a80 3931666534 C Ci:2:006:0 0 2 = 0000
ffff8e67c4a97a80 3931666576 S Co:2:006:0 s 40 bc 0900 0014 0002 2 = d39e
ffff8e67c4a97a80 3931669293 C Co:2:006:0 0 2 >
ffff8e67c4a97a80 3931669337 S Ci:2:006:0 s c0 bc 0900 001c 0002 2 <
ffff8e67c4a97a80 3931672083 C Ci:2:006:0 0 2 = 2e6f
ffff8e67c4a97a80 3931672127 S Co:2:006:0 s 40 bc 0800 00c0 0002 2 = 1581
ffff8e67c4a97a80 3931674825 C Co:2:006:0 0 2 >
ffff8e67c4a97a80 3931674867 S Co:2:006:0 s 40 b9 0000 0000 0004 4 = 09009802
ffff8e67c4a97a80 3931677480 C Co:2:006:0 0 4 >
ffff8e67c4a97a80 3931677521 S Ii:2:006:3 -115:1 3 <
ffff8e67c4a97a80 3931678728 C Ii:2:006:3 0:1 3 = 100000
ffff8e67c4a97a80 3931678757 S Ci:2:006:0 s c0 bc 0800 0016 0002 2 <
ffff8e67c4a97a80 3931681553 C Ci:2:006:0 0 2 = 0900
ffff8e67c4a97a80 3931681596 S Ci:2:006:0 s c0 bc 0900 001c 0002 2 <
ffff8e67c4a97a80 3931684297 C Ci:2:006:0 0 2 = 2e6f
ffff8e67c4a97a80 3931684333 S Ci:2:006:0 s c0 bc 0800 23be 0002 2 <
ffff8e67c4a97a80 3931687074 C Ci:2:006:0 0 2 = 0000
ffff8e67c4a97a80 3931687115 S Co:2:006:0 s 40 bc 0900 0014 0002 2 = d39e
ffff8e67c4a97a80 3931689792 C Co:2:006:0 0 2 >
ffff8e67c4a97a80 3931689836 S Ci:2:006:0 s c0 bc 0900 001c 0002 2 <
ffff8e67c4a97a80 3931692475 C Ci:2:006:0 0 2 = 2e6f
ffff8e67c4a97a80 3931692518 S Co:2:006:0 s 40 bc 0800 00c0 0002 2 = 658a
ffff8e67c4a97a80 3931695123 C Co:2:006:0 0 2 >
ffff8e67c4a97a80 3931695165 S Co:2:006:0 s 40 b9 0000 0000 0004 4 = 09009802
ffff8e67c4a97a80 3931697769 C Co:2:006:0 0 4 >
ffff8e67c4a97a80 3931697811 S Ii:2:006:3 -115:1 3 <
ffff8e67c4a97a80 3931699045 C Ii:2:006:3 0:1 3 = 100000
ffff8e67c4a97a80 3931699087 S Ci:2:006:0 s c0 bc 0800 0016 0002 2 <
ffff8e67c4a97a80 3931701886 C Ci:2:006:0 0 2 = 0900
ffff8e67c4a97a80 3931701929 S Ci:2:006:0 s c0 bc 0900 001c 0002 2 <
ffff8e67c4a97a80 3931704570 C Ci:2:006:0 0 2 = 2e6f
ffff8e67c4a97a80 3931704602 S Ci:2:006:0 s c0 bc 0800 23be 0002 2 <
ffff8e67c4a97a80 3931707199 C Ci:2:006:0 0 2 = 0000
ffff8e67c4a97a80 3931707232 S Co:2:006:0 s 40 bc 0900 0014 0002 2 = d39e
ffff8e67c4a97a80 3931709922 C Co:2:006:0 0 2 >
ffff8e67c4a97a80 3931709970 S Ci:2:006:0 s c0 bc 0900 001c 0002 2 <
ffff8e67c4a97a80 3931712576 C Ci:2:006:0 0 2 = 2e6f
ffff8e67c4a97a80 3931712610 S Co:2:006:0 s 40 bc 0800 00c0 0002 2 = 1089
ffff8e67c4a97a80 3931715201 C Co:2:006:0 0 2 >
ffff8e67c4a97a80 3931715242 S Co:2:006:0 s 40 b9 0000 0000 0004 4 = 09009802
ffff8e67c4a97a80 3931717900 C Co:2:006:0 0 4 >
ffff8e67c4a97a80 3931717941 S Ii:2:006:3 -115:1 3 <
ffff8e67c4a97a80 3931719127 C Ii:2:006:3 0:1 3 = 100000
ffff8e67c4a97a80 3931719158 S Ci:2:006:0 s c0 bc 0800 0016 0002 2 <
ffff8e67c4a97a80 3931722013 C Ci:2:006:0 0 2 = 0900
ffff8e67c4a97a80 3931722058 S Ci:2:006:0 s c0 bc 0900 001c 0002 2 <
ffff8e67c4a97a80 3931724607 C Ci:2:006:0 0 2 = 2e6f
ffff8e67c4a97a80 3931724650 S Ci:2:006:0 s c0 bc 0800 23be 0002 2 <
ffff8e67c4a97a80 3931727248 C Ci:2:006:0 0 2 = 0000
ffff8e67c4a97a80 3931727283 S Co:2:006:0 s 40 bc 0900 0014 0002 2 = d39e
ffff8e67c4a97a80 3931729963 C Co:2:006:0 0 2 >
ffff8e67c4a97a80 3931729997 S Ci:2:006:0 s c0 bc 0900 001c 0002 2 <
ffff8e67c4a97a80 3931732795 C Ci:2:006:0 0 2 = 2e6f
ffff8e67c4a97a80 3931732839 S Co:2:006:0 s 40 bc 0800 00c0 0002 2 = 1128
ffff8e67c4a97a80 3931735449 C Co:2:006:0 0 2 >
ffff8e67c4a97a80 3931735489 S Co:2:006:0 s 40 b9 0000 0000 0004 4 = 09009802
ffff8e67c4a97a80 3931738114 C Co:2:006:0 0 4 >
ffff8e67c4a97a80 3931738155 S Ii:2:006:3 -115:1 3 <
ffff8e67c4a97a80 3931739419 C Ii:2:006:3 0:1 3 = 100000
ffff8e67c4a97a80 3931739459 S Ci:2:006:0 s c0 bc 0800 0016 0002 2 <
ffff8e67c4a97a80 3931742249 C Ci:2:006:0 0 2 = 0900
ffff8e67c4a97a80 3931742293 S Ci:2:006:0 s c0 bc 0900 001c 0002 2 <
ffff8e67c4a97a80 3931744944 C Ci:2:006:0 0 2 = 2e6f
ffff8e67c4a97a80 3931744986 S Ci:2:006:0 s c0 bc 0800 23be 0002 2 <
ffff8e67c4a97a80 3931747609 C Ci:2:006:0 0 2 = 0000
ffff8e67c4a97a80 3931747652 S Co:2:006:0 s 40 bc 0900 0014 0002 2 = d39e
ffff8e67c4a97a80 3931750245 C Co:2:006:0 0 2 >
ffff8e67c4a97a80 3931750288 S Ci:2:006:0 s c0 bc 0900 001c 0002 2 <
ffff8e67c4a97a80 3931752904 C Ci:2:006:0 0 2 = 2e6f
ffff8e67c4a97a80 3931752948 S Co:2:006:0 s 40 bc 0800 00c0 0002 2 = 12c8
ffff8e67c4a97a80 3931755568 C Co:2:006:0 0 2 >
ffff8e67c4a97a80 3931755611 S Co:2:006:0 s 40 b9 0000 0000 0004 4 = 09009802
ffff8e67c4a97a80 3931758246 C Co:2:006:0 0 4 >
ffff8e67c4a97a80 3931758288 S Ii:2:006:3 -115:1 3 <
ffff8e67c4a97a80 3931759541 C Ii:2:006:3 0:1 3 = 100000
ffff8e67c4a97a80 3931759581 S Ci:2:006:0 s c0 bc 0800 0016 0002 2 <
ffff8e67c4a97a80 3931762363 C Ci:2:006:0 0 2 = 0900
ffff8e67c4a97a80 3931762407 S Ci:2:006:0 s c0 bc 0900 001c 0002 2 <
ffff8e67c4a97a80 3931764941 C Ci:2:006:0 0 2 = 2e6f
ffff8e67c4a97a80 3931764982 S Ci:2:006:0 s c0 bc 0800 23be 0002 2 <
ffff8e67c4a97a80 3931767667 C Ci:2:006:0 0 2 = 0000
ffff8e67c4a97a80 3931767710 S Co:2:006:0 s 40 bc 0900 0014 0002 2 = d39e
ffff8e67c4a97a80 3931770359 C Co:2:006:0 0 2 >
ffff8e67c4a97a80 3931770403 S Ci:2:006:0 s c0 bc 0900 001c 0002 2 <
ffff8e67c4a97a80 3931772996 C Ci:2:006:0 0 2 = 2e6f
ffff8e67c4a97a80 3931773055 S Co:2:006:0 s 40 bc 0800 00c0 0002 2 = 13a8
ffff8e67c4a97a80 3931775719 C Co:2:006:0 0 2 >
ffff8e67c4a97a80 3931775742 S Co:2:006:0 s 40 b9 0000 0000 0004 4 = 09009802
ffff8e67c4a97a80 3931778326 C Co:2:006:0 0 4 >
ffff8e67c4a97a80 3931778349 S Ii:2:006:3 -115:1 3 <
ffff8e67c4a97a80 3931779531 C Ii:2:006:3 0:1 3 = 100000
ffff8e67c4a97a80 3931779549 S Ci:2:006:0 s c0 bc 0800 0016 0002 2 <
ffff8e67c4a97a80 3931782427 C Ci:2:006:0 0 2 = 0900
ffff8e67c4a97a80 3931782471 S Ci:2:006:0 s c0 bc 0900 001c 0002 2 <
ffff8e67c4a97a80 3931785118 C Ci:2:006:0 0 2 = 2e6f
ffff8e67c4a97a80 3931785153 S Ci:2:006:0 s c0 bc 0800 23be 0002 2 <
ffff8e67c4a97a80 3931787935 C Ci:2:006:0 0 2 = 0000
ffff8e67c4a97a80 3931787976 S Co:2:006:0 s 40 bc 0900 0014 0002 2 = d39e
ffff8e67c4a97a80 3931790657 C Co:2:006:0 0 2 >
ffff8e67c4a97a80 3931790701 S Ci:2:006:0 s c0 bc 0900 001c 0002 2 <
ffff8e67c4a97a80 3931793375 C Ci:2:006:0 0 2 = 2e6f
ffff8e67c4a97a80 3931793418 S Co:2:006:0 s 40 bc 0800 00c0 0002 2 = 1488
ffff8e67c4a97a80 3931796119 C Co:2:006:0 0 2 >
ffff8e67c4a97a80 3931796162 S Co:2:006:0 s 40 b9 0000 0000 0004 4 = 09009802
ffff8e67c4a97a80 3931798841 C Co:2:006:0 0 4 >
ffff8e67c4a97a80 3931798884 S Ii:2:006:3 -115:1 3 <
ffff8e67c4a97a80 3931800132 C Ii:2:006:3 0:1 3 = 100000
ffff8e67c4a97a80 3931800160 S Ci:2:006:0 s c0 bc 0800 0016 0002 2 <
ffff8e67c4a97a80 3931802947 C Ci:2:006:0 0 2 = 0900
ffff8e67c4a97a80 3931802990 S Ci:2:006:0 s c0 bc 0900 001c 0002 2 <
ffff8e67c4a97a80 3931805612 C Ci:2:006:0 0 2 = 2e6f
ffff8e67c4a97a80 3931805655 S Ci:2:006:0 s c0 bc 0800 23be 0002 2 <
ffff8e67c4a97a80 3931808454 C Ci:2:006:0 0 2 = 0000
ffff8e67c4a97a80 3931808492 S Co:2:006:0 s 40 bc 0900 0014 0002 2 = d39e
ffff8e67c4a97a80 3931811153 C Co:2:006:0 0 2 >
ffff8e67c4a97a80 3931811213 S Ci:2:006:0 s c0 bc 0900 001c 0002 2 <
ffff8e67c4a97a80 3931813948 C Ci:2:006:0 0 2 = 2e6f
ffff8e67c4a97a80 3931813992 S Co:2:006:0 s 40 bc 0800 00c0 0002 2 = 158b
ffff8e67c4a97a80 3931816646 C Co:2:006:0 0 2 >
ffff8e67c4a97a80 3931816688 S Co:2:006:0 s 40 b9 0000 0000 0004 4 = 09009802
ffff8e67c4a97a80 3931819405 C Co:2:006:0 0 4 >
ffff8e67c4a97a80 3931819439 S Ii:2:006:3 -115:1 3 <
ffff8e67c4a97a80 3931820700 C Ii:2:006:3 0:1 3 = 100000
ffff8e67c4a97a80 3931820731 S Ci:2:006:0 s c0 bc 0800 0016 0002 2 <
ffff8e67c4a97a80 3931823541 C Ci:2:006:0 0 2 = 0900
ffff8e67c4a97a80 3931823585 S Ci:2:006:0 s c0 bc 0900 001c 0002 2 <
ffff8e67c4a97a80 3931826311 C Ci:2:006:0 0 2 = 2e6f
ffff8e67c4a97a80 3931826347 S Ci:2:006:0 s c0 bc 0800 23be 0002 2 <
ffff8e67c4a97a80 3931828988 C Ci:2:006:0 0 2 = 0000
ffff8e67c4a97a80 3931829076 S Co:2:006:0 s 40 bc 0900 0014 0002 2 = d39e
ffff8e67c4a97a80 3931831842 C Co:2:006:0 0 2 >
ffff8e67c4a97a80 3931831887 S Ci:2:006:0 s c0 bc 0900 001c 0002 2 <
ffff8e67c4a97a80 3931834561 C Ci:2:006:0 0 2 = 2e6f
ffff8e67c4a97a80 3931834605 S Co:2:006:0 s 40 bc 0800 00c0 0004 4 = 9989ed00
ffff8e67c4a97a80 3931837281 C Co:2:006:0 0 4 >
ffff8e67c4a97a80 3931837323 S Co:2:006:0 s 40 b9 0000 0000 0004 4 = 09006603
ffff8e67c4a97a80 3931839964 C Co:2:006:0 0 4 >
ffff8e67c4a97a80 3931840003 S Ii:2:006:3 -115:1 3 <
ffff8e67c4a97a80 3931841316 C Ii:2:006:3 0:1 3 = 100000
ffff8e67c4a97a80 3931841355 S Ci:2:006:0 s c0 bc 0800 0016 0002 2 <
ffff8e67c4a97a80 3931843959 C Ci:2:006:0 0 2 = 0900
ffff8e67c4a97a80 3931844155 S Ci:2:006:0 s c0 bc 0900 001c 0002 2 <
ffff8e67c4a97a80 3931846607 C Ci:2:006:0 0 2 = 2e6f
ffff8e67c4a97a80 3931846648 S Ci:2:006:0 s c0 bc 0800 23be 0002 2 <
ffff8e67c4a97a80 3931849379 C Ci:2:006:0 0 2 = 0000
ffff8e67c4a97a80 3931849420 S Co:2:006:0 s 40 bc 0900 0014 0002 2 = d39e
ffff8e67c4a97a80 3931852002 C Co:2:006:0 0 2 >
ffff8e67c4a97a80 3931852046 S Ci:2:006:0 s c0 bc 0900 001c 0002 2 <
ffff8e67c4a97a80 3931854739 C Ci:2:006:0 0 2 = 2e6f
ffff8e67c4a97a80 3931854780 S Co:2:006:0 s 40 b9 0000 0000 0004 4 = 09016601
ffff8e67c4a97a80 3931857541 C Co:2:006:0 0 4 >
ffff8e67c4a97a80 3931857583 S Ii:2:006:3 -115:1 3 <
ffff8e67c4a97a80 3931858872 C Ii:2:006:3 0:1 3 = 100000
ffff8e67c4a97a80 3931858914 S Ci:2:006:0 s c0 bc 0800 0016 0002 2 <
ffff8e67c4a97a80 3931861670 C Ci:2:006:0 0 2 = 0900
ffff8e67c4a97a80 3931861714 S Ci:2:006:0 s c0 bc 0900 001c 0002 2 <
ffff8e67c4a97a80 3931864376 C Ci:2:006:0 0 2 = 2e6f
ffff8e67c4a97a80 3931864411 S Ci:2:006:0 s c0 bc 0800 23be 0004 4 <
ffff8e67c4a97a80 3931867230 C Ci:2:006:0 0 4 = 00007ce0
ffff8e67c4a97a80 3931867270 S Co:2:006:0 s 40 bc 0800 00c0 0004 4 = 9989ec00
ffff8e67c4a97a80 3931869973 C Co:2:006:0 0 4 >
ffff8e67c4a97a80 3931870017 S Co:2:006:0 s 40 b9 0000 0000 0004 4 = 09006603
ffff8e67c4a97a80 3931872684 C Co:2:006:0 0 4 >
ffff8e67c4a97a80 3931872726 S Ii:2:006:3 -115:1 3 <
ffff8e67c4a97a80 3931873954 C Ii:2:006:3 0:1 3 = 100000
ffff8e67c4a97a80 3931873993 S Ci:2:006:0 s c0 bc 0800 0016 0002 2 <
ffff8e67c4a97a80 3931876831 C Ci:2:006:0 0 2 = 0900
ffff8e67c4a97a80 3931876870 S Ci:2:006:0 s c0 bc 0900 001c 0002 2 <
ffff8e67c4a97a80 3931879479 C Ci:2:006:0 0 2 = 2e6f
ffff8e67c4a97a80 3931879514 S Ci:2:006:0 s c0 bc 0800 23be 0002 2 <
ffff8e67c4a97a80 3931882131 C Ci:2:006:0 0 2 = 0000
ffff8e67c4a97a80 3931882212 S Co:2:006:0 s 40 bc 0900 0014 0002 2 = d39e
ffff8e67c4a97a80 3931884929 C Co:2:006:0 0 2 >
ffff8e67c4a97a80 3931884973 S Ci:2:006:0 s c0 bc 0900 001c 0002 2 <
ffff8e67c4a97a80 3931887671 C Ci:2:006:0 0 2 = 2e6f
ffff8e67c4a97a80 3931887714 S Co:2:006:0 s 40 b9 0000 0000 0004 4 = 09016601
ffff8e67c4a97a80 3931890366 C Co:2:006:0 0 4 >
ffff8e67c4a97a80 3931890404 S Ii:2:006:3 -115:1 3 <
ffff8e67c4a97a80 3931891766 C Ii:2:006:3 0:1 3 = 100000
ffff8e67c4a97a80 3931891809 S Ci:2:006:0 s c0 bc 0800 0016 0002 2 <
ffff8e67c4a97a80 3931894604 C Ci:2:006:0 0 2 = 0900
ffff8e67c4a97a80 3931894669 S Ci:2:006:0 s c0 bc 0900 001c 0002 2 <
ffff8e67c4a97a80 3931897305 C Ci:2:006:0 0 2 = 2e6f
ffff8e67c4a97a80 3931897359 S Ci:2:006:0 s c0 bc 0800 23be 0004 4 <
ffff8e67c4a97a80 3931899889 C Ci:2:006:0 0 4 = 0000a2e0
ffff8e67c4a97a80 3931899999 S Co:2:006:0 s 40 bc 0800 00c0 0004 4 = 9989ec00
ffff8e67c4a97a80 3931902566 C Co:2:006:0 0 4 >
ffff8e67c4a97a80 3931902598 S Co:2:006:0 s 40 b9 0000 0000 0004 4 = 09006603
ffff8e67c4a97a80 3931905197 C Co:2:006:0 0 4 >
ffff8e67c4a97a80 3931905249 S Ii:2:006:3 -115:1 3 <
ffff8e67c4a97a80 3931906560 C Ii:2:006:3 0:1 3 = 100000
ffff8e67c4a97a80 3931906600 S Ci:2:006:0 s c0 bc 0800 0016 0002 2 <
ffff8e67c4a97a80 3931909344 C Ci:2:006:0 0 2 = 0900
ffff8e67c4a97a80 3931909390 S Ci:2:006:0 s c0 bc 0900 001c 0002 2 <
ffff8e67c4a97a80 3931912104 C Ci:2:006:0 0 2 = 2e6f
ffff8e67c4a97a80 3931912276 S Ci:2:006:0 s c0 bc 0800 23be 0002 2 <
ffff8e67c4a97a80 3931914942 C Ci:2:006:0 0 2 = 0000
ffff8e67c4a97a80 3931914987 S Co:2:006:0 s 40 bc 0900 0014 0002 2 = d39e
ffff8e67c4a97a80 3931917688 C Co:2:006:0 0 2 >
ffff8e67c4a97a80 3931917731 S Ci:2:006:0 s c0 bc 0900 001c 0002 2 <
ffff8e67c4a97a80 3931920362 C Ci:2:006:0 0 2 = 2e6f
ffff8e67c4a97a80 3931920461 S Co:2:006:0 s 40 b9 0000 0000 0004 4 = 09016601
ffff8e67c4a97a80 3931923147 C Co:2:006:0 0 4 >
ffff8e67c4a97a80 3931923206 S Ii:2:006:3 -115:1 3 <
ffff8e67c4a97a80 3931924466 C Ii:2:006:3 0:1 3 = 100000
ffff8e67c4a97a80 3931924506 S Ci:2:006:0 s c0 bc 0800 0016 0002 2 <
ffff8e67c4a97a80 3931927273 C Ci:2:006:0 0 2 = 0900
ffff8e67c4a97a80 3931927324 S Ci:2:006:0 s c0 bc 0900 001c 0002 2 <
ffff8e67c4a97a80 3931929961 C Ci:2:006:0 0 2 = 2e6f
ffff8e67c4a97a80 3931930007 S Ci:2:006:0 s c0 bc 0800 23be 0004 4 <
ffff8e67c4a97a80 3931932688 C Ci:2:006:0 0 4 = 00002ce0
ffff8e67c4a97a80 3931932730 S Co:2:006:0 s 40 bc 0800 00c0 0004 4 = 9989ec00
ffff8e67c4a97a80 3931935400 C Co:2:006:0 0 4 >
ffff8e67c4a97a80 3931935444 S Co:2:006:0 s 40 b9 0000 0000 0004 4 = 09006603
ffff8e67c4a97a80 3931938145 C Co:2:006:0 0 4 >
ffff8e67c4a97a80 3931938201 S Ii:2:006:3 -115:1 3 <
ffff8e67c4a97a80 3931939499 C Ii:2:006:3 0:1 3 = 100000
ffff8e67c4a97a80 3931939541 S Ci:2:006:0 s c0 bc 0800 0016 0002 2 <
ffff8e67c4a97a80 3931942238 C Ci:2:006:0 0 2 = 0900
ffff8e67c4a97a80 3931942280 S Ci:2:006:0 s c0 bc 0900 001c 0002 2 <
ffff8e67c4a97a80 3931944951 C Ci:2:006:0 0 2 = 2e6f
ffff8e67c4a97a80 3931945020 S Ci:2:006:0 s c0 bc 0800 23be 0002 2 <
ffff8e67c4a97a80 3931947738 C Ci:2:006:0 0 2 = 0000
ffff8e67c4a97a80 3931947780 S Co:2:006:0 s 40 bc 0900 0014 0002 2 = d39e
ffff8e67c4a97a80 3931950440 C Co:2:006:0 0 2 >
ffff8e67c4a97a80 3931950487 S Ci:2:006:0 s c0 bc 0900 001c 0002 2 <
ffff8e67c4a97a80 3931953197 C Ci:2:006:0 0 2 = 2e6f
ffff8e67c4a97a80 3931953232 S Co:2:006:0 s 40 b9 0000 0000 0004 4 = 09016601
ffff8e67c4a97a80 3931955854 C Co:2:006:0 0 4 >
ffff8e67c4a97a80 3931955883 S Ii:2:006:3 -115:1 3 <
ffff8e67c4a97a80 3931957174 C Ii:2:006:3 0:1 3 = 100000
ffff8e67c4a97a80 3931957201 S Ci:2:006:0 s c0 bc 0800 0016 0002 2 <
ffff8e67c4a97a80 3931959846 C Ci:2:006:0 0 2 = 0900
ffff8e67c4a97a80 3931959883 S Ci:2:006:0 s c0 bc 0900 001c 0002 2 <
ffff8e67c4a97a80 3931962565 C Ci:2:006:0 0 2 = 2e6f
ffff8e67c4a97a80 3931962919 S Ci:2:006:0 s c0 bc 0800 23be 0004 4 <
ffff8e67c4a97a80 3931965360 C Ci:2:006:0 0 4 = 000059e0
ffff8e67c4a97a80 3931965406 S Co:2:006:0 s 40 bc 0800 00c0 0004 4 = 9989ec00
ffff8e67c4a97a80 3931968102 C Co:2:006:0 0 4 >
ffff8e67c4a97a80 3931968241 S Co:2:006:0 s 40 b9 0000 0000 0004 4 = 09006603
ffff8e67c4a97a80 3931970891 C Co:2:006:0 0 4 >
ffff8e67c4a97a80 3931970957 S Ii:2:006:3 -115:1 3 <
ffff8e67c4a97a80 3931972246 C Ii:2:006:3 0:1 3 = 100000
ffff8e67c4a97a80 3931972365 S Ci:2:006:0 s c0 bc 0800 0016 0002 2 <
ffff8e67c4a97a80 3931974867 C Ci:2:006:0 0 2 = 0900
ffff8e67c4a97a80 3931974908 S Ci:2:006:0 s c0 bc 0900 001c 0002 2 <
ffff8e67c4a97a80 3931977626 C Ci:2:006:0 0 2 = 2e6f
ffff8e67c4a97a80 3931977664 S Ci:2:006:0 s c0 bc 0800 23be 0002 2 <
ffff8e67c4a97a80 3931980311 C Ci:2:006:0 0 2 = 0000
ffff8e67c4a97a80 3931980341 S Co:2:006:0 s 40 bc 0900 0014 0002 2 = d39e
ffff8e67c4a97a80 3931983103 C Co:2:006:0 0 2 >
ffff8e67c4a97a80 3931983216 S Ci:2:006:0 s c0 bc 0900 001c 0002 2 <
ffff8e67c4a97a80 3931985687 C Ci:2:006:0 0 2 = 2e6f
ffff8e67c4a97a80 3931985721 S Co:2:006:0 s 40 b9 0000 0000 0004 4 = 09016601
ffff8e67c4a97a80 3931988449 C Co:2:006:0 0 4 >
ffff8e67c4a97a80 3931988475 S Ii:2:006:3 -115:1 3 <
ffff8e67c4a97a80 3931989802 C Ii:2:006:3 0:1 3 = 100000
ffff8e67c4a97a80 3931989883 S Ci:2:006:0 s c0 bc 0800 0016 0002 2 <
ffff8e67c4a97a80 3931992480 C Ci:2:006:0 0 2 = 0900
ffff8e67c4a97a80 3931992518 S Ci:2:006:0 s c0 bc 0900 001c 0002 2 <
ffff8e67c4a97a80 3931995331 C Ci:2:006:0 0 2 = 2e6f
ffff8e67c4a97a80 3931995461 S Ci:2:006:0 s c0 bc 0800 23be 0004 4 <
ffff8e67c4a97a80 3931998027 C Ci:2:006:0 0 4 = 0000dee0
ffff8e67c4a97a80 3931998109 S Co:2:006:0 s 40 bc 0800 00c0 0004 4 = 9989ec00
ffff8e67c4a97a80 3932000833 C Co:2:006:0 0 4 >
ffff8e67c4a97a80 3932000997 S Co:2:006:0 s 40 b9 0000 0000 0004 4 = 09006603
ffff8e67c4a97a80 3932003567 C Co:2:006:0 0 4 >
ffff8e67c4a97a80 3932003634 S Ii:2:006:3 -115:1 3 <
ffff8e67c4a97a80 3932004831 C Ii:2:006:3 0:1 3 = 100000
ffff8e67c4a97a80 3932004865 S Ci:2:006:0 s c0 bc 0800 0016 0002 2 <
ffff8e67c4a97a80 3932007763 C Ci:2:006:0 0 2 = 0900
ffff8e67c4a97a80 3932007883 S Ci:2:006:0 s c0 bc 0900 001c 0002 2 <
ffff8e67c4a97a80 3932010301 C Ci:2:006:0 0 2 = 2e6f
ffff8e67c4a97a80 3932010324 S Ci:2:006:0 s c0 bc 0800 23be 0002 2 <
ffff8e67c4a97a80 3932013012 C Ci:2:006:0 0 2 = 0000
ffff8e67c4a97a80 3932013048 S Co:2:006:0 s 40 bc 0900 0014 0002 2 = d39e
ffff8e67c4a97a80 3932015800 C Co:2:006:0 0 2 >
ffff8e67c4a97a80 3932015840 S Ci:2:006:0 s c0 bc 0900 001c 0002 2 <
ffff8e67c4a97a80 3932018535 C Ci:2:006:0 0 2 = 2e6f
ffff8e67c4a97a80 3932018705 S Co:2:006:0 s 40 b9 0000 0000 0004 4 = 09016601
ffff8e67c4a97a80 3932021296 C Co:2:006:0 0 4 >
ffff8e67c4a97a80 3932021380 S Ii:2:006:3 -115:1 3 <
ffff8e67c4a97a80 3932022625 C Ii:2:006:3 0:1 3 = 100000
ffff8e67c4a97a80 3932022663 S Ci:2:006:0 s c0 bc 0800 0016 0002 2 <
ffff8e67c4a97a80 3932025382 C Ci:2:006:0 0 2 = 0900
ffff8e67c4a97a80 3932025465 S Ci:2:006:0 s c0 bc 0900 001c 0002 2 <
ffff8e67c4a97a80 3932028172 C Ci:2:006:0 0 2 = 2e6f
ffff8e67c4a97a80 3932028225 S Ci:2:006:0 s c0 bc 0800 23be 0004 4 <
ffff8e67c4a97a80 3932030949 C Ci:2:006:0 0 4 = 00002de0
ffff8e67c4a97a80 3932031193 S Co:2:006:0 s 40 bc 0800 00c0 0004 4 = 9989ec00
ffff8e67c4a97a80 3932033632 C Co:2:006:0 0 4 >
ffff8e67c4a97a80 3932033674 S Co:2:006:0 s 40 b9 0000 0000 0004 4 = 09006603
ffff8e67c4a97a80 3932036330 C Co:2:006:0 0 4 >
ffff8e67c4a97a80 3932036358 S Ii:2:006:3 -115:1 3 <
ffff8e67c4a97a80 3932037680 C Ii:2:006:3 0:1 3 = 100000
ffff8e67c4a97a80 3932037723 S Ci:2:006:0 s c0 bc 0800 0016 0002 2 <
ffff8e67c4a97a80 3932040404 C Ci:2:006:0 0 2 = 0900
ffff8e67c4a97a80 3932040444 S Ci:2:006:0 s c0 bc 0900 001c 0002 2 <
ffff8e67c4a97a80 3932043131 C Ci:2:006:0 0 2 = 2e6f
ffff8e67c4a97a80 3932043215 S Ci:2:006:0 s c0 bc 0800 23be 0002 2 <
ffff8e67c4a97a80 3932045927 C Ci:2:006:0 0 2 = 0000
ffff8e67c4a97a80 3932045985 S Co:2:006:0 s 40 bc 0900 0014 0002 2 = d39e
ffff8e67c4a97a80 3932048601 C Co:2:006:0 0 2 >
ffff8e67c4a97a80 3932048725 S Ci:2:006:0 s c0 bc 0900 001c 0002 2 <
ffff8e67c4a97a80 3932051413 C Ci:2:006:0 0 2 = 2e6f
ffff8e67c4a97a80 3932051454 S Co:2:006:0 s 40 b9 0000 0000 0004 4 = 09016601
ffff8e67c4a97a80 3932054168 C Co:2:006:0 0 4 >
ffff8e67c4a97a80 3932054206 S Ii:2:006:3 -115:1 3 <
ffff8e67c4a97a80 3932055533 C Ii:2:006:3 0:1 3 = 100000
ffff8e67c4a97a80 3932055614 S Ci:2:006:0 s c0 bc 0800 0016 0002 2 <
ffff8e67c4a97a80 3932058237 C Ci:2:006:0 0 2 = 0900
ffff8e67c4a97a80 3932058273 S Ci:2:006:0 s c0 bc 0900 001c 0002 2 <
ffff8e67c4a97a80 3932060977 C Ci:2:006:0 0 2 = 2e6f
ffff8e67c4a97a80 3932061227 S Ci:2:006:0 s c0 bc 0800 23be 0004 4 <
ffff8e67c4a97a80 3932063782 C Ci:2:006:0 0 4 = 0000bde0
ffff8e67c4a97a80 3932063837 S Co:2:006:0 s 40 bc 0800 00c0 0004 4 = 9989ec00
ffff8e67c4a97a80 3932066513 C Co:2:006:0 0 4 >
ffff8e67c4a97a80 3932066553 S Co:2:006:0 s 40 b9 0000 0000 0004 4 = 09006603
ffff8e67c4a97a80 3932069267 C Co:2:006:0 0 4 >
ffff8e67c4a97a80 3932069304 S Ii:2:006:3 -115:1 3 <
ffff8e67c4a97a80 3932070622 C Ii:2:006:3 0:1 3 = 100000
ffff8e67c4a97a80 3932070702 S Ci:2:006:0 s c0 bc 0800 0016 0002 2 <
ffff8e67c4a97a80 3932073427 C Ci:2:006:0 0 2 = 0900
ffff8e67c4a97a80 3932073467 S Ci:2:006:0 s c0 bc 0900 001c 0002 2 <
ffff8e67c4a97a80 3932076076 C Ci:2:006:0 0 2 = 2e6f
ffff8e67c4a97a80 3932076205 S Ci:2:006:0 s c0 bc 0800 23be 0002 2 <
ffff8e67c4a97a80 3932078914 C Ci:2:006:0 0 2 = 0000
ffff8e67c4a97a80 3932078962 S Co:2:006:0 s 40 bc 0900 0014 0002 2 = d39e
ffff8e67c4a97a80 3932081667 C Co:2:006:0 0 2 >
ffff8e67c4a97a80 3932081753 S Ci:2:006:0 s c0 bc 0900 001c 0002 2 <
ffff8e67c4a97a80 3932084389 C Ci:2:006:0 0 2 = 2e6f
ffff8e67c4a97a80 3932084429 S Co:2:006:0 s 40 b9 0000 0000 0004 4 = 09016601
ffff8e67c4a97a80 3932087023 C Co:2:006:0 0 4 >
ffff8e67c4a97a80 3932087104 S Ii:2:006:3 -115:1 3 <
ffff8e67c4a97a80 3932088326 C Ii:2:006:3 0:1 3 = 100000
ffff8e67c4a97a80 3932088363 S Ci:2:006:0 s c0 bc 0800 0016 0002 2 <
ffff8e67c4a97a80 3932091020 C Ci:2:006:0 0 2 = 0900
ffff8e67c4a97a80 3932091103 S Ci:2:006:0 s c0 bc 0900 001c 0002 2 <
ffff8e67c4a97a80 3932093780 C Ci:2:006:0 0 2 = 2e6f
ffff8e67c4a97a80 3932093809 S Ci:2:006:0 s c0 bc 0800 23be 0004 4 <
ffff8e67c4a97a80 3932096559 C Ci:2:006:0 0 4 = 000099e0
ffff8e67c4a97a80 3932096639 S Co:2:006:0 s 40 bc 0800 00c0 0004 4 = 9989ec00
ffff8e67c4a97a80 3932099259 C Co:2:006:0 0 4 >
ffff8e67c4a97a80 3932099300 S Co:2:006:0 s 40 b9 0000 0000 0004 4 = 09006603
ffff8e67c4a97a80 3932102049 C Co:2:006:0 0 4 >
ffff8e67c4a97a80 3932102130 S Ii:2:006:3 -115:1 3 <
ffff8e67c4a97a80 3932103403 C Ii:2:006:3 0:1 3 = 100000
ffff8e67c4a97a80 3932103483 S Ci:2:006:0 s c0 bc 0800 0016 0002 2 <
ffff8e67c4a97a80 3932106158 C Ci:2:006:0 0 2 = 0900
ffff8e67c4a97a80 3932106199 S Ci:2:006:0 s c0 bc 0900 001c 0002 2 <
ffff8e67c4a97a80 3932108892 C Ci:2:006:0 0 2 = 2e6f
ffff8e67c4a97a80 3932108970 S Ci:2:006:0 s c0 bc 0800 23be 0002 2 <
ffff8e67c4a97a80 3932111663 C Ci:2:006:0 0 2 = 0000
ffff8e67c4a97a80 3932111718 S Co:2:006:0 s 40 bc 0900 0014 0002 2 = d39e
ffff8e67c4a97a80 3932114289 C Co:2:006:0 0 2 >
ffff8e67c4a97a80 3932114361 S Ci:2:006:0 s c0 bc 0900 001c 0002 2 <
ffff8e67c4a97a80 3932117024 C Ci:2:006:0 0 2 = 2e6f
ffff8e67c4a97a80 3932117066 S Co:2:006:0 s 40 b9 0000 0000 0004 4 = 09016601
ffff8e67c4a97a80 3932119894 C Co:2:006:0 0 4 >
ffff8e67c4a97a80 3932119969 S Ii:2:006:3 -115:1 3 <
ffff8e67c4a97a80 3932121208 C Ii:2:006:3 0:1 3 = 100000
ffff8e67c4a97a80 3932121283 S Ci:2:006:0 s c0 bc 0800 0016 0002 2 <
ffff8e67c4a97a80 3932124034 C Ci:2:006:0 0 2 = 0900
ffff8e67c4a97a80 3932124075 S Ci:2:006:0 s c0 bc 0900 001c 0002 2 <
ffff8e67c4a97a80 3932126765 C Ci:2:006:0 0 2 = 2e6f
ffff8e67c4a97a80 3932126811 S Ci:2:006:0 s c0 bc 0800 23be 0004 4 <
ffff8e67c4a97a80 3932129511 C Ci:2:006:0 0 4 = 0000c3e0
ffff8e67c4a97a80 3932129610 S Co:2:006:0 s 40 bc 0800 00c0 0004 4 = 9989ec00
ffff8e67c4a97a80 3932132207 C Co:2:006:0 0 4 >
ffff8e67c4a97a80 3932132237 S Co:2:006:0 s 40 b9 0000 0000 0004 4 = 09006603
ffff8e67c4a97a80 3932135006 C Co:2:006:0 0 4 >
ffff8e67c4a97a80 3932135102 S Ii:2:006:3 -115:1 3 <
ffff8e67c4a97a80 3932136396 C Ii:2:006:3 0:1 3 = 100000
ffff8e67c4a97a80 3932136432 S Ci:2:006:0 s c0 bc 0800 0016 0002 2 <
ffff8e67c4a97a80 3932139156 C Ci:2:006:0 0 2 = 0900
ffff8e67c4a97a80 3932139239 S Ci:2:006:0 s c0 bc 0900 001c 0002 2 <
ffff8e67c4a97a80 3932141905 C Ci:2:006:0 0 2 = 2e6f
ffff8e67c4a97a80 3932141945 S Ci:2:006:0 s c0 bc 0800 23be 0002 2 <
ffff8e67c4a97a80 3932144649 C Ci:2:006:0 0 2 = 0000
ffff8e67c4a97a80 3932144701 S Co:2:006:0 s 40 bc 0900 0014 0002 2 = d39e
ffff8e67c4a97a80 3932147387 C Co:2:006:0 0 2 >
ffff8e67c4a97a80 3932147474 S Ci:2:006:0 s c0 bc 0900 001c 0002 2 <
ffff8e67c4a97a80 3932150163 C Ci:2:006:0 0 2 = 2e6f
ffff8e67c4a97a80 3932150192 S Co:2:006:0 s 40 b9 0000 0000 0004 4 = 09016601
ffff8e67c4a97a80 3932152891 C Co:2:006:0 0 4 >
ffff8e67c4a97a80 3932152922 S Ii:2:006:3 -115:1 3 <
ffff8e67c4a97a80 3932154194 C Ii:2:006:3 0:1 3 = 100000
ffff8e67c4a97a80 3932154231 S Ci:2:006:0 s c0 bc 0800 0016 0002 2 <
ffff8e67c4a97a80 3932157029 C Ci:2:006:0 0 2 = 0900
ffff8e67c4a97a80 3932157065 S Ci:2:006:0 s c0 bc 0900 001c 0002 2 <
ffff8e67c4a97a80 3932159751 C Ci:2:006:0 0 2 = 2e6f
ffff8e67c4a97a80 3932159788 S Ci:2:006:0 s c0 bc 0800 23be 0004 4 <
ffff8e67c4a97a80 3932162483 C Ci:2:006:0 0 4 = 000011e0
ffff8e67c4a97a80 3932162525 S Co:2:006:0 s 40 bc 0800 00c0 0004 4 = 9989ec00
ffff8e67c4a97a80 3932165245 C Co:2:006:0 0 4 >
ffff8e67c4a97a80 3932165286 S Co:2:006:0 s 40 b9 0000 0000 0004 4 = 09006603
ffff8e67c4a97a80 3932168004 C Co:2:006:0 0 4 >
ffff8e67c4a97a80 3932168049 S Ii:2:006:3 -115:1 3 <
ffff8e67c4a97a80 3932169424 C Ii:2:006:3 0:1 3 = 100000
ffff8e67c4a97a80 3932169465 S Ci:2:006:0 s c0 bc 0800 0016 0002 2 <
ffff8e67c4a97a80 3932172160 C Ci:2:006:0 0 2 = 0900
ffff8e67c4a97a80 3932172203 S Ci:2:006:0 s c0 bc 0900 001c 0002 2 <
ffff8e67c4a97a80 3932174892 C Ci:2:006:0 0 2 = 2e6f
ffff8e67c4a97a80 3932174933 S Ci:2:006:0 s c0 bc 0800 23be 0002 2 <
ffff8e67c4a97a80 3932177595 C Ci:2:006:0 0 2 = 0000
ffff8e67c4a97a80 3932177644 S Co:2:006:0 s 40 bc 0900 0014 0002 2 = d39e
ffff8e67c4a97a80 3932180378 C Co:2:006:0 0 2 >
ffff8e67c4a97a80 3932180428 S Ci:2:006:0 s c0 bc 0900 001c 0002 2 <
ffff8e67c4a97a80 3932183075 C Ci:2:006:0 0 2 = 2e6f
ffff8e67c4a97a80 3932183108 S Co:2:006:0 s 40 b9 0000 0000 0004 4 = 09016601
ffff8e67c4a97a80 3932185782 C Co:2:006:0 0 4 >
ffff8e67c4a97a80 3932185829 S Ii:2:006:3 -115:1 3 <
ffff8e67c4a97a80 3932187106 C Ii:2:006:3 0:1 3 = 100000
ffff8e67c4a97a80 3932187163 S Ci:2:006:0 s c0 bc 0800 0016 0002 2 <
ffff8e67c4a97a80 3932189936 C Ci:2:006:0 0 2 = 0900
ffff8e67c4a97a80 3932189983 S Ci:2:006:0 s c0 bc 0900 001c 0002 2 <
ffff8e67c4a97a80 3932192574 C Ci:2:006:0 0 2 = 2e6f
ffff8e67c4a97a80 3932192614 S Ci:2:006:0 s c0 bc 0800 23be 0004 4 <
ffff8e67c4a97a80 3932195316 C Ci:2:006:0 0 4 = 00004de0
ffff8e67c4a97a80 3932195380 S Co:2:006:0 s 40 bc 0800 00c0 0004 4 = 9989ec00
ffff8e67c4a97a80 3932198006 C Co:2:006:0 0 4 >
ffff8e67c4a97a80 3932198053 S Co:2:006:0 s 40 b9 0000 0000 0004 4 = 09006603
ffff8e67c4a97a80 3932200840 C Co:2:006:0 0 4 >
ffff8e67c4a97a80 3932200878 S Ii:2:006:3 -115:1 3 <
ffff8e67c4a97a80 3932202110 C Ii:2:006:3 0:1 3 = 100000
ffff8e67c4a97a80 3932202162 S Ci:2:006:0 s c0 bc 0800 0016 0002 2 <
ffff8e67c4a97a80 3932204892 C Ci:2:006:0 0 2 = 0900
ffff8e67c4a97a80 3932204941 S Ci:2:006:0 s c0 bc 0900 001c 0002 2 <
ffff8e67c4a97a80 3932207706 C Ci:2:006:0 0 2 = 2e6f
ffff8e67c4a97a80 3932207750 S Ci:2:006:0 s c0 bc 0800 23be 0002 2 <
ffff8e67c4a97a80 3932210350 C Ci:2:006:0 0 2 = 0000
ffff8e67c4a97a80 3932210405 S Co:2:006:0 s 40 bc 0900 0014 0002 2 = d39e
ffff8e67c4a97a80 3932213078 C Co:2:006:0 0 2 >
ffff8e67c4a97a80 3932213118 S Ci:2:006:0 s c0 bc 0900 001c 0002 2 <
ffff8e67c4a97a80 3932215767 C Ci:2:006:0 0 2 = 2e6f
ffff8e67c4a97a80 3932215814 S Co:2:006:0 s 40 b9 0000 0000 0004 4 = 09016601
ffff8e67c4a97a80 3932218498 C Co:2:006:0 0 4 >
ffff8e67c4a97a80 3932218541 S Ii:2:006:3 -115:1 3 <
ffff8e67c4a97a80 3932219839 C Ii:2:006:3 0:1 3 = 100000
ffff8e67c4a97a80 3932219871 S Ci:2:006:0 s c0 bc 0800 0016 0002 2 <
ffff8e67c4a97a80 3932222637 C Ci:2:006:0 0 2 = 0900
ffff8e67c4a97a80 3932222681 S Ci:2:006:0 s c0 bc 0900 001c 0002 2 <
ffff8e67c4a97a80 3932225371 C Ci:2:006:0 0 2 = 2e6f
ffff8e67c4a97a80 3932225407 S Ci:2:006:0 s c0 bc 0800 23be 0004 4 <
ffff8e67c4a97a80 3932228203 C Ci:2:006:0 0 4 = 00008de0
ffff8e67c4a97a80 3932228262 S Co:2:006:0 s 40 bc 0800 00c0 0004 4 = 9989ec00
ffff8e67c4a97a80 3932230898 C Co:2:006:0 0 4 >
ffff8e67c4a97a80 3932230944 S Co:2:006:0 s 40 b9 0000 0000 0004 4 = 09006603
ffff8e67c4a97a80 3932233595 C Co:2:006:0 0 4 >
ffff8e67c4a97a80 3932233628 S Ii:2:006:3 -115:1 3 <
ffff8e67c4a97a80 3932234957 C Ii:2:006:3 0:1 3 = 100000
ffff8e67c4a97a80 3932234989 S Ci:2:006:0 s c0 bc 0800 0016 0002 2 <
ffff8e67c4a97a80 3932237744 C Ci:2:006:0 0 2 = 0900
ffff8e67c4a97a80 3932237778 S Ci:2:006:0 s c0 bc 0900 001c 0002 2 <
ffff8e67c4a97a80 3932240511 C Ci:2:006:0 0 2 = 2e6f
ffff8e67c4a97a80 3932240547 S Ci:2:006:0 s c0 bc 0800 23be 0002 2 <
ffff8e67c4a97a80 3932243196 C Ci:2:006:0 0 2 = 0000
ffff8e67c4a97a80 3932243230 S Co:2:006:0 s 40 bc 0900 0014 0002 2 = d39e
ffff8e67c4a97a80 3932245933 C Co:2:006:0 0 2 >
ffff8e67c4a97a80 3932246005 S Ci:2:006:0 s c0 bc 0900 001c 0002 2 <
ffff8e67c4a97a80 3932248747 C Ci:2:006:0 0 2 = 2e6f
ffff8e67c4a97a80 3932248860 S Co:2:006:0 s 40 b9 0000 0000 0004 4 = 09016601
ffff8e67c4a97a80 3932251400 C Co:2:006:0 0 4 >
ffff8e67c4a97a80 3932251441 S Ii:2:006:3 -115:1 3 <
ffff8e67c4a97a80 3932252692 C Ii:2:006:3 0:1 3 = 100000
ffff8e67c4a97a80 3932252730 S Ci:2:006:0 s c0 bc 0800 0016 0002 2 <
ffff8e67c4a97a80 3932255520 C Ci:2:006:0 0 2 = 0900
ffff8e67c4a97a80 3932255565 S Ci:2:006:0 s c0 bc 0900 001c 0002 2 <
ffff8e67c4a97a80 3932258222 C Ci:2:006:0 0 2 = 2e6f
ffff8e67c4a97a80 3932258258 S Ci:2:006:0 s c0 bc 0800 23be 0004 4 <
ffff8e67c4a97a80 3932261020 C Ci:2:006:0 0 4 = 000059e0
ffff8e67c4a97a80 3932261105 S Co:2:006:0 s 40 bc 0800 00c0 0004 4 = 9989ec00
ffff8e67c4a97a80 3932263781 C Co:2:006:0 0 4 >
ffff8e67c4a97a80 3932263826 S Co:2:006:0 s 40 b9 0000 0000 0004 4 = 09006603
ffff8e67c4a97a80 3932266580 C Co:2:006:0 0 4 >
ffff8e67c4a97a80 3932266622 S Ii:2:006:3 -115:1 3 <
ffff8e67c4a97a80 3932267850 C Ii:2:006:3 0:1 3 = 100000
ffff8e67c4a97a80 3932267891 S Ci:2:006:0 s c0 bc 0800 0016 0002 2 <
ffff8e67c4a97a80 3932270644 C Ci:2:006:0 0 2 = 0900
ffff8e67c4a97a80 3932270717 S Ci:2:006:0 s c0 bc 0900 001c 0002 2 <
ffff8e67c4a97a80 3932273365 C Ci:2:006:0 0 2 = 2e6f
ffff8e67c4a97a80 3932273409 S Ci:2:006:0 s c0 bc 0800 23be 0002 2 <
ffff8e67c4a97a80 3932276146 C Ci:2:006:0 0 2 = 0000
ffff8e67c4a97a80 3932276195 S Co:2:006:0 s 40 bc 0900 0014 0002 2 = d39e
ffff8e67c4a97a80 3932278909 C Co:2:006:0 0 2 >
ffff8e67c4a97a80 3932279228 S Ci:2:006:0 s c0 bc 0900 001c 0002 2 <
ffff8e67c4a97a80 3932281588 C Ci:2:006:0 0 2 = 2e6f
ffff8e67c4a97a80 3932281631 S Co:2:006:0 s 40 b9 0000 0000 0004 4 = 09016601
ffff8e67c4a97a80 3932284204 C Co:2:006:0 0 4 >
ffff8e67c4a97a80 3932284237 S Ii:2:006:3 -115:1 3 <
ffff8e67c4a97a80 3932285559 C Ii:2:006:3 0:1 3 = 100000
ffff8e67c4a97a80 3932285602 S Ci:2:006:0 s c0 bc 0800 0016 0002 2 <
ffff8e67c4a97a80 3932288414 C Ci:2:006:0 0 2 = 0900
ffff8e67c4a97a80 3932288456 S Ci:2:006:0 s c0 bc 0900 001c 0002 2 <
ffff8e67c4a97a80 3932291117 C Ci:2:006:0 0 2 = 2e6f
ffff8e67c4a97a80 3932291162 S Ci:2:006:0 s c0 bc 0800 23be 0004 4 <
ffff8e67c4a97a80 3932293952 C Ci:2:006:0 0 4 = 000090e0
ffff8e67c4a97a80 3932294033 S Co:2:006:0 s 40 bc 0800 00c0 0004 4 = 9989ec00
ffff8e67c4a97a80 3932296783 C Co:2:006:0 0 4 >
ffff8e67c4a97a80 3932296828 S Co:2:006:0 s 40 b9 0000 0000 0004 4 = 09006603
ffff8e67c4a97a80 3932299513 C Co:2:006:0 0 4 >
ffff8e67c4a97a80 3932299554 S Ii:2:006:3 -115:1 3 <
ffff8e67c4a97a80 3932300847 C Ii:2:006:3 0:1 3 = 100000
ffff8e67c4a97a80 3932300889 S Ci:2:006:0 s c0 bc 0800 0016 0002 2 <
ffff8e67c4a97a80 3932303642 C Ci:2:006:0 0 2 = 0900
ffff8e67c4a97a80 3932303686 S Ci:2:006:0 s c0 bc 0900 001c 0002 2 <
ffff8e67c4a97a80 3932306354 C Ci:2:006:0 0 2 = 2e6f
ffff8e67c4a97a80 3932306389 S Ci:2:006:0 s c0 bc 0800 23be 0002 2 <
ffff8e67c4a97a80 3932309110 C Ci:2:006:0 0 2 = 0000
ffff8e67c4a97a80 3932309216 S Co:2:006:0 s 40 bc 0900 0014 0002 2 = d39e
ffff8e67c4a97a80 3932311963 C Co:2:006:0 0 2 >
ffff8e67c4a97a80 3932312091 S Ci:2:006:0 s c0 bc 0900 001c 0002 2 <
ffff8e67c4a97a80 3932314655 C Ci:2:006:0 0 2 = 2e6f
ffff8e67c4a97a80 3932315052 S Co:2:006:0 s 40 b9 0000 0000 0004 4 = 09016601
ffff8e67c4a97a80 3932317389 C Co:2:006:0 0 4 >
ffff8e67c4a97a80 3932317421 S Ii:2:006:3 -115:1 3 <
ffff8e67c4a97a80 3932318683 C Ii:2:006:3 0:1 3 = 100000
ffff8e67c4a97a80 3932318714 S Ci:2:006:0 s c0 bc 0800 0016 0002 2 <
ffff8e67c4a97a80 3932321464 C Ci:2:006:0 0 2 = 0900
ffff8e67c4a97a80 3932322857 S Ci:2:006:0 s c0 bc 0900 001c 0002 2 <
ffff8e67c4a97a80 3932324245 C Ci:2:006:0 0 2 = 2e6f
ffff8e67c4a97a80 3932324278 S Ci:2:006:0 s c0 bc 0800 23be 0004 4 <
ffff8e67c4a97a80 3932326986 C Ci:2:006:0 0 4 = 000031e0
ffff8e67f59f06c0 3932327241 S Co:2:006:0 s 40 bc 0800 00c0 0004 4 = 9989ec00
ffff8e67f59f06c0 3932329788 C Co:2:006:0 0 4 >
ffff8e67f59f06c0 3932329880 S Co:2:006:0 s 40 b9 0000 0000 0004 4 = 09006603
ffff8e67f59f06c0 3932332530 C Co:2:006:0 0 4 >
ffff8e67f59f06c0 3932332619 S Ii:2:006:3 -115:1 3 <
ffff8e67f59f06c0 3932333914 C Ii:2:006:3 0:1 3 = 100000
ffff8e67f59f06c0 3932334042 S Ci:2:006:0 s c0 bc 0800 0016 0002 2 <
ffff8e67f59f06c0 3932336643 C Ci:2:006:0 0 2 = 0900
ffff8e67f59f06c0 3932336733 S Ci:2:006:0 s c0 bc 0900 001c 0002 2 <
ffff8e67f59f06c0 3932339439 C Ci:2:006:0 0 2 = 2e6f
ffff8e67f59f06c0 3932339506 S Ci:2:006:0 s c0 bc 0800 23be 0002 2 <
ffff8e67f59f06c0 3932342151 C Ci:2:006:0 0 2 = 0000
ffff8e67f59f06c0 3932342267 S Co:2:006:0 s 40 bc 0900 0014 0002 2 = d39e
ffff8e67f59f06c0 3932344864 C Co:2:006:0 0 2 >
ffff8e67f59f06c0 3932345070 S Ci:2:006:0 s c0 bc 0900 001c 0002 2 <
ffff8e67f59f06c0 3932347613 C Ci:2:006:0 0 2 = 2e6f
ffff8e67f59f06c0 3932347705 S Co:2:006:0 s 40 b9 0000 0000 0004 4 = 09016601
ffff8e67f59f06c0 3932350359 C Co:2:006:0 0 4 >
ffff8e67f59f06c0 3932350450 S Ii:2:006:3 -115:1 3 <
ffff8e67f59f06c0 3932351819 C Ii:2:006:3 0:1 3 = 100000
ffff8e67f59f06c0 3932351911 S Ci:2:006:0 s c0 bc 0800 0016 0002 2 <
ffff8e67f59f06c0 3932354632 C Ci:2:006:0 0 2 = 0900
ffff8e67f59f06c0 3932354719 S Ci:2:006:0 s c0 bc 0900 001c 0002 2 <
ffff8e67f59f06c0 3932357362 C Ci:2:006:0 0 2 = 2e6f
ffff8e67f59f06c0 3932357429 S Ci:2:006:0 s c0 bc 0800 23be 0004 4 <
ffff8e67f59f06c0 3932359899 C Ci:2:006:0 0 4 = 00007ee0
ffff8e67f59f06c0 3932359987 S Co:2:006:0 s 40 bc 0800 00c0 0004 4 = 9989ec00
ffff8e67f59f06c0 3932362627 C Co:2:006:0 0 4 >
ffff8e67f59f06c0 3932362719 S Co:2:006:0 s 40 b9 0000 0000 0004 4 = 09006603
ffff8e67f59f06c0 3932365426 C Co:2:006:0 0 4 >
ffff8e67f59f06c0 3932365508 S Ii:2:006:3 -115:1 3 <
ffff8e67f59f06c0 3932366715 C Ii:2:006:3 0:1 3 = 100000
ffff8e67f59f06c0 3932366803 S Ci:2:006:0 s c0 bc 0800 0016 0002 2 <
ffff8e67f59f06c0 3932369484 C Ci:2:006:0 0 2 = 0900
ffff8e67f59f06c0 3932369573 S Ci:2:006:0 s c0 bc 0900 001c 0002 2 <
ffff8e67f59f06c0 3932372196 C Ci:2:006:0 0 2 = 2e6f
ffff8e67f59f06c0 3932372284 S Ci:2:006:0 s c0 bc 0800 23be 0002 2 <
ffff8e67f59f06c0 3932375082 C Ci:2:006:0 0 2 = 0000
ffff8e67f59f06c0 3932375199 S Co:2:006:0 s 40 bc 0900 0014 0002 2 = d39e
ffff8e67f59f06c0 3932377829 C Co:2:006:0 0 2 >
ffff8e67f59f06c0 3932378074 S Ci:2:006:0 s c0 bc 0900 001c 0002 2 <
ffff8e67f59f06c0 3932380556 C Ci:2:006:0 0 2 = 2e6f
ffff8e67f59f06c0 3932380642 S Co:2:006:0 s 40 b9 0000 0000 0004 4 = 09016601
ffff8e67f59f06c0 3932383255 C Co:2:006:0 0 4 >
ffff8e67f59f06c0 3932383340 S Ii:2:006:3 -115:1 3 <
ffff8e67f59f06c0 3932384635 C Ii:2:006:3 0:1 3 = 100000
ffff8e67f59f06c0 3932384795 S Ci:2:006:0 s c0 bc 0800 0016 0002 2 <
ffff8e67f59f06c0 3932387384 C Ci:2:006:0 0 2 = 0900
ffff8e67f59f06c0 3932387477 S Ci:2:006:0 s c0 bc 0900 001c 0002 2 <
ffff8e67f59f06c0 3932390191 C Ci:2:006:0 0 2 = 2e6f
ffff8e67f59f06c0 3932390282 S Ci:2:006:0 s c0 bc 0800 23be 0004 4 <
ffff8e67f59f06c0 3932392923 C Ci:2:006:0 0 4 = 00004ae0
ffff8e67f59f06c0 3932393015 S Co:2:006:0 s 40 bc 0800 00c0 0004 4 = 9989ec00
ffff8e67f59f06c0 3932395675 C Co:2:006:0 0 4 >
ffff8e67f59f06c0 3932395765 S Co:2:006:0 s 40 b9 0000 0000 0004 4 = 09006603
ffff8e67f59f06c0 3932398383 C Co:2:006:0 0 4 >
ffff8e67f59f06c0 3932398470 S Ii:2:006:3 -115:1 3 <
ffff8e67f59f06c0 3932399750 C Ii:2:006:3 0:1 3 = 100000
ffff8e67f59f06c0 3932399836 S Ci:2:006:0 s c0 bc 0800 0016 0002 2 <
ffff8e67f59f06c0 3932402518 C Ci:2:006:0 0 2 = 0900
ffff8e67f59f06c0 3932402611 S Ci:2:006:0 s c0 bc 0900 001c 0002 2 <
ffff8e67f59f06c0 3932405351 C Ci:2:006:0 0 2 = 2e6f
ffff8e67f59f06c0 3932405433 S Ci:2:006:0 s c0 bc 0800 23be 0002 2 <
ffff8e67f59f06c0 3932408001 C Ci:2:006:0 0 2 = 0000
ffff8e67f59f06c0 3932408092 S Co:2:006:0 s 40 bc 0900 0014 0002 2 = d39e
ffff8e67f59f06c0 3932410744 C Co:2:006:0 0 2 >
ffff8e67f59f06c0 3932410832 S Ci:2:006:0 s c0 bc 0900 001c 0002 2 <
ffff8e67f59f06c0 3932413608 C Ci:2:006:0 0 2 = 2e6f
ffff8e67f59f06c0 3932413699 S Co:2:006:0 s 40 b9 0000 0000 0004 4 = 09016601
ffff8e67f59f06c0 3932416364 C Co:2:006:0 0 4 >
ffff8e67f59f06c0 3932416453 S Ii:2:006:3 -115:1 3 <
ffff8e67f59f06c0 3932417764 C Ii:2:006:3 0:1 3 = 100000
ffff8e67f59f06c0 3932417854 S Ci:2:006:0 s c0 bc 0800 0016 0002 2 <
ffff8e67f59f06c0 3932420517 C Ci:2:006:0 0 2 = 0900
ffff8e67f59f06c0 3932420606 S Ci:2:006:0 s c0 bc 0900 001c 0002 2 <
ffff8e67f59f06c0 3932423286 C Ci:2:006:0 0 2 = 2e6f
ffff8e67f59f06c0 3932423377 S Ci:2:006:0 s c0 bc 0800 23be 0004 4 <
ffff8e67f59f06c0 3932426005 C Ci:2:006:0 0 4 = 000091e0
ffff8e67f59f06c0 3932426096 S Co:2:006:0 s 40 bc 0800 00c0 0004 4 = 9989ec00
ffff8e67f59f06c0 3932428870 C Co:2:006:0 0 4 >
ffff8e67f59f06c0 3932429044 S Co:2:006:0 s 40 b9 0000 0000 0004 4 = 09006603
ffff8e67f59f06c0 3932431488 C Co:2:006:0 0 4 >
ffff8e67f59f06c0 3932431577 S Ii:2:006:3 -115:1 3 <
ffff8e67f59f06c0 3932432928 C Ii:2:006:3 0:1 3 = 100000
ffff8e67f59f06c0 3932433051 S Ci:2:006:0 s c0 bc 0800 0016 0002 2 <
ffff8e67f59f06c0 3932435584 C Ci:2:006:0 0 2 = 0900
ffff8e67f59f06c0 3932435770 S Ci:2:006:0 s c0 bc 0900 001c 0002 2 <
ffff8e67f59f06c0 3932438299 C Ci:2:006:0 0 2 = 2e6f
ffff8e67f59f06c0 3932438409 S Ci:2:006:0 s c0 bc 0800 23be 0002 2 <
ffff8e67f59f06c0 3932440979 C Ci:2:006:0 0 2 = 0000
ffff8e67f59f06c0 3932441086 S Co:2:006:0 s 40 bc 0900 0014 0002 2 = d39e
ffff8e67f59f06c0 3932443774 C Co:2:006:0 0 2 >
ffff8e67f59f06c0 3932443881 S Ci:2:006:0 s c0 bc 0900 001c 0002 2 <
ffff8e67f59f06c0 3932446555 C Ci:2:006:0 0 2 = 2e6f
ffff8e67f59f06c0 3932446645 S Co:2:006:0 s 40 b9 0000 0000 0004 4 = 09016601
ffff8e67f59f06c0 3932449249 C Co:2:006:0 0 4 >
ffff8e67f59f06c0 3932449381 S Ii:2:006:3 -115:1 3 <
ffff8e67f59f06c0 3932450684 C Ii:2:006:3 0:1 3 = 100000
ffff8e67f59f06c0 3932450744 S Ci:2:006:0 s c0 bc 0800 0016 0002 2 <
ffff8e67f59f06c0 3932453487 C Ci:2:006:0 0 2 = 0900
ffff8e67f59f06c0 3932453590 S Ci:2:006:0 s c0 bc 0900 001c 0002 2 <
ffff8e67f59f06c0 3932456361 C Ci:2:006:0 0 2 = 2e6f
ffff8e67f59f06c0 3932456438 S Ci:2:006:0 s c0 bc 0800 23be 0004 4 <
ffff8e67f59f06c0 3932458962 C Ci:2:006:0 0 4 = 0000fde0
ffff8e67f59f06c0 3932459067 S Co:2:006:0 s 40 bc 0800 00c0 0004 4 = 9989ec00
ffff8e67f59f06c0 3932461731 C Co:2:006:0 0 4 >
ffff8e67f59f06c0 3932461869 S Co:2:006:0 s 40 b9 0000 0000 0004 4 = 09006603
ffff8e67f59f06c0 3932464498 C Co:2:006:0 0 4 >
ffff8e67f59f06c0 3932464634 S Ii:2:006:3 -115:1 3 <
ffff8e67f59f06c0 3932465853 C Ii:2:006:3 0:1 3 = 100000
ffff8e67f59f06c0 3932465921 S Ci:2:006:0 s c0 bc 0800 0016 0002 2 <
ffff8e67f59f06c0 3932468687 C Ci:2:006:0 0 2 = 0900
ffff8e67f59f06c0 3932468757 S Ci:2:006:0 s c0 bc 0900 001c 0002 2 <
ffff8e67f59f06c0 3932471394 C Ci:2:006:0 0 2 = 2e6f
ffff8e67f59f06c0 3932471544 S Ci:2:006:0 s c0 bc 0800 23be 0002 2 <
ffff8e67f59f06c0 3932474082 C Ci:2:006:0 0 2 = 0000
ffff8e67f59f06c0 3932474248 S Co:2:006:0 s 40 bc 0900 0014 0002 2 = d39e
ffff8e67f59f06c0 3932476945 C Co:2:006:0 0 2 >
ffff8e67f59f06c0 3932477092 S Ci:2:006:0 s c0 bc 0900 001c 0002 2 <
ffff8e67f59f06c0 3932479662 C Ci:2:006:0 0 2 = 2e6f
ffff8e67f59f06c0 3932479780 S Co:2:006:0 s 40 b9 0000 0000 0004 4 = 09016601
ffff8e67f59f06c0 3932482423 C Co:2:006:0 0 4 >
ffff8e67f59f06c0 3932482566 S Ii:2:006:3 -115:1 3 <
ffff8e67f59f06c0 3932483785 C Ii:2:006:3 0:1 3 = 100000
ffff8e67f59f06c0 3932483882 S Ci:2:006:0 s c0 bc 0800 0016 0002 2 <
ffff8e67f59f06c0 3932486458 C Ci:2:006:0 0 2 = 0900
ffff8e67f59f06c0 3932486604 S Ci:2:006:0 s c0 bc 0900 001c 0002 2 <
ffff8e67f59f06c0 3932489222 C Ci:2:006:0 0 2 = 2e6f
ffff8e67f59f06c0 3932489296 S Ci:2:006:0 s c0 bc 0800 23be 0004 4 <
ffff8e67f59f06c0 3932491963 C Ci:2:006:0 0 4 = 0000b1e0
ffff8e67f59f06c0 3932492031 S Co:2:006:0 s 40 bc 0800 00c0 0004 4 = 9989ec00
ffff8e67f59f06c0 3932494671 C Co:2:006:0 0 4 >
ffff8e67f59f06c0 3932494801 S Co:2:006:0 s 40 b9 0000 0000 0004 4 = 09006603
ffff8e67f59f06c0 3932497429 C Co:2:006:0 0 4 >
ffff8e67f59f06c0 3932497571 S Ii:2:006:3 -115:1 3 <
ffff8e67f59f06c0 3932498880 C Ii:2:006:3 0:1 3 = 100000
ffff8e67f59f06c0 3932498960 S Ci:2:006:0 s c0 bc 0800 0016 0002 2 <
ffff8e67f59f06c0 3932501678 C Ci:2:006:0 0 2 = 0900
ffff8e67f59f06c0 3932501847 S Ci:2:006:0 s c0 bc 0900 001c 0002 2 <
ffff8e67f59f06c0 3932504444 C Ci:2:006:0 0 2 = 2e6f
ffff8e67f59f06c0 3932504578 S Ci:2:006:0 s c0 bc 0800 23be 0002 2 <
ffff8e67f59f06c0 3932507155 C Ci:2:006:0 0 2 = 0000
ffff8e67f59f06c0 3932507294 S Co:2:006:0 s 40 bc 0900 0014 0002 2 = d39e
ffff8e67f59f06c0 3932509786 C Co:2:006:0 0 2 >
ffff8e67c6eea9c0 3932510300 S Ci:2:006:0 s c0 bc 0900 001c 0002 2 <
ffff8e67c6eea9c0 3932512572 C Ci:2:006:0 0 2 = 2e6f
ffff8e67c6eea9c0 3932512693 S Co:2:006:0 s 40 b9 0000 0000 0004 4 = 09016601
ffff8e67c6eea9c0 3932515241 C Co:2:006:0 0 4 >
ffff8e67c6eea9c0 3932515336 S Ii:2:006:3 -115:1 3 <
ffff8e67c6eea9c0 3932516621 C Ii:2:006:3 0:1 3 = 100000
ffff8e67c6eea9c0 3932516750 S Ci:2:006:0 s c0 bc 0800 0016 0002 2 <
ffff8e67c6eea9c0 3932519471 C Ci:2:006:0 0 2 = 0900
ffff8e67f59f0600 3932520015 S Ci:2:006:0 s c0 bc 0900 001c 0002 2 <
ffff8e67f59f0600 3932522201 C Ci:2:006:0 0 2 = 2e6f
ffff8e67f59f0600 3932522433 S Ci:2:006:0 s c0 bc 0800 23be 0004 4 <
ffff8e67f59f0600 3932524751 C Ci:2:006:0 0 4 = 00005ae0
ffff8e67f59f0600 3932524806 S Co:2:006:0 s 40 bc 0800 00c0 0004 4 = 9989ec00
ffff8e67f59f0600 3932527327 C Co:2:006:0 0 4 >
ffff8e67f59f0600 3932527488 S Co:2:006:0 s 40 b9 0000 0000 0004 4 = 09006603
ffff8e67f59f0600 3932530010 C Co:2:006:0 0 4 >
ffff8e67f59f0600 3932530093 S Ii:2:006:3 -115:1 3 <
ffff8e67f59f0600 3932531181 C Ii:2:006:3 0:1 3 = 100000
ffff8e67f59f0600 3932532074 S Ci:2:006:0 s c0 bc 0800 0016 0002 2 <
ffff8e67f59f0600 3932533706 C Ci:2:006:0 0 2 = 0900
ffff8e67f59f0600 3932533789 S Ci:2:006:0 s c0 bc 0900 001c 0002 2 <
ffff8e67f59f0600 3932536311 C Ci:2:006:0 0 2 = 2e6f
ffff8e67f59f0600 3932536391 S Ci:2:006:0 s c0 bc 0800 23be 0002 2 <
ffff8e67f59f0600 3932538996 C Ci:2:006:0 0 2 = 0000
ffff8e67f59f0600 3932539150 S Co:2:006:0 s 40 bc 0900 0014 0002 2 = d39e
ffff8e67f59f0600 3932541719 C Co:2:006:0 0 2 >
ffff8e67f59f0600 3932542462 S Ci:2:006:0 s c0 bc 0900 001c 0002 2 <
ffff8e67f59f0600 3932544319 C Ci:2:006:0 0 2 = 2e6f
ffff8e67f59f0600 3932544441 S Co:2:006:0 s 40 b9 0000 0000 0004 4 = 09016601
ffff8e67f59f0600 3932546936 C Co:2:006:0 0 4 >
ffff8e67f59f0600 3932546984 S Ii:2:006:3 -115:1 3 <
ffff8e67f59f0600 3932548198 C Ii:2:006:3 0:1 3 = 100000
ffff8e67f59f0600 3932548360 S Ci:2:006:0 s c0 bc 0800 0016 0002 2 <
ffff8e67f59f0600 3932550829 C Ci:2:006:0 0 2 = 0900
ffff8e67f59f0600 3932550874 S Ci:2:006:0 s c0 bc 0900 001c 0002 2 <
ffff8e67f59f0600 3932553525 C Ci:2:006:0 0 2 = 2e6f
ffff8e67f59f0600 3932553617 S Ci:2:006:0 s c0 bc 0800 23be 0004 4 <
ffff8e67f59f0600 3932556178 C Ci:2:006:0 0 4 = 000003e0
ffff8e67f59f0600 3932556298 S Co:2:006:0 s 40 bc 0800 00c0 0004 4 = 9989ec00
ffff8e67f59f0600 3932558803 C Co:2:006:0 0 4 >
ffff8e67c6eeac00 3932559152 S Co:2:006:0 s 40 b9 0000 0000 0004 4 = 09006603
ffff8e67c6eeac00 3932561494 C Co:2:006:0 0 4 >
ffff8e67c6eeac00 3932561624 S Ii:2:006:3 -115:1 3 <
ffff8e67c6eeac00 3932562835 C Ii:2:006:3 0:1 3 = 100000
ffff8e67c6eeac00 3932563024 S Ci:2:006:0 s c0 bc 0800 0016 0002 2 <
ffff8e67c6eeac00 3932565671 C Ci:2:006:0 0 2 = 0900
ffff8e67c6eeac00 3932565817 S Ci:2:006:0 s c0 bc 0900 001c 0002 2 <
ffff8e67c6eeac00 3932568409 C Ci:2:006:0 0 2 = 2e6f
ffff8e67c6eeac00 3932568522 S Ci:2:006:0 s c0 bc 0800 23be 0002 2 <
ffff8e67c6eeac00 3932571003 C Ci:2:006:0 0 2 = 0000
ffff8e67c6eeac00 3932571135 S Co:2:006:0 s 40 bc 0900 0014 0002 2 = d39e
ffff8e67c6eeac00 3932573875 C Co:2:006:0 0 2 >
ffff8e67c6eeac00 3932574077 S Ci:2:006:0 s c0 bc 0900 001c 0002 2 <
ffff8e67c6eeac00 3932576550 C Ci:2:006:0 0 2 = 2e6f
ffff8e67c6eeac00 3932576714 S Co:2:006:0 s 40 b9 0000 0000 0004 4 = 09016601
ffff8e67c6eeac00 3932579295 C Co:2:006:0 0 4 >
ffff8e67c6eeac00 3932579473 S Ii:2:006:3 -115:1 3 <
ffff8e67c6eeac00 3932580604 C Ii:2:006:3 0:1 3 = 100000
ffff8e67c6eeac00 3932580809 S Ci:2:006:0 s c0 bc 0800 0016 0002 2 <
ffff8e67c6eeac00 3932583492 C Ci:2:006:0 0 2 = 0900
ffff8e67c6eeac00 3932583759 S Ci:2:006:0 s c0 bc 0900 001c 0002 2 <
ffff8e67c6eeac00 3932586175 C Ci:2:006:0 0 2 = 2e6f
ffff8e67c6eeac00 3932586347 S Ci:2:006:0 s c0 bc 0800 23be 0004 4 <
ffff8e67c6eeac00 3932588888 C Ci:2:006:0 0 4 = 000091e0
ffff8e67c6eeac00 3932589063 S Co:2:006:0 s 40 bc 0800 00c0 0004 4 = 9989ec00
ffff8e67c6eeac00 3932591610 C Co:2:006:0 0 4 >
ffff8e67c6eeac00 3932591769 S Co:2:006:0 s 40 b9 0000 0000 0004 4 = 09006603
ffff8e67c6eeac00 3932594214 C Co:2:006:0 0 4 >
ffff8e67c6eeac00 3932594269 S Ii:2:006:3 -115:1 3 <
ffff8e67c6eeac00 3932595556 C Ii:2:006:3 0:1 3 = 100000
ffff8e67c6eeac00 3932595707 S Ci:2:006:0 s c0 bc 0800 0016 0002 2 <
ffff8e67c6eeac00 3932598415 C Ci:2:006:0 0 2 = 0900
ffff8e67c6eeac00 3932598488 S Ci:2:006:0 s c0 bc 0900 001c 0002 2 <
ffff8e67c6eeac00 3932600987 C Ci:2:006:0 0 2 = 2e6f
ffff8e67c6eeac00 3932601156 S Ci:2:006:0 s c0 bc 0800 23be 0002 2 <
ffff8e67c6eeac00 3932603775 C Ci:2:006:0 0 2 = 0000
ffff8e67c6eeac00 3932603845 S Co:2:006:0 s 40 bc 0900 0014 0002 2 = d39e
ffff8e67c6eeac00 3932606430 C Co:2:006:0 0 2 >
ffff8e67c6eeac00 3932606607 S Ci:2:006:0 s c0 bc 0900 001c 0002 2 <
ffff8e67c6eeac00 3932609024 C Ci:2:006:0 0 2 = 2e6f
ffff8e67c6eeac00 3932609194 S Co:2:006:0 s 40 b9 0000 0000 0004 4 = 09016601
ffff8e67c6eeac00 3932611778 C Co:2:006:0 0 4 >
ffff8e67c6eeac00 3932611987 S Ii:2:006:3 -115:1 3 <
ffff8e67c6eeac00 3932612989 C Ii:2:006:3 0:1 3 = 100000
ffff8e67c6eeac00 3932613232 S Ci:2:006:0 s c0 bc 0800 0016 0002 2 <
ffff8e67c6eeac00 3932615750 C Ci:2:006:0 0 2 = 0900
ffff8e67c6eeac00 3932615811 S Ci:2:006:0 s c0 bc 0900 001c 0002 2 <
ffff8e67c6eeac00 3932618456 C Ci:2:006:0 0 2 = 2e6f
ffff8e67c6eeac00 3932621088 S Ci:2:006:0 s c0 bc 0800 23be 0004 4 <
ffff8e67c6eeac00 3932623393 C Ci:2:006:0 0 4 = 000074e0
ffff8e67c6eeac00 3932623449 S Co:2:006:0 s 40 bc 0800 00c0 0004 4 = 9989ec00
ffff8e67c6eeac00 3932625955 C Co:2:006:0 0 4 >
ffff8e67c6eeac00 3932626009 S Co:2:006:0 s 40 b9 0000 0000 0004 4 = 09006603
ffff8e67c6eeac00 3932628851 C Co:2:006:0 0 4 >
ffff8e67c6eeac00 3932628907 S Ii:2:006:3 -115:1 3 <
ffff8e67c6eeac00 3932629938 C Ii:2:006:3 0:1 3 = 100000
ffff8e67c4a97d80 3932630075 S Ci:2:006:0 s c0 bc 0800 0016 0002 2 <
ffff8e67c4a97d80 3932632625 C Ci:2:006:0 0 2 = 0900
ffff8e67c4a97d80 3932632656 S Ci:2:006:0 s c0 bc 0900 001c 0002 2 <
ffff8e67c4a97d80 3932635253 C Ci:2:006:0 0 2 = 2e6f
ffff8e67c4a97d80 3932635295 S Ci:2:006:0 s c0 bc 0800 23be 0002 2 <
ffff8e67c4a97d80 3932637938 C Ci:2:006:0 0 2 = 0000
ffff8e67c4a97d80 3932638332 S Co:2:006:0 s 40 bc 0900 0014 0002 2 = d39e
ffff8e67c4a97d80 3932640489 C Co:2:006:0 0 2 >
ffff8e67c4a97d80 3932640532 S Ci:2:006:0 s c0 bc 0900 001c 0002 2 <
ffff8e67c4a97d80 3932643173 C Ci:2:006:0 0 2 = 2e6f
ffff8e67c4a97d80 3932645639 S Co:2:006:0 s 40 b9 0000 0000 0004 4 = 09016601
ffff8e67c4a97d80 3932648009 C Co:2:006:0 0 4 >
ffff8e67c4a97d80 3932648131 S Ii:2:006:3 -115:1 3 <
ffff8e67c4a97d80 3932649188 C Ii:2:006:3 0:1 3 = 100000
ffff8e67c4a97d80 3932649229 S Ci:2:006:0 s c0 bc 0800 0016 0002 2 <
ffff8e67c4a97d80 3932651920 C Ci:2:006:0 0 2 = 0900
ffff8e67c4a97d80 3932651978 S Ci:2:006:0 s c0 bc 0900 001c 0002 2 <
ffff8e67c4a97d80 3932654640 C Ci:2:006:0 0 2 = 2e6f
ffff8e67c4a97d80 3932654694 S Ci:2:006:0 s c0 bc 0800 23be 0004 4 <
ffff8e67c4a97d80 3932657333 C Ci:2:006:0 0 4 = 0000a8e0
ffff8e67c4a97d80 3932657389 S Co:2:006:0 s 40 bc 0800 00c0 0004 4 = 9989ec00
ffff8e67c4a97d80 3932659878 C Co:2:006:0 0 4 >
ffff8e67c4a97d80 3932659919 S Co:2:006:0 s 40 b9 0000 0000 0004 4 = 09006603
ffff8e67c4a97d80 3932662510 C Co:2:006:0 0 4 >
ffff8e67c26db840 3932663148 S Ii:2:006:3 -115:1 3 <
ffff8e67c26db840 3932663821 C Ii:2:006:3 0:1 3 = 100000
ffff8e67c26db840 3932663936 S Ci:2:006:0 s c0 bc 0800 0016 0002 2 <
ffff8e67c26db840 3932666495 C Ci:2:006:0 0 2 = 0900
ffff8e67c26db840 3932666604 S Ci:2:006:0 s c0 bc 0900 001c 0002 2 <
ffff8e67c26db840 3932669165 C Ci:2:006:0 0 2 = 2e6f
ffff8e67c26db840 3932669242 S Ci:2:006:0 s c0 bc 0800 23be 0002 2 <
ffff8e67c26db840 3932671819 C Ci:2:006:0 0 2 = 0000
ffff8e67c26db840 3932671954 S Co:2:006:0 s 40 bc 0900 0014 0002 2 = d39e
ffff8e67c26db840 3932674356 C Co:2:006:0 0 2 >
ffff8e67c26db840 3932674422 S Ci:2:006:0 s c0 bc 0900 001c 0002 2 <
ffff8e67c26db840 3932676913 C Ci:2:006:0 0 2 = 2e6f
ffff8e67c26db840 3932677026 S Co:2:006:0 s 40 b9 0000 0000 0004 4 = 09016601
ffff8e67c26db840 3932679643 C Co:2:006:0 0 4 >
ffff8e67c26db840 3932679743 S Ii:2:006:3 -115:1 3 <
ffff8e67c26db840 3932680976 C Ii:2:006:3 0:1 3 = 100000
ffff8e67c26db840 3932681061 S Ci:2:006:0 s c0 bc 0800 0016 0002 2 <
ffff8e67c26db840 3932683635 C Ci:2:006:0 0 2 = 0900
ffff8e67c26db840 3932683766 S Ci:2:006:0 s c0 bc 0900 001c 0002 2 <
ffff8e67c26db840 3932686281 C Ci:2:006:0 0 2 = 2e6f
ffff8e67c26db840 3932686382 S Ci:2:006:0 s c0 bc 0800 23be 0004 4 <
ffff8e67c26db840 3932688892 C Ci:2:006:0 0 4 = 000051e0
ffff8e67c26db840 3932688963 S Co:2:006:0 s 40 bc 0800 00c0 0004 4 = 9989ec00
ffff8e67c26db840 3932691475 C Co:2:006:0 0 4 >
ffff8e67c26db840 3932691587 S Co:2:006:0 s 40 b9 0000 0000 0004 4 = 09006603
ffff8e67c26db840 3932694054 C Co:2:006:0 0 4 >
ffff8e67c26db840 3932694262 S Ii:2:006:3 -115:1 3 <
ffff8e67c26db840 3932695397 C Ii:2:006:3 0:1 3 = 100000
ffff8e67c26db840 3932695597 S Ci:2:006:0 s c0 bc 0800 0016 0002 2 <
ffff8e67c26db840 3932698124 C Ci:2:006:0 0 2 = 0900
ffff8e67c26db840 3932698193 S Ci:2:006:0 s c0 bc 0900 001c 0002 2 <
ffff8e67c26db840 3932700794 C Ci:2:006:0 0 2 = 2e6f
ffff8e67c26db840 3932700910 S Ci:2:006:0 s c0 bc 0800 23be 0002 2 <
ffff8e67c26db840 3932703344 C Ci:2:006:0 0 2 = 0000
ffff8e67c26db840 3932703442 S Co:2:006:0 s 40 bc 0900 0014 0002 2 = d39e
ffff8e67c26db840 3932706001 C Co:2:006:0 0 2 >
ffff8e67c26db840 3932706122 S Ci:2:006:0 s c0 bc 0900 001c 0002 2 <
ffff8e67c26db840 3932708761 C Ci:2:006:0 0 2 = 2e6f
ffff8e67c26db840 3932708874 S Co:2:006:0 s 40 b9 0000 0000 0004 4 = 09016601
ffff8e67c26db840 3932711196 C Co:2:006:0 0 4 >
ffff8e67c26db840 3932711407 S Ii:2:006:3 -115:1 3 <
ffff8e67c26db840 3932712435 C Ii:2:006:3 0:1 3 = 100000
ffff8e67c26db840 3932712534 S Ci:2:006:0 s c0 bc 0800 0016 0002 2 <
ffff8e67c26db840 3932715112 C Ci:2:006:0 0 2 = 0900
ffff8e67c26db840 3932715208 S Ci:2:006:0 s c0 bc 0900 001c 0002 2 <
ffff8e67c26db840 3932717784 C Ci:2:006:0 0 2 = 2e6f
ffff8e67c26db840 3932717850 S Ci:2:006:0 s c0 bc 0800 23be 0004 4 <
ffff8e67c26db840 3932720432 C Ci:2:006:0 0 4 = 0000d2e0
ffff8e67c26db840 3932720521 S Co:2:006:0 s 40 bc 0800 00c0 0004 4 = 9989ec00
ffff8e67c26db840 3932722992 C Co:2:006:0 0 4 >
ffff8e67c26db840 3932723124 S Co:2:006:0 s 40 b9 0000 0000 0004 4 = 09006603
ffff8e67c26db840 3932725655 C Co:2:006:0 0 4 >
ffff8e67c26db840 3932725721 S Ii:2:006:3 -115:1 3 <
ffff8e67c26db840 3932726810 C Ii:2:006:3 0:1 3 = 100000
ffff8e67c26db840 3932726897 S Ci:2:006:0 s c0 bc 0800 0016 0002 2 <
ffff8e67c26db840 3932729528 C Ci:2:006:0 0 2 = 0900
ffff8e67c26db840 3932729624 S Ci:2:006:0 s c0 bc 0900 001c 0002 2 <
ffff8e67c26db840 3932732109 C Ci:2:006:0 0 2 = 2e6f
ffff8e67c26db840 3932732168 S Ci:2:006:0 s c0 bc 0800 23be 0002 2 <
ffff8e67c26db840 3932734756 C Ci:2:006:0 0 2 = 0000
ffff8e67c26db840 3932734838 S Co:2:006:0 s 40 bc 0900 0014 0002 2 = d39e
ffff8e67c26db840 3932737332 C Co:2:006:0 0 2 >
ffff8e67c26db840 3932737427 S Ci:2:006:0 s c0 bc 0900 001c 0002 2 <
ffff8e67c26db840 3932739989 C Ci:2:006:0 0 2 = 2e6f
ffff8e67c26db840 3932740055 S Co:2:006:0 s 40 b9 0000 0000 0004 4 = 09016601
ffff8e67c26db840 3932742612 C Co:2:006:0 0 4 >
ffff8e67c26db840 3932742693 S Ii:2:006:3 -115:1 3 <
ffff8e67c26db840 3932743809 C Ii:2:006:3 0:1 3 = 100000
ffff8e67c26db840 3932743891 S Ci:2:006:0 s c0 bc 0800 0016 0002 2 <
ffff8e67c26db840 3932746462 C Ci:2:006:0 0 2 = 0900
ffff8e67c26db840 3932746518 S Ci:2:006:0 s c0 bc 0900 001c 0002 2 <
ffff8e67c26db840 3932749108 C Ci:2:006:0 0 2 = 2e6f
ffff8e67c26db840 3932749189 S Ci:2:006:0 s c0 bc 0800 23be 0004 4 <
ffff8e67c26db840 3932751755 C Ci:2:006:0 0 4 = 000082e0
ffff8e67c26db840 3932751847 S Co:2:006:0 s 40 bc 0800 00c0 0004 4 = 9989ec00
ffff8e67c26db840 3932754380 C Co:2:006:0 0 4 >
ffff8e67c26db840 3932754445 S Co:2:006:0 s 40 b9 0000 0000 0004 4 = 09006603
ffff8e67c26db840 3932756963 C Co:2:006:0 0 4 >
ffff8e67c26db840 3932757075 S Ii:2:006:3 -115:1 3 <
ffff8e67c26db840 3932758204 C Ii:2:006:3 0:1 3 = 100000
ffff8e67c26db840 3932758300 S Ci:2:006:0 s c0 bc 0800 0016 0002 2 <
ffff8e67c26db840 3932760745 C Ci:2:006:0 0 2 = 0900
ffff8e67c26db840 3932760826 S Ci:2:006:0 s c0 bc 0900 001c 0002 2 <
ffff8e67c26db840 3932763354 C Ci:2:006:0 0 2 = 2e6f
ffff8e67c26db840 3932763412 S Ci:2:006:0 s c0 bc 0800 23be 0002 2 <
ffff8e67c26db840 3932765948 C Ci:2:006:0 0 2 = 0000
ffff8e67c26db840 3932766070 S Co:2:006:0 s 40 bc 0900 0014 0002 2 = d39e
ffff8e67c26db840 3932768578 C Co:2:006:0 0 2 >
ffff8e67c26db840 3932768630 S Ci:2:006:0 s c0 bc 0900 001c 0002 2 <
ffff8e67c26db840 3932771244 C Ci:2:006:0 0 2 = 2e6f
ffff8e67c26db840 3932771321 S Co:2:006:0 s 40 b9 0000 0000 0004 4 = 09016601
ffff8e67c26db840 3932773718 C Co:2:006:0 0 4 >
ffff8e67c26db840 3932773793 S Ii:2:006:3 -115:1 3 <
ffff8e67c26db840 3932774931 C Ii:2:006:3 0:1 3 = 100000
ffff8e67c26db840 3932775052 S Ci:2:006:0 s c0 bc 0800 0016 0002 2 <
ffff8e67c26db840 3932777596 C Ci:2:006:0 0 2 = 0900
ffff8e67c26db840 3932777663 S Ci:2:006:0 s c0 bc 0900 001c 0002 2 <
ffff8e67c26db840 3932780263 C Ci:2:006:0 0 2 = 2e6f
ffff8e67c26db840 3932780337 S Ci:2:006:0 s c0 bc 0800 23be 0004 4 <
ffff8e67c26db840 3932782878 C Ci:2:006:0 0 4 = 0000b1e0
ffff8e67c26db840 3932783053 S Co:2:006:0 s 40 bc 0800 00c0 0004 4 = 9989ec00
ffff8e67c26db840 3932785477 C Co:2:006:0 0 4 >
ffff8e67c26db840 3932785523 S Co:2:006:0 s 40 b9 0000 0000 0004 4 = 09006603
ffff8e67c26db840 3932788124 C Co:2:006:0 0 4 >
ffff8e67c26db840 3932788198 S Ii:2:006:3 -115:1 3 <
ffff8e67c26db840 3932789422 C Ii:2:006:3 0:1 3 = 100000
ffff8e67c26db840 3932789493 S Ci:2:006:0 s c0 bc 0800 0016 0002 2 <
ffff8e67c26db840 3932792126 C Ci:2:006:0 0 2 = 0900
ffff8e67c26db840 3932792176 S Ci:2:006:0 s c0 bc 0900 001c 0002 2 <
ffff8e67c26db840 3932794773 C Ci:2:006:0 0 2 = 2e6f
ffff8e67c26db840 3932794846 S Ci:2:006:0 s c0 bc 0800 23be 0002 2 <
ffff8e67c26db840 3932797350 C Ci:2:006:0 0 2 = 0000
ffff8e67c26db840 3932797425 S Co:2:006:0 s 40 bc 0900 0014 0002 2 = d39e
ffff8e67c26db840 3932800056 C Co:2:006:0 0 2 >
ffff8e67c26db840 3932800107 S Ci:2:006:0 s c0 bc 0900 001c 0002 2 <
ffff8e67c26db840 3932802645 C Ci:2:006:0 0 2 = 2e6f
ffff8e67c26db840 3932802718 S Co:2:006:0 s 40 b9 0000 0000 0004 4 = 09016601
ffff8e67c26db840 3932805271 C Co:2:006:0 0 4 >
ffff8e67c26db840 3932805343 S Ii:2:006:3 -115:1 3 <
ffff8e67c26db840 3932806450 C Ii:2:006:3 0:1 3 = 100000
ffff8e67c26db840 3932806519 S Ci:2:006:0 s c0 bc 0800 0016 0002 2 <
ffff8e67c26db840 3932809109 C Ci:2:006:0 0 2 = 0900
ffff8e67c26db840 3932809159 S Ci:2:006:0 s c0 bc 0900 001c 0002 2 <
ffff8e67c26db840 3932811776 C Ci:2:006:0 0 2 = 2e6f
ffff8e67c26db840 3932811870 S Ci:2:006:0 s c0 bc 0800 23be 0004 4 <
ffff8e67c26db840 3932814337 C Ci:2:006:0 0 4 = 000089e0
ffff8e67c26db840 3932814409 S Co:2:006:0 s 40 bc 0800 00c0 0004 4 = 9989ec00
ffff8e67c26db840 3932816975 C Co:2:006:0 0 4 >
ffff8e67c26db840 3932817024 S Co:2:006:0 s 40 b9 0000 0000 0004 4 = 09006603
ffff8e67c26db840 3932819597 C Co:2:006:0 0 4 >
ffff8e67c26db840 3932819667 S Ii:2:006:3 -115:1 3 <
ffff8e67c26db840 3932820833 C Ii:2:006:3 0:1 3 = 100000
ffff8e67c26db840 3932820902 S Ci:2:006:0 s c0 bc 0800 0016 0002 2 <
ffff8e67c26db840 3932823530 C Ci:2:006:0 0 2 = 0900
ffff8e67c26db840 3932823579 S Ci:2:006:0 s c0 bc 0900 001c 0002 2 <
ffff8e67c26db840 3932826070 C Ci:2:006:0 0 2 = 2e6f
ffff8e67c26db840 3932826144 S Ci:2:006:0 s c0 bc 0800 23be 0002 2 <
ffff8e67c26db840 3932828775 C Ci:2:006:0 0 2 = 0000
ffff8e67c26db840 3932828848 S Co:2:006:0 s 40 bc 0900 0014 0002 2 = d39e
ffff8e67c26db840 3932831335 C Co:2:006:0 0 2 >
ffff8e67c26db840 3932831384 S Ci:2:006:0 s c0 bc 0900 001c 0002 2 <
ffff8e67c26db840 3932833990 C Ci:2:006:0 0 2 = 2e6f
ffff8e67c26db840 3932834073 S Co:2:006:0 s 40 b9 0000 0000 0004 4 = 09016601
ffff8e67c26db840 3932836662 C Co:2:006:0 0 4 >
ffff8e67c26db840 3932836768 S Ii:2:006:3 -115:1 3 <
ffff8e67c26db840 3932837833 C Ii:2:006:3 0:1 3 = 100000
ffff8e67c26db840 3932837895 S Ci:2:006:0 s c0 bc 0800 0016 0002 2 <
ffff8e67c26db840 3932840518 C Ci:2:006:0 0 2 = 0900
ffff8e67c26db840 3932840587 S Ci:2:006:0 s c0 bc 0900 001c 0002 2 <
ffff8e67c26db840 3932843059 C Ci:2:006:0 0 2 = 2e6f
ffff8e67c26db840 3932843178 S Ci:2:006:0 s c0 bc 0800 23be 0004 4 <
ffff8e67c26db840 3932845697 C Ci:2:006:0 0 4 = 000083e0
ffff8e67c26db840 3932845821 S Co:2:006:0 s 40 bc 0800 00c0 0004 4 = 9989ec00
ffff8e67c26db840 3932848330 C Co:2:006:0 0 4 >
ffff8e67c26db840 3932848455 S Co:2:006:0 s 40 b9 0000 0000 0004 4 = 09006603
ffff8e67c26db840 3932850948 C Co:2:006:0 0 4 >
ffff8e67c26db840 3932851066 S Ii:2:006:3 -115:1 3 <
ffff8e67c26db840 3932852168 C Ii:2:006:3 0:1 3 = 100000
ffff8e67c26db840 3932852303 S Ci:2:006:0 s c0 bc 0800 0016 0002 2 <
ffff8e67c26db840 3932854834 C Ci:2:006:0 0 2 = 0900
ffff8e67c26db840 3932855051 S Ci:2:006:0 s c0 bc 0900 001c 0002 2 <
ffff8e67c26db840 3932857458 C Ci:2:006:0 0 2 = 2e6f
ffff8e67c26db840 3932857579 S Ci:2:006:0 s c0 bc 0800 23be 0002 2 <
ffff8e67c26db840 3932860090 C Ci:2:006:0 0 2 = 0000
ffff8e67c26db840 3932860227 S Co:2:006:0 s 40 bc 0900 0014 0002 2 = d39e
ffff8e67c26db840 3932862714 C Co:2:006:0 0 2 >
ffff8e67c26db840 3932862855 S Ci:2:006:0 s c0 bc 0900 001c 0002 2 <
ffff8e67c26db840 3932865326 C Ci:2:006:0 0 2 = 2e6f
ffff8e67c26db840 3932865424 S Co:2:006:0 s 40 b9 0000 0000 0004 4 = 09016601
ffff8e67c26db840 3932867948 C Co:2:006:0 0 4 >
ffff8e67c26db840 3932868070 S Ii:2:006:3 -115:1 3 <
ffff8e67c26db840 3932869170 C Ii:2:006:3 0:1 3 = 100000
ffff8e67c26db840 3932869306 S Ci:2:006:0 s c0 bc 0800 0016 0002 2 <
ffff8e67c26db840 3932871827 C Ci:2:006:0 0 2 = 0900
ffff8e67c26db840 3932871929 S Ci:2:006:0 s c0 bc 0900 001c 0002 2 <
ffff8e67c26db840 3932874576 C Ci:2:006:0 0 2 = 2e6f
ffff8e67c26db840 3932874715 S Ci:2:006:0 s c0 bc 0800 23be 0004 4 <
ffff8e67c26db840 3932877192 C Ci:2:006:0 0 4 = 000087e0
ffff8e67c26db840 3932877320 S Co:2:006:0 s 40 bc 0800 00c0 0004 4 = 9989ec00
ffff8e67c26db840 3932879821 C Co:2:006:0 0 4 >
ffff8e67c26db840 3932880026 S Co:2:006:0 s 40 b9 0000 0000 0004 4 = 09006603
ffff8e67c26db840 3932882603 C Co:2:006:0 0 4 >
ffff8e67c26db840 3932882717 S Ii:2:006:3 -115:1 3 <
ffff8e67c26db840 3932883927 C Ii:2:006:3 0:1 3 = 100000
ffff8e67c26db840 3932884028 S Ci:2:006:0 s c0 bc 0800 0016 0002 2 <
ffff8e67c26db840 3932886737 C Ci:2:006:0 0 2 = 0900
ffff8e67c26db840 3932886916 S Ci:2:006:0 s c0 bc 0900 001c 0002 2 <
ffff8e67c26db840 3932889441 C Ci:2:006:0 0 2 = 2e6f
ffff8e67c26db840 3932889515 S Ci:2:006:0 s c0 bc 0800 23be 0002 2 <
ffff8e67c26db840 3932892179 C Ci:2:006:0 0 2 = 0000
ffff8e67c26db840 3932892395 S Co:2:006:0 s 40 bc 0900 0014 0002 2 = d39e
ffff8e67c26db840 3932894838 C Co:2:006:0 0 2 >
ffff8e67c26db840 3932895027 S Ci:2:006:0 s c0 bc 0900 001c 0002 2 <
ffff8e67c26db840 3932897555 C Ci:2:006:0 0 2 = 2e6f
ffff8e67c26db840 3932897718 S Co:2:006:0 s 40 b9 0000 0000 0004 4 = 09016601
ffff8e67c26db840 3932900314 C Co:2:006:0 0 4 >
ffff8e67c26db840 3932900492 S Ii:2:006:3 -115:1 3 <
ffff8e67c26db840 3932901711 C Ii:2:006:3 0:1 3 = 100000
ffff8e67c26db840 3932901833 S Ci:2:006:0 s c0 bc 0800 0016 0002 2 <
ffff8e67c26db840 3932904463 C Ci:2:006:0 0 2 = 0900
ffff8e67c26db840 3932904556 S Ci:2:006:0 s c0 bc 0900 001c 0002 2 <
ffff8e67c26db840 3932907210 C Ci:2:006:0 0 2 = 2e6f
ffff8e67c26db840 3932907326 S Ci:2:006:0 s c0 bc 0800 23be 0004 4 <
ffff8e67c26db840 3932909960 C Ci:2:006:0 0 4 = 0000b5e0
ffff8e67c26db840 3932910160 S Co:2:006:0 s 40 bc 0800 00c0 0002 2 = 1089
ffff8e67c26db840 3932912684 C Co:2:006:0 0 2 >
ffff8e67c26db840 3932912746 S Co:2:006:0 s 40 b9 0000 0000 0004 4 = 09009802
ffff8e67c26db840 3932915439 C Co:2:006:0 0 4 >
ffff8e67c26db840 3932915570 S Ii:2:006:3 -115:1 3 <
ffff8e67c26db840 3932916800 C Ii:2:006:3 0:1 3 = 100000
ffff8e67c26db840 3932916935 S Ci:2:006:0 s c0 bc 0800 0016 0002 2 <
ffff8e67c26db840 3932919571 C Ci:2:006:0 0 2 = 0900
ffff8e67c26db840 3932919683 S Ci:2:006:0 s c0 bc 0900 001c 0002 2 <
ffff8e67c26db840 3932922340 C Ci:2:006:0 0 2 = 2e6f
ffff8e67c26db840 3932922418 S Ci:2:006:0 s c0 bc 0800 23be 0002 2 <
ffff8e67c26db840 3932925103 C Ci:2:006:0 0 2 = 0000
ffff8e67c26db840 3932925245 S Co:2:006:0 s 40 bc 0900 0014 0002 2 = d39e
ffff8e67c26db840 3932927783 C Co:2:006:0 0 2 >
ffff8e67c26db840 3932927920 S Ci:2:006:0 s c0 bc 0900 001c 0002 2 <
ffff8e67c26db840 3932930555 C Ci:2:006:0 0 2 = 2e6f
ffff8e67c26db840 3932930728 S Co:2:006:0 s 40 bc 0800 00c0 0002 2 = 1581
ffff8e67c26db840 3932933316 C Co:2:006:0 0 2 >
ffff8e67c26db840 3932933450 S Co:2:006:0 s 40 b9 0000 0000 0004 4 = 09009802
ffff8e67c26db840 3932936239 C Co:2:006:0 0 4 >
ffff8e67c26db840 3932936403 S Ii:2:006:3 -115:1 3 <
ffff8e67c26db840 3932937593 C Ii:2:006:3 0:1 3 = 100000
ffff8e67c26db840 3932937775 S Ci:2:006:0 s c0 bc 0800 0016 0002 2 <
ffff8e67c26db840 3932940321 C Ci:2:006:0 0 2 = 0900
ffff8e67c26db840 3932940438 S Ci:2:006:0 s c0 bc 0900 001c 0002 2 <
ffff8e67c26db840 3932943055 C Ci:2:006:0 0 2 = 2e6f
ffff8e67c26db840 3932943156 S Ci:2:006:0 s c0 bc 0800 23be 0002 2 <
ffff8e67c26db840 3932945705 C Ci:2:006:0 0 2 = 0000
ffff8e67c26db840 3932945876 S Co:2:006:0 s 40 bc 0900 0014 0002 2 = d39e
ffff8e67c26db840 3932948445 C Co:2:006:0 0 2 >
ffff8e67c26db840 3932948570 S Ci:2:006:0 s c0 bc 0900 001c 0002 2 <
ffff8e67c26db840 3932951203 C Ci:2:006:0 0 2 = 2e6f
ffff8e67c26db840 3932951283 S Co:2:006:0 s 40 bc 0800 00c0 0002 2 = 658a
ffff8e67c26db840 3932953917 C Co:2:006:0 0 2 >
ffff8e67c4a97d80 3932953978 S Co:2:006:0 s 40 b9 0000 0000 0004 4 = 09009802
ffff8e67c4a97d80 3932956699 C Co:2:006:0 0 4 >
ffff8e67c4a97d80 3932956789 S Ii:2:006:3 -115:1 3 <
ffff8e67c4a97d80 3932958054 C Ii:2:006:3 0:1 3 = 100000
ffff8e67c4a97d80 3932958110 S Ci:2:006:0 s c0 bc 0800 0016 0002 2 <
ffff8e67c4a97d80 3932960734 C Ci:2:006:0 0 2 = 0900
ffff8e67c4a97d80 3932960815 S Ci:2:006:0 s c0 bc 0900 001c 0002 2 <
ffff8e67c4a97d80 3932963465 C Ci:2:006:0 0 2 = 2e6f
ffff8e67c4a97d80 3932963504 S Ci:2:006:0 s c0 bc 0800 23be 0002 2 <
ffff8e67c4a97d80 3932966212 C Ci:2:006:0 0 2 = 0000
ffff8e67c4a97d80 3932966291 S Co:2:006:0 s 40 bc 0900 0014 0002 2 = d39e
ffff8e67c4a97d80 3932968946 C Co:2:006:0 0 2 >
ffff8e67c4a97d80 3932969048 S Ci:2:006:0 s c0 bc 0900 001c 0002 2 <
ffff8e67c4a97d80 3932971707 C Ci:2:006:0 0 2 = 2e6f
ffff8e67c4a97d80 3932971776 S Co:2:006:0 s 40 bc 0800 00c0 0002 2 = 1089
ffff8e67c4a97d80 3932974428 C Co:2:006:0 0 2 >
ffff8e67c4a97d80 3932974507 S Co:2:006:0 s 40 b9 0000 0000 0004 4 = 09009802
ffff8e67c4a97d80 3932977201 C Co:2:006:0 0 4 >
ffff8e67c4a97d80 3932977237 S Ii:2:006:3 -115:1 3 <
ffff8e67c4a97d80 3932978529 C Ii:2:006:3 0:1 3 = 100000
ffff8e67c4a97d80 3932978606 S Ci:2:006:0 s c0 bc 0800 0016 0002 2 <
ffff8e67c4a97d80 3932981347 C Ci:2:006:0 0 2 = 0900
ffff8e67c4a97d80 3932981384 S Ci:2:006:0 s c0 bc 0900 001c 0002 2 <
ffff8e67c4a97d80 3932984059 C Ci:2:006:0 0 2 = 2e6f
ffff8e67c4a97d80 3932984117 S Ci:2:006:0 s c0 bc 0800 23be 0002 2 <
ffff8e67c4a97d80 3932986709 C Ci:2:006:0 0 2 = 0000
ffff8e67c4a97d80 3932986790 S Co:2:006:0 s 40 bc 0900 0014 0002 2 = d39e
ffff8e67c4a97d80 3932989458 C Co:2:006:0 0 2 >
ffff8e67c4a97d80 3932989497 S Ci:2:006:0 s c0 bc 0900 001c 0002 2 <
ffff8e67c4a97d80 3932992219 C Ci:2:006:0 0 2 = 2e6f
ffff8e67c4a97d80 3932992257 S Co:2:006:0 s 40 bc 0800 00c0 0002 2 = 1128
ffff8e67c4a97d80 3932994925 C Co:2:006:0 0 2 >
ffff8e67c4a97d80 3932994998 S Co:2:006:0 s 40 b9 0000 0000 0004 4 = 09009802
ffff8e67c4a97d80 3932997674 C Co:2:006:0 0 4 >
ffff8e67c4a97d80 3932997708 S Ii:2:006:3 -115:1 3 <
ffff8e67c4a97d80 3932999008 C Ii:2:006:3 0:1 3 = 100000
ffff8e67c4a97d80 3932999118 S Ci:2:006:0 s c0 bc 0800 0016 0002 2 <
ffff8e67c4a97d80 3933001725 C Ci:2:006:0 0 2 = 0900
ffff8e67c4a97d80 3933001761 S Ci:2:006:0 s c0 bc 0900 001c 0002 2 <
ffff8e67c4a97d80 3933004488 C Ci:2:006:0 0 2 = 2e6f
ffff8e67c4a97d80 3933004524 S Ci:2:006:0 s c0 bc 0800 23be 0002 2 <
ffff8e67c4a97d80 3933007173 C Ci:2:006:0 0 2 = 0000
ffff8e67c4a97d80 3933007204 S Co:2:006:0 s 40 bc 0900 0014 0002 2 = d39e
ffff8e67c4a97d80 3933009906 C Co:2:006:0 0 2 >
ffff8e67c4a97d80 3933009937 S Ci:2:006:0 s c0 bc 0900 001c 0002 2 <
ffff8e67c4a97d80 3933012709 C Ci:2:006:0 0 2 = 2e6f
ffff8e67c4a97d80 3933012776 S Co:2:006:0 s 40 bc 0800 00c0 0002 2 = 12e8
ffff8e67c4a97d80 3933015420 C Co:2:006:0 0 2 >
ffff8e67c4a97d80 3933015451 S Co:2:006:0 s 40 b9 0000 0000 0004 4 = 09009802
ffff8e67c4a97d80 3933018153 C Co:2:006:0 0 4 >
ffff8e67c4a97d80 3933018180 S Ii:2:006:3 -115:1 3 <
ffff8e67c4a97d80 3933019531 C Ii:2:006:3 0:1 3 = 100000
ffff8e67c4a97d80 3933019592 S Ci:2:006:0 s c0 bc 0800 0016 0002 2 <
ffff8e67c4a97d80 3933022285 C Ci:2:006:0 0 2 = 0900
ffff8e67c4a97d80 3933022313 S Ci:2:006:0 s c0 bc 0900 001c 0002 2 <
ffff8e67c4a97d80 3933025049 C Ci:2:006:0 0 2 = 2e6f
ffff8e67c4a97d80 3933025094 S Ci:2:006:0 s c0 bc 0800 23be 0002 2 <
ffff8e67c4a97d80 3933027791 C Ci:2:006:0 0 2 = 0000
ffff8e67c4a97d80 3933027846 S Co:2:006:0 s 40 bc 0900 0014 0002 2 = d39e
ffff8e67c4a97d80 3933030496 C Co:2:006:0 0 2 >
ffff8e67c4a97d80 3933030517 S Ci:2:006:0 s c0 bc 0900 001c 0002 2 <
ffff8e67c4a97d80 3933033275 C Ci:2:006:0 0 2 = 2e6f
ffff8e67c4a97d80 3933033301 S Co:2:006:0 s 40 bc 0800 00c0 0002 2 = 13a8
ffff8e67c4a97d80 3933036008 C Co:2:006:0 0 2 >
ffff8e67c4a97d80 3933036092 S Co:2:006:0 s 40 b9 0000 0000 0004 4 = 09009802
ffff8e67c4a97d80 3933038786 C Co:2:006:0 0 4 >
ffff8e67c4a97d80 3933038811 S Ii:2:006:3 -115:1 3 <
ffff8e67c4a97d80 3933040128 C Ii:2:006:3 0:1 3 = 100000
ffff8e67c4a97d80 3933040152 S Ci:2:006:0 s c0 bc 0800 0016 0002 2 <
ffff8e67c4a97d80 3933042745 C Ci:2:006:0 0 2 = 0900
ffff8e67c4a97d80 3933042768 S Ci:2:006:0 s c0 bc 0900 001c 0002 2 <
ffff8e67c4a97d80 3933045513 C Ci:2:006:0 0 2 = 2e6f
ffff8e67c4a97d80 3933045536 S Ci:2:006:0 s c0 bc 0800 23be 0002 2 <
ffff8e67c4a97d80 3933048274 C Ci:2:006:0 0 2 = 0000
ffff8e67c4a97d80 3933048322 S Co:2:006:0 s 40 bc 0900 0014 0002 2 = d39e
ffff8e67c4a97d80 3933050991 C Co:2:006:0 0 2 >
ffff8e67c4a97d80 3933051026 S Ci:2:006:0 s c0 bc 0900 001c 0002 2 <
ffff8e67c4a97d80 3933053631 C Ci:2:006:0 0 2 = 2e6f
ffff8e67c4a97d80 3933053653 S Co:2:006:0 s 40 bc 0800 00c0 0002 2 = 1488
ffff8e67c4a97d80 3933056257 C Co:2:006:0 0 2 >
ffff8e67c4a97d80 3933056299 S Co:2:006:0 s 40 b9 0000 0000 0004 4 = 09009802
ffff8e67c4a97d80 3933058993 C Co:2:006:0 0 4 >
ffff8e67c4a97d80 3933059016 S Ii:2:006:3 -115:1 3 <
ffff8e67c4a97d80 3933060358 C Ii:2:006:3 0:1 3 = 100000
ffff8e67c4a97d80 3933060380 S Ci:2:006:0 s c0 bc 0800 0016 0002 2 <
ffff8e67c4a97d80 3933063040 C Ci:2:006:0 0 2 = 0900
ffff8e67c4a97d80 3933063101 S Ci:2:006:0 s c0 bc 0900 001c 0002 2 <
ffff8e67c4a97d80 3933065840 C Ci:2:006:0 0 2 = 2e6f
ffff8e67c4a97d80 3933065880 S Ci:2:006:0 s c0 bc 0800 23be 0002 2 <
ffff8e67c4a97d80 3933068618 C Ci:2:006:0 0 2 = 0000
ffff8e67c4a97d80 3933068658 S Co:2:006:0 s 40 bc 0900 0014 0002 2 = d39e
ffff8e67c4a97d80 3933071367 C Co:2:006:0 0 2 >
ffff8e67c6eea0c0 3933071433 S Ci:2:006:0 s c0 bc 0900 001c 0002 2 <
ffff8e67c6eea0c0 3933074108 C Ci:2:006:0 0 2 = 2e6f
ffff8e67c6eea0c0 3933074245 S Co:2:006:0 s 40 bc 0800 00c0 0002 2 = 158b
ffff8e67c6eea0c0 3933076864 C Co:2:006:0 0 2 >
ffff8e67c6eea0c0 3933076999 S Co:2:006:0 s 40 b9 0000 0000 0004 4 = 09009802
ffff8e67c6eea0c0 3933079570 C Co:2:006:0 0 4 >
ffff8e67c6eea0c0 3933079704 S Ii:2:006:3 -115:1 3 <
ffff8e67c6eea0c0 3933081028 C Ii:2:006:3 0:1 3 = 100000
ffff8e67c6eea0c0 3933081174 S Ci:2:006:0 s c0 bc 0800 0016 0002 2 <
ffff8e67c6eea0c0 3933083832 C Ci:2:006:0 0 2 = 0900
ffff8e67c6eea0c0 3933083931 S Ci:2:006:0 s c0 bc 0900 001c 0002 2 <
ffff8e67c6eea0c0 3933086566 C Ci:2:006:0 0 2 = 2e6f
ffff8e67c6eea0c0 3933086697 S Ci:2:006:0 s c0 bc 0800 23be 0002 2 <
ffff8e67c6eea0c0 3933089313 C Ci:2:006:0 0 2 = 0000
ffff8e67c6eea0c0 3933089473 S Co:2:006:0 s 40 bc 0900 0014 0002 2 = d39e
ffff8e67c6eea0c0 3933092102 C Co:2:006:0 0 2 >
ffff8e67c6eea0c0 3933092237 S Ci:2:006:0 s c0 bc 0900 001c 0002 2 <
ffff8e67c6eea0c0 3933094857 C Ci:2:006:0 0 2 = 2e6f
ffff8e67c6eea0c0 3933094931 S Co:2:006:0 s 40 bc 0800 00c0 0004 4 = 9989ed00
ffff8e67c6eea0c0 3933097598 C Co:2:006:0 0 4 >
ffff8e67c6eea0c0 3933097707 S Co:2:006:0 s 40 b9 0000 0000 0004 4 = 09006603
ffff8e67c6eea0c0 3933100355 C Co:2:006:0 0 4 >
ffff8e67c6eea0c0 3933100488 S Ii:2:006:3 -115:1 3 <
ffff8e67c6eea0c0 3933101630 C Ii:2:006:3 0:1 3 = 100000
ffff8e67c6eea0c0 3933101765 S Ci:2:006:0 s c0 bc 0800 0016 0002 2 <
ffff8e67c6eea0c0 3933104454 C Ci:2:006:0 0 2 = 0900
ffff8e67c6eea0c0 3933104589 S Ci:2:006:0 s c0 bc 0900 001c 0002 2 <
ffff8e67c6eea0c0 3933107167 C Ci:2:006:0 0 2 = 2e6f
ffff8e67c6eea0c0 3933107303 S Ci:2:006:0 s c0 bc 0800 23be 0002 2 <
ffff8e67c6eea0c0 3933109859 C Ci:2:006:0 0 2 = 0000
ffff8e67c6eea0c0 3933109993 S Co:2:006:0 s 40 bc 0900 0014 0002 2 = d39e
ffff8e67c6eea0c0 3933112566 C Co:2:006:0 0 2 >
ffff8e67c6eea0c0 3933112703 S Ci:2:006:0 s c0 bc 0900 001c 0002 2 <
ffff8e67c6eea0c0 3933115376 C Ci:2:006:0 0 2 = 2e6f
ffff8e67c6eea0c0 3933115512 S Co:2:006:0 s 40 b9 0000 0000 0004 4 = 09016601
ffff8e67c6eea0c0 3933118108 C Co:2:006:0 0 4 >
ffff8e67c6eea0c0 3933118241 S Ii:2:006:3 -115:1 3 <
ffff8e67c6eea0c0 3933119377 C Ii:2:006:3 0:1 3 = 100000
ffff8e67c6eea0c0 3933119513 S Ci:2:006:0 s c0 bc 0800 0016 0002 2 <
ffff8e67c6eea0c0 3933122193 C Ci:2:006:0 0 2 = 0900
ffff8e67c6eea0c0 3933122327 S Ci:2:006:0 s c0 bc 0900 001c 0002 2 <
ffff8e67c6eea0c0 3933124904 C Ci:2:006:0 0 2 = 2e6f
ffff8e67c6eea0c0 3933124999 S Ci:2:006:0 s c0 bc 0800 23be 0004 4 <
ffff8e67c6eea0c0 3933127627 C Ci:2:006:0 0 4 = 00007ce0
ffff8e67c6eea0c0 3933127764 S Co:2:006:0 s 40 bc 0800 00c0 0004 4 = 9989ec00
ffff8e67c6eea0c0 3933130346 C Co:2:006:0 0 4 >
ffff8e67c6eea0c0 3933130478 S Co:2:006:0 s 40 b9 0000 0000 0004 4 = 09006603
ffff8e67c6eea0c0 3933133066 C Co:2:006:0 0 4 >
ffff8e67c6eea0c0 3933133210 S Ii:2:006:3 -115:1 3 <
ffff8e67c6eea0c0 3933134363 C Ii:2:006:3 0:1 3 = 100000
ffff8e67c6eea0c0 3933134496 S Ci:2:006:0 s c0 bc 0800 0016 0002 2 <
ffff8e67c6eea0c0 3933137195 C Ci:2:006:0 0 2 = 0900
ffff8e67c6eea0c0 3933137329 S Ci:2:006:0 s c0 bc 0900 001c 0002 2 <
ffff8e67c6eea0c0 3933139935 C Ci:2:006:0 0 2 = 2e6f
ffff8e67c6eea0c0 3933140137 S Ci:2:006:0 s c0 bc 0800 23be 0002 2 <
ffff8e67c6eea0c0 3933142700 C Ci:2:006:0 0 2 = 0000
ffff8e67c6eea0c0 3933142835 S Co:2:006:0 s 40 bc 0900 0014 0002 2 = d39e
ffff8e67c6eea0c0 3933145442 C Co:2:006:0 0 2 >
ffff8e67c6eea0c0 3933145580 S Ci:2:006:0 s c0 bc 0900 001c 0002 2 <
ffff8e67c6eea0c0 3933148193 C Ci:2:006:0 0 2 = 2e6f
ffff8e67c6eea0c0 3933148330 S Co:2:006:0 s 40 b9 0000 0000 0004 4 = 09016601
ffff8e67c6eea0c0 3933150845 C Co:2:006:0 0 4 >
ffff8e67c6eea0c0 3933150981 S Ii:2:006:3 -115:1 3 <
ffff8e67c6eea0c0 3933152184 C Ii:2:006:3 0:1 3 = 100000
ffff8e67c6eea0c0 3933152247 S Ci:2:006:0 s c0 bc 0800 0016 0002 2 <
ffff8e67c6eea0c0 3933154958 C Ci:2:006:0 0 2 = 0900
ffff8e67c6eea0c0 3933155122 S Ci:2:006:0 s c0 bc 0900 001c 0002 2 <
ffff8e67c6eea0c0 3933157754 C Ci:2:006:0 0 2 = 2e6f
ffff8e67c6eea0c0 3933157887 S Ci:2:006:0 s c0 bc 0800 23be 0004 4 <
ffff8e67c6eea0c0 3933160456 C Ci:2:006:0 0 4 = 0000a2e0
ffff8e67c6eea0c0 3933160604 S Co:2:006:0 s 40 bc 0800 00c0 0004 4 = 9989ec00
ffff8e67c6eea0c0 3933163192 C Co:2:006:0 0 4 >
ffff8e67c6eea0c0 3933163354 S Co:2:006:0 s 40 b9 0000 0000 0004 4 = 09006603
ffff8e67c6eea0c0 3933165958 C Co:2:006:0 0 4 >
ffff8e67c6eea0c0 3933166111 S Ii:2:006:3 -115:1 3 <
ffff8e67c6eea0c0 3933167219 C Ii:2:006:3 0:1 3 = 100000
ffff8e67c6eea0c0 3933167291 S Ci:2:006:0 s c0 bc 0800 0016 0002 2 <
ffff8e67c6eea0c0 3933170119 C Ci:2:006:0 0 2 = 0900
ffff8e67c6eea0c0 3933170242 S Ci:2:006:0 s c0 bc 0900 001c 0002 2 <
ffff8e67c6eea0c0 3933172826 C Ci:2:006:0 0 2 = 2e6f
ffff8e67c6eea0c0 3933172962 S Ci:2:006:0 s c0 bc 0800 23be 0002 2 <
ffff8e67c6eea0c0 3933175631 C Ci:2:006:0 0 2 = 0000
ffff8e67c6eea0c0 3933175767 S Co:2:006:0 s 40 bc 0900 0014 0002 2 = d39e
ffff8e67c6eea0c0 3933178338 C Co:2:006:0 0 2 >
ffff8e67c6eea0c0 3933178474 S Ci:2:006:0 s c0 bc 0900 001c 0002 2 <
ffff8e67c6eea0c0 3933181121 C Ci:2:006:0 0 2 = 2e6f
ffff8e67c6eea0c0 3933181258 S Co:2:006:0 s 40 b9 0000 0000 0004 4 = 09016601
ffff8e67c6eea0c0 3933183849 C Co:2:006:0 0 4 >
ffff8e67c6eea0c0 3933183983 S Ii:2:006:3 -115:1 3 <
ffff8e67c6eea0c0 3933185175 C Ii:2:006:3 0:1 3 = 100000
ffff8e67c6eea0c0 3933185221 S Ci:2:006:0 s c0 bc 0800 0016 0002 2 <
ffff8e67c6eea0c0 3933187995 C Ci:2:006:0 0 2 = 0900
ffff8e67c6eea0c0 3933188151 S Ci:2:006:0 s c0 bc 0900 001c 0002 2 <
ffff8e67c6eea0c0 3933190667 C Ci:2:006:0 0 2 = 2e6f
ffff8e67c6eea0c0 3933190800 S Ci:2:006:0 s c0 bc 0800 23be 0004 4 <
ffff8e67c6eea0c0 3933193420 C Ci:2:006:0 0 4 = 00002ce0
ffff8e67c6eea0c0 3933193571 S Co:2:006:0 s 40 bc 0800 00c0 0004 4 = 9989ec00
ffff8e67c6eea0c0 3933196187 C Co:2:006:0 0 4 >
ffff8e67c6eea0c0 3933196323 S Co:2:006:0 s 40 b9 0000 0000 0004 4 = 09006603
ffff8e67c6eea0c0 3933198934 C Co:2:006:0 0 4 >
ffff8e67c6eea0c0 3933199101 S Ii:2:006:3 -115:1 3 <
ffff8e67c6eea0c0 3933200241 C Ii:2:006:3 0:1 3 = 100000
ffff8e67c6eea0c0 3933200339 S Ci:2:006:0 s c0 bc 0800 0016 0002 2 <
ffff8e67c6eea0c0 3933203129 C Ci:2:006:0 0 2 = 0900
ffff8e67c6eea0c0 3933203264 S Ci:2:006:0 s c0 bc 0900 001c 0002 2 <
ffff8e67c6eea0c0 3933205924 C Ci:2:006:0 0 2 = 2e6f
ffff8e67c6eea0c0 3933206078 S Ci:2:006:0 s c0 bc 0800 23be 0002 2 <
ffff8e67c6eea0c0 3933208706 C Ci:2:006:0 0 2 = 0000
ffff8e67c6eea0c0 3933208843 S Co:2:006:0 s 40 bc 0900 0014 0002 2 = d39e
ffff8e67c6eea0c0 3933211444 C Co:2:006:0 0 2 >
ffff8e67c6eea0c0 3933211582 S Ci:2:006:0 s c0 bc 0900 001c 0002 2 <
ffff8e67c6eea0c0 3933214193 C Ci:2:006:0 0 2 = 2e6f
ffff8e67c6eea0c0 3933214330 S Co:2:006:0 s 40 b9 0000 0000 0004 4 = 09016601
ffff8e67c6eea0c0 3933216909 C Co:2:006:0 0 4 >
ffff8e67c6eea0c0 3933217084 S Ii:2:006:3 -115:1 3 <
ffff8e67c6eea0c0 3933218260 C Ii:2:006:3 0:1 3 = 100000
ffff8e67c6eea0c0 3933218389 S Ci:2:006:0 s c0 bc 0800 0016 0002 2 <
ffff8e67c6eea0c0 3933221109 C Ci:2:006:0 0 2 = 0900
ffff8e67c6eea0c0 3933221246 S Ci:2:006:0 s c0 bc 0900 001c 0002 2 <
ffff8e67c6eea0c0 3933223824 C Ci:2:006:0 0 2 = 2e6f
ffff8e67c6eea0c0 3933223960 S Ci:2:006:0 s c0 bc 0800 23be 0004 4 <
ffff8e67c6eea0c0 3933226578 C Ci:2:006:0 0 4 = 000059e0
ffff8e67c6eea0c0 3933226715 S Co:2:006:0 s 40 bc 0800 00c0 0004 4 = 9989ec00
ffff8e67c6eea0c0 3933229343 C Co:2:006:0 0 4 >
ffff8e67c6eea0c0 3933229480 S Co:2:006:0 s 40 b9 0000 0000 0004 4 = 09006603
ffff8e67c6eea0c0 3933232085 C Co:2:006:0 0 4 >
ffff8e67c6eea0c0 3933232219 S Ii:2:006:3 -115:1 3 <
ffff8e67c6eea0c0 3933233341 C Ii:2:006:3 0:1 3 = 100000
ffff8e67c6eea0c0 3933233438 S Ci:2:006:0 s c0 bc 0800 0016 0002 2 <
ffff8e67c6eea0c0 3933236246 C Ci:2:006:0 0 2 = 0900
ffff8e67c6eea0c0 3933236380 S Ci:2:006:0 s c0 bc 0900 001c 0002 2 <
ffff8e67c6eea0c0 3933239015 C Ci:2:006:0 0 2 = 2e6f
ffff8e67c6eea0c0 3933239169 S Ci:2:006:0 s c0 bc 0800 23be 0002 2 <
ffff8e67c6eea0c0 3933241836 C Ci:2:006:0 0 2 = 0000
ffff8e67c6eea0c0 3933241888 S Co:2:006:0 s 40 bc 0900 0014 0002 2 = d39e
ffff8e67c6eea0c0 3933244518 C Co:2:006:0 0 2 >
ffff8e67c6eea0c0 3933244567 S Ci:2:006:0 s c0 bc 0900 001c 0002 2 <
ffff8e67c6eea0c0 3933247374 C Ci:2:006:0 0 2 = 2e6f
ffff8e67c6eea0c0 3933247512 S Co:2:006:0 s 40 b9 0000 0000 0004 4 = 09016601
ffff8e67c6eea0c0 3933250087 C Co:2:006:0 0 4 >
ffff8e67c6eea0c0 3933250223 S Ii:2:006:3 -115:1 3 <
ffff8e67c6eea0c0 3933251376 C Ii:2:006:3 0:1 3 = 100000
ffff8e67c6eea0c0 3933251508 S Ci:2:006:0 s c0 bc 0800 0016 0002 2 <
ffff8e67c6eea0c0 3933254181 C Ci:2:006:0 0 2 = 0900
ffff8e67c6eea0c0 3933254316 S Ci:2:006:0 s c0 bc 0900 001c 0002 2 <
ffff8e67c6eea0c0 3933256920 C Ci:2:006:0 0 2 = 2e6f
ffff8e67c6eea0c0 3933257036 S Ci:2:006:0 s c0 bc 0800 23be 0004 4 <
ffff8e67c6eea0c0 3933259735 C Ci:2:006:0 0 4 = 0000dee0
ffff8e67c6eea0c0 3933259866 S Co:2:006:0 s 40 bc 0800 00c0 0004 4 = 9989ec00
ffff8e67c6eea0c0 3933262422 C Co:2:006:0 0 4 >
ffff8e67c6eea0c0 3933262617 S Co:2:006:0 s 40 b9 0000 0000 0004 4 = 09006603
ffff8e67c6eea0c0 3933265211 C Co:2:006:0 0 4 >
ffff8e67c6eea0c0 3933265382 S Ii:2:006:3 -115:1 3 <
ffff8e67c6eea0c0 3933266564 C Ii:2:006:3 0:1 3 = 100000
ffff8e67c6eea0c0 3933266648 S Ci:2:006:0 s c0 bc 0800 0016 0002 2 <
ffff8e67c6eea0c0 3933269408 C Ci:2:006:0 0 2 = 0900
ffff8e67c6eea0c0 3933269449 S Ci:2:006:0 s c0 bc 0900 001c 0002 2 <
ffff8e67c6eea0c0 3933271960 C Ci:2:006:0 0 2 = 2e6f
ffff8e67c6eea0c0 3933272098 S Ci:2:006:0 s c0 bc 0800 23be 0002 2 <
ffff8e67c6eea0c0 3933274672 C Ci:2:006:0 0 2 = 0000
ffff8e67c6eea0c0 3933274768 S Co:2:006:0 s 40 bc 0900 0014 0002 2 = d39e
ffff8e67c6eea0c0 3933277345 C Co:2:006:0 0 2 >
ffff8e67c6eea0c0 3933277481 S Ci:2:006:0 s c0 bc 0900 001c 0002 2 <
ffff8e67c6eea0c0 3933280204 C Ci:2:006:0 0 2 = 2e6f
ffff8e67c6eea0c0 3933280308 S Co:2:006:0 s 40 b9 0000 0000 0004 4 = 09016601
ffff8e67c6eea0c0 3933282901 C Co:2:006:0 0 4 >
ffff8e67c6eea0c0 3933283078 S Ii:2:006:3 -115:1 3 <
ffff8e67c6eea0c0 3933284200 C Ii:2:006:3 0:1 3 = 100000
ffff8e67c6eea0c0 3933284341 S Ci:2:006:0 s c0 bc 0800 0016 0002 2 <
ffff8e67c6eea0c0 3933287029 C Ci:2:006:0 0 2 = 0900
ffff8e67c6eea0c0 3933287194 S Ci:2:006:0 s c0 bc 0900 001c 0002 2 <
ffff8e67c6eea0c0 3933289757 C Ci:2:006:0 0 2 = 2e6f
ffff8e67c6eea0c0 3933289829 S Ci:2:006:0 s c0 bc 0800 23be 0004 4 <
ffff8e67c6eea0c0 3933292514 C Ci:2:006:0 0 4 = 00002de0
ffff8e67c6eea0c0 3933292665 S Co:2:006:0 s 40 bc 0800 00c0 0004 4 = 9989ec00
ffff8e67c6eea0c0 3933295233 C Co:2:006:0 0 4 >
ffff8e67c6eea0c0 3933295393 S Co:2:006:0 s 40 b9 0000 0000 0004 4 = 09006603
ffff8e67c6eea0c0 3933298054 C Co:2:006:0 0 4 >
ffff8e67c6eea0c0 3933298300 S Ii:2:006:3 -115:1 3 <
ffff8e67c6eea0c0 3933299449 C Ii:2:006:3 0:1 3 = 100000
ffff8e67c6eea0c0 3933299628 S Ci:2:006:0 s c0 bc 0800 0016 0002 2 <
ffff8e67c6eea0c0 3933302275 C Ci:2:006:0 0 2 = 0900
ffff8e67c6eea0c0 3933302339 S Ci:2:006:0 s c0 bc 0900 001c 0002 2 <
ffff8e67c6eea0c0 3933304949 C Ci:2:006:0 0 2 = 2e6f
ffff8e67c6eea0c0 3933305012 S Ci:2:006:0 s c0 bc 0800 23be 0002 2 <
ffff8e67c6eea0c0 3933307814 C Ci:2:006:0 0 2 = 0000
ffff8e67c6eea0c0 3933307964 S Co:2:006:0 s 40 bc 0900 0014 0002 2 = d39e
ffff8e67c6eea0c0 3933310498 C Co:2:006:0 0 2 >
ffff8e67c6eea0c0 3933310680 S Ci:2:006:0 s c0 bc 0900 001c 0002 2 <
ffff8e67c6eea0c0 3933313232 C Ci:2:006:0 0 2 = 2e6f
ffff8e67c6eea0c0 3933313395 S Co:2:006:0 s 40 b9 0000 0000 0004 4 = 09016601
ffff8e67c6eea0c0 3933315984 C Co:2:006:0 0 4 >
ffff8e67c6eea0c0 3933316158 S Ii:2:006:3 -115:1 3 <
ffff8e67c6eea0c0 3933317296 C Ii:2:006:3 0:1 3 = 100000
ffff8e67c6eea0c0 3933317409 S Ci:2:006:0 s c0 bc 0800 0016 0002 2 <
ffff8e67c6eea0c0 3933320099 C Ci:2:006:0 0 2 = 0900
ffff8e67c6eea0c0 3933320293 S Ci:2:006:0 s c0 bc 0900 001c 0002 2 <
ffff8e67c6eea0c0 3933322709 C Ci:2:006:0 0 2 = 2e6f
ffff8e67c6eea0c0 3933322838 S Ci:2:006:0 s c0 bc 0800 23be 0004 4 <
ffff8e67c6eea0c0 3933325420 C Ci:2:006:0 0 4 = 0000bde0
ffff8e67c6eea0c0 3933325511 S Co:2:006:0 s 40 bc 0800 00c0 0004 4 = 9989ec00
ffff8e67c6eea0c0 3933328022 C Co:2:006:0 0 4 >
ffff8e67c6eea0c0 3933328166 S Co:2:006:0 s 40 b9 0000 0000 0004 4 = 09006603
ffff8e67c6eea0c0 3933330836 C Co:2:006:0 0 4 >
ffff8e67c6eea0c0 3933330933 S Ii:2:006:3 -115:1 3 <
ffff8e67c6eea0c0 3933332157 C Ii:2:006:3 0:1 3 = 100000
ffff8e67c6eea0c0 3933332230 S Ci:2:006:0 s c0 bc 0800 0016 0002 2 <
ffff8e67c6eea0c0 3933334838 C Ci:2:006:0 0 2 = 0900
ffff8e67c6eea0c0 3933334948 S Ci:2:006:0 s c0 bc 0900 001c 0002 2 <
ffff8e67c6eea0c0 3933337707 C Ci:2:006:0 0 2 = 2e6f
ffff8e67c6eea0c0 3933337806 S Ci:2:006:0 s c0 bc 0800 23be 0002 2 <
ffff8e67c6eea0c0 3933340383 C Ci:2:006:0 0 2 = 0000
ffff8e67c6eea0c0 3933340535 S Co:2:006:0 s 40 bc 0900 0014 0002 2 = d39e
ffff8e67c6eea0c0 3933343049 C Co:2:006:0 0 2 >
ffff8e67c6eea0c0 3933343212 S Ci:2:006:0 s c0 bc 0900 001c 0002 2 <
ffff8e67c6eea0c0 3933345980 C Ci:2:006:0 0 2 = 2e6f
ffff8e67c6eea0c0 3933346107 S Co:2:006:0 s 40 b9 0000 0000 0004 4 = 09016601
ffff8e67c6eea0c0 3933348576 C Co:2:006:0 0 4 >
ffff8e67c6eea0c0 3933348729 S Ii:2:006:3 -115:1 3 <
ffff8e67c6eea0c0 3933349911 C Ii:2:006:3 0:1 3 = 100000
ffff8e67c6eea0c0 3933350089 S Ci:2:006:0 s c0 bc 0800 0016 0002 2 <
ffff8e67c6eea0c0 3933352764 C Ci:2:006:0 0 2 = 0900
ffff8e67c4a97a80 3933352817 S Ci:2:006:0 s c0 bc 0900 001c 0002 2 <
ffff8e67c4a97a80 3933355402 C Ci:2:006:0 0 2 = 2e6f
ffff8e67c4a97a80 3933355475 S Ci:2:006:0 s c0 bc 0800 23be 0004 4 <
ffff8e67c4a97a80 3933357977 C Ci:2:006:0 0 4 = 000099e0
ffff8e67c4a97a80 3933358075 S Co:2:006:0 s 40 bc 0800 00c0 0004 4 = 9989ec00
ffff8e67c4a97a80 3933360825 C Co:2:006:0 0 4 >
ffff8e67c4a97a80 3933360864 S Co:2:006:0 s 40 b9 0000 0000 0004 4 = 09006603
ffff8e67c4a97a80 3933363565 C Co:2:006:0 0 4 >
ffff8e67c4a97a80 3933363592 S Ii:2:006:3 -115:1 3 <
ffff8e67c4a97a80 3933364962 C Ii:2:006:3 0:1 3 = 100000
ffff8e67c4a97a80 3933365062 S Ci:2:006:0 s c0 bc 0800 0016 0002 2 <
ffff8e67c4a97a80 3933367726 C Ci:2:006:0 0 2 = 0900
ffff8e67c4a97a80 3933367766 S Ci:2:006:0 s c0 bc 0900 001c 0002 2 <
ffff8e67c4a97a80 3933370491 C Ci:2:006:0 0 2 = 2e6f
ffff8e67c4a97a80 3933370566 S Ci:2:006:0 s c0 bc 0800 23be 0002 2 <
ffff8e67c4a97a80 3933373172 C Ci:2:006:0 0 2 = 0000
ffff8e67c4a97a80 3933373203 S Co:2:006:0 s 40 bc 0900 0014 0002 2 = d39e
ffff8e67c4a97a80 3933375948 C Co:2:006:0 0 2 >
ffff8e67c4a97a80 3933376045 S Ci:2:006:0 s c0 bc 0900 001c 0002 2 <
ffff8e67c4a97a80 3933378927 C Ci:2:006:0 0 2 = 2e6f
ffff8e67c4a97a80 3933379087 S Co:2:006:0 s 40 b9 0000 0000 0004 4 = 09016601
ffff8e67c4a97a80 3933381629 C Co:2:006:0 0 4 >
ffff8e67c4a97a80 3933381686 S Ii:2:006:3 -115:1 3 <
ffff8e67c4a97a80 3933382867 C Ii:2:006:3 0:1 3 = 100000
ffff8e67c4a97a80 3933382985 S Ci:2:006:0 s c0 bc 0800 0016 0002 2 <
ffff8e67c4a97a80 3933385768 C Ci:2:006:0 0 2 = 0900
ffff8e67c4a97a80 3933385811 S Ci:2:006:0 s c0 bc 0900 001c 0002 2 <
ffff8e67c4a97a80 3933388483 C Ci:2:006:0 0 2 = 2e6f
ffff8e67c4a97a80 3933388553 S Ci:2:006:0 s c0 bc 0800 23be 0004 4 <
ffff8e67c4a97a80 3933391172 C Ci:2:006:0 0 4 = 0000c3e0
ffff8e67c4a97a80 3933391210 S Co:2:006:0 s 40 bc 0800 00c0 0004 4 = 9989ec00
ffff8e67c4a97a80 3933393871 C Co:2:006:0 0 4 >
ffff8e67c4a97a80 3933393992 S Co:2:006:0 s 40 b9 0000 0000 0004 4 = 09006603
ffff8e67c4a97a80 3933396571 C Co:2:006:0 0 4 >
ffff8e67c4a97a80 3933396605 S Ii:2:006:3 -115:1 3 <
ffff8e67c4a97a80 3933397887 C Ii:2:006:3 0:1 3 = 100000
ffff8e67c4a97a80 3933397926 S Ci:2:006:0 s c0 bc 0800 0016 0002 2 <
ffff8e67c4a97a80 3933400717 C Ci:2:006:0 0 2 = 0900
ffff8e67c4a97a80 3933400776 S Ci:2:006:0 s c0 bc 0900 001c 0002 2 <
ffff8e67c4a97a80 3933403428 C Ci:2:006:0 0 2 = 2e6f
ffff8e67c4a97a80 3933403462 S Ci:2:006:0 s c0 bc 0800 23be 0002 2 <
ffff8e67c4a97a80 3933406266 C Ci:2:006:0 0 2 = 0000
ffff8e67c4a97a80 3933406345 S Co:2:006:0 s 40 bc 0900 0014 0002 2 = d39e
ffff8e67c4a97a80 3933408785 C Co:2:006:0 0 2 >
ffff8e67c4a97a80 3933408825 S Ci:2:006:0 s c0 bc 0900 001c 0002 2 <
ffff8e67c4a97a80 3933411757 C Ci:2:006:0 0 2 = 2e6f
ffff8e67c4a97a80 3933411821 S Co:2:006:0 s 40 b9 0000 0000 0004 4 = 09016601
ffff8e67c4a97a80 3933414337 C Co:2:006:0 0 4 >
ffff8e67c4a97a80 3933414379 S Ii:2:006:3 -115:1 3 <
ffff8e67c4a97a80 3933415592 C Ii:2:006:3 0:1 3 = 100000
ffff8e67c4a97a80 3933415630 S Ci:2:006:0 s c0 bc 0800 0016 0002 2 <
ffff8e67c4a97a80 3933418429 C Ci:2:006:0 0 2 = 0900
ffff8e67c4a97a80 3933418472 S Ci:2:006:0 s c0 bc 0900 001c 0002 2 <
ffff8e67c4a97a80 3933421212 C Ci:2:006:0 0 2 = 2e6f
ffff8e67c4a97a80 3933421248 S Ci:2:006:0 s c0 bc 0800 23be 0004 4 <
ffff8e67c4a97a80 3933423958 C Ci:2:006:0 0 4 = 000011e0
ffff8e67c4a97a80 3933423999 S Co:2:006:0 s 40 bc 0800 00c0 0004 4 = 9989ec00
ffff8e67c4a97a80 3933426716 C Co:2:006:0 0 4 >
ffff8e67c4a97a80 3933426759 S Co:2:006:0 s 40 b9 0000 0000 0004 4 = 09006603
ffff8e67c4a97a80 3933429498 C Co:2:006:0 0 4 >
ffff8e67c4a97a80 3933429561 S Ii:2:006:3 -115:1 3 <
ffff8e67c4a97a80 3933430778 C Ii:2:006:3 0:1 3 = 100000
ffff8e67c4a97a80 3933430822 S Ci:2:006:0 s c0 bc 0800 0016 0002 2 <
ffff8e67c4a97a80 3933433531 C Ci:2:006:0 0 2 = 0900
ffff8e67c4a97a80 3933433576 S Ci:2:006:0 s c0 bc 0900 001c 0002 2 <
ffff8e67c4a97a80 3933436167 C Ci:2:006:0 0 2 = 2e6f
ffff8e67c4a97a80 3933436203 S Ci:2:006:0 s c0 bc 0800 23be 0002 2 <
ffff8e67c4a97a80 3933438900 C Ci:2:006:0 0 2 = 0000
ffff8e67c4a97a80 3933438921 S Co:2:006:0 s 40 bc 0900 0014 0002 2 = d39e
ffff8e67c4a97a80 3933441835 C Co:2:006:0 0 2 >
ffff8e67c4a97a80 3933441879 S Ci:2:006:0 s c0 bc 0900 001c 0002 2 <
ffff8e67c4a97a80 3933444677 C Ci:2:006:0 0 2 = 2e6f
ffff8e67c4a97a80 3933444726 S Co:2:006:0 s 40 b9 0000 0000 0004 4 = 09016601
ffff8e67c4a97a80 3933447211 C Co:2:006:0 0 4 >
ffff8e67c4a97a80 3933447233 S Ii:2:006:3 -115:1 3 <
ffff8e67c4a97a80 3933448466 C Ii:2:006:3 0:1 3 = 100000
ffff8e67c4a97a80 3933448505 S Ci:2:006:0 s c0 bc 0800 0016 0002 2 <
ffff8e67c4a97a80 3933451300 C Ci:2:006:0 0 2 = 0900
ffff8e67c4a97a80 3933451339 S Ci:2:006:0 s c0 bc 0900 001c 0002 2 <
ffff8e67c4a97a80 3933454079 C Ci:2:006:0 0 2 = 2e6f
ffff8e67c4a97a80 3933454112 S Ci:2:006:0 s c0 bc 0800 23be 0004 4 <
ffff8e67c4a97a80 3933456748 C Ci:2:006:0 0 4 = 00004de0
ffff8e67c4a97a80 3933456789 S Co:2:006:0 s 40 bc 0800 00c0 0004 4 = 9989ec00
ffff8e67c4a97a80 3933459513 C Co:2:006:0 0 4 >
ffff8e67c4a97a80 3933459555 S Co:2:006:0 s 40 b9 0000 0000 0004 4 = 09006603
ffff8e67c4a97a80 3933462337 C Co:2:006:0 0 4 >
ffff8e67c4a97a80 3933462384 S Ii:2:006:3 -115:1 3 <
ffff8e67c4a97a80 3933463640 C Ii:2:006:3 0:1 3 = 100000
ffff8e67c4a97a80 3933463674 S Ci:2:006:0 s c0 bc 0800 0016 0002 2 <
ffff8e67c4a97a80 3933466395 C Ci:2:006:0 0 2 = 0900
ffff8e67c4a97a80 3933466437 S Ci:2:006:0 s c0 bc 0900 001c 0002 2 <
ffff8e67c4a97a80 3933469125 C Ci:2:006:0 0 2 = 2e6f
ffff8e67c4a97a80 3933469166 S Ci:2:006:0 s c0 bc 0800 23be 0002 2 <
ffff8e67c4a97a80 3933471902 C Ci:2:006:0 0 2 = 0000
ffff8e67c4a97a80 3933471943 S Co:2:006:0 s 40 bc 0900 0014 0002 2 = d39e
ffff8e67c4a97a80 3933474684 C Co:2:006:0 0 2 >
ffff8e67c4a97a80 3933474749 S Ci:2:006:0 s c0 bc 0900 001c 0002 2 <
ffff8e67c4a97a80 3933477518 C Ci:2:006:0 0 2 = 2e6f
ffff8e67c4a97a80 3933477582 S Co:2:006:0 s 40 b9 0000 0000 0004 4 = 09016601
ffff8e67c4a97a80 3933480167 C Co:2:006:0 0 4 >
ffff8e67c4a97a80 3933480211 S Ii:2:006:3 -115:1 3 <
ffff8e67c4a97a80 3933481502 C Ii:2:006:3 0:1 3 = 100000
ffff8e67c4a97a80 3933481540 S Ci:2:006:0 s c0 bc 0800 0016 0002 2 <
ffff8e67c4a97a80 3933484344 C Ci:2:006:0 0 2 = 0900
ffff8e67c4a97a80 3933484426 S Ci:2:006:0 s c0 bc 0900 001c 0002 2 <
ffff8e67c4a97a80 3933487017 C Ci:2:006:0 0 2 = 2e6f
ffff8e67c4a97a80 3933487061 S Ci:2:006:0 s c0 bc 0800 23be 0004 4 <
ffff8e67c4a97a80 3933489616 C Ci:2:006:0 0 4 = 00008de0
ffff8e67c4a97a80 3933489670 S Co:2:006:0 s 40 bc 0800 00c0 0004 4 = 9989ec00
ffff8e67c4a97a80 3933492385 C Co:2:006:0 0 4 >
ffff8e67c4a97a80 3933492424 S Co:2:006:0 s 40 b9 0000 0000 0004 4 = 09006603
ffff8e67c4a97a80 3933495185 C Co:2:006:0 0 4 >
ffff8e67c4a97a80 3933495316 S Ii:2:006:3 -115:1 3 <
ffff8e67c4a97a80 3933496463 C Ii:2:006:3 0:1 3 = 100000
ffff8e67c4a97a80 3933496491 S Ci:2:006:0 s c0 bc 0800 0016 0002 2 <
ffff8e67c4a97a80 3933499139 C Ci:2:006:0 0 2 = 0900
ffff8e67c4a97a80 3933499179 S Ci:2:006:0 s c0 bc 0900 001c 0002 2 <
ffff8e67c4a97a80 3933501764 C Ci:2:006:0 0 2 = 2e6f
ffff8e67c4a97a80 3933501847 S Ci:2:006:0 s c0 bc 0800 23be 0002 2 <
ffff8e67c4a97a80 3933504497 C Ci:2:006:0 0 2 = 0000
ffff8e67c4a97a80 3933504536 S Co:2:006:0 s 40 bc 0900 0014 0002 2 = d39e
ffff8e67c4a97a80 3933507203 C Co:2:006:0 0 2 >
ffff8e67c4a97a80 3933507285 S Ci:2:006:0 s c0 bc 0900 001c 0002 2 <
ffff8e67c4a97a80 3933509931 C Ci:2:006:0 0 2 = 2e6f
ffff8e67c4a97a80 3933509973 S Co:2:006:0 s 40 b9 0000 0000 0004 4 = 09016601
ffff8e67c4a97a80 3933512667 C Co:2:006:0 0 4 >
ffff8e67c4a97a80 3933512747 S Ii:2:006:3 -115:1 3 <
ffff8e67c4a97a80 3933514041 C Ii:2:006:3 0:1 3 = 100000
ffff8e67c4a97a80 3933514072 S Ci:2:006:0 s c0 bc 0800 0016 0002 2 <
ffff8e67c4a97a80 3933516890 C Ci:2:006:0 0 2 = 0900
ffff8e67c4a97a80 3933516973 S Ci:2:006:0 s c0 bc 0900 001c 0002 2 <
ffff8e67c4a97a80 3933519730 C Ci:2:006:0 0 2 = 2e6f
ffff8e67c4a97a80 3933519766 S Ci:2:006:0 s c0 bc 0800 23be 0004 4 <
ffff8e67c4a97a80 3933522472 C Ci:2:006:0 0 4 = 000059e0
ffff8e67c4a97a80 3933522512 S Co:2:006:0 s 40 bc 0800 00c0 0004 4 = 9989ec00
ffff8e67c4a97a80 3933525196 C Co:2:006:0 0 4 >
ffff8e67c4a97a80 3933525278 S Co:2:006:0 s 40 b9 0000 0000 0004 4 = 09006603
ffff8e67c4a97a80 3933527875 C Co:2:006:0 0 4 >
ffff8e67c4a97a80 3933527907 S Ii:2:006:3 -115:1 3 <
ffff8e67c4a97a80 3933529131 C Ii:2:006:3 0:1 3 = 100000
ffff8e67c4a97a80 3933529198 S Ci:2:006:0 s c0 bc 0800 0016 0002 2 <
ffff8e67c4a97a80 3933531803 C Ci:2:006:0 0 2 = 0900
ffff8e67c4a97a80 3933531886 S Ci:2:006:0 s c0 bc 0900 001c 0002 2 <
ffff8e67c4a97a80 3933534462 C Ci:2:006:0 0 2 = 2e6f
ffff8e67c4a97a80 3933534501 S Ci:2:006:0 s c0 bc 0800 23be 0002 2 <
ffff8e67c4a97a80 3933537213 C Ci:2:006:0 0 2 = 0000
ffff8e67c4a97a80 3933537244 S Co:2:006:0 s 40 bc 0900 0014 0002 2 = d39e
ffff8e67c4a97a80 3933539813 C Co:2:006:0 0 2 >
ffff8e67c4a97a80 3933539935 S Ci:2:006:0 s c0 bc 0900 001c 0002 2 <
ffff8e67c4a97a80 3933542489 C Ci:2:006:0 0 2 = 2e6f
ffff8e67c4a97a80 3933542530 S Co:2:006:0 s 40 b9 0000 0000 0004 4 = 09016601
ffff8e67c4a97a80 3933545206 C Co:2:006:0 0 4 >
ffff8e67c4a97a80 3933545286 S Ii:2:006:3 -115:1 3 <
ffff8e67c4a97a80 3933546540 C Ii:2:006:3 0:1 3 = 100000
ffff8e67c4a97a80 3933546617 S Ci:2:006:0 s c0 bc 0800 0016 0002 2 <
ffff8e67c4a97a80 3933549279 C Ci:2:006:0 0 2 = 0900
ffff8e67c4a97a80 3933549319 S Ci:2:006:0 s c0 bc 0900 001c 0002 2 <
ffff8e67c4a97a80 3933551928 C Ci:2:006:0 0 2 = 2e6f
ffff8e67c4a97a80 3933551968 S Ci:2:006:0 s c0 bc 0800 23be 0004 4 <
ffff8e67c4a97a80 3933554694 C Ci:2:006:0 0 4 = 000090e0
ffff8e67c4a97a80 3933554739 S Co:2:006:0 s 40 bc 0800 00c0 0004 4 = 9989ec00
ffff8e67c4a97a80 3933557422 C Co:2:006:0 0 4 >
ffff8e67c4a97a80 3933557466 S Co:2:006:0 s 40 b9 0000 0000 0004 4 = 09006603
ffff8e67c4a97a80 3933560109 C Co:2:006:0 0 4 >
ffff8e67c4a97a80 3933560138 S Ii:2:006:3 -115:1 3 <
ffff8e67c4a97a80 3933561486 C Ii:2:006:3 0:1 3 = 100000
ffff8e67c4a97a80 3933561555 S Ci:2:006:0 s c0 bc 0800 0016 0002 2 <
ffff8e67c4a97a80 3933564351 C Ci:2:006:0 0 2 = 0900
ffff8e67c4a97a80 3933564395 S Ci:2:006:0 s c0 bc 0900 001c 0002 2 <
ffff8e67c4a97a80 3933567047 C Ci:2:006:0 0 2 = 2e6f
ffff8e67c4a97a80 3933567092 S Ci:2:006:0 s c0 bc 0800 23be 0002 2 <
ffff8e67c4a97a80 3933569852 C Ci:2:006:0 0 2 = 0000
ffff8e67c4a97a80 3933569885 S Co:2:006:0 s 40 bc 0900 0014 0002 2 = d39e
ffff8e67c4a97a80 3933572510 C Co:2:006:0 0 2 >
ffff8e67c4a97a80 3933572554 S Ci:2:006:0 s c0 bc 0900 001c 0002 2 <
ffff8e67c4a97a80 3933575207 C Ci:2:006:0 0 2 = 2e6f
ffff8e67c4a97a80 3933575249 S Co:2:006:0 s 40 b9 0000 0000 0004 4 = 09016601
ffff8e67c4a97a80 3933577967 C Co:2:006:0 0 4 >
ffff8e67c4a97a80 3933578044 S Ii:2:006:3 -115:1 3 <
ffff8e67c4a97a80 3933579167 C Ii:2:006:3 0:1 3 = 100000
ffff8e67c4a97a80 3933579197 S Ci:2:006:0 s c0 bc 0800 0016 0002 2 <
ffff8e67c4a97a80 3933582056 C Ci:2:006:0 0 2 = 0900
ffff8e67c4a97a80 3933582096 S Ci:2:006:0 s c0 bc 0900 001c 0002 2 <
ffff8e67c4a97a80 3933584732 C Ci:2:006:0 0 2 = 2e6f
ffff8e67c4a97a80 3933584774 S Ci:2:006:0 s c0 bc 0800 23be 0004 4 <
ffff8e67c4a97a80 3933587481 C Ci:2:006:0 0 4 = 000031e0
ffff8e67c4a97a80 3933587521 S Co:2:006:0 s 40 bc 0800 00c0 0004 4 = 9989ec00
ffff8e67c4a97a80 3933590255 C Co:2:006:0 0 4 >
ffff8e67c4a97a80 3933590286 S Co:2:006:0 s 40 b9 0000 0000 0004 4 = 09006603
ffff8e67c4a97a80 3933592814 C Co:2:006:0 0 4 >
ffff8e67c4a97a80 3933592845 S Ii:2:006:3 -115:1 3 <
ffff8e67c4a97a80 3933594106 C Ii:2:006:3 0:1 3 = 100000
ffff8e67c4a97a80 3933594144 S Ci:2:006:0 s c0 bc 0800 0016 0002 2 <
ffff8e67c4a97a80 3933596968 C Ci:2:006:0 0 2 = 0900
ffff8e67c4a97a80 3933597008 S Ci:2:006:0 s c0 bc 0900 001c 0002 2 <
ffff8e67c4a97a80 3933599760 C Ci:2:006:0 0 2 = 2e6f
ffff8e67c4a97a80 3933599953 S Ci:2:006:0 s c0 bc 0800 23be 0002 2 <
ffff8e67c4a97a80 3933602385 C Ci:2:006:0 0 2 = 0000
ffff8e67c4a97a80 3933602424 S Co:2:006:0 s 40 bc 0900 0014 0002 2 = d39e
ffff8e67c4a97a80 3933605204 C Co:2:006:0 0 2 >
ffff8e67c4a97a80 3933605247 S Ci:2:006:0 s c0 bc 0900 001c 0002 2 <
ffff8e67c4a97a80 3933607907 C Ci:2:006:0 0 2 = 2e6f
ffff8e67c4a97a80 3933608033 S Co:2:006:0 s 40 b9 0000 0000 0004 4 = 09016601
ffff8e67c4a97a80 3933610807 C Co:2:006:0 0 4 >
ffff8e67c4a97a80 3933610847 S Ii:2:006:3 -115:1 3 <
ffff8e67c4a97a80 3933612145 C Ii:2:006:3 0:1 3 = 100000
ffff8e67c4a97a80 3933612178 S Ci:2:006:0 s c0 bc 0800 0016 0002 2 <
ffff8e67c4a97a80 3933614927 C Ci:2:006:0 0 2 = 0900
ffff8e67c4a97a80 3933614970 S Ci:2:006:0 s c0 bc 0900 001c 0002 2 <
ffff8e67c4a97a80 3933617657 C Ci:2:006:0 0 2 = 2e6f
ffff8e67c4a97a80 3933617700 S Ci:2:006:0 s c0 bc 0800 23be 0004 4 <
ffff8e67c4a97a80 3933620420 C Ci:2:006:0 0 4 = 00007ee0
ffff8e67c4a97a80 3933620461 S Co:2:006:0 s 40 bc 0800 00c0 0004 4 = 9989ec00
ffff8e67c4a97a80 3933623205 C Co:2:006:0 0 4 >
ffff8e67c4a97a80 3933623248 S Co:2:006:0 s 40 b9 0000 0000 0004 4 = 09006603
ffff8e67c4a97a80 3933625796 C Co:2:006:0 0 4 >
ffff8e67c4a97a80 3933625839 S Ii:2:006:3 -115:1 3 <
ffff8e67c4a97a80 3933627107 C Ii:2:006:3 0:1 3 = 100000
ffff8e67c4a97a80 3933627146 S Ci:2:006:0 s c0 bc 0800 0016 0002 2 <
ffff8e67c4a97a80 3933629915 C Ci:2:006:0 0 2 = 0900
ffff8e67c4a97a80 3933629959 S Ci:2:006:0 s c0 bc 0900 001c 0002 2 <
ffff8e67c4a97a80 3933632790 C Ci:2:006:0 0 2 = 2e6f
ffff8e67c4a97a80 3933632833 S Ci:2:006:0 s c0 bc 0800 23be 0002 2 <
ffff8e67c4a97a80 3933635621 C Ci:2:006:0 0 2 = 0000
ffff8e67c4a97a80 3933635664 S Co:2:006:0 s 40 bc 0900 0014 0002 2 = d39e
ffff8e67c4a97a80 3933638300 C Co:2:006:0 0 2 >
ffff8e67c4a97a80 3933638344 S Ci:2:006:0 s c0 bc 0900 001c 0002 2 <
ffff8e67c4a97a80 3933641027 C Ci:2:006:0 0 2 = 2e6f
ffff8e67c4a97a80 3933641112 S Co:2:006:0 s 40 b9 0000 0000 0004 4 = 09016601
ffff8e67c4a97a80 3933643823 C Co:2:006:0 0 4 >
ffff8e67c4a97a80 3933643864 S Ii:2:006:3 -115:1 3 <
ffff8e67c4a97a80 3933645139 C Ii:2:006:3 0:1 3 = 100000
ffff8e67c4a97a80 3933645180 S Ci:2:006:0 s c0 bc 0800 0016 0002 2 <
ffff8e67c4a97a80 3933647897 C Ci:2:006:0 0 2 = 0900
ffff8e67c4a97a80 3933648078 S Ci:2:006:0 s c0 bc 0900 001c 0002 2 <
ffff8e67c4a97a80 3933650784 C Ci:2:006:0 0 2 = 2e6f
ffff8e67c4a97a80 3933650827 S Ci:2:006:0 s c0 bc 0800 23be 0004 4 <
ffff8e67c4a97a80 3933653581 C Ci:2:006:0 0 4 = 00004ae0
ffff8e67c4a97a80 3933653622 S Co:2:006:0 s 40 bc 0800 00c0 0004 4 = 9989ec00
ffff8e67c4a97a80 3933656163 C Co:2:006:0 0 4 >
ffff8e67c4a97a80 3933656189 S Co:2:006:0 s 40 b9 0000 0000 0004 4 = 09006603
ffff8e67c4a97a80 3933658886 C Co:2:006:0 0 4 >
ffff8e67c4a97a80 3933658928 S Ii:2:006:3 -115:1 3 <
ffff8e67c4a97a80 3933660211 C Ii:2:006:3 0:1 3 = 100000
ffff8e67c4a97a80 3933660244 S Ci:2:006:0 s c0 bc 0800 0016 0002 2 <
ffff8e67c4a97a80 3933663057 C Ci:2:006:0 0 2 = 0900
ffff8e67c4a97a80 3933663101 S Ci:2:006:0 s c0 bc 0900 001c 0002 2 <
ffff8e67c4a97a80 3933665804 C Ci:2:006:0 0 2 = 2e6f
ffff8e67c4a97a80 3933665848 S Ci:2:006:0 s c0 bc 0800 23be 0002 2 <
ffff8e67c4a97a80 3933668575 C Ci:2:006:0 0 2 = 0000
ffff8e67c4a97a80 3933668618 S Co:2:006:0 s 40 bc 0900 0014 0002 2 = d39e
ffff8e67c4a97a80 3933671299 C Co:2:006:0 0 2 >
ffff8e67c4a97a80 3933671343 S Ci:2:006:0 s c0 bc 0900 001c 0002 2 <
ffff8e67c4a97a80 3933674039 C Ci:2:006:0 0 2 = 2e6f
ffff8e67c4a97a80 3933674086 S Co:2:006:0 s 40 b9 0000 0000 0004 4 = 09016601
ffff8e67c4a97a80 3933676804 C Co:2:006:0 0 4 >
ffff8e67c4a97a80 3933676842 S Ii:2:006:3 -115:1 3 <
ffff8e67c4a97a80 3933678107 C Ii:2:006:3 0:1 3 = 100000
ffff8e67c4a97a80 3933678148 S Ci:2:006:0 s c0 bc 0800 0016 0002 2 <
ffff8e67c4a97a80 3933680871 C Ci:2:006:0 0 2 = 0900
ffff8e67c4a97a80 3933680916 S Ci:2:006:0 s c0 bc 0900 001c 0002 2 <
ffff8e67c4a97a80 3933683548 C Ci:2:006:0 0 2 = 2e6f
ffff8e67c4a97a80 3933683589 S Ci:2:006:0 s c0 bc 0800 23be 0004 4 <
ffff8e67c4a97a80 3933686295 C Ci:2:006:0 0 4 = 000091e0
ffff8e67c4a97a80 3933686388 S Co:2:006:0 s 40 bc 0800 00c0 0004 4 = 9989ec00
ffff8e67c4a97a80 3933688928 C Co:2:006:0 0 4 >
ffff8e67c4a97a80 3933688971 S Co:2:006:0 s 40 b9 0000 0000 0004 4 = 09006603
ffff8e67c4a97a80 3933691644 C Co:2:006:0 0 4 >
ffff8e67c4a97a80 3933691671 S Ii:2:006:3 -115:1 3 <
ffff8e67c4a97a80 3933692980 C Ii:2:006:3 0:1 3 = 100000
ffff8e67c4a97a80 3933693033 S Ci:2:006:0 s c0 bc 0800 0016 0002 2 <
ffff8e67c4a97a80 3933695885 C Ci:2:006:0 0 2 = 0900
ffff8e67c4a97a80 3933696121 S Ci:2:006:0 s c0 bc 0900 001c 0002 2 <
ffff8e67c4a97a80 3933698516 C Ci:2:006:0 0 2 = 2e6f
ffff8e67c4a97a80 3933698552 S Ci:2:006:0 s c0 bc 0800 23be 0002 2 <
ffff8e67c4a97a80 3933701199 C Ci:2:006:0 0 2 = 0000
ffff8e67c4a97a80 3933701235 S Co:2:006:0 s 40 bc 0900 0014 0002 2 = d39e
ffff8e67c4a97a80 3933703849 C Co:2:006:0 0 2 >
ffff8e67c4a97a80 3933704032 S Ci:2:006:0 s c0 bc 0900 001c 0002 2 <
ffff8e67c4a97a80 3933706709 C Ci:2:006:0 0 2 = 2e6f
ffff8e67c4a97a80 3933706753 S Co:2:006:0 s 40 b9 0000 0000 0004 4 = 09016601
ffff8e67c4a97a80 3933709417 C Co:2:006:0 0 4 >
ffff8e67c4a97a80 3933709458 S Ii:2:006:3 -115:1 3 <
ffff8e67c4a97a80 3933710750 C Ii:2:006:3 0:1 3 = 100000
ffff8e67c4a97a80 3933710791 S Ci:2:006:0 s c0 bc 0800 0016 0002 2 <
ffff8e67c4a97a80 3933713482 C Ci:2:006:0 0 2 = 0900
ffff8e67c4a97a80 3933713527 S Ci:2:006:0 s c0 bc 0900 001c 0002 2 <
ffff8e67c4a97a80 3933716143 C Ci:2:006:0 0 2 = 2e6f
ffff8e67c4a97a80 3933716179 S Ci:2:006:0 s c0 bc 0800 23be 0004 4 <
ffff8e67c4a97a80 3933718894 C Ci:2:006:0 0 4 = 0000fde0
ffff8e67c4a97a80 3933718984 S Co:2:006:0 s 40 bc 0800 00c0 0004 4 = 9989ec00
ffff8e67c4a97a80 3933721678 C Co:2:006:0 0 4 >
ffff8e67c4a97a80 3933721723 S Co:2:006:0 s 40 b9 0000 0000 0004 4 = 09006603
ffff8e67c4a97a80 3933724401 C Co:2:006:0 0 4 >
ffff8e67c4a97a80 3933724442 S Ii:2:006:3 -115:1 3 <
ffff8e67c4a97a80 3933725739 C Ii:2:006:3 0:1 3 = 100000
ffff8e67c4a97a80 3933725785 S Ci:2:006:0 s c0 bc 0800 0016 0002 2 <
ffff8e67c4a97a80 3933728495 C Ci:2:006:0 0 2 = 0900
ffff8e67c4a97a80 3933728529 S Ci:2:006:0 s c0 bc 0900 001c 0002 2 <
ffff8e67c4a97a80 3933731187 C Ci:2:006:0 0 2 = 2e6f
ffff8e67c4a97a80 3933731223 S Ci:2:006:0 s c0 bc 0800 23be 0002 2 <
ffff8e67c4a97a80 3933733889 C Ci:2:006:0 0 2 = 0000
ffff8e67c4a97a80 3933733925 S Co:2:006:0 s 40 bc 0900 0014 0002 2 = d39e
ffff8e67c4a97a80 3933736609 C Co:2:006:0 0 2 >
ffff8e67c4a97a80 3933736644 S Ci:2:006:0 s c0 bc 0900 001c 0002 2 <
ffff8e67c4a97a80 3933739390 C Ci:2:006:0 0 2 = 2e6f
ffff8e67c4a97a80 3933739435 S Co:2:006:0 s 40 b9 0000 0000 0004 4 = 09016601
ffff8e67c4a97a80 3933741969 C Co:2:006:0 0 4 >
ffff8e67c4a97a80 3933742013 S Ii:2:006:3 -115:1 3 <
ffff8e67c4a97a80 3933743349 C Ii:2:006:3 0:1 3 = 100000
ffff8e67c4a97a80 3933743392 S Ci:2:006:0 s c0 bc 0800 0016 0002 2 <
ffff8e67c4a97a80 3933746207 C Ci:2:006:0 0 2 = 0900
ffff8e67c4a97a80 3933746252 S Ci:2:006:0 s c0 bc 0900 001c 0002 2 <
ffff8e67c4a97a80 3933748891 C Ci:2:006:0 0 2 = 2e6f
ffff8e67c4a97a80 3933748935 S Ci:2:006:0 s c0 bc 0800 23be 0004 4 <
ffff8e67c4a97a80 3933751817 C Ci:2:006:0 0 4 = 0000b1e0
ffff8e67c4a97a80 3933751984 S Co:2:006:0 s 40 bc 0800 00c0 0004 4 = 9989ec00
ffff8e67c4a97a80 3933754519 C Co:2:006:0 0 4 >
ffff8e67c4a97a80 3933754562 S Co:2:006:0 s 40 b9 0000 0000 0004 4 = 09006603
ffff8e67c4a97a80 3933757199 C Co:2:006:0 0 4 >
ffff8e67c4a97a80 3933757240 S Ii:2:006:3 -115:1 3 <
ffff8e67c4a97a80 3933758496 C Ii:2:006:3 0:1 3 = 100000
ffff8e67c4a97a80 3933758537 S Ci:2:006:0 s c0 bc 0800 0016 0002 2 <
ffff8e67c4a97a80 3933761431 C Ci:2:006:0 0 2 = 0900
ffff8e67c4a97a80 3933761476 S Ci:2:006:0 s c0 bc 0900 001c 0002 2 <
ffff8e67c4a97a80 3933764137 C Ci:2:006:0 0 2 = 2e6f
ffff8e67c4a97a80 3933764173 S Ci:2:006:0 s c0 bc 0800 23be 0002 2 <
ffff8e67c4a97a80 3933766866 C Ci:2:006:0 0 2 = 0000
ffff8e67c4a97a80 3933766907 S Co:2:006:0 s 40 bc 0900 0014 0002 2 = d39e
ffff8e67c4a97a80 3933769751 C Co:2:006:0 0 2 >
ffff8e67c4a97a80 3933769797 S Ci:2:006:0 s c0 bc 0900 001c 0002 2 <
ffff8e67c4a97a80 3933772528 C Ci:2:006:0 0 2 = 2e6f
ffff8e67c4a97a80 3933772574 S Co:2:006:0 s 40 b9 0000 0000 0004 4 = 09016601
ffff8e67c4a97a80 3933775298 C Co:2:006:0 0 4 >
ffff8e67c4a97a80 3933775338 S Ii:2:006:3 -115:1 3 <
ffff8e67c4a97a80 3933776579 C Ii:2:006:3 0:1 3 = 100000
ffff8e67c4a97a80 3933776613 S Ci:2:006:0 s c0 bc 0800 0016 0002 2 <
ffff8e67c4a97a80 3933779359 C Ci:2:006:0 0 2 = 0900
ffff8e67c4a97a80 3933779400 S Ci:2:006:0 s c0 bc 0900 001c 0002 2 <
ffff8e67c4a97a80 3933782125 C Ci:2:006:0 0 2 = 2e6f
ffff8e67c4a97a80 3933782159 S Ci:2:006:0 s c0 bc 0800 23be 0004 4 <
ffff8e67c4a97a80 3933784875 C Ci:2:006:0 0 4 = 00005ae0
ffff8e67c4a97a80 3933784917 S Co:2:006:0 s 40 bc 0800 00c0 0004 4 = 9989ec00
ffff8e67c4a97a80 3933787621 C Co:2:006:0 0 4 >
ffff8e67c4a97a80 3933787663 S Co:2:006:0 s 40 b9 0000 0000 0004 4 = 09006603
ffff8e67c4a97a80 3933790353 C Co:2:006:0 0 4 >
ffff8e67c4a97a80 3933790393 S Ii:2:006:3 -115:1 3 <
ffff8e67c4a97a80 3933791691 C Ii:2:006:3 0:1 3 = 100000
ffff8e67c4a97a80 3933791732 S Ci:2:006:0 s c0 bc 0800 0016 0002 2 <
ffff8e67c4a97a80 3933794483 C Ci:2:006:0 0 2 = 0900
ffff8e67c4a97a80 3933794526 S Ci:2:006:0 s c0 bc 0900 001c 0002 2 <
ffff8e67c4a97a80 3933797253 C Ci:2:006:0 0 2 = 2e6f
ffff8e67c4a97a80 3933797288 S Ci:2:006:0 s c0 bc 0800 23be 0002 2 <
ffff8e67c4a97a80 3933800010 C Ci:2:006:0 0 2 = 0000
ffff8e67c6eeaf00 3933800185 S Co:2:006:0 s 40 bc 0900 0014 0002 2 = d39e
ffff8e67c6eeaf00 3933802759 C Co:2:006:0 0 2 >
ffff8e67c4a97300 3933802806 S Ci:2:006:0 s c0 bc 0900 001c 0002 2 <
ffff8e67c4a97300 3933805515 C Ci:2:006:0 0 2 = 2e6f
ffff8e67c4a97300 3933805557 S Co:2:006:0 s 40 b9 0000 0000 0004 4 = 09016601
ffff8e67c4a97300 3933808292 C Co:2:006:0 0 4 >
ffff8e67c4a97300 3933808330 S Ii:2:006:3 -115:1 3 <
ffff8e67c4a97300 3933809593 C Ii:2:006:3 0:1 3 = 100000
ffff8e67c4a97300 3933809633 S Ci:2:006:0 s c0 bc 0800 0016 0002 2 <
ffff8e67c4a97300 3933812365 C Ci:2:006:0 0 2 = 0900
ffff8e67c4a97300 3933812407 S Ci:2:006:0 s c0 bc 0900 001c 0002 2 <
ffff8e67c4a97300 3933815125 C Ci:2:006:0 0 2 = 2e6f
ffff8e67c4a97300 3933815160 S Ci:2:006:0 s c0 bc 0800 23be 0004 4 <
ffff8e67c4a97300 3933817859 C Ci:2:006:0 0 4 = 000003e0
ffff8e67c4a97300 3933817893 S Co:2:006:0 s 40 bc 0800 00c0 0004 4 = 9989ec00
ffff8e67c4a97300 3933820653 C Co:2:006:0 0 4 >
ffff8e67c4a97300 3933820696 S Co:2:006:0 s 40 b9 0000 0000 0004 4 = 09006603
ffff8e67c4a97300 3933823356 C Co:2:006:0 0 4 >
ffff8e67c4a97300 3933823396 S Ii:2:006:3 -115:1 3 <
ffff8e67c4a97300 3933824731 C Ii:2:006:3 0:1 3 = 100000
ffff8e67c4a97300 3933824770 S Ci:2:006:0 s c0 bc 0800 0016 0002 2 <
ffff8e67c4a97300 3933827496 C Ci:2:006:0 0 2 = 0900
ffff8e67c4a97300 3933827538 S Ci:2:006:0 s c0 bc 0900 001c 0002 2 <
ffff8e67c4a97300 3933830258 C Ci:2:006:0 0 2 = 2e6f
ffff8e67c4a97300 3933830292 S Ci:2:006:0 s c0 bc 0800 23be 0002 2 <
ffff8e67c4a97300 3933832957 C Ci:2:006:0 0 2 = 0000
ffff8e67c4a97300 3933833018 S Co:2:006:0 s 40 bc 0900 0014 0002 2 = d39e
ffff8e67c4a97300 3933835646 C Co:2:006:0 0 2 >
ffff8e67c4a97300 3933835689 S Ci:2:006:0 s c0 bc 0900 001c 0002 2 <
ffff8e67c4a97300 3933838366 C Ci:2:006:0 0 2 = 2e6f
ffff8e67c4a97300 3933838408 S Co:2:006:0 s 40 b9 0000 0000 0004 4 = 09016601
ffff8e67c4a97300 3933841095 C Co:2:006:0 0 4 >
ffff8e67c4a97300 3933841123 S Ii:2:006:3 -115:1 3 <
ffff8e67c4a97300 3933842316 C Ii:2:006:3 0:1 3 = 100000
ffff8e67c4a97300 3933842351 S Ci:2:006:0 s c0 bc 0800 0016 0002 2 <
ffff8e67c4a97300 3933845123 C Ci:2:006:0 0 2 = 0900
ffff8e67c4a97300 3933845166 S Ci:2:006:0 s c0 bc 0900 001c 0002 2 <
ffff8e67c4a97300 3933847892 C Ci:2:006:0 0 2 = 2e6f
ffff8e67c4a97300 3933848150 S Ci:2:006:0 s c0 bc 0800 23be 0004 4 <
ffff8e67c4a97300 3933850642 C Ci:2:006:0 0 4 = 000091e0
ffff8e67c4a97300 3933850685 S Co:2:006:0 s 40 bc 0800 00c0 0004 4 = 9989ec00
ffff8e67c4a97300 3933853354 C Co:2:006:0 0 4 >
ffff8e67c4a97300 3933853395 S Co:2:006:0 s 40 b9 0000 0000 0004 4 = 09006603
ffff8e67c4a97300 3933856136 C Co:2:006:0 0 4 >
ffff8e67c4a97300 3933856180 S Ii:2:006:3 -115:1 3 <
ffff8e67c4a97300 3933857457 C Ii:2:006:3 0:1 3 = 100000
ffff8e67c4a97300 3933857498 S Ci:2:006:0 s c0 bc 0800 0016 0002 2 <
ffff8e67c4a97300 3933860202 C Ci:2:006:0 0 2 = 0900
ffff8e67c4a97300 3933860244 S Ci:2:006:0 s c0 bc 0900 001c 0002 2 <
ffff8e67c4a97300 3933862995 C Ci:2:006:0 0 2 = 2e6f
ffff8e67c4a97300 3933863029 S Ci:2:006:0 s c0 bc 0800 23be 0002 2 <
ffff8e67c4a97300 3933865763 C Ci:2:006:0 0 2 = 0000
ffff8e67c4a97300 3933865799 S Co:2:006:0 s 40 bc 0900 0014 0002 2 = d39e
ffff8e67c4a97300 3933868477 C Co:2:006:0 0 2 >
ffff8e67c4a97300 3933868520 S Ci:2:006:0 s c0 bc 0900 001c 0002 2 <
ffff8e67c4a97300 3933871246 C Ci:2:006:0 0 2 = 2e6f
ffff8e67c4a97300 3933871288 S Co:2:006:0 s 40 b9 0000 0000 0004 4 = 09016601
ffff8e67c4a97300 3933873995 C Co:2:006:0 0 4 >
ffff8e67c4a97300 3933874039 S Ii:2:006:3 -115:1 3 <
ffff8e67c4a97300 3933875334 C Ii:2:006:3 0:1 3 = 100000
ffff8e67c4a97300 3933875375 S Ci:2:006:0 s c0 bc 0800 0016 0002 2 <
ffff8e67c4a97300 3933878150 C Ci:2:006:0 0 2 = 0900
ffff8e67c4a97300 3933878188 S Ci:2:006:0 s c0 bc 0900 001c 0002 2 <
ffff8e67c4a97300 3933880821 C Ci:2:006:0 0 2 = 2e6f
ffff8e67c4a97300 3933880865 S Ci:2:006:0 s c0 bc 0800 23be 0004 4 <
ffff8e67c4a97300 3933883653 C Ci:2:006:0 0 4 = 000074e0
ffff8e67c4a97300 3933883694 S Co:2:006:0 s 40 bc 0800 00c0 0004 4 = 9989ec00
ffff8e67c4a97300 3933886462 C Co:2:006:0 0 4 >
ffff8e67c4a97300 3933886504 S Co:2:006:0 s 40 b9 0000 0000 0004 4 = 09006603
ffff8e67c4a97300 3933889227 C Co:2:006:0 0 4 >
ffff8e67c4a97300 3933889268 S Ii:2:006:3 -115:1 3 <
ffff8e67c4a97300 3933890582 C Ii:2:006:3 0:1 3 = 100000
ffff8e67c4a97300 3933890623 S Ci:2:006:0 s c0 bc 0800 0016 0002 2 <
ffff8e67c4a97300 3933893423 C Ci:2:006:0 0 2 = 0900
ffff8e67c4a97300 3933893464 S Ci:2:006:0 s c0 bc 0900 001c 0002 2 <
ffff8e67c4a97300 3933896167 C Ci:2:006:0 0 2 = 2e6f
ffff8e67c4a97300 3933896213 S Ci:2:006:0 s c0 bc 0800 23be 0002 2 <
ffff8e67c4a97300 3933898832 C Ci:2:006:0 0 2 = 0000
ffff8e67c4a97300 3933898874 S Co:2:006:0 s 40 bc 0900 0014 0002 2 = d39e
ffff8e67c4a97300 3933901672 C Co:2:006:0 0 2 >
ffff8e67c4a97300 3933901713 S Ci:2:006:0 s c0 bc 0900 001c 0002 2 <
ffff8e67c4a97300 3933904416 C Ci:2:006:0 0 2 = 2e6f
ffff8e67c4a97300 3933904455 S Co:2:006:0 s 40 b9 0000 0000 0004 4 = 09016601
ffff8e67c4a97300 3933907109 C Co:2:006:0 0 4 >
ffff8e67c4a97300 3933907149 S Ii:2:006:3 -115:1 3 <
ffff8e67c4a97300 3933908449 C Ii:2:006:3 0:1 3 = 100000
ffff8e67c4a97300 3933908491 S Ci:2:006:0 s c0 bc 0800 0016 0002 2 <
ffff8e67c4a97300 3933911250 C Ci:2:006:0 0 2 = 0900
ffff8e67c4a97300 3933911292 S Ci:2:006:0 s c0 bc 0900 001c 0002 2 <
ffff8e67c4a97300 3933913958 C Ci:2:006:0 0 2 = 2e6f
ffff8e67c4a97300 3933914018 S Ci:2:006:0 s c0 bc 0800 23be 0004 4 <
ffff8e67c4a97300 3933916584 C Ci:2:006:0 0 4 = 0000a8e0
ffff8e67c4a97300 3933916626 S Co:2:006:0 s 40 bc 0800 00c0 0004 4 = 9989ec00
ffff8e67c4a97300 3933919329 C Co:2:006:0 0 4 >
ffff8e67c4a97300 3933919372 S Co:2:006:0 s 40 b9 0000 0000 0004 4 = 09006603
ffff8e67c4a97300 3933922132 C Co:2:006:0 0 4 >
ffff8e67c4a97300 3933922179 S Ii:2:006:3 -115:1 3 <
ffff8e67c4a97300 3933923474 C Ii:2:006:3 0:1 3 = 100000
ffff8e67c4a97300 3933923515 S Ci:2:006:0 s c0 bc 0800 0016 0002 2 <
ffff8e67c4a97300 3933926245 C Ci:2:006:0 0 2 = 0900
ffff8e67c4a97300 3933926287 S Ci:2:006:0 s c0 bc 0900 001c 0002 2 <
ffff8e67c4a97300 3933928993 C Ci:2:006:0 0 2 = 2e6f
ffff8e67c4a97300 3933929026 S Ci:2:006:0 s c0 bc 0800 23be 0002 2 <
ffff8e67c4a97300 3933931749 C Ci:2:006:0 0 2 = 0000
ffff8e67c4a97300 3933931838 S Co:2:006:0 s 40 bc 0900 0014 0002 2 = d39e
ffff8e67c4a97300 3933934471 C Co:2:006:0 0 2 >
ffff8e67c4a97300 3933934512 S Ci:2:006:0 s c0 bc 0900 001c 0002 2 <
ffff8e67c4a97300 3933937245 C Ci:2:006:0 0 2 = 2e6f
ffff8e67c4a97300 3933937287 S Co:2:006:0 s 40 b9 0000 0000 0004 4 = 09016601
ffff8e67c4a97300 3933939939 C Co:2:006:0 0 4 >
ffff8e67c4a97300 3933939992 S Ii:2:006:3 -115:1 3 <
ffff8e67c4a97300 3933941343 C Ii:2:006:3 0:1 3 = 100000
ffff8e67c4a97300 3933941386 S Ci:2:006:0 s c0 bc 0800 0016 0002 2 <
ffff8e67c4a97300 3933944132 C Ci:2:006:0 0 2 = 0900
ffff8e67c4a97300 3933944165 S Ci:2:006:0 s c0 bc 0900 001c 0002 2 <
ffff8e67c4a97300 3933946891 C Ci:2:006:0 0 2 = 2e6f
ffff8e67c4a97300 3933946930 S Ci:2:006:0 s c0 bc 0800 23be 0004 4 <
ffff8e67c4a97300 3933949606 C Ci:2:006:0 0 4 = 000051e0
ffff8e67c4a97300 3933949648 S Co:2:006:0 s 40 bc 0800 00c0 0004 4 = 9989ec00
ffff8e67c4a97300 3933952386 C Co:2:006:0 0 4 >
ffff8e67c4a97300 3933952428 S Co:2:006:0 s 40 b9 0000 0000 0004 4 = 09006603
ffff8e67c4a97300 3933955001 C Co:2:006:0 0 4 >
ffff8e67c4a97300 3933955044 S Ii:2:006:3 -115:1 3 <
ffff8e67c4a97300 3933956302 C Ii:2:006:3 0:1 3 = 100000
ffff8e67c4a97300 3933956341 S Ci:2:006:0 s c0 bc 0800 0016 0002 2 <
ffff8e67c4a97300 3933959163 C Ci:2:006:0 0 2 = 0900
ffff8e67c4a97300 3933959207 S Ci:2:006:0 s c0 bc 0900 001c 0002 2 <
ffff8e67c4a97300 3933961829 C Ci:2:006:0 0 2 = 2e6f
ffff8e67c4a97300 3933961870 S Ci:2:006:0 s c0 bc 0800 23be 0002 2 <
ffff8e67c4a97300 3933964507 C Ci:2:006:0 0 2 = 0000
ffff8e67c4a97300 3933964551 S Co:2:006:0 s 40 bc 0900 0014 0002 2 = d39e
ffff8e67c4a97300 3933967198 C Co:2:006:0 0 2 >
ffff8e67c4a97300 3933967242 S Ci:2:006:0 s c0 bc 0900 001c 0002 2 <
ffff8e67c4a97300 3933969862 C Ci:2:006:0 0 2 = 2e6f
ffff8e67c4a97300 3933969907 S Co:2:006:0 s 40 b9 0000 0000 0004 4 = 09016601
ffff8e67c4a97300 3933972587 C Co:2:006:0 0 4 >
ffff8e67c4a97300 3933972643 S Ii:2:006:3 -115:1 3 <
ffff8e67c4a97300 3933973819 C Ii:2:006:3 0:1 3 = 100000
ffff8e67c4a97300 3933973860 S Ci:2:006:0 s c0 bc 0800 0016 0002 2 <
ffff8e67c4a97300 3933976496 C Ci:2:006:0 0 2 = 0900
ffff8e67c4a97300 3933976540 S Ci:2:006:0 s c0 bc 0900 001c 0002 2 <
ffff8e67c4a97300 3933979173 C Ci:2:006:0 0 2 = 2e6f
ffff8e67c4a97300 3933979205 S Ci:2:006:0 s c0 bc 0800 23be 0004 4 <
ffff8e67c4a97300 3933981695 C Ci:2:006:0 0 4 = 0000d2e0
ffff8e67c4a97300 3933981737 S Co:2:006:0 s 40 bc 0800 00c0 0004 4 = 9989ec00
ffff8e67c4a97300 3933984381 C Co:2:006:0 0 4 >
ffff8e67c4a97300 3933984425 S Co:2:006:0 s 40 b9 0000 0000 0004 4 = 09006603
ffff8e67c4a97300 3933987097 C Co:2:006:0 0 4 >
ffff8e67c4a97300 3933987139 S Ii:2:006:3 -115:1 3 <
ffff8e67c4a97300 3933988436 C Ii:2:006:3 0:1 3 = 100000
ffff8e67c4a97300 3933988478 S Ci:2:006:0 s c0 bc 0800 0016 0002 2 <
ffff8e67c4a97300 3933991120 C Ci:2:006:0 0 2 = 0900
ffff8e67c4a97300 3933991164 S Ci:2:006:0 s c0 bc 0900 001c 0002 2 <
ffff8e67c4a97300 3933993705 C Ci:2:006:0 0 2 = 2e6f
ffff8e67c4a97300 3933993790 S Ci:2:006:0 s c0 bc 0800 23be 0002 2 <
ffff8e67c4a97300 3933996334 C Ci:2:006:0 0 2 = 0000
ffff8e67c4a97300 3933996377 S Co:2:006:0 s 40 bc 0900 0014 0002 2 = d39e
ffff8e67c4a97300 3933998969 C Co:2:006:0 0 2 >
ffff8e67c4a97300 3933999026 S Ci:2:006:0 s c0 bc 0900 001c 0002 2 <
ffff8e67c4a97300 3934001760 C Ci:2:006:0 0 2 = 2e6f
ffff8e67c4a97300 3934001804 S Co:2:006:0 s 40 b9 0000 0000 0004 4 = 09016601
ffff8e67c4a97300 3934004561 C Co:2:006:0 0 4 >
ffff8e67c4a97300 3934004601 S Ii:2:006:3 -115:1 3 <
ffff8e67c4a97300 3934005858 C Ii:2:006:3 0:1 3 = 100000
ffff8e67c4a97300 3934005910 S Ci:2:006:0 s c0 bc 0800 0016 0002 2 <
ffff8e67c4a97300 3934008515 C Ci:2:006:0 0 2 = 0900
ffff8e67c4a97300 3934008556 S Ci:2:006:0 s c0 bc 0900 001c 0002 2 <
ffff8e67c4a97300 3934011197 C Ci:2:006:0 0 2 = 2e6f
ffff8e67c4a97300 3934011233 S Ci:2:006:0 s c0 bc 0800 23be 0004 4 <
ffff8e67c4a97300 3934013827 C Ci:2:006:0 0 4 = 000082e0
ffff8e67c4a97300 3934013871 S Co:2:006:0 s 40 bc 0800 00c0 0004 4 = 9989ec00
ffff8e67c4a97300 3934016503 C Co:2:006:0 0 4 >
ffff8e67c4a97300 3934016547 S Co:2:006:0 s 40 b9 0000 0000 0004 4 = 09006603
ffff8e67c4a97300 3934019152 C Co:2:006:0 0 4 >
ffff8e67c4a97300 3934019193 S Ii:2:006:3 -115:1 3 <
ffff8e67c4a97300 3934020551 C Ii:2:006:3 0:1 3 = 100000
ffff8e67c4a97300 3934020591 S Ci:2:006:0 s c0 bc 0800 0016 0002 2 <
ffff8e67c4a97300 3934023222 C Ci:2:006:0 0 2 = 0900
ffff8e67c4a97300 3934023266 S Ci:2:006:0 s c0 bc 0900 001c 0002 2 <
ffff8e67c4a97300 3934025865 C Ci:2:006:0 0 2 = 2e6f
ffff8e67c4a97300 3934025908 S Ci:2:006:0 s c0 bc 0800 23be 0002 2 <
ffff8e67c4a97300 3934028506 C Ci:2:006:0 0 2 = 0000
ffff8e67c4a97300 3934028546 S Co:2:006:0 s 40 bc 0900 0014 0002 2 = d39e
ffff8e67c4a97300 3934031243 C Co:2:006:0 0 2 >
ffff8e67c4a97300 3934031287 S Ci:2:006:0 s c0 bc 0900 001c 0002 2 <
ffff8e67c4a97300 3934033861 C Ci:2:006:0 0 2 = 2e6f
ffff8e67c4a97300 3934033905 S Co:2:006:0 s 40 b9 0000 0000 0004 4 = 09016601
ffff8e67c4a97300 3934036531 C Co:2:006:0 0 4 >
ffff8e67c4a97300 3934036575 S Ii:2:006:3 -115:1 3 <
ffff8e67c4a97300 3934037813 C Ii:2:006:3 0:1 3 = 100000
ffff8e67c4a97300 3934037859 S Ci:2:006:0 s c0 bc 0800 0016 0002 2 <
ffff8e67c4a97300 3934040407 C Ci:2:006:0 0 2 = 0900
ffff8e67c4a97300 3934040439 S Ci:2:006:0 s c0 bc 0900 001c 0002 2 <
ffff8e67c4a97300 3934043062 C Ci:2:006:0 0 2 = 2e6f
ffff8e67c4a97300 3934043099 S Ci:2:006:0 s c0 bc 0800 23be 0004 4 <
ffff8e67c4a97300 3934045726 C Ci:2:006:0 0 4 = 0000b1e0
ffff8e67c4a97300 3934045769 S Co:2:006:0 s 40 bc 0800 00c0 0004 4 = 9989ec00
ffff8e67c4a97300 3934048472 C Co:2:006:0 0 4 >
ffff8e67c4a97300 3934048515 S Co:2:006:0 s 40 b9 0000 0000 0004 4 = 09006603
ffff8e67c4a97300 3934051090 C Co:2:006:0 0 4 >
ffff8e67c4a97300 3934051132 S Ii:2:006:3 -115:1 3 <
ffff8e67c4a97300 3934052305 C Ii:2:006:3 0:1 3 = 100000
ffff8e67c4a97300 3934052347 S Ci:2:006:0 s c0 bc 0800 0016 0002 2 <
ffff8e67c4a97300 3934054959 C Ci:2:006:0 0 2 = 0900
ffff8e67c4a97300 3934055013 S Ci:2:006:0 s c0 bc 0900 001c 0002 2 <
ffff8e67c4a97300 3934057647 C Ci:2:006:0 0 2 = 2e6f
ffff8e67c4a97300 3934057691 S Ci:2:006:0 s c0 bc 0800 23be 0002 2 <
ffff8e67c4a97300 3934060371 C Ci:2:006:0 0 2 = 0000
ffff8e67c4a97300 3934060412 S Co:2:006:0 s 40 bc 0900 0014 0002 2 = d39e
ffff8e67c4a97300 3934062979 C Co:2:006:0 0 2 >
ffff8e67c4a97300 3934063024 S Ci:2:006:0 s c0 bc 0900 001c 0002 2 <
ffff8e67c4a97300 3934065641 C Ci:2:006:0 0 2 = 2e6f
ffff8e67c4a97300 3934065685 S Co:2:006:0 s 40 b9 0000 0000 0004 4 = 09016601
ffff8e67c4a97300 3934068322 C Co:2:006:0 0 4 >
ffff8e67c4a97300 3934068361 S Ii:2:006:3 -115:1 3 <
ffff8e67c4a97300 3934069659 C Ii:2:006:3 0:1 3 = 100000
ffff8e67c4a97300 3934069691 S Ci:2:006:0 s c0 bc 0800 0016 0002 2 <
ffff8e67c4a97300 3934072361 C Ci:2:006:0 0 2 = 0900
ffff8e67c4a97300 3934072405 S Ci:2:006:0 s c0 bc 0900 001c 0002 2 <
ffff8e67c4a97300 3934074982 C Ci:2:006:0 0 2 = 2e6f
ffff8e67c4a97300 3934075019 S Ci:2:006:0 s c0 bc 0800 23be 0004 4 <
ffff8e67c4a97300 3934077732 C Ci:2:006:0 0 4 = 000089e0
ffff8e67c4a97300 3934077768 S Co:2:006:0 s 40 bc 0800 00c0 0004 4 = 9989ec00
ffff8e67c4a97300 3934080528 C Co:2:006:0 0 4 >
ffff8e67c4a97300 3934080563 S Co:2:006:0 s 40 b9 0000 0000 0004 4 = 09006603
ffff8e67c4a97300 3934083234 C Co:2:006:0 0 4 >
ffff8e67c4a97300 3934083262 S Ii:2:006:3 -115:1 3 <
ffff8e67c4a97300 3934084406 C Ii:2:006:3 0:1 3 = 100000
ffff8e67c4a97300 3934084448 S Ci:2:006:0 s c0 bc 0800 0016 0002 2 <
ffff8e67c4a97300 3934087104 C Ci:2:006:0 0 2 = 0900
ffff8e67c4a97300 3934087149 S Ci:2:006:0 s c0 bc 0900 001c 0002 2 <
ffff8e67c4a97300 3934089705 C Ci:2:006:0 0 2 = 2e6f
ffff8e67c4a97300 3934089747 S Ci:2:006:0 s c0 bc 0800 23be 0002 2 <
ffff8e67c4a97300 3934092359 C Ci:2:006:0 0 2 = 0000
ffff8e67c4a97300 3934092398 S Co:2:006:0 s 40 bc 0900 0014 0002 2 = d39e
ffff8e67c4a97300 3934094908 C Co:2:006:0 0 2 >
ffff8e67c4a97300 3934094942 S Ci:2:006:0 s c0 bc 0900 001c 0002 2 <
ffff8e67c4a97300 3934097658 C Ci:2:006:0 0 2 = 2e6f
ffff8e67c4a97300 3934097702 S Co:2:006:0 s 40 b9 0000 0000 0004 4 = 09016601
ffff8e67c4a97300 3934100349 C Co:2:006:0 0 4 >
ffff8e67c4a97300 3934100390 S Ii:2:006:3 -115:1 3 <
ffff8e67c4a97300 3934101654 C Ii:2:006:3 0:1 3 = 100000
ffff8e67c4a97300 3934101694 S Ci:2:006:0 s c0 bc 0800 0016 0002 2 <
ffff8e67c4a97300 3934104355 C Ci:2:006:0 0 2 = 0900
ffff8e67c4a97300 3934104399 S Ci:2:006:0 s c0 bc 0900 001c 0002 2 <
ffff8e67c4a97300 3934106945 C Ci:2:006:0 0 2 = 2e6f
ffff8e67c4a97300 3934107002 S Ci:2:006:0 s c0 bc 0800 23be 0004 4 <
ffff8e67c4a97300 3934109728 C Ci:2:006:0 0 4 = 000083e0
ffff8e67c4a97300 3934109768 S Co:2:006:0 s 40 bc 0800 00c0 0004 4 = 9989ec00
ffff8e67c4a97300 3934112495 C Co:2:006:0 0 4 >
ffff8e67c4a97300 3934112538 S Co:2:006:0 s 40 b9 0000 0000 0004 4 = 09006603
ffff8e67c4a97300 3934115210 C Co:2:006:0 0 4 >
ffff8e67c4a97300 3934115251 S Ii:2:006:3 -115:1 3 <
ffff8e67c4a97300 3934116562 C Ii:2:006:3 0:1 3 = 100000
ffff8e67c4a97300 3934116604 S Ci:2:006:0 s c0 bc 0800 0016 0002 2 <
ffff8e67c4a97300 3934119191 C Ci:2:006:0 0 2 = 0900
ffff8e67c4a97300 3934119227 S Ci:2:006:0 s c0 bc 0900 001c 0002 2 <
ffff8e67c4a97300 3934121828 C Ci:2:006:0 0 2 = 2e6f
ffff8e67c4a97300 3934121873 S Ci:2:006:0 s c0 bc 0800 23be 0002 2 <
ffff8e67c4a97300 3934124544 C Ci:2:006:0 0 2 = 0000
ffff8e67c4a97300 3934124586 S Co:2:006:0 s 40 bc 0900 0014 0002 2 = d39e
ffff8e67c4a97300 3934127227 C Co:2:006:0 0 2 >
ffff8e67c4a97300 3934127271 S Ci:2:006:0 s c0 bc 0900 001c 0002 2 <
ffff8e67c4a97300 3934129856 C Ci:2:006:0 0 2 = 2e6f
ffff8e67c4a97300 3934129900 S Co:2:006:0 s 40 b9 0000 0000 0004 4 = 09016601
ffff8e67c4a97300 3934132482 C Co:2:006:0 0 4 >
ffff8e67c4a97300 3934132523 S Ii:2:006:3 -115:1 3 <
ffff8e67c4a97300 3934133794 C Ii:2:006:3 0:1 3 = 100000
ffff8e67c4a97300 3934133834 S Ci:2:006:0 s c0 bc 0800 0016 0002 2 <
ffff8e67c4a97300 3934136757 C Ci:2:006:0 0 2 = 0900
ffff8e67c4a97300 3934136801 S Ci:2:006:0 s c0 bc 0900 001c 0002 2 <
ffff8e67c4a97300 3934139484 C Ci:2:006:0 0 2 = 2e6f
ffff8e67c4a97300 3934139520 S Ci:2:006:0 s c0 bc 0800 23be 0004 4 <
ffff8e67c4a97300 3934142122 C Ci:2:006:0 0 4 = 000087e0
ffff8e67c4a97300 3934142154 S Co:2:006:0 s 40 bc 0800 00c0 0004 4 = 9989ec00
ffff8e67c4a97300 3934144800 C Co:2:006:0 0 4 >
ffff8e67c4a97300 3934144840 S Co:2:006:0 s 40 b9 0000 0000 0004 4 = 09006603
ffff8e67c4a97300 3934147628 C Co:2:006:0 0 4 >
ffff8e67c4a97300 3934147671 S Ii:2:006:3 -115:1 3 <
ffff8e67c4a97300 3934148902 C Ii:2:006:3 0:1 3 = 100000
ffff8e67c4a97300 3934148941 S Ci:2:006:0 s c0 bc 0800 0016 0002 2 <
ffff8e67c4a97300 3934151765 C Ci:2:006:0 0 2 = 0900
ffff8e67c4a97300 3934151808 S Ci:2:006:0 s c0 bc 0900 001c 0002 2 <
ffff8e67c4a97300 3934154494 C Ci:2:006:0 0 2 = 2e6f
ffff8e67c4a97300 3934154527 S Ci:2:006:0 s c0 bc 0800 23be 0002 2 <
ffff8e67c4a97300 3934157207 C Ci:2:006:0 0 2 = 0000
ffff8e67c4a97300 3934157251 S Co:2:006:0 s 40 bc 0900 0014 0002 2 = d39e
ffff8e67c4a97300 3934159864 C Co:2:006:0 0 2 >
ffff8e67c4a97300 3934159908 S Ci:2:006:0 s c0 bc 0900 001c 0002 2 <
ffff8e67c4a97300 3934162467 C Ci:2:006:0 0 2 = 2e6f
ffff8e67c4a97300 3934162505 S Co:2:006:0 s 40 b9 0000 0000 0004 4 = 09016601
ffff8e67c4a97300 3934165206 C Co:2:006:0 0 4 >
ffff8e67c4a97300 3934165248 S Ii:2:006:3 -115:1 3 <
ffff8e67c4a97300 3934166397 C Ii:2:006:3 0:1 3 = 100000
ffff8e67c4a97300 3934166438 S Ci:2:006:0 s c0 bc 0800 0016 0002 2 <
ffff8e67c4a97300 3934169074 C Ci:2:006:0 0 2 = 0900
ffff8e67c4a97300 3934169110 S Ci:2:006:0 s c0 bc 0900 001c 0002 2 <
ffff8e67c4a97300 3934171708 C Ci:2:006:0 0 2 = 2e6f
ffff8e67c4a97300 3934171750 S Ci:2:006:0 s c0 bc 0800 23be 0004 4 <
ffff8e67c4a97300 3934174464 C Ci:2:006:0 0 4 = 0000b5e0
ffff8e67c4a97300 3934174507 S Co:2:006:0 s 40 bc 0800 00c0 0004 4 = 9989fd00
ffff8e67c4a97300 3934177197 C Co:2:006:0 0 4 >
ffff8e67c4a97300 3934177241 S Co:2:006:0 s 40 b9 0000 0000 0004 4 = 09006603
ffff8e67c4a97300 3934179834 C Co:2:006:0 0 4 >
ffff8e67c4a97300 3934179876 S Ii:2:006:3 -115:1 3 <
ffff8e67c4a97300 3934181147 C Ii:2:006:3 0:1 3 = 100000
ffff8e67c4a97300 3934181184 S Ci:2:006:0 s c0 bc 0800 0016 0002 2 <
ffff8e67c4a97300 3934183828 C Ci:2:006:0 0 2 = 0900
ffff8e67c4a97300 3934183871 S Ci:2:006:0 s c0 bc 0900 001c 0002 2 <
ffff8e67c4a97300 3934186506 C Ci:2:006:0 0 2 = 2e6f
ffff8e67c4a97300 3934186548 S Ci:2:006:0 s c0 bc 0800 23be 0002 2 <
ffff8e67c4a97300 3934189206 C Ci:2:006:0 0 2 = 0000
ffff8e67c4a97300 3934189243 S Co:2:006:0 s 40 bc 0900 0014 0002 2 = d39e
ffff8e67c4a97300 3934191841 C Co:2:006:0 0 2 >
ffff8e67c4a97300 3934191889 S Ci:2:006:0 s c0 bc 0900 001c 0002 2 <
ffff8e67c4a97300 3934194517 C Ci:2:006:0 0 2 = 2e6f
ffff8e67c4a97300 3934194561 S Co:2:006:0 s 40 b9 0000 0000 0004 4 = 09016601
ffff8e67c4a97300 3934197186 C Co:2:006:0 0 4 >
ffff8e67c4a97300 3934197226 S Ii:2:006:3 -115:1 3 <
ffff8e67c4a97300 3934198559 C Ii:2:006:3 0:1 3 = 100000
ffff8e67c4a97300 3934198600 S Ci:2:006:0 s c0 bc 0800 0016 0002 2 <
ffff8e67c4a97300 3934201207 C Ci:2:006:0 0 2 = 0900
ffff8e67c4a97300 3934201251 S Ci:2:006:0 s c0 bc 0900 001c 0002 2 <
ffff8e67c4a97300 3934203821 C Ci:2:006:0 0 2 = 2e6f
ffff8e67c4a97300 3934203862 S Ci:2:006:0 s c0 bc 0800 23be 0004 4 <
ffff8e67c4a97300 3934206518 C Ci:2:006:0 0 4 = 00006ae0
ffff8e67c4a97300 3934206561 S Co:2:006:0 s 40 bc 0800 00c0 0002 2 = 1089
ffff8e67c4a97300 3934209232 C Co:2:006:0 0 2 >
ffff8e67c4a97300 3934209277 S Co:2:006:0 s 40 b9 0000 0000 0004 4 = 09009802
ffff8e67c4a97300 3934211974 C Co:2:006:0 0 4 >
ffff8e67c4a97300 3934212015 S Ii:2:006:3 -115:1 3 <
ffff8e67c4a97300 3934213304 C Ii:2:006:3 0:1 3 = 100000
ffff8e67c4a97300 3934213344 S Ci:2:006:0 s c0 bc 0800 0016 0002 2 <
ffff8e67c4a97300 3934216086 C Ci:2:006:0 0 2 = 0900
ffff8e67c4a97300 3934216127 S Ci:2:006:0 s c0 bc 0900 001c 0002 2 <
ffff8e67c4a97300 3934218815 C Ci:2:006:0 0 2 = 2e6f
ffff8e67c4a97300 3934218856 S Ci:2:006:0 s c0 bc 0800 23be 0002 2 <
ffff8e67c4a97300 3934221540 C Ci:2:006:0 0 2 = 0000
ffff8e67c4a97300 3934221588 S Co:2:006:0 s 40 bc 0900 0014 0002 2 = d39e
ffff8e67c4a97300 3934224161 C Co:2:006:0 0 2 >
ffff8e67c4a97300 3934224193 S Ci:2:006:0 s c0 bc 0900 001c 0002 2 <
ffff8e67c4a97300 3934226802 C Ci:2:006:0 0 2 = 2e6f
ffff8e67c4a97300 3934226832 S Co:2:006:0 s 40 bc 0800 00c0 0002 2 = 1581
ffff8e67c4a97300 3934229599 C Co:2:006:0 0 2 >
ffff8e67c4a97300 3934229645 S Co:2:006:0 s 40 b9 0000 0000 0004 4 = 09009802
ffff8e67c4a97300 3934232275 C Co:2:006:0 0 4 >
ffff8e67c4a97300 3934232301 S Ii:2:006:3 -115:1 3 <
ffff8e67c4a97300 3934233676 C Ii:2:006:3 0:1 3 = 100000
ffff8e67c4a97300 3934233716 S Ci:2:006:0 s c0 bc 0800 0016 0002 2 <
ffff8e67c4a97300 3934236397 C Ci:2:006:0 0 2 = 0900
ffff8e67c4a97300 3934236440 S Ci:2:006:0 s c0 bc 0900 001c 0002 2 <
ffff8e67c4a97300 3934239138 C Ci:2:006:0 0 2 = 2e6f
ffff8e67c4a97300 3934239174 S Ci:2:006:0 s c0 bc 0800 23be 0002 2 <
ffff8e67c4a97300 3934241657 C Ci:2:006:0 0 2 = 0000
ffff8e67c4a97300 3934241732 S Co:2:006:0 s 40 bc 0900 0014 0002 2 = d39e
ffff8e67c4a97300 3934244489 C Co:2:006:0 0 2 >
ffff8e67c4a97300 3934244534 S Ci:2:006:0 s c0 bc 0900 001c 0002 2 <
ffff8e67c4a97300 3934247206 C Ci:2:006:0 0 2 = 2e6f
ffff8e67c4a97300 3934247251 S Co:2:006:0 s 40 bc 0800 00c0 0002 2 = 0f88
ffff8e67c4a97300 3934249844 C Co:2:006:0 0 2 >
ffff8e67c4a97300 3934249886 S Co:2:006:0 s 40 b9 0000 0000 0004 4 = 09009802
ffff8e67c4a97300 3934252487 C Co:2:006:0 0 4 >
ffff8e67c4a97300 3934252528 S Ii:2:006:3 -115:1 3 <
ffff8e67c4a97300 3934253807 C Ii:2:006:3 0:1 3 = 100000
ffff8e67c4a97300 3934253848 S Ci:2:006:0 s c0 bc 0800 0016 0002 2 <
ffff8e67c4a97300 3934256531 C Ci:2:006:0 0 2 = 0900
ffff8e67c4a97300 3934256574 S Ci:2:006:0 s c0 bc 0900 001c 0002 2 <
ffff8e67c4a97300 3934259180 C Ci:2:006:0 0 2 = 2e6f
ffff8e67c4a97300 3934259216 S Ci:2:006:0 s c0 bc 0800 23be 0002 2 <
ffff8e67c4a97300 3934261821 C Ci:2:006:0 0 2 = 0000
ffff8e67c4a97300 3934261865 S Co:2:006:0 s 40 bc 0900 0014 0002 2 = d39e
ffff8e67c4a97300 3934264484 C Co:2:006:0 0 2 >
ffff8e67c4a97300 3934264528 S Ci:2:006:0 s c0 bc 0900 001c 0002 2 <
ffff8e67c4a97300 3934267201 C Ci:2:006:0 0 2 = 2e6f
ffff8e67c4a97300 3934267244 S Co:2:006:0 s 40 bc 0800 00c0 0002 2 = 1089
ffff8e67c4a97300 3934269837 C Co:2:006:0 0 2 >
ffff8e67c4a97300 3934269879 S Co:2:006:0 s 40 b9 0000 0000 0004 4 = 09009802
ffff8e67c4a97300 3934272501 C Co:2:006:0 0 4 >
ffff8e67c4a97300 3934272542 S Ii:2:006:3 -115:1 3 <
ffff8e67c4a97300 3934273806 C Ii:2:006:3 0:1 3 = 100000
ffff8e67c4a97300 3934273847 S Ci:2:006:0 s c0 bc 0800 0016 0002 2 <
ffff8e67c4a97300 3934276474 C Ci:2:006:0 0 2 = 0900
ffff8e67c4a97300 3934276517 S Ci:2:006:0 s c0 bc 0900 001c 0002 2 <
ffff8e67c4a97300 3934279065 C Ci:2:006:0 0 2 = 2e6f
ffff8e67c4a97300 3934279101 S Ci:2:006:0 s c0 bc 0800 23be 0002 2 <
ffff8e67c4a97300 3934281696 C Ci:2:006:0 0 2 = 0000
ffff8e67c4a97300 3934281729 S Co:2:006:0 s 40 bc 0900 0014 0002 2 = d39e
ffff8e67c4a97300 3934284360 C Co:2:006:0 0 2 >
ffff8e67c4a97300 3934284404 S Ci:2:006:0 s c0 bc 0900 001c 0002 2 <
ffff8e67c4a97300 3934287136 C Ci:2:006:0 0 2 = 2e6f
ffff8e67c4a97300 3934287180 S Co:2:006:0 s 40 bc 0800 00c0 0002 2 = 1581
ffff8e67c4a97300 3934289699 C Co:2:006:0 0 2 >
ffff8e67c4a97300 3934289742 S Co:2:006:0 s 40 b9 0000 0000 0004 4 = 09009802
ffff8e67c4a97300 3934292358 C Co:2:006:0 0 4 >
ffff8e67c4a97300 3934292400 S Ii:2:006:3 -115:1 3 <
ffff8e67c4a97300 3934293640 C Ii:2:006:3 0:1 3 = 100000
ffff8e67c4a97300 3934293679 S Ci:2:006:0 s c0 bc 0800 0016 0002 2 <
ffff8e67c4a97300 3934296311 C Ci:2:006:0 0 2 = 0900
ffff8e67c4a97300 3934296351 S Ci:2:006:0 s c0 bc 0900 001c 0002 2 <
ffff8e67c4a97300 3934298921 C Ci:2:006:0 0 2 = 2e6f
ffff8e67c4a97300 3934298975 S Ci:2:006:0 s c0 bc 0800 23be 0002 2 <
ffff8e67c4a97300 3934301653 C Ci:2:006:0 0 2 = 0000
ffff8e67c4a97300 3934301695 S Co:2:006:0 s 40 bc 0900 0014 0002 2 = d39e
ffff8e67c4a97300 3934304248 C Co:2:006:0 0 2 >
ffff8e67c4a97300 3934304289 S Ci:2:006:0 s c0 bc 0900 001c 0002 2 <
ffff8e67c4a97300 3934306984 C Ci:2:006:0 0 2 = 2e6f
ffff8e67c4a97300 3934307028 S Co:2:006:0 s 40 bc 0800 00c0 0002 2 = 658a
ffff8e67c4a97300 3934309642 C Co:2:006:0 0 2 >
ffff8e67c4a97300 3934309684 S Co:2:006:0 s 40 b9 0000 0000 0004 4 = 09009802
ffff8e67c4a97300 3934312294 C Co:2:006:0 0 4 >
ffff8e67c4a97300 3934312335 S Ii:2:006:3 -115:1 3 <
ffff8e67c4a97300 3934313551 C Ii:2:006:3 0:1 3 = 100000
ffff8e67c4a97300 3934313592 S Ci:2:006:0 s c0 bc 0800 0016 0002 2 <
ffff8e67c4a97300 3934316210 C Ci:2:006:0 0 2 = 0900
ffff8e67c4a97300 3934316253 S Ci:2:006:0 s c0 bc 0900 001c 0002 2 <
ffff8e67c4a97300 3934318814 C Ci:2:006:0 0 2 = 2e6f
ffff8e67c4a97300 3934318856 S Ci:2:006:0 s c0 bc 0800 23be 0002 2 <
ffff8e67c4a97300 3934321572 C Ci:2:006:0 0 2 = 0000
ffff8e67c4a97300 3934321604 S Co:2:006:0 s 40 bc 0900 0014 0002 2 = d39e
ffff8e67c4a97300 3934324328 C Co:2:006:0 0 2 >
ffff8e67c4a97300 3934324372 S Ci:2:006:0 s c0 bc 0900 001c 0002 2 <
ffff8e67c4a97300 3934326935 C Ci:2:006:0 0 2 = 2e6f
ffff8e67c4a97300 3934326988 S Co:2:006:0 s 40 bc 0800 00c0 0002 2 = 1089
ffff8e67c4a97300 3934329627 C Co:2:006:0 0 2 >
ffff8e67c4a97300 3934329670 S Co:2:006:0 s 40 b9 0000 0000 0004 4 = 09009802
ffff8e67c4a97300 3934332330 C Co:2:006:0 0 4 >
ffff8e67c4a97300 3934332372 S Ii:2:006:3 -115:1 3 <
ffff8e67c4a97300 3934333678 C Ii:2:006:3 0:1 3 = 100000
ffff8e67c4a97300 3934333719 S Ci:2:006:0 s c0 bc 0800 0016 0002 2 <
ffff8e67c4a97300 3934336411 C Ci:2:006:0 0 2 = 0900
ffff8e67c4a97300 3934336454 S Ci:2:006:0 s c0 bc 0900 001c 0002 2 <
ffff8e67c4a97300 3934339047 C Ci:2:006:0 0 2 = 2e6f
ffff8e67c4a97300 3934339081 S Ci:2:006:0 s c0 bc 0800 23be 0002 2 <
ffff8e67c4a97300 3934341675 C Ci:2:006:0 0 2 = 0000
ffff8e67c4a97300 3934341709 S Co:2:006:0 s 40 bc 0900 0014 0002 2 = d39e
ffff8e67c4a97300 3934344334 C Co:2:006:0 0 2 >
ffff8e67c4a97300 3934344379 S Ci:2:006:0 s c0 bc 0900 001c 0002 2 <
ffff8e67c4a97300 3934346965 C Ci:2:006:0 0 2 = 2e6f
ffff8e67c4a97300 3934346998 S Co:2:006:0 s 40 bc 0800 00c0 0002 2 = 1128
ffff8e67c4a97300 3934349730 C Co:2:006:0 0 2 >
ffff8e67c4a97300 3934349772 S Co:2:006:0 s 40 b9 0000 0000 0004 4 = 09009802
ffff8e67c4a97300 3934352331 C Co:2:006:0 0 4 >
ffff8e67c4a97300 3934352372 S Ii:2:006:3 -115:1 3 <
ffff8e67c4a97300 3934353510 C Ii:2:006:3 0:1 3 = 100000
ffff8e67c4a97300 3934353549 S Ci:2:006:0 s c0 bc 0800 0016 0002 2 <
ffff8e67c4a97300 3934356351 C Ci:2:006:0 0 2 = 0900
ffff8e67c4a97300 3934356394 S Ci:2:006:0 s c0 bc 0900 001c 0002 2 <
ffff8e67c4a97300 3934358964 C Ci:2:006:0 0 2 = 2e6f
ffff8e67c4a97300 3934359007 S Ci:2:006:0 s c0 bc 0800 23be 0002 2 <
ffff8e67c4a97300 3934361686 C Ci:2:006:0 0 2 = 0000
ffff8e67c4a97300 3934361727 S Co:2:006:0 s 40 bc 0900 0014 0002 2 = d39e
ffff8e67c4a97300 3934364407 C Co:2:006:0 0 2 >
ffff8e67c4a97300 3934364452 S Ci:2:006:0 s c0 bc 0900 001c 0002 2 <
ffff8e67c4a97300 3934367160 C Ci:2:006:0 0 2 = 2e6f
ffff8e67c4a97300 3934367200 S Co:2:006:0 s 40 bc 0800 00c0 0002 2 = 1208
ffff8e67c4a97300 3934369735 C Co:2:006:0 0 2 >
ffff8e67c4a97300 3934369774 S Co:2:006:0 s 40 b9 0000 0000 0004 4 = 09009802
ffff8e67c4a97300 3934372245 C Co:2:006:0 0 4 >
ffff8e67c4a97300 3934372285 S Ii:2:006:3 -115:1 3 <
ffff8e67c4a97300 3934373555 C Ii:2:006:3 0:1 3 = 100000
ffff8e67c4a97300 3934373596 S Ci:2:006:0 s c0 bc 0800 0016 0002 2 <
ffff8e67c4a97300 3934376326 C Ci:2:006:0 0 2 = 0900
ffff8e67c4a97300 3934376369 S Ci:2:006:0 s c0 bc 0900 001c 0002 2 <
ffff8e67c4a97300 3934378925 C Ci:2:006:0 0 2 = 2e6f
ffff8e67c4a97300 3934378978 S Ci:2:006:0 s c0 bc 0800 23be 0002 2 <
ffff8e67c4a97300 3934381838 C Ci:2:006:0 0 2 = 0000
ffff8e67c4a97300 3934381878 S Co:2:006:0 s 40 bc 0900 0014 0002 2 = d39e
ffff8e67c4a97300 3934384539 C Co:2:006:0 0 2 >
ffff8e67c4a97300 3934384584 S Ci:2:006:0 s c0 bc 0900 001c 0002 2 <
ffff8e67c4a97300 3934387179 C Ci:2:006:0 0 2 = 2e6f
ffff8e67c4a97300 3934387223 S Co:2:006:0 s 40 bc 0800 00c0 0002 2 = 13a8
ffff8e67c4a97300 3934389832 C Co:2:006:0 0 2 >
ffff8e67c4a97300 3934389874 S Co:2:006:0 s 40 b9 0000 0000 0004 4 = 09009802
ffff8e67c4a97300 3934392449 C Co:2:006:0 0 4 >
ffff8e67c4a97300 3934392490 S Ii:2:006:3 -115:1 3 <
ffff8e67c4a97300 3934393790 C Ii:2:006:3 0:1 3 = 100000
ffff8e67c4a97300 3934393832 S Ci:2:006:0 s c0 bc 0800 0016 0002 2 <
ffff8e67c4a97300 3934396425 C Ci:2:006:0 0 2 = 0900
ffff8e67c4a97300 3934396459 S Ci:2:006:0 s c0 bc 0900 001c 0002 2 <
ffff8e67c4a97300 3934399200 C Ci:2:006:0 0 2 = 2e6f
ffff8e67c4a97300 3934399238 S Ci:2:006:0 s c0 bc 0800 23be 0002 2 <
ffff8e67c4a97300 3934401784 C Ci:2:006:0 0 2 = 0000
ffff8e67c4a97300 3934401821 S Co:2:006:0 s 40 bc 0900 0014 0002 2 = d39e
ffff8e67c4a97300 3934404456 C Co:2:006:0 0 2 >
ffff8e67c4a97300 3934404500 S Ci:2:006:0 s c0 bc 0900 001c 0002 2 <
ffff8e67c4a97300 3934407124 C Ci:2:006:0 0 2 = 2e6f
ffff8e67c4a97300 3934407168 S Co:2:006:0 s 40 bc 0800 00c0 0002 2 = 1488
ffff8e67c4a97300 3934409711 C Co:2:006:0 0 2 >
ffff8e67c4a97300 3934409754 S Co:2:006:0 s 40 b9 0000 0000 0004 4 = 09009802
ffff8e67c4a97300 3934412350 C Co:2:006:0 0 4 >
ffff8e67c4a97300 3934412392 S Ii:2:006:3 -115:1 3 <
ffff8e67c4a97300 3934413648 C Ii:2:006:3 0:1 3 = 100000
ffff8e67c4a97300 3934413690 S Ci:2:006:0 s c0 bc 0800 0016 0002 2 <
ffff8e67c4a97300 3934416311 C Ci:2:006:0 0 2 = 0900
ffff8e67c4a97300 3934416354 S Ci:2:006:0 s c0 bc 0900 001c 0002 2 <
ffff8e67c4a97300 3934418920 C Ci:2:006:0 0 2 = 2e6f
ffff8e67c4a97300 3934418969 S Ci:2:006:0 s c0 bc 0800 23be 0002 2 <
ffff8e67c4a97300 3934421617 C Ci:2:006:0 0 2 = 0000
ffff8e67c4a97300 3934421676 S Co:2:006:0 s 40 bc 0900 0014 0002 2 = d39e
ffff8e67c4a97300 3934424266 C Co:2:006:0 0 2 >
ffff8e67c4a97300 3934424305 S Ci:2:006:0 s c0 bc 0900 001c 0002 2 <
ffff8e67c4a97300 3934426972 C Ci:2:006:0 0 2 = 2e6f
ffff8e67c4a97300 3934427054 S Co:2:006:0 s 40 bc 0800 00c0 0002 2 = 158b
ffff8e67c4a97300 3934429638 C Co:2:006:0 0 2 >
ffff8e67c4a97300 3934429672 S Co:2:006:0 s 40 b9 0000 0000 0004 4 = 09009802
ffff8e67c4a97300 3934432300 C Co:2:006:0 0 4 >
ffff8e67c4a97300 3934432381 S Ii:2:006:3 -115:1 3 <
ffff8e67c4a97300 3934433458 C Ii:2:006:3 0:1 3 = 100000
ffff8e67c4a97300 3934433493 S Ci:2:006:0 s c0 bc 0800 0016 0002 2 <
ffff8e67c4a97300 3934436217 C Ci:2:006:0 0 2 = 0900
ffff8e67c4a97300 3934436299 S Ci:2:006:0 s c0 bc 0900 001c 0002 2 <
ffff8e67c4a97300 3934438801 C Ci:2:006:0 0 2 = 2e6f
ffff8e67c4a97300 3934438838 S Ci:2:006:0 s c0 bc 0800 23be 0002 2 <
ffff8e67c4a97300 3934441569 C Ci:2:006:0 0 2 = 0000
ffff8e67c4a97300 3934441607 S Co:2:006:0 s 40 bc 0900 0014 0002 2 = d39e
ffff8e67c4a97300 3934444342 C Co:2:006:0 0 2 >
ffff8e67c4a97300 3934444382 S Ci:2:006:0 s c0 bc 0900 001c 0002 2 <
ffff8e67c4a97300 3934446921 C Ci:2:006:0 0 2 = 2e6f
ffff8e67c4a97300 3934446966 S Co:2:006:0 s 40 bc 0800 00c0 0004 4 = 9989ed00
ffff8e67c4a97300 3934449571 C Co:2:006:0 0 4 >
ffff8e67c4a97300 3934449666 S Co:2:006:0 s 40 b9 0000 0000 0004 4 = 09006603
ffff8e67c4a97300 3934452185 C Co:2:006:0 0 4 >
ffff8e67c4a97300 3934452223 S Ii:2:006:3 -115:1 3 <
ffff8e67c4a97300 3934453573 C Ii:2:006:3 0:1 3 = 100000
ffff8e67c4a97300 3934453653 S Ci:2:006:0 s c0 bc 0800 0016 0002 2 <
ffff8e67c4a97300 3934456336 C Ci:2:006:0 0 2 = 0900
ffff8e67c4a97300 3934456374 S Ci:2:006:0 s c0 bc 0900 001c 0002 2 <
ffff8e67c4a97300 3934459067 C Ci:2:006:0 0 2 = 2e6f
ffff8e67c4a97300 3934459138 S Ci:2:006:0 s c0 bc 0800 23be 0002 2 <
ffff8e67c4a97300 3934461759 C Ci:2:006:0 0 2 = 0000
ffff8e67c4a97300 3934461888 S Co:2:006:0 s 40 bc 0900 0014 0002 2 = d39e
ffff8e67c4a97300 3934464601 C Co:2:006:0 0 2 >
ffff8e67c4a97300 3934464630 S Ci:2:006:0 s c0 bc 0900 001c 0002 2 <
ffff8e67c4a97300 3934467355 C Ci:2:006:0 0 2 = 2e6f
ffff8e67c4a97300 3934467396 S Co:2:006:0 s 40 b9 0000 0000 0004 4 = 09016601
ffff8e67c4a97300 3934470142 C Co:2:006:0 0 4 >
ffff8e67c4a97300 3934470180 S Ii:2:006:3 -115:1 3 <
ffff8e67c4a97300 3934471426 C Ii:2:006:3 0:1 3 = 100000
ffff8e67c4a97300 3934471513 S Ci:2:006:0 s c0 bc 0800 0016 0002 2 <
ffff8e67c4a97300 3934474230 C Ci:2:006:0 0 2 = 0900
ffff8e67c4a97300 3934474269 S Ci:2:006:0 s c0 bc 0900 001c 0002 2 <
ffff8e67c4a97300 3934476881 C Ci:2:006:0 0 2 = 2e6f
ffff8e67c4a97300 3934477127 S Ci:2:006:0 s c0 bc 0800 23be 0004 4 <
ffff8e67c4a97300 3934479654 C Ci:2:006:0 0 4 = 00007ce0
ffff8e67c4a97300 3934479699 S Co:2:006:0 s 40 bc 0800 00c0 0004 4 = 9989ec00
ffff8e67c4a97300 3934482365 C Co:2:006:0 0 4 >
ffff8e67c4a97300 3934482403 S Co:2:006:0 s 40 b9 0000 0000 0004 4 = 09006603
ffff8e67c4a97300 3934485106 C Co:2:006:0 0 4 >
ffff8e67c4a97300 3934485141 S Ii:2:006:3 -115:1 3 <
ffff8e67c4a97300 3934486440 C Ii:2:006:3 0:1 3 = 100000
ffff8e67c4a97300 3934486475 S Ci:2:006:0 s c0 bc 0800 0016 0002 2 <
ffff8e67c4a97300 3934489181 C Ci:2:006:0 0 2 = 0900
ffff8e67c4a97300 3934489210 S Ci:2:006:0 s c0 bc 0900 001c 0002 2 <
ffff8e67c4a97300 3934491914 C Ci:2:006:0 0 2 = 2e6f
ffff8e67c4a97300 3934491961 S Ci:2:006:0 s c0 bc 0800 23be 0002 2 <
ffff8e67c4a97300 3934494660 C Ci:2:006:0 0 2 = 0000
ffff8e67c4a97300 3934494687 S Co:2:006:0 s 40 bc 0900 0014 0002 2 = d39e
ffff8e67c4a97300 3934497461 C Co:2:006:0 0 2 >
ffff8e67c4a97300 3934497534 S Ci:2:006:0 s c0 bc 0900 001c 0002 2 <
ffff8e67c4a97300 3934500269 C Ci:2:006:0 0 2 = 2e6f
ffff8e67c4a97300 3934500330 S Co:2:006:0 s 40 b9 0000 0000 0004 4 = 09016601
ffff8e67c4a97300 3934502916 C Co:2:006:0 0 4 >
ffff8e67c4a97300 3934503008 S Ii:2:006:3 -115:1 3 <
ffff8e67c4a97300 3934504256 C Ii:2:006:3 0:1 3 = 100000
ffff8e67c4a97300 3934504369 S Ci:2:006:0 s c0 bc 0800 0016 0002 2 <
ffff8e67c4a97300 3934507060 C Ci:2:006:0 0 2 = 0900
ffff8e67c4a97300 3934507102 S Ci:2:006:0 s c0 bc 0900 001c 0002 2 <
ffff8e67c4a97300 3934509690 C Ci:2:006:0 0 2 = 2e6f
ffff8e67c4a97300 3934509748 S Ci:2:006:0 s c0 bc 0800 23be 0004 4 <
ffff8e67c4a97300 3934512206 C Ci:2:006:0 0 4 = 0000a2e0
ffff8e67c4a97300 3934512259 S Co:2:006:0 s 40 bc 0800 00c0 0004 4 = 9989ec00
ffff8e67c4a97300 3934514862 C Co:2:006:0 0 4 >
ffff8e67c4a97300 3934514903 S Co:2:006:0 s 40 b9 0000 0000 0004 4 = 09006603
ffff8e67c4a97300 3934517574 C Co:2:006:0 0 4 >
ffff8e67c4a97300 3934517616 S Ii:2:006:3 -115:1 3 <
ffff8e67c4a97300 3934518827 C Ii:2:006:3 0:1 3 = 100000
ffff8e67c4a97300 3934518868 S Ci:2:006:0 s c0 bc 0800 0016 0002 2 <
ffff8e67c4a97300 3934521578 C Ci:2:006:0 0 2 = 0900
ffff8e67c4a97300 3934521626 S Ci:2:006:0 s c0 bc 0900 001c 0002 2 <
ffff8e67c4a97300 3934524315 C Ci:2:006:0 0 2 = 2e6f
ffff8e67c4a97300 3934524352 S Ci:2:006:0 s c0 bc 0800 23be 0002 2 <
ffff8e67c4a97300 3934527015 C Ci:2:006:0 0 2 = 0000
ffff8e67c4a97300 3934527056 S Co:2:006:0 s 40 bc 0900 0014 0002 2 = d39e
ffff8e67c4a97300 3934529706 C Co:2:006:0 0 2 >
ffff8e67c4a97300 3934529762 S Ci:2:006:0 s c0 bc 0900 001c 0002 2 <
ffff8e67c4a97300 3934532340 C Ci:2:006:0 0 2 = 2e6f
ffff8e67c4a97300 3934532393 S Co:2:006:0 s 40 b9 0000 0000 0004 4 = 09016601
ffff8e67c4a97300 3934535102 C Co:2:006:0 0 4 >
ffff8e67c4a97300 3934535152 S Ii:2:006:3 -115:1 3 <
ffff8e67c4a97300 3934536404 C Ii:2:006:3 0:1 3 = 100000
ffff8e67c4a97300 3934536453 S Ci:2:006:0 s c0 bc 0800 0016 0002 2 <
ffff8e67c4a97300 3934539206 C Ci:2:006:0 0 2 = 0900
ffff8e67c4a97300 3934539257 S Ci:2:006:0 s c0 bc 0900 001c 0002 2 <
ffff8e67c4a97300 3934541958 C Ci:2:006:0 0 2 = 2e6f
ffff8e67c4a97300 3934542009 S Ci:2:006:0 s c0 bc 0800 23be 0004 4 <
ffff8e67c4a97300 3934544562 C Ci:2:006:0 0 4 = 00002ce0
ffff8e67c4a97300 3934544615 S Co:2:006:0 s 40 bc 0800 00c0 0004 4 = 9989ec00
ffff8e67c4a97300 3934547154 C Co:2:006:0 0 4 >
ffff8e67c4a97300 3934547197 S Co:2:006:0 s 40 b9 0000 0000 0004 4 = 09006603
ffff8e67c4a97300 3934549803 C Co:2:006:0 0 4 >
ffff8e67c4a97300 3934549855 S Ii:2:006:3 -115:1 3 <
ffff8e67c4a97300 3934551148 C Ii:2:006:3 0:1 3 = 100000
ffff8e67c4a97300 3934551194 S Ci:2:006:0 s c0 bc 0800 0016 0002 2 <
ffff8e67c4a97300 3934553972 C Ci:2:006:0 0 2 = 0900
ffff8e67c4a97300 3934554017 S Ci:2:006:0 s c0 bc 0900 001c 0002 2 <
ffff8e67c4a97300 3934556591 C Ci:2:006:0 0 2 = 2e6f
ffff8e67c4a97300 3934556634 S Ci:2:006:0 s c0 bc 0800 23be 0002 2 <
ffff8e67c4a97300 3934559352 C Ci:2:006:0 0 2 = 0000
ffff8e67c4a97300 3934559393 S Co:2:006:0 s 40 bc 0900 0014 0002 2 = d39e
ffff8e67c4a97300 3934562123 C Co:2:006:0 0 2 >
ffff8e67c4a97300 3934562167 S Ci:2:006:0 s c0 bc 0900 001c 0002 2 <
ffff8e67c4a97300 3934564868 C Ci:2:006:0 0 2 = 2e6f
ffff8e67c4a97300 3934564912 S Co:2:006:0 s 40 b9 0000 0000 0004 4 = 09016601
ffff8e67c4a97300 3934567670 C Co:2:006:0 0 4 >
ffff8e67c4a97300 3934567711 S Ii:2:006:3 -115:1 3 <
ffff8e67c4a97300 3934568979 C Ii:2:006:3 0:1 3 = 100000
ffff8e67c4a97300 3934569023 S Ci:2:006:0 s c0 bc 0800 0016 0002 2 <
ffff8e67c4a97300 3934571575 C Ci:2:006:0 0 2 = 0900
ffff8e67c4a97300 3934571619 S Ci:2:006:0 s c0 bc 0900 001c 0002 2 <
ffff8e67c4a97300 3934574302 C Ci:2:006:0 0 2 = 2e6f
ffff8e67c4a97300 3934574347 S Ci:2:006:0 s c0 bc 0800 23be 0004 4 <
ffff8e67c4a97300 3934576996 C Ci:2:006:0 0 4 = 000059e0
ffff8e67c4a97300 3934577041 S Co:2:006:0 s 40 bc 0800 00c0 0004 4 = 9989ec00
ffff8e67c4a97300 3934579724 C Co:2:006:0 0 4 >
ffff8e67c4a97300 3934579768 S Co:2:006:0 s 40 b9 0000 0000 0004 4 = 09006603
ffff8e67c4a97300 3934582449 C Co:2:006:0 0 4 >
ffff8e67c4a97300 3934582487 S Ii:2:006:3 -115:1 3 <
ffff8e67c4a97300 3934583816 C Ii:2:006:3 0:1 3 = 100000
ffff8e67c4a97300 3934583858 S Ci:2:006:0 s c0 bc 0800 0016 0002 2 <
ffff8e67c4a97300 3934586714 C Ci:2:006:0 0 2 = 0900
ffff8e67c4a97300 3934586757 S Ci:2:006:0 s c0 bc 0900 001c 0002 2 <
ffff8e67c4a97300 3934589351 C Ci:2:006:0 0 2 = 2e6f
ffff8e67c4a97300 3934589385 S Ci:2:006:0 s c0 bc 0800 23be 0002 2 <
ffff8e67c4a97300 3934592171 C Ci:2:006:0 0 2 = 0000
ffff8e67c4a97300 3934592205 S Co:2:006:0 s 40 bc 0900 0014 0002 2 = d39e
ffff8e67c4a97300 3934594853 C Co:2:006:0 0 2 >
ffff8e67c4a97300 3934594896 S Ci:2:006:0 s c0 bc 0900 001c 0002 2 <
ffff8e67c4a97300 3934597608 C Ci:2:006:0 0 2 = 2e6f
ffff8e67c4a97300 3934597649 S Co:2:006:0 s 40 b9 0000 0000 0004 4 = 09016601
ffff8e67c4a97300 3934600364 C Co:2:006:0 0 4 >
ffff8e67c4a97300 3934600406 S Ii:2:006:3 -115:1 3 <
ffff8e67c4a97300 3934601693 C Ii:2:006:3 0:1 3 = 100000
ffff8e67c4a97300 3934601734 S Ci:2:006:0 s c0 bc 0800 0016 0002 2 <
ffff8e67c4a97300 3934604436 C Ci:2:006:0 0 2 = 0900
ffff8e67c4a97300 3934604481 S Ci:2:006:0 s c0 bc 0900 001c 0002 2 <
ffff8e67c4a97300 3934607111 C Ci:2:006:0 0 2 = 2e6f
ffff8e67c4a97300 3934607147 S Ci:2:006:0 s c0 bc 0800 23be 0004 4 <
ffff8e67c4a97300 3934609692 C Ci:2:006:0 0 4 = 0000dee0
ffff8e67c4a97300 3934609729 S Co:2:006:0 s 40 bc 0800 00c0 0004 4 = 9989ec00
ffff8e67c4a97300 3934612301 C Co:2:006:0 0 4 >
ffff8e67c4a97300 3934612349 S Co:2:006:0 s 40 b9 0000 0000 0004 4 = 09006603
ffff8e67c4a97300 3934614937 C Co:2:006:0 0 4 >
ffff8e67c4a97300 3934615000 S Ii:2:006:3 -115:1 3 <
ffff8e67c4a97300 3934616186 C Ii:2:006:3 0:1 3 = 100000
ffff8e67c4a97300 3934616244 S Ci:2:006:0 s c0 bc 0800 0016 0002 2 <
ffff8e67c4a97300 3934618951 C Ci:2:006:0 0 2 = 0900
ffff8e67c4a97300 3934618994 S Ci:2:006:0 s c0 bc 0900 001c 0002 2 <
ffff8e67c4a97300 3934621531 C Ci:2:006:0 0 2 = 2e6f
ffff8e67c4a97300 3934621574 S Ci:2:006:0 s c0 bc 0800 23be 0002 2 <
ffff8e67c4a97300 3934624114 C Ci:2:006:0 0 2 = 0000
ffff8e67c4a97300 3934624147 S Co:2:006:0 s 40 bc 0900 0014 0002 2 = d39e
ffff8e67c4a97300 3934626799 C Co:2:006:0 0 2 >
ffff8e67c4a97300 3934626843 S Ci:2:006:0 s c0 bc 0900 001c 0002 2 <
ffff8e67c4a97300 3934629593 C Ci:2:006:0 0 2 = 2e6f
ffff8e67c4a97300 3934629637 S Co:2:006:0 s 40 b9 0000 0000 0004 4 = 09016601
ffff8e67c4a97300 3934632288 C Co:2:006:0 0 4 >
ffff8e67c4a97300 3934632345 S Ii:2:006:3 -115:1 3 <
ffff8e67c4a97300 3934633512 C Ii:2:006:3 0:1 3 = 100000
ffff8e67c4a97300 3934633553 S Ci:2:006:0 s c0 bc 0800 0016 0002 2 <
ffff8e67c4a97300 3934636321 C Ci:2:006:0 0 2 = 0900
ffff8e67c4a97300 3934636365 S Ci:2:006:0 s c0 bc 0900 001c 0002 2 <
ffff8e67c4a97300 3934639093 C Ci:2:006:0 0 2 = 2e6f
ffff8e67c4a97300 3934639127 S Ci:2:006:0 s c0 bc 0800 23be 0004 4 <
ffff8e67c4a97300 3934641811 C Ci:2:006:0 0 4 = 00002de0
ffff8e67c4a97300 3934641850 S Co:2:006:0 s 40 bc 0800 00c0 0004 4 = 9989ec00
ffff8e67c4a97300 3934644424 C Co:2:006:0 0 4 >
ffff8e67c4a97300 3934644469 S Co:2:006:0 s 40 b9 0000 0000 0004 4 = 09006603
ffff8e67c4a97300 3934647076 C Co:2:006:0 0 4 >
ffff8e67c4a97300 3934647119 S Ii:2:006:3 -115:1 3 <
ffff8e67c4a97300 3934648358 C Ii:2:006:3 0:1 3 = 100000
ffff8e67c4a97300 3934648389 S Ci:2:006:0 s c0 bc 0800 0016 0002 2 <
ffff8e67c4a97300 3934651188 C Ci:2:006:0 0 2 = 0900
ffff8e67c4a97300 3934651233 S Ci:2:006:0 s c0 bc 0900 001c 0002 2 <
ffff8e67c4a97300 3934653784 C Ci:2:006:0 0 2 = 2e6f
ffff8e67c4a97300 3934653824 S Ci:2:006:0 s c0 bc 0800 23be 0002 2 <
ffff8e67c4a97300 3934656541 C Ci:2:006:0 0 2 = 0000
ffff8e67c4a97300 3934656584 S Co:2:006:0 s 40 bc 0900 0014 0002 2 = d39e
ffff8e67c4a97300 3934659157 C Co:2:006:0 0 2 >
ffff8e67c4a97300 3934659201 S Ci:2:006:0 s c0 bc 0900 001c 0002 2 <
ffff8e67c4a97300 3934661811 C Ci:2:006:0 0 2 = 2e6f
ffff8e67c4a97300 3934661856 S Co:2:006:0 s 40 b9 0000 0000 0004 4 = 09016601
ffff8e67c4a97300 3934664461 C Co:2:006:0 0 4 >
ffff8e67c4a97300 3934664502 S Ii:2:006:3 -115:1 3 <
ffff8e67c4a97300 3934665776 C Ii:2:006:3 0:1 3 = 100000
ffff8e67c4a97300 3934665817 S Ci:2:006:0 s c0 bc 0800 0016 0002 2 <
ffff8e67c4a97300 3934668595 C Ci:2:006:0 0 2 = 0900
ffff8e67c4a97300 3934668638 S Ci:2:006:0 s c0 bc 0900 001c 0002 2 <
ffff8e67c4a97300 3934671151 C Ci:2:006:0 0 2 = 2e6f
ffff8e67c4a97300 3934671187 S Ci:2:006:0 s c0 bc 0800 23be 0004 4 <
ffff8e67c4a97300 3934673848 C Ci:2:006:0 0 4 = 0000bde0
ffff8e67c4a97300 3934673891 S Co:2:006:0 s 40 bc 0800 00c0 0004 4 = 9989ec00
ffff8e67c4a97300 3934676591 C Co:2:006:0 0 4 >
ffff8e67c4a97300 3934676640 S Co:2:006:0 s 40 b9 0000 0000 0004 4 = 09006603
ffff8e67c4a97300 3934679297 C Co:2:006:0 0 4 >
ffff8e67c4a97300 3934679343 S Ii:2:006:3 -115:1 3 <
ffff8e67c4a97300 3934680606 C Ii:2:006:3 0:1 3 = 100000
ffff8e67c4a97300 3934680637 S Ci:2:006:0 s c0 bc 0800 0016 0002 2 <
ffff8e67c4a97300 3934683449 C Ci:2:006:0 0 2 = 0900
ffff8e67c4a97300 3934683493 S Ci:2:006:0 s c0 bc 0900 001c 0002 2 <
ffff8e67c4a97300 3934686060 C Ci:2:006:0 0 2 = 2e6f
ffff8e67c4a97300 3934686096 S Ci:2:006:0 s c0 bc 0800 23be 0002 2 <
ffff8e67c4a97300 3934688799 C Ci:2:006:0 0 2 = 0000
ffff8e67c4a97300 3934688833 S Co:2:006:0 s 40 bc 0900 0014 0002 2 = d39e
ffff8e67c4a97300 3934691455 C Co:2:006:0 0 2 >
ffff8e67c4a97300 3934691508 S Ci:2:006:0 s c0 bc 0900 001c 0002 2 <
ffff8e67c4a97300 3934694189 C Ci:2:006:0 0 2 = 2e6f
ffff8e67c4a97300 3934694234 S Co:2:006:0 s 40 b9 0000 0000 0004 4 = 09016601
ffff8e67c4a97300 3934696969 C Co:2:006:0 0 4 >
ffff8e67c4a97300 3934697010 S Ii:2:006:3 -115:1 3 <
ffff8e67c4a97300 3934698221 C Ii:2:006:3 0:1 3 = 100000
ffff8e67c4a97300 3934698254 S Ci:2:006:0 s c0 bc 0800 0016 0002 2 <
ffff8e67c4a97300 3934701092 C Ci:2:006:0 0 2 = 0900
ffff8e67c4a97300 3934701137 S Ci:2:006:0 s c0 bc 0900 001c 0002 2 <
ffff8e67c4a97300 3934703773 C Ci:2:006:0 0 2 = 2e6f
ffff8e67c4a97300 3934703817 S Ci:2:006:0 s c0 bc 0800 23be 0004 4 <
ffff8e67c4a97300 3934706426 C Ci:2:006:0 0 4 = 000099e0
ffff8e67c4a97300 3934706466 S Co:2:006:0 s 40 bc 0800 00c0 0004 4 = 9989ec00
ffff8e67c4a97300 3934709055 C Co:2:006:0 0 4 >
ffff8e67c4a97300 3934709099 S Co:2:006:0 s 40 b9 0000 0000 0004 4 = 09006603
ffff8e67c4a97300 3934711722 C Co:2:006:0 0 4 >
ffff8e67c4a97300 3934711764 S Ii:2:006:3 -115:1 3 <
ffff8e67c4a97300 3934713001 C Ii:2:006:3 0:1 3 = 100000
ffff8e67c4a97300 3934713042 S Ci:2:006:0 s c0 bc 0800 0016 0002 2 <
ffff8e67c4a97300 3934715684 C Ci:2:006:0 0 2 = 0900
ffff8e67c4a97300 3934715728 S Ci:2:006:0 s c0 bc 0900 001c 0002 2 <
ffff8e67c4a97300 3934718357 C Ci:2:006:0 0 2 = 2e6f
ffff8e67c4a97300 3934718393 S Ci:2:006:0 s c0 bc 0800 23be 0002 2 <
ffff8e67c4a97300 3934721117 C Ci:2:006:0 0 2 = 0000
ffff8e67c4a97300 3934721148 S Co:2:006:0 s 40 bc 0900 0014 0002 2 = d39e
ffff8e67c4a97300 3934723834 C Co:2:006:0 0 2 >
ffff8e67c4a97300 3934723878 S Ci:2:006:0 s c0 bc 0900 001c 0002 2 <
ffff8e67c4a97300 3934726574 C Ci:2:006:0 0 2 = 2e6f
ffff8e67c4a97300 3934726624 S Co:2:006:0 s 40 b9 0000 0000 0004 4 = 09016601
ffff8e67c4a97300 3934729216 C Co:2:006:0 0 4 >
ffff8e67c4a97300 3934729258 S Ii:2:006:3 -115:1 3 <
ffff8e67c4a97300 3934730607 C Ii:2:006:3 0:1 3 = 100000
ffff8e67c4a97300 3934730653 S Ci:2:006:0 s c0 bc 0800 0016 0002 2 <
ffff8e67c4a97300 3934733350 C Ci:2:006:0 0 2 = 0900
ffff8e67c4a97300 3934733398 S Ci:2:006:0 s c0 bc 0900 001c 0002 2 <
ffff8e67c4a97300 3934736037 C Ci:2:006:0 0 2 = 2e6f
ffff8e67c4a97300 3934736097 S Ci:2:006:0 s c0 bc 0800 23be 0004 4 <
ffff8e67c4a97300 3934738884 C Ci:2:006:0 0 4 = 0000c3e0
ffff8e67c4a97300 3934738944 S Co:2:006:0 s 40 bc 0800 00c0 0004 4 = 9989ec00
ffff8e67c4a97300 3934741663 C Co:2:006:0 0 4 >
ffff8e67c4a97300 3934741704 S Co:2:006:0 s 40 b9 0000 0000 0004 4 = 09006603
ffff8e67c4a97300 3934744360 C Co:2:006:0 0 4 >
ffff8e67c4a97300 3934744403 S Ii:2:006:3 -115:1 3 <
ffff8e67c4a97300 3934745648 C Ii:2:006:3 0:1 3 = 100000
ffff8e67c4a97300 3934745692 S Ci:2:006:0 s c0 bc 0800 0016 0002 2 <
ffff8e67c4a97300 3934748530 C Ci:2:006:0 0 2 = 0900
ffff8e67c4a97300 3934748574 S Ci:2:006:0 s c0 bc 0900 001c 0002 2 <
ffff8e67c4a97300 3934751155 C Ci:2:006:0 0 2 = 2e6f
ffff8e67c4a97300 3934751203 S Ci:2:006:0 s c0 bc 0800 23be 0002 2 <
ffff8e67c4a97300 3934754030 C Ci:2:006:0 0 2 = 0000
ffff8e67c4a97300 3934754071 S Co:2:006:0 s 40 bc 0900 0014 0002 2 = d39e
ffff8e67c4a97300 3934756734 C Co:2:006:0 0 2 >
ffff8e67c4a97300 3934756798 S Ci:2:006:0 s c0 bc 0900 001c 0002 2 <
ffff8e67c4a97300 3934759405 C Ci:2:006:0 0 2 = 2e6f
ffff8e67c4a97300 3934759456 S Co:2:006:0 s 40 b9 0000 0000 0004 4 = 09016601
ffff8e67c4a97300 3934761964 C Co:2:006:0 0 4 >
ffff8e67c4a97300 3934761988 S Ii:2:006:3 -115:1 3 <
ffff8e67c4a97300 3934763223 C Ii:2:006:3 0:1 3 = 100000
ffff8e67c4a97300 3934763255 S Ci:2:006:0 s c0 bc 0800 0016 0002 2 <
ffff8e67c4a97300 3934765870 C Ci:2:006:0 0 2 = 0900
ffff8e67c4a97300 3934765922 S Ci:2:006:0 s c0 bc 0900 001c 0002 2 <
ffff8e67c4a97300 3934768475 C Ci:2:006:0 0 2 = 2e6f
ffff8e67c4a97300 3934768502 S Ci:2:006:0 s c0 bc 0800 23be 0004 4 <
ffff8e67c4a97300 3934771168 C Ci:2:006:0 0 4 = 000011e0
ffff8e67c4a97300 3934771198 S Co:2:006:0 s 40 bc 0800 00c0 0004 4 = 9989ec00
ffff8e67c4a97300 3934773835 C Co:2:006:0 0 4 >
ffff8e67c4a97300 3934773873 S Co:2:006:0 s 40 b9 0000 0000 0004 4 = 09006603
ffff8e67c4a97300 3934776559 C Co:2:006:0 0 4 >
ffff8e67c4a97300 3934776602 S Ii:2:006:3 -115:1 3 <
ffff8e67c4a97300 3934777920 C Ii:2:006:3 0:1 3 = 100000
ffff8e67c4a97300 3934777959 S Ci:2:006:0 s c0 bc 0800 0016 0002 2 <
ffff8e67c4a97300 3934780729 C Ci:2:006:0 0 2 = 0900
ffff8e67c4a97300 3934780772 S Ci:2:006:0 s c0 bc 0900 001c 0002 2 <
ffff8e67c4a97300 3934783448 C Ci:2:006:0 0 2 = 2e6f
ffff8e67c4a97300 3934783484 S Ci:2:006:0 s c0 bc 0800 23be 0002 2 <
ffff8e67c4a97300 3934786084 C Ci:2:006:0 0 2 = 0000
ffff8e67c4a97300 3934786117 S Co:2:006:0 s 40 bc 0900 0014 0002 2 = d39e
ffff8e67c4a97300 3934788845 C Co:2:006:0 0 2 >
ffff8e67c4a97300 3934788889 S Ci:2:006:0 s c0 bc 0900 001c 0002 2 <
ffff8e67c4a97300 3934791608 C Ci:2:006:0 0 2 = 2e6f
ffff8e67c4a97300 3934791648 S Co:2:006:0 s 40 b9 0000 0000 0004 4 = 09016601
ffff8e67c4a97300 3934794347 C Co:2:006:0 0 4 >
ffff8e67c4a97300 3934794387 S Ii:2:006:3 -115:1 3 <
ffff8e67c4a97300 3934795671 C Ii:2:006:3 0:1 3 = 100000
ffff8e67c4a97300 3934795713 S Ci:2:006:0 s c0 bc 0800 0016 0002 2 <
ffff8e67c4a97300 3934798468 C Ci:2:006:0 0 2 = 0900
ffff8e67c4a97300 3934798509 S Ci:2:006:0 s c0 bc 0900 001c 0002 2 <
ffff8e67c4a97300 3934801197 C Ci:2:006:0 0 2 = 2e6f
ffff8e67c4a97300 3934801232 S Ci:2:006:0 s c0 bc 0800 23be 0004 4 <
ffff8e67c4a97300 3934803972 C Ci:2:006:0 0 4 = 00004de0
ffff8e67c4a97300 3934804012 S Co:2:006:0 s 40 bc 0800 00c0 0004 4 = 9989ec00
ffff8e67c4a97300 3934806714 C Co:2:006:0 0 4 >
ffff8e67c4a97300 3934806758 S Co:2:006:0 s 40 b9 0000 0000 0004 4 = 09006603
ffff8e67c4a97300 3934809447 C Co:2:006:0 0 4 >
ffff8e67c4a97300 3934809489 S Ii:2:006:3 -115:1 3 <
ffff8e67c4a97300 3934810773 C Ii:2:006:3 0:1 3 = 100000
ffff8e67c4a97300 3934810814 S Ci:2:006:0 s c0 bc 0800 0016 0002 2 <
ffff8e67c4a97300 3934813638 C Ci:2:006:0 0 2 = 0900
ffff8e67c4a97300 3934813682 S Ci:2:006:0 s c0 bc 0900 001c 0002 2 <
ffff8e67c4a97300 3934816342 C Ci:2:006:0 0 2 = 2e6f
ffff8e67c4a97300 3934816378 S Ci:2:006:0 s c0 bc 0800 23be 0002 2 <
ffff8e67c4a97300 3934819099 C Ci:2:006:0 0 2 = 0000
ffff8e67c4a97300 3934819140 S Co:2:006:0 s 40 bc 0900 0014 0002 2 = d39e
ffff8e67c4a97300 3934821829 C Co:2:006:0 0 2 >
ffff8e67c4a97300 3934821873 S Ci:2:006:0 s c0 bc 0900 001c 0002 2 <
ffff8e67c4a97300 3934824649 C Ci:2:006:0 0 2 = 2e6f
ffff8e67c4a97300 3934824686 S Co:2:006:0 s 40 b9 0000 0000 0004 4 = 09016601
ffff8e67c4a97300 3934827356 C Co:2:006:0 0 4 >
ffff8e67c4a97300 3934827398 S Ii:2:006:3 -115:1 3 <
ffff8e67c4a97300 3934828638 C Ii:2:006:3 0:1 3 = 100000
ffff8e67c4a97300 3934828680 S Ci:2:006:0 s c0 bc 0800 0016 0002 2 <
ffff8e67c4a97300 3934831305 C Ci:2:006:0 0 2 = 0900
ffff8e67c4a97300 3934831349 S Ci:2:006:0 s c0 bc 0900 001c 0002 2 <
ffff8e67c4a97300 3934833944 C Ci:2:006:0 0 2 = 2e6f
ffff8e67c4a97300 3934833987 S Ci:2:006:0 s c0 bc 0800 23be 0004 4 <
ffff8e67c4a97300 3934836533 C Ci:2:006:0 0 4 = 00008de0
ffff8e67c4a97300 3934836575 S Co:2:006:0 s 40 bc 0800 00c0 0004 4 = 9989ec00
ffff8e67c4a97300 3934839504 C Co:2:006:0 0 4 >
ffff8e67c4a97300 3934839548 S Co:2:006:0 s 40 b9 0000 0000 0004 4 = 09006603
ffff8e67c4a97300 3934842211 C Co:2:006:0 0 4 >
ffff8e67c4a97300 3934842253 S Ii:2:006:3 -115:1 3 <
ffff8e67c4a97300 3934843515 C Ii:2:006:3 0:1 3 = 100000
ffff8e67c4a97300 3934843547 S Ci:2:006:0 s c0 bc 0800 0016 0002 2 <
ffff8e67c4a97300 3934846499 C Ci:2:006:0 0 2 = 0900
ffff8e67c4a97300 3934846544 S Ci:2:006:0 s c0 bc 0900 001c 0002 2 <
ffff8e67c4a97300 3934849158 C Ci:2:006:0 0 2 = 2e6f
ffff8e67c4a97300 3934849194 S Ci:2:006:0 s c0 bc 0800 23be 0002 2 <
ffff8e67c4a97300 3934851815 C Ci:2:006:0 0 2 = 0000
ffff8e67c4a97300 3934851856 S Co:2:006:0 s 40 bc 0900 0014 0002 2 = d39e
ffff8e67c4a97300 3934854620 C Co:2:006:0 0 2 >
ffff8e67c4a97300 3934854664 S Ci:2:006:0 s c0 bc 0900 001c 0002 2 <
ffff8e67c4a97300 3934857350 C Ci:2:006:0 0 2 = 2e6f
ffff8e67c4a97300 3934857394 S Co:2:006:0 s 40 b9 0000 0000 0004 4 = 09016601
ffff8e67c4a97300 3934860118 C Co:2:006:0 0 4 >
ffff8e67c4a97300 3934860158 S Ii:2:006:3 -115:1 3 <
ffff8e67c4a97300 3934861391 C Ii:2:006:3 0:1 3 = 100000
ffff8e67c4a97300 3934861432 S Ci:2:006:0 s c0 bc 0800 0016 0002 2 <
ffff8e67c4a97300 3934864111 C Ci:2:006:0 0 2 = 0900
ffff8e67c4a97300 3934864138 S Ci:2:006:0 s c0 bc 0900 001c 0002 2 <
ffff8e67c4a97300 3934866808 C Ci:2:006:0 0 2 = 2e6f
ffff8e67c4a97300 3934866848 S Ci:2:006:0 s c0 bc 0800 23be 0004 4 <
ffff8e67c4a97300 3934869632 C Ci:2:006:0 0 4 = 000059e0
ffff8e67c4a97300 3934869673 S Co:2:006:0 s 40 bc 0800 00c0 0004 4 = 9989ec00
ffff8e67c4a97300 3934872262 C Co:2:006:0 0 4 >
ffff8e67c4a97300 3934872308 S Co:2:006:0 s 40 b9 0000 0000 0004 4 = 09006603
ffff8e67c4a97300 3934874911 C Co:2:006:0 0 4 >
ffff8e67c4a97300 3934874952 S Ii:2:006:3 -115:1 3 <
ffff8e67c4a97300 3934876264 C Ii:2:006:3 0:1 3 = 100000
ffff8e67c4a97300 3934876307 S Ci:2:006:0 s c0 bc 0800 0016 0002 2 <
ffff8e67c4a97300 3934878937 C Ci:2:006:0 0 2 = 0900
ffff8e67c4a97300 3934878981 S Ci:2:006:0 s c0 bc 0900 001c 0002 2 <
ffff8e67c4a97300 3934881664 C Ci:2:006:0 0 2 = 2e6f
ffff8e67c4a97300 3934881707 S Ci:2:006:0 s c0 bc 0800 23be 0002 2 <
ffff8e67c4a97300 3934884294 C Ci:2:006:0 0 2 = 0000
ffff8e67c4a97300 3934884333 S Co:2:006:0 s 40 bc 0900 0014 0002 2 = d39e
ffff8e67c4a97300 3934886957 C Co:2:006:0 0 2 >
ffff8e67c4a97300 3934887000 S Ci:2:006:0 s c0 bc 0900 001c 0002 2 <
ffff8e67c4a97300 3934889575 C Ci:2:006:0 0 2 = 2e6f
ffff8e67c4a97300 3934889606 S Co:2:006:0 s 40 b9 0000 0000 0004 4 = 09016601
ffff8e67c4a97300 3934892341 C Co:2:006:0 0 4 >
ffff8e67c4a97300 3934892381 S Ii:2:006:3 -115:1 3 <
ffff8e67c4a97300 3934893646 C Ii:2:006:3 0:1 3 = 100000
ffff8e67c4a97300 3934893685 S Ci:2:006:0 s c0 bc 0800 0016 0002 2 <
ffff8e67c4a97300 3934896303 C Ci:2:006:0 0 2 = 0900
ffff8e67c4a97300 3934896347 S Ci:2:006:0 s c0 bc 0900 001c 0002 2 <
ffff8e67c4a97300 3934898901 C Ci:2:006:0 0 2 = 2e6f
ffff8e67c4a97300 3934898924 S Ci:2:006:0 s c0 bc 0800 23be 0004 4 <
ffff8e67c4a97300 3934901559 C Ci:2:006:0 0 4 = 000090e0
ffff8e67c4a97300 3934901603 S Co:2:006:0 s 40 bc 0800 00c0 0004 4 = 9989ec00
ffff8e67c4a97300 3934904316 C Co:2:006:0 0 4 >
ffff8e67c4a97300 3934904373 S Co:2:006:0 s 40 b9 0000 0000 0004 4 = 09006603
ffff8e67c4a97300 3934907062 C Co:2:006:0 0 4 >
ffff8e67c4a97300 3934907118 S Ii:2:006:3 -115:1 3 <
ffff8e67c4a97300 3934908438 C Ii:2:006:3 0:1 3 = 100000
ffff8e67c4a97300 3934908493 S Ci:2:006:0 s c0 bc 0800 0016 0002 2 <
ffff8e67c4a97300 3934911270 C Ci:2:006:0 0 2 = 0900
ffff8e67c4a97300 3934911327 S Ci:2:006:0 s c0 bc 0900 001c 0002 2 <
ffff8e67c4a97300 3934913974 C Ci:2:006:0 0 2 = 2e6f
ffff8e67c4a97300 3934914016 S Ci:2:006:0 s c0 bc 0800 23be 0002 2 <
ffff8e67c4a97300 3934916747 C Ci:2:006:0 0 2 = 0000
ffff8e67c4a97300 3934916788 S Co:2:006:0 s 40 bc 0900 0014 0002 2 = d39e
ffff8e67c4a97300 3934919479 C Co:2:006:0 0 2 >
ffff8e67c4a97300 3934919522 S Ci:2:006:0 s c0 bc 0900 001c 0002 2 <
ffff8e67c4a97300 3934922239 C Ci:2:006:0 0 2 = 2e6f
ffff8e67c4a97300 3934922302 S Co:2:006:0 s 40 b9 0000 0000 0004 4 = 09016601
ffff8e67c4a97300 3934924954 C Co:2:006:0 0 4 >
ffff8e67c4a97300 3934925009 S Ii:2:006:3 -115:1 3 <
ffff8e67c4a97300 3934926290 C Ii:2:006:3 0:1 3 = 100000
ffff8e67c4a97300 3934926346 S Ci:2:006:0 s c0 bc 0800 0016 0002 2 <
ffff8e67c4a97300 3934929091 C Ci:2:006:0 0 2 = 0900
ffff8e67c4a97300 3934929149 S Ci:2:006:0 s c0 bc 0900 001c 0002 2 <
ffff8e67c4a97300 3934931792 C Ci:2:006:0 0 2 = 2e6f
ffff8e67c4a97300 3934931848 S Ci:2:006:0 s c0 bc 0800 23be 0004 4 <
ffff8e67c4a97300 3934934624 C Ci:2:006:0 0 4 = 000031e0
ffff8e67c4a97300 3934934666 S Co:2:006:0 s 40 bc 0800 00c0 0004 4 = 9989ec00
ffff8e67c4a97300 3934937295 C Co:2:006:0 0 4 >
ffff8e67c4a97300 3934937338 S Co:2:006:0 s 40 b9 0000 0000 0004 4 = 09006603
ffff8e67c4a97300 3934939989 C Co:2:006:0 0 4 >
ffff8e67c4a97300 3934940028 S Ii:2:006:3 -115:1 3 <
ffff8e67c4a97300 3934941191 C Ii:2:006:3 0:1 3 = 100000
ffff8e67c4a97300 3934941229 S Ci:2:006:0 s c0 bc 0800 0016 0002 2 <
ffff8e67c4a97300 3934944043 C Ci:2:006:0 0 2 = 0900
ffff8e67c4a97300 3934944075 S Ci:2:006:0 s c0 bc 0900 001c 0002 2 <
ffff8e67c4a97300 3934946919 C Ci:2:006:0 0 2 = 2e6f
ffff8e67c4a97300 3934946961 S Ci:2:006:0 s c0 bc 0800 23be 0002 2 <
ffff8e67c4a97300 3934949679 C Ci:2:006:0 0 2 = 0000
ffff8e67c4a97300 3934949720 S Co:2:006:0 s 40 bc 0900 0014 0002 2 = d39e
ffff8e67c4a97300 3934952442 C Co:2:006:0 0 2 >
ffff8e67c4a97300 3934952501 S Ci:2:006:0 s c0 bc 0900 001c 0002 2 <
ffff8e67c4a97300 3934955192 C Ci:2:006:0 0 2 = 2e6f
ffff8e67c4a97300 3934955270 S Co:2:006:0 s 40 b9 0000 0000 0004 4 = 09016601
ffff8e67c4a97300 3934957949 C Co:2:006:0 0 4 >
ffff8e67c4a97300 3934958003 S Ii:2:006:3 -115:1 3 <
ffff8e67c4a97300 3934959317 C Ii:2:006:3 0:1 3 = 100000
ffff8e67c4a97300 3934959371 S Ci:2:006:0 s c0 bc 0800 0016 0002 2 <
ffff8e67c4a97300 3934962056 C Ci:2:006:0 0 2 = 0900
ffff8e67c4a97300 3934962113 S Ci:2:006:0 s c0 bc 0900 001c 0002 2 <
ffff8e67c4a97300 3934964806 C Ci:2:006:0 0 2 = 2e6f
ffff8e67c4a97300 3934964862 S Ci:2:006:0 s c0 bc 0800 23be 0004 4 <
ffff8e67c4a97300 3934967641 C Ci:2:006:0 0 4 = 00007ee0
ffff8e67c4a97300 3934967697 S Co:2:006:0 s 40 bc 0800 00c0 0004 4 = 9989ec00
ffff8e67c4a97300 3934970253 C Co:2:006:0 0 4 >
ffff8e67c4a97300 3934970309 S Co:2:006:0 s 40 b9 0000 0000 0004 4 = 09006603
ffff8e67c4a97300 3934973034 C Co:2:006:0 0 4 >
ffff8e67c4a97300 3934973079 S Ii:2:006:3 -115:1 3 <
ffff8e67c4a97300 3934974207 C Ii:2:006:3 0:1 3 = 100000
ffff8e67c4a97300 3934974247 S Ci:2:006:0 s c0 bc 0800 0016 0002 2 <
ffff8e67c4a97300 3934977102 C Ci:2:006:0 0 2 = 0900
ffff8e67c4a97300 3934977147 S Ci:2:006:0 s c0 bc 0900 001c 0002 2 <
ffff8e67c4a97300 3934979773 C Ci:2:006:0 0 2 = 2e6f
ffff8e67c4a97300 3934979814 S Ci:2:006:0 s c0 bc 0800 23be 0002 2 <
ffff8e67c4a97300 3934982583 C Ci:2:006:0 0 2 = 0000
ffff8e67c4a97300 3934982624 S Co:2:006:0 s 40 bc 0900 0014 0002 2 = d39e
ffff8e67c4a97300 3934985257 C Co:2:006:0 0 2 >
ffff8e67c4a97300 3934985298 S Ci:2:006:0 s c0 bc 0900 001c 0002 2 <
ffff8e67c4a97300 3934987996 C Ci:2:006:0 0 2 = 2e6f
ffff8e67c4a97300 3934988083 S Co:2:006:0 s 40 b9 0000 0000 0004 4 = 09016601
ffff8e67c4a97300 3934990706 C Co:2:006:0 0 4 >
ffff8e67c4a97300 3934990746 S Ii:2:006:3 -115:1 3 <
ffff8e67c4a97300 3934991950 C Ii:2:006:3 0:1 3 = 100000
ffff8e67c4a97300 3934991989 S Ci:2:006:0 s c0 bc 0800 0016 0002 2 <
ffff8e67c4a97300 3934994716 C Ci:2:006:0 0 2 = 0900
ffff8e67c4a97300 3934994759 S Ci:2:006:0 s c0 bc 0900 001c 0002 2 <
ffff8e67c4a97300 3934997435 C Ci:2:006:0 0 2 = 2e6f
ffff8e67c4a97300 3934997471 S Ci:2:006:0 s c0 bc 0800 23be 0004 4 <
ffff8e67c4a97300 3935000212 C Ci:2:006:0 0 4 = 00004ae0
ffff8e67c4a97300 3935000308 S Co:2:006:0 s 40 bc 0800 00c0 0004 4 = 9989ec00
ffff8e67c4a97300 3935002954 C Co:2:006:0 0 4 >
ffff8e67c4a97300 3935002998 S Co:2:006:0 s 40 b9 0000 0000 0004 4 = 09006603
ffff8e67c4a97300 3935005656 C Co:2:006:0 0 4 >
ffff8e67c26dbd80 3935005868 S Ii:2:006:3 -115:1 3 <
ffff8e67c26dbd80 3935006956 C Ii:2:006:3 0:1 3 = 100000
ffff8e67c26dbd80 3935007151 S Ci:2:006:0 s c0 bc 0800 0016 0002 2 <
ffff8e67c26dbd80 3935009587 C Ci:2:006:0 0 2 = 0900
ffff8e67c26dbd80 3935009702 S Ci:2:006:0 s c0 bc 0900 001c 0002 2 <
ffff8e67c26dbd80 3935012349 C Ci:2:006:0 0 2 = 2e6f
ffff8e67c26dbd80 3935012493 S Ci:2:006:0 s c0 bc 0800 23be 0002 2 <
ffff8e67c26dbd80 3935015140 C Ci:2:006:0 0 2 = 0000
ffff8e67c26dbd80 3935015315 S Co:2:006:0 s 40 bc 0900 0014 0002 2 = d39e
ffff8e67c26dbd80 3935017675 C Co:2:006:0 0 2 >
ffff8e67c26dbd80 3935017809 S Ci:2:006:0 s c0 bc 0900 001c 0002 2 <
ffff8e67c26dbd80 3935020361 C Ci:2:006:0 0 2 = 2e6f
ffff8e67c26dbd80 3935020496 S Co:2:006:0 s 40 b9 0000 0000 0004 4 = 09016601
ffff8e67c26dbd80 3935023074 C Co:2:006:0 0 4 >
ffff8e67c26dbd80 3935023203 S Ii:2:006:3 -115:1 3 <
ffff8e67c26dbd80 3935024351 C Ii:2:006:3 0:1 3 = 100000
ffff8e67c26dbd80 3935024485 S Ci:2:006:0 s c0 bc 0800 0016 0002 2 <
ffff8e67c26dbd80 3935027127 C Ci:2:006:0 0 2 = 0900
ffff8e67c26dbd80 3935027278 S Ci:2:006:0 s c0 bc 0900 001c 0002 2 <
ffff8e67c26dbd80 3935029750 C Ci:2:006:0 0 2 = 2e6f
ffff8e67c26dbd80 3935029903 S Ci:2:006:0 s c0 bc 0800 23be 0004 4 <
ffff8e67c26dbd80 3935032415 C Ci:2:006:0 0 4 = 000091e0
ffff8e67c26dbd80 3935032547 S Co:2:006:0 s 40 bc 0800 00c0 0004 4 = 9989ec00
ffff8e67c26dbd80 3935035240 C Co:2:006:0 0 4 >
ffff8e67c26dbd80 3935035372 S Co:2:006:0 s 40 b9 0000 0000 0004 4 = 09006603
ffff8e67c26dbd80 3935037896 C Co:2:006:0 0 4 >
ffff8e67c26dbd80 3935038069 S Ii:2:006:3 -115:1 3 <
ffff8e67c26dbd80 3935039200 C Ii:2:006:3 0:1 3 = 100000
ffff8e67c26dbd80 3935039333 S Ci:2:006:0 s c0 bc 0800 0016 0002 2 <
ffff8e67c26dbd80 3935042039 C Ci:2:006:0 0 2 = 0900
ffff8e67c26dbd80 3935042169 S Ci:2:006:0 s c0 bc 0900 001c 0002 2 <
ffff8e67c26dbd80 3935044761 C Ci:2:006:0 0 2 = 2e6f
ffff8e67c26dbd80 3935044927 S Ci:2:006:0 s c0 bc 0800 23be 0002 2 <
ffff8e67c26dbd80 3935047424 C Ci:2:006:0 0 2 = 0000
ffff8e67c26dbd80 3935047590 S Co:2:006:0 s 40 bc 0900 0014 0002 2 = d39e
ffff8e67c26dbd80 3935050160 C Co:2:006:0 0 2 >
ffff8e67c26dbd80 3935050307 S Ci:2:006:0 s c0 bc 0900 001c 0002 2 <
ffff8e67c26dbd80 3935052913 C Ci:2:006:0 0 2 = 2e6f
ffff8e67c26dbd80 3935053077 S Co:2:006:0 s 40 b9 0000 0000 0004 4 = 09016601
ffff8e67c26dbd80 3935055797 C Co:2:006:0 0 4 >
ffff8e67c26dbd80 3935055966 S Ii:2:006:3 -115:1 3 <
ffff8e67c26dbd80 3935056960 C Ii:2:006:3 0:1 3 = 100000
ffff8e67c26dbd80 3935057093 S Ci:2:006:0 s c0 bc 0800 0016 0002 2 <
ffff8e67c26dbd80 3935059728 C Ci:2:006:0 0 2 = 0900
ffff8e67c26dbd80 3935059829 S Ci:2:006:0 s c0 bc 0900 001c 0002 2 <
ffff8e67c26dbd80 3935062408 C Ci:2:006:0 0 2 = 2e6f
ffff8e67c26dbd80 3935062541 S Ci:2:006:0 s c0 bc 0800 23be 0004 4 <
ffff8e67c26dbd80 3935065132 C Ci:2:006:0 0 4 = 0000fde0
ffff8e67c26dbd80 3935065262 S Co:2:006:0 s 40 bc 0800 00c0 0004 4 = 9989ec00
ffff8e67c26dbd80 3935067951 C Co:2:006:0 0 4 >
ffff8e67c26dbd80 3935068062 S Co:2:006:0 s 40 b9 0000 0000 0004 4 = 09006603
ffff8e67c26dbd80 3935070719 C Co:2:006:0 0 4 >
ffff8e67c26dbd80 3935070853 S Ii:2:006:3 -115:1 3 <
ffff8e67c26dbd80 3935071928 C Ii:2:006:3 0:1 3 = 100000
ffff8e67c26dbd80 3935072065 S Ci:2:006:0 s c0 bc 0800 0016 0002 2 <
ffff8e67c26dbd80 3935074699 C Ci:2:006:0 0 2 = 0900
ffff8e67c26dbd80 3935074831 S Ci:2:006:0 s c0 bc 0900 001c 0002 2 <
ffff8e67c26dbd80 3935077458 C Ci:2:006:0 0 2 = 2e6f
ffff8e67c26dbd80 3935077590 S Ci:2:006:0 s c0 bc 0800 23be 0002 2 <
ffff8e67c26dbd80 3935080150 C Ci:2:006:0 0 2 = 0000
ffff8e67c26dbd80 3935080235 S Co:2:006:0 s 40 bc 0900 0014 0002 2 = d39e
ffff8e67c26dbd80 3935082926 C Co:2:006:0 0 2 >
ffff8e67c26dbd80 3935083088 S Ci:2:006:0 s c0 bc 0900 001c 0002 2 <
ffff8e67c26dbd80 3935085642 C Ci:2:006:0 0 2 = 2e6f
ffff8e67c26dbd80 3935085776 S Co:2:006:0 s 40 b9 0000 0000 0004 4 = 09016601
ffff8e67c26dbd80 3935088313 C Co:2:006:0 0 4 >
ffff8e67c26dbd80 3935088461 S Ii:2:006:3 -115:1 3 <
ffff8e67c26dbd80 3935089583 C Ii:2:006:3 0:1 3 = 100000
ffff8e67c26dbd80 3935089684 S Ci:2:006:0 s c0 bc 0800 0016 0002 2 <
ffff8e67c26dbd80 3935092325 C Ci:2:006:0 0 2 = 0900
ffff8e67c26dbd80 3935092451 S Ci:2:006:0 s c0 bc 0900 001c 0002 2 <
ffff8e67c26dbd80 3935095044 C Ci:2:006:0 0 2 = 2e6f
ffff8e67c26dbd80 3935095931 S Ci:2:006:0 s c0 bc 0800 23be 0004 4 <
ffff8e67c26dbd80 3935097764 C Ci:2:006:0 0 4 = 0000b1e0
ffff8e67c26dbd80 3935097914 S Co:2:006:0 s 40 bc 0800 00c0 0004 4 = 9989ec00
ffff8e67c26dbd80 3935100499 C Co:2:006:0 0 4 >
ffff8e67c26dbd80 3935100570 S Co:2:006:0 s 40 b9 0000 0000 0004 4 = 09006603
ffff8e67c26dbd80 3935103132 C Co:2:006:0 0 4 >
ffff8e67c26dbd80 3935103277 S Ii:2:006:3 -115:1 3 <
ffff8e67c26dbd80 3935104515 C Ii:2:006:3 0:1 3 = 100000
ffff8e67c26dbd80 3935104649 S Ci:2:006:0 s c0 bc 0800 0016 0002 2 <
ffff8e67c26dbd80 3935107325 C Ci:2:006:0 0 2 = 0900
ffff8e67c26dbd80 3935107464 S Ci:2:006:0 s c0 bc 0900 001c 0002 2 <
ffff8e67c26dbd80 3935110008 C Ci:2:006:0 0 2 = 2e6f
ffff8e67c26dbd80 3935110115 S Ci:2:006:0 s c0 bc 0800 23be 0002 2 <
ffff8e67c26dbd80 3935112765 C Ci:2:006:0 0 2 = 0000
ffff8e67c26dbd80 3935112923 S Co:2:006:0 s 40 bc 0900 0014 0002 2 = d39e
ffff8e67c26dbd80 3935115434 C Co:2:006:0 0 2 >
ffff8e67c26dbd80 3935115572 S Ci:2:006:0 s c0 bc 0900 001c 0002 2 <
ffff8e67c26dbd80 3935118205 C Ci:2:006:0 0 2 = 2e6f
ffff8e67c26dbd80 3935118342 S Co:2:006:0 s 40 b9 0000 0000 0004 4 = 09016601
ffff8e67c26dbd80 3935120861 C Co:2:006:0 0 4 >
ffff8e67c26dbd80 3935121052 S Ii:2:006:3 -115:1 3 <
ffff8e67c26dbd80 3935122157 C Ii:2:006:3 0:1 3 = 100000
ffff8e67c26dbd80 3935122227 S Ci:2:006:0 s c0 bc 0800 0016 0002 2 <
ffff8e67c26dbd80 3935124919 C Ci:2:006:0 0 2 = 0900
ffff8e67c26dbd80 3935125050 S Ci:2:006:0 s c0 bc 0900 001c 0002 2 <
ffff8e67c26dbd80 3935127563 C Ci:2:006:0 0 2 = 2e6f
ffff8e67c26dbd80 3935127714 S Ci:2:006:0 s c0 bc 0800 23be 0004 4 <
ffff8e67c26dbd80 3935130243 C Ci:2:006:0 0 4 = 00005ae0
ffff8e67c26dbd80 3935130384 S Co:2:006:0 s 40 bc 0800 00c0 0004 4 = 9989ec00
ffff8e67c26dbd80 3935133061 C Co:2:006:0 0 4 >
ffff8e67c26dbd80 3935133203 S Co:2:006:0 s 40 b9 0000 0000 0004 4 = 09006603
ffff8e67c26dbd80 3935135768 C Co:2:006:0 0 4 >
ffff8e67c26dbd80 3935135941 S Ii:2:006:3 -115:1 3 <
ffff8e67c26dbd80 3935136979 C Ii:2:006:3 0:1 3 = 100000
ffff8e67c26dbd80 3935137095 S Ci:2:006:0 s c0 bc 0800 0016 0002 2 <
ffff8e67c26dbd80 3935139822 C Ci:2:006:0 0 2 = 0900
ffff8e67c26dbd80 3935139966 S Ci:2:006:0 s c0 bc 0900 001c 0002 2 <
ffff8e67c26dbd80 3935142576 C Ci:2:006:0 0 2 = 2e6f
ffff8e67c26dbd80 3935142714 S Ci:2:006:0 s c0 bc 0800 23be 0002 2 <
ffff8e67c26dbd80 3935145325 C Ci:2:006:0 0 2 = 0000
ffff8e67c26dbd80 3935145439 S Co:2:006:0 s 40 bc 0900 0014 0002 2 = d39e
ffff8e67c26dbd80 3935148083 C Co:2:006:0 0 2 >
ffff8e67c26dbd80 3935148219 S Ci:2:006:0 s c0 bc 0900 001c 0002 2 <
ffff8e67c26dbd80 3935150819 C Ci:2:006:0 0 2 = 2e6f
ffff8e67c26dbd80 3935150964 S Co:2:006:0 s 40 b9 0000 0000 0004 4 = 09016601
ffff8e67c26dbd80 3935153573 C Co:2:006:0 0 4 >
ffff8e67c26dbd80 3935153722 S Ii:2:006:3 -115:1 3 <
ffff8e67c26dbd80 3935154887 C Ii:2:006:3 0:1 3 = 100000
ffff8e67c26dbd80 3935154988 S Ci:2:006:0 s c0 bc 0800 0016 0002 2 <
ffff8e67c26dbd80 3935157705 C Ci:2:006:0 0 2 = 0900
ffff8e67c26dbd80 3935157845 S Ci:2:006:0 s c0 bc 0900 001c 0002 2 <
ffff8e67c26dbd80 3935160486 C Ci:2:006:0 0 2 = 2e6f
ffff8e67c26dbd80 3935160629 S Ci:2:006:0 s c0 bc 0800 23be 0004 4 <
ffff8e67c26dbd80 3935163228 C Ci:2:006:0 0 4 = 000003e0
ffff8e67c26dbd80 3935163364 S Co:2:006:0 s 40 bc 0800 00c0 0004 4 = 9989ec00
ffff8e67c26dbd80 3935165948 C Co:2:006:0 0 4 >
ffff8e67c26dbd80 3935166102 S Co:2:006:0 s 40 b9 0000 0000 0004 4 = 09006603
ffff8e67c26dbd80 3935168704 C Co:2:006:0 0 4 >
ffff8e67c26dbd80 3935168805 S Ii:2:006:3 -115:1 3 <
ffff8e67c26dbd80 3935169970 C Ii:2:006:3 0:1 3 = 100000
ffff8e67c26dbd80 3935170119 S Ci:2:006:0 s c0 bc 0800 0016 0002 2 <
ffff8e67c26dbd80 3935172782 C Ci:2:006:0 0 2 = 0900
ffff8e67c26dbd80 3935172895 S Ci:2:006:0 s c0 bc 0900 001c 0002 2 <
ffff8e67c26dbd80 3935175593 C Ci:2:006:0 0 2 = 2e6f
ffff8e67c26dbd80 3935175743 S Ci:2:006:0 s c0 bc 0800 23be 0002 2 <
ffff8e67c26dbd80 3935178261 C Ci:2:006:0 0 2 = 0000
ffff8e67c26dbd80 3935178401 S Co:2:006:0 s 40 bc 0900 0014 0002 2 = d39e
ffff8e67c26dbd80 3935180844 C Co:2:006:0 0 2 >
ffff8e67c26dbd80 3935180988 S Ci:2:006:0 s c0 bc 0900 001c 0002 2 <
ffff8e67c26dbd80 3935183555 C Ci:2:006:0 0 2 = 2e6f
ffff8e67c26dbd80 3935183697 S Co:2:006:0 s 40 b9 0000 0000 0004 4 = 09016601
ffff8e67c26dbd80 3935186271 C Co:2:006:0 0 4 >
ffff8e67c26dbd80 3935186437 S Ii:2:006:3 -115:1 3 <
ffff8e67c26dbd80 3935187638 C Ii:2:006:3 0:1 3 = 100000
ffff8e67c26dbd80 3935187780 S Ci:2:006:0 s c0 bc 0800 0016 0002 2 <
ffff8e67c26dbd80 3935190327 C Ci:2:006:0 0 2 = 0900
ffff8e67c26dbd80 3935190481 S Ci:2:006:0 s c0 bc 0900 001c 0002 2 <
ffff8e67c26dbd80 3935192996 C Ci:2:006:0 0 2 = 2e6f
ffff8e67c26dbd80 3935193135 S Ci:2:006:0 s c0 bc 0800 23be 0004 4 <
ffff8e67c26dbd80 3935195690 C Ci:2:006:0 0 4 = 000091e0
ffff8e67c26dbd80 3935195828 S Co:2:006:0 s 40 bc 0800 00c0 0004 4 = 9989ec00
ffff8e67c26dbd80 3935198422 C Co:2:006:0 0 4 >
ffff8e67c26dbd80 3935198565 S Co:2:006:0 s 40 b9 0000 0000 0004 4 = 09006603
ffff8e67c26dbd80 3935201133 C Co:2:006:0 0 4 >
ffff8e67c26dbd80 3935201274 S Ii:2:006:3 -115:1 3 <
ffff8e67c26dbd80 3935202443 C Ii:2:006:3 0:1 3 = 100000
ffff8e67c26dbd80 3935202581 S Ci:2:006:0 s c0 bc 0800 0016 0002 2 <
ffff8e67c26dbd80 3935205283 C Ci:2:006:0 0 2 = 0900
ffff8e67c26dbd80 3935205428 S Ci:2:006:0 s c0 bc 0900 001c 0002 2 <
ffff8e67c26dbd80 3935208094 C Ci:2:006:0 0 2 = 2e6f
ffff8e67c26dbd80 3935208234 S Ci:2:006:0 s c0 bc 0800 23be 0002 2 <
ffff8e67c26dbd80 3935210815 C Ci:2:006:0 0 2 = 0000
ffff8e67c26dbd80 3935210955 S Co:2:006:0 s 40 bc 0900 0014 0002 2 = d39e
ffff8e67c26dbd80 3935213586 C Co:2:006:0 0 2 >
ffff8e67c26dbd80 3935213729 S Ci:2:006:0 s c0 bc 0900 001c 0002 2 <
ffff8e67c26dbd80 3935216326 C Ci:2:006:0 0 2 = 2e6f
ffff8e67c26dbd80 3935216469 S Co:2:006:0 s 40 b9 0000 0000 0004 4 = 09016601
ffff8e67c26dbd80 3935219063 C Co:2:006:0 0 4 >
ffff8e67c26dbd80 3935219202 S Ii:2:006:3 -115:1 3 <
ffff8e67c26dbd80 3935220171 C Ii:2:006:3 0:1 3 = 100000
ffff8e67c26dbd80 3935220243 S Ci:2:006:0 s c0 bc 0800 0016 0002 2 <
ffff8e67c26dbd80 3935223039 C Ci:2:006:0 0 2 = 0900
ffff8e67c26dbd80 3935223182 S Ci:2:006:0 s c0 bc 0900 001c 0002 2 <
ffff8e67c26dbd80 3935225656 C Ci:2:006:0 0 2 = 2e6f
ffff8e67c26dbd80 3935225800 S Ci:2:006:0 s c0 bc 0800 23be 0004 4 <
ffff8e67c26dbd80 3935228314 C Ci:2:006:0 0 4 = 000074e0
ffff8e67c26dbd80 3935228426 S Co:2:006:0 s 40 bc 0800 00c0 0004 4 = 9989ec00
ffff8e67c26dbd80 3935231053 C Co:2:006:0 0 4 >
ffff8e67c26dbd80 3935231191 S Co:2:006:0 s 40 b9 0000 0000 0004 4 = 09006603
ffff8e67c26dbd80 3935233756 C Co:2:006:0 0 4 >
ffff8e67c26dbd80 3935233909 S Ii:2:006:3 -115:1 3 <
ffff8e67c26dbd80 3935235106 C Ii:2:006:3 0:1 3 = 100000
ffff8e67c26dbd80 3935235239 S Ci:2:006:0 s c0 bc 0800 0016 0002 2 <
ffff8e67c26dbd80 3935237901 C Ci:2:006:0 0 2 = 0900
ffff8e67c26dbd80 3935238054 S Ci:2:006:0 s c0 bc 0900 001c 0002 2 <
ffff8e67c26dbd80 3935240536 C Ci:2:006:0 0 2 = 2e6f
ffff8e67c26dbd80 3935240676 S Ci:2:006:0 s c0 bc 0800 23be 0002 2 <
ffff8e67c26dbd80 3935243277 C Ci:2:006:0 0 2 = 0000
ffff8e67c26dbd80 3935243442 S Co:2:006:0 s 40 bc 0900 0014 0002 2 = d39e
ffff8e67c26dbd80 3935245850 C Co:2:006:0 0 2 >
ffff8e67c26dbd80 3935246012 S Ci:2:006:0 s c0 bc 0900 001c 0002 2 <
ffff8e67c26dbd80 3935248529 C Ci:2:006:0 0 2 = 2e6f
ffff8e67c26dbd80 3935248671 S Co:2:006:0 s 40 b9 0000 0000 0004 4 = 09016601
ffff8e67c26dbd80 3935251161 C Co:2:006:0 0 4 >
ffff8e67c26dbd80 3935251295 S Ii:2:006:3 -115:1 3 <
ffff8e67c26dbd80 3935252445 C Ii:2:006:3 0:1 3 = 100000
ffff8e67c26dbd80 3935252542 S Ci:2:006:0 s c0 bc 0800 0016 0002 2 <
ffff8e67c26dbd80 3935255282 C Ci:2:006:0 0 2 = 0900
ffff8e67c26dbd80 3935255429 S Ci:2:006:0 s c0 bc 0900 001c 0002 2 <
ffff8e67c26dbd80 3935257945 C Ci:2:006:0 0 2 = 2e6f
ffff8e67c26dbd80 3935258101 S Ci:2:006:0 s c0 bc 0800 23be 0004 4 <
ffff8e67c26dbd80 3935260557 C Ci:2:006:0 0 4 = 0000a8e0
ffff8e67c26dbd80 3935260663 S Co:2:006:0 s 40 bc 0800 00c0 0004 4 = 9989ec00
ffff8e67c26dbd80 3935263257 C Co:2:006:0 0 4 >
ffff8e67c26dbd80 3935263419 S Co:2:006:0 s 40 b9 0000 0000 0004 4 = 09006603
ffff8e67c26dbd80 3935265853 C Co:2:006:0 0 4 >
ffff8e67c26dbd80 3935266054 S Ii:2:006:3 -115:1 3 <
ffff8e67c26dbd80 3935267124 C Ii:2:006:3 0:1 3 = 100000
ffff8e67c26dbd80 3935267193 S Ci:2:006:0 s c0 bc 0800 0016 0002 2 <
ffff8e67c26dbd80 3935269918 C Ci:2:006:0 0 2 = 0900
ffff8e67c26dbd80 3935270078 S Ci:2:006:0 s c0 bc 0900 001c 0002 2 <
ffff8e67c26dbd80 3935272649 C Ci:2:006:0 0 2 = 2e6f
ffff8e67c26dbd80 3935272789 S Ci:2:006:0 s c0 bc 0800 23be 0002 2 <
ffff8e67c26dbd80 3935275387 C Ci:2:006:0 0 2 = 0000
ffff8e67c26dbd80 3935275525 S Co:2:006:0 s 40 bc 0900 0014 0002 2 = d39e
ffff8e67c26dbd80 3935278158 C Co:2:006:0 0 2 >
ffff8e67c26dbd80 3935278299 S Ci:2:006:0 s c0 bc 0900 001c 0002 2 <
ffff8e67c26dbd80 3935280905 C Ci:2:006:0 0 2 = 2e6f
ffff8e67c26dbd80 3935281054 S Co:2:006:0 s 40 b9 0000 0000 0004 4 = 09016601
ffff8e67c26dbd80 3935283547 C Co:2:006:0 0 4 >
ffff8e67c26dbd80 3935283682 S Ii:2:006:3 -115:1 3 <
ffff8e67c26dbd80 3935284872 C Ii:2:006:3 0:1 3 = 100000
ffff8e67c26dbd80 3935284969 S Ci:2:006:0 s c0 bc 0800 0016 0002 2 <
ffff8e67c26dbd80 3935287720 C Ci:2:006:0 0 2 = 0900
ffff8e67c26dbd80 3935287891 S Ci:2:006:0 s c0 bc 0900 001c 0002 2 <
ffff8e67c26dbd80 3935290430 C Ci:2:006:0 0 2 = 2e6f
ffff8e67c26dbd80 3935290570 S Ci:2:006:0 s c0 bc 0800 23be 0004 4 <
ffff8e67c26dbd80 3935293172 C Ci:2:006:0 0 4 = 000051e0
ffff8e67c26dbd80 3935293313 S Co:2:006:0 s 40 bc 0800 00c0 0004 4 = 9989ec00
ffff8e67c26dbd80 3935295927 C Co:2:006:0 0 4 >
ffff8e67c26dbd80 3935296074 S Co:2:006:0 s 40 b9 0000 0000 0004 4 = 09006603
ffff8e67c26dbd80 3935298682 C Co:2:006:0 0 4 >
ffff8e67c26dbd80 3935298832 S Ii:2:006:3 -115:1 3 <
ffff8e67c26dbd80 3935299962 C Ii:2:006:3 0:1 3 = 100000
ffff8e67c26dbd80 3935300089 S Ci:2:006:0 s c0 bc 0800 0016 0002 2 <
ffff8e67c26dbd80 3935302770 C Ci:2:006:0 0 2 = 0900
ffff8e67c26dbd80 3935302918 S Ci:2:006:0 s c0 bc 0900 001c 0002 2 <
ffff8e67c26dbd80 3935305428 C Ci:2:006:0 0 2 = 2e6f
ffff8e67c26dbd80 3935305571 S Ci:2:006:0 s c0 bc 0800 23be 0002 2 <
ffff8e67c26dbd80 3935308159 C Ci:2:006:0 0 2 = 0000
ffff8e67c26dbd80 3935308300 S Co:2:006:0 s 40 bc 0900 0014 0002 2 = d39e
ffff8e67c26dbd80 3935310897 C Co:2:006:0 0 2 >
ffff8e67c26dbd80 3935311059 S Ci:2:006:0 s c0 bc 0900 001c 0002 2 <
ffff8e67c26dbd80 3935313554 C Ci:2:006:0 0 2 = 2e6f
ffff8e67c26dbd80 3935313695 S Co:2:006:0 s 40 b9 0000 0000 0004 4 = 09016601
ffff8e67c26dbd80 3935316299 C Co:2:006:0 0 4 >
ffff8e67c26dbd80 3935316408 S Ii:2:006:3 -115:1 3 <
ffff8e67c26dbd80 3935317597 C Ii:2:006:3 0:1 3 = 100000
ffff8e67c26dbd80 3935317735 S Ci:2:006:0 s c0 bc 0800 0016 0002 2 <
ffff8e67c26dbd80 3935320309 C Ci:2:006:0 0 2 = 0900
ffff8e67c26dbd80 3935320450 S Ci:2:006:0 s c0 bc 0900 001c 0002 2 <
ffff8e67c26dbd80 3935323029 C Ci:2:006:0 0 2 = 2e6f
ffff8e67c26dbd80 3935323170 S Ci:2:006:0 s c0 bc 0800 23be 0004 4 <
ffff8e67c26dbd80 3935325612 C Ci:2:006:0 0 4 = 0000d2e0
ffff8e67c26dbd80 3935325754 S Co:2:006:0 s 40 bc 0800 00c0 0004 4 = 9989ec00
ffff8e67c26dbd80 3935328249 C Co:2:006:0 0 4 >
ffff8e67c26dbd80 3935328392 S Co:2:006:0 s 40 b9 0000 0000 0004 4 = 09006603
ffff8e67c26dbd80 3935330890 C Co:2:006:0 0 4 >
ffff8e67c26dbd80 3935331056 S Ii:2:006:3 -115:1 3 <
ffff8e67c26dbd80 3935332186 C Ii:2:006:3 0:1 3 = 100000
ffff8e67c26dbd80 3935332353 S Ci:2:006:0 s c0 bc 0800 0016 0002 2 <
ffff8e67c26dbd80 3935335039 C Ci:2:006:0 0 2 = 0900
ffff8e67c26dbd80 3935335177 S Ci:2:006:0 s c0 bc 0900 001c 0002 2 <
ffff8e67c26dbd80 3935337612 C Ci:2:006:0 0 2 = 2e6f
ffff8e67c26dbd80 3935337750 S Ci:2:006:0 s c0 bc 0800 23be 0002 2 <
ffff8e67c26dbd80 3935340347 C Ci:2:006:0 0 2 = 0000
ffff8e67c26dbd80 3935340485 S Co:2:006:0 s 40 bc 0900 0014 0002 2 = d39e
ffff8e67c26dbd80 3935343047 C Co:2:006:0 0 2 >
ffff8e67c26dbd80 3935343187 S Ci:2:006:0 s c0 bc 0900 001c 0002 2 <
ffff8e67c26dbd80 3935345678 C Ci:2:006:0 0 2 = 2e6f
ffff8e67c26dbd80 3935345820 S Co:2:006:0 s 40 b9 0000 0000 0004 4 = 09016601
ffff8e67c26dbd80 3935348438 C Co:2:006:0 0 4 >
ffff8e67c26dbd80 3935348577 S Ii:2:006:3 -115:1 3 <
ffff8e67c26dbd80 3935349720 C Ii:2:006:3 0:1 3 = 100000
ffff8e67c26dbd80 3935349882 S Ci:2:006:0 s c0 bc 0800 0016 0002 2 <
ffff8e67c26dbd80 3935352555 C Ci:2:006:0 0 2 = 0900
ffff8e67c26dbd80 3935352668 S Ci:2:006:0 s c0 bc 0900 001c 0002 2 <
ffff8e67c26dbd80 3935355233 C Ci:2:006:0 0 2 = 2e6f
ffff8e67c26dbd80 3935355372 S Ci:2:006:0 s c0 bc 0800 23be 0004 4 <
ffff8e67c26dbd80 3935357870 C Ci:2:006:0 0 4 = 000082e0
ffff8e67c26dbd80 3935358013 S Co:2:006:0 s 40 bc 0800 00c0 0004 4 = 9989ec00
ffff8e67c26dbd80 3935360536 C Co:2:006:0 0 4 >
ffff8e67c26dbd80 3935360674 S Co:2:006:0 s 40 b9 0000 0000 0004 4 = 09006603
ffff8e67c26dbd80 3935363257 C Co:2:006:0 0 4 >
ffff8e67c26dbd80 3935363394 S Ii:2:006:3 -115:1 3 <
ffff8e67c26dbd80 3935364605 C Ii:2:006:3 0:1 3 = 100000
ffff8e67c26dbd80 3935364705 S Ci:2:006:0 s c0 bc 0800 0016 0002 2 <
ffff8e67c26dbd80 3935367416 C Ci:2:006:0 0 2 = 0900
ffff8e67c26dbd80 3935367556 S Ci:2:006:0 s c0 bc 0900 001c 0002 2 <
ffff8e67c26dbd80 3935370207 C Ci:2:006:0 0 2 = 2e6f
ffff8e67c26dbd80 3935370346 S Ci:2:006:0 s c0 bc 0800 23be 0002 2 <
ffff8e67c26dbd80 3935372950 C Ci:2:006:0 0 2 = 0000
ffff8e67c26dbd80 3935373067 S Co:2:006:0 s 40 bc 0900 0014 0002 2 = d39e
ffff8e67c26dbd80 3935375758 C Co:2:006:0 0 2 >
ffff8e67c26dbd80 3935375894 S Ci:2:006:0 s c0 bc 0900 001c 0002 2 <
ffff8e67c26dbd80 3935378452 C Ci:2:006:0 0 2 = 2e6f
ffff8e67c26dbd80 3935378565 S Co:2:006:0 s 40 b9 0000 0000 0004 4 = 09016601
ffff8e67c26dbd80 3935381197 C Co:2:006:0 0 4 >
ffff8e67c26dbd80 3935381335 S Ii:2:006:3 -115:1 3 <
ffff8e67c26dbd80 3935382514 C Ii:2:006:3 0:1 3 = 100000
ffff8e67c26dbd80 3935382650 S Ci:2:006:0 s c0 bc 0800 0016 0002 2 <
ffff8e67c26dbd80 3935385477 C Ci:2:006:0 0 2 = 0900
ffff8e67c26dbd80 3935385558 S Ci:2:006:0 s c0 bc 0900 001c 0002 2 <
ffff8e67c26dbd80 3935388156 C Ci:2:006:0 0 2 = 2e6f
ffff8e67c26dbd80 3935388239 S Ci:2:006:0 s c0 bc 0800 23be 0004 4 <
ffff8e67c26dbd80 3935391040 C Ci:2:006:0 0 4 = 0000b1e0
ffff8e67c26dbd80 3935391189 S Co:2:006:0 s 40 bc 0800 00c0 0004 4 = 9989ec00
ffff8e67c26dbd80 3935393776 C Co:2:006:0 0 4 >
ffff8e67c26dbd80 3935393887 S Co:2:006:0 s 40 b9 0000 0000 0004 4 = 09006603
ffff8e67c26dbd80 3935396557 C Co:2:006:0 0 4 >
ffff8e67c26dbd80 3935396695 S Ii:2:006:3 -115:1 3 <
ffff8e67c26dbd80 3935397900 C Ii:2:006:3 0:1 3 = 100000
ffff8e67c26dbd80 3935398005 S Ci:2:006:0 s c0 bc 0800 0016 0002 2 <
ffff8e67c26dbd80 3935400593 C Ci:2:006:0 0 2 = 0900
ffff8e67c26dbd80 3935400726 S Ci:2:006:0 s c0 bc 0900 001c 0002 2 <
ffff8e67c26dbd80 3935403347 C Ci:2:006:0 0 2 = 2e6f
ffff8e67c26dbd80 3935403486 S Ci:2:006:0 s c0 bc 0800 23be 0002 2 <
ffff8e67c26dbd80 3935406034 C Ci:2:006:0 0 2 = 0000
ffff8e67c26dbd80 3935406174 S Co:2:006:0 s 40 bc 0900 0014 0002 2 = d39e
ffff8e67c26dbd80 3935408797 C Co:2:006:0 0 2 >
ffff8e67c26dbd80 3935408945 S Ci:2:006:0 s c0 bc 0900 001c 0002 2 <
ffff8e67c26dbd80 3935411594 C Ci:2:006:0 0 2 = 2e6f
ffff8e67c26dbd80 3935411740 S Co:2:006:0 s 40 b9 0000 0000 0004 4 = 09016601
ffff8e67c26dbd80 3935414304 C Co:2:006:0 0 4 >
ffff8e67c26dbd80 3935414443 S Ii:2:006:3 -115:1 3 <
ffff8e67c26dbd80 3935415719 C Ii:2:006:3 0:1 3 = 100000
ffff8e67c26dbd80 3935415815 S Ci:2:006:0 s c0 bc 0800 0016 0002 2 <
ffff8e67c26dbd80 3935418466 C Ci:2:006:0 0 2 = 0900
ffff8e67c26dbd80 3935418605 S Ci:2:006:0 s c0 bc 0900 001c 0002 2 <
ffff8e67c26dbd80 3935421198 C Ci:2:006:0 0 2 = 2e6f
ffff8e67c26dbd80 3935421337 S Ci:2:006:0 s c0 bc 0800 23be 0004 4 <
ffff8e67c26dbd80 3935423965 C Ci:2:006:0 0 4 = 000089e0
ffff8e67c26dbd80 3935424058 S Co:2:006:0 s 40 bc 0800 00c0 0004 4 = 9989ec00
ffff8e67c26dbd80 3935426656 C Co:2:006:0 0 4 >
ffff8e67c26dbd80 3935426753 S Co:2:006:0 s 40 b9 0000 0000 0004 4 = 09006603
ffff8e67c26dbd80 3935429457 C Co:2:006:0 0 4 >
ffff8e67c26dbd80 3935429596 S Ii:2:006:3 -115:1 3 <
ffff8e67c26dbd80 3935430763 C Ii:2:006:3 0:1 3 = 100000
ffff8e67c26dbd80 3935430924 S Ci:2:006:0 s c0 bc 0800 0016 0002 2 <
ffff8e67c26dbd80 3935433589 C Ci:2:006:0 0 2 = 0900
ffff8e67c26dbd80 3935433731 S Ci:2:006:0 s c0 bc 0900 001c 0002 2 <
ffff8e67c26dbd80 3935436390 C Ci:2:006:0 0 2 = 2e6f
ffff8e67c26dbd80 3935436528 S Ci:2:006:0 s c0 bc 0800 23be 0002 2 <
ffff8e67c26dbd80 3935439005 C Ci:2:006:0 0 2 = 0000
ffff8e67c26dbd80 3935439149 S Co:2:006:0 s 40 bc 0900 0014 0002 2 = d39e
ffff8e67c26dbd80 3935441801 C Co:2:006:0 0 2 >
ffff8e67c26dbd80 3935441941 S Ci:2:006:0 s c0 bc 0900 001c 0002 2 <
ffff8e67c26dbd80 3935444601 C Ci:2:006:0 0 2 = 2e6f
ffff8e67c26dbd80 3935444736 S Co:2:006:0 s 40 b9 0000 0000 0004 4 = 09016601
ffff8e67c26dbd80 3935447299 C Co:2:006:0 0 4 >
ffff8e67c26dbd80 3935447438 S Ii:2:006:3 -115:1 3 <
ffff8e67c26dbd80 3935448668 C Ii:2:006:3 0:1 3 = 100000
ffff8e67c26dbd80 3935448797 S Ci:2:006:0 s c0 bc 0800 0016 0002 2 <
ffff8e67c26dbd80 3935451340 C Ci:2:006:0 0 2 = 0900
ffff8e67c26dbd80 3935451435 S Ci:2:006:0 s c0 bc 0900 001c 0002 2 <
ffff8e67c26dbd80 3935453987 C Ci:2:006:0 0 2 = 2e6f
ffff8e67c26dbd80 3935454121 S Ci:2:006:0 s c0 bc 0800 23be 0004 4 <
ffff8e67c26dbd80 3935456725 C Ci:2:006:0 0 4 = 000083e0
ffff8e67c26dbd80 3935456900 S Co:2:006:0 s 40 bc 0800 00c0 0004 4 = 9989ec00
ffff8e67c26dbd80 3935459420 C Co:2:006:0 0 4 >
ffff8e67c26dbd80 3935459555 S Co:2:006:0 s 40 b9 0000 0000 0004 4 = 09006603
ffff8e67c26dbd80 3935462186 C Co:2:006:0 0 4 >
ffff8e67c26dbd80 3935462322 S Ii:2:006:3 -115:1 3 <
ffff8e67c26dbd80 3935463484 C Ii:2:006:3 0:1 3 = 100000
ffff8e67c26dbd80 3935463573 S Ci:2:006:0 s c0 bc 0800 0016 0002 2 <
ffff8e67c26dbd80 3935466300 C Ci:2:006:0 0 2 = 0900
ffff8e67c26dbd80 3935466437 S Ci:2:006:0 s c0 bc 0900 001c 0002 2 <
ffff8e67c26dbd80 3935469066 C Ci:2:006:0 0 2 = 2e6f
ffff8e67c26dbd80 3935469198 S Ci:2:006:0 s c0 bc 0800 23be 0002 2 <
ffff8e67c26dbd80 3935471820 C Ci:2:006:0 0 2 = 0000
ffff8e67c26dbd80 3935471963 S Co:2:006:0 s 40 bc 0900 0014 0002 2 = d39e
ffff8e67c26dbd80 3935474578 C Co:2:006:0 0 2 >
ffff8e67c26dbd80 3935474686 S Ci:2:006:0 s c0 bc 0900 001c 0002 2 <
ffff8e67c26dbd80 3935477307 C Ci:2:006:0 0 2 = 2e6f
ffff8e67c26dbd80 3935477438 S Co:2:006:0 s 40 b9 0000 0000 0004 4 = 09016601
ffff8e67c26dbd80 3935480049 C Co:2:006:0 0 4 >
ffff8e67c26dbd80 3935480178 S Ii:2:006:3 -115:1 3 <
ffff8e67c26dbd80 3935481405 C Ii:2:006:3 0:1 3 = 100000
ffff8e67c26dbd80 3935481539 S Ci:2:006:0 s c0 bc 0800 0016 0002 2 <
ffff8e67c26dbd80 3935484194 C Ci:2:006:0 0 2 = 0900
ffff8e67c26dbd80 3935484331 S Ci:2:006:0 s c0 bc 0900 001c 0002 2 <
ffff8e67c26dbd80 3935486972 C Ci:2:006:0 0 2 = 2e6f
ffff8e67c26dbd80 3935487113 S Ci:2:006:0 s c0 bc 0800 23be 0004 4 <
ffff8e67c26dbd80 3935489699 C Ci:2:006:0 0 4 = 000087e0
ffff8e67c26dbd80 3935489836 S Co:2:006:0 s 40 bc 0800 00c0 0004 4 = 9989ec00
ffff8e67c26dbd80 3935492459 C Co:2:006:0 0 4 >
ffff8e67c26dbd80 3935492605 S Co:2:006:0 s 40 b9 0000 0000 0004 4 = 09006603
ffff8e67c26dbd80 3935495219 C Co:2:006:0 0 4 >
ffff8e67c26dbd80 3935495351 S Ii:2:006:3 -115:1 3 <
ffff8e67c26dbd80 3935496514 C Ii:2:006:3 0:1 3 = 100000
ffff8e67c26dbd80 3935496645 S Ci:2:006:0 s c0 bc 0800 0016 0002 2 <
ffff8e67c26dbd80 3935499298 C Ci:2:006:0 0 2 = 0900
ffff8e67c26dbd80 3935499432 S Ci:2:006:0 s c0 bc 0900 001c 0002 2 <
ffff8e67c26dbd80 3935502026 C Ci:2:006:0 0 2 = 2e6f
ffff8e67c26dbd80 3935502132 S Ci:2:006:0 s c0 bc 0800 23be 0002 2 <
ffff8e67c26dbd80 3935504857 C Ci:2:006:0 0 2 = 0000
ffff8e67c26dbd80 3935504952 S Co:2:006:0 s 40 bc 0900 0014 0002 2 = d39e
ffff8e67c26dbd80 3935507614 C Co:2:006:0 0 2 >
ffff8e67c26dbd80 3935507749 S Ci:2:006:0 s c0 bc 0900 001c 0002 2 <
ffff8e67c26dbd80 3935510298 C Ci:2:006:0 0 2 = 2e6f
ffff8e67c26dbd80 3935510434 S Co:2:006:0 s 40 b9 0000 0000 0004 4 = 09016601
ffff8e67c26dbd80 3935513039 C Co:2:006:0 0 4 >
ffff8e67c26dbd80 3935513182 S Ii:2:006:3 -115:1 3 <
ffff8e67c26dbd80 3935514446 C Ii:2:006:3 0:1 3 = 100000
ffff8e67c26dbd80 3935514577 S Ci:2:006:0 s c0 bc 0800 0016 0002 2 <
ffff8e67c26dbd80 3935517192 C Ci:2:006:0 0 2 = 0900
ffff8e67c26dbd80 3935517325 S Ci:2:006:0 s c0 bc 0900 001c 0002 2 <
ffff8e67c26dbd80 3935519905 C Ci:2:006:0 0 2 = 2e6f
ffff8e67c26dbd80 3935519999 S Ci:2:006:0 s c0 bc 0800 23be 0004 4 <
ffff8e67c26dbd80 3935522498 C Ci:2:006:0 0 4 = 0000b5e0
ffff8e67c26dbd80 3935522602 S Co:2:006:0 s 40 bc 0800 00c0 0002 2 = 1581
ffff8e67c26dbd80 3935525252 C Co:2:006:0 0 2 >
ffff8e67c26dbd80 3935525355 S Co:2:006:0 s 40 b9 0000 0000 0004 4 = 09009802
ffff8e67c26dbd80 3935527780 C Co:2:006:0 0 4 >
ffff8e67c26dbd80 3935527889 S Ii:2:006:3 -115:1 3 <
ffff8e67c26dbd80 3935529112 C Ii:2:006:3 0:1 3 = 100000
ffff8e67c26dbd80 3935529210 S Ci:2:006:0 s c0 bc 0800 0016 0002 2 <
ffff8e67c26dbd80 3935531794 C Ci:2:006:0 0 2 = 0900
ffff8e67c26dbd80 3935531955 S Ci:2:006:0 s c0 bc 0900 001c 0002 2 <
ffff8e67c26dbd80 3935534574 C Ci:2:006:0 0 2 = 2e6f
ffff8e67c26dbd80 3935534691 S Ci:2:006:0 s c0 bc 0800 23be 0002 2 <
ffff8e67c26dbd80 3935537303 C Ci:2:006:0 0 2 = 0000
ffff8e67c26dbd80 3935537401 S Co:2:006:0 s 40 bc 0900 0014 0002 2 = d39e
ffff8e67c26dbd80 3935540001 C Co:2:006:0 0 2 >
ffff8e67c26dbd80 3935540115 S Ci:2:006:0 s c0 bc 0900 001c 0002 2 <
ffff8e67c26dbd80 3935542852 C Ci:2:006:0 0 2 = 2e6f
ffff8e67c26dbd80 3935542950 S Co:2:006:0 s 40 bc 0800 00c0 0002 2 = 658a
ffff8e67c26dbd80 3935545523 C Co:2:006:0 0 2 >
ffff8e67c26dbd80 3935545643 S Co:2:006:0 s 40 b9 0000 0000 0004 4 = 09009802
ffff8e67c26dbd80 3935548234 C Co:2:006:0 0 4 >
ffff8e67c26dbd80 3935548346 S Ii:2:006:3 -115:1 3 <
ffff8e67c26dbd80 3935549621 C Ii:2:006:3 0:1 3 = 100000
ffff8e67c26dbd80 3935549734 S Ci:2:006:0 s c0 bc 0800 0016 0002 2 <
ffff8e67c26dbd80 3935552228 C Ci:2:006:0 0 2 = 0900
ffff8e67c26dbd80 3935552332 S Ci:2:006:0 s c0 bc 0900 001c 0002 2 <
ffff8e67c26dbd80 3935555029 C Ci:2:006:0 0 2 = 2e6f
ffff8e67c26dbd80 3935555156 S Ci:2:006:0 s c0 bc 0800 23be 0002 2 <
ffff8e67c26dbd80 3935557759 C Ci:2:006:0 0 2 = 0000
ffff8e67c26dbd80 3935557877 S Co:2:006:0 s 40 bc 0900 0014 0002 2 = d39e
ffff8e67c26dbd80 3935560511 C Co:2:006:0 0 2 >
ffff8e67c26dbd80 3935560613 S Ci:2:006:0 s c0 bc 0900 001c 0002 2 <
ffff8e67c26dbd80 3935563191 C Ci:2:006:0 0 2 = 2e6f
ffff8e67c26dbd80 3935563295 S Co:2:006:0 s 40 bc 0800 00c0 0002 2 = 1089
ffff8e67c26dbd80 3935565913 C Co:2:006:0 0 2 >
ffff8e67c26dbd80 3935566013 S Co:2:006:0 s 40 b9 0000 0000 0004 4 = 09009802
ffff8e67c26dbd80 3935568655 C Co:2:006:0 0 4 >
ffff8e67c26dbd80 3935568754 S Ii:2:006:3 -115:1 3 <
ffff8e67c26dbd80 3935569967 C Ii:2:006:3 0:1 3 = 100000
ffff8e67c26dbd80 3935570097 S Ci:2:006:0 s c0 bc 0800 0016 0002 2 <
ffff8e67c26dbd80 3935572806 C Ci:2:006:0 0 2 = 0900
ffff8e67c26dbd80 3935572912 S Ci:2:006:0 s c0 bc 0900 001c 0002 2 <
ffff8e67c26dbd80 3935575501 C Ci:2:006:0 0 2 = 2e6f
ffff8e67c26dbd80 3935575574 S Ci:2:006:0 s c0 bc 0800 23be 0002 2 <
ffff8e67c26dbd80 3935578239 C Ci:2:006:0 0 2 = 0000
ffff8e67c26dbd80 3935578292 S Co:2:006:0 s 40 bc 0900 0014 0002 2 = d39e
ffff8e67c26dbd80 3935580892 C Co:2:006:0 0 2 >
ffff8e67c26dbd80 3935580977 S Ci:2:006:0 s c0 bc 0900 001c 0002 2 <
ffff8e67c26dbd80 3935583696 C Ci:2:006:0 0 2 = 2e6f
ffff8e67c26dbd80 3935583799 S Co:2:006:0 s 40 bc 0800 00c0 0002 2 = 1128
ffff8e67c26dbd80 3935586503 C Co:2:006:0 0 2 >
ffff8e67c26dbd80 3935586605 S Co:2:006:0 s 40 b9 0000 0000 0004 4 = 09009802
ffff8e67c26dbd80 3935589122 C Co:2:006:0 0 4 >
ffff8e67c26dbd80 3935589220 S Ii:2:006:3 -115:1 3 <
ffff8e67c26dbd80 3935590504 C Ii:2:006:3 0:1 3 = 100000
ffff8e67c26dbd80 3935590603 S Ci:2:006:0 s c0 bc 0800 0016 0002 2 <
ffff8e67c26dbd80 3935593297 C Ci:2:006:0 0 2 = 0900
ffff8e67c26dbd80 3935593398 S Ci:2:006:0 s c0 bc 0900 001c 0002 2 <
ffff8e67c26dbd80 3935596018 C Ci:2:006:0 0 2 = 2e6f
ffff8e67c26dbd80 3935596117 S Ci:2:006:0 s c0 bc 0800 23be 0002 2 <
ffff8e67c26dbd80 3935598798 C Ci:2:006:0 0 2 = 0000
ffff8e67c26dbd80 3935599049 S Co:2:006:0 s 40 bc 0900 0014 0002 2 = d39e
ffff8e67c26dbd80 3935601578 C Co:2:006:0 0 2 >
ffff8e67c26dbd80 3935601682 S Ci:2:006:0 s c0 bc 0900 001c 0002 2 <
ffff8e67c26dbd80 3935604245 C Ci:2:006:0 0 2 = 2e6f
ffff8e67c26dbd80 3935604348 S Co:2:006:0 s 40 bc 0800 00c0 0002 2 = 1228
ffff8e67c26dbd80 3935607003 C Co:2:006:0 0 2 >
ffff8e67c26dbd80 3935607142 S Co:2:006:0 s 40 b9 0000 0000 0004 4 = 09009802
ffff8e67c26dbd80 3935609748 C Co:2:006:0 0 4 >
ffff8e67c26dbd80 3935609861 S Ii:2:006:3 -115:1 3 <
ffff8e67c26dbd80 3935611151 C Ii:2:006:3 0:1 3 = 100000
ffff8e67c26dbd80 3935611251 S Ci:2:006:0 s c0 bc 0800 0016 0002 2 <
ffff8e67c26dbd80 3935613899 C Ci:2:006:0 0 2 = 0900
ffff8e67c26dbd80 3935613998 S Ci:2:006:0 s c0 bc 0900 001c 0002 2 <
ffff8e67c26dbd80 3935616633 C Ci:2:006:0 0 2 = 2e6f
ffff8e67c26dbd80 3935616766 S Ci:2:006:0 s c0 bc 0800 23be 0002 2 <
ffff8e67c26dbd80 3935619256 C Ci:2:006:0 0 2 = 0000
ffff8e67c26dbd80 3935619328 S Co:2:006:0 s 40 bc 0900 0014 0002 2 = d39e
ffff8e67c26dbd80 3935621977 C Co:2:006:0 0 2 >
ffff8e67c26dbd80 3935622070 S Ci:2:006:0 s c0 bc 0900 001c 0002 2 <
ffff8e67c26dbd80 3935624653 C Ci:2:006:0 0 2 = 2e6f
ffff8e67c26dbd80 3935624726 S Co:2:006:0 s 40 bc 0800 00c0 0002 2 = 13a8
ffff8e67c26dbd80 3935627385 C Co:2:006:0 0 2 >
ffff8e67c26dbd80 3935627486 S Co:2:006:0 s 40 b9 0000 0000 0004 4 = 09009802
ffff8e67c26dbd80 3935630148 C Co:2:006:0 0 4 >
ffff8e67c26dbd80 3935630246 S Ii:2:006:3 -115:1 3 <
ffff8e67c26dbd80 3935631452 C Ii:2:006:3 0:1 3 = 100000
ffff8e67c26dbd80 3935631551 S Ci:2:006:0 s c0 bc 0800 0016 0002 2 <
ffff8e67c26dbd80 3935634164 C Ci:2:006:0 0 2 = 0900
ffff8e67c26dbd80 3935634267 S Ci:2:006:0 s c0 bc 0900 001c 0002 2 <
ffff8e67c26dbd80 3935636947 C Ci:2:006:0 0 2 = 2e6f
ffff8e67c26dbd80 3935637097 S Ci:2:006:0 s c0 bc 0800 23be 0002 2 <
ffff8e67c26dbd80 3935639663 C Ci:2:006:0 0 2 = 0000
ffff8e67c26dbd80 3935639764 S Co:2:006:0 s 40 bc 0900 0014 0002 2 = d39e
ffff8e67c26dbd80 3935642411 C Co:2:006:0 0 2 >
ffff8e67c26dbd80 3935642512 S Ci:2:006:0 s c0 bc 0900 001c 0002 2 <
ffff8e67c26dbd80 3935645041 C Ci:2:006:0 0 2 = 2e6f
ffff8e67c26dbd80 3935645170 S Co:2:006:0 s 40 bc 0800 00c0 0002 2 = 1488
ffff8e67c26dbd80 3935647769 C Co:2:006:0 0 2 >
ffff8e67c26dbd80 3935647887 S Co:2:006:0 s 40 b9 0000 0000 0004 4 = 09009802
ffff8e67c26dbd80 3935650426 C Co:2:006:0 0 4 >
ffff8e67c26dbd80 3935650526 S Ii:2:006:3 -115:1 3 <
ffff8e67c26dbd80 3935651674 C Ii:2:006:3 0:1 3 = 100000
ffff8e67c26dbd80 3935651773 S Ci:2:006:0 s c0 bc 0800 0016 0002 2 <
ffff8e67c26dbd80 3935654494 C Ci:2:006:0 0 2 = 0900
ffff8e67c26dbd80 3935654597 S Ci:2:006:0 s c0 bc 0900 001c 0002 2 <
ffff8e67c26dbd80 3935657113 C Ci:2:006:0 0 2 = 2e6f
ffff8e67c26dbd80 3935657211 S Ci:2:006:0 s c0 bc 0800 23be 0002 2 <
ffff8e67c26dbd80 3935659874 C Ci:2:006:0 0 2 = 0000
ffff8e67c26dbd80 3935659962 S Co:2:006:0 s 40 bc 0900 0014 0002 2 = d39e
ffff8e67c26dbd80 3935662649 C Co:2:006:0 0 2 >
ffff8e67c26dbd80 3935662735 S Ci:2:006:0 s c0 bc 0900 001c 0002 2 <
ffff8e67c26dbd80 3935665397 C Ci:2:006:0 0 2 = 2e6f
ffff8e67c26dbd80 3935665494 S Co:2:006:0 s 40 bc 0800 00c0 0002 2 = 158b
ffff8e67c26dbd80 3935667970 C Co:2:006:0 0 2 >
ffff8e67c26dbd80 3935668086 S Co:2:006:0 s 40 b9 0000 0000 0004 4 = 09009802
ffff8e67c26dbd80 3935670638 C Co:2:006:0 0 4 >
ffff8e67c26dbd80 3935670731 S Ii:2:006:3 -115:1 3 <
ffff8e67c26dbd80 3935671909 C Ii:2:006:3 0:1 3 = 100000
ffff8e67c26dbd80 3935671996 S Ci:2:006:0 s c0 bc 0800 0016 0002 2 <
ffff8e67c26dbd80 3935674627 C Ci:2:006:0 0 2 = 0900
ffff8e67c26dbd80 3935674710 S Ci:2:006:0 s c0 bc 0900 001c 0002 2 <
ffff8e67c26dbd80 3935677392 C Ci:2:006:0 0 2 = 2e6f
ffff8e67c26dbd80 3935677476 S Ci:2:006:0 s c0 bc 0800 23be 0002 2 <
ffff8e67c26dbd80 3935680121 C Ci:2:006:0 0 2 = 0000
ffff8e67c26dbd80 3935680243 S Co:2:006:0 s 40 bc 0900 0014 0002 2 = d39e
ffff8e67c26dbd80 3935682852 C Co:2:006:0 0 2 >
ffff8e67c26dbd80 3935682904 S Ci:2:006:0 s c0 bc 0900 001c 0002 2 <
ffff8e67c26dbd80 3935685523 C Ci:2:006:0 0 2 = 2e6f
ffff8e67c26dbd80 3935685608 S Co:2:006:0 s 40 bc 0800 00c0 0004 4 = 9989ed00
ffff8e67c26dbd80 3935688188 C Co:2:006:0 0 4 >
ffff8e67c26dbd80 3935688262 S Co:2:006:0 s 40 b9 0000 0000 0004 4 = 09006603
ffff8e67c26dbd80 3935690815 C Co:2:006:0 0 4 >
ffff8e67c26dbd80 3935690902 S Ii:2:006:3 -115:1 3 <
ffff8e67c26dbd80 3935692145 C Ii:2:006:3 0:1 3 = 100000
ffff8e67c26dbd80 3935694716 S Ci:2:006:0 s c0 bc 0800 0016 0002 2 <
ffff8e67c26dbd80 3935697159 C Ci:2:006:0 0 2 = 0900
ffff8e67c26dbd80 3935697243 S Ci:2:006:0 s c0 bc 0900 001c 0002 2 <
ffff8e67c26dbd80 3935699841 C Ci:2:006:0 0 2 = 2e6f
ffff8e67c26dbd80 3935699922 S Ci:2:006:0 s c0 bc 0800 23be 0002 2 <
ffff8e67c26dbd80 3935702482 C Ci:2:006:0 0 2 = 0000
ffff8e67c26dbd80 3935702558 S Co:2:006:0 s 40 bc 0900 0014 0002 2 = d39e
ffff8e67c26dbd80 3935705187 C Co:2:006:0 0 2 >
ffff8e67c26dbd80 3935705214 S Ci:2:006:0 s c0 bc 0900 001c 0002 2 <
ffff8e67c26dbd80 3935707843 C Ci:2:006:0 0 2 = 2e6f
ffff8e67c26dbd80 3935707930 S Co:2:006:0 s 40 b9 0000 0000 0004 4 = 09016601
ffff8e67c26dbd80 3935710466 C Co:2:006:0 0 4 >
ffff8e67c26dbd80 3935710545 S Ii:2:006:3 -115:1 3 <
ffff8e67c26dbd80 3935711719 C Ii:2:006:3 0:1 3 = 100000
ffff8e67c26dbd80 3935711798 S Ci:2:006:0 s c0 bc 0800 0016 0002 2 <
ffff8e67c26dbd80 3935714565 C Ci:2:006:0 0 2 = 0900
ffff8e67c26dbd80 3935714686 S Ci:2:006:0 s c0 bc 0900 001c 0002 2 <
ffff8e67c26dbd80 3935717271 C Ci:2:006:0 0 2 = 2e6f
ffff8e67c26dbd80 3935717394 S Ci:2:006:0 s c0 bc 0800 23be 0004 4 <
ffff8e67c26dbd80 3935720001 C Ci:2:006:0 0 4 = 00007ce0
ffff8e67c26dbd80 3935720094 S Co:2:006:0 s 40 bc 0800 00c0 0004 4 = 9989ec00
ffff8e67c26dbd80 3935722606 C Co:2:006:0 0 4 >
ffff8e67c26dbd80 3935722723 S Co:2:006:0 s 40 b9 0000 0000 0004 4 = 09006603
ffff8e67c26dbd80 3935725243 C Co:2:006:0 0 4 >
ffff8e67c26dbd80 3935725374 S Ii:2:006:3 -115:1 3 <
ffff8e67c26dbd80 3935726570 C Ii:2:006:3 0:1 3 = 100000
ffff8e67c26dbd80 3935726684 S Ci:2:006:0 s c0 bc 0800 0016 0002 2 <
ffff8e67c26dbd80 3935729424 C Ci:2:006:0 0 2 = 0900
ffff8e67c26dbd80 3935729537 S Ci:2:006:0 s c0 bc 0900 001c 0002 2 <
ffff8e67c26dbd80 3935732102 C Ci:2:006:0 0 2 = 2e6f
ffff8e67c26dbd80 3935732209 S Ci:2:006:0 s c0 bc 0800 23be 0002 2 <
ffff8e67c26dbd80 3935734845 C Ci:2:006:0 0 2 = 0000
ffff8e67c26dbd80 3935734922 S Co:2:006:0 s 40 bc 0900 0014 0002 2 = d39e
ffff8e67c26dbd80 3935737371 C Co:2:006:0 0 2 >
ffff8e67c26dbd80 3935737481 S Ci:2:006:0 s c0 bc 0900 001c 0002 2 <
ffff8e67c26dbd80 3935740115 C Ci:2:006:0 0 2 = 2e6f
ffff8e67c26dbd80 3935740208 S Co:2:006:0 s 40 b9 0000 0000 0004 4 = 09016601
ffff8e67c26dbd80 3935742838 C Co:2:006:0 0 4 >
ffff8e67c26dbd80 3935742946 S Ii:2:006:3 -115:1 3 <
ffff8e67c26dbd80 3935744123 C Ii:2:006:3 0:1 3 = 100000
ffff8e67c26dbd80 3935744222 S Ci:2:006:0 s c0 bc 0800 0016 0002 2 <
ffff8e67c26dbd80 3935746801 C Ci:2:006:0 0 2 = 0900
ffff8e67c26dbd80 3935746910 S Ci:2:006:0 s c0 bc 0900 001c 0002 2 <
ffff8e67c26dbd80 3935749445 C Ci:2:006:0 0 2 = 2e6f
ffff8e67c26dbd80 3935749545 S Ci:2:006:0 s c0 bc 0800 23be 0004 4 <
ffff8e67c26dbd80 3935752084 C Ci:2:006:0 0 4 = 0000a2e0
ffff8e67c26dbd80 3935752190 S Co:2:006:0 s 40 bc 0800 00c0 0004 4 = 9989ec00
ffff8e67c26dbd80 3935754626 C Co:2:006:0 0 4 >
ffff8e67c26dbd80 3935754724 S Co:2:006:0 s 40 b9 0000 0000 0004 4 = 09006603
ffff8e67c26dbd80 3935757290 C Co:2:006:0 0 4 >
ffff8e67c26dbd80 3935757387 S Ii:2:006:3 -115:1 3 <
ffff8e67c26dbd80 3935758509 C Ii:2:006:3 0:1 3 = 100000
ffff8e67c26dbd80 3935758608 S Ci:2:006:0 s c0 bc 0800 0016 0002 2 <
ffff8e67c26dbd80 3935761180 C Ci:2:006:0 0 2 = 0900
ffff8e67c26dbd80 3935761275 S Ci:2:006:0 s c0 bc 0900 001c 0002 2 <
ffff8e67c26dbd80 3935763773 C Ci:2:006:0 0 2 = 2e6f
ffff8e67c26dbd80 3935763873 S Ci:2:006:0 s c0 bc 0800 23be 0002 2 <
ffff8e67c26dbd80 3935766475 C Ci:2:006:0 0 2 = 0000
ffff8e67c26dbd80 3935766580 S Co:2:006:0 s 40 bc 0900 0014 0002 2 = d39e
ffff8e67c26dbd80 3935769032 C Co:2:006:0 0 2 >
ffff8e67c26dbd80 3935769141 S Ci:2:006:0 s c0 bc 0900 001c 0002 2 <
ffff8e67c26dbd80 3935771723 C Ci:2:006:0 0 2 = 2e6f
ffff8e67c26dbd80 3935771860 S Co:2:006:0 s 40 b9 0000 0000 0004 4 = 09016601
ffff8e67c26dbd80 3935774407 C Co:2:006:0 0 4 >
ffff8e67c26dbd80 3935774510 S Ii:2:006:3 -115:1 3 <
ffff8e67c26dbd80 3935775702 C Ii:2:006:3 0:1 3 = 100000
ffff8e67c26dbd80 3935775794 S Ci:2:006:0 s c0 bc 0800 0016 0002 2 <
ffff8e67c26dbd80 3935778472 C Ci:2:006:0 0 2 = 0900
ffff8e67c26dbd80 3935778554 S Ci:2:006:0 s c0 bc 0900 001c 0002 2 <
ffff8e67c26dbd80 3935781047 C Ci:2:006:0 0 2 = 2e6f
ffff8e67c26dbd80 3935781106 S Ci:2:006:0 s c0 bc 0800 23be 0004 4 <
ffff8e67c26dbd80 3935783714 C Ci:2:006:0 0 4 = 00002ce0
ffff8e67c26dbd80 3935783796 S Co:2:006:0 s 40 bc 0800 00c0 0004 4 = 9989ec00
ffff8e67c26dbd80 3935786521 C Co:2:006:0 0 4 >
ffff8e67c26dbd80 3935786642 S Co:2:006:0 s 40 b9 0000 0000 0004 4 = 09006603
ffff8e67c26dbd80 3935789247 C Co:2:006:0 0 4 >
ffff8e67c26dbd80 3935789324 S Ii:2:006:3 -115:1 3 <
ffff8e67c26dbd80 3935790547 C Ii:2:006:3 0:1 3 = 100000
ffff8e67c26dbd80 3935790643 S Ci:2:006:0 s c0 bc 0800 0016 0002 2 <
ffff8e67c26dbd80 3935793350 C Ci:2:006:0 0 2 = 0900
ffff8e67c26dbd80 3935793451 S Ci:2:006:0 s c0 bc 0900 001c 0002 2 <
ffff8e67c26dbd80 3935796081 C Ci:2:006:0 0 2 = 2e6f
ffff8e67c26dbd80 3935796163 S Ci:2:006:0 s c0 bc 0800 23be 0002 2 <
ffff8e67c26dbd80 3935798736 C Ci:2:006:0 0 2 = 0000
ffff8e67c26dbd80 3935798848 S Co:2:006:0 s 40 bc 0900 0014 0002 2 = d39e
ffff8e67c26dbd80 3935801459 C Co:2:006:0 0 2 >
ffff8e67c26dbd80 3935801536 S Ci:2:006:0 s c0 bc 0900 001c 0002 2 <
ffff8e67c26dbd80 3935804258 C Ci:2:006:0 0 2 = 2e6f
ffff8e67c26dbd80 3935804319 S Co:2:006:0 s 40 b9 0000 0000 0004 4 = 09016601
ffff8e67c26dbd80 3935806941 C Co:2:006:0 0 4 >
ffff8e67c26dbd80 3935807029 S Ii:2:006:3 -115:1 3 <
ffff8e67c26dbd80 3935808283 C Ii:2:006:3 0:1 3 = 100000
ffff8e67c26dbd80 3935808416 S Ci:2:006:0 s c0 bc 0800 0016 0002 2 <
ffff8e67c26dbd80 3935810984 C Ci:2:006:0 0 2 = 0900
ffff8e67c26dbd80 3935811085 S Ci:2:006:0 s c0 bc 0900 001c 0002 2 <
ffff8e67c26dbd80 3935813589 C Ci:2:006:0 0 2 = 2e6f
ffff8e67c26dbd80 3935813687 S Ci:2:006:0 s c0 bc 0800 23be 0004 4 <
ffff8e67c26dbd80 3935816215 C Ci:2:006:0 0 4 = 000059e0
ffff8e67c26dbd80 3935816289 S Co:2:006:0 s 40 bc 0800 00c0 0004 4 = 9989ec00
ffff8e67c26dbd80 3935818857 C Co:2:006:0 0 4 >
ffff8e67c26dbd80 3935818951 S Co:2:006:0 s 40 b9 0000 0000 0004 4 = 09006603
ffff8e67c26dbd80 3935821598 C Co:2:006:0 0 4 >
ffff8e67c26dbd80 3935821672 S Ii:2:006:3 -115:1 3 <
ffff8e67c26dbd80 3935822908 C Ii:2:006:3 0:1 3 = 100000
ffff8e67c26dbd80 3935822998 S Ci:2:006:0 s c0 bc 0800 0016 0002 2 <
ffff8e67c26dbd80 3935825574 C Ci:2:006:0 0 2 = 0900
ffff8e67c26dbd80 3935825669 S Ci:2:006:0 s c0 bc 0900 001c 0002 2 <
ffff8e67c26dbd80 3935828149 C Ci:2:006:0 0 2 = 2e6f
ffff8e67c26dbd80 3935828243 S Ci:2:006:0 s c0 bc 0800 23be 0002 2 <
ffff8e67c26dbd80 3935830839 C Ci:2:006:0 0 2 = 0000
ffff8e67c26dbd80 3935830904 S Co:2:006:0 s 40 bc 0900 0014 0002 2 = d39e
ffff8e67c26dbd80 3935833427 C Co:2:006:0 0 2 >
ffff8e67c26dbd80 3935833522 S Ci:2:006:0 s c0 bc 0900 001c 0002 2 <
ffff8e67c26dbd80 3935836104 C Ci:2:006:0 0 2 = 2e6f
ffff8e67c26dbd80 3935836195 S Co:2:006:0 s 40 b9 0000 0000 0004 4 = 09016601
ffff8e67c26dbd80 3935838672 C Co:2:006:0 0 4 >
ffff8e67c26dbd80 3935838771 S Ii:2:006:3 -115:1 3 <
ffff8e67c26dbd80 3935839910 C Ii:2:006:3 0:1 3 = 100000
ffff8e67c26dbd80 3935839985 S Ci:2:006:0 s c0 bc 0800 0016 0002 2 <
ffff8e67c26dbd80 3935842574 C Ci:2:006:0 0 2 = 0900
ffff8e67c26dbd80 3935842671 S Ci:2:006:0 s c0 bc 0900 001c 0002 2 <
ffff8e67c26dbd80 3935845196 C Ci:2:006:0 0 2 = 2e6f
ffff8e67c26dbd80 3935845305 S Ci:2:006:0 s c0 bc 0800 23be 0004 4 <
ffff8e67c26dbd80 3935847821 C Ci:2:006:0 0 4 = 0000dee0
ffff8e67c26dbd80 3935847878 S Co:2:006:0 s 40 bc 0800 00c0 0004 4 = 9989ec00
ffff8e67c26dbd80 3935850482 C Co:2:006:0 0 4 >
ffff8e67c26dbd80 3935850580 S Co:2:006:0 s 40 b9 0000 0000 0004 4 = 09006603
ffff8e67c26dbd80 3935853061 C Co:2:006:0 0 4 >
ffff8e67c26dbd80 3935853155 S Ii:2:006:3 -115:1 3 <
ffff8e67c26dbd80 3935854417 C Ii:2:006:3 0:1 3 = 100000
ffff8e67c26dbd80 3935854535 S Ci:2:006:0 s c0 bc 0800 0016 0002 2 <
ffff8e67c26dbd80 3935857198 C Ci:2:006:0 0 2 = 0900
ffff8e67c26dbd80 3935857275 S Ci:2:006:0 s c0 bc 0900 001c 0002 2 <
ffff8e67c26dbd80 3935859850 C Ci:2:006:0 0 2 = 2e6f
ffff8e67c26dbd80 3935859907 S Ci:2:006:0 s c0 bc 0800 23be 0002 2 <
ffff8e67c26dbd80 3935862480 C Ci:2:006:0 0 2 = 0000
ffff8e67c26dbd80 3935862560 S Co:2:006:0 s 40 bc 0900 0014 0002 2 = d39e
ffff8e67c26dbd80 3935865028 C Co:2:006:0 0 2 >
ffff8e67c26dbd80 3935865122 S Ci:2:006:0 s c0 bc 0900 001c 0002 2 <
ffff8e67c26dbd80 3935867705 C Ci:2:006:0 0 2 = 2e6f
ffff8e67c26dbd80 3935867783 S Co:2:006:0 s 40 b9 0000 0000 0004 4 = 09016601
ffff8e67c26dbd80 3935870337 C Co:2:006:0 0 4 >
ffff8e67c26dbd80 3935870419 S Ii:2:006:3 -115:1 3 <
ffff8e67c26dbd80 3935871665 C Ii:2:006:3 0:1 3 = 100000
ffff8e67c26dbd80 3935871743 S Ci:2:006:0 s c0 bc 0800 0016 0002 2 <
ffff8e67c26dbd80 3935874447 C Ci:2:006:0 0 2 = 0900
ffff8e67c26dbd80 3935874549 S Ci:2:006:0 s c0 bc 0900 001c 0002 2 <
ffff8e67c26dbd80 3935877211 C Ci:2:006:0 0 2 = 2e6f
ffff8e67c26dbd80 3935877308 S Ci:2:006:0 s c0 bc 0800 23be 0004 4 <
ffff8e67c26dbd80 3935879845 C Ci:2:006:0 0 4 = 00002de0
ffff8e67c26dbd80 3935879953 S Co:2:006:0 s 40 bc 0800 00c0 0004 4 = 9989ec00
ffff8e67c26dbd80 3935882658 C Co:2:006:0 0 4 >
ffff8e67c26dbd80 3935882816 S Co:2:006:0 s 40 b9 0000 0000 0004 4 = 09006603
ffff8e67c26dbd80 3935885553 C Co:2:006:0 0 4 >
ffff8e67c26dbd80 3935885689 S Ii:2:006:3 -115:1 3 <
ffff8e67c26dbd80 3935886820 C Ii:2:006:3 0:1 3 = 100000
ffff8e67c26dbd80 3935886959 S Ci:2:006:0 s c0 bc 0800 0016 0002 2 <
ffff8e67c26dbd80 3935889603 C Ci:2:006:0 0 2 = 0900
ffff8e67c26dbd80 3935889706 S Ci:2:006:0 s c0 bc 0900 001c 0002 2 <
ffff8e67c26dbd80 3935892365 C Ci:2:006:0 0 2 = 2e6f
ffff8e67c26dbd80 3935892464 S Ci:2:006:0 s c0 bc 0800 23be 0002 2 <
ffff8e67c26dbd80 3935894912 C Ci:2:006:0 0 2 = 0000
ffff8e67c26dbd80 3935895010 S Co:2:006:0 s 40 bc 0900 0014 0002 2 = d39e
ffff8e67c26dbd80 3935897543 C Co:2:006:0 0 2 >
ffff8e67c26dbd80 3935897640 S Ci:2:006:0 s c0 bc 0900 001c 0002 2 <
ffff8e67c26dbd80 3935900237 C Ci:2:006:0 0 2 = 2e6f
ffff8e67c26dbd80 3935900337 S Co:2:006:0 s 40 b9 0000 0000 0004 4 = 09016601
ffff8e67c26dbd80 3935902908 C Co:2:006:0 0 4 >
ffff8e67c26dbd80 3935903004 S Ii:2:006:3 -115:1 3 <
ffff8e67c26dbd80 3935904204 C Ii:2:006:3 0:1 3 = 100000
ffff8e67c26dbd80 3935904297 S Ci:2:006:0 s c0 bc 0800 0016 0002 2 <
ffff8e67c26dbd80 3935907095 C Ci:2:006:0 0 2 = 0900
ffff8e67c26dbd80 3935907195 S Ci:2:006:0 s c0 bc 0900 001c 0002 2 <
ffff8e67c26dbd80 3935909873 C Ci:2:006:0 0 2 = 2e6f
ffff8e67c26dbd80 3935909971 S Ci:2:006:0 s c0 bc 0800 23be 0004 4 <
ffff8e67c26dbd80 3935912617 C Ci:2:006:0 0 4 = 0000bde0
ffff8e67c26dbd80 3935912715 S Co:2:006:0 s 40 bc 0800 00c0 0004 4 = 9989ec00
ffff8e67c26dbd80 3935915374 C Co:2:006:0 0 4 >
ffff8e67c26dbd80 3935915446 S Co:2:006:0 s 40 b9 0000 0000 0004 4 = 09006603
ffff8e67c26dbd80 3935918092 C Co:2:006:0 0 4 >
ffff8e67c26dbd80 3935918161 S Ii:2:006:3 -115:1 3 <
ffff8e67c26dbd80 3935919407 C Ii:2:006:3 0:1 3 = 100000
ffff8e67c26dbd80 3935919480 S Ci:2:006:0 s c0 bc 0800 0016 0002 2 <
ffff8e67c26dbd80 3935922078 C Ci:2:006:0 0 2 = 0900
ffff8e67c26dbd80 3935922151 S Ci:2:006:0 s c0 bc 0900 001c 0002 2 <
ffff8e67c26dbd80 3935924725 C Ci:2:006:0 0 2 = 2e6f
ffff8e67c26dbd80 3935924841 S Ci:2:006:0 s c0 bc 0800 23be 0002 2 <
ffff8e67c26dbd80 3935927534 C Ci:2:006:0 0 2 = 0000
ffff8e67c26dbd80 3935927637 S Co:2:006:0 s 40 bc 0900 0014 0002 2 = d39e
ffff8e67c26dbd80 3935930212 C Co:2:006:0 0 2 >
ffff8e67c26dbd80 3935930313 S Ci:2:006:0 s c0 bc 0900 001c 0002 2 <
ffff8e67c26dbd80 3935932836 C Ci:2:006:0 0 2 = 2e6f
ffff8e67c26dbd80 3935932936 S Co:2:006:0 s 40 b9 0000 0000 0004 4 = 09016601
ffff8e67c26dbd80 3935935508 C Co:2:006:0 0 4 >
ffff8e67c26dbd80 3935935610 S Ii:2:006:3 -115:1 3 <
ffff8e67c26dbd80 3935936857 C Ii:2:006:3 0:1 3 = 100000
ffff8e67c26dbd80 3935936953 S Ci:2:006:0 s c0 bc 0800 0016 0002 2 <
ffff8e67c26dbd80 3935939672 C Ci:2:006:0 0 2 = 0900
ffff8e67c26dbd80 3935939773 S Ci:2:006:0 s c0 bc 0900 001c 0002 2 <
ffff8e67c26dbd80 3935942372 C Ci:2:006:0 0 2 = 2e6f
ffff8e67c26dbd80 3935942475 S Ci:2:006:0 s c0 bc 0800 23be 0004 4 <
ffff8e67c26dbd80 3935944996 C Ci:2:006:0 0 4 = 000099e0
ffff8e67c26dbd80 3935945091 S Co:2:006:0 s 40 bc 0800 00c0 0004 4 = 9989ec00
ffff8e67c26dbd80 3935947730 C Co:2:006:0 0 4 >
ffff8e67c26dbd80 3935947851 S Co:2:006:0 s 40 b9 0000 0000 0004 4 = 09006603
ffff8e67c26dbd80 3935950494 C Co:2:006:0 0 4 >
ffff8e67c26dbd80 3935950593 S Ii:2:006:3 -115:1 3 <
ffff8e67c26dbd80 3935951949 C Ii:2:006:3 0:1 3 = 100000
ffff8e67c26dbd80 3935952075 S Ci:2:006:0 s c0 bc 0800 0016 0002 2 <
ffff8e67c26dbd80 3935954692 C Ci:2:006:0 0 2 = 0900
ffff8e67c26dbd80 3935954862 S Ci:2:006:0 s c0 bc 0900 001c 0002 2 <
ffff8e67c26dbd80 3935957326 C Ci:2:006:0 0 2 = 2e6f
ffff8e67c26dbd80 3935957401 S Ci:2:006:0 s c0 bc 0800 23be 0002 2 <
ffff8e67c26dbd80 3935960216 C Ci:2:006:0 0 2 = 0000
ffff8e67c26dbd80 3935960361 S Co:2:006:0 s 40 bc 0900 0014 0002 2 = d39e
ffff8e67c26dbd80 3935962885 C Co:2:006:0 0 2 >
ffff8e67c26dbd80 3935962976 S Ci:2:006:0 s c0 bc 0900 001c 0002 2 <
ffff8e67c26dbd80 3935965542 C Ci:2:006:0 0 2 = 2e6f
ffff8e67c26dbd80 3935965676 S Co:2:006:0 s 40 b9 0000 0000 0004 4 = 09016601
ffff8e67c26dbd80 3935968244 C Co:2:006:0 0 4 >
ffff8e67c26dbd80 3935968347 S Ii:2:006:3 -115:1 3 <
ffff8e67c26dbd80 3935969550 C Ii:2:006:3 0:1 3 = 100000
ffff8e67c26dbd80 3935969680 S Ci:2:006:0 s c0 bc 0800 0016 0002 2 <
ffff8e67c26dbd80 3935972445 C Ci:2:006:0 0 2 = 0900
ffff8e67c26dbd80 3935972549 S Ci:2:006:0 s c0 bc 0900 001c 0002 2 <
ffff8e67c26dbd80 3935975106 C Ci:2:006:0 0 2 = 2e6f
ffff8e67c26dbd80 3935975207 S Ci:2:006:0 s c0 bc 0800 23be 0004 4 <
ffff8e67c26dbd80 3935977880 C Ci:2:006:0 0 4 = 0000c3e0
ffff8e67c26dbd80 3935977986 S Co:2:006:0 s 40 bc 0800 00c0 0004 4 = 9989ec00
ffff8e67c26dbd80 3935980637 C Co:2:006:0 0 4 >
ffff8e67c26dbd80 3935980770 S Co:2:006:0 s 40 b9 0000 0000 0004 4 = 09006603
ffff8e67c26dbd80 3935983399 C Co:2:006:0 0 4 >
ffff8e67c26dbd80 3935983560 S Ii:2:006:3 -115:1 3 <
ffff8e67c26dbd80 3935984703 C Ii:2:006:3 0:1 3 = 100000
ffff8e67c26dbd80 3935984826 S Ci:2:006:0 s c0 bc 0800 0016 0002 2 <
ffff8e67c26dbd80 3935987538 C Ci:2:006:0 0 2 = 0900
ffff8e67c26dbd80 3935987688 S Ci:2:006:0 s c0 bc 0900 001c 0002 2 <
ffff8e67c26dbd80 3935990254 C Ci:2:006:0 0 2 = 2e6f
ffff8e67c26dbd80 3935990387 S Ci:2:006:0 s c0 bc 0800 23be 0002 2 <
ffff8e67c26dbd80 3935993047 C Ci:2:006:0 0 2 = 0000
ffff8e67c26dbd80 3935993156 S Co:2:006:0 s 40 bc 0900 0014 0002 2 = d39e
ffff8e67c26dbd80 3935995605 C Co:2:006:0 0 2 >
ffff8e67c26dbd80 3935995706 S Ci:2:006:0 s c0 bc 0900 001c 0002 2 <
ffff8e67c26dbd80 3935998273 C Ci:2:006:0 0 2 = 2e6f
ffff8e67c26dbd80 3935998411 S Co:2:006:0 s 40 b9 0000 0000 0004 4 = 09016601
ffff8e67c26dbd80 3936001022 C Co:2:006:0 0 4 >
ffff8e67c26dbd80 3936001150 S Ii:2:006:3 -115:1 3 <
ffff8e67c26dbd80 3936002335 C Ii:2:006:3 0:1 3 = 100000
ffff8e67c26dbd80 3936002465 S Ci:2:006:0 s c0 bc 0800 0016 0002 2 <
ffff8e67c26dbd80 3936005116 C Ci:2:006:0 0 2 = 0900
ffff8e67c26dbd80 3936005181 S Ci:2:006:0 s c0 bc 0900 001c 0002 2 <
ffff8e67c26dbd80 3936008007 C Ci:2:006:0 0 2 = 2e6f
ffff8e67c26dbd80 3936008136 S Ci:2:006:0 s c0 bc 0800 23be 0004 4 <
ffff8e67c26dbd80 3936010469 C Ci:2:006:0 0 4 = 000011e0
ffff8e67c26dbd80 3936010568 S Co:2:006:0 s 40 bc 0800 00c0 0004 4 = 9989ec00
ffff8e67c26dbd80 3936013305 C Co:2:006:0 0 4 >
ffff8e67c26dbd80 3936013442 S Co:2:006:0 s 40 b9 0000 0000 0004 4 = 09006603
ffff8e67c26dbd80 3936015994 C Co:2:006:0 0 4 >
ffff8e67c26dbd80 3936016127 S Ii:2:006:3 -115:1 3 <
ffff8e67c26dbd80 3936017339 C Ii:2:006:3 0:1 3 = 100000
ffff8e67c26dbd80 3936017481 S Ci:2:006:0 s c0 bc 0800 0016 0002 2 <
ffff8e67c26dbd80 3936020163 C Ci:2:006:0 0 2 = 0900
ffff8e67c26dbd80 3936020285 S Ci:2:006:0 s c0 bc 0900 001c 0002 2 <
ffff8e67c26dbd80 3936022883 C Ci:2:006:0 0 2 = 2e6f
ffff8e67c26dbd80 3936023014 S Ci:2:006:0 s c0 bc 0800 23be 0002 2 <
ffff8e67c26dbd80 3936025571 C Ci:2:006:0 0 2 = 0000
ffff8e67c26dbd80 3936025707 S Co:2:006:0 s 40 bc 0900 0014 0002 2 = d39e
ffff8e67c26dbd80 3936028259 C Co:2:006:0 0 2 >
ffff8e67c26dbd80 3936028396 S Ci:2:006:0 s c0 bc 0900 001c 0002 2 <
ffff8e67c26dbd80 3936030955 C Ci:2:006:0 0 2 = 2e6f
ffff8e67c26dbd80 3936031084 S Co:2:006:0 s 40 b9 0000 0000 0004 4 = 09016601
ffff8e67c26dbd80 3936033724 C Co:2:006:0 0 4 >
ffff8e67c26dbd80 3936033851 S Ii:2:006:3 -115:1 3 <
ffff8e67c26dbd80 3936035070 C Ii:2:006:3 0:1 3 = 100000
ffff8e67c26dbd80 3936035219 S Ci:2:006:0 s c0 bc 0800 0016 0002 2 <
ffff8e67c26dbd80 3936037914 C Ci:2:006:0 0 2 = 0900
ffff8e67c26dbd80 3936038056 S Ci:2:006:0 s c0 bc 0900 001c 0002 2 <
ffff8e67c26dbd80 3936040518 C Ci:2:006:0 0 2 = 2e6f
ffff8e67c26dbd80 3936040652 S Ci:2:006:0 s c0 bc 0800 23be 0004 4 <
ffff8e67c26dbd80 3936043264 C Ci:2:006:0 0 4 = 00004de0
ffff8e67c26dbd80 3936043394 S Co:2:006:0 s 40 bc 0800 00c0 0004 4 = 9989ec00
ffff8e67c26dbd80 3936045954 C Co:2:006:0 0 4 >
ffff8e67c26dbd80 3936046065 S Co:2:006:0 s 40 b9 0000 0000 0004 4 = 09006603
ffff8e67c26dbd80 3936048676 C Co:2:006:0 0 4 >
ffff8e67c26dbd80 3936048773 S Ii:2:006:3 -115:1 3 <
ffff8e67c26dbd80 3936050071 C Ii:2:006:3 0:1 3 = 100000
ffff8e67c26dbd80 3936050192 S Ci:2:006:0 s c0 bc 0800 0016 0002 2 <
ffff8e67c26dbd80 3936052902 C Ci:2:006:0 0 2 = 0900
ffff8e67c26dbd80 3936053054 S Ci:2:006:0 s c0 bc 0900 001c 0002 2 <
ffff8e67c26dbd80 3936055529 C Ci:2:006:0 0 2 = 2e6f
ffff8e67c26dbd80 3936055654 S Ci:2:006:0 s c0 bc 0800 23be 0002 2 <
ffff8e67c26dbd80 3936058260 C Ci:2:006:0 0 2 = 0000
ffff8e67c26dbd80 3936058395 S Co:2:006:0 s 40 bc 0900 0014 0002 2 = d39e
ffff8e67c26dbd80 3936060979 C Co:2:006:0 0 2 >
ffff8e67c26dbd80 3936061111 S Ci:2:006:0 s c0 bc 0900 001c 0002 2 <
ffff8e67c26dbd80 3936063771 C Ci:2:006:0 0 2 = 2e6f
ffff8e67c26dbd80 3936063940 S Co:2:006:0 s 40 b9 0000 0000 0004 4 = 09016601
ffff8e67c26dbd80 3936066542 C Co:2:006:0 0 4 >
ffff8e67c26dbd80 3936066675 S Ii:2:006:3 -115:1 3 <
ffff8e67c26dbd80 3936067858 C Ii:2:006:3 0:1 3 = 100000
ffff8e67c26dbd80 3936068001 S Ci:2:006:0 s c0 bc 0800 0016 0002 2 <
ffff8e67c26dbd80 3936070691 C Ci:2:006:0 0 2 = 0900
ffff8e67c26dbd80 3936070839 S Ci:2:006:0 s c0 bc 0900 001c 0002 2 <
ffff8e67c26dbd80 3936073405 C Ci:2:006:0 0 2 = 2e6f
ffff8e67c26dbd80 3936073525 S Ci:2:006:0 s c0 bc 0800 23be 0004 4 <
ffff8e67c26dbd80 3936076143 C Ci:2:006:0 0 4 = 00008de0
ffff8e67c26dbd80 3936076281 S Co:2:006:0 s 40 bc 0800 00c0 0004 4 = 9989ec00
ffff8e67c26dbd80 3936078882 C Co:2:006:0 0 4 >
ffff8e67c26dbd80 3936079016 S Co:2:006:0 s 40 b9 0000 0000 0004 4 = 09006603
ffff8e67c26dbd80 3936081629 C Co:2:006:0 0 4 >
ffff8e67c26dbd80 3936081762 S Ii:2:006:3 -115:1 3 <
ffff8e67c26dbd80 3936082908 C Ii:2:006:3 0:1 3 = 100000
ffff8e67c26dbd80 3936083047 S Ci:2:006:0 s c0 bc 0800 0016 0002 2 <
ffff8e67c26dbd80 3936085604 C Ci:2:006:0 0 2 = 0900
ffff8e67c26dbd80 3936085739 S Ci:2:006:0 s c0 bc 0900 001c 0002 2 <
ffff8e67c26dbd80 3936088469 C Ci:2:006:0 0 2 = 2e6f
ffff8e67c26dbd80 3936088616 S Ci:2:006:0 s c0 bc 0800 23be 0002 2 <
ffff8e67c26dbd80 3936090989 C Ci:2:006:0 0 2 = 0000
ffff8e67c26dbd80 3936091092 S Co:2:006:0 s 40 bc 0900 0014 0002 2 = d39e
ffff8e67c26dbd80 3936093706 C Co:2:006:0 0 2 >
ffff8e67c26dbd80 3936093843 S Ci:2:006:0 s c0 bc 0900 001c 0002 2 <
ffff8e67c26dbd80 3936096377 C Ci:2:006:0 0 2 = 2e6f
ffff8e67c26dbd80 3936096512 S Co:2:006:0 s 40 b9 0000 0000 0004 4 = 09016601
ffff8e67c26dbd80 3936099088 C Co:2:006:0 0 4 >
ffff8e67c26dbd80 3936099213 S Ii:2:006:3 -115:1 3 <
ffff8e67c26dbd80 3936100408 C Ii:2:006:3 0:1 3 = 100000
ffff8e67c26dbd80 3936100511 S Ci:2:006:0 s c0 bc 0800 0016 0002 2 <
ffff8e67c26dbd80 3936103070 C Ci:2:006:0 0 2 = 0900
ffff8e67c26dbd80 3936103174 S Ci:2:006:0 s c0 bc 0900 001c 0002 2 <
ffff8e67c26dbd80 3936105694 C Ci:2:006:0 0 2 = 2e6f
ffff8e67c26dbd80 3936105858 S Ci:2:006:0 s c0 bc 0800 23be 0004 4 <
ffff8e67c26dbd80 3936108362 C Ci:2:006:0 0 4 = 000059e0
ffff8e67c26dbd80 3936108497 S Co:2:006:0 s 40 bc 0800 00c0 0004 4 = 9989ec00
ffff8e67c26dbd80 3936111043 C Co:2:006:0 0 4 >
ffff8e67c26dbd80 3936111142 S Co:2:006:0 s 40 b9 0000 0000 0004 4 = 09006603
ffff8e67c26dbd80 3936113706 C Co:2:006:0 0 4 >
ffff8e67c26dbd80 3936113850 S Ii:2:006:3 -115:1 3 <
ffff8e67c26dbd80 3936115041 C Ii:2:006:3 0:1 3 = 100000
ffff8e67c26dbd80 3936115147 S Ci:2:006:0 s c0 bc 0800 0016 0002 2 <
ffff8e67c26dbd80 3936117856 C Ci:2:006:0 0 2 = 0900
ffff8e67c26dbd80 3936118001 S Ci:2:006:0 s c0 bc 0900 001c 0002 2 <
ffff8e67c26dbd80 3936120471 C Ci:2:006:0 0 2 = 2e6f
ffff8e67c26dbd80 3936120607 S Ci:2:006:0 s c0 bc 0800 23be 0002 2 <
ffff8e67c26dbd80 3936123221 C Ci:2:006:0 0 2 = 0000
ffff8e67c26dbd80 3936123335 S Co:2:006:0 s 40 bc 0900 0014 0002 2 = d39e
ffff8e67c26dbd80 3936125884 C Co:2:006:0 0 2 >
ffff8e67c26dbd80 3936125991 S Ci:2:006:0 s c0 bc 0900 001c 0002 2 <
ffff8e67c26dbd80 3936128503 C Ci:2:006:0 0 2 = 2e6f
ffff8e67c26dbd80 3936128609 S Co:2:006:0 s 40 b9 0000 0000 0004 4 = 09016601
ffff8e67c26dbd80 3936131218 C Co:2:006:0 0 4 >
ffff8e67c26dbd80 3936131350 S Ii:2:006:3 -115:1 3 <
ffff8e67c26dbd80 3936132547 C Ii:2:006:3 0:1 3 = 100000
ffff8e67c26dbd80 3936132680 S Ci:2:006:0 s c0 bc 0800 0016 0002 2 <
ffff8e67c26dbd80 3936135378 C Ci:2:006:0 0 2 = 0900
ffff8e67c26dbd80 3936135487 S Ci:2:006:0 s c0 bc 0900 001c 0002 2 <
ffff8e67c26dbd80 3936138224 C Ci:2:006:0 0 2 = 2e6f
ffff8e67c26dbd80 3936138334 S Ci:2:006:0 s c0 bc 0800 23be 0004 4 <
ffff8e67c26dbd80 3936140867 C Ci:2:006:0 0 4 = 000090e0
ffff8e67c26dbd80 3936141017 S Co:2:006:0 s 40 bc 0800 00c0 0004 4 = 9989ec00
ffff8e67c26dbd80 3936143487 C Co:2:006:0 0 4 >
ffff8e67c26dbd80 3936143621 S Co:2:006:0 s 40 b9 0000 0000 0004 4 = 09006603
ffff8e67c26dbd80 3936146204 C Co:2:006:0 0 4 >
ffff8e67c26dbd80 3936146337 S Ii:2:006:3 -115:1 3 <
ffff8e67c26dbd80 3936147589 C Ii:2:006:3 0:1 3 = 100000
ffff8e67c26dbd80 3936147700 S Ci:2:006:0 s c0 bc 0800 0016 0002 2 <
ffff8e67c26dbd80 3936150214 C Ci:2:006:0 0 2 = 0900
ffff8e67c26dbd80 3936150324 S Ci:2:006:0 s c0 bc 0900 001c 0002 2 <
ffff8e67c26dbd80 3936152854 C Ci:2:006:0 0 2 = 2e6f
ffff8e67c26dbd80 3936152999 S Ci:2:006:0 s c0 bc 0800 23be 0002 2 <
ffff8e67c26dbd80 3936155433 C Ci:2:006:0 0 2 = 0000
ffff8e67c26dbd80 3936155567 S Co:2:006:0 s 40 bc 0900 0014 0002 2 = d39e
ffff8e67c26dbd80 3936158203 C Co:2:006:0 0 2 >
ffff8e67c26dbd80 3936158338 S Ci:2:006:0 s c0 bc 0900 001c 0002 2 <
ffff8e67c26dbd80 3936160841 C Ci:2:006:0 0 2 = 2e6f
ffff8e67c26dbd80 3936160965 S Co:2:006:0 s 40 b9 0000 0000 0004 4 = 09016601
ffff8e67c26dbd80 3936163486 C Co:2:006:0 0 4 >
ffff8e67c26dbd80 3936163593 S Ii:2:006:3 -115:1 3 <
ffff8e67c26dbd80 3936164822 C Ii:2:006:3 0:1 3 = 100000
ffff8e67c26dbd80 3936164975 S Ci:2:006:0 s c0 bc 0800 0016 0002 2 <
ffff8e67c26dbd80 3936167501 C Ci:2:006:0 0 2 = 0900
ffff8e67c26dbd80 3936167636 S Ci:2:006:0 s c0 bc 0900 001c 0002 2 <
ffff8e67c26dbd80 3936170217 C Ci:2:006:0 0 2 = 2e6f
ffff8e67c26dbd80 3936170352 S Ci:2:006:0 s c0 bc 0800 23be 0004 4 <
ffff8e67c26dbd80 3936172845 C Ci:2:006:0 0 4 = 000031e0
ffff8e67c26dbd80 3936172966 S Co:2:006:0 s 40 bc 0800 00c0 0004 4 = 9989ec00
ffff8e67c26dbd80 3936175541 C Co:2:006:0 0 4 >
ffff8e67c26dbd80 3936175645 S Co:2:006:0 s 40 b9 0000 0000 0004 4 = 09006603
ffff8e67c26dbd80 3936178197 C Co:2:006:0 0 4 >
ffff8e67c26dbd80 3936178332 S Ii:2:006:3 -115:1 3 <
ffff8e67c26dbd80 3936179547 C Ii:2:006:3 0:1 3 = 100000
ffff8e67c26dbd80 3936179652 S Ci:2:006:0 s c0 bc 0800 0016 0002 2 <
ffff8e67c26dbd80 3936182381 C Ci:2:006:0 0 2 = 0900
ffff8e67c26dbd80 3936182515 S Ci:2:006:0 s c0 bc 0900 001c 0002 2 <
ffff8e67c26dbd80 3936185070 C Ci:2:006:0 0 2 = 2e6f
ffff8e67c26dbd80 3936185212 S Ci:2:006:0 s c0 bc 0800 23be 0002 2 <
ffff8e67c26dbd80 3936187712 C Ci:2:006:0 0 2 = 0000
ffff8e67c26dbd80 3936187836 S Co:2:006:0 s 40 bc 0900 0014 0002 2 = d39e
ffff8e67c26dbd80 3936190378 C Co:2:006:0 0 2 >
ffff8e67c26dbd80 3936190518 S Ci:2:006:0 s c0 bc 0900 001c 0002 2 <
ffff8e67c26dbd80 3936193096 C Ci:2:006:0 0 2 = 2e6f
ffff8e67c26dbd80 3936193235 S Co:2:006:0 s 40 b9 0000 0000 0004 4 = 09016601
ffff8e67c26dbd80 3936195843 C Co:2:006:0 0 4 >
ffff8e67c26dbd80 3936195989 S Ii:2:006:3 -115:1 3 <
ffff8e67c26dbd80 3936197212 C Ii:2:006:3 0:1 3 = 100000
ffff8e67c26dbd80 3936197293 S Ci:2:006:0 s c0 bc 0800 0016 0002 2 <
ffff8e67c26dbd80 3936199945 C Ci:2:006:0 0 2 = 0900
ffff8e67c26dbd80 3936200085 S Ci:2:006:0 s c0 bc 0900 001c 0002 2 <
ffff8e67c26dbd80 3936202557 C Ci:2:006:0 0 2 = 2e6f
ffff8e67c26dbd80 3936202662 S Ci:2:006:0 s c0 bc 0800 23be 0004 4 <
ffff8e67c26dbd80 3936205254 C Ci:2:006:0 0 4 = 00007ee0
ffff8e67c26dbd80 3936205363 S Co:2:006:0 s 40 bc 0800 00c0 0004 4 = 9989ec00
ffff8e67c26dbd80 3936207935 C Co:2:006:0 0 4 >
ffff8e67c26dbd80 3936208074 S Co:2:006:0 s 40 b9 0000 0000 0004 4 = 09006603
ffff8e67c26dbd80 3936210546 C Co:2:006:0 0 4 >
ffff8e67c26dbd80 3936210678 S Ii:2:006:3 -115:1 3 <
ffff8e67c26dbd80 3936211897 C Ii:2:006:3 0:1 3 = 100000
ffff8e67c26dbd80 3936212005 S Ci:2:006:0 s c0 bc 0800 0016 0002 2 <
ffff8e67c26dbd80 3936214554 C Ci:2:006:0 0 2 = 0900
ffff8e67c26dbd80 3936214643 S Ci:2:006:0 s c0 bc 0900 001c 0002 2 <
ffff8e67c26dbd80 3936217245 C Ci:2:006:0 0 2 = 2e6f
ffff8e67c26dbd80 3936217379 S Ci:2:006:0 s c0 bc 0800 23be 0002 2 <
ffff8e67c26dbd80 3936219932 C Ci:2:006:0 0 2 = 0000
ffff8e67c26dbd80 3936220046 S Co:2:006:0 s 40 bc 0900 0014 0002 2 = d39e
ffff8e67c26dbd80 3936222576 C Co:2:006:0 0 2 >
ffff8e67c26dbd80 3936222713 S Ci:2:006:0 s c0 bc 0900 001c 0002 2 <
ffff8e67c26dbd80 3936225248 C Ci:2:006:0 0 2 = 2e6f
ffff8e67c26dbd80 3936225358 S Co:2:006:0 s 40 b9 0000 0000 0004 4 = 09016601
ffff8e67c26dbd80 3936227941 C Co:2:006:0 0 4 >
ffff8e67c26dbd80 3936228073 S Ii:2:006:3 -115:1 3 <
ffff8e67c26dbd80 3936229160 C Ii:2:006:3 0:1 3 = 100000
ffff8e67c26dbd80 3936229202 S Ci:2:006:0 s c0 bc 0800 0016 0002 2 <
ffff8e67c26dbd80 3936231945 C Ci:2:006:0 0 2 = 0900
ffff8e67c26dbd80 3936232083 S Ci:2:006:0 s c0 bc 0900 001c 0002 2 <
ffff8e67c26dbd80 3936234556 C Ci:2:006:0 0 2 = 2e6f
ffff8e67c26dbd80 3936234691 S Ci:2:006:0 s c0 bc 0800 23be 0004 4 <
ffff8e67c26dbd80 3936237209 C Ci:2:006:0 0 4 = 00004ae0
ffff8e67c26dbd80 3936237332 S Co:2:006:0 s 40 bc 0800 00c0 0004 4 = 9989ec00
ffff8e67c26dbd80 3936239922 C Co:2:006:0 0 4 >
ffff8e67c26dbd80 3936240063 S Co:2:006:0 s 40 b9 0000 0000 0004 4 = 09006603
ffff8e67c26dbd80 3936242573 C Co:2:006:0 0 4 >
ffff8e67c26dbd80 3936242708 S Ii:2:006:3 -115:1 3 <
ffff8e67c26dbd80 3936243891 C Ii:2:006:3 0:1 3 = 100000
ffff8e67c26dbd80 3936244053 S Ci:2:006:0 s c0 bc 0800 0016 0002 2 <
ffff8e67c26dbd80 3936246589 C Ci:2:006:0 0 2 = 0900
ffff8e67c26dbd80 3936246723 S Ci:2:006:0 s c0 bc 0900 001c 0002 2 <
ffff8e67c26dbd80 3936249158 C Ci:2:006:0 0 2 = 2e6f
ffff8e67c26dbd80 3936249294 S Ci:2:006:0 s c0 bc 0800 23be 0002 2 <
ffff8e67c26dbd80 3936251939 C Ci:2:006:0 0 2 = 0000
ffff8e67c26dbd80 3936252064 S Co:2:006:0 s 40 bc 0900 0014 0002 2 = d39e
ffff8e67c26dbd80 3936254536 C Co:2:006:0 0 2 >
ffff8e67c26dbd80 3936254638 S Ci:2:006:0 s c0 bc 0900 001c 0002 2 <
ffff8e67c26dbd80 3936257270 C Ci:2:006:0 0 2 = 2e6f
ffff8e67c26dbd80 3936257382 S Co:2:006:0 s 40 b9 0000 0000 0004 4 = 09016601
ffff8e67c26dbd80 3936259936 C Co:2:006:0 0 4 >
ffff8e67c26dbd80 3936260053 S Ii:2:006:3 -115:1 3 <
ffff8e67c26dbd80 3936261150 C Ii:2:006:3 0:1 3 = 100000
ffff8e67c26dbd80 3936261281 S Ci:2:006:0 s c0 bc 0800 0016 0002 2 <
ffff8e67c26dbd80 3936263986 C Ci:2:006:0 0 2 = 0900
ffff8e67c26dbd80 3936264130 S Ci:2:006:0 s c0 bc 0900 001c 0002 2 <
ffff8e67c26dbd80 3936266678 C Ci:2:006:0 0 2 = 2e6f
ffff8e67c26dbd80 3936266823 S Ci:2:006:0 s c0 bc 0800 23be 0004 4 <
ffff8e67c26dbd80 3936269444 C Ci:2:006:0 0 4 = 000091e0
ffff8e67c26dbd80 3936269551 S Co:2:006:0 s 40 bc 0800 00c0 0004 4 = 9989ec00
ffff8e67c26dbd80 3936272193 C Co:2:006:0 0 4 >
ffff8e67c26dbd80 3936272331 S Co:2:006:0 s 40 b9 0000 0000 0004 4 = 09006603
ffff8e67c26dbd80 3936274852 C Co:2:006:0 0 4 >
ffff8e67c26dbd80 3936274999 S Ii:2:006:3 -115:1 3 <
ffff8e67c26dbd80 3936276168 C Ii:2:006:3 0:1 3 = 100000
ffff8e67c26dbd80 3936276258 S Ci:2:006:0 s c0 bc 0800 0016 0002 2 <
ffff8e67c26dbd80 3936278965 C Ci:2:006:0 0 2 = 0900
ffff8e67c26dbd80 3936279095 S Ci:2:006:0 s c0 bc 0900 001c 0002 2 <
ffff8e67c26dbd80 3936281586 C Ci:2:006:0 0 2 = 2e6f
ffff8e67c26dbd80 3936281720 S Ci:2:006:0 s c0 bc 0800 23be 0002 2 <
ffff8e67c26dbd80 3936284397 C Ci:2:006:0 0 2 = 0000
ffff8e67c26dbd80 3936284511 S Co:2:006:0 s 40 bc 0900 0014 0002 2 = d39e
ffff8e67c26dbd80 3936287088 C Co:2:006:0 0 2 >
ffff8e67c26dbd80 3936287138 S Ci:2:006:0 s c0 bc 0900 001c 0002 2 <
ffff8e67c26dbd80 3936289706 C Ci:2:006:0 0 2 = 2e6f
ffff8e67c26dbd80 3936289830 S Co:2:006:0 s 40 b9 0000 0000 0004 4 = 09016601
ffff8e67c26dbd80 3936292484 C Co:2:006:0 0 4 >
ffff8e67c26dbd80 3936292615 S Ii:2:006:3 -115:1 3 <
ffff8e67c26dbd80 3936293811 C Ii:2:006:3 0:1 3 = 100000
ffff8e67c26dbd80 3936293946 S Ci:2:006:0 s c0 bc 0800 0016 0002 2 <
ffff8e67c26dbd80 3936296493 C Ci:2:006:0 0 2 = 0900
ffff8e67c26dbd80 3936296629 S Ci:2:006:0 s c0 bc 0900 001c 0002 2 <
ffff8e67c26dbd80 3936299159 C Ci:2:006:0 0 2 = 2e6f
ffff8e67c26dbd80 3936299295 S Ci:2:006:0 s c0 bc 0800 23be 0004 4 <
ffff8e67c26dbd80 3936301976 C Ci:2:006:0 0 4 = 0000fde0
ffff8e67c26dbd80 3936302105 S Co:2:006:0 s 40 bc 0800 00c0 0004 4 = 9989ec00
ffff8e67c26dbd80 3936304571 C Co:2:006:0 0 4 >
ffff8e67c26dbd80 3936304678 S Co:2:006:0 s 40 b9 0000 0000 0004 4 = 09006603
ffff8e67c26dbd80 3936307226 C Co:2:006:0 0 4 >
ffff8e67c26dbd80 3936307360 S Ii:2:006:3 -115:1 3 <
ffff8e67c26dbd80 3936308511 C Ii:2:006:3 0:1 3 = 100000
ffff8e67c26dbd80 3936308641 S Ci:2:006:0 s c0 bc 0800 0016 0002 2 <
ffff8e67c26dbd80 3936311219 C Ci:2:006:0 0 2 = 0900
ffff8e67c4a97e40 3936312066 S Ci:2:006:0 s c0 bc 0900 001c 0002 2 <
ffff8e67c4a97e40 3936313928 C Ci:2:006:0 0 2 = 2e6f
ffff8e67c4a97e40 3936314112 S Ci:2:006:0 s c0 bc 0800 23be 0002 2 <
ffff8e67c4a97e40 3936316605 C Ci:2:006:0 0 2 = 0000
ffff8e67c4a97e40 3936316643 S Co:2:006:0 s 40 bc 0900 0014 0002 2 = d39e
ffff8e67c4a97e40 3936319230 C Co:2:006:0 0 2 >
ffff8e67c4a97e40 3936319270 S Ci:2:006:0 s c0 bc 0900 001c 0002 2 <
ffff8e67c4a97e40 3936321982 C Ci:2:006:0 0 2 = 2e6f
ffff8e67c4a97e40 3936322064 S Co:2:006:0 s 40 b9 0000 0000 0004 4 = 09016601
ffff8e67c4a97e40 3936324566 C Co:2:006:0 0 4 >
ffff8e67c4a97e40 3936324604 S Ii:2:006:3 -115:1 3 <
ffff8e67c4a97e40 3936325979 C Ii:2:006:3 0:1 3 = 100000
ffff8e67c4a97e40 3936326051 S Ci:2:006:0 s c0 bc 0800 0016 0002 2 <
ffff8e67c4a97e40 3936328579 C Ci:2:006:0 0 2 = 0900
ffff8e67c4a97e40 3936328619 S Ci:2:006:0 s c0 bc 0900 001c 0002 2 <
ffff8e67c4a97e40 3936331235 C Ci:2:006:0 0 2 = 2e6f
ffff8e67c4a97e40 3936331310 S Ci:2:006:0 s c0 bc 0800 23be 0004 4 <
ffff8e67c4a97e40 3936333942 C Ci:2:006:0 0 4 = 0000b1e0
ffff8e67c4a97e40 3936333981 S Co:2:006:0 s 40 bc 0800 00c0 0004 4 = 9989ec00
ffff8e67c4a97e40 3936336565 C Co:2:006:0 0 4 >
ffff8e67c4a97e40 3936336691 S Co:2:006:0 s 40 b9 0000 0000 0004 4 = 09006603
ffff8e67c4a97e40 3936339193 C Co:2:006:0 0 4 >
ffff8e67c4a97e40 3936339231 S Ii:2:006:3 -115:1 3 <
ffff8e67c4a97e40 3936340512 C Ii:2:006:3 0:1 3 = 100000
ffff8e67c4a97e40 3936340587 S Ci:2:006:0 s c0 bc 0800 0016 0002 2 <
ffff8e67c4a97e40 3936343204 C Ci:2:006:0 0 2 = 0900
ffff8e67c4a97e40 3936343244 S Ci:2:006:0 s c0 bc 0900 001c 0002 2 <
ffff8e67c4a97e40 3936345795 C Ci:2:006:0 0 2 = 2e6f
ffff8e67c4a97e40 3936345874 S Ci:2:006:0 s c0 bc 0800 23be 0002 2 <
ffff8e67c4a97e40 3936348509 C Ci:2:006:0 0 2 = 0000
ffff8e67c4a97e40 3936348553 S Co:2:006:0 s 40 bc 0900 0014 0002 2 = d39e
ffff8e67c4a97e40 3936351165 C Co:2:006:0 0 2 >
ffff8e67c4a97e40 3936351205 S Ci:2:006:0 s c0 bc 0900 001c 0002 2 <
ffff8e67c4a97e40 3936353840 C Ci:2:006:0 0 2 = 2e6f
ffff8e67c4a97e40 3936353921 S Co:2:006:0 s 40 b9 0000 0000 0004 4 = 09016601
ffff8e67c4a97e40 3936356450 C Co:2:006:0 0 4 >
ffff8e67c4a97e40 3936356485 S Ii:2:006:3 -115:1 3 <
ffff8e67c4a97e40 3936357804 C Ii:2:006:3 0:1 3 = 100000
ffff8e67c4a97e40 3936357884 S Ci:2:006:0 s c0 bc 0800 0016 0002 2 <
ffff8e67c4a97e40 3936360452 C Ci:2:006:0 0 2 = 0900
ffff8e67c4a97e40 3936360489 S Ci:2:006:0 s c0 bc 0900 001c 0002 2 <
ffff8e67c4a97e40 3936363164 C Ci:2:006:0 0 2 = 2e6f
ffff8e67c4a97e40 3936363238 S Ci:2:006:0 s c0 bc 0800 23be 0004 4 <
ffff8e67c4a97e40 3936365840 C Ci:2:006:0 0 4 = 00005ae0
ffff8e67c4a97e40 3936365871 S Co:2:006:0 s 40 bc 0800 00c0 0004 4 = 9989ec00
ffff8e67c4a97e40 3936368467 C Co:2:006:0 0 4 >
ffff8e67c4a97e40 3936368548 S Co:2:006:0 s 40 b9 0000 0000 0004 4 = 09006603
ffff8e67c4a97e40 3936371185 C Co:2:006:0 0 4 >
ffff8e67c4a97e40 3936371222 S Ii:2:006:3 -115:1 3 <
ffff8e67c4a97e40 3936372538 C Ii:2:006:3 0:1 3 = 100000
ffff8e67c4a97e40 3936372617 S Ci:2:006:0 s c0 bc 0800 0016 0002 2 <
ffff8e67c4a97e40 3936375294 C Ci:2:006:0 0 2 = 0900
ffff8e67c4a97e40 3936375331 S Ci:2:006:0 s c0 bc 0900 001c 0002 2 <
ffff8e67c4a97e40 3936377928 C Ci:2:006:0 0 2 = 2e6f
ffff8e67c4a97e40 3936378010 S Ci:2:006:0 s c0 bc 0800 23be 0002 2 <
ffff8e67c4a97e40 3936380581 C Ci:2:006:0 0 2 = 0000
ffff8e67c4a97e40 3936380620 S Co:2:006:0 s 40 bc 0900 0014 0002 2 = d39e
ffff8e67c4a97e40 3936383189 C Co:2:006:0 0 2 >
ffff8e67c4a97e40 3936383271 S Ci:2:006:0 s c0 bc 0900 001c 0002 2 <
ffff8e67c4a97e40 3936385975 C Ci:2:006:0 0 2 = 2e6f
ffff8e67c4a97e40 3936386015 S Co:2:006:0 s 40 b9 0000 0000 0004 4 = 09016601
ffff8e67c4a97e40 3936388569 C Co:2:006:0 0 4 >
ffff8e67c4a97e40 3936388604 S Ii:2:006:3 -115:1 3 <
ffff8e67c4a97e40 3936389934 C Ii:2:006:3 0:1 3 = 100000
ffff8e67c4a97e40 3936390013 S Ci:2:006:0 s c0 bc 0800 0016 0002 2 <
ffff8e67c4a97e40 3936392579 C Ci:2:006:0 0 2 = 0900
ffff8e67c4a97e40 3936392618 S Ci:2:006:0 s c0 bc 0900 001c 0002 2 <
ffff8e67c4a97e40 3936395203 C Ci:2:006:0 0 2 = 2e6f
ffff8e67c4a97e40 3936395277 S Ci:2:006:0 s c0 bc 0800 23be 0004 4 <
ffff8e67c4a97e40 3936397806 C Ci:2:006:0 0 4 = 000003e0
ffff8e67c4a97e40 3936397844 S Co:2:006:0 s 40 bc 0800 00c0 0004 4 = 9989ec00
ffff8e67c4a97e40 3936400468 C Co:2:006:0 0 4 >
ffff8e67c4a97e40 3936400549 S Co:2:006:0 s 40 b9 0000 0000 0004 4 = 09006603
ffff8e67c4a97e40 3936403187 C Co:2:006:0 0 4 >
ffff8e67c4a97e40 3936403224 S Ii:2:006:3 -115:1 3 <
ffff8e67c4a97e40 3936404545 C Ii:2:006:3 0:1 3 = 100000
ffff8e67c4a97e40 3936404624 S Ci:2:006:0 s c0 bc 0800 0016 0002 2 <
ffff8e67c4a97e40 3936407235 C Ci:2:006:0 0 2 = 0900
ffff8e67c4a97e40 3936407274 S Ci:2:006:0 s c0 bc 0900 001c 0002 2 <
ffff8e67c4a97e40 3936409889 C Ci:2:006:0 0 2 = 2e6f
ffff8e67c4a97e40 3936409966 S Ci:2:006:0 s c0 bc 0800 23be 0002 2 <
ffff8e67c4a97e40 3936412509 C Ci:2:006:0 0 2 = 0000
ffff8e67c4a97e40 3936412580 S Co:2:006:0 s 40 bc 0900 0014 0002 2 = d39e
ffff8e67c4a97e40 3936415142 C Co:2:006:0 0 2 >
ffff8e67c4a97e40 3936415227 S Ci:2:006:0 s c0 bc 0900 001c 0002 2 <
ffff8e67c4a97e40 3936417844 C Ci:2:006:0 0 2 = 2e6f
ffff8e67c4a97e40 3936417883 S Co:2:006:0 s 40 b9 0000 0000 0004 4 = 09016601
ffff8e67c4a97e40 3936420566 C Co:2:006:0 0 4 >
ffff8e67c4a97e40 3936420602 S Ii:2:006:3 -115:1 3 <
ffff8e67c4a97e40 3936421950 C Ii:2:006:3 0:1 3 = 100000
ffff8e67c4a97e40 3936422022 S Ci:2:006:0 s c0 bc 0800 0016 0002 2 <
ffff8e67c4a97e40 3936424569 C Ci:2:006:0 0 2 = 0900
ffff8e67c4a97e40 3936424651 S Ci:2:006:0 s c0 bc 0900 001c 0002 2 <
ffff8e67c4a97e40 3936427199 C Ci:2:006:0 0 2 = 2e6f
ffff8e67c4a97e40 3936427231 S Ci:2:006:0 s c0 bc 0800 23be 0004 4 <
ffff8e67c4a97e40 3936429799 C Ci:2:006:0 0 4 = 000091e0
ffff8e67c4a97e40 3936429837 S Co:2:006:0 s 40 bc 0800 00c0 0004 4 = 9989ec00
ffff8e67c4a97e40 3936432494 C Co:2:006:0 0 4 >
ffff8e67c4a97e40 3936432575 S Co:2:006:0 s 40 b9 0000 0000 0004 4 = 09006603
ffff8e67c4a97e40 3936435178 C Co:2:006:0 0 4 >
ffff8e67c4a97e40 3936435216 S Ii:2:006:3 -115:1 3 <
ffff8e67c4a97e40 3936436501 C Ii:2:006:3 0:1 3 = 100000
ffff8e67c4a97e40 3936436577 S Ci:2:006:0 s c0 bc 0800 0016 0002 2 <
ffff8e67c4a97e40 3936439359 C Ci:2:006:0 0 2 = 0900
ffff8e67c4a97e40 3936439399 S Ci:2:006:0 s c0 bc 0900 001c 0002 2 <
ffff8e67c4a97e40 3936442073 C Ci:2:006:0 0 2 = 2e6f
ffff8e67c4a97e40 3936442148 S Ci:2:006:0 s c0 bc 0800 23be 0002 2 <
ffff8e67c4a97e40 3936444851 C Ci:2:006:0 0 2 = 0000
ffff8e67c4a97e40 3936444887 S Co:2:006:0 s 40 bc 0900 0014 0002 2 = d39e
ffff8e67c4a97e40 3936447493 C Co:2:006:0 0 2 >
ffff8e67c4a97e40 3936447616 S Ci:2:006:0 s c0 bc 0900 001c 0002 2 <
ffff8e67c4a97e40 3936450199 C Ci:2:006:0 0 2 = 2e6f
ffff8e67c4a97e40 3936450240 S Co:2:006:0 s 40 b9 0000 0000 0004 4 = 09016601
ffff8e67c4a97e40 3936452888 C Co:2:006:0 0 4 >
ffff8e67c4a97e40 3936452964 S Ii:2:006:3 -115:1 3 <
ffff8e67c4a97e40 3936454107 C Ii:2:006:3 0:1 3 = 100000
ffff8e67c4a97e40 3936454187 S Ci:2:006:0 s c0 bc 0800 0016 0002 2 <
ffff8e67c4a97e40 3936456965 C Ci:2:006:0 0 2 = 0900
ffff8e67c4a97e40 3936457005 S Ci:2:006:0 s c0 bc 0900 001c 0002 2 <
ffff8e67c4a97e40 3936459573 C Ci:2:006:0 0 2 = 2e6f
ffff8e67c4a97e40 3936459655 S Ci:2:006:0 s c0 bc 0800 23be 0004 4 <
ffff8e67c4a97e40 3936462231 C Ci:2:006:0 0 4 = 000074e0
ffff8e67c4a97e40 3936462263 S Co:2:006:0 s 40 bc 0800 00c0 0004 4 = 9989ec00
ffff8e67c4a97e40 3936464912 C Co:2:006:0 0 4 >
ffff8e67c4a97e40 3936464950 S Co:2:006:0 s 40 b9 0000 0000 0004 4 = 09006603
ffff8e67c4a97e40 3936467683 C Co:2:006:0 0 4 >
ffff8e67c4a97e40 3936467780 S Ii:2:006:3 -115:1 3 <
ffff8e67c4a97e40 3936468973 C Ii:2:006:3 0:1 3 = 100000
ffff8e67c4a97e40 3936469008 S Ci:2:006:0 s c0 bc 0800 0016 0002 2 <
ffff8e67c4a97e40 3936471829 C Ci:2:006:0 0 2 = 0900
ffff8e67c4a97e40 3936471911 S Ci:2:006:0 s c0 bc 0900 001c 0002 2 <
ffff8e67c4a97e40 3936474571 C Ci:2:006:0 0 2 = 2e6f
ffff8e67c4a97e40 3936474603 S Ci:2:006:0 s c0 bc 0800 23be 0002 2 <
ffff8e67c4a97e40 3936477220 C Ci:2:006:0 0 2 = 0000
ffff8e67c6eeacc0 3936477289 S Co:2:006:0 s 40 bc 0900 0014 0002 2 = d39e
ffff8e67c6eeacc0 3936479961 C Co:2:006:0 0 2 >
ffff8e67c6eeacc0 3936480100 S Ci:2:006:0 s c0 bc 0900 001c 0002 2 <
ffff8e67c6eeacc0 3936482601 C Ci:2:006:0 0 2 = 2e6f
ffff8e67c6eeacc0 3936482736 S Co:2:006:0 s 40 b9 0000 0000 0004 4 = 09016601
ffff8e67c6eeacc0 3936485338 C Co:2:006:0 0 4 >
ffff8e67c6eeacc0 3936485470 S Ii:2:006:3 -115:1 3 <
ffff8e67c6eeacc0 3936486616 C Ii:2:006:3 0:1 3 = 100000
ffff8e67c6eeacc0 3936486747 S Ci:2:006:0 s c0 bc 0800 0016 0002 2 <
ffff8e67c6eeacc0 3936489485 C Ci:2:006:0 0 2 = 0900
ffff8e67c6eeacc0 3936489619 S Ci:2:006:0 s c0 bc 0900 001c 0002 2 <
ffff8e67c6eeacc0 3936492191 C Ci:2:006:0 0 2 = 2e6f
ffff8e67c6eeacc0 3936492325 S Ci:2:006:0 s c0 bc 0800 23be 0004 4 <
ffff8e67c6eeacc0 3936494806 C Ci:2:006:0 0 4 = 0000a8e0
ffff8e67c6eeacc0 3936494950 S Co:2:006:0 s 40 bc 0800 00c0 0004 4 = 9989ec00
ffff8e67c6eeacc0 3936497591 C Co:2:006:0 0 4 >
ffff8e67c6eeacc0 3936497728 S Co:2:006:0 s 40 b9 0000 0000 0004 4 = 09006603
ffff8e67c6eeacc0 3936500310 C Co:2:006:0 0 4 >
ffff8e67c6eeacc0 3936500418 S Ii:2:006:3 -115:1 3 <
ffff8e67c6eeacc0 3936501655 C Ii:2:006:3 0:1 3 = 100000
ffff8e67c6eeacc0 3936501798 S Ci:2:006:0 s c0 bc 0800 0016 0002 2 <
ffff8e67c6eeacc0 3936504474 C Ci:2:006:0 0 2 = 0900
ffff8e67c6eeacc0 3936504582 S Ci:2:006:0 s c0 bc 0900 001c 0002 2 <
ffff8e67c6eeacc0 3936507201 C Ci:2:006:0 0 2 = 2e6f
ffff8e67c6eeacc0 3936507336 S Ci:2:006:0 s c0 bc 0800 23be 0002 2 <
ffff8e67c6eeacc0 3936509899 C Ci:2:006:0 0 2 = 0000
ffff8e67c6eeacc0 3936510069 S Co:2:006:0 s 40 bc 0900 0014 0002 2 = d39e
ffff8e67c6eeacc0 3936512527 C Co:2:006:0 0 2 >
ffff8e67c6eeacc0 3936512672 S Ci:2:006:0 s c0 bc 0900 001c 0002 2 <
ffff8e67c6eeacc0 3936515200 C Ci:2:006:0 0 2 = 2e6f
ffff8e67c6eeacc0 3936515336 S Co:2:006:0 s 40 b9 0000 0000 0004 4 = 09016601
ffff8e67c6eeacc0 3936517819 C Co:2:006:0 0 4 >
ffff8e67c6eeacc0 3936517962 S Ii:2:006:3 -115:1 3 <
ffff8e67c6eeacc0 3936519162 C Ii:2:006:3 0:1 3 = 100000
ffff8e67c6eeacc0 3936519290 S Ci:2:006:0 s c0 bc 0800 0016 0002 2 <
ffff8e67c6eeacc0 3936521996 C Ci:2:006:0 0 2 = 0900
ffff8e67c6eeacc0 3936522137 S Ci:2:006:0 s c0 bc 0900 001c 0002 2 <
ffff8e67c6eeacc0 3936524674 C Ci:2:006:0 0 2 = 2e6f
ffff8e67c6eeacc0 3936524816 S Ci:2:006:0 s c0 bc 0800 23be 0004 4 <
ffff8e67c6eeacc0 3936527408 C Ci:2:006:0 0 4 = 000051e0
ffff8e67c6eeacc0 3936527508 S Co:2:006:0 s 40 bc 0800 00c0 0004 4 = 9989ec00
ffff8e67c6eeacc0 3936530163 C Co:2:006:0 0 4 >
ffff8e67c6eeacc0 3936530311 S Co:2:006:0 s 40 b9 0000 0000 0004 4 = 09006603
ffff8e67c6eeacc0 3936532780 C Co:2:006:0 0 4 >
ffff8e67c6eeacc0 3936532914 S Ii:2:006:3 -115:1 3 <
ffff8e67c6eeacc0 3936534007 C Ii:2:006:3 0:1 3 = 100000
ffff8e67c6eeacc0 3936534149 S Ci:2:006:0 s c0 bc 0800 0016 0002 2 <
ffff8e67c6eeacc0 3936536686 C Ci:2:006:0 0 2 = 0900
ffff8e67c6eeacc0 3936536817 S Ci:2:006:0 s c0 bc 0900 001c 0002 2 <
ffff8e67c6eeacc0 3936539428 C Ci:2:006:0 0 2 = 2e6f
ffff8e67c6eeacc0 3936539574 S Ci:2:006:0 s c0 bc 0800 23be 0002 2 <
ffff8e67c6eeacc0 3936542150 C Ci:2:006:0 0 2 = 0000
ffff8e67c6eeacc0 3936542278 S Co:2:006:0 s 40 bc 0900 0014 0002 2 = d39e
ffff8e67c6eeacc0 3936544826 C Co:2:006:0 0 2 >
ffff8e67c6eeacc0 3936544969 S Ci:2:006:0 s c0 bc 0900 001c 0002 2 <
ffff8e67c6eeacc0 3936547458 C Ci:2:006:0 0 2 = 2e6f
ffff8e67c6eeacc0 3936547605 S Co:2:006:0 s 40 b9 0000 0000 0004 4 = 09016601
ffff8e67c6eeacc0 3936550270 C Co:2:006:0 0 4 >
ffff8e67c6eeacc0 3936550384 S Ii:2:006:3 -115:1 3 <
ffff8e67c6eeacc0 3936551547 C Ii:2:006:3 0:1 3 = 100000
ffff8e67c6eeacc0 3936551663 S Ci:2:006:0 s c0 bc 0800 0016 0002 2 <
ffff8e67c6eeacc0 3936554401 C Ci:2:006:0 0 2 = 0900
ffff8e67c6eeacc0 3936554540 S Ci:2:006:0 s c0 bc 0900 001c 0002 2 <
ffff8e67c6eeacc0 3936557079 C Ci:2:006:0 0 2 = 2e6f
ffff8e67c6eeacc0 3936557205 S Ci:2:006:0 s c0 bc 0800 23be 0004 4 <
ffff8e67c6eeacc0 3936559869 C Ci:2:006:0 0 4 = 0000d2e0
ffff8e67c6eeacc0 3936559975 S Co:2:006:0 s 40 bc 0800 00c0 0004 4 = 9989ec00
ffff8e67c6eeacc0 3936562557 C Co:2:006:0 0 4 >
ffff8e67c6eeacc0 3936562686 S Co:2:006:0 s 40 b9 0000 0000 0004 4 = 09006603
ffff8e67c6eeacc0 3936565373 C Co:2:006:0 0 4 >
ffff8e67c6eeacc0 3936565504 S Ii:2:006:3 -115:1 3 <
ffff8e67c6eeacc0 3936566700 C Ii:2:006:3 0:1 3 = 100000
ffff8e67c6eeacc0 3936566817 S Ci:2:006:0 s c0 bc 0800 0016 0002 2 <
ffff8e67c6eeacc0 3936569480 C Ci:2:006:0 0 2 = 0900
ffff8e67c6eeacc0 3936569613 S Ci:2:006:0 s c0 bc 0900 001c 0002 2 <
ffff8e67c6eeacc0 3936572232 C Ci:2:006:0 0 2 = 2e6f
ffff8e67c6eeacc0 3936572366 S Ci:2:006:0 s c0 bc 0800 23be 0002 2 <
ffff8e67c6eeacc0 3936574974 C Ci:2:006:0 0 2 = 0000
ffff8e67c6eeacc0 3936575167 S Co:2:006:0 s 40 bc 0900 0014 0002 2 = d39e
ffff8e67c6eeacc0 3936577761 C Co:2:006:0 0 2 >
ffff8e67c6eeacc0 3936577844 S Ci:2:006:0 s c0 bc 0900 001c 0002 2 <
ffff8e67c6eeacc0 3936580516 C Ci:2:006:0 0 2 = 2e6f
ffff8e67c6eeacc0 3936580650 S Co:2:006:0 s 40 b9 0000 0000 0004 4 = 09016601
ffff8e67c6eeacc0 3936583225 C Co:2:006:0 0 4 >
ffff8e67c6eeacc0 3936583356 S Ii:2:006:3 -115:1 3 <
ffff8e67c6eeacc0 3936584552 C Ii:2:006:3 0:1 3 = 100000
ffff8e67c6eeacc0 3936584686 S Ci:2:006:0 s c0 bc 0800 0016 0002 2 <
ffff8e67c6eeacc0 3936587426 C Ci:2:006:0 0 2 = 0900
ffff8e67c6eeacc0 3936587489 S Ci:2:006:0 s c0 bc 0900 001c 0002 2 <
ffff8e67c6eeacc0 3936590060 C Ci:2:006:0 0 2 = 2e6f
ffff8e67c6eeacc0 3936590171 S Ci:2:006:0 s c0 bc 0800 23be 0004 4 <
ffff8e67c6eeacc0 3936592885 C Ci:2:006:0 0 4 = 000082e0
ffff8e67c6eeacc0 3936593050 S Co:2:006:0 s 40 bc 0800 00c0 0004 4 = 9989ec00
ffff8e67c6eeacc0 3936595558 C Co:2:006:0 0 4 >
ffff8e67c6eeacc0 3936595696 S Co:2:006:0 s 40 b9 0000 0000 0004 4 = 09006603
ffff8e67c6eeacc0 3936598344 C Co:2:006:0 0 4 >
ffff8e67c6eeacc0 3936598470 S Ii:2:006:3 -115:1 3 <
ffff8e67c6eeacc0 3936599655 C Ii:2:006:3 0:1 3 = 100000
ffff8e67c6eeacc0 3936599770 S Ci:2:006:0 s c0 bc 0800 0016 0002 2 <
ffff8e67c6eeacc0 3936602514 C Ci:2:006:0 0 2 = 0900
ffff8e67c6eeacc0 3936602636 S Ci:2:006:0 s c0 bc 0900 001c 0002 2 <
ffff8e67c6eeacc0 3936605232 C Ci:2:006:0 0 2 = 2e6f
ffff8e67c6eeacc0 3936605319 S Ci:2:006:0 s c0 bc 0800 23be 0002 2 <
ffff8e67c6eeacc0 3936607911 C Ci:2:006:0 0 2 = 0000
ffff8e67c6eeacc0 3936608075 S Co:2:006:0 s 40 bc 0900 0014 0002 2 = d39e
ffff8e67c6eeacc0 3936610721 C Co:2:006:0 0 2 >
ffff8e67c6eeacc0 3936610895 S Ci:2:006:0 s c0 bc 0900 001c 0002 2 <
ffff8e67c6eeacc0 3936613511 C Ci:2:006:0 0 2 = 2e6f
ffff8e67c6eeacc0 3936613644 S Co:2:006:0 s 40 b9 0000 0000 0004 4 = 09016601
ffff8e67c6eeacc0 3936616230 C Co:2:006:0 0 4 >
ffff8e67c6eeacc0 3936616366 S Ii:2:006:3 -115:1 3 <
ffff8e67c6eeacc0 3936617563 C Ii:2:006:3 0:1 3 = 100000
ffff8e67c6eeacc0 3936617695 S Ci:2:006:0 s c0 bc 0800 0016 0002 2 <
ffff8e67c6eeacc0 3936620400 C Ci:2:006:0 0 2 = 0900
ffff8e67c6eeacc0 3936620534 S Ci:2:006:0 s c0 bc 0900 001c 0002 2 <
ffff8e67c6eeacc0 3936623103 C Ci:2:006:0 0 2 = 2e6f
ffff8e67c6eeacc0 3936623236 S Ci:2:006:0 s c0 bc 0800 23be 0004 4 <
ffff8e67c6eeacc0 3936625922 C Ci:2:006:0 0 4 = 0000b1e0
ffff8e67c6eeacc0 3936626059 S Co:2:006:0 s 40 bc 0800 00c0 0004 4 = 9989ec00
ffff8e67c6eeacc0 3936628597 C Co:2:006:0 0 4 >
ffff8e67c6eeacc0 3936628735 S Co:2:006:0 s 40 b9 0000 0000 0004 4 = 09006603
ffff8e67c6eeacc0 3936631376 C Co:2:006:0 0 4 >
ffff8e67c6eeacc0 3936631514 S Ii:2:006:3 -115:1 3 <
ffff8e67c6eeacc0 3936632659 C Ii:2:006:3 0:1 3 = 100000
ffff8e67c6eeacc0 3936632801 S Ci:2:006:0 s c0 bc 0800 0016 0002 2 <
ffff8e67c6eeacc0 3936635509 C Ci:2:006:0 0 2 = 0900
ffff8e67c6eeacc0 3936635618 S Ci:2:006:0 s c0 bc 0900 001c 0002 2 <
ffff8e67c6eeacc0 3936638405 C Ci:2:006:0 0 2 = 2e6f
ffff8e67c6eeacc0 3936638538 S Ci:2:006:0 s c0 bc 0800 23be 0002 2 <
ffff8e67c6eeacc0 3936641129 C Ci:2:006:0 0 2 = 0000
ffff8e67c6eeacc0 3936641242 S Co:2:006:0 s 40 bc 0900 0014 0002 2 = d39e
ffff8e67c6eeacc0 3936643842 C Co:2:006:0 0 2 >
ffff8e67c6eeacc0 3936643950 S Ci:2:006:0 s c0 bc 0900 001c 0002 2 <
ffff8e67c6eeacc0 3936646641 C Ci:2:006:0 0 2 = 2e6f
ffff8e67c6eeacc0 3936646770 S Co:2:006:0 s 40 b9 0000 0000 0004 4 = 09016601
ffff8e67c6eeacc0 3936649389 C Co:2:006:0 0 4 >
ffff8e67c6eeacc0 3936649522 S Ii:2:006:3 -115:1 3 <
ffff8e67c6eeacc0 3936650679 C Ii:2:006:3 0:1 3 = 100000
ffff8e67c6eeacc0 3936650814 S Ci:2:006:0 s c0 bc 0800 0016 0002 2 <
ffff8e67c6eeacc0 3936653525 C Ci:2:006:0 0 2 = 0900
ffff8e67c6eeacc0 3936653635 S Ci:2:006:0 s c0 bc 0900 001c 0002 2 <
ffff8e67c6eeacc0 3936656205 C Ci:2:006:0 0 2 = 2e6f
ffff8e67c6eeacc0 3936656309 S Ci:2:006:0 s c0 bc 0800 23be 0004 4 <
ffff8e67c6eeacc0 3936658907 C Ci:2:006:0 0 4 = 000089e0
ffff8e67c6eeacc0 3936659039 S Co:2:006:0 s 40 bc 0800 00c0 0004 4 = 9989ec00
ffff8e67c6eeacc0 3936661715 C Co:2:006:0 0 4 >
ffff8e67c6eeacc0 3936661878 S Co:2:006:0 s 40 b9 0000 0000 0004 4 = 09006603
ffff8e67c6eeacc0 3936664466 C Co:2:006:0 0 4 >
ffff8e67c6eeacc0 3936664571 S Ii:2:006:3 -115:1 3 <
ffff8e67c6eeacc0 3936665839 C Ii:2:006:3 0:1 3 = 100000
ffff8e67c6eeacc0 3936665989 S Ci:2:006:0 s c0 bc 0800 0016 0002 2 <
ffff8e67c6eeacc0 3936668511 C Ci:2:006:0 0 2 = 0900
ffff8e67c6eeacc0 3936668652 S Ci:2:006:0 s c0 bc 0900 001c 0002 2 <
ffff8e67c6eeacc0 3936671261 C Ci:2:006:0 0 2 = 2e6f
ffff8e67c6eeacc0 3936671395 S Ci:2:006:0 s c0 bc 0800 23be 0002 2 <
ffff8e67c6eeacc0 3936673973 C Ci:2:006:0 0 2 = 0000
ffff8e67c6eeacc0 3936674113 S Co:2:006:0 s 40 bc 0900 0014 0002 2 = d39e
ffff8e67c6eeacc0 3936676761 C Co:2:006:0 0 2 >
ffff8e67c6eeacc0 3936676862 S Ci:2:006:0 s c0 bc 0900 001c 0002 2 <
ffff8e67c6eeacc0 3936679513 C Ci:2:006:0 0 2 = 2e6f
ffff8e67c6eeacc0 3936679628 S Co:2:006:0 s 40 b9 0000 0000 0004 4 = 09016601
ffff8e67c6eeacc0 3936682262 C Co:2:006:0 0 4 >
ffff8e67c6eeacc0 3936682434 S Ii:2:006:3 -115:1 3 <
ffff8e67c6eeacc0 3936683555 C Ii:2:006:3 0:1 3 = 100000
ffff8e67c6eeacc0 3936683685 S Ci:2:006:0 s c0 bc 0800 0016 0002 2 <
ffff8e67c6eeacc0 3936686385 C Ci:2:006:0 0 2 = 0900
ffff8e67c6eeacc0 3936686518 S Ci:2:006:0 s c0 bc 0900 001c 0002 2 <
ffff8e67c6eeacc0 3936689136 C Ci:2:006:0 0 2 = 2e6f
ffff8e67c6eeacc0 3936689166 S Ci:2:006:0 s c0 bc 0800 23be 0004 4 <
ffff8e67c6eeacc0 3936691843 C Ci:2:006:0 0 4 = 000083e0
ffff8e67c6eeacc0 3936691979 S Co:2:006:0 s 40 bc 0800 00c0 0004 4 = 9989ec00
ffff8e67c6eeacc0 3936694619 C Co:2:006:0 0 4 >
ffff8e67c6eeacc0 3936694769 S Co:2:006:0 s 40 b9 0000 0000 0004 4 = 09006603
ffff8e67c6eeacc0 3936697418 C Co:2:006:0 0 4 >
ffff8e67c6eeacc0 3936697552 S Ii:2:006:3 -115:1 3 <
ffff8e67c6eeacc0 3936698818 C Ii:2:006:3 0:1 3 = 100000
ffff8e67c6eeacc0 3936698957 S Ci:2:006:0 s c0 bc 0800 0016 0002 2 <
ffff8e67c6eeacc0 3936701562 C Ci:2:006:0 0 2 = 0900
ffff8e67c6eeacc0 3936701706 S Ci:2:006:0 s c0 bc 0900 001c 0002 2 <
ffff8e67c6eeacc0 3936704312 C Ci:2:006:0 0 2 = 2e6f
ffff8e67c6eeacc0 3936704450 S Ci:2:006:0 s c0 bc 0800 23be 0002 2 <
ffff8e67c6eeacc0 3936707034 C Ci:2:006:0 0 2 = 0000
ffff8e67c6eeacc0 3936707167 S Co:2:006:0 s 40 bc 0900 0014 0002 2 = d39e
ffff8e67c6eeacc0 3936709664 C Co:2:006:0 0 2 >
ffff8e67c6eeacc0 3936709809 S Ci:2:006:0 s c0 bc 0900 001c 0002 2 <
ffff8e67c6eeacc0 3936712480 C Ci:2:006:0 0 2 = 2e6f
ffff8e67c6eeacc0 3936712635 S Co:2:006:0 s 40 b9 0000 0000 0004 4 = 09016601
ffff8e67c6eeacc0 3936715151 C Co:2:006:0 0 4 >
ffff8e67c6eeacc0 3936715281 S Ii:2:006:3 -115:1 3 <
ffff8e67c6eeacc0 3936716513 C Ii:2:006:3 0:1 3 = 100000
ffff8e67c6eeacc0 3936716647 S Ci:2:006:0 s c0 bc 0800 0016 0002 2 <
ffff8e67c6eeacc0 3936719335 C Ci:2:006:0 0 2 = 0900
ffff8e67c6eeacc0 3936719471 S Ci:2:006:0 s c0 bc 0900 001c 0002 2 <
ffff8e67c6eeacc0 3936722054 C Ci:2:006:0 0 2 = 2e6f
ffff8e67c6eeacc0 3936722191 S Ci:2:006:0 s c0 bc 0800 23be 0004 4 <
ffff8e67c6eeacc0 3936724638 C Ci:2:006:0 0 4 = 000087e0
ffff8e67c6eeacc0 3936724758 S Co:2:006:0 s 40 bc 0800 00c0 0004 4 = 9989ec00
ffff8e67c6eeacc0 3936727444 C Co:2:006:0 0 4 >
ffff8e67c6eeacc0 3936727577 S Co:2:006:0 s 40 b9 0000 0000 0004 4 = 09006603
ffff8e67c6eeacc0 3936730164 C Co:2:006:0 0 4 >
ffff8e67c6eeacc0 3936730297 S Ii:2:006:3 -115:1 3 <
ffff8e67c6eeacc0 3936731515 C Ii:2:006:3 0:1 3 = 100000
ffff8e67c6eeacc0 3936731641 S Ci:2:006:0 s c0 bc 0800 0016 0002 2 <
ffff8e67c6eeacc0 3936734331 C Ci:2:006:0 0 2 = 0900
ffff8e67c6eeacc0 3936734470 S Ci:2:006:0 s c0 bc 0900 001c 0002 2 <
ffff8e67c6eeacc0 3936737041 C Ci:2:006:0 0 2 = 2e6f
ffff8e67c6eeacc0 3936737176 S Ci:2:006:0 s c0 bc 0800 23be 0002 2 <
ffff8e67c6eeacc0 3936739822 C Ci:2:006:0 0 2 = 0000
ffff8e67c6eeacc0 3936739940 S Co:2:006:0 s 40 bc 0900 0014 0002 2 = d39e
ffff8e67c6eeacc0 3936742439 C Co:2:006:0 0 2 >
ffff8e67c6eeacc0 3936742614 S Ci:2:006:0 s c0 bc 0900 001c 0002 2 <
ffff8e67c6eeacc0 3936745203 C Ci:2:006:0 0 2 = 2e6f
ffff8e67c6eeacc0 3936745346 S Co:2:006:0 s 40 b9 0000 0000 0004 4 = 09016601
ffff8e67c6eeacc0 3936747699 C Co:2:006:0 0 4 >
ffff8e67c6eeacc0 3936747863 S Ii:2:006:3 -115:1 3 <
ffff8e67c6eeacc0 3936749013 C Ii:2:006:3 0:1 3 = 100000
ffff8e67c6eeacc0 3936749148 S Ci:2:006:0 s c0 bc 0800 0016 0002 2 <
ffff8e67c6eeacc0 3936751818 C Ci:2:006:0 0 2 = 0900
ffff8e67c6eeacc0 3936751963 S Ci:2:006:0 s c0 bc 0900 001c 0002 2 <
ffff8e67c6eeacc0 3936754472 C Ci:2:006:0 0 2 = 2e6f
ffff8e67c6eeacc0 3936754569 S Ci:2:006:0 s c0 bc 0800 23be 0004 4 <
ffff8e67c6eeacc0 3936757185 C Ci:2:006:0 0 4 = 0000b5e0
ffff8e67c6eeacc0 3936757324 S Co:2:006:0 s 40 bc 0800 00c0 0002 2 = 1581
ffff8e67c6eeacc0 3936759849 C Co:2:006:0 0 2 >
ffff8e67c6eeacc0 3936759974 S Co:2:006:0 s 40 b9 0000 0000 0004 4 = 09009802
ffff8e67c6eeacc0 3936762580 C Co:2:006:0 0 4 >
ffff8e67c6eeacc0 3936762699 S Ii:2:006:3 -115:1 3 <
ffff8e67c6eeacc0 3936763864 C Ii:2:006:3 0:1 3 = 100000
ffff8e67c6eeacc0 3936763963 S Ci:2:006:0 s c0 bc 0800 0016 0002 2 <
ffff8e67c6eeacc0 3936766765 C Ci:2:006:0 0 2 = 0900
ffff8e67c6eeacc0 3936766888 S Ci:2:006:0 s c0 bc 0900 001c 0002 2 <
ffff8e67c6eeacc0 3936769433 C Ci:2:006:0 0 2 = 2e6f
ffff8e67c6eeacc0 3936769572 S Ci:2:006:0 s c0 bc 0800 23be 0002 2 <
ffff8e67c6eeacc0 3936772211 C Ci:2:006:0 0 2 = 0000
ffff8e67c6eeacc0 3936772314 S Co:2:006:0 s 40 bc 0900 0014 0002 2 = d39e
ffff8e67c6eeacc0 3936774753 C Co:2:006:0 0 2 >
ffff8e67c6eeacc0 3936774860 S Ci:2:006:0 s c0 bc 0900 001c 0002 2 <
ffff8e67c6eeacc0 3936777646 C Ci:2:006:0 0 2 = 2e6f
ffff8e67c4a97840 3936778123 S Co:2:006:0 s 40 bc 0800 00c0 0002 2 = 658a
ffff8e67c4a97840 3936780330 C Co:2:006:0 0 2 >
ffff8e67c4a97840 3936780411 S Co:2:006:0 s 40 b9 0000 0000 0004 4 = 09009802
ffff8e67c4a97840 3936783049 C Co:2:006:0 0 4 >
ffff8e67c4a97840 3936783092 S Ii:2:006:3 -115:1 3 <
ffff8e67c4a97840 3936784380 C Ii:2:006:3 0:1 3 = 100000
ffff8e67c4a97840 3936784421 S Ci:2:006:0 s c0 bc 0800 0016 0002 2 <
ffff8e67c4a97840 3936787114 C Ci:2:006:0 0 2 = 0900
ffff8e67c4a97840 3936787160 S Ci:2:006:0 s c0 bc 0900 001c 0002 2 <
ffff8e67c4a97840 3936789822 C Ci:2:006:0 0 2 = 2e6f
ffff8e67c4a97840 3936789856 S Ci:2:006:0 s c0 bc 0800 23be 0002 2 <
ffff8e67c4a97840 3936792596 C Ci:2:006:0 0 2 = 0000
ffff8e67c4a97840 3936792641 S Co:2:006:0 s 40 bc 0900 0014 0002 2 = d39e
ffff8e67c4a97840 3936795332 C Co:2:006:0 0 2 >
ffff8e67c4a97840 3936795376 S Ci:2:006:0 s c0 bc 0900 001c 0002 2 <
ffff8e67c4a97840 3936798094 C Ci:2:006:0 0 2 = 2e6f
ffff8e67c4a97840 3936798130 S Co:2:006:0 s 40 bc 0800 00c0 0002 2 = 1089
ffff8e67c4a97840 3936800834 C Co:2:006:0 0 2 >
ffff8e67c4a97840 3936800877 S Co:2:006:0 s 40 b9 0000 0000 0004 4 = 09009802
ffff8e67c4a97840 3936803612 C Co:2:006:0 0 4 >
ffff8e67c4a97840 3936803654 S Ii:2:006:3 -115:1 3 <
ffff8e67c4a97840 3936804953 C Ii:2:006:3 0:1 3 = 100000
ffff8e67c4a97840 3936804994 S Ci:2:006:0 s c0 bc 0800 0016 0002 2 <
ffff8e67c4a97840 3936807738 C Ci:2:006:0 0 2 = 0900
ffff8e67c4a97840 3936807781 S Ci:2:006:0 s c0 bc 0900 001c 0002 2 <
ffff8e67c4a97840 3936810499 C Ci:2:006:0 0 2 = 2e6f
ffff8e67c4a97840 3936810535 S Ci:2:006:0 s c0 bc 0800 23be 0002 2 <
ffff8e67c4a97840 3936813218 C Ci:2:006:0 0 2 = 0000
ffff8e67c4a97840 3936813311 S Co:2:006:0 s 40 bc 0900 0014 0002 2 = d39e
ffff8e67c4a97840 3936815880 C Co:2:006:0 0 2 >
ffff8e67c4a97840 3936815919 S Ci:2:006:0 s c0 bc 0900 001c 0002 2 <
ffff8e67c4a97840 3936818626 C Ci:2:006:0 0 2 = 2e6f
ffff8e67c4a97840 3936818668 S Co:2:006:0 s 40 bc 0800 00c0 0002 2 = 1128
ffff8e67c4a97840 3936821369 C Co:2:006:0 0 2 >
ffff8e67c4a97840 3936821411 S Co:2:006:0 s 40 b9 0000 0000 0004 4 = 09009802
ffff8e67c4a97840 3936824079 C Co:2:006:0 0 4 >
ffff8e67c4a97840 3936824121 S Ii:2:006:3 -115:1 3 <
ffff8e67c4a97840 3936825413 C Ii:2:006:3 0:1 3 = 100000
ffff8e67c4a97840 3936825455 S Ci:2:006:0 s c0 bc 0800 0016 0002 2 <
ffff8e67c4a97840 3936828218 C Ci:2:006:0 0 2 = 0900
ffff8e67c4a97840 3936828288 S Ci:2:006:0 s c0 bc 0900 001c 0002 2 <
ffff8e67c4a97840 3936830899 C Ci:2:006:0 0 2 = 2e6f
ffff8e67c4a97840 3936830941 S Ci:2:006:0 s c0 bc 0800 23be 0002 2 <
ffff8e67c4a97840 3936833519 C Ci:2:006:0 0 2 = 0000
ffff8e67c4a97840 3936833561 S Co:2:006:0 s 40 bc 0900 0014 0002 2 = d39e
ffff8e67c4a97840 3936836198 C Co:2:006:0 0 2 >
ffff8e67c4a97840 3936836240 S Ci:2:006:0 s c0 bc 0900 001c 0002 2 <
ffff8e67c4a97840 3936838877 C Ci:2:006:0 0 2 = 2e6f
ffff8e67c4a97840 3936838938 S Co:2:006:0 s 40 bc 0800 00c0 0002 2 = 1248
ffff8e67c4a97840 3936841533 C Co:2:006:0 0 2 >
ffff8e67c4a97840 3936841567 S Co:2:006:0 s 40 b9 0000 0000 0004 4 = 09009802
ffff8e67c4a97840 3936844167 C Co:2:006:0 0 4 >
ffff8e67c4a97840 3936844210 S Ii:2:006:3 -115:1 3 <
ffff8e67c4a97840 3936845469 C Ii:2:006:3 0:1 3 = 100000
ffff8e67c4a97840 3936845509 S Ci:2:006:0 s c0 bc 0800 0016 0002 2 <
ffff8e67c4a97840 3936848174 C Ci:2:006:0 0 2 = 0900
ffff8e67c4a97840 3936848208 S Ci:2:006:0 s c0 bc 0900 001c 0002 2 <
ffff8e67c4a97840 3936850808 C Ci:2:006:0 0 2 = 2e6f
ffff8e67c4a97840 3936850852 S Ci:2:006:0 s c0 bc 0800 23be 0002 2 <
ffff8e67c4a97840 3936853530 C Ci:2:006:0 0 2 = 0000
ffff8e67c4a97840 3936853574 S Co:2:006:0 s 40 bc 0900 0014 0002 2 = d39e
ffff8e67c4a97840 3936856211 C Co:2:006:0 0 2 >
ffff8e67c4a97840 3936856255 S Ci:2:006:0 s c0 bc 0900 001c 0002 2 <
ffff8e67c4a97840 3936858941 C Ci:2:006:0 0 2 = 2e6f
ffff8e67c4a97840 3936858985 S Co:2:006:0 s 40 bc 0800 00c0 0002 2 = 13a8
ffff8e67c4a97840 3936861587 C Co:2:006:0 0 2 >
ffff8e67c4a97840 3936861629 S Co:2:006:0 s 40 b9 0000 0000 0004 4 = 09009802
ffff8e67c4a97840 3936864354 C Co:2:006:0 0 4 >
ffff8e67c4a97840 3936864396 S Ii:2:006:3 -115:1 3 <
ffff8e67c4a97840 3936865634 C Ii:2:006:3 0:1 3 = 100000
ffff8e67c4a97840 3936865672 S Ci:2:006:0 s c0 bc 0800 0016 0002 2 <
ffff8e67c4a97840 3936868497 C Ci:2:006:0 0 2 = 0900
ffff8e67c4a97840 3936868542 S Ci:2:006:0 s c0 bc 0900 001c 0002 2 <
ffff8e67c4a97840 3936871263 C Ci:2:006:0 0 2 = 2e6f
ffff8e67c4a97840 3936871300 S Ci:2:006:0 s c0 bc 0800 23be 0002 2 <
ffff8e67c4a97840 3936873894 C Ci:2:006:0 0 2 = 0000
ffff8e67c4a97840 3936873980 S Co:2:006:0 s 40 bc 0900 0014 0002 2 = d39e
ffff8e67c4a97840 3936876713 C Co:2:006:0 0 2 >
ffff8e67c4a97840 3936876769 S Ci:2:006:0 s c0 bc 0900 001c 0002 2 <
ffff8e67c4a97840 3936879496 C Ci:2:006:0 0 2 = 2e6f
ffff8e67c4a97840 3936879538 S Co:2:006:0 s 40 bc 0800 00c0 0002 2 = 1488
ffff8e67c4a97840 3936882206 C Co:2:006:0 0 2 >
ffff8e67c4a97840 3936882248 S Co:2:006:0 s 40 b9 0000 0000 0004 4 = 09009802
ffff8e67c4a97840 3936884952 C Co:2:006:0 0 4 >
ffff8e67c4a97840 3936884994 S Ii:2:006:3 -115:1 3 <
ffff8e67c4a97840 3936886352 C Ii:2:006:3 0:1 3 = 100000
ffff8e67c4a97840 3936886393 S Ci:2:006:0 s c0 bc 0800 0016 0002 2 <
ffff8e67c4a97840 3936889221 C Ci:2:006:0 0 2 = 0900
ffff8e67c4a97840 3936889266 S Ci:2:006:0 s c0 bc 0900 001c 0002 2 <
ffff8e67c4a97840 3936891934 C Ci:2:006:0 0 2 = 2e6f
ffff8e67c4a97840 3936891967 S Ci:2:006:0 s c0 bc 0800 23be 0002 2 <
ffff8e67c4a97840 3936894743 C Ci:2:006:0 0 2 = 0000
ffff8e67c4a97840 3936894787 S Co:2:006:0 s 40 bc 0900 0014 0002 2 = d39e
ffff8e67c4a97840 3936897445 C Co:2:006:0 0 2 >
ffff8e67c4a97840 3936897487 S Ci:2:006:0 s c0 bc 0900 001c 0002 2 <
ffff8e67c4a97840 3936900179 C Ci:2:006:0 0 2 = 2e6f
ffff8e67c4a97840 3936900222 S Co:2:006:0 s 40 bc 0800 00c0 0002 2 = 158b
ffff8e67c4a97840 3936902821 C Co:2:006:0 0 2 >
ffff8e67c4a97840 3936902865 S Co:2:006:0 s 40 b9 0000 0000 0004 4 = 09009802
ffff8e67c4a97840 3936905614 C Co:2:006:0 0 4 >
ffff8e67c4a97840 3936905656 S Ii:2:006:3 -115:1 3 <
ffff8e67c4a97840 3936906870 C Ii:2:006:3 0:1 3 = 100000
ffff8e67c4a97840 3936906908 S Ci:2:006:0 s c0 bc 0800 0016 0002 2 <
ffff8e67c4a97840 3936909692 C Ci:2:006:0 0 2 = 0900
ffff8e67c4a97840 3936909746 S Ci:2:006:0 s c0 bc 0900 001c 0002 2 <
ffff8e67c4a97840 3936912484 C Ci:2:006:0 0 2 = 2e6f
ffff8e67c4a97840 3936912544 S Ci:2:006:0 s c0 bc 0800 23be 0002 2 <
ffff8e67c4a97840 3936915083 C Ci:2:006:0 0 2 = 0000
ffff8e67c4a97840 3936915120 S Co:2:006:0 s 40 bc 0900 0014 0002 2 = d39e
ffff8e67c4a97840 3936917830 C Co:2:006:0 0 2 >
ffff8e67c4a97840 3936917876 S Ci:2:006:0 s c0 bc 0900 001c 0002 2 <
ffff8e67c4a97840 3936920503 C Ci:2:006:0 0 2 = 2e6f
ffff8e67c4a97840 3936920556 S Co:2:006:0 s 40 bc 0800 00c0 0004 4 = 9989ed00
ffff8e67c4a97840 3936923211 C Co:2:006:0 0 4 >
ffff8e67c4a97840 3936923253 S Co:2:006:0 s 40 b9 0000 0000 0004 4 = 09006603
ffff8e67c4a97840 3936925946 C Co:2:006:0 0 4 >
ffff8e67c4a97840 3936925988 S Ii:2:006:3 -115:1 3 <
ffff8e67c4a97840 3936927270 C Ii:2:006:3 0:1 3 = 100000
ffff8e67c4a97840 3936927310 S Ci:2:006:0 s c0 bc 0800 0016 0002 2 <
ffff8e67c4a97840 3936930090 C Ci:2:006:0 0 2 = 0900
ffff8e67c4a97840 3936930134 S Ci:2:006:0 s c0 bc 0900 001c 0002 2 <
ffff8e67c4a97840 3936932782 C Ci:2:006:0 0 2 = 2e6f
ffff8e67c4a97840 3936932823 S Ci:2:006:0 s c0 bc 0800 23be 0002 2 <
ffff8e67c4a97840 3936935591 C Ci:2:006:0 0 2 = 0000
ffff8e67c4a97840 3936935634 S Co:2:006:0 s 40 bc 0900 0014 0002 2 = d39e
ffff8e67c4a97840 3936938351 C Co:2:006:0 0 2 >
ffff8e67c4a97840 3936938395 S Ci:2:006:0 s c0 bc 0900 001c 0002 2 <
ffff8e67c4a97840 3936941096 C Ci:2:006:0 0 2 = 2e6f
ffff8e67c4a97840 3936941133 S Co:2:006:0 s 40 b9 0000 0000 0004 4 = 09016601
ffff8e67c4a97840 3936943789 C Co:2:006:0 0 4 >
ffff8e67c4a97840 3936943830 S Ii:2:006:3 -115:1 3 <
ffff8e67c4a97840 3936945090 C Ii:2:006:3 0:1 3 = 100000
ffff8e67c4a97840 3936945130 S Ci:2:006:0 s c0 bc 0800 0016 0002 2 <
ffff8e67c4a97840 3936947776 C Ci:2:006:0 0 2 = 0900
ffff8e67c4a97840 3936947817 S Ci:2:006:0 s c0 bc 0900 001c 0002 2 <
ffff8e67c4a97840 3936950384 C Ci:2:006:0 0 2 = 2e6f
ffff8e67c4a97840 3936950427 S Ci:2:006:0 s c0 bc 0800 23be 0004 4 <
ffff8e67c4a97840 3936953219 C Ci:2:006:0 0 4 = 00007ce0
ffff8e67c4a97840 3936953270 S Co:2:006:0 s 40 bc 0800 00c0 0004 4 = 9989ec00
ffff8e67c4a97840 3936955945 C Co:2:006:0 0 4 >
ffff8e67c4a97840 3936955989 S Co:2:006:0 s 40 b9 0000 0000 0004 4 = 09006603
ffff8e67c4a97840 3936958663 C Co:2:006:0 0 4 >
ffff8e67c4a97840 3936958701 S Ii:2:006:3 -115:1 3 <
ffff8e67c4a97840 3936960000 C Ii:2:006:3 0:1 3 = 100000
ffff8e67c4a97840 3936960040 S Ci:2:006:0 s c0 bc 0800 0016 0002 2 <
ffff8e67c4a97840 3936962831 C Ci:2:006:0 0 2 = 0900
ffff8e67c4a97840 3936962874 S Ci:2:006:0 s c0 bc 0900 001c 0002 2 <
ffff8e67c4a97840 3936965593 C Ci:2:006:0 0 2 = 2e6f
ffff8e67c4a97840 3936965628 S Ci:2:006:0 s c0 bc 0800 23be 0002 2 <
ffff8e67c4a97840 3936968371 C Ci:2:006:0 0 2 = 0000
ffff8e67c4a97840 3936968411 S Co:2:006:0 s 40 bc 0900 0014 0002 2 = d39e
ffff8e67c4a97840 3936971068 C Co:2:006:0 0 2 >
ffff8e67c4a97840 3936971111 S Ci:2:006:0 s c0 bc 0900 001c 0002 2 <
ffff8e67c4a97840 3936973804 C Ci:2:006:0 0 2 = 2e6f
ffff8e67c4a97840 3936973845 S Co:2:006:0 s 40 b9 0000 0000 0004 4 = 09016601
ffff8e67c4a97840 3936976397 C Co:2:006:0 0 4 >
ffff8e67c4a97840 3936976437 S Ii:2:006:3 -115:1 3 <
ffff8e67c4a97840 3936977662 C Ii:2:006:3 0:1 3 = 100000
ffff8e67c4a97840 3936977703 S Ci:2:006:0 s c0 bc 0800 0016 0002 2 <
ffff8e67c4a97840 3936980522 C Ci:2:006:0 0 2 = 0900
ffff8e67c4a97840 3936980562 S Ci:2:006:0 s c0 bc 0900 001c 0002 2 <
ffff8e67c4a97840 3936983201 C Ci:2:006:0 0 2 = 2e6f
ffff8e67c4a97840 3936983237 S Ci:2:006:0 s c0 bc 0800 23be 0004 4 <
ffff8e67c4a97840 3936985911 C Ci:2:006:0 0 4 = 0000a2e0
ffff8e67c4a97840 3936986004 S Co:2:006:0 s 40 bc 0800 00c0 0004 4 = 9989ec00
ffff8e67c4a97840 3936988700 C Co:2:006:0 0 4 >
ffff8e67c4a97840 3936988756 S Co:2:006:0 s 40 b9 0000 0000 0004 4 = 09006603
ffff8e67c4a97840 3936991470 C Co:2:006:0 0 4 >
ffff8e67c4a97840 3936991512 S Ii:2:006:3 -115:1 3 <
ffff8e67c4a97840 3936992782 C Ii:2:006:3 0:1 3 = 100000
ffff8e67c4a97840 3936992814 S Ci:2:006:0 s c0 bc 0800 0016 0002 2 <
ffff8e67c4a97840 3936995583 C Ci:2:006:0 0 2 = 0900
ffff8e67c4a97840 3936995626 S Ci:2:006:0 s c0 bc 0900 001c 0002 2 <
ffff8e67c4a97840 3936998358 C Ci:2:006:0 0 2 = 2e6f
ffff8e67c4a97840 3936998394 S Ci:2:006:0 s c0 bc 0800 23be 0002 2 <
ffff8e67c4a97840 3937001092 C Ci:2:006:0 0 2 = 0000
ffff8e67c4a97840 3937001131 S Co:2:006:0 s 40 bc 0900 0014 0002 2 = d39e
ffff8e67c4a97840 3937003851 C Co:2:006:0 0 2 >
ffff8e67c4a97840 3937003905 S Ci:2:006:0 s c0 bc 0900 001c 0002 2 <
ffff8e67c4a97840 3937006583 C Ci:2:006:0 0 2 = 2e6f
ffff8e67c4a97840 3937006624 S Co:2:006:0 s 40 b9 0000 0000 0004 4 = 09016601
ffff8e67c4a97840 3937009356 C Co:2:006:0 0 4 >
ffff8e67c4a97840 3937009396 S Ii:2:006:3 -115:1 3 <
ffff8e67c4a97840 3937010664 C Ii:2:006:3 0:1 3 = 100000
ffff8e67c4a97840 3937010718 S Ci:2:006:0 s c0 bc 0800 0016 0002 2 <
ffff8e67c4a97840 3937013496 C Ci:2:006:0 0 2 = 0900
ffff8e67c4a97840 3937013540 S Ci:2:006:0 s c0 bc 0900 001c 0002 2 <
ffff8e67c4a97840 3937016236 C Ci:2:006:0 0 2 = 2e6f
ffff8e67c4a97840 3937016272 S Ci:2:006:0 s c0 bc 0800 23be 0004 4 <
ffff8e67c4a97840 3937018988 C Ci:2:006:0 0 4 = 00002ce0
ffff8e67c4a97840 3937019033 S Co:2:006:0 s 40 bc 0800 00c0 0004 4 = 9989ec00
ffff8e67c4a97840 3937021683 C Co:2:006:0 0 4 >
ffff8e67c4a97840 3937021740 S Co:2:006:0 s 40 b9 0000 0000 0004 4 = 09006603
ffff8e67c4a97840 3937024476 C Co:2:006:0 0 4 >
ffff8e67c4a97840 3937024518 S Ii:2:006:3 -115:1 3 <
ffff8e67c4a97840 3937025807 C Ii:2:006:3 0:1 3 = 100000
ffff8e67c4a97840 3937025848 S Ci:2:006:0 s c0 bc 0800 0016 0002 2 <
ffff8e67c4a97840 3937028580 C Ci:2:006:0 0 2 = 0900
ffff8e67c4a97840 3937028623 S Ci:2:006:0 s c0 bc 0900 001c 0002 2 <
ffff8e67c4a97840 3937031362 C Ci:2:006:0 0 2 = 2e6f
ffff8e67c4a97840 3937031398 S Ci:2:006:0 s c0 bc 0800 23be 0002 2 <
ffff8e67c4a97840 3937034052 C Ci:2:006:0 0 2 = 0000
ffff8e67c4a97840 3937034140 S Co:2:006:0 s 40 bc 0900 0014 0002 2 = d39e
ffff8e67c4a97840 3937036811 C Co:2:006:0 0 2 >
ffff8e67c4a97840 3937036855 S Ci:2:006:0 s c0 bc 0900 001c 0002 2 <
ffff8e67c4a97840 3937039465 C Ci:2:006:0 0 2 = 2e6f
ffff8e67c4a97840 3937039507 S Co:2:006:0 s 40 b9 0000 0000 0004 4 = 09016601
ffff8e67c4a97840 3937042155 C Co:2:006:0 0 4 >
ffff8e67c4a97840 3937042186 S Ii:2:006:3 -115:1 3 <
ffff8e67c4a97840 3937043544 C Ii:2:006:3 0:1 3 = 100000
ffff8e67c4a97840 3937043586 S Ci:2:006:0 s c0 bc 0800 0016 0002 2 <
ffff8e67c4a97840 3937046358 C Ci:2:006:0 0 2 = 0900
ffff8e67c4a97840 3937046401 S Ci:2:006:0 s c0 bc 0900 001c 0002 2 <
ffff8e67c4a97840 3937049106 C Ci:2:006:0 0 2 = 2e6f
ffff8e67c4a97840 3937049182 S Ci:2:006:0 s c0 bc 0800 23be 0004 4 <
ffff8e67c4a97840 3937051857 C Ci:2:006:0 0 4 = 000059e0
ffff8e67c4a97840 3937051903 S Co:2:006:0 s 40 bc 0800 00c0 0004 4 = 9989ec00
ffff8e67c4a97840 3937054584 C Co:2:006:0 0 4 >
ffff8e67c4a97840 3937054627 S Co:2:006:0 s 40 b9 0000 0000 0004 4 = 09006603
ffff8e67c4a97840 3937057353 C Co:2:006:0 0 4 >
ffff8e67c4a97840 3937057393 S Ii:2:006:3 -115:1 3 <
ffff8e67c4a97840 3937058661 C Ii:2:006:3 0:1 3 = 100000
ffff8e67c4a97840 3937058716 S Ci:2:006:0 s c0 bc 0800 0016 0002 2 <
ffff8e67c4a97840 3937061484 C Ci:2:006:0 0 2 = 0900
ffff8e67c4a97840 3937061527 S Ci:2:006:0 s c0 bc 0900 001c 0002 2 <
ffff8e67c4a97840 3937064208 C Ci:2:006:0 0 2 = 2e6f
ffff8e67c4a97840 3937064244 S Ci:2:006:0 s c0 bc 0800 23be 0002 2 <
ffff8e67c4a97840 3937066908 C Ci:2:006:0 0 2 = 0000
ffff8e67c4a97840 3937066942 S Co:2:006:0 s 40 bc 0900 0014 0002 2 = d39e
ffff8e67c4a97840 3937069686 C Co:2:006:0 0 2 >
ffff8e67c4a97840 3937069743 S Ci:2:006:0 s c0 bc 0900 001c 0002 2 <
ffff8e67c4a97840 3937072488 C Ci:2:006:0 0 2 = 2e6f
ffff8e67c4a97840 3937072531 S Co:2:006:0 s 40 b9 0000 0000 0004 4 = 09016601
ffff8e67c4a97840 3937075195 C Co:2:006:0 0 4 >
ffff8e67c4a97840 3937075235 S Ii:2:006:3 -115:1 3 <
ffff8e67c4a97840 3937076510 C Ii:2:006:3 0:1 3 = 100000
ffff8e67c4a97840 3937076549 S Ci:2:006:0 s c0 bc 0800 0016 0002 2 <
ffff8e67c4a97840 3937079333 C Ci:2:006:0 0 2 = 0900
ffff8e67c4a97840 3937079393 S Ci:2:006:0 s c0 bc 0900 001c 0002 2 <
ffff8e67c4a97840 3937082153 C Ci:2:006:0 0 2 = 2e6f
ffff8e67c4a97840 3937082185 S Ci:2:006:0 s c0 bc 0800 23be 0004 4 <
ffff8e67c4a97840 3937084822 C Ci:2:006:0 0 4 = 0000dee0
ffff8e67c4a97840 3937084866 S Co:2:006:0 s 40 bc 0800 00c0 0004 4 = 9989ec00
ffff8e67c4a97840 3937087597 C Co:2:006:0 0 4 >
ffff8e67c4a97840 3937087672 S Co:2:006:0 s 40 b9 0000 0000 0004 4 = 09006603
ffff8e67c4a97840 3937090306 C Co:2:006:0 0 4 >
ffff8e67c4a97840 3937090346 S Ii:2:006:3 -115:1 3 <
ffff8e67c4a97840 3937091573 C Ii:2:006:3 0:1 3 = 100000
ffff8e67c4a97840 3937091625 S Ci:2:006:0 s c0 bc 0800 0016 0002 2 <
ffff8e67c4a97840 3937094274 C Ci:2:006:0 0 2 = 0900
ffff8e67c4a97840 3937094317 S Ci:2:006:0 s c0 bc 0900 001c 0002 2 <
ffff8e67c4a97840 3937097019 C Ci:2:006:0 0 2 = 2e6f
ffff8e67c4a97840 3937097053 S Ci:2:006:0 s c0 bc 0800 23be 0002 2 <
ffff8e67c4a97840 3937099768 C Ci:2:006:0 0 2 = 0000
ffff8e67c4a97840 3937099801 S Co:2:006:0 s 40 bc 0900 0014 0002 2 = d39e
ffff8e67c4a97840 3937102466 C Co:2:006:0 0 2 >
ffff8e67c4a97840 3937102515 S Ci:2:006:0 s c0 bc 0900 001c 0002 2 <
ffff8e67c4a97840 3937105218 C Ci:2:006:0 0 2 = 2e6f
ffff8e67c4a97840 3937105275 S Co:2:006:0 s 40 b9 0000 0000 0004 4 = 09016601
ffff8e67c4a97840 3937107885 C Co:2:006:0 0 4 >
ffff8e67c4a97840 3937107923 S Ii:2:006:3 -115:1 3 <
ffff8e67c4a97840 3937109288 C Ii:2:006:3 0:1 3 = 100000
ffff8e67c4a97840 3937109330 S Ci:2:006:0 s c0 bc 0800 0016 0002 2 <
ffff8e67c4a97840 3937112072 C Ci:2:006:0 0 2 = 0900
ffff8e67c4a97840 3937112116 S Ci:2:006:0 s c0 bc 0900 001c 0002 2 <
ffff8e67c4a97840 3937114764 C Ci:2:006:0 0 2 = 2e6f
ffff8e67c4a97840 3937114804 S Ci:2:006:0 s c0 bc 0800 23be 0004 4 <
ffff8e67c4a97840 3937117439 C Ci:2:006:0 0 4 = 00002de0
ffff8e67c4a97840 3937117474 S Co:2:006:0 s 40 bc 0800 00c0 0004 4 = 9989ec00
ffff8e67c4a97840 3937120125 C Co:2:006:0 0 4 >
ffff8e67c4a97840 3937120168 S Co:2:006:0 s 40 b9 0000 0000 0004 4 = 09006603
ffff8e67c4a97840 3937122810 C Co:2:006:0 0 4 >
ffff8e67c4a97840 3937122851 S Ii:2:006:3 -115:1 3 <
ffff8e67c4a97840 3937124088 C Ii:2:006:3 0:1 3 = 100000
ffff8e67c4a97840 3937124127 S Ci:2:006:0 s c0 bc 0800 0016 0002 2 <
ffff8e67c4a97840 3937126951 C Ci:2:006:0 0 2 = 0900
ffff8e67c4a97840 3937126995 S Ci:2:006:0 s c0 bc 0900 001c 0002 2 <
ffff8e67c4a97840 3937129648 C Ci:2:006:0 0 2 = 2e6f
ffff8e67c4a97840 3937129690 S Ci:2:006:0 s c0 bc 0800 23be 0002 2 <
ffff8e67c4a97840 3937132482 C Ci:2:006:0 0 2 = 0000
ffff8e67c4a97840 3937132524 S Co:2:006:0 s 40 bc 0900 0014 0002 2 = d39e
ffff8e67c4a97840 3937135113 C Co:2:006:0 0 2 >
ffff8e67c4a97840 3937135154 S Ci:2:006:0 s c0 bc 0900 001c 0002 2 <
ffff8e67c4a97840 3937137841 C Ci:2:006:0 0 2 = 2e6f
ffff8e67c4a97840 3937137885 S Co:2:006:0 s 40 b9 0000 0000 0004 4 = 09016601
ffff8e67c4a97840 3937140633 C Co:2:006:0 0 4 >
ffff8e67c4a97840 3937140682 S Ii:2:006:3 -115:1 3 <
ffff8e67c4a97840 3937141963 C Ii:2:006:3 0:1 3 = 100000
ffff8e67c4a97840 3937142003 S Ci:2:006:0 s c0 bc 0800 0016 0002 2 <
ffff8e67c4a97840 3937144796 C Ci:2:006:0 0 2 = 0900
ffff8e67c4a97840 3937144840 S Ci:2:006:0 s c0 bc 0900 001c 0002 2 <
ffff8e67c4a97840 3937147453 C Ci:2:006:0 0 2 = 2e6f
ffff8e67c4a97840 3937147489 S Ci:2:006:0 s c0 bc 0800 23be 0004 4 <
ffff8e67c4a97840 3937150174 C Ci:2:006:0 0 4 = 0000bde0
ffff8e67c4a97840 3937150205 S Co:2:006:0 s 40 bc 0800 00c0 0004 4 = 9989ec00
ffff8e67c4a97840 3937152908 C Co:2:006:0 0 4 >
ffff8e67c4a97840 3937152953 S Co:2:006:0 s 40 b9 0000 0000 0004 4 = 09006603
ffff8e67c4a97840 3937155607 C Co:2:006:0 0 4 >
ffff8e67c4a97840 3937155648 S Ii:2:006:3 -115:1 3 <
ffff8e67c4a97840 3937156858 C Ii:2:006:3 0:1 3 = 100000
ffff8e67c4a97840 3937156890 S Ci:2:006:0 s c0 bc 0800 0016 0002 2 <
ffff8e67c4a97840 3937159552 C Ci:2:006:0 0 2 = 0900
ffff8e67c4a97840 3937159593 S Ci:2:006:0 s c0 bc 0900 001c 0002 2 <
ffff8e67c4a97840 3937162287 C Ci:2:006:0 0 2 = 2e6f
ffff8e67c4a97840 3937162320 S Ci:2:006:0 s c0 bc 0800 23be 0002 2 <
ffff8e67c4a97840 3937165046 C Ci:2:006:0 0 2 = 0000
ffff8e67c4a97840 3937165080 S Co:2:006:0 s 40 bc 0900 0014 0002 2 = d39e
ffff8e67c4a97840 3937167781 C Co:2:006:0 0 2 >
ffff8e67c4a97840 3937167824 S Ci:2:006:0 s c0 bc 0900 001c 0002 2 <
ffff8e67c4a97840 3937170598 C Ci:2:006:0 0 2 = 2e6f
ffff8e67c4a97840 3937170643 S Co:2:006:0 s 40 b9 0000 0000 0004 4 = 09016601
ffff8e67c4a97840 3937173346 C Co:2:006:0 0 4 >
ffff8e67c4a97840 3937173386 S Ii:2:006:3 -115:1 3 <
ffff8e67c4a97840 3937174595 C Ii:2:006:3 0:1 3 = 100000
ffff8e67c4a97840 3937174634 S Ci:2:006:0 s c0 bc 0800 0016 0002 2 <
ffff8e67c4a97840 3937177474 C Ci:2:006:0 0 2 = 0900
ffff8e67c4a97840 3937177517 S Ci:2:006:0 s c0 bc 0900 001c 0002 2 <
ffff8e67c4a97840 3937180137 C Ci:2:006:0 0 2 = 2e6f
ffff8e67c4a97840 3937180170 S Ci:2:006:0 s c0 bc 0800 23be 0004 4 <
ffff8e67c4a97840 3937182910 C Ci:2:006:0 0 4 = 000099e0
ffff8e67c4a97840 3937182946 S Co:2:006:0 s 40 bc 0800 00c0 0004 4 = 9989ec00
ffff8e67c4a97840 3937185564 C Co:2:006:0 0 4 >
ffff8e67c4a97840 3937185608 S Co:2:006:0 s 40 b9 0000 0000 0004 4 = 09006603
ffff8e67c4a97840 3937188334 C Co:2:006:0 0 4 >
ffff8e67c4a97840 3937188375 S Ii:2:006:3 -115:1 3 <
ffff8e67c4a97840 3937189641 C Ii:2:006:3 0:1 3 = 100000
ffff8e67c4a97840 3937189684 S Ci:2:006:0 s c0 bc 0800 0016 0002 2 <
ffff8e67c4a97840 3937192395 C Ci:2:006:0 0 2 = 0900
ffff8e67c4a97840 3937192438 S Ci:2:006:0 s c0 bc 0900 001c 0002 2 <
ffff8e67c4a97840 3937195133 C Ci:2:006:0 0 2 = 2e6f
ffff8e67c4a97840 3937195169 S Ci:2:006:0 s c0 bc 0800 23be 0002 2 <
ffff8e67c4a97840 3937197876 C Ci:2:006:0 0 2 = 0000
ffff8e67c4a97840 3937197909 S Co:2:006:0 s 40 bc 0900 0014 0002 2 = d39e
ffff8e67c4a97840 3937200498 C Co:2:006:0 0 2 >
ffff8e67c4a97840 3937200539 S Ci:2:006:0 s c0 bc 0900 001c 0002 2 <
ffff8e67c4a97840 3937203197 C Ci:2:006:0 0 2 = 2e6f
ffff8e67c4a97840 3937203241 S Co:2:006:0 s 40 b9 0000 0000 0004 4 = 09016601
ffff8e67c4a97840 3937205930 C Co:2:006:0 0 4 >
ffff8e67c4a97840 3937205970 S Ii:2:006:3 -115:1 3 <
ffff8e67c4a97840 3937207290 C Ii:2:006:3 0:1 3 = 100000
ffff8e67c4a97840 3937207328 S Ci:2:006:0 s c0 bc 0800 0016 0002 2 <
ffff8e67c4a97840 3937210071 C Ci:2:006:0 0 2 = 0900
ffff8e67c4a97840 3937210114 S Ci:2:006:0 s c0 bc 0900 001c 0002 2 <
ffff8e67c4a97840 3937212765 C Ci:2:006:0 0 2 = 2e6f
ffff8e67c4a97840 3937212806 S Ci:2:006:0 s c0 bc 0800 23be 0004 4 <
ffff8e67c4a97840 3937215390 C Ci:2:006:0 0 4 = 0000c3e0
ffff8e67c4a97840 3937215429 S Co:2:006:0 s 40 bc 0800 00c0 0004 4 = 9989ec00
ffff8e67c4a97840 3937218114 C Co:2:006:0 0 4 >
ffff8e67c4a97840 3937218148 S Co:2:006:0 s 40 b9 0000 0000 0004 4 = 09006603
ffff8e67c4a97840 3937220802 C Co:2:006:0 0 4 >
ffff8e67c4a97840 3937220845 S Ii:2:006:3 -115:1 3 <
ffff8e67c4a97840 3937222111 C Ii:2:006:3 0:1 3 = 100000
ffff8e67c4a97840 3937222150 S Ci:2:006:0 s c0 bc 0800 0016 0002 2 <
ffff8e67c4a97840 3937224940 C Ci:2:006:0 0 2 = 0900
ffff8e67c4a97840 3937224984 S Ci:2:006:0 s c0 bc 0900 001c 0002 2 <
ffff8e67c4a97840 3937227638 C Ci:2:006:0 0 2 = 2e6f
ffff8e67c4a97840 3937227679 S Ci:2:006:0 s c0 bc 0800 23be 0002 2 <
ffff8e67c4a97840 3937230373 C Ci:2:006:0 0 2 = 0000
ffff8e67c4a97840 3937230414 S Co:2:006:0 s 40 bc 0900 0014 0002 2 = d39e
ffff8e67c4a97840 3937233206 C Co:2:006:0 0 2 >
ffff8e67c4a97840 3937233250 S Ci:2:006:0 s c0 bc 0900 001c 0002 2 <
ffff8e67c4a97840 3937235937 C Ci:2:006:0 0 2 = 2e6f
ffff8e67c4a97840 3937235982 S Co:2:006:0 s 40 b9 0000 0000 0004 4 = 09016601
ffff8e67c4a97840 3937238655 C Co:2:006:0 0 4 >
ffff8e67c4a97840 3937238713 S Ii:2:006:3 -115:1 3 <
ffff8e67c4a97840 3937240015 C Ii:2:006:3 0:1 3 = 100000
ffff8e67c4a97840 3937240058 S Ci:2:006:0 s c0 bc 0800 0016 0002 2 <
ffff8e67c4a97840 3937242758 C Ci:2:006:0 0 2 = 0900
ffff8e67c4a97840 3937242799 S Ci:2:006:0 s c0 bc 0900 001c 0002 2 <
ffff8e67c4a97840 3937245414 C Ci:2:006:0 0 2 = 2e6f
ffff8e67c4a97840 3937245449 S Ci:2:006:0 s c0 bc 0800 23be 0004 4 <
ffff8e67c4a97840 3937248174 C Ci:2:006:0 0 4 = 000011e0
ffff8e67c4a97840 3937248237 S Co:2:006:0 s 40 bc 0800 00c0 0004 4 = 9989ec00
ffff8e67c4a97840 3937250850 C Co:2:006:0 0 4 >
ffff8e67c4a97840 3937250891 S Co:2:006:0 s 40 b9 0000 0000 0004 4 = 09006603
ffff8e67c4a97840 3937253553 C Co:2:006:0 0 4 >
ffff8e67c4a97840 3937253596 S Ii:2:006:3 -115:1 3 <
ffff8e67c4a97840 3937254823 C Ii:2:006:3 0:1 3 = 100000
ffff8e67c4a97840 3937254866 S Ci:2:006:0 s c0 bc 0800 0016 0002 2 <
ffff8e67c4a97840 3937257569 C Ci:2:006:0 0 2 = 0900
ffff8e67c4a97840 3937257614 S Ci:2:006:0 s c0 bc 0900 001c 0002 2 <
ffff8e67c4a97840 3937260317 C Ci:2:006:0 0 2 = 2e6f
ffff8e67c4a97840 3937260351 S Ci:2:006:0 s c0 bc 0800 23be 0002 2 <
ffff8e67c4a97840 3937263000 C Ci:2:006:0 0 2 = 0000
ffff8e67c4a97840 3937263034 S Co:2:006:0 s 40 bc 0900 0014 0002 2 = d39e
ffff8e67c4a97840 3937265672 C Co:2:006:0 0 2 >
ffff8e67c4a97840 3937265726 S Ci:2:006:0 s c0 bc 0900 001c 0002 2 <
ffff8e67c4a97840 3937268444 C Ci:2:006:0 0 2 = 2e6f
ffff8e67c4a97840 3937268489 S Co:2:006:0 s 40 b9 0000 0000 0004 4 = 09016601
ffff8e67c4a97840 3937271180 C Co:2:006:0 0 4 >
ffff8e67c4a97840 3937271222 S Ii:2:006:3 -115:1 3 <
ffff8e67c4a97840 3937272516 C Ii:2:006:3 0:1 3 = 100000
ffff8e67c4a97840 3937272556 S Ci:2:006:0 s c0 bc 0800 0016 0002 2 <
ffff8e67c4a97840 3937275336 C Ci:2:006:0 0 2 = 0900
ffff8e67c4a97840 3937275380 S Ci:2:006:0 s c0 bc 0900 001c 0002 2 <
ffff8e67c4a97840 3937278004 C Ci:2:006:0 0 2 = 2e6f
ffff8e67c4a97840 3937278038 S Ci:2:006:0 s c0 bc 0800 23be 0004 4 <
ffff8e67c4a97840 3937280764 C Ci:2:006:0 0 4 = 00004de0
ffff8e67c4a97840 3937280851 S Co:2:006:0 s 40 bc 0800 00c0 0004 4 = 9989ec00
ffff8e67c4a97840 3937283481 C Co:2:006:0 0 4 >
ffff8e67c4a97840 3937283521 S Co:2:006:0 s 40 b9 0000 0000 0004 4 = 09006603
ffff8e67c4a97840 3937286167 C Co:2:006:0 0 4 >
ffff8e67c4a97840 3937286209 S Ii:2:006:3 -115:1 3 <
ffff8e67c4a97840 3937287519 C Ii:2:006:3 0:1 3 = 100000
ffff8e67c4a97840 3937287560 S Ci:2:006:0 s c0 bc 0800 0016 0002 2 <
ffff8e67c4a97840 3937290283 C Ci:2:006:0 0 2 = 0900
ffff8e67c4a97840 3937290325 S Ci:2:006:0 s c0 bc 0900 001c 0002 2 <
ffff8e67c4a97840 3937292995 C Ci:2:006:0 0 2 = 2e6f
ffff8e67c4a97840 3937293031 S Ci:2:006:0 s c0 bc 0800 23be 0002 2 <
ffff8e67c4a97840 3937295630 C Ci:2:006:0 0 2 = 0000
ffff8e67c4a97840 3937295665 S Co:2:006:0 s 40 bc 0900 0014 0002 2 = d39e
ffff8e67c4a97840 3937298426 C Co:2:006:0 0 2 >
ffff8e67c4a97840 3937298462 S Ci:2:006:0 s c0 bc 0900 001c 0002 2 <
ffff8e67c4a97840 3937301182 C Ci:2:006:0 0 2 = 2e6f
ffff8e67c4a97840 3937301228 S Co:2:006:0 s 40 b9 0000 0000 0004 4 = 09016601
ffff8e67c4a97840 3937303869 C Co:2:006:0 0 4 >
ffff8e67c4a97840 3937303907 S Ii:2:006:3 -115:1 3 <
ffff8e67c4a97840 3937305239 C Ii:2:006:3 0:1 3 = 100000
ffff8e67c4a97840 3937305280 S Ci:2:006:0 s c0 bc 0800 0016 0002 2 <
ffff8e67c4a97840 3937308059 C Ci:2:006:0 0 2 = 0900
ffff8e67c4a97840 3937308103 S Ci:2:006:0 s c0 bc 0900 001c 0002 2 <
ffff8e67c4a97840 3937310751 C Ci:2:006:0 0 2 = 2e6f
ffff8e67c4a97840 3937310792 S Ci:2:006:0 s c0 bc 0800 23be 0004 4 <
ffff8e67c4a97840 3937313394 C Ci:2:006:0 0 4 = 00008de0
ffff8e67c4a97840 3937313435 S Co:2:006:0 s 40 bc 0800 00c0 0004 4 = 9989ec00
ffff8e67c4a97840 3937316102 C Co:2:006:0 0 4 >
ffff8e67c4a97840 3937316143 S Co:2:006:0 s 40 b9 0000 0000 0004 4 = 09006603
ffff8e67c4a97840 3937318888 C Co:2:006:0 0 4 >
ffff8e67c4a97840 3937318930 S Ii:2:006:3 -115:1 3 <
ffff8e67c4a97840 3937320153 C Ii:2:006:3 0:1 3 = 100000
ffff8e67c4a97840 3937320192 S Ci:2:006:0 s c0 bc 0800 0016 0002 2 <
ffff8e67c4a97840 3937322939 C Ci:2:006:0 0 2 = 0900
ffff8e67c4a97840 3937322982 S Ci:2:006:0 s c0 bc 0900 001c 0002 2 <
ffff8e67c4a97840 3937325665 C Ci:2:006:0 0 2 = 2e6f
ffff8e67c4a97840 3937325723 S Ci:2:006:0 s c0 bc 0800 23be 0002 2 <
ffff8e67c4a97840 3937328450 C Ci:2:006:0 0 2 = 0000
ffff8e67c4a97840 3937328491 S Co:2:006:0 s 40 bc 0900 0014 0002 2 = d39e
ffff8e67c4a97840 3937331101 C Co:2:006:0 0 2 >
ffff8e67c4a97840 3937331142 S Ci:2:006:0 s c0 bc 0900 001c 0002 2 <
ffff8e67c4a97840 3937333828 C Ci:2:006:0 0 2 = 2e6f
ffff8e67c4a97840 3937333872 S Co:2:006:0 s 40 b9 0000 0000 0004 4 = 09016601
ffff8e67c4a97840 3937336395 C Co:2:006:0 0 4 >
ffff8e67c4a97840 3937336435 S Ii:2:006:3 -115:1 3 <
ffff8e67c4a97840 3937337871 C Ii:2:006:3 0:1 3 = 100000
ffff8e67c4a97840 3937337911 S Ci:2:006:0 s c0 bc 0800 0016 0002 2 <
ffff8e67c4a97840 3937340831 C Ci:2:006:0 0 2 = 0900
ffff8e67c4a97840 3937340875 S Ci:2:006:0 s c0 bc 0900 001c 0002 2 <
ffff8e67c4a97840 3937343381 C Ci:2:006:0 0 2 = 2e6f
ffff8e67c4a97840 3937343415 S Ci:2:006:0 s c0 bc 0800 23be 0004 4 <
ffff8e67c4a97840 3937346099 C Ci:2:006:0 0 4 = 000059e0
ffff8e67c4a97840 3937346186 S Co:2:006:0 s 40 bc 0800 00c0 0004 4 = 9989ec00
ffff8e67c4a97840 3937348923 C Co:2:006:0 0 4 >
ffff8e67c4a97840 3937348967 S Co:2:006:0 s 40 b9 0000 0000 0004 4 = 09006603
ffff8e67c4a97840 3937351701 C Co:2:006:0 0 4 >
ffff8e67c4a97840 3937351744 S Ii:2:006:3 -115:1 3 <
ffff8e67c4a97840 3937353073 C Ii:2:006:3 0:1 3 = 100000
ffff8e67c4a97840 3937353113 S Ci:2:006:0 s c0 bc 0800 0016 0002 2 <
ffff8e67c4a97840 3937355941 C Ci:2:006:0 0 2 = 0900
ffff8e67c4a97840 3937355984 S Ci:2:006:0 s c0 bc 0900 001c 0002 2 <
ffff8e67c4a97840 3937358635 C Ci:2:006:0 0 2 = 2e6f
ffff8e67c4a97840 3937358689 S Ci:2:006:0 s c0 bc 0800 23be 0002 2 <
ffff8e67c4a97840 3937361427 C Ci:2:006:0 0 2 = 0000
ffff8e67c4a97840 3937361472 S Co:2:006:0 s 40 bc 0900 0014 0002 2 = d39e
ffff8e67c4a97840 3937364243 C Co:2:006:0 0 2 >
ffff8e67c4a97840 3937364288 S Ci:2:006:0 s c0 bc 0900 001c 0002 2 <
ffff8e67c4a97840 3937366933 C Ci:2:006:0 0 2 = 2e6f
ffff8e67c4a97840 3937366977 S Co:2:006:0 s 40 b9 0000 0000 0004 4 = 09016601
ffff8e67c4a97840 3937369606 C Co:2:006:0 0 4 >
ffff8e67c4a97840 3937369637 S Ii:2:006:3 -115:1 3 <
ffff8e67c4a97840 3937371029 C Ii:2:006:3 0:1 3 = 100000
ffff8e67c4a97840 3937371071 S Ci:2:006:0 s c0 bc 0800 0016 0002 2 <
ffff8e67c4a97840 3937373807 C Ci:2:006:0 0 2 = 0900
ffff8e67c4a97840 3937373851 S Ci:2:006:0 s c0 bc 0900 001c 0002 2 <
ffff8e67c4a97840 3937376506 C Ci:2:006:0 0 2 = 2e6f
ffff8e67c4a97840 3937376539 S Ci:2:006:0 s c0 bc 0800 23be 0004 4 <
ffff8e67c4a97840 3937379351 C Ci:2:006:0 0 4 = 000090e0
ffff8e67c4a97840 3937379391 S Co:2:006:0 s 40 bc 0800 00c0 0004 4 = 9989ec00
ffff8e67c4a97840 3937382003 C Co:2:006:0 0 4 >
ffff8e67c4a97840 3937382045 S Co:2:006:0 s 40 b9 0000 0000 0004 4 = 09006603
ffff8e67c4a97840 3937384715 C Co:2:006:0 0 4 >
ffff8e67c4a97840 3937384753 S Ii:2:006:3 -115:1 3 <
ffff8e67c4a97840 3937385961 C Ii:2:006:3 0:1 3 = 100000
ffff8e67c4a97840 3937386001 S Ci:2:006:0 s c0 bc 0800 0016 0002 2 <
ffff8e67c4a97840 3937388853 C Ci:2:006:0 0 2 = 0900
ffff8e67c4a97840 3937388896 S Ci:2:006:0 s c0 bc 0900 001c 0002 2 <
ffff8e67c4a97840 3937391517 C Ci:2:006:0 0 2 = 2e6f
ffff8e67c4a97840 3937391553 S Ci:2:006:0 s c0 bc 0800 23be 0002 2 <
ffff8e67c4a97840 3937394388 C Ci:2:006:0 0 2 = 0000
ffff8e67c4a97840 3937394422 S Co:2:006:0 s 40 bc 0900 0014 0002 2 = d39e
ffff8e67c4a97840 3937397161 C Co:2:006:0 0 2 >
ffff8e67c4a97840 3937397206 S Ci:2:006:0 s c0 bc 0900 001c 0002 2 <
ffff8e67c4a97840 3937399859 C Ci:2:006:0 0 2 = 2e6f
ffff8e67c4a97840 3937399903 S Co:2:006:0 s 40 b9 0000 0000 0004 4 = 09016601
ffff8e67c4a97840 3937402547 C Co:2:006:0 0 4 >
ffff8e67c4a97840 3937402588 S Ii:2:006:3 -115:1 3 <
ffff8e67c4a97840 3937403899 C Ii:2:006:3 0:1 3 = 100000
ffff8e67c4a97840 3937403940 S Ci:2:006:0 s c0 bc 0800 0016 0002 2 <
ffff8e67c4a97840 3937406699 C Ci:2:006:0 0 2 = 0900
ffff8e67c4a97840 3937406745 S Ci:2:006:0 s c0 bc 0900 001c 0002 2 <
ffff8e67c4a97840 3937409282 C Ci:2:006:0 0 2 = 2e6f
ffff8e67c4a97840 3937409317 S Ci:2:006:0 s c0 bc 0800 23be 0004 4 <
ffff8e67c4a97840 3937411992 C Ci:2:006:0 0 4 = 000031e0
ffff8e67c4a97840 3937412026 S Co:2:006:0 s 40 bc 0800 00c0 0004 4 = 9989ec00
ffff8e67c4a97840 3937414660 C Co:2:006:0 0 4 >
ffff8e67c4a97840 3937414717 S Co:2:006:0 s 40 b9 0000 0000 0004 4 = 09006603
ffff8e67c4a97840 3937417418 C Co:2:006:0 0 4 >
ffff8e67c4a97840 3937417460 S Ii:2:006:3 -115:1 3 <
ffff8e67c4a97840 3937418705 C Ii:2:006:3 0:1 3 = 100000
ffff8e67c4a97840 3937418745 S Ci:2:006:0 s c0 bc 0800 0016 0002 2 <
ffff8e67c4a97840 3937421496 C Ci:2:006:0 0 2 = 0900
ffff8e67c4a97840 3937421539 S Ci:2:006:0 s c0 bc 0900 001c 0002 2 <
ffff8e67c4a97840 3937424276 C Ci:2:006:0 0 2 = 2e6f
ffff8e67c4a97840 3937424309 S Ci:2:006:0 s c0 bc 0800 23be 0002 2 <
ffff8e67c4a97840 3937427033 C Ci:2:006:0 0 2 = 0000
ffff8e67c4a97840 3937427076 S Co:2:006:0 s 40 bc 0900 0014 0002 2 = d39e
ffff8e67c4a97840 3937429659 C Co:2:006:0 0 2 >
ffff8e67c4a97840 3937429720 S Ci:2:006:0 s c0 bc 0900 001c 0002 2 <
ffff8e67c4a97840 3937432397 C Ci:2:006:0 0 2 = 2e6f
ffff8e67c4a97840 3937432440 S Co:2:006:0 s 40 b9 0000 0000 0004 4 = 09016601
ffff8e67c4a97840 3937435174 C Co:2:006:0 0 4 >
ffff8e67c4a97840 3937435220 S Ii:2:006:3 -115:1 3 <
ffff8e67c4a97840 3937436468 C Ii:2:006:3 0:1 3 = 100000
ffff8e67c4a97840 3937436508 S Ci:2:006:0 s c0 bc 0800 0016 0002 2 <
ffff8e67c4a97840 3937439317 C Ci:2:006:0 0 2 = 0900
ffff8e67c4a97840 3937439362 S Ci:2:006:0 s c0 bc 0900 001c 0002 2 <
ffff8e67c4a97840 3937441998 C Ci:2:006:0 0 2 = 2e6f
ffff8e67c4a97840 3937442098 S Ci:2:006:0 s c0 bc 0800 23be 0004 4 <
ffff8e67c4a97840 3937444631 C Ci:2:006:0 0 4 = 00007ee0
ffff8e67c4a97840 3937444678 S Co:2:006:0 s 40 bc 0800 00c0 0004 4 = 9989ec00
ffff8e67c4a97840 3937447381 C Co:2:006:0 0 4 >
ffff8e67c4a97840 3937447424 S Co:2:006:0 s 40 b9 0000 0000 0004 4 = 09006603
ffff8e67c4a97840 3937450172 C Co:2:006:0 0 4 >
ffff8e67c4a97840 3937450262 S Ii:2:006:3 -115:1 3 <
ffff8e67c4a97840 3937451455 C Ii:2:006:3 0:1 3 = 100000
ffff8e67c4a97840 3937451495 S Ci:2:006:0 s c0 bc 0800 0016 0002 2 <
ffff8e67c4a97840 3937454176 C Ci:2:006:0 0 2 = 0900
ffff8e67c4a97840 3937454219 S Ci:2:006:0 s c0 bc 0900 001c 0002 2 <
ffff8e67c4a97840 3937456818 C Ci:2:006:0 0 2 = 2e6f
ffff8e67c4a97840 3937456863 S Ci:2:006:0 s c0 bc 0800 23be 0002 2 <
ffff8e67c4a97840 3937459424 C Ci:2:006:0 0 2 = 0000
ffff8e67c4a97840 3937459465 S Co:2:006:0 s 40 bc 0900 0014 0002 2 = d39e
ffff8e67c4a97840 3937462075 C Co:2:006:0 0 2 >
ffff8e67c4a97840 3937462119 S Ci:2:006:0 s c0 bc 0900 001c 0002 2 <
ffff8e67c4a97840 3937464732 C Ci:2:006:0 0 2 = 2e6f
ffff8e67c4a97840 3937464776 S Co:2:006:0 s 40 b9 0000 0000 0004 4 = 09016601
ffff8e67c4a97840 3937467345 C Co:2:006:0 0 4 >
ffff8e67c4a97840 3937467399 S Ii:2:006:3 -115:1 3 <
ffff8e67c4a97840 3937468515 C Ii:2:006:3 0:1 3 = 100000
ffff8e67c4a97840 3937468567 S Ci:2:006:0 s c0 bc 0800 0016 0002 2 <
ffff8e67c4a97840 3937471139 C Ci:2:006:0 0 2 = 0900
ffff8e67c4a97840 3937471182 S Ci:2:006:0 s c0 bc 0900 001c 0002 2 <
ffff8e67c4a97840 3937473834 C Ci:2:006:0 0 2 = 2e6f
ffff8e67c4a97840 3937473890 S Ci:2:006:0 s c0 bc 0800 23be 0004 4 <
ffff8e67c4a97840 3937476403 C Ci:2:006:0 0 4 = 00004ae0
ffff8e67c4a97840 3937476456 S Co:2:006:0 s 40 bc 0800 00c0 0004 4 = 9989ec00
ffff8e67c4a97840 3937479075 C Co:2:006:0 0 4 >
ffff8e67c4a97840 3937479131 S Co:2:006:0 s 40 b9 0000 0000 0004 4 = 09006603
ffff8e67c4a97840 3937481716 C Co:2:006:0 0 4 >
ffff8e67c4a97840 3937481770 S Ii:2:006:3 -115:1 3 <
ffff8e67c4a97840 3937482941 C Ii:2:006:3 0:1 3 = 100000
ffff8e67c4a97840 3937482996 S Ci:2:006:0 s c0 bc 0800 0016 0002 2 <
ffff8e67c4a97840 3937485631 C Ci:2:006:0 0 2 = 0900
ffff8e67c4a97840 3937485702 S Ci:2:006:0 s c0 bc 0900 001c 0002 2 <
ffff8e67c4a97840 3937488252 C Ci:2:006:0 0 2 = 2e6f
ffff8e67c4a97840 3937488298 S Ci:2:006:0 s c0 bc 0800 23be 0002 2 <
ffff8e67c4a97840 3937490833 C Ci:2:006:0 0 2 = 0000
ffff8e67c4a97840 3937490890 S Co:2:006:0 s 40 bc 0900 0014 0002 2 = d39e
ffff8e67c4a97840 3937493488 C Co:2:006:0 0 2 >
ffff8e67c4a97840 3937493545 S Ci:2:006:0 s c0 bc 0900 001c 0002 2 <
ffff8e67c4a97840 3937496146 C Ci:2:006:0 0 2 = 2e6f
ffff8e67c4a97840 3937496191 S Co:2:006:0 s 40 b9 0000 0000 0004 4 = 09016601
ffff8e67c4a97840 3937498753 C Co:2:006:0 0 4 >
ffff8e67c4a97840 3937498808 S Ii:2:006:3 -115:1 3 <
ffff8e67c4a97840 3937500095 C Ii:2:006:3 0:1 3 = 100000
ffff8e67c4a97840 3937500149 S Ci:2:006:0 s c0 bc 0800 0016 0002 2 <
ffff8e67c4a97840 3937502875 C Ci:2:006:0 0 2 = 0900
ffff8e67c4a97840 3937502932 S Ci:2:006:0 s c0 bc 0900 001c 0002 2 <
ffff8e67c4a97840 3937505472 C Ci:2:006:0 0 2 = 2e6f
ffff8e67c4a97840 3937505527 S Ci:2:006:0 s c0 bc 0800 23be 0004 4 <
ffff8e67c4a97840 3937508206 C Ci:2:006:0 0 4 = 000091e0
ffff8e67c4a97840 3937508262 S Co:2:006:0 s 40 bc 0800 00c0 0004 4 = 9989ec00
ffff8e67c4a97840 3937510760 C Co:2:006:0 0 4 >
ffff8e67c4a97840 3937510832 S Co:2:006:0 s 40 b9 0000 0000 0004 4 = 09006603
ffff8e67c4a97840 3937513347 C Co:2:006:0 0 4 >
ffff8e67c4a97840 3937513404 S Ii:2:006:3 -115:1 3 <
ffff8e67c4a97840 3937514698 C Ii:2:006:3 0:1 3 = 100000
ffff8e67c4a97840 3937514753 S Ci:2:006:0 s c0 bc 0800 0016 0002 2 <
ffff8e67c4a97840 3937517452 C Ci:2:006:0 0 2 = 0900
ffff8e67c4a97840 3937517509 S Ci:2:006:0 s c0 bc 0900 001c 0002 2 <
ffff8e67c4a97840 3937520101 C Ci:2:006:0 0 2 = 2e6f
ffff8e67c4a97840 3937520147 S Ci:2:006:0 s c0 bc 0800 23be 0002 2 <
ffff8e67c4a97840 3937522757 C Ci:2:006:0 0 2 = 0000
ffff8e67c4a97840 3937522815 S Co:2:006:0 s 40 bc 0900 0014 0002 2 = d39e
ffff8e67c4a97840 3937525430 C Co:2:006:0 0 2 >
ffff8e67c4a97840 3937525488 S Ci:2:006:0 s c0 bc 0900 001c 0002 2 <
ffff8e67c4a97840 3937528129 C Ci:2:006:0 0 2 = 2e6f
ffff8e67c4a97840 3937528174 S Co:2:006:0 s 40 b9 0000 0000 0004 4 = 09016601
ffff8e67c4a97840 3937530771 C Co:2:006:0 0 4 >
ffff8e67c4a97840 3937530810 S Ii:2:006:3 -115:1 3 <
ffff8e67c4a97840 3937532018 C Ii:2:006:3 0:1 3 = 100000
ffff8e67c4a97840 3937532061 S Ci:2:006:0 s c0 bc 0800 0016 0002 2 <
ffff8e67c4a97840 3937534788 C Ci:2:006:0 0 2 = 0900
ffff8e67c4a97840 3937534830 S Ci:2:006:0 s c0 bc 0900 001c 0002 2 <
ffff8e67c4a97840 3937537459 C Ci:2:006:0 0 2 = 2e6f
ffff8e67c4a97840 3937537479 S Ci:2:006:0 s c0 bc 0800 23be 0004 4 <
ffff8e67c4a97840 3937540053 C Ci:2:006:0 0 4 = 0000fde0
ffff8e67c4a97840 3937540074 S Co:2:006:0 s 40 bc 0800 00c0 0004 4 = 9989ec00
ffff8e67c4a97840 3937542832 C Co:2:006:0 0 4 >
ffff8e67c4a97840 3937542877 S Co:2:006:0 s 40 b9 0000 0000 0004 4 = 09006603
ffff8e67c4a97840 3937545446 C Co:2:006:0 0 4 >
ffff8e67c4a97840 3937545479 S Ii:2:006:3 -115:1 3 <
ffff8e67c4a97840 3937546798 C Ii:2:006:3 0:1 3 = 100000
ffff8e67c4a97840 3937546838 S Ci:2:006:0 s c0 bc 0800 0016 0002 2 <
ffff8e67c4a97840 3937549504 C Ci:2:006:0 0 2 = 0900
ffff8e67c4a97840 3937549546 S Ci:2:006:0 s c0 bc 0900 001c 0002 2 <
ffff8e67c4a97840 3937552280 C Ci:2:006:0 0 2 = 2e6f
ffff8e67c4a97840 3937552315 S Ci:2:006:0 s c0 bc 0800 23be 0002 2 <
ffff8e67c4a97840 3937554998 C Ci:2:006:0 0 2 = 0000
ffff8e67c4a97840 3937555084 S Co:2:006:0 s 40 bc 0900 0014 0002 2 = d39e
ffff8e67c4a97840 3937557777 C Co:2:006:0 0 2 >
ffff8e67c4a97840 3937557821 S Ci:2:006:0 s c0 bc 0900 001c 0002 2 <
ffff8e67c4a97840 3937560474 C Ci:2:006:0 0 2 = 2e6f
ffff8e67c4a97840 3937560514 S Co:2:006:0 s 40 b9 0000 0000 0004 4 = 09016601
ffff8e67c4a97840 3937563163 C Co:2:006:0 0 4 >
ffff8e67c4a97840 3937563203 S Ii:2:006:3 -115:1 3 <
ffff8e67c4a97840 3937564514 C Ii:2:006:3 0:1 3 = 100000
ffff8e67c4a97840 3937564556 S Ci:2:006:0 s c0 bc 0800 0016 0002 2 <
ffff8e67c4a97840 3937567361 C Ci:2:006:0 0 2 = 0900
ffff8e67c4a97840 3937567404 S Ci:2:006:0 s c0 bc 0900 001c 0002 2 <
ffff8e67c4a97840 3937570024 C Ci:2:006:0 0 2 = 2e6f
ffff8e67c4a97840 3937570060 S Ci:2:006:0 s c0 bc 0800 23be 0004 4 <
ffff8e67c4a97840 3937572760 C Ci:2:006:0 0 4 = 0000b1e0
ffff8e67c4a97840 3937572849 S Co:2:006:0 s 40 bc 0800 00c0 0004 4 = 9989ec00
ffff8e67c4a97840 3937575414 C Co:2:006:0 0 4 >
ffff8e67c4a97840 3937575457 S Co:2:006:0 s 40 b9 0000 0000 0004 4 = 09006603
ffff8e67c4a97840 3937578157 C Co:2:006:0 0 4 >
ffff8e67c4a97840 3937578199 S Ii:2:006:3 -115:1 3 <
ffff8e67c4a97840 3937579528 C Ii:2:006:3 0:1 3 = 100000
ffff8e67c4a97840 3937579570 S Ci:2:006:0 s c0 bc 0800 0016 0002 2 <
ffff8e67c4a97840 3937582321 C Ci:2:006:0 0 2 = 0900
ffff8e67c4a97840 3937582365 S Ci:2:006:0 s c0 bc 0900 001c 0002 2 <
ffff8e67c4a97840 3937585038 C Ci:2:006:0 0 2 = 2e6f
ffff8e67c4a97840 3937585074 S Ci:2:006:0 s c0 bc 0800 23be 0002 2 <
ffff8e67c4a97840 3937587755 C Ci:2:006:0 0 2 = 0000
ffff8e67c4a97840 3937587837 S Co:2:006:0 s 40 bc 0900 0014 0002 2 = d39e
ffff8e67c4a97840 3937590470 C Co:2:006:0 0 2 >
ffff8e67c4a97840 3937590510 S Ci:2:006:0 s c0 bc 0900 001c 0002 2 <
ffff8e67c4a97840 3937593125 C Ci:2:006:0 0 2 = 2e6f
ffff8e67c4a97840 3937593169 S Co:2:006:0 s 40 b9 0000 0000 0004 4 = 09016601
ffff8e67c4a97840 3937595878 C Co:2:006:0 0 4 >
ffff8e67c4a97840 3937595909 S Ii:2:006:3 -115:1 3 <
ffff8e67c4a97840 3937597308 C Ii:2:006:3 0:1 3 = 100000
ffff8e67c4a97840 3937597350 S Ci:2:006:0 s c0 bc 0800 0016 0002 2 <
ffff8e67c4a97840 3937600038 C Ci:2:006:0 0 2 = 0900
ffff8e67c4a97840 3937600082 S Ci:2:006:0 s c0 bc 0900 001c 0002 2 <
ffff8e67c4a97840 3937602752 C Ci:2:006:0 0 2 = 2e6f
ffff8e67c4a97840 3937602793 S Ci:2:006:0 s c0 bc 0800 23be 0004 4 <
ffff8e67c4a97840 3937605506 C Ci:2:006:0 0 4 = 00005ae0
ffff8e67c4a97840 3937605546 S Co:2:006:0 s 40 bc 0800 00c0 0004 4 = 9989ec00
ffff8e67c4a97840 3937608305 C Co:2:006:0 0 4 >
ffff8e67c4a97840 3937608349 S Co:2:006:0 s 40 b9 0000 0000 0004 4 = 09006603
ffff8e67c4a97840 3937611021 C Co:2:006:0 0 4 >
ffff8e67c4a97840 3937611063 S Ii:2:006:3 -115:1 3 <
ffff8e67c4a97840 3937612415 C Ii:2:006:3 0:1 3 = 100000
ffff8e67c4a97840 3937612457 S Ci:2:006:0 s c0 bc 0800 0016 0002 2 <
ffff8e67c4a97840 3937615167 C Ci:2:006:0 0 2 = 0900
ffff8e67c4a97840 3937615210 S Ci:2:006:0 s c0 bc 0900 001c 0002 2 <
ffff8e67c4a97840 3937617932 C Ci:2:006:0 0 2 = 2e6f
ffff8e67c4a97840 3937617975 S Ci:2:006:0 s c0 bc 0800 23be 0002 2 <
ffff8e67c4a97840 3937620629 C Ci:2:006:0 0 2 = 0000
ffff8e67c4a97840 3937620682 S Co:2:006:0 s 40 bc 0900 0014 0002 2 = d39e
ffff8e67c4a97840 3937623387 C Co:2:006:0 0 2 >
ffff8e67c4a97840 3937623452 S Ci:2:006:0 s c0 bc 0900 001c 0002 2 <
ffff8e67c4a97840 3937626172 C Ci:2:006:0 0 2 = 2e6f
ffff8e67c4a97840 3937626215 S Co:2:006:0 s 40 b9 0000 0000 0004 4 = 09016601
ffff8e67c4a97840 3937628909 C Co:2:006:0 0 4 >
ffff8e67c4a97840 3937628949 S Ii:2:006:3 -115:1 3 <
ffff8e67c4a97840 3937630304 C Ii:2:006:3 0:1 3 = 100000
ffff8e67c4a97840 3937630346 S Ci:2:006:0 s c0 bc 0800 0016 0002 2 <
ffff8e67c4a97840 3937633041 C Ci:2:006:0 0 2 = 0900
ffff8e67c4a97840 3937633085 S Ci:2:006:0 s c0 bc 0900 001c 0002 2 <
ffff8e67c4a97840 3937635788 C Ci:2:006:0 0 2 = 2e6f
ffff8e67c4a97840 3937635832 S Ci:2:006:0 s c0 bc 0800 23be 0004 4 <
ffff8e67c4a97840 3937638575 C Ci:2:006:0 0 4 = 000003e0
ffff8e67c4a97840 3937638617 S Co:2:006:0 s 40 bc 0800 00c0 0004 4 = 9989ec00
ffff8e67c4a97840 3937641284 C Co:2:006:0 0 4 >
ffff8e67c4a97840 3937641328 S Co:2:006:0 s 40 b9 0000 0000 0004 4 = 09006603
ffff8e67c4a97840 3937644145 C Co:2:006:0 0 4 >
ffff8e67c4a97840 3937644187 S Ii:2:006:3 -115:1 3 <
ffff8e67c4a97840 3937645471 C Ii:2:006:3 0:1 3 = 100000
ffff8e67c4a97840 3937645511 S Ci:2:006:0 s c0 bc 0800 0016 0002 2 <
ffff8e67c4a97840 3937648317 C Ci:2:006:0 0 2 = 0900
ffff8e67c4a97840 3937648361 S Ci:2:006:0 s c0 bc 0900 001c 0002 2 <
ffff8e67c4a97840 3937651026 C Ci:2:006:0 0 2 = 2e6f
ffff8e67c4a97840 3937651110 S Ci:2:006:0 s c0 bc 0800 23be 0002 2 <
ffff8e67c4a97840 3937653800 C Ci:2:006:0 0 2 = 0000
ffff8e67c4a97840 3937653843 S Co:2:006:0 s 40 bc 0900 0014 0002 2 = d39e
ffff8e67c4a97840 3937656431 C Co:2:006:0 0 2 >
ffff8e67c4a97840 3937656475 S Ci:2:006:0 s c0 bc 0900 001c 0002 2 <
ffff8e67c4a97840 3937659160 C Ci:2:006:0 0 2 = 2e6f
ffff8e67c4a97840 3937659204 S Co:2:006:0 s 40 b9 0000 0000 0004 4 = 09016601
ffff8e67c4a97840 3937661908 C Co:2:006:0 0 4 >
ffff8e67c4a97840 3937661948 S Ii:2:006:3 -115:1 3 <
ffff8e67c4a97840 3937663248 C Ii:2:006:3 0:1 3 = 100000
ffff8e67c4a97840 3937663290 S Ci:2:006:0 s c0 bc 0800 0016 0002 2 <
ffff8e67c4a97840 3937666037 C Ci:2:006:0 0 2 = 0900
ffff8e67c4a97840 3937666081 S Ci:2:006:0 s c0 bc 0900 001c 0002 2 <
ffff8e67c4a97840 3937668747 C Ci:2:006:0 0 2 = 2e6f
ffff8e67c4a97840 3937668787 S Ci:2:006:0 s c0 bc 0800 23be 0004 4 <
ffff8e67c4a97840 3937671423 C Ci:2:006:0 0 4 = 000091e0
ffff8e67c4a97840 3937671462 S Co:2:006:0 s 40 bc 0800 00c0 0004 4 = 9989ec00
ffff8e67c4a97840 3937674148 C Co:2:006:0 0 4 >
ffff8e67c4a97840 3937674193 S Co:2:006:0 s 40 b9 0000 0000 0004 4 = 09006603
ffff8e67c4a97840 3937676912 C Co:2:006:0 0 4 >
ffff8e67c4a97840 3937676954 S Ii:2:006:3 -115:1 3 <
ffff8e67c4a97840 3937678265 C Ii:2:006:3 0:1 3 = 100000
ffff8e67c4a97840 3937678304 S Ci:2:006:0 s c0 bc 0800 0016 0002 2 <
ffff8e67c4a97840 3937681031 C Ci:2:006:0 0 2 = 0900
ffff8e67c4a97840 3937681075 S Ci:2:006:0 s c0 bc 0900 001c 0002 2 <
ffff8e67c4a97840 3937683826 C Ci:2:006:0 0 2 = 2e6f
ffff8e67c4a97840 3937683869 S Ci:2:006:0 s c0 bc 0800 23be 0002 2 <
ffff8e67c4a97840 3937686582 C Ci:2:006:0 0 2 = 0000
ffff8e67c4a97840 3937686624 S Co:2:006:0 s 40 bc 0900 0014 0002 2 = d39e
ffff8e67c4a97840 3937689307 C Co:2:006:0 0 2 >
ffff8e67c4a97840 3937689350 S Ci:2:006:0 s c0 bc 0900 001c 0002 2 <
ffff8e67c4a97840 3937692030 C Ci:2:006:0 0 2 = 2e6f
ffff8e67c4a97840 3937692075 S Co:2:006:0 s 40 b9 0000 0000 0004 4 = 09016601
ffff8e67c4a97840 3937694779 C Co:2:006:0 0 4 >
ffff8e67c4a97840 3937694819 S Ii:2:006:3 -115:1 3 <
ffff8e67c4a97840 3937696072 C Ii:2:006:3 0:1 3 = 100000
ffff8e67c4a97840 3937696104 S Ci:2:006:0 s c0 bc 0800 0016 0002 2 <
ffff8e67c4a97840 3937698855 C Ci:2:006:0 0 2 = 0900
ffff8e67c4a97840 3937698913 S Ci:2:006:0 s c0 bc 0900 001c 0002 2 <
ffff8e67c4a97840 3937701655 C Ci:2:006:0 0 2 = 2e6f
ffff8e67c4a97840 3937701696 S Ci:2:006:0 s c0 bc 0800 23be 0004 4 <
ffff8e67c4a97840 3937704450 C Ci:2:006:0 0 4 = 000074e0
ffff8e67c4a97840 3937704491 S Co:2:006:0 s 40 bc 0800 00c0 0004 4 = 9989ec00
ffff8e67c4a97840 3937707157 C Co:2:006:0 0 4 >
ffff8e67c4a97840 3937707200 S Co:2:006:0 s 40 b9 0000 0000 0004 4 = 09006603
ffff8e67c4a97840 3937709935 C Co:2:006:0 0 4 >
ffff8e67c4a97840 3937709976 S Ii:2:006:3 -115:1 3 <
ffff8e67c4a97840 3937711256 C Ii:2:006:3 0:1 3 = 100000
ffff8e67c4a97840 3937711295 S Ci:2:006:0 s c0 bc 0800 0016 0002 2 <
ffff8e67c4a97840 3937714035 C Ci:2:006:0 0 2 = 0900
ffff8e67c4a97840 3937714079 S Ci:2:006:0 s c0 bc 0900 001c 0002 2 <
ffff8e67c4a97840 3937716756 C Ci:2:006:0 0 2 = 2e6f
ffff8e67c4a97840 3937716796 S Ci:2:006:0 s c0 bc 0800 23be 0002 2 <
ffff8e67c4a97840 3937719576 C Ci:2:006:0 0 2 = 0000
ffff8e67c4a97840 3937719619 S Co:2:006:0 s 40 bc 0900 0014 0002 2 = d39e
ffff8e67c4a97840 3937722317 C Co:2:006:0 0 2 >
ffff8e67c4a97840 3937722361 S Ci:2:006:0 s c0 bc 0900 001c 0002 2 <
ffff8e67c4a97840 3937725036 C Ci:2:006:0 0 2 = 2e6f
ffff8e67c4a97840 3937725080 S Co:2:006:0 s 40 b9 0000 0000 0004 4 = 09016601
ffff8e67c4a97840 3937727779 C Co:2:006:0 0 4 >
ffff8e67c4a97840 3937727819 S Ii:2:006:3 -115:1 3 <
ffff8e67c4a97840 3937729083 C Ii:2:006:3 0:1 3 = 100000
ffff8e67c4a97840 3937729122 S Ci:2:006:0 s c0 bc 0800 0016 0002 2 <
ffff8e67c4a97840 3937731915 C Ci:2:006:0 0 2 = 0900
ffff8e67c4a97840 3937731958 S Ci:2:006:0 s c0 bc 0900 001c 0002 2 <
ffff8e67c4a97840 3937734631 C Ci:2:006:0 0 2 = 2e6f
ffff8e67c4a97840 3937734691 S Ci:2:006:0 s c0 bc 0800 23be 0004 4 <
ffff8e67c4a97840 3937737401 C Ci:2:006:0 0 4 = 0000a8e0
ffff8e67c4a97840 3937737441 S Co:2:006:0 s 40 bc 0800 00c0 0004 4 = 9989ec00
ffff8e67c4a97840 3937740136 C Co:2:006:0 0 4 >
ffff8e67c4a97840 3937740180 S Co:2:006:0 s 40 b9 0000 0000 0004 4 = 09006603
ffff8e67c4a97840 3937742908 C Co:2:006:0 0 4 >
ffff8e67c4a97840 3937742949 S Ii:2:006:3 -115:1 3 <
ffff8e67c4a97840 3937744201 C Ii:2:006:3 0:1 3 = 100000
ffff8e67c4a97840 3937744239 S Ci:2:006:0 s c0 bc 0800 0016 0002 2 <
ffff8e67c4a97840 3937747039 C Ci:2:006:0 0 2 = 0900
ffff8e67c4a97840 3937747076 S Ci:2:006:0 s c0 bc 0900 001c 0002 2 <
ffff8e67c4a97840 3937749799 C Ci:2:006:0 0 2 = 2e6f
ffff8e67c4a97840 3937749844 S Ci:2:006:0 s c0 bc 0800 23be 0002 2 <
ffff8e67c4a97840 3937752493 C Ci:2:006:0 0 2 = 0000
ffff8e67c4a97840 3937752526 S Co:2:006:0 s 40 bc 0900 0014 0002 2 = d39e
ffff8e67c4a97840 3937755299 C Co:2:006:0 0 2 >
ffff8e67c4a97840 3937755344 S Ci:2:006:0 s c0 bc 0900 001c 0002 2 <
ffff8e67c4a97840 3937758027 C Ci:2:006:0 0 2 = 2e6f
ffff8e67c4a97840 3937758071 S Co:2:006:0 s 40 b9 0000 0000 0004 4 = 09016601
ffff8e67c4a97840 3937760735 C Co:2:006:0 0 4 >
ffff8e67c4a97840 3937760766 S Ii:2:006:3 -115:1 3 <
ffff8e67c4a97840 3937762129 C Ii:2:006:3 0:1 3 = 100000
ffff8e67c4a97840 3937762170 S Ci:2:006:0 s c0 bc 0800 0016 0002 2 <
ffff8e67c4a97840 3937764921 C Ci:2:006:0 0 2 = 0900
ffff8e67c4a97840 3937764964 S Ci:2:006:0 s c0 bc 0900 001c 0002 2 <
ffff8e67c4a97840 3937767648 C Ci:2:006:0 0 2 = 2e6f
ffff8e67c4a97840 3937767688 S Ci:2:006:0 s c0 bc 0800 23be 0004 4 <
ffff8e67c4a97840 3937770456 C Ci:2:006:0 0 4 = 000051e0
ffff8e67c4a97840 3937770497 S Co:2:006:0 s 40 bc 0800 00c0 0004 4 = 9989ec00
ffff8e67c4a97840 3937773134 C Co:2:006:0 0 4 >
ffff8e67c4a97840 3937773167 S Co:2:006:0 s 40 b9 0000 0000 0004 4 = 09006603
ffff8e67c4a97840 3937775894 C Co:2:006:0 0 4 >
ffff8e67c4a97840 3937775935 S Ii:2:006:3 -115:1 3 <
ffff8e67c4a97840 3937777244 C Ii:2:006:3 0:1 3 = 100000
ffff8e67c4a97840 3937777283 S Ci:2:006:0 s c0 bc 0800 0016 0002 2 <
ffff8e67c4a97840 3937780036 C Ci:2:006:0 0 2 = 0900
ffff8e67c4a97840 3937780079 S Ci:2:006:0 s c0 bc 0900 001c 0002 2 <
ffff8e67c4a97840 3937782822 C Ci:2:006:0 0 2 = 2e6f
ffff8e67c4a97840 3937782865 S Ci:2:006:0 s c0 bc 0800 23be 0002 2 <
ffff8e67c4a97840 3937785437 C Ci:2:006:0 0 2 = 0000
ffff8e67c4a97840 3937785478 S Co:2:006:0 s 40 bc 0900 0014 0002 2 = d39e
ffff8e67c4a97840 3937788143 C Co:2:006:0 0 2 >
ffff8e67c4a97840 3937788183 S Ci:2:006:0 s c0 bc 0900 001c 0002 2 <
ffff8e67c4a97840 3937790762 C Ci:2:006:0 0 2 = 2e6f
ffff8e67c4a97840 3937790805 S Co:2:006:0 s 40 b9 0000 0000 0004 4 = 09016601
ffff8e67c4a97840 3937793427 C Co:2:006:0 0 4 >
ffff8e67c4a97840 3937793465 S Ii:2:006:3 -115:1 3 <
ffff8e67c4a97840 3937794709 C Ii:2:006:3 0:1 3 = 100000
ffff8e67c4a97840 3937794752 S Ci:2:006:0 s c0 bc 0800 0016 0002 2 <
ffff8e67c4a97840 3937797573 C Ci:2:006:0 0 2 = 0900
ffff8e67c4a97840 3937797612 S Ci:2:006:0 s c0 bc 0900 001c 0002 2 <
ffff8e67c4a97840 3937800247 C Ci:2:006:0 0 2 = 2e6f
ffff8e67c4a97840 3937800282 S Ci:2:006:0 s c0 bc 0800 23be 0004 4 <
ffff8e67c4a97840 3937803060 C Ci:2:006:0 0 4 = 0000d2e0
ffff8e67c4a97840 3937803101 S Co:2:006:0 s 40 bc 0800 00c0 0004 4 = 9989ec00
ffff8e67c4a97840 3937805743 C Co:2:006:0 0 4 >
ffff8e67c4a97840 3937805787 S Co:2:006:0 s 40 b9 0000 0000 0004 4 = 09006603
ffff8e67c4a97840 3937808416 C Co:2:006:0 0 4 >
ffff8e67c4a97840 3937808453 S Ii:2:006:3 -115:1 3 <
ffff8e67c4a97840 3937809692 C Ii:2:006:3 0:1 3 = 100000
ffff8e67c4a97840 3937809731 S Ci:2:006:0 s c0 bc 0800 0016 0002 2 <
ffff8e67c4a97840 3937812498 C Ci:2:006:0 0 2 = 0900
ffff8e67c4a97840 3937812542 S Ci:2:006:0 s c0 bc 0900 001c 0002 2 <
ffff8e67c4a97840 3937815120 C Ci:2:006:0 0 2 = 2e6f
ffff8e67c4a97840 3937815156 S Ci:2:006:0 s c0 bc 0800 23be 0002 2 <
ffff8e67c4a97840 3937817897 C Ci:2:006:0 0 2 = 0000
ffff8e67c4a97840 3937817934 S Co:2:006:0 s 40 bc 0900 0014 0002 2 = d39e
ffff8e67c4a97840 3937820547 C Co:2:006:0 0 2 >
ffff8e67c4a97840 3937820575 S Ci:2:006:0 s c0 bc 0900 001c 0002 2 <
ffff8e67c4a97840 3937823211 C Ci:2:006:0 0 2 = 2e6f
ffff8e67c4a97840 3937823252 S Co:2:006:0 s 40 b9 0000 0000 0004 4 = 09016601
ffff8e67c4a97840 3937825795 C Co:2:006:0 0 4 >
ffff8e67c4a97840 3937825883 S Ii:2:006:3 -115:1 3 <
ffff8e67c4a97840 3937827145 C Ii:2:006:3 0:1 3 = 100000
ffff8e67c4a97840 3937827228 S Ci:2:006:0 s c0 bc 0800 0016 0002 2 <
ffff8e67c4a97840 3937830024 C Ci:2:006:0 0 2 = 0900
ffff8e67c4a97840 3937830071 S Ci:2:006:0 s c0 bc 0900 001c 0002 2 <
ffff8e67c4a97840 3937832750 C Ci:2:006:0 0 2 = 2e6f
ffff8e67c4a97840 3937832791 S Ci:2:006:0 s c0 bc 0800 23be 0004 4 <
ffff8e67c4a97840 3937835575 C Ci:2:006:0 0 4 = 000082e0
ffff8e67c4a97840 3937835617 S Co:2:006:0 s 40 bc 0800 00c0 0004 4 = 9989ec00
ffff8e67c4a97840 3937838254 C Co:2:006:0 0 4 >
ffff8e67c4a97840 3937838298 S Co:2:006:0 s 40 b9 0000 0000 0004 4 = 09006603
ffff8e67c4a97840 3937840880 C Co:2:006:0 0 4 >
ffff8e67c4a97840 3937840922 S Ii:2:006:3 -115:1 3 <
ffff8e67c4a97840 3937842202 C Ii:2:006:3 0:1 3 = 100000
ffff8e67c4a97840 3937842241 S Ci:2:006:0 s c0 bc 0800 0016 0002 2 <
ffff8e67c4a97840 3937845026 C Ci:2:006:0 0 2 = 0900
ffff8e67c4a97840 3937845070 S Ci:2:006:0 s c0 bc 0900 001c 0002 2 <
ffff8e67c4a97840 3937847748 C Ci:2:006:0 0 2 = 2e6f
ffff8e67c4a97840 3937847781 S Ci:2:006:0 s c0 bc 0800 23be 0002 2 <
ffff8e67c4a97840 3937850505 C Ci:2:006:0 0 2 = 0000
ffff8e67c4a97840 3937850547 S Co:2:006:0 s 40 bc 0900 0014 0002 2 = d39e
ffff8e67c4a97840 3937853262 C Co:2:006:0 0 2 >
ffff8e67c4a97840 3937853307 S Ci:2:006:0 s c0 bc 0900 001c 0002 2 <
ffff8e67c4a97840 3937855928 C Ci:2:006:0 0 2 = 2e6f
ffff8e67c4a97840 3937855973 S Co:2:006:0 s 40 b9 0000 0000 0004 4 = 09016601
ffff8e67c4a97840 3937858676 C Co:2:006:0 0 4 >
ffff8e67c4a97840 3937858724 S Ii:2:006:3 -115:1 3 <
ffff8e67c4a97840 3937859982 C Ii:2:006:3 0:1 3 = 100000
ffff8e67c4a97840 3937860025 S Ci:2:006:0 s c0 bc 0800 0016 0002 2 <
ffff8e67c4a97840 3937862788 C Ci:2:006:0 0 2 = 0900
ffff8e67c4a97840 3937862830 S Ci:2:006:0 s c0 bc 0900 001c 0002 2 <
ffff8e67c4a97840 3937865500 C Ci:2:006:0 0 2 = 2e6f
ffff8e67c4a97840 3937865534 S Ci:2:006:0 s c0 bc 0800 23be 0004 4 <
ffff8e67c4a97840 3937868276 C Ci:2:006:0 0 4 = 0000b1e0
ffff8e67c4a97840 3937868315 S Co:2:006:0 s 40 bc 0800 00c0 0004 4 = 9989ec00
ffff8e67c4a97840 3937871014 C Co:2:006:0 0 4 >
ffff8e67c4a97840 3937871059 S Co:2:006:0 s 40 b9 0000 0000 0004 4 = 09006603
ffff8e67c4a97840 3937873753 C Co:2:006:0 0 4 >
ffff8e67c4a97840 3937873784 S Ii:2:006:3 -115:1 3 <
ffff8e67c4a97840 3937875077 C Ii:2:006:3 0:1 3 = 100000
ffff8e67c4a97840 3937875115 S Ci:2:006:0 s c0 bc 0800 0016 0002 2 <
ffff8e67c4a97840 3937878031 C Ci:2:006:0 0 2 = 0900
ffff8e67c4a97840 3937878075 S Ci:2:006:0 s c0 bc 0900 001c 0002 2 <
ffff8e67c4a97840 3937880739 C Ci:2:006:0 0 2 = 2e6f
ffff8e67c4a97840 3937880779 S Ci:2:006:0 s c0 bc 0800 23be 0002 2 <
ffff8e67c4a97840 3937883555 C Ci:2:006:0 0 2 = 0000
ffff8e67c4a97840 3937883597 S Co:2:006:0 s 40 bc 0900 0014 0002 2 = d39e
ffff8e67c4a97840 3937886377 C Co:2:006:0 0 2 >
ffff8e67c4a97840 3937886421 S Ci:2:006:0 s c0 bc 0900 001c 0002 2 <
ffff8e67c4a97840 3937889171 C Ci:2:006:0 0 2 = 2e6f
ffff8e67c4a97840 3937889211 S Co:2:006:0 s 40 b9 0000 0000 0004 4 = 09016601
ffff8e67c4a97840 3937891902 C Co:2:006:0 0 4 >
ffff8e67c4a97840 3937891942 S Ii:2:006:3 -115:1 3 <
ffff8e67c4a97840 3937893161 C Ii:2:006:3 0:1 3 = 100000
ffff8e67c4a97840 3937893223 S Ci:2:006:0 s c0 bc 0800 0016 0002 2 <
ffff8e67c4a97840 3937896017 C Ci:2:006:0 0 2 = 0900
ffff8e67c4a97840 3937896062 S Ci:2:006:0 s c0 bc 0900 001c 0002 2 <
ffff8e67c4a97840 3937898927 C Ci:2:006:0 0 2 = 2e6f
ffff8e67c4a97840 3937898960 S Ci:2:006:0 s c0 bc 0800 23be 0004 4 <
ffff8e67c4a97840 3937901659 C Ci:2:006:0 0 4 = 000089e0
ffff8e67c4a97840 3937901714 S Co:2:006:0 s 40 bc 0800 00c0 0004 4 = 9989ec00
ffff8e67c4a97840 3937904378 C Co:2:006:0 0 4 >
ffff8e67c4a97840 3937904422 S Co:2:006:0 s 40 b9 0000 0000 0004 4 = 09006603
ffff8e67c4a97840 3937907145 C Co:2:006:0 0 4 >
ffff8e67c4a97840 3937907185 S Ii:2:006:3 -115:1 3 <
ffff8e67c4a97840 3937908477 C Ii:2:006:3 0:1 3 = 100000
ffff8e67c4a97840 3937908517 S Ci:2:006:0 s c0 bc 0800 0016 0002 2 <
ffff8e67c4a97840 3937911356 C Ci:2:006:0 0 2 = 0900
ffff8e67c4a97840 3937911400 S Ci:2:006:0 s c0 bc 0900 001c 0002 2 <
ffff8e67c4a97840 3937913985 C Ci:2:006:0 0 2 = 2e6f
ffff8e67c4a97840 3937914019 S Ci:2:006:0 s c0 bc 0800 23be 0002 2 <
ffff8e67c4a97840 3937916729 C Ci:2:006:0 0 2 = 0000
ffff8e67c4a97840 3937916816 S Co:2:006:0 s 40 bc 0900 0014 0002 2 = d39e
ffff8e67c4a97840 3937919410 C Co:2:006:0 0 2 >
ffff8e67c4a97840 3937919454 S Ci:2:006:0 s c0 bc 0900 001c 0002 2 <
ffff8e67c4a97840 3937922191 C Ci:2:006:0 0 2 = 2e6f
ffff8e67c4a97840 3937922231 S Co:2:006:0 s 40 b9 0000 0000 0004 4 = 09016601
ffff8e67c4a97840 3937924888 C Co:2:006:0 0 4 >
ffff8e67c4a97840 3937924927 S Ii:2:006:3 -115:1 3 <
ffff8e67c4a97840 3937926237 C Ii:2:006:3 0:1 3 = 100000
ffff8e67c4a97840 3937926278 S Ci:2:006:0 s c0 bc 0800 0016 0002 2 <
ffff8e67c4a97840 3937929026 C Ci:2:006:0 0 2 = 0900
ffff8e67c4a97840 3937929070 S Ci:2:006:0 s c0 bc 0900 001c 0002 2 <
ffff8e67c4a97840 3937931821 C Ci:2:006:0 0 2 = 2e6f
ffff8e67c4a97840 3937931864 S Ci:2:006:0 s c0 bc 0800 23be 0004 4 <
ffff8e67c4a97840 3937934548 C Ci:2:006:0 0 4 = 000083e0
ffff8e67c4a97840 3937934590 S Co:2:006:0 s 40 bc 0800 00c0 0004 4 = 9989ec00
ffff8e67c4a97840 3937937297 C Co:2:006:0 0 4 >
ffff8e67c4a97840 3937937341 S Co:2:006:0 s 40 b9 0000 0000 0004 4 = 09006603
ffff8e67c4a97840 3937939995 C Co:2:006:0 0 4 >
ffff8e67c4a97840 3937940037 S Ii:2:006:3 -115:1 3 <
ffff8e67c4a97840 3937941360 C Ii:2:006:3 0:1 3 = 100000
ffff8e67c4a97840 3937941392 S Ci:2:006:0 s c0 bc 0800 0016 0002 2 <
ffff8e67c4a97840 3937944120 C Ci:2:006:0 0 2 = 0900
ffff8e67c4a97840 3937944163 S Ci:2:006:0 s c0 bc 0900 001c 0002 2 <
ffff8e67c4a97840 3937946930 C Ci:2:006:0 0 2 = 2e6f
ffff8e67c4a97840 3937946970 S Ci:2:006:0 s c0 bc 0800 23be 0002 2 <
ffff8e67c4a97840 3937949660 C Ci:2:006:0 0 2 = 0000
ffff8e67c4a97840 3937949704 S Co:2:006:0 s 40 bc 0900 0014 0002 2 = d39e
ffff8e67c4a97840 3937952421 C Co:2:006:0 0 2 >
ffff8e67c4a97840 3937952466 S Ci:2:006:0 s c0 bc 0900 001c 0002 2 <
ffff8e67c4a97840 3937955064 C Ci:2:006:0 0 2 = 2e6f
ffff8e67c4a97840 3937955110 S Co:2:006:0 s 40 b9 0000 0000 0004 4 = 09016601
ffff8e67c4a97840 3937957791 C Co:2:006:0 0 4 >
ffff8e67c4a97840 3937957831 S Ii:2:006:3 -115:1 3 <
ffff8e67c4a97840 3937959073 C Ii:2:006:3 0:1 3 = 100000
ffff8e67c4a97840 3937959114 S Ci:2:006:0 s c0 bc 0800 0016 0002 2 <
ffff8e67c4a97840 3937961903 C Ci:2:006:0 0 2 = 0900
ffff8e67c4a97840 3937961946 S Ci:2:006:0 s c0 bc 0900 001c 0002 2 <
ffff8e67c4a97840 3937964612 C Ci:2:006:0 0 2 = 2e6f
ffff8e67c4a97840 3937964674 S Ci:2:006:0 s c0 bc 0800 23be 0004 4 <
ffff8e67c4a97840 3937967391 C Ci:2:006:0 0 4 = 000087e0
ffff8e67c4a97840 3937967430 S Co:2:006:0 s 40 bc 0800 00c0 0004 4 = 9989ec00
ffff8e67c4a97840 3937970099 C Co:2:006:0 0 4 >
ffff8e67c4a97840 3937970140 S Co:2:006:0 s 40 b9 0000 0000 0004 4 = 09006603
ffff8e67c4a97840 3937972914 C Co:2:006:0 0 4 >
ffff8e67c4a97840 3937972954 S Ii:2:006:3 -115:1 3 <
ffff8e67c4a97840 3937974193 C Ii:2:006:3 0:1 3 = 100000
ffff8e67c4a97840 3937974234 S Ci:2:006:0 s c0 bc 0800 0016 0002 2 <
ffff8e67c4a97840 3937977014 C Ci:2:006:0 0 2 = 0900
ffff8e67c4a97840 3937977058 S Ci:2:006:0 s c0 bc 0900 001c 0002 2 <
ffff8e67c4a97840 3937979774 C Ci:2:006:0 0 2 = 2e6f
ffff8e67c4a97840 3937979816 S Ci:2:006:0 s c0 bc 0800 23be 0002 2 <
ffff8e67c4a97840 3937982560 C Ci:2:006:0 0 2 = 0000
ffff8e67c4a97840 3937982602 S Co:2:006:0 s 40 bc 0900 0014 0002 2 = d39e
ffff8e67c4a97840 3937985282 C Co:2:006:0 0 2 >
ffff8e67c4a97840 3937985325 S Ci:2:006:0 s c0 bc 0900 001c 0002 2 <
ffff8e67c4a97840 3937988022 C Ci:2:006:0 0 2 = 2e6f
ffff8e67c4a97840 3937988067 S Co:2:006:0 s 40 b9 0000 0000 0004 4 = 09016601
ffff8e67c4a97840 3937990794 C Co:2:006:0 0 4 >
ffff8e67c4a97840 3937990832 S Ii:2:006:3 -115:1 3 <
ffff8e67c4a97840 3937992103 C Ii:2:006:3 0:1 3 = 100000
ffff8e67c4a97840 3937992144 S Ci:2:006:0 s c0 bc 0800 0016 0002 2 <
ffff8e67c4a97840 3937994919 C Ci:2:006:0 0 2 = 0900
ffff8e67c4a97840 3937994962 S Ci:2:006:0 s c0 bc 0900 001c 0002 2 <
ffff8e67c4a97840 3937997632 C Ci:2:006:0 0 2 = 2e6f
ffff8e67c4a97840 3937997686 S Ci:2:006:0 s c0 bc 0800 23be 0004 4 <
ffff8e67c4a97840 3938000414 C Ci:2:006:0 0 4 = 0000b5e0
ffff8e67c4a97840 3938000458 S Co:2:006:0 s 40 bc 0800 00c0 0002 2 = 1581
ffff8e67c4a97840 3938003157 C Co:2:006:0 0 2 >
ffff8e67c4a97840 3938003200 S Co:2:006:0 s 40 b9 0000 0000 0004 4 = 09009802
ffff8e67c4a97840 3938005884 C Co:2:006:0 0 4 >
ffff8e67c4a97840 3938005926 S Ii:2:006:3 -115:1 3 <
ffff8e67c4a97840 3938007175 C Ii:2:006:3 0:1 3 = 100000
ffff8e67c4a97840 3938007215 S Ci:2:006:0 s c0 bc 0800 0016 0002 2 <
ffff8e67c4a97840 3938009975 C Ci:2:006:0 0 2 = 0900
ffff8e67c4a97840 3938010006 S Ci:2:006:0 s c0 bc 0900 001c 0002 2 <
ffff8e67c4a97840 3938012741 C Ci:2:006:0 0 2 = 2e6f
ffff8e67c4a97840 3938012799 S Ci:2:006:0 s c0 bc 0800 23be 0002 2 <
ffff8e67c4a97840 3938015549 C Ci:2:006:0 0 2 = 0000
ffff8e67c4a97840 3938015591 S Co:2:006:0 s 40 bc 0900 0014 0002 2 = d39e
ffff8e67c4a97840 3938018279 C Co:2:006:0 0 2 >
ffff8e67c4a97840 3938018323 S Ci:2:006:0 s c0 bc 0900 001c 0002 2 <
ffff8e67c4a97840 3938021011 C Ci:2:006:0 0 2 = 2e6f
ffff8e67c4a97840 3938021055 S Co:2:006:0 s 40 bc 0800 00c0 0002 2 = 658a
ffff8e67c4a97840 3938023763 C Co:2:006:0 0 2 >
ffff8e67c4a97840 3938023823 S Co:2:006:0 s 40 b9 0000 0000 0004 4 = 09009802
ffff8e67c4a97840 3938026482 C Co:2:006:0 0 4 >
ffff8e67c4a97840 3938026526 S Ii:2:006:3 -115:1 3 <
ffff8e67c4a97840 3938027821 C Ii:2:006:3 0:1 3 = 100000
ffff8e67c4a97840 3938027863 S Ci:2:006:0 s c0 bc 0800 0016 0002 2 <
ffff8e67c4a97840 3938030477 C Ci:2:006:0 0 2 = 0900
ffff8e67c4a97840 3938030535 S Ci:2:006:0 s c0 bc 0900 001c 0002 2 <
ffff8e67c4a97840 3938033225 C Ci:2:006:0 0 2 = 2e6f
ffff8e67c4a97840 3938033263 S Ci:2:006:0 s c0 bc 0800 23be 0002 2 <
ffff8e67c4a97840 3938035805 C Ci:2:006:0 0 2 = 0000
ffff8e67c4a97840 3938035846 S Co:2:006:0 s 40 bc 0900 0014 0002 2 = d39e
ffff8e67c4a97840 3938038645 C Co:2:006:0 0 2 >
ffff8e67c4a97840 3938038688 S Ci:2:006:0 s c0 bc 0900 001c 0002 2 <
ffff8e67c4a97840 3938041370 C Ci:2:006:0 0 2 = 2e6f
ffff8e67c4a97840 3938041414 S Co:2:006:0 s 40 bc 0800 00c0 0002 2 = 1089
ffff8e67c4a97840 3938044012 C Co:2:006:0 0 2 >
ffff8e67c4a97840 3938044056 S Co:2:006:0 s 40 b9 0000 0000 0004 4 = 09009802
ffff8e67c4a97840 3938046774 C Co:2:006:0 0 4 >
ffff8e67c4a97840 3938046809 S Ii:2:006:3 -115:1 3 <
ffff8e67c4a97840 3938048092 C Ii:2:006:3 0:1 3 = 100000
ffff8e67c4a97840 3938048122 S Ci:2:006:0 s c0 bc 0800 0016 0002 2 <
ffff8e67c4a97840 3938050873 C Ci:2:006:0 0 2 = 0900
ffff8e67c4a97840 3938050916 S Ci:2:006:0 s c0 bc 0900 001c 0002 2 <
ffff8e67c4a97840 3938053673 C Ci:2:006:0 0 2 = 2e6f
ffff8e67c4a97840 3938053716 S Ci:2:006:0 s c0 bc 0800 23be 0002 2 <
ffff8e67c4a97840 3938056380 C Ci:2:006:0 0 2 = 0000
ffff8e67c4a97840 3938056422 S Co:2:006:0 s 40 bc 0900 0014 0002 2 = d39e
ffff8e67c4a97840 3938059163 C Co:2:006:0 0 2 >
ffff8e67c4a97840 3938059207 S Ci:2:006:0 s c0 bc 0900 001c 0002 2 <
ffff8e67c4a97840 3938061896 C Ci:2:006:0 0 2 = 2e6f
ffff8e67c4a97840 3938061937 S Co:2:006:0 s 40 bc 0800 00c0 0002 2 = 1128
ffff8e67c4a97840 3938064661 C Co:2:006:0 0 2 >
ffff8e67c4a97840 3938064716 S Co:2:006:0 s 40 b9 0000 0000 0004 4 = 09009802
ffff8e67c4a97840 3938067426 C Co:2:006:0 0 4 >
ffff8e67c4a97840 3938067481 S Ii:2:006:3 -115:1 3 <
ffff8e67c4a97840 3938068757 C Ii:2:006:3 0:1 3 = 100000
ffff8e67c4a97840 3938068813 S Ci:2:006:0 s c0 bc 0800 0016 0002 2 <
ffff8e67c4a97840 3938071570 C Ci:2:006:0 0 2 = 0900
ffff8e67c4a97840 3938071638 S Ci:2:006:0 s c0 bc 0900 001c 0002 2 <
ffff8e67c4a97840 3938074361 C Ci:2:006:0 0 2 = 2e6f
ffff8e67c4a97840 3938074405 S Ci:2:006:0 s c0 bc 0800 23be 0002 2 <
ffff8e67c4a97840 3938077181 C Ci:2:006:0 0 2 = 0000
ffff8e67c4a97840 3938077226 S Co:2:006:0 s 40 bc 0900 0014 0002 2 = d39e
ffff8e67c4a97840 3938079942 C Co:2:006:0 0 2 >
ffff8e67c4a97840 3938079997 S Ci:2:006:0 s c0 bc 0900 001c 0002 2 <
ffff8e67c4a97840 3938082702 C Ci:2:006:0 0 2 = 2e6f
ffff8e67c4a97840 3938082756 S Co:2:006:0 s 40 bc 0800 00c0 0002 2 = 1268
ffff8e67c4a97840 3938085532 C Co:2:006:0 0 2 >
ffff8e67c4a97840 3938085604 S Co:2:006:0 s 40 b9 0000 0000 0004 4 = 09009802
ffff8e67c4a97840 3938088251 C Co:2:006:0 0 4 >
ffff8e67c4a97840 3938088300 S Ii:2:006:3 -115:1 3 <
ffff8e67c4a97840 3938089687 C Ii:2:006:3 0:1 3 = 100000
ffff8e67c4a97840 3938089727 S Ci:2:006:0 s c0 bc 0800 0016 0002 2 <
ffff8e67c4a97840 3938092363 C Ci:2:006:0 0 2 = 0900
ffff8e67c4a97840 3938092407 S Ci:2:006:0 s c0 bc 0900 001c 0002 2 <
ffff8e67c4a97840 3938095149 C Ci:2:006:0 0 2 = 2e6f
ffff8e67c4a97840 3938095184 S Ci:2:006:0 s c0 bc 0800 23be 0002 2 <
ffff8e67c4a97840 3938097989 C Ci:2:006:0 0 2 = 0000
ffff8e67c4a97840 3938098043 S Co:2:006:0 s 40 bc 0900 0014 0002 2 = d39e
ffff8e67c4a97840 3938100750 C Co:2:006:0 0 2 >
ffff8e67c4a97840 3938100807 S Ci:2:006:0 s c0 bc 0900 001c 0002 2 <
ffff8e67c4a97840 3938103463 C Ci:2:006:0 0 2 = 2e6f
ffff8e67c4a97840 3938103519 S Co:2:006:0 s 40 bc 0800 00c0 0002 2 = 13a8
ffff8e67c4a97840 3938106281 C Co:2:006:0 0 2 >
ffff8e67c4a97840 3938106338 S Co:2:006:0 s 40 b9 0000 0000 0004 4 = 09009802
ffff8e67c4a97840 3938108885 C Co:2:006:0 0 4 >
ffff8e67c4a97840 3938109011 S Ii:2:006:3 -115:1 3 <
ffff8e67c4a97840 3938110262 C Ii:2:006:3 0:1 3 = 100000
ffff8e67c4a97840 3938110321 S Ci:2:006:0 s c0 bc 0800 0016 0002 2 <
ffff8e67c4a97840 3938113067 C Ci:2:006:0 0 2 = 0900
ffff8e67c4a97840 3938113135 S Ci:2:006:0 s c0 bc 0900 001c 0002 2 <
ffff8e67c4a97840 3938115743 C Ci:2:006:0 0 2 = 2e6f
ffff8e67c4a97840 3938115800 S Ci:2:006:0 s c0 bc 0800 23be 0002 2 <
ffff8e67c4a97840 3938118435 C Ci:2:006:0 0 2 = 0000
ffff8e67c4a97840 3938118488 S Co:2:006:0 s 40 bc 0900 0014 0002 2 = d39e
ffff8e67c4a97840 3938121102 C Co:2:006:0 0 2 >
ffff8e67c4a97840 3938121155 S Ci:2:006:0 s c0 bc 0900 001c 0002 2 <
ffff8e67c4a97840 3938123708 C Ci:2:006:0 0 2 = 2e6f
ffff8e67c4a97840 3938123761 S Co:2:006:0 s 40 bc 0800 00c0 0002 2 = 1488
ffff8e67c4a97840 3938126378 C Co:2:006:0 0 2 >
ffff8e67c4a97840 3938126433 S Co:2:006:0 s 40 b9 0000 0000 0004 4 = 09009802
ffff8e67c4a97840 3938129077 C Co:2:006:0 0 4 >
ffff8e67c4a97840 3938129123 S Ii:2:006:3 -115:1 3 <
ffff8e67c4a97840 3938130426 C Ii:2:006:3 0:1 3 = 100000
ffff8e67c4a97840 3938130472 S Ci:2:006:0 s c0 bc 0800 0016 0002 2 <
ffff8e67c4a97840 3938133108 C Ci:2:006:0 0 2 = 0900
ffff8e67c4a97840 3938133155 S Ci:2:006:0 s c0 bc 0900 001c 0002 2 <
ffff8e67c4a97840 3938135751 C Ci:2:006:0 0 2 = 2e6f
ffff8e67c4a97840 3938135796 S Ci:2:006:0 s c0 bc 0800 23be 0002 2 <
ffff8e67c4a97840 3938138354 C Ci:2:006:0 0 2 = 0000
ffff8e67c4a97840 3938138382 S Co:2:006:0 s 40 bc 0900 0014 0002 2 = d39e
ffff8e67c4a97840 3938141003 C Co:2:006:0 0 2 >
ffff8e67c4a97840 3938141044 S Ci:2:006:0 s c0 bc 0900 001c 0002 2 <
ffff8e67c4a97840 3938143656 C Ci:2:006:0 0 2 = 2e6f
ffff8e67c4a97840 3938143699 S Co:2:006:0 s 40 bc 0800 00c0 0002 2 = 158b
ffff8e67c4a97840 3938146258 C Co:2:006:0 0 2 >
ffff8e67c4a97840 3938146298 S Co:2:006:0 s 40 b9 0000 0000 0004 4 = 09009802
ffff8e67c4a97840 3938148952 C Co:2:006:0 0 4 >
ffff8e67c4a97840 3938148991 S Ii:2:006:3 -115:1 3 <
ffff8e67c4a97840 3938150311 C Ii:2:006:3 0:1 3 = 100000
ffff8e67c4a97840 3938150344 S Ci:2:006:0 s c0 bc 0800 0016 0002 2 <
ffff8e67c4a97840 3938152979 C Ci:2:006:0 0 2 = 0900
ffff8e67c4a97840 3938153025 S Ci:2:006:0 s c0 bc 0900 001c 0002 2 <
ffff8e67c4a97840 3938155653 C Ci:2:006:0 0 2 = 2e6f
ffff8e67c4a97840 3938155696 S Ci:2:006:0 s c0 bc 0800 23be 0002 2 <
ffff8e67c4a97840 3938158248 C Ci:2:006:0 0 2 = 0000
ffff8e67c4a97840 3938158289 S Co:2:006:0 s 40 bc 0900 0014 0002 2 = d39e
ffff8e67c4a97840 3938160901 C Co:2:006:0 0 2 >
ffff8e67c4a97840 3938160942 S Ci:2:006:0 s c0 bc 0900 001c 0002 2 <
ffff8e67c4a97840 3938163553 C Ci:2:006:0 0 2 = 2e6f
ffff8e67c4a97840 3938163595 S Co:2:006:0 s 40 bc 0800 00c0 0004 4 = 9989ed00
ffff8e67c4a97840 3938166317 C Co:2:006:0 0 4 >
ffff8e67c4a97840 3938166357 S Co:2:006:0 s 40 b9 0000 0000 0004 4 = 09006603
ffff8e67c4a97840 3938169027 C Co:2:006:0 0 4 >
ffff8e67c4a97840 3938169066 S Ii:2:006:3 -115:1 3 <
ffff8e67c4a97840 3938170391 C Ii:2:006:3 0:1 3 = 100000
ffff8e67c4a97840 3938170432 S Ci:2:006:0 s c0 bc 0800 0016 0002 2 <
ffff8e67c4a97840 3938173047 C Ci:2:006:0 0 2 = 0900
ffff8e67c4a97840 3938173089 S Ci:2:006:0 s c0 bc 0900 001c 0002 2 <
ffff8e67c4a97840 3938175792 C Ci:2:006:0 0 2 = 2e6f
ffff8e67c4a97840 3938175836 S Ci:2:006:0 s c0 bc 0800 23be 0002 2 <
ffff8e67c4a97840 3938178473 C Ci:2:006:0 0 2 = 0000
ffff8e67c4a97840 3938178528 S Co:2:006:0 s 40 bc 0900 0014 0002 2 = d39e
ffff8e67c4a97840 3938181192 C Co:2:006:0 0 2 >
ffff8e67c4a97840 3938181247 S Ci:2:006:0 s c0 bc 0900 001c 0002 2 <
ffff8e67c4a97840 3938183971 C Ci:2:006:0 0 2 = 2e6f
ffff8e67c4a97840 3938184025 S Co:2:006:0 s 40 b9 0000 0000 0004 4 = 09016601
ffff8e67c4a97840 3938186716 C Co:2:006:0 0 4 >
ffff8e67c4a97840 3938186775 S Ii:2:006:3 -115:1 3 <
ffff8e67c4a97840 3938188030 C Ii:2:006:3 0:1 3 = 100000
ffff8e67c4a97840 3938188092 S Ci:2:006:0 s c0 bc 0800 0016 0002 2 <
ffff8e67c4a97840 3938190717 C Ci:2:006:0 0 2 = 0900
ffff8e67c4a97840 3938190762 S Ci:2:006:0 s c0 bc 0900 001c 0002 2 <
ffff8e67c4a97840 3938193481 C Ci:2:006:0 0 2 = 2e6f
ffff8e67c4a97840 3938193519 S Ci:2:006:0 s c0 bc 0800 23be 0004 4 <
ffff8e67c4a97840 3938196203 C Ci:2:006:0 0 4 = 00007ce0
ffff8e67c4a97840 3938196244 S Co:2:006:0 s 40 bc 0800 00c0 0004 4 = 9989ec00
ffff8e67c4a97840 3938198929 C Co:2:006:0 0 4 >
ffff8e67c4a97840 3938198971 S Co:2:006:0 s 40 b9 0000 0000 0004 4 = 09006603
ffff8e67c4a97840 3938201787 C Co:2:006:0 0 4 >
ffff8e67c4a97840 3938201845 S Ii:2:006:3 -115:1 3 <
ffff8e67c4a97840 3938203037 C Ii:2:006:3 0:1 3 = 100000
ffff8e67c4a97840 3938203093 S Ci:2:006:0 s c0 bc 0800 0016 0002 2 <
ffff8e67c4a97840 3938205907 C Ci:2:006:0 0 2 = 0900
ffff8e67c4a97840 3938205965 S Ci:2:006:0 s c0 bc 0900 001c 0002 2 <
ffff8e67c4a97840 3938208649 C Ci:2:006:0 0 2 = 2e6f
ffff8e67c4a97840 3938208705 S Ci:2:006:0 s c0 bc 0800 23be 0002 2 <
ffff8e67c4a97840 3938211249 C Ci:2:006:0 0 2 = 0000
ffff8e67c4a97840 3938211294 S Co:2:006:0 s 40 bc 0900 0014 0002 2 = d39e
ffff8e67c4a97840 3938213932 C Co:2:006:0 0 2 >
ffff8e67c4a97840 3938213987 S Ci:2:006:0 s c0 bc 0900 001c 0002 2 <
ffff8e67c4a97840 3938216610 C Ci:2:006:0 0 2 = 2e6f
ffff8e67c4a97840 3938216667 S Co:2:006:0 s 40 b9 0000 0000 0004 4 = 09016601
ffff8e67c4a97840 3938219324 C Co:2:006:0 0 4 >
ffff8e67c4a97840 3938219376 S Ii:2:006:3 -115:1 3 <
ffff8e67c4a97840 3938220707 C Ii:2:006:3 0:1 3 = 100000
ffff8e67c4a97840 3938220763 S Ci:2:006:0 s c0 bc 0800 0016 0002 2 <
ffff8e67c4a97840 3938223494 C Ci:2:006:0 0 2 = 0900
ffff8e67c4a97840 3938223549 S Ci:2:006:0 s c0 bc 0900 001c 0002 2 <
ffff8e67c4a97840 3938226211 C Ci:2:006:0 0 2 = 2e6f
ffff8e67c4a97840 3938226265 S Ci:2:006:0 s c0 bc 0800 23be 0004 4 <
ffff8e67c4a97840 3938228932 C Ci:2:006:0 0 4 = 0000a2e0
ffff8e67c4a97840 3938228988 S Co:2:006:0 s 40 bc 0800 00c0 0004 4 = 9989ec00
ffff8e67c4a97840 3938231736 C Co:2:006:0 0 4 >
ffff8e67c4a97840 3938231779 S Co:2:006:0 s 40 b9 0000 0000 0004 4 = 09006603
ffff8e67c4a97840 3938234247 C Co:2:006:0 0 4 >
ffff8e67c4a97840 3938234288 S Ii:2:006:3 -115:1 3 <
ffff8e67c4a97840 3938235686 C Ii:2:006:3 0:1 3 = 100000
ffff8e67c4a97840 3938235723 S Ci:2:006:0 s c0 bc 0800 0016 0002 2 <
ffff8e67c4a97840 3938238370 C Ci:2:006:0 0 2 = 0900
ffff8e67c4a97840 3938238481 S Ci:2:006:0 s c0 bc 0900 001c 0002 2 <
ffff8e67c4a97840 3938241064 C Ci:2:006:0 0 2 = 2e6f
ffff8e67c4a97840 3938241130 S Ci:2:006:0 s c0 bc 0800 23be 0002 2 <
ffff8e67c4a97840 3938243774 C Ci:2:006:0 0 2 = 0000
ffff8e67c4a97840 3938243849 S Co:2:006:0 s 40 bc 0900 0014 0002 2 = d39e
ffff8e67c4a97840 3938246399 C Co:2:006:0 0 2 >
ffff8e67c4a97840 3938246438 S Ci:2:006:0 s c0 bc 0900 001c 0002 2 <
ffff8e67c4a97840 3938249032 C Ci:2:006:0 0 2 = 2e6f
ffff8e67c4a97840 3938249150 S Co:2:006:0 s 40 b9 0000 0000 0004 4 = 09016601
ffff8e67c4a97840 3938251777 C Co:2:006:0 0 4 >
ffff8e67c4a97840 3938251813 S Ii:2:006:3 -115:1 3 <
ffff8e67c4a97840 3938253169 C Ii:2:006:3 0:1 3 = 100000
ffff8e67c4a97840 3938253196 S Ci:2:006:0 s c0 bc 0800 0016 0002 2 <
ffff8e67c4a97840 3938255832 C Ci:2:006:0 0 2 = 0900
ffff8e67c4a97840 3938256000 S Ci:2:006:0 s c0 bc 0900 001c 0002 2 <
ffff8e67c4a97840 3938258585 C Ci:2:006:0 0 2 = 2e6f
ffff8e67c4a97840 3938258693 S Ci:2:006:0 s c0 bc 0800 23be 0004 4 <
ffff8e67c4a97840 3938261319 C Ci:2:006:0 0 4 = 00002ce0
ffff8e67c4a97840 3938261386 S Co:2:006:0 s 40 bc 0800 00c0 0004 4 = 9989ec00
ffff8e67c4a97840 3938264092 C Co:2:006:0 0 4 >
ffff8e67c4a97840 3938264348 S Co:2:006:0 s 40 b9 0000 0000 0004 4 = 09006603
ffff8e67c4a97840 3938266718 C Co:2:006:0 0 4 >
ffff8e67c4a97840 3938266756 S Ii:2:006:3 -115:1 3 <
ffff8e67c4a97840 3938267963 C Ii:2:006:3 0:1 3 = 100000
ffff8e67c4a97840 3938268059 S Ci:2:006:0 s c0 bc 0800 0016 0002 2 <
ffff8e67c4a97840 3938270545 C Ci:2:006:0 0 2 = 0900
ffff8e67c4a97840 3938270566 S Ci:2:006:0 s c0 bc 0900 001c 0002 2 <
ffff8e67c4a97840 3938273330 C Ci:2:006:0 0 2 = 2e6f
ffff8e67c4a97840 3938273361 S Ci:2:006:0 s c0 bc 0800 23be 0002 2 <
ffff8e67c4a97840 3938275988 C Ci:2:006:0 0 2 = 0000
ffff8e67c4a97840 3938276076 S Co:2:006:0 s 40 bc 0900 0014 0002 2 = d39e
ffff8e67c4a97840 3938278585 C Co:2:006:0 0 2 >
ffff8e67c4a97840 3938278662 S Ci:2:006:0 s c0 bc 0900 001c 0002 2 <
ffff8e67c4a97840 3938281158 C Ci:2:006:0 0 2 = 2e6f
ffff8e67c4a97840 3938281204 S Co:2:006:0 s 40 b9 0000 0000 0004 4 = 09016601
ffff8e67c4a97840 3938283953 C Co:2:006:0 0 4 >
ffff8e67c4a97840 3938284057 S Ii:2:006:3 -115:1 3 <
ffff8e67c4a97840 3938285321 C Ii:2:006:3 0:1 3 = 100000
ffff8e67c4a97840 3938285370 S Ci:2:006:0 s c0 bc 0800 0016 0002 2 <
ffff8e67c4a97840 3938288093 C Ci:2:006:0 0 2 = 0900
ffff8e67c4a97840 3938288162 S Ci:2:006:0 s c0 bc 0900 001c 0002 2 <
ffff8e67c4a97840 3938290785 C Ci:2:006:0 0 2 = 2e6f
ffff8e67c4a97840 3938290824 S Ci:2:006:0 s c0 bc 0800 23be 0004 4 <
ffff8e67c4a97840 3938293406 C Ci:2:006:0 0 4 = 000059e0
ffff8e67c4a97840 3938293487 S Co:2:006:0 s 40 bc 0800 00c0 0004 4 = 9989ec00
ffff8e67c4a97840 3938296178 C Co:2:006:0 0 4 >
ffff8e67c4a97840 3938296228 S Co:2:006:0 s 40 b9 0000 0000 0004 4 = 09006603
ffff8e67c4a97840 3938298691 C Co:2:006:0 0 4 >
ffff8e67c4a97840 3938298788 S Ii:2:006:3 -115:1 3 <
ffff8e67c4a97840 3938299856 C Ii:2:006:3 0:1 3 = 100000
ffff8e67c4a97840 3938299893 S Ci:2:006:0 s c0 bc 0800 0016 0002 2 <
ffff8e67c4a97840 3938302675 C Ci:2:006:0 0 2 = 0900
ffff8e67c4a97840 3938302760 S Ci:2:006:0 s c0 bc 0900 001c 0002 2 <
ffff8e67c4a97840 3938305332 C Ci:2:006:0 0 2 = 2e6f
ffff8e67c4a97840 3938305363 S Ci:2:006:0 s c0 bc 0800 23be 0002 2 <
ffff8e67c4a97840 3938308037 C Ci:2:006:0 0 2 = 0000
ffff8e67c4a97840 3938308067 S Co:2:006:0 s 40 bc 0900 0014 0002 2 = d39e
ffff8e67c4a97840 3938310682 C Co:2:006:0 0 2 >
ffff8e67c4a97840 3938310746 S Ci:2:006:0 s c0 bc 0900 001c 0002 2 <
ffff8e67c4a97840 3938313357 C Ci:2:006:0 0 2 = 2e6f
ffff8e67c4a97840 3938313386 S Co:2:006:0 s 40 b9 0000 0000 0004 4 = 09016601
ffff8e67c4a97840 3938316107 C Co:2:006:0 0 4 >
ffff8e67c4a97840 3938316159 S Ii:2:006:3 -115:1 3 <
ffff8e67c4a97840 3938317439 C Ii:2:006:3 0:1 3 = 100000
ffff8e67c4a97840 3938317551 S Ci:2:006:0 s c0 bc 0800 0016 0002 2 <
ffff8e67c4a97840 3938320269 C Ci:2:006:0 0 2 = 0900
ffff8e67c4a97840 3938320304 S Ci:2:006:0 s c0 bc 0900 001c 0002 2 <
ffff8e67c4a97840 3938322780 C Ci:2:006:0 0 2 = 2e6f
ffff8e67c4a97840 3938322859 S Ci:2:006:0 s c0 bc 0800 23be 0004 4 <
ffff8e67c4a97840 3938325406 C Ci:2:006:0 0 4 = 0000dee0
ffff8e67c4a97840 3938325443 S Co:2:006:0 s 40 bc 0800 00c0 0004 4 = 9989ec00
ffff8e67c4a97840 3938328150 C Co:2:006:0 0 4 >
ffff8e67c4a97840 3938328230 S Co:2:006:0 s 40 b9 0000 0000 0004 4 = 09006603
ffff8e67c4a97840 3938330964 C Co:2:006:0 0 4 >
ffff8e67c4a97840 3938331002 S Ii:2:006:3 -115:1 3 <
ffff8e67c4a97840 3938332270 C Ii:2:006:3 0:1 3 = 100000
ffff8e67c4a97840 3938332346 S Ci:2:006:0 s c0 bc 0800 0016 0002 2 <
ffff8e67c4a97840 3938335046 C Ci:2:006:0 0 2 = 0900
ffff8e67c4a97840 3938335085 S Ci:2:006:0 s c0 bc 0900 001c 0002 2 <
ffff8e67c4a97840 3938337796 C Ci:2:006:0 0 2 = 2e6f
ffff8e67c4a97840 3938337880 S Ci:2:006:0 s c0 bc 0800 23be 0002 2 <
ffff8e67c4a97840 3938340382 C Ci:2:006:0 0 2 = 0000
ffff8e67c4a97840 3938340420 S Co:2:006:0 s 40 bc 0900 0014 0002 2 = d39e
ffff8e67c4a97840 3938343065 C Co:2:006:0 0 2 >
ffff8e67c4a97840 3938343146 S Ci:2:006:0 s c0 bc 0900 001c 0002 2 <
ffff8e67c4a97840 3938345607 C Ci:2:006:0 0 2 = 2e6f
ffff8e67c4a97840 3938345638 S Co:2:006:0 s 40 b9 0000 0000 0004 4 = 09016601
ffff8e67c4a97840 3938348321 C Co:2:006:0 0 4 >
ffff8e67c4a97840 3938348357 S Ii:2:006:3 -115:1 3 <
ffff8e67c4a97840 3938349661 C Ii:2:006:3 0:1 3 = 100000
ffff8e67c4a97840 3938349742 S Ci:2:006:0 s c0 bc 0800 0016 0002 2 <
ffff8e67c4a97840 3938352273 C Ci:2:006:0 0 2 = 0900
ffff8e67c4a97840 3938352423 S Ci:2:006:0 s c0 bc 0900 001c 0002 2 <
ffff8e67c4a97840 3938355078 C Ci:2:006:0 0 2 = 2e6f
ffff8e67c4a97840 3938355110 S Ci:2:006:0 s c0 bc 0800 23be 0004 4 <
ffff8e67c4a97840 3938357673 C Ci:2:006:0 0 4 = 00002de0
ffff8e67c4a97840 3938357744 S Co:2:006:0 s 40 bc 0800 00c0 0004 4 = 9989ec00
ffff8e67c4a97840 3938360258 C Co:2:006:0 0 4 >
ffff8e67c4a97840 3938360284 S Co:2:006:0 s 40 b9 0000 0000 0004 4 = 09006603
ffff8e67c4a97840 3938362937 C Co:2:006:0 0 4 >
ffff8e67c4a97840 3938363021 S Ii:2:006:3 -115:1 3 <
ffff8e67c4a97840 3938364260 C Ii:2:006:3 0:1 3 = 100000
ffff8e67c4a97840 3938364296 S Ci:2:006:0 s c0 bc 0800 0016 0002 2 <
ffff8e67c4a97840 3938366920 C Ci:2:006:0 0 2 = 0900
ffff8e67c4a97840 3938367003 S Ci:2:006:0 s c0 bc 0900 001c 0002 2 <
ffff8e67c4a97840 3938369497 C Ci:2:006:0 0 2 = 2e6f
ffff8e67c4a97840 3938369535 S Ci:2:006:0 s c0 bc 0800 23be 0002 2 <
ffff8e67c4a97840 3938372365 C Ci:2:006:0 0 2 = 0000
ffff8e67c4a97840 3938372400 S Co:2:006:0 s 40 bc 0900 0014 0002 2 = d39e
ffff8e67c4a97840 3938375057 C Co:2:006:0 0 2 >
ffff8e67c4a97840 3938375140 S Ci:2:006:0 s c0 bc 0900 001c 0002 2 <
ffff8e67c4a97840 3938377680 C Ci:2:006:0 0 2 = 2e6f
ffff8e67c4a97840 3938377717 S Co:2:006:0 s 40 b9 0000 0000 0004 4 = 09016601
ffff8e67c4a97840 3938380284 C Co:2:006:0 0 4 >
ffff8e67c4a97840 3938380362 S Ii:2:006:3 -115:1 3 <
ffff8e67c4a97840 3938381533 C Ii:2:006:3 0:1 3 = 100000
ffff8e67c4a97840 3938381571 S Ci:2:006:0 s c0 bc 0800 0016 0002 2 <
ffff8e67c4a97840 3938384218 C Ci:2:006:0 0 2 = 0900
ffff8e67c4a97840 3938384321 S Ci:2:006:0 s c0 bc 0900 001c 0002 2 <
ffff8e67c4a97840 3938386919 C Ci:2:006:0 0 2 = 2e6f
ffff8e67c4a97840 3938386958 S Ci:2:006:0 s c0 bc 0800 23be 0004 4 <
ffff8e67c4a97840 3938389623 C Ci:2:006:0 0 4 = 0000bde0
ffff8e67c4a97840 3938389707 S Co:2:006:0 s 40 bc 0800 00c0 0004 4 = 9989ec00
ffff8e67c4a97840 3938392340 C Co:2:006:0 0 4 >
ffff8e67c4a97840 3938392414 S Co:2:006:0 s 40 b9 0000 0000 0004 4 = 09006603
ffff8e67c4a97840 3938394941 C Co:2:006:0 0 4 >
ffff8e67c4a97840 3938395020 S Ii:2:006:3 -115:1 3 <
ffff8e67c4a97840 3938396249 C Ii:2:006:3 0:1 3 = 100000
ffff8e67c4a97840 3938396324 S Ci:2:006:0 s c0 bc 0800 0016 0002 2 <
ffff8e67c4a97840 3938399199 C Ci:2:006:0 0 2 = 0900
ffff8e67c4a97840 3938399238 S Ci:2:006:0 s c0 bc 0900 001c 0002 2 <
ffff8e67c4a97840 3938401938 C Ci:2:006:0 0 2 = 2e6f
ffff8e67c4a97840 3938401969 S Ci:2:006:0 s c0 bc 0800 23be 0002 2 <
ffff8e67c4a97840 3938404522 C Ci:2:006:0 0 2 = 0000
ffff8e67c4a97840 3938404634 S Co:2:006:0 s 40 bc 0900 0014 0002 2 = d39e
ffff8e67c4a97840 3938407208 C Co:2:006:0 0 2 >
ffff8e67c4a97840 3938407248 S Ci:2:006:0 s c0 bc 0900 001c 0002 2 <
ffff8e67c4a97840 3938410025 C Ci:2:006:0 0 2 = 2e6f
ffff8e67c4a97840 3938410108 S Co:2:006:0 s 40 b9 0000 0000 0004 4 = 09016601
ffff8e67c4a97840 3938412550 C Co:2:006:0 0 4 >
ffff8e67c4a97840 3938412647 S Ii:2:006:3 -115:1 3 <
ffff8e67c4a97840 3938413904 C Ii:2:006:3 0:1 3 = 100000
ffff8e67c4a97840 3938413976 S Ci:2:006:0 s c0 bc 0800 0016 0002 2 <
ffff8e67c4a97840 3938416717 C Ci:2:006:0 0 2 = 0900
ffff8e67c4a97840 3938416756 S Ci:2:006:0 s c0 bc 0900 001c 0002 2 <
ffff8e67c4a97840 3938419468 C Ci:2:006:0 0 2 = 2e6f
ffff8e67c4a97840 3938419543 S Ci:2:006:0 s c0 bc 0800 23be 0004 4 <
ffff8e67c4a97840 3938422182 C Ci:2:006:0 0 4 = 000099e0
ffff8e67c4a97840 3938422273 S Co:2:006:0 s 40 bc 0800 00c0 0004 4 = 9989ec00
ffff8e67c4a97840 3938424828 C Co:2:006:0 0 4 >
ffff8e67c4a97840 3938424910 S Co:2:006:0 s 40 b9 0000 0000 0004 4 = 09006603
ffff8e67c4a97840 3938427461 C Co:2:006:0 0 4 >
ffff8e67c4a97840 3938427485 S Ii:2:006:3 -115:1 3 <
ffff8e67c4a97840 3938428786 C Ii:2:006:3 0:1 3 = 100000
ffff8e67c4a97840 3938428861 S Ci:2:006:0 s c0 bc 0800 0016 0002 2 <
ffff8e67c4a97840 3938431615 C Ci:2:006:0 0 2 = 0900
ffff8e67c4a97840 3938431655 S Ci:2:006:0 s c0 bc 0900 001c 0002 2 <
ffff8e67c4a97840 3938434224 C Ci:2:006:0 0 2 = 2e6f
ffff8e67c4a97840 3938434298 S Ci:2:006:0 s c0 bc 0800 23be 0002 2 <
ffff8e67c4a97840 3938436999 C Ci:2:006:0 0 2 = 0000
ffff8e67c4a97840 3938437030 S Co:2:006:0 s 40 bc 0900 0014 0002 2 = d39e
ffff8e67c4a97840 3938439661 C Co:2:006:0 0 2 >
ffff8e67c4a97840 3938439739 S Ci:2:006:0 s c0 bc 0900 001c 0002 2 <
ffff8e67c4a97840 3938442403 C Ci:2:006:0 0 2 = 2e6f
ffff8e67c4a97840 3938442444 S Co:2:006:0 s 40 b9 0000 0000 0004 4 = 09016601
ffff8e67c4a97840 3938445143 C Co:2:006:0 0 4 >
ffff8e67c4a97840 3938445353 S Ii:2:006:3 -115:1 3 <
ffff8e67c4a97840 3938446420 C Ii:2:006:3 0:1 3 = 100000
ffff8e67c4a97840 3938446501 S Ci:2:006:0 s c0 bc 0800 0016 0002 2 <
ffff8e67c4a97840 3938449271 C Ci:2:006:0 0 2 = 0900
ffff8e67c4a97840 3938449311 S Ci:2:006:0 s c0 bc 0900 001c 0002 2 <
ffff8e67c4a97840 3938451960 C Ci:2:006:0 0 2 = 2e6f
ffff8e67c4a97840 3938452000 S Ci:2:006:0 s c0 bc 0800 23be 0004 4 <
ffff8e67c4a97840 3938454615 C Ci:2:006:0 0 4 = 0000c3e0
ffff8e67c4a97840 3938454652 S Co:2:006:0 s 40 bc 0800 00c0 0004 4 = 9989ec00
ffff8e67c4a97840 3938457422 C Co:2:006:0 0 4 >
ffff8e67c4a97840 3938457461 S Co:2:006:0 s 40 b9 0000 0000 0004 4 = 09006603
ffff8e67c4a97840 3938460160 C Co:2:006:0 0 4 >
ffff8e67c4a97840 3938460197 S Ii:2:006:3 -115:1 3 <
ffff8e67c4a97840 3938461392 C Ii:2:006:3 0:1 3 = 100000
ffff8e67c4a97840 3938461467 S Ci:2:006:0 s c0 bc 0800 0016 0002 2 <
ffff8e67c4a97840 3938464206 C Ci:2:006:0 0 2 = 0900
ffff8e67c4a97840 3938464275 S Ci:2:006:0 s c0 bc 0900 001c 0002 2 <
ffff8e67c4a97840 3938467019 C Ci:2:006:0 0 2 = 2e6f
ffff8e67c4a97840 3938467050 S Ci:2:006:0 s c0 bc 0800 23be 0002 2 <
ffff8e67c4a97840 3938469885 C Ci:2:006:0 0 2 = 0000
ffff8e67c4a97840 3938469923 S Co:2:006:0 s 40 bc 0900 0014 0002 2 = d39e
ffff8e67c4a97840 3938472661 C Co:2:006:0 0 2 >
ffff8e67c4a97840 3938472742 S Ci:2:006:0 s c0 bc 0900 001c 0002 2 <
ffff8e67c4a97840 3938475407 C Ci:2:006:0 0 2 = 2e6f
ffff8e67c4a97840 3938475447 S Co:2:006:0 s 40 b9 0000 0000 0004 4 = 09016601
ffff8e67c4a97840 3938478124 C Co:2:006:0 0 4 >
ffff8e67c4a97840 3938478190 S Ii:2:006:3 -115:1 3 <
ffff8e67c4a97840 3938479473 C Ii:2:006:3 0:1 3 = 100000
ffff8e67c4a97840 3938479552 S Ci:2:006:0 s c0 bc 0800 0016 0002 2 <
ffff8e67c4a97840 3938482264 C Ci:2:006:0 0 2 = 0900
ffff8e67c4a97840 3938482304 S Ci:2:006:0 s c0 bc 0900 001c 0002 2 <
ffff8e67c4a97840 3938484987 C Ci:2:006:0 0 2 = 2e6f
ffff8e67c4a97840 3938485018 S Ci:2:006:0 s c0 bc 0800 23be 0004 4 <
ffff8e67c4a97840 3938487776 C Ci:2:006:0 0 4 = 000011e0
ffff8e67c4a97840 3938487979 S Co:2:006:0 s 40 bc 0800 00c0 0004 4 = 9989ec00
ffff8e67c4a97840 3938490415 C Co:2:006:0 0 4 >
ffff8e67c4a97840 3938490455 S Co:2:006:0 s 40 b9 0000 0000 0004 4 = 09006603
ffff8e67c4a97840 3938493062 C Co:2:006:0 0 4 >
ffff8e67c4a97840 3938493137 S Ii:2:006:3 -115:1 3 <
ffff8e67c4a97840 3938494450 C Ii:2:006:3 0:1 3 = 100000
ffff8e67c4a97840 3938494487 S Ci:2:006:0 s c0 bc 0800 0016 0002 2 <
ffff8e67c4a97840 3938497245 C Ci:2:006:0 0 2 = 0900
ffff8e67c4a97840 3938497328 S Ci:2:006:0 s c0 bc 0900 001c 0002 2 <
ffff8e67c4a97840 3938499934 C Ci:2:006:0 0 2 = 2e6f
ffff8e67c4a97840 3938499972 S Ci:2:006:0 s c0 bc 0800 23be 0002 2 <
ffff8e67c4a97840 3938502539 C Ci:2:006:0 0 2 = 0000
ffff8e67c4a97840 3938502589 S Co:2:006:0 s 40 bc 0900 0014 0002 2 = d39e
ffff8e67c4a97840 3938505177 C Co:2:006:0 0 2 >
ffff8e67c4a97840 3938505260 S Ci:2:006:0 s c0 bc 0900 001c 0002 2 <
ffff8e67c4a97840 3938507824 C Ci:2:006:0 0 2 = 2e6f
ffff8e67c4a97840 3938507865 S Co:2:006:0 s 40 b9 0000 0000 0004 4 = 09016601
ffff8e67c4a97840 3938510603 C Co:2:006:0 0 4 >
ffff8e67c4a97840 3938510717 S Ii:2:006:3 -115:1 3 <
ffff8e67c4a97840 3938511956 C Ii:2:006:3 0:1 3 = 100000
ffff8e67c4a97840 3938511995 S Ci:2:006:0 s c0 bc 0800 0016 0002 2 <
ffff8e67c4a97840 3938514728 C Ci:2:006:0 0 2 = 0900
ffff8e67c4a97840 3938514773 S Ci:2:006:0 s c0 bc 0900 001c 0002 2 <
ffff8e67c4a97840 3938517313 C Ci:2:006:0 0 2 = 2e6f
ffff8e67c4a97840 3938517353 S Ci:2:006:0 s c0 bc 0800 23be 0004 4 <
ffff8e67c4a97840 3938519970 C Ci:2:006:0 0 4 = 00004de0
ffff8e67c4a97840 3938520187 S Co:2:006:0 s 40 bc 0800 00c0 0004 4 = 9989ec00
ffff8e67c4a97840 3938522653 C Co:2:006:0 0 4 >
ffff8e67c4a97840 3938522695 S Co:2:006:0 s 40 b9 0000 0000 0004 4 = 09006603
ffff8e67c4a97840 3938525253 C Co:2:006:0 0 4 >
ffff8e67c4a97840 3938525292 S Ii:2:006:3 -115:1 3 <
ffff8e67c4a97840 3938526662 C Ii:2:006:3 0:1 3 = 100000
ffff8e67c4a97840 3938526703 S Ci:2:006:0 s c0 bc 0800 0016 0002 2 <
ffff8e67c4a97840 3938529275 C Ci:2:006:0 0 2 = 0900
ffff8e67c4a97840 3938529317 S Ci:2:006:0 s c0 bc 0900 001c 0002 2 <
ffff8e67c4a97840 3938531973 C Ci:2:006:0 0 2 = 2e6f
ffff8e67c4a97840 3938532015 S Ci:2:006:0 s c0 bc 0800 23be 0002 2 <
ffff8e67c4a97840 3938534736 C Ci:2:006:0 0 2 = 0000
ffff8e67c4a97840 3938534778 S Co:2:006:0 s 40 bc 0900 0014 0002 2 = d39e
ffff8e67c4a97840 3938537477 C Co:2:006:0 0 2 >
ffff8e67c4a97840 3938537517 S Ci:2:006:0 s c0 bc 0900 001c 0002 2 <
ffff8e67c4a97840 3938540217 C Ci:2:006:0 0 2 = 2e6f
ffff8e67c4a97840 3938540261 S Co:2:006:0 s 40 b9 0000 0000 0004 4 = 09016601
ffff8e67c4a97840 3938543004 C Co:2:006:0 0 4 >
ffff8e67c4a97840 3938543045 S Ii:2:006:3 -115:1 3 <
ffff8e67c4a97840 3938544222 C Ii:2:006:3 0:1 3 = 100000
ffff8e67c4a97840 3938544263 S Ci:2:006:0 s c0 bc 0800 0016 0002 2 <
ffff8e67c4a97840 3938547004 C Ci:2:006:0 0 2 = 0900
ffff8e67c4a97840 3938547048 S Ci:2:006:0 s c0 bc 0900 001c 0002 2 <
ffff8e67c4a97840 3938549743 C Ci:2:006:0 0 2 = 2e6f
ffff8e67c4a97840 3938549786 S Ci:2:006:0 s c0 bc 0800 23be 0004 4 <
ffff8e67c4a97840 3938552659 C Ci:2:006:0 0 4 = 00008de0
ffff8e67c4a97840 3938552782 S Co:2:006:0 s 40 bc 0800 00c0 0004 4 = 9989ec00
ffff8e67c4a97840 3938555192 C Co:2:006:0 0 4 >
ffff8e67c4a97840 3938555237 S Co:2:006:0 s 40 b9 0000 0000 0004 4 = 09006603
ffff8e67c4a97840 3938557816 C Co:2:006:0 0 4 >
ffff8e67c4a97840 3938557858 S Ii:2:006:3 -115:1 3 <
ffff8e67c4a97840 3938559166 C Ii:2:006:3 0:1 3 = 100000
ffff8e67c4a97840 3938559205 S Ci:2:006:0 s c0 bc 0800 0016 0002 2 <
ffff8e67c4a97840 3938561979 C Ci:2:006:0 0 2 = 0900
ffff8e67c4a97840 3938562020 S Ci:2:006:0 s c0 bc 0900 001c 0002 2 <
ffff8e67c4a97840 3938564709 C Ci:2:006:0 0 2 = 2e6f
ffff8e67c4a97840 3938564743 S Ci:2:006:0 s c0 bc 0800 23be 0002 2 <
ffff8e67c4a97840 3938567305 C Ci:2:006:0 0 2 = 0000
ffff8e67c4a97840 3938567369 S Co:2:006:0 s 40 bc 0900 0014 0002 2 = d39e
ffff8e67c4a97840 3938570127 C Co:2:006:0 0 2 >
ffff8e67c4a97840 3938570171 S Ci:2:006:0 s c0 bc 0900 001c 0002 2 <
ffff8e67c4a97840 3938572875 C Ci:2:006:0 0 2 = 2e6f
ffff8e67c4a97840 3938572919 S Co:2:006:0 s 40 b9 0000 0000 0004 4 = 09016601
ffff8e67c4a97840 3938575618 C Co:2:006:0 0 4 >
ffff8e67c4a97840 3938575658 S Ii:2:006:3 -115:1 3 <
ffff8e67c4a97840 3938576912 C Ii:2:006:3 0:1 3 = 100000
ffff8e67c4a97840 3938576954 S Ci:2:006:0 s c0 bc 0800 0016 0002 2 <
ffff8e67c4a97840 3938579752 C Ci:2:006:0 0 2 = 0900
ffff8e67c4a97840 3938579797 S Ci:2:006:0 s c0 bc 0900 001c 0002 2 <
ffff8e67c4a97840 3938582480 C Ci:2:006:0 0 2 = 2e6f
ffff8e67c4a97840 3938582515 S Ci:2:006:0 s c0 bc 0800 23be 0004 4 <
ffff8e67c4a97840 3938585269 C Ci:2:006:0 0 4 = 000059e0
ffff8e67c4a97840 3938585312 S Co:2:006:0 s 40 bc 0800 00c0 0004 4 = 9989ec00
ffff8e67c4a97840 3938587994 C Co:2:006:0 0 4 >
ffff8e67c4a97840 3938588036 S Co:2:006:0 s 40 b9 0000 0000 0004 4 = 09006603
ffff8e67c4a97840 3938590680 C Co:2:006:0 0 4 >
ffff8e67c4a97840 3938590722 S Ii:2:006:3 -115:1 3 <
ffff8e67c4a97840 3938591937 C Ii:2:006:3 0:1 3 = 100000
ffff8e67c4a97840 3938592029 S Ci:2:006:0 s c0 bc 0800 0016 0002 2 <
ffff8e67c4a97840 3938594863 C Ci:2:006:0 0 2 = 0900
ffff8e67c4a97840 3938594914 S Ci:2:006:0 s c0 bc 0900 001c 0002 2 <
ffff8e67c4a97840 3938597598 C Ci:2:006:0 0 2 = 2e6f
ffff8e67c4a97840 3938597631 S Ci:2:006:0 s c0 bc 0800 23be 0002 2 <
ffff8e67c4a97840 3938600347 C Ci:2:006:0 0 2 = 0000
ffff8e67c4a97840 3938600407 S Co:2:006:0 s 40 bc 0900 0014 0002 2 = d39e
ffff8e67c4a97840 3938603068 C Co:2:006:0 0 2 >
ffff8e67c4a97840 3938603115 S Ci:2:006:0 s c0 bc 0900 001c 0002 2 <
ffff8e67c4a97840 3938605754 C Ci:2:006:0 0 2 = 2e6f
ffff8e67c4a97840 3938605813 S Co:2:006:0 s 40 b9 0000 0000 0004 4 = 09016601
ffff8e67c4a97840 3938608477 C Co:2:006:0 0 4 >
ffff8e67c4a97840 3938608531 S Ii:2:006:3 -115:1 3 <
ffff8e67c4a97840 3938609836 C Ii:2:006:3 0:1 3 = 100000
ffff8e67c4a97840 3938609892 S Ci:2:006:0 s c0 bc 0800 0016 0002 2 <
ffff8e67c4a97840 3938612621 C Ci:2:006:0 0 2 = 0900
ffff8e67c4a97840 3938612678 S Ci:2:006:0 s c0 bc 0900 001c 0002 2 <
ffff8e67c4a97840 3938615377 C Ci:2:006:0 0 2 = 2e6f
ffff8e67c4a97840 3938615422 S Ci:2:006:0 s c0 bc 0800 23be 0004 4 <
ffff8e67c4a97840 3938618111 C Ci:2:006:0 0 4 = 000090e0
ffff8e67c4a97840 3938618157 S Co:2:006:0 s 40 bc 0800 00c0 0004 4 = 9989ec00
ffff8e67c4a97840 3938620869 C Co:2:006:0 0 4 >
ffff8e67c4a97840 3938620976 S Co:2:006:0 s 40 b9 0000 0000 0004 4 = 09006603
ffff8e67c4a97840 3938623597 C Co:2:006:0 0 4 >
ffff8e67c4a97840 3938623648 S Ii:2:006:3 -115:1 3 <
ffff8e67c4a97840 3938624881 C Ii:2:006:3 0:1 3 = 100000
ffff8e67c4a97840 3938624985 S Ci:2:006:0 s c0 bc 0800 0016 0002 2 <
ffff8e67c4a97840 3938627697 C Ci:2:006:0 0 2 = 0900
ffff8e67c4a97840 3938627751 S Ci:2:006:0 s c0 bc 0900 001c 0002 2 <
ffff8e67c4a97840 3938630289 C Ci:2:006:0 0 2 = 2e6f
ffff8e67c4a97840 3938630395 S Ci:2:006:0 s c0 bc 0800 23be 0002 2 <
ffff8e67c4a97840 3938632909 C Ci:2:006:0 0 2 = 0000
ffff8e67c4a97840 3938632961 S Co:2:006:0 s 40 bc 0900 0014 0002 2 = d39e
ffff8e67c4a97840 3938635690 C Co:2:006:0 0 2 >
ffff8e67c4a97840 3938635797 S Ci:2:006:0 s c0 bc 0900 001c 0002 2 <
ffff8e67c4a97840 3938638316 C Ci:2:006:0 0 2 = 2e6f
ffff8e67c4a97840 3938638367 S Co:2:006:0 s 40 b9 0000 0000 0004 4 = 09016601
ffff8e67c4a97840 3938640927 C Co:2:006:0 0 4 >
ffff8e67c4a97840 3938641032 S Ii:2:006:3 -115:1 3 <
ffff8e67c4a97840 3938642415 C Ii:2:006:3 0:1 3 = 100000
ffff8e67c4a97840 3938642524 S Ci:2:006:0 s c0 bc 0800 0016 0002 2 <
ffff8e67c4a97840 3938645350 C Ci:2:006:0 0 2 = 0900
ffff8e67c4a97840 3938645469 S Ci:2:006:0 s c0 bc 0900 001c 0002 2 <
ffff8e67c4a97840 3938648141 C Ci:2:006:0 0 2 = 2e6f
ffff8e67c4a97840 3938648233 S Ci:2:006:0 s c0 bc 0800 23be 0004 4 <
ffff8e67c4a97840 3938650911 C Ci:2:006:0 0 4 = 000031e0
ffff8e67c4a97840 3938650963 S Co:2:006:0 s 40 bc 0800 00c0 0004 4 = 9989ec00
ffff8e67c4a97840 3938653717 C Co:2:006:0 0 4 >
ffff8e67c4a97840 3938653804 S Co:2:006:0 s 40 b9 0000 0000 0004 4 = 09006603
ffff8e67c4a97840 3938656485 C Co:2:006:0 0 4 >
ffff8e67c4a97840 3938656592 S Ii:2:006:3 -115:1 3 <
ffff8e67c4a97840 3938657808 C Ii:2:006:3 0:1 3 = 100000
ffff8e67c4a97840 3938657916 S Ci:2:006:0 s c0 bc 0800 0016 0002 2 <
ffff8e67c4a97840 3938660632 C Ci:2:006:0 0 2 = 0900
ffff8e67c4a97840 3938660685 S Ci:2:006:0 s c0 bc 0900 001c 0002 2 <
ffff8e67c4a97840 3938663383 C Ci:2:006:0 0 2 = 2e6f
ffff8e67c4a97840 3938663487 S Ci:2:006:0 s c0 bc 0800 23be 0002 2 <
ffff8e67c4a97840 3938666121 C Ci:2:006:0 0 2 = 0000
ffff8e67c4a97840 3938666170 S Co:2:006:0 s 40 bc 0900 0014 0002 2 = d39e
ffff8e67c4a97840 3938668858 C Co:2:006:0 0 2 >
ffff8e67c4a97840 3938668959 S Ci:2:006:0 s c0 bc 0900 001c 0002 2 <
ffff8e67c4a97840 3938671627 C Ci:2:006:0 0 2 = 2e6f
ffff8e67c4a97840 3938671728 S Co:2:006:0 s 40 b9 0000 0000 0004 4 = 09016601
ffff8e67c4a97840 3938674380 C Co:2:006:0 0 4 >
ffff8e67c4a97840 3938674447 S Ii:2:006:3 -115:1 3 <
ffff8e67c4a97840 3938675790 C Ii:2:006:3 0:1 3 = 100000
ffff8e67c4a97840 3938675876 S Ci:2:006:0 s c0 bc 0800 0016 0002 2 <
ffff8e67c4a97840 3938678592 C Ci:2:006:0 0 2 = 0900
ffff8e67c4a97840 3938678682 S Ci:2:006:0 s c0 bc 0900 001c 0002 2 <
ffff8e67c4a97840 3938681340 C Ci:2:006:0 0 2 = 2e6f
ffff8e67c4a97840 3938681384 S Ci:2:006:0 s c0 bc 0800 23be 0004 4 <
ffff8e67c4a97840 3938684086 C Ci:2:006:0 0 4 = 00007ee0
ffff8e67c4a97840 3938684175 S Co:2:006:0 s 40 bc 0800 00c0 0004 4 = 9989ec00
ffff8e67c4a97840 3938686828 C Co:2:006:0 0 4 >
ffff8e67c4a97840 3938686912 S Co:2:006:0 s 40 b9 0000 0000 0004 4 = 09006603
ffff8e67c4a97840 3938689565 C Co:2:006:0 0 4 >
ffff8e67c4a97840 3938689607 S Ii:2:006:3 -115:1 3 <
ffff8e67c4a97840 3938690852 C Ii:2:006:3 0:1 3 = 100000
ffff8e67c4a97840 3938690905 S Ci:2:006:0 s c0 bc 0800 0016 0002 2 <
ffff8e67c4a97840 3938693712 C Ci:2:006:0 0 2 = 0900
ffff8e67c4a97840 3938693801 S Ci:2:006:0 s c0 bc 0900 001c 0002 2 <
ffff8e67c4a97840 3938696456 C Ci:2:006:0 0 2 = 2e6f
ffff8e67c4a97840 3938696498 S Ci:2:006:0 s c0 bc 0800 23be 0002 2 <
ffff8e67c4a97840 3938699222 C Ci:2:006:0 0 2 = 0000
ffff8e67c4a97840 3938699313 S Co:2:006:0 s 40 bc 0900 0014 0002 2 = d39e
ffff8e67c4a97840 3938701959 C Co:2:006:0 0 2 >
ffff8e67c4a97840 3938702099 S Ci:2:006:0 s c0 bc 0900 001c 0002 2 <
ffff8e67c4a97840 3938704700 C Ci:2:006:0 0 2 = 2e6f
ffff8e67c4a97840 3938704775 S Co:2:006:0 s 40 b9 0000 0000 0004 4 = 09016601
ffff8e67c4a97840 3938707433 C Co:2:006:0 0 4 >
ffff8e67c4a97840 3938707474 S Ii:2:006:3 -115:1 3 <
ffff8e67c4a97840 3938708806 C Ii:2:006:3 0:1 3 = 100000
ffff8e67c4a97840 3938708890 S Ci:2:006:0 s c0 bc 0800 0016 0002 2 <
ffff8e67c4a97840 3938711772 C Ci:2:006:0 0 2 = 0900
ffff8e67c4a97840 3938712151 S Ci:2:006:0 s c0 bc 0900 001c 0002 2 <
ffff8e67c4a97840 3938714368 C Ci:2:006:0 0 2 = 2e6f
ffff8e67c4a97840 3938714409 S Ci:2:006:0 s c0 bc 0800 23be 0004 4 <
ffff8e67c4a97840 3938717087 C Ci:2:006:0 0 4 = 00004ae0
ffff8e67c4a97840 3938717129 S Co:2:006:0 s 40 bc 0800 00c0 0004 4 = 9989ec00
ffff8e67c4a97840 3938719826 C Co:2:006:0 0 4 >
ffff8e67c4a97840 3938720033 S Co:2:006:0 s 40 b9 0000 0000 0004 4 = 09006603
ffff8e67c4a97840 3938722536 C Co:2:006:0 0 4 >
ffff8e67c4a97840 3938722622 S Ii:2:006:3 -115:1 3 <
ffff8e67c4a97840 3938723856 C Ii:2:006:3 0:1 3 = 100000
ffff8e67c4a97840 3938723928 S Ci:2:006:0 s c0 bc 0800 0016 0002 2 <
ffff8e67c4a97840 3938726677 C Ci:2:006:0 0 2 = 0900
ffff8e67c4a97840 3938726713 S Ci:2:006:0 s c0 bc 0900 001c 0002 2 <
ffff8e67c4a97840 3938729297 C Ci:2:006:0 0 2 = 2e6f
ffff8e67c4a97840 3938729370 S Ci:2:006:0 s c0 bc 0800 23be 0002 2 <
ffff8e67c4a97840 3938732060 C Ci:2:006:0 0 2 = 0000
ffff8e67c4a97840 3938732164 S Co:2:006:0 s 40 bc 0900 0014 0002 2 = d39e
ffff8e67c4a97840 3938734761 C Co:2:006:0 0 2 >
ffff8e67c4a97840 3938734796 S Ci:2:006:0 s c0 bc 0900 001c 0002 2 <
ffff8e67c4a97840 3938737529 C Ci:2:006:0 0 2 = 2e6f
ffff8e67c4a97840 3938737613 S Co:2:006:0 s 40 b9 0000 0000 0004 4 = 09016601
ffff8e67c4a97840 3938740294 C Co:2:006:0 0 4 >
ffff8e67c4a97840 3938740327 S Ii:2:006:3 -115:1 3 <
ffff8e67c4a97840 3938741598 C Ii:2:006:3 0:1 3 = 100000
ffff8e67c4a97840 3938741661 S Ci:2:006:0 s c0 bc 0800 0016 0002 2 <
ffff8e67c4a97840 3938744197 C Ci:2:006:0 0 2 = 0900
ffff8e67c4a97840 3938744260 S Ci:2:006:0 s c0 bc 0900 001c 0002 2 <
ffff8e67c4a97840 3938746875 C Ci:2:006:0 0 2 = 2e6f
ffff8e67c4a97840 3938746906 S Ci:2:006:0 s c0 bc 0800 23be 0004 4 <
ffff8e67c4a97840 3938749512 C Ci:2:006:0 0 4 = 000091e0
ffff8e67c4a97840 3938749590 S Co:2:006:0 s 40 bc 0800 00c0 0004 4 = 9989ec00
ffff8e67c4a97840 3938752142 C Co:2:006:0 0 4 >
ffff8e67c4a97840 3938752204 S Co:2:006:0 s 40 b9 0000 0000 0004 4 = 09006603
ffff8e67c4a97840 3938754860 C Co:2:006:0 0 4 >
ffff8e67c4a97840 3938754917 S Ii:2:006:3 -115:1 3 <
ffff8e67c4a97840 3938756196 C Ii:2:006:3 0:1 3 = 100000
ffff8e67c4a97840 3938756257 S Ci:2:006:0 s c0 bc 0800 0016 0002 2 <
ffff8e67c4a97840 3938758870 C Ci:2:006:0 0 2 = 0900
ffff8e67c4a97840 3938758901 S Ci:2:006:0 s c0 bc 0900 001c 0002 2 <
ffff8e67c4a97840 3938761488 C Ci:2:006:0 0 2 = 2e6f
ffff8e67c4a97840 3938761558 S Ci:2:006:0 s c0 bc 0800 23be 0002 2 <
ffff8e67c4a97840 3938764139 C Ci:2:006:0 0 2 = 0000
ffff8e67c4a97840 3938764200 S Co:2:006:0 s 40 bc 0900 0014 0002 2 = d39e
ffff8e67c4a97840 3938766855 C Co:2:006:0 0 2 >
ffff8e67c4a97840 3938766885 S Ci:2:006:0 s c0 bc 0900 001c 0002 2 <
ffff8e67c4a97840 3938769598 C Ci:2:006:0 0 2 = 2e6f
ffff8e67c4a97840 3938769655 S Co:2:006:0 s 40 b9 0000 0000 0004 4 = 09016601
ffff8e67c4a97840 3938772262 C Co:2:006:0 0 4 >
ffff8e67c4a97840 3938772317 S Ii:2:006:3 -115:1 3 <
ffff8e67c4a97840 3938773567 C Ii:2:006:3 0:1 3 = 100000
ffff8e67c4a97840 3938773623 S Ci:2:006:0 s c0 bc 0800 0016 0002 2 <
ffff8e67c4a97840 3938776249 C Ci:2:006:0 0 2 = 0900
ffff8e67c4a97840 3938776277 S Ci:2:006:0 s c0 bc 0900 001c 0002 2 <
ffff8e67c4a97840 3938778859 C Ci:2:006:0 0 2 = 2e6f
ffff8e67c4a97840 3938778914 S Ci:2:006:0 s c0 bc 0800 23be 0004 4 <
ffff8e67c4a97840 3938781485 C Ci:2:006:0 0 4 = 0000fde0
ffff8e67c4a97840 3938781539 S Co:2:006:0 s 40 bc 0800 00c0 0004 4 = 9989ec00
ffff8e67c4a97840 3938784114 C Co:2:006:0 0 4 >
ffff8e67c4a97840 3938784170 S Co:2:006:0 s 40 b9 0000 0000 0004 4 = 09006603
ffff8e67c4a97840 3938786732 C Co:2:006:0 0 4 >
ffff8e67c4a97840 3938786759 S Ii:2:006:3 -115:1 3 <
ffff8e67c4a97840 3938788076 C Ii:2:006:3 0:1 3 = 100000
ffff8e67c4a97840 3938788129 S Ci:2:006:0 s c0 bc 0800 0016 0002 2 <
ffff8e67c4a97840 3938790759 C Ci:2:006:0 0 2 = 0900
ffff8e67c4a97840 3938790813 S Ci:2:006:0 s c0 bc 0900 001c 0002 2 <
ffff8e67c4a97840 3938793503 C Ci:2:006:0 0 2 = 2e6f
ffff8e67c4a97840 3938793530 S Ci:2:006:0 s c0 bc 0800 23be 0002 2 <
ffff8e67c4a97840 3938796136 C Ci:2:006:0 0 2 = 0000
ffff8e67c4a97840 3938796191 S Co:2:006:0 s 40 bc 0900 0014 0002 2 = d39e
ffff8e67c4a97840 3938798861 C Co:2:006:0 0 2 >
ffff8e67c4a97840 3938798909 S Ci:2:006:0 s c0 bc 0900 001c 0002 2 <
ffff8e67c4a97840 3938801495 C Ci:2:006:0 0 2 = 2e6f
ffff8e67c4a97840 3938801522 S Co:2:006:0 s 40 b9 0000 0000 0004 4 = 09016601
ffff8e67c4a97840 3938804122 C Co:2:006:0 0 4 >
ffff8e67c4a97840 3938804174 S Ii:2:006:3 -115:1 3 <
ffff8e67c4a97840 3938805435 C Ii:2:006:3 0:1 3 = 100000
ffff8e67c4a97840 3938805482 S Ci:2:006:0 s c0 bc 0800 0016 0002 2 <
ffff8e67c4a97840 3938808127 C Ci:2:006:0 0 2 = 0900
ffff8e67c4a97840 3938808154 S Ci:2:006:0 s c0 bc 0900 001c 0002 2 <
ffff8e67c4a97840 3938810754 C Ci:2:006:0 0 2 = 2e6f
ffff8e67c4a97840 3938810808 S Ci:2:006:0 s c0 bc 0800 23be 0004 4 <
ffff8e67c4a97840 3938813490 C Ci:2:006:0 0 4 = 0000b1e0
ffff8e67c4a97840 3938813568 S Co:2:006:0 s 40 bc 0800 00c0 0004 4 = 9989ec00
ffff8e67c4a97840 3938816128 C Co:2:006:0 0 4 >
ffff8e67c4a97840 3938816156 S Co:2:006:0 s 40 b9 0000 0000 0004 4 = 09006603
ffff8e67c4a97840 3938818843 C Co:2:006:0 0 4 >
ffff8e67c4a97840 3938818897 S Ii:2:006:3 -115:1 3 <
ffff8e67c4a97840 3938820192 C Ii:2:006:3 0:1 3 = 100000
ffff8e67c4a97840 3938820245 S Ci:2:006:0 s c0 bc 0800 0016 0002 2 <
ffff8e67c4a97840 3938822806 C Ci:2:006:0 0 2 = 0900
ffff8e67c4a97840 3938822861 S Ci:2:006:0 s c0 bc 0900 001c 0002 2 <
ffff8e67c4a97840 3938825494 C Ci:2:006:0 0 2 = 2e6f
ffff8e67c4a97840 3938825521 S Ci:2:006:0 s c0 bc 0800 23be 0002 2 <
ffff8e67c4a97840 3938828120 C Ci:2:006:0 0 2 = 0000
ffff8e67c4a97840 3938828173 S Co:2:006:0 s 40 bc 0900 0014 0002 2 = d39e
ffff8e67c4a97840 3938830734 C Co:2:006:0 0 2 >
ffff8e67c4a97840 3938830781 S Ci:2:006:0 s c0 bc 0900 001c 0002 2 <
ffff8e67c4a97840 3938833363 C Ci:2:006:0 0 2 = 2e6f
ffff8e67c4a97840 3938833390 S Co:2:006:0 s 40 b9 0000 0000 0004 4 = 09016601
ffff8e67c4a97840 3938835956 C Co:2:006:0 0 4 >
ffff8e67c4a97840 3938836027 S Ii:2:006:3 -115:1 3 <
ffff8e67c4a97840 3938837252 C Ii:2:006:3 0:1 3 = 100000
ffff8e67c4a97840 3938837314 S Ci:2:006:0 s c0 bc 0800 0016 0002 2 <
ffff8e67c4a97840 3938840048 C Ci:2:006:0 0 2 = 0900
ffff8e67c4a97840 3938840083 S Ci:2:006:0 s c0 bc 0900 001c 0002 2 <
ffff8e67c4a97840 3938842606 C Ci:2:006:0 0 2 = 2e6f
ffff8e67c4a97840 3938842649 S Ci:2:006:0 s c0 bc 0800 23be 0004 4 <
ffff8e67c4a97840 3938845150 C Ci:2:006:0 0 4 = 00005ae0
ffff8e67c4a97840 3938845194 S Co:2:006:0 s 40 bc 0800 00c0 0004 4 = 9989ec00
ffff8e67c4a97840 3938847747 C Co:2:006:0 0 4 >
ffff8e67c4a97840 3938847769 S Co:2:006:0 s 40 b9 0000 0000 0004 4 = 09006603
ffff8e67c4a97840 3938850371 C Co:2:006:0 0 4 >
ffff8e67c4a97840 3938850416 S Ii:2:006:3 -115:1 3 <
ffff8e67c4a97840 3938851676 C Ii:2:006:3 0:1 3 = 100000
ffff8e67c4a97840 3938851748 S Ci:2:006:0 s c0 bc 0800 0016 0002 2 <
ffff8e67c4a97840 3938854136 C Ci:2:006:0 0 2 = 0900
ffff8e67c4a97840 3938854183 S Ci:2:006:0 s c0 bc 0900 001c 0002 2 <
ffff8e67c4a97840 3938856846 C Ci:2:006:0 0 2 = 2e6f
ffff8e67c4a97840 3938856890 S Ci:2:006:0 s c0 bc 0800 23be 0002 2 <
ffff8e67c4a97840 3938859542 C Ci:2:006:0 0 2 = 0000
ffff8e67c4a97840 3938859564 S Co:2:006:0 s 40 bc 0900 0014 0002 2 = d39e
ffff8e67c4a97840 3938862129 C Co:2:006:0 0 2 >
ffff8e67c4a97840 3938862172 S Ci:2:006:0 s c0 bc 0900 001c 0002 2 <
ffff8e67c4a97840 3938864746 C Ci:2:006:0 0 2 = 2e6f
ffff8e67c4a97840 3938864790 S Co:2:006:0 s 40 b9 0000 0000 0004 4 = 09016601
ffff8e67c4a97840 3938867411 C Co:2:006:0 0 4 >
ffff8e67c4a97840 3938867431 S Ii:2:006:3 -115:1 3 <
ffff8e67c4a97840 3938868705 C Ii:2:006:3 0:1 3 = 100000
ffff8e67c4a97840 3938868748 S Ci:2:006:0 s c0 bc 0800 0016 0002 2 <
ffff8e67c4a97840 3938871401 C Ci:2:006:0 0 2 = 0900
ffff8e67c4a97840 3938871447 S Ci:2:006:0 s c0 bc 0900 001c 0002 2 <
ffff8e67c4a97840 3938874009 C Ci:2:006:0 0 2 = 2e6f
ffff8e67c4a97840 3938874043 S Ci:2:006:0 s c0 bc 0800 23be 0004 4 <
ffff8e67c4a97840 3938876598 C Ci:2:006:0 0 4 = 000003e0
ffff8e67c4a97840 3938876643 S Co:2:006:0 s 40 bc 0800 00c0 0004 4 = 9989ec00
ffff8e67c4a97840 3938879191 C Co:2:006:0 0 4 >
ffff8e67c4a97840 3938879234 S Co:2:006:0 s 40 b9 0000 0000 0004 4 = 09006603
ffff8e67c4a97840 3938881844 C Co:2:006:0 0 4 >
ffff8e67c4a97840 3938881865 S Ii:2:006:3 -115:1 3 <
ffff8e67c4a97840 3938883043 C Ii:2:006:3 0:1 3 = 100000
ffff8e67c4a97840 3938883087 S Ci:2:006:0 s c0 bc 0800 0016 0002 2 <
ffff8e67c4a97840 3938885769 C Ci:2:006:0 0 2 = 0900
ffff8e67c4a97840 3938885814 S Ci:2:006:0 s c0 bc 0900 001c 0002 2 <
ffff8e67c4a97840 3938888353 C Ci:2:006:0 0 2 = 2e6f
ffff8e67c4a97840 3938888375 S Ci:2:006:0 s c0 bc 0800 23be 0002 2 <
ffff8e67c4a97840 3938891028 C Ci:2:006:0 0 2 = 0000
ffff8e67c4a97840 3938891086 S Co:2:006:0 s 40 bc 0900 0014 0002 2 = d39e
ffff8e67c4a97840 3938893658 C Co:2:006:0 0 2 >
ffff8e67c4a97840 3938893703 S Ci:2:006:0 s c0 bc 0900 001c 0002 2 <
ffff8e67c4a97840 3938896369 C Ci:2:006:0 0 2 = 2e6f
ffff8e67c4a97840 3938896410 S Co:2:006:0 s 40 b9 0000 0000 0004 4 = 09016601
ffff8e67c4a97840 3938899252 C Co:2:006:0 0 4 >
ffff8e67c4a97840 3938899290 S Ii:2:006:3 -115:1 3 <
ffff8e67c4a97840 3938900480 C Ii:2:006:3 0:1 3 = 100000
ffff8e67c4a97840 3938900520 S Ci:2:006:0 s c0 bc 0800 0016 0002 2 <
ffff8e67c4a97840 3938903306 C Ci:2:006:0 0 2 = 0900
ffff8e67c4a97840 3938903352 S Ci:2:006:0 s c0 bc 0900 001c 0002 2 <
ffff8e67c4a97840 3938905828 C Ci:2:006:0 0 2 = 2e6f
ffff8e67c4a97840 3938905874 S Ci:2:006:0 s c0 bc 0800 23be 0004 4 <
ffff8e67c4a97840 3938908629 C Ci:2:006:0 0 4 = 000091e0
ffff8e67c4a97840 3938908666 S Co:2:006:0 s 40 bc 0800 00c0 0004 4 = 9989ec00
ffff8e67c4a97840 3938911243 C Co:2:006:0 0 4 >
ffff8e67c4a97840 3938911271 S Co:2:006:0 s 40 b9 0000 0000 0004 4 = 09006603
ffff8e67c4a97840 3938913778 C Co:2:006:0 0 4 >
ffff8e67c4a97840 3938913869 S Ii:2:006:3 -115:1 3 <
ffff8e67c4a97840 3938915009 C Ii:2:006:3 0:1 3 = 100000
ffff8e67c4a97840 3938915097 S Ci:2:006:0 s c0 bc 0800 0016 0002 2 <
ffff8e67c4a97840 3938917745 C Ci:2:006:0 0 2 = 0900
ffff8e67c4a97840 3938917770 S Ci:2:006:0 s c0 bc 0900 001c 0002 2 <
ffff8e67c4a97840 3938920434 C Ci:2:006:0 0 2 = 2e6f
ffff8e67c4a97840 3938920480 S Ci:2:006:0 s c0 bc 0800 23be 0002 2 <
ffff8e67c4a97840 3938923213 C Ci:2:006:0 0 2 = 0000
ffff8e67c4a97840 3938923256 S Co:2:006:0 s 40 bc 0900 0014 0002 2 = d39e
ffff8e67c4a97840 3938925881 C Co:2:006:0 0 2 >
ffff8e67c4a97840 3938925953 S Ci:2:006:0 s c0 bc 0900 001c 0002 2 <
ffff8e67c4a97840 3938928451 C Ci:2:006:0 0 2 = 2e6f
ffff8e67c4a97840 3938929141 S Co:2:006:0 s 40 b9 0000 0000 0004 4 = 09016601
ffff8e67c4a97840 3938931165 C Co:2:006:0 0 4 >
ffff8e67c4a97840 3938931261 S Ii:2:006:3 -115:1 3 <
ffff8e67c4a97840 3938932520 C Ii:2:006:3 0:1 3 = 100000
ffff8e67c4a97840 3938932575 S Ci:2:006:0 s c0 bc 0800 0016 0002 2 <
ffff8e67c4a97840 3938935216 C Ci:2:006:0 0 2 = 0900
ffff8e67c4a97840 3938935260 S Ci:2:006:0 s c0 bc 0900 001c 0002 2 <
ffff8e67c4a97840 3938937893 C Ci:2:006:0 0 2 = 2e6f
ffff8e67c4a97840 3938937936 S Ci:2:006:0 s c0 bc 0800 23be 0004 4 <
ffff8e67c4a97840 3938940584 C Ci:2:006:0 0 4 = 000074e0
ffff8e67c4a97840 3938940625 S Co:2:006:0 s 40 bc 0800 00c0 0004 4 = 9989ec00
ffff8e67c4a97840 3938943327 C Co:2:006:0 0 4 >
ffff8e67c4a97840 3938943360 S Co:2:006:0 s 40 b9 0000 0000 0004 4 = 09006603
ffff8e67c4a97840 3938946103 C Co:2:006:0 0 4 >
ffff8e67c4a97840 3938946167 S Ii:2:006:3 -115:1 3 <
ffff8e67c4a97840 3938947405 C Ii:2:006:3 0:1 3 = 100000
ffff8e67c4a97840 3938947460 S Ci:2:006:0 s c0 bc 0800 0016 0002 2 <
ffff8e67c4a97840 3938950240 C Ci:2:006:0 0 2 = 0900
ffff8e67c4a97840 3938950307 S Ci:2:006:0 s c0 bc 0900 001c 0002 2 <
ffff8e67c4a97840 3938952965 C Ci:2:006:0 0 2 = 2e6f
ffff8e67c4a97840 3938953008 S Ci:2:006:0 s c0 bc 0800 23be 0002 2 <
ffff8e67c4a97840 3938955731 C Ci:2:006:0 0 2 = 0000
ffff8e67c4a97840 3938955780 S Co:2:006:0 s 40 bc 0900 0014 0002 2 = d39e
ffff8e67c4a97840 3938958451 C Co:2:006:0 0 2 >
ffff8e67c4a97840 3938958497 S Ci:2:006:0 s c0 bc 0900 001c 0002 2 <
ffff8e67c4a97840 3938961203 C Ci:2:006:0 0 2 = 2e6f
ffff8e67c4a97840 3938961246 S Co:2:006:0 s 40 b9 0000 0000 0004 4 = 09016601
ffff8e67c4a97840 3938963931 C Co:2:006:0 0 4 >
ffff8e67c4a97840 3938963971 S Ii:2:006:3 -115:1 3 <
ffff8e67c4a97840 3938965281 C Ii:2:006:3 0:1 3 = 100000
ffff8e67c4a97840 3938965322 S Ci:2:006:0 s c0 bc 0800 0016 0002 2 <
ffff8e67c4a97840 3938967886 C Ci:2:006:0 0 2 = 0900
ffff8e67c4a97840 3938967927 S Ci:2:006:0 s c0 bc 0900 001c 0002 2 <
ffff8e67c4a97840 3938970840 C Ci:2:006:0 0 2 = 2e6f
ffff8e67c4a97840 3938970881 S Ci:2:006:0 s c0 bc 0800 23be 0004 4 <
ffff8e67c4a97840 3938973583 C Ci:2:006:0 0 4 = 0000a8e0
ffff8e67c4a97840 3938973623 S Co:2:006:0 s 40 bc 0800 00c0 0004 4 = 9989ec00
ffff8e67c4a97840 3938976327 C Co:2:006:0 0 4 >
ffff8e67c4a97840 3938976369 S Co:2:006:0 s 40 b9 0000 0000 0004 4 = 09006603
ffff8e67c4a97840 3938978967 C Co:2:006:0 0 4 >
ffff8e67c4a97840 3938979004 S Ii:2:006:3 -115:1 3 <
ffff8e67c4a97840 3938980329 C Ii:2:006:3 0:1 3 = 100000
ffff8e67c4a97840 3938980369 S Ci:2:006:0 s c0 bc 0800 0016 0002 2 <
ffff8e67c4a97840 3938983101 C Ci:2:006:0 0 2 = 0900
ffff8e67c4a97840 3938983145 S Ci:2:006:0 s c0 bc 0900 001c 0002 2 <
ffff8e67c4a97840 3938985814 C Ci:2:006:0 0 2 = 2e6f
ffff8e67c4a97840 3938985846 S Ci:2:006:0 s c0 bc 0800 23be 0002 2 <
ffff8e67c4a97840 3938988629 C Ci:2:006:0 0 2 = 0000
ffff8e67c4a97840 3938988668 S Co:2:006:0 s 40 bc 0900 0014 0002 2 = d39e
ffff8e67c4a97840 3938991389 C Co:2:006:0 0 2 >
ffff8e67c4a97840 3938991429 S Ci:2:006:0 s c0 bc 0900 001c 0002 2 <
ffff8e67c4a97840 3938994057 C Ci:2:006:0 0 2 = 2e6f
ffff8e67c4a97840 3938994100 S Co:2:006:0 s 40 b9 0000 0000 0004 4 = 09016601
ffff8e67c4a97840 3938996841 C Co:2:006:0 0 4 >
ffff8e67c4a97840 3938996880 S Ii:2:006:3 -115:1 3 <
ffff8e67c4a97840 3938998184 C Ii:2:006:3 0:1 3 = 100000
ffff8e67c4a97840 3938998222 S Ci:2:006:0 s c0 bc 0800 0016 0002 2 <
ffff8e67c4a97840 3939000951 C Ci:2:006:0 0 2 = 0900
ffff8e67c4a97840 3939000994 S Ci:2:006:0 s c0 bc 0900 001c 0002 2 <
ffff8e67c4a97840 3939003692 C Ci:2:006:0 0 2 = 2e6f
ffff8e67c4a97840 3939003735 S Ci:2:006:0 s c0 bc 0800 23be 0004 4 <
ffff8e67c4a97840 3939006430 C Ci:2:006:0 0 4 = 000051e0
ffff8e67c4a97840 3939006463 S Co:2:006:0 s 40 bc 0800 00c0 0004 4 = 9989ec00
ffff8e67c4a97840 3939009217 C Co:2:006:0 0 4 >
ffff8e67c4a97840 3939009262 S Co:2:006:0 s 40 b9 0000 0000 0004 4 = 09006603
ffff8e67c4a97840 3939011955 C Co:2:006:0 0 4 >
ffff8e67c4a97840 3939011995 S Ii:2:006:3 -115:1 3 <
ffff8e67c4a97840 3939013244 C Ii:2:006:3 0:1 3 = 100000
ffff8e67c4a97840 3939013282 S Ci:2:006:0 s c0 bc 0800 0016 0002 2 <
ffff8e67c4a97840 3939016113 C Ci:2:006:0 0 2 = 0900
ffff8e67c4a97840 3939016155 S Ci:2:006:0 s c0 bc 0900 001c 0002 2 <
ffff8e67c4a97840 3939018828 C Ci:2:006:0 0 2 = 2e6f
ffff8e67c4a97840 3939018871 S Ci:2:006:0 s c0 bc 0800 23be 0002 2 <
ffff8e67c4a97840 3939021600 C Ci:2:006:0 0 2 = 0000
ffff8e67c4a97840 3939021641 S Co:2:006:0 s 40 bc 0900 0014 0002 2 = d39e
ffff8e67c4a97840 3939024299 C Co:2:006:0 0 2 >
ffff8e67c4a97840 3939024342 S Ci:2:006:0 s c0 bc 0900 001c 0002 2 <
ffff8e67c4a97840 3939027075 C Ci:2:006:0 0 2 = 2e6f
ffff8e67c4a97840 3939027118 S Co:2:006:0 s 40 b9 0000 0000 0004 4 = 09016601
ffff8e67c4a97840 3939029833 C Co:2:006:0 0 4 >
ffff8e67c4a97840 3939029874 S Ii:2:006:3 -115:1 3 <
ffff8e67c4a97840 3939031146 C Ii:2:006:3 0:1 3 = 100000
ffff8e67c4a97840 3939031181 S Ci:2:006:0 s c0 bc 0800 0016 0002 2 <
ffff8e67c4a97840 3939033905 C Ci:2:006:0 0 2 = 0900
ffff8e67c4a97840 3939033947 S Ci:2:006:0 s c0 bc 0900 001c 0002 2 <
ffff8e67c4a97840 3939036731 C Ci:2:006:0 0 2 = 2e6f
ffff8e67c4a97840 3939036773 S Ci:2:006:0 s c0 bc 0800 23be 0004 4 <
ffff8e67c4a97840 3939039423 C Ci:2:006:0 0 4 = 0000d2e0
ffff8e67c4a97840 3939039464 S Co:2:006:0 s 40 bc 0800 00c0 0004 4 = 9989ec00
ffff8e67c4a97840 3939042218 C Co:2:006:0 0 4 >
ffff8e67c4a97840 3939042262 S Co:2:006:0 s 40 b9 0000 0000 0004 4 = 09006603
ffff8e67c4a97840 3939044898 C Co:2:006:0 0 4 >
ffff8e67c4a97840 3939044956 S Ii:2:006:3 -115:1 3 <
ffff8e67c4a97840 3939046323 C Ii:2:006:3 0:1 3 = 100000
ffff8e67c4a97840 3939046364 S Ci:2:006:0 s c0 bc 0800 0016 0002 2 <
ffff8e67c4a97840 3939049145 C Ci:2:006:0 0 2 = 0900
ffff8e67c4a97840 3939049177 S Ci:2:006:0 s c0 bc 0900 001c 0002 2 <
ffff8e67c4a97840 3939051847 C Ci:2:006:0 0 2 = 2e6f
ffff8e67c4a97840 3939051891 S Ci:2:006:0 s c0 bc 0800 23be 0002 2 <
ffff8e67c4a97840 3939054537 C Ci:2:006:0 0 2 = 0000
ffff8e67c4a97840 3939054570 S Co:2:006:0 s 40 bc 0900 0014 0002 2 = d39e
ffff8e67c4a97840 3939057248 C Co:2:006:0 0 2 >
ffff8e67c4a97840 3939057313 S Ci:2:006:0 s c0 bc 0900 001c 0002 2 <
ffff8e67c4a97840 3939059878 C Ci:2:006:0 0 2 = 2e6f
ffff8e67c4a97840 3939059920 S Co:2:006:0 s 40 b9 0000 0000 0004 4 = 09016601
ffff8e67c4a97840 3939062617 C Co:2:006:0 0 4 >
ffff8e67c4a97840 3939062655 S Ii:2:006:3 -115:1 3 <
ffff8e67c4a97840 3939063966 C Ii:2:006:3 0:1 3 = 100000
ffff8e67c4a97840 3939064006 S Ci:2:006:0 s c0 bc 0800 0016 0002 2 <
ffff8e67c4a97840 3939066664 C Ci:2:006:0 0 2 = 0900
ffff8e67c4a97840 3939066703 S Ci:2:006:0 s c0 bc 0900 001c 0002 2 <
ffff8e67c4a97840 3939069375 C Ci:2:006:0 0 2 = 2e6f
ffff8e67c4a97840 3939069410 S Ci:2:006:0 s c0 bc 0800 23be 0004 4 <
ffff8e67c4a97840 3939072125 C Ci:2:006:0 0 4 = 000082e0
ffff8e67c4a97840 3939072159 S Co:2:006:0 s 40 bc 0800 00c0 0004 4 = 9989ec00
ffff8e67c4a97840 3939074877 C Co:2:006:0 0 4 >
ffff8e67c4a97840 3939074918 S Co:2:006:0 s 40 b9 0000 0000 0004 4 = 09006603
ffff8e67c4a97840 3939077669 C Co:2:006:0 0 4 >
ffff8e67c4a97840 3939077708 S Ii:2:006:3 -115:1 3 <
ffff8e67c4a97840 3939078974 C Ii:2:006:3 0:1 3 = 100000
ffff8e67c4a97840 3939079013 S Ci:2:006:0 s c0 bc 0800 0016 0002 2 <
ffff8e67c4a97840 3939081659 C Ci:2:006:0 0 2 = 0900
ffff8e67c4a97840 3939081697 S Ci:2:006:0 s c0 bc 0900 001c 0002 2 <
ffff8e67c4a97840 3939084423 C Ci:2:006:0 0 2 = 2e6f
ffff8e67c4a97840 3939084460 S Ci:2:006:0 s c0 bc 0800 23be 0002 2 <
ffff8e67c4a97840 3939087237 C Ci:2:006:0 0 2 = 0000
ffff8e67c4a97840 3939087272 S Co:2:006:0 s 40 bc 0900 0014 0002 2 = d39e
ffff8e67c4a97840 3939089900 C Co:2:006:0 0 2 >
ffff8e67c4a97840 3939089979 S Ci:2:006:0 s c0 bc 0900 001c 0002 2 <
ffff8e67c4a97840 3939092717 C Ci:2:006:0 0 2 = 2e6f
ffff8e67c4a97840 3939092760 S Co:2:006:0 s 40 b9 0000 0000 0004 4 = 09016601
ffff8e67c4a97840 3939095351 C Co:2:006:0 0 4 >
ffff8e67c4a97840 3939095390 S Ii:2:006:3 -115:1 3 <
ffff8e67c4a97840 3939096619 C Ii:2:006:3 0:1 3 = 100000
ffff8e67c4a97840 3939096660 S Ci:2:006:0 s c0 bc 0800 0016 0002 2 <
ffff8e67c4a97840 3939099321 C Ci:2:006:0 0 2 = 0900
ffff8e67c4a97840 3939099365 S Ci:2:006:0 s c0 bc 0900 001c 0002 2 <
ffff8e67c4a97840 3939102012 C Ci:2:006:0 0 2 = 2e6f
ffff8e67c4a97840 3939102046 S Ci:2:006:0 s c0 bc 0800 23be 0004 4 <
ffff8e67c4a97840 3939104777 C Ci:2:006:0 0 4 = 0000b1e0
ffff8e67c4a97840 3939104811 S Co:2:006:0 s 40 bc 0800 00c0 0004 4 = 9989ec00
ffff8e67c4a97840 3939107551 C Co:2:006:0 0 4 >
ffff8e67c4a97840 3939107587 S Co:2:006:0 s 40 b9 0000 0000 0004 4 = 09006603
ffff8e67c4a97840 3939110212 C Co:2:006:0 0 4 >
ffff8e67c4a97840 3939110256 S Ii:2:006:3 -115:1 3 <
ffff8e67c4a97840 3939111540 C Ii:2:006:3 0:1 3 = 100000
ffff8e67c4a97840 3939111581 S Ci:2:006:0 s c0 bc 0800 0016 0002 2 <
ffff8e67c4a97840 3939114222 C Ci:2:006:0 0 2 = 0900
ffff8e67c4a97840 3939114266 S Ci:2:006:0 s c0 bc 0900 001c 0002 2 <
ffff8e67c4a97840 3939116880 C Ci:2:006:0 0 2 = 2e6f
ffff8e67c4a97840 3939116922 S Ci:2:006:0 s c0 bc 0800 23be 0002 2 <
ffff8e67c4a97840 3939119540 C Ci:2:006:0 0 2 = 0000
ffff8e67c4a97840 3939119582 S Co:2:006:0 s 40 bc 0900 0014 0002 2 = d39e
ffff8e67c4a97840 3939122275 C Co:2:006:0 0 2 >
ffff8e67c4a97840 3939122317 S Ci:2:006:0 s c0 bc 0900 001c 0002 2 <
ffff8e67c4a97840 3939125011 C Ci:2:006:0 0 2 = 2e6f
ffff8e67c4a97840 3939125056 S Co:2:006:0 s 40 b9 0000 0000 0004 4 = 09016601
ffff8e67c4a97840 3939127699 C Co:2:006:0 0 4 >
ffff8e67c4a97840 3939127739 S Ii:2:006:3 -115:1 3 <
ffff8e67c4a97840 3939129025 C Ii:2:006:3 0:1 3 = 100000
ffff8e67c4a97840 3939129069 S Ci:2:006:0 s c0 bc 0800 0016 0002 2 <
ffff8e67c4a97840 3939131805 C Ci:2:006:0 0 2 = 0900
ffff8e67c4a97840 3939131849 S Ci:2:006:0 s c0 bc 0900 001c 0002 2 <
ffff8e67c4a97840 3939134507 C Ci:2:006:0 0 2 = 2e6f
ffff8e67c4a97840 3939134565 S Ci:2:006:0 s c0 bc 0800 23be 0004 4 <
ffff8e67c4a97840 3939137200 C Ci:2:006:0 0 4 = 000089e0
ffff8e67c4a97840 3939137236 S Co:2:006:0 s 40 bc 0800 00c0 0004 4 = 9989ec00
ffff8e67c4a97840 3939139919 C Co:2:006:0 0 4 >
ffff8e67c4a97840 3939139963 S Co:2:006:0 s 40 b9 0000 0000 0004 4 = 09006603
ffff8e67c4a97840 3939142703 C Co:2:006:0 0 4 >
ffff8e67c4a97840 3939142744 S Ii:2:006:3 -115:1 3 <
ffff8e67c4a97840 3939143959 C Ii:2:006:3 0:1 3 = 100000
ffff8e67c4a97840 3939143998 S Ci:2:006:0 s c0 bc 0800 0016 0002 2 <
ffff8e67c4a97840 3939146853 C Ci:2:006:0 0 2 = 0900
ffff8e67c4a97840 3939146894 S Ci:2:006:0 s c0 bc 0900 001c 0002 2 <
ffff8e67c4a97840 3939149506 C Ci:2:006:0 0 2 = 2e6f
ffff8e67c4a97840 3939149552 S Ci:2:006:0 s c0 bc 0800 23be 0002 2 <
ffff8e67c4a97840 3939152451 C Ci:2:006:0 0 2 = 0000
ffff8e67c4a97840 3939152494 S Co:2:006:0 s 40 bc 0900 0014 0002 2 = d39e
ffff8e67c4a97840 3939155134 C Co:2:006:0 0 2 >
ffff8e67c4a97840 3939155167 S Ci:2:006:0 s c0 bc 0900 001c 0002 2 <
ffff8e67c4a97840 3939157792 C Ci:2:006:0 0 2 = 2e6f
ffff8e67c4a97840 3939157829 S Co:2:006:0 s 40 b9 0000 0000 0004 4 = 09016601
ffff8e67c4a97840 3939160569 C Co:2:006:0 0 4 >
ffff8e67c4a97840 3939160610 S Ii:2:006:3 -115:1 3 <
ffff8e67c4a97840 3939161897 C Ii:2:006:3 0:1 3 = 100000
ffff8e67c4a97840 3939161938 S Ci:2:006:0 s c0 bc 0800 0016 0002 2 <
ffff8e67c4a97840 3939164638 C Ci:2:006:0 0 2 = 0900
ffff8e67c4a97840 3939164678 S Ci:2:006:0 s c0 bc 0900 001c 0002 2 <
ffff8e67c4a97840 3939167303 C Ci:2:006:0 0 2 = 2e6f
ffff8e67c4a97840 3939167339 S Ci:2:006:0 s c0 bc 0800 23be 0004 4 <
ffff8e67c4a97840 3939170067 C Ci:2:006:0 0 4 = 000083e0
ffff8e67c4a97840 3939170103 S Co:2:006:0 s 40 bc 0800 00c0 0004 4 = 9989ec00
ffff8e67c4a97840 3939172754 C Co:2:006:0 0 4 >
ffff8e67c4a97840 3939172795 S Co:2:006:0 s 40 b9 0000 0000 0004 4 = 09006603
ffff8e67c4a97840 3939175538 C Co:2:006:0 0 4 >
ffff8e67c4a97840 3939175579 S Ii:2:006:3 -115:1 3 <
ffff8e67c4a97840 3939176839 C Ii:2:006:3 0:1 3 = 100000
ffff8e67c4a97840 3939176878 S Ci:2:006:0 s c0 bc 0800 0016 0002 2 <
ffff8e67c4a97840 3939179714 C Ci:2:006:0 0 2 = 0900
ffff8e67c4a97840 3939179757 S Ci:2:006:0 s c0 bc 0900 001c 0002 2 <
ffff8e67c4a97840 3939182415 C Ci:2:006:0 0 2 = 2e6f
ffff8e67c4a97840 3939182450 S Ci:2:006:0 s c0 bc 0800 23be 0002 2 <
ffff8e67c4a97840 3939185206 C Ci:2:006:0 0 2 = 0000
ffff8e67c4a97840 3939185247 S Co:2:006:0 s 40 bc 0900 0014 0002 2 = d39e
ffff8e67c4a97840 3939187911 C Co:2:006:0 0 2 >
ffff8e67c4a97840 3939187943 S Ci:2:006:0 s c0 bc 0900 001c 0002 2 <
ffff8e67c4a97840 3939190641 C Ci:2:006:0 0 2 = 2e6f
ffff8e67c4a97840 3939190684 S Co:2:006:0 s 40 b9 0000 0000 0004 4 = 09016601
ffff8e67c4a97840 3939193354 C Co:2:006:0 0 4 >
ffff8e67c4a97840 3939193393 S Ii:2:006:3 -115:1 3 <
ffff8e67c4a97840 3939194743 C Ii:2:006:3 0:1 3 = 100000
ffff8e67c4a97840 3939194784 S Ci:2:006:0 s c0 bc 0800 0016 0002 2 <
ffff8e67c4a97840 3939197491 C Ci:2:006:0 0 2 = 0900
ffff8e67c4a97840 3939197579 S Ci:2:006:0 s c0 bc 0900 001c 0002 2 <
ffff8e67c4a97840 3939200274 C Ci:2:006:0 0 2 = 2e6f
ffff8e67c4a97840 3939200309 S Ci:2:006:0 s c0 bc 0800 23be 0004 4 <
ffff8e67c4a97840 3939202986 C Ci:2:006:0 0 4 = 000087e0
ffff8e67c4a97840 3939203088 S Co:2:006:0 s 40 bc 0800 00c0 0004 4 = 9989ec00
ffff8e67c4a97840 3939205733 C Co:2:006:0 0 4 >
ffff8e67c4a97840 3939205774 S Co:2:006:0 s 40 b9 0000 0000 0004 4 = 09006603
ffff8e67c4a97840 3939208477 C Co:2:006:0 0 4 >
ffff8e67c4a97840 3939208524 S Ii:2:006:3 -115:1 3 <
ffff8e67c4a97840 3939209870 C Ii:2:006:3 0:1 3 = 100000
ffff8e67c4a97840 3939209910 S Ci:2:006:0 s c0 bc 0800 0016 0002 2 <
ffff8e67c4a97840 3939212636 C Ci:2:006:0 0 2 = 0900
ffff8e67c4a97840 3939212678 S Ci:2:006:0 s c0 bc 0900 001c 0002 2 <
ffff8e67c4a97840 3939215370 C Ci:2:006:0 0 2 = 2e6f
ffff8e67c4a97840 3939215404 S Ci:2:006:0 s c0 bc 0800 23be 0002 2 <
ffff8e67c4a97840 3939218117 C Ci:2:006:0 0 2 = 0000
ffff8e67c4a97840 3939218209 S Co:2:006:0 s 40 bc 0900 0014 0002 2 = d39e
ffff8e67c4a97840 3939220793 C Co:2:006:0 0 2 >
ffff8e67c4a97840 3939220835 S Ci:2:006:0 s c0 bc 0900 001c 0002 2 <
ffff8e67c4a97840 3939223422 C Ci:2:006:0 0 2 = 2e6f
ffff8e67c4a97840 3939223464 S Co:2:006:0 s 40 b9 0000 0000 0004 4 = 09016601
ffff8e67c4a97840 3939226039 C Co:2:006:0 0 4 >
ffff8e67c4a97840 3939226079 S Ii:2:006:3 -115:1 3 <
ffff8e67c4a97840 3939227338 C Ii:2:006:3 0:1 3 = 100000
ffff8e67c4a97840 3939227378 S Ci:2:006:0 s c0 bc 0800 0016 0002 2 <
ffff8e67c4a97840 3939230023 C Ci:2:006:0 0 2 = 0900
ffff8e67c4a97840 3939230065 S Ci:2:006:0 s c0 bc 0900 001c 0002 2 <
ffff8e67c4a97840 3939232743 C Ci:2:006:0 0 2 = 2e6f
ffff8e67c4a97840 3939232784 S Ci:2:006:0 s c0 bc 0800 23be 0004 4 <
ffff8e67c4a97840 3939235569 C Ci:2:006:0 0 4 = 0000b5e0
ffff8e67c4a97840 3939235615 S Co:2:006:0 s 40 bc 0800 00c0 0002 2 = 0f88
ffff8e67c4a97840 3939238261 C Co:2:006:0 0 2 >
ffff8e67c4a97840 3939238303 S Co:2:006:0 s 40 b9 0000 0000 0004 4 = 09009802
ffff8e67c4a97840 3939241040 C Co:2:006:0 0 4 >
ffff8e67c4a97840 3939241082 S Ii:2:006:3 -115:1 3 <
ffff8e67c4a97840 3939242338 C Ii:2:006:3 0:1 3 = 100000
ffff8e67c4a97840 3939242379 S Ci:2:006:0 s c0 bc 0800 0016 0002 2 <
ffff8e67c4a97840 3939244932 C Ci:2:006:0 0 2 = 0900
ffff8e67c4a97840 3939244974 S Ci:2:006:0 s c0 bc 0900 001c 0002 2 <
ffff8e67c4a97840 3939247565 C Ci:2:006:0 0 2 = 2e6f
ffff8e67c4a97840 3939247607 S Ci:2:006:0 s c0 bc 0800 23be 0002 2 <
ffff8e67c4a97840 3939250170 C Ci:2:006:0 0 2 = 0000
ffff8e67c4a97840 3939250204 S Co:2:006:0 s 40 bc 0900 0014 0002 2 = d39e
ffff8e67c4a97840 3939252789 C Co:2:006:0 0 2 >
ffff8e67c4a97840 3939252830 S Ci:2:006:0 s c0 bc 0900 001c 0002 2 <
ffff8e67c4a97840 3939255425 C Ci:2:006:0 0 2 = 2e6f
ffff8e67c4a97840 3939255467 S Co:2:006:0 s 40 bc 0800 00c0 0002 2 = 1089
ffff8e67c4a97840 3939258037 C Co:2:006:0 0 2 >
ffff8e67c4a97840 3939258074 S Co:2:006:0 s 40 b9 0000 0000 0004 4 = 09009802
ffff8e67c4a97840 3939260666 C Co:2:006:0 0 4 >
ffff8e67c4a97840 3939260710 S Ii:2:006:3 -115:1 3 <
ffff8e67c4a97840 3939261968 C Ii:2:006:3 0:1 3 = 100000
ffff8e67c4a97840 3939262016 S Ci:2:006:0 s c0 bc 0800 0016 0002 2 <
ffff8e67c4a97840 3939264569 C Ci:2:006:0 0 2 = 0900
ffff8e67c4a97840 3939264600 S Ci:2:006:0 s c0 bc 0900 001c 0002 2 <
ffff8e67c4a97840 3939267230 C Ci:2:006:0 0 2 = 2e6f
ffff8e67c4a97840 3939267266 S Ci:2:006:0 s c0 bc 0800 23be 0002 2 <
ffff8e67c4a97840 3939269950 C Ci:2:006:0 0 2 = 0000
ffff8e67c4a97840 3939269994 S Co:2:006:0 s 40 bc 0900 0014 0002 2 = d39e
ffff8e67c4a97840 3939272550 C Co:2:006:0 0 2 >
ffff8e67c4a97840 3939272583 S Ci:2:006:0 s c0 bc 0900 001c 0002 2 <
ffff8e67c4a97840 3939275202 C Ci:2:006:0 0 2 = 2e6f
ffff8e67c4a97840 3939275261 S Co:2:006:0 s 40 bc 0800 00c0 0002 2 = 11fc
ffff8e67c4a97840 3939277788 C Co:2:006:0 0 2 >
ffff8e67c4a97840 3939277829 S Co:2:006:0 s 40 b9 0000 0000 0004 4 = 09009802
ffff8e67c4a97840 3939280405 C Co:2:006:0 0 4 >
ffff8e67c4a97840 3939280444 S Ii:2:006:3 -115:1 3 <
ffff8e67c4a97840 3939281706 C Ii:2:006:3 0:1 3 = 100000
ffff8e67c4a97840 3939281749 S Ci:2:006:0 s c0 bc 0800 0016 0002 2 <
ffff8e67c4a97840 3939284374 C Ci:2:006:0 0 2 = 0900
ffff8e67c4a97840 3939284416 S Ci:2:006:0 s c0 bc 0900 001c 0002 2 <
ffff8e67c4a97840 3939287129 C Ci:2:006:0 0 2 = 2e6f
ffff8e67c4a97840 3939287165 S Ci:2:006:0 s c0 bc 0800 23be 0002 2 <
ffff8e67c4a97840 3939289753 C Ci:2:006:0 0 2 = 0000
ffff8e67c4a97840 3939289787 S Co:2:006:0 s 40 bc 0900 0014 0002 2 = d39e
ffff8e67c4a97840 3939292332 C Co:2:006:0 0 2 >
ffff8e67c4a97840 3939292375 S Ci:2:006:0 s c0 bc 0900 001c 0002 2 <
ffff8e67c4a97840 3939295005 C Ci:2:006:0 0 2 = 2e6f
ffff8e67c4a97840 3939295049 S Co:2:006:0 s 40 bc 0800 00c0 0002 2 = 12c8
ffff8e67c4a97840 3939297589 C Co:2:006:0 0 2 >
ffff8e67c4a97840 3939297631 S Co:2:006:0 s 40 b9 0000 0000 0004 4 = 09009802
ffff8e67c4a97840 3939300245 C Co:2:006:0 0 4 >
ffff8e67c4a97840 3939300287 S Ii:2:006:3 -115:1 3 <
ffff8e67c4a97840 3939301583 C Ii:2:006:3 0:1 3 = 100000
ffff8e67c4a97840 3939301624 S Ci:2:006:0 s c0 bc 0800 0016 0002 2 <
ffff8e67c4a97840 3939304253 C Ci:2:006:0 0 2 = 0900
ffff8e67c4a97840 3939304296 S Ci:2:006:0 s c0 bc 0900 001c 0002 2 <
ffff8e67c4a97840 3939306847 C Ci:2:006:0 0 2 = 2e6f
ffff8e67c4a97840 3939306890 S Ci:2:006:0 s c0 bc 0800 23be 0002 2 <
ffff8e67c4a97840 3939309472 C Ci:2:006:0 0 2 = 0000
ffff8e67c4a97840 3939309528 S Co:2:006:0 s 40 bc 0900 0014 0002 2 = d39e
ffff8e67c4a97840 3939312129 C Co:2:006:0 0 2 >
ffff8e67c4a97840 3939312172 S Ci:2:006:0 s c0 bc 0900 001c 0002 2 <
ffff8e67c4a97840 3939314725 C Ci:2:006:0 0 2 = 2e6f
ffff8e67c4a97840 3939314769 S Co:2:006:0 s 40 bc 0800 00c0 0002 2 = 138b
ffff8e67c4a97840 3939317385 C Co:2:006:0 0 2 >
ffff8e67c4a97840 3939317427 S Co:2:006:0 s 40 b9 0000 0000 0004 4 = 09009802
ffff8e67c4a97840 3939319997 C Co:2:006:0 0 4 >
ffff8e67c4a97840 3939320039 S Ii:2:006:3 -115:1 3 <
ffff8e67c4a97840 3939321317 C Ii:2:006:3 0:1 3 = 100000
ffff8e67c4a97840 3939321358 S Ci:2:006:0 s c0 bc 0800 0016 0002 2 <
ffff8e67c4a97840 3939323973 C Ci:2:006:0 0 2 = 0900
ffff8e67c4a97840 3939324016 S Ci:2:006:0 s c0 bc 0900 001c 0002 2 <
ffff8e67c4a97840 3939326577 C Ci:2:006:0 0 2 = 2e6f
ffff8e67c4a97840 3939326618 S Ci:2:006:0 s c0 bc 0800 23be 0002 2 <
ffff8e67c4a97840 3939329252 C Ci:2:006:0 0 2 = 0000
ffff8e67c4a97840 3939329345 S Co:2:006:0 s 40 bc 0900 0014 0002 2 = d39e
ffff8e67c4a97840 3939331829 C Co:2:006:0 0 2 >
ffff8e67c4a97840 3939331872 S Ci:2:006:0 s c0 bc 0900 001c 0002 2 <
ffff8e67c4a97840 3939334491 C Ci:2:006:0 0 2 = 2e6f
ffff8e67c4a97840 3939334548 S Co:2:006:0 s 40 bc 0800 00c0 0002 2 = 1588
ffff8e67c4a97840 3939337243 C Co:2:006:0 0 2 >
ffff8e67c4a97840 3939337285 S Co:2:006:0 s 40 b9 0000 0000 0004 4 = 09009802
ffff8e67c4a97840 3939339832 C Co:2:006:0 0 4 >
ffff8e67c4a97840 3939339874 S Ii:2:006:3 -115:1 3 <
ffff8e67c4a97840 3939341067 C Ii:2:006:3 0:1 3 = 100000
ffff8e67c4a97840 3939341108 S Ci:2:006:0 s c0 bc 0800 0016 0002 2 <
ffff8e67c4a97840 3939343717 C Ci:2:006:0 0 2 = 0900
ffff8e67c4a97840 3939343760 S Ci:2:006:0 s c0 bc 0900 001c 0002 2 <
ffff8e67c4a97840 3939346350 C Ci:2:006:0 0 2 = 2e6f
ffff8e67c4a97840 3939346393 S Ci:2:006:0 s c0 bc 0800 23be 0002 2 <
ffff8e67c4a97840 3939348971 C Ci:2:006:0 0 2 = 0000
ffff8e67c4a97840 3939349014 S Co:2:006:0 s 40 bc 0900 0014 0002 2 = d39e
ffff8e67c4a97840 3939351610 C Co:2:006:0 0 2 >
ffff8e67c4a97840 3939351654 S Ci:2:006:0 s c0 bc 0900 001c 0002 2 <
ffff8e67c4a97840 3939354251 C Ci:2:006:0 0 2 = 2e6f
ffff8e67c4a97840 3939354288 S Co:2:006:0 s 40 bc 0800 00c0 0004 4 = 9989ed00
ffff8e67c4a97840 3939356837 C Co:2:006:0 0 4 >
ffff8e67c4a97840 3939356881 S Co:2:006:0 s 40 b9 0000 0000 0004 4 = 09006603
ffff8e67c4a97840 3939359424 C Co:2:006:0 0 4 >
ffff8e67c4a97840 3939359455 S Ii:2:006:3 -115:1 3 <
ffff8e67c4a97840 3939360670 C Ii:2:006:3 0:1 3 = 100000
ffff8e67c4a97840 3939360711 S Ci:2:006:0 s c0 bc 0800 0016 0002 2 <
ffff8e67c4a97840 3939363356 C Ci:2:006:0 0 2 = 0900
ffff8e67c4a97840 3939363400 S Ci:2:006:0 s c0 bc 0900 001c 0002 2 <
ffff8e67c4a97840 3939366045 C Ci:2:006:0 0 2 = 2e6f
ffff8e67c4a97840 3939366096 S Ci:2:006:0 s c0 bc 0800 23be 0002 2 <
ffff8e67c4a97840 3939368711 C Ci:2:006:0 0 2 = 0000
ffff8e67c4a97840 3939368759 S Co:2:006:0 s 40 bc 0900 0014 0002 2 = d39e
ffff8e67c4a97840 3939371278 C Co:2:006:0 0 2 >
ffff8e67c4a97840 3939371335 S Ci:2:006:0 s c0 bc 0900 001c 0002 2 <
ffff8e67c4a97840 3939373968 C Ci:2:006:0 0 2 = 2e6f
ffff8e67c4a97840 3939374006 S Co:2:006:0 s 40 b9 0000 0000 0004 4 = 09016601
ffff8e67c4a97840 3939376508 C Co:2:006:0 0 4 >
ffff8e67c4a97840 3939376535 S Ii:2:006:3 -115:1 3 <
ffff8e67c4a97840 3939377828 C Ii:2:006:3 0:1 3 = 100000
ffff8e67c4a97840 3939377850 S Ci:2:006:0 s c0 bc 0800 0016 0002 2 <
ffff8e67c4a97840 3939380619 C Ci:2:006:0 0 2 = 0900
ffff8e67c4a97840 3939380678 S Ci:2:006:0 s c0 bc 0900 001c 0002 2 <
ffff8e67c4a97840 3939383213 C Ci:2:006:0 0 2 = 2e6f
ffff8e67c4a97840 3939383248 S Ci:2:006:0 s c0 bc 0800 23be 0004 4 <
ffff8e67c4a97840 3939385938 C Ci:2:006:0 0 4 = 00007ce0
ffff8e67c4a97840 3939385991 S Co:2:006:0 s 40 bc 0800 00c0 0004 4 = 998abf00
ffff8e67c4a97840 3939388661 C Co:2:006:0 0 4 >
ffff8e67c4a97840 3939388704 S Co:2:006:0 s 40 b9 0000 0000 0004 4 = 09006603
ffff8e67c4a97840 3939391305 C Co:2:006:0 0 4 >
ffff8e67c4a97840 3939391353 S Ii:2:006:3 -115:1 3 <
ffff8e67c4a97840 3939392706 C Ii:2:006:3 0:1 3 = 100000
ffff8e67c4a97840 3939392746 S Ci:2:006:0 s c0 bc 0800 0016 0002 2 <
ffff8e67c4a97840 3939395432 C Ci:2:006:0 0 2 = 0900
ffff8e67c4a97840 3939395522 S Ci:2:006:0 s c0 bc 0900 001c 0002 2 <
ffff8e67c4a97840 3939398241 C Ci:2:006:0 0 2 = 2e6f
ffff8e67c4a97840 3939398277 S Ci:2:006:0 s c0 bc 0800 23be 0002 2 <
ffff8e67c4a97840 3939401071 C Ci:2:006:0 0 2 = 0000
ffff8e67c4a97840 3939401112 S Co:2:006:0 s 40 bc 0900 0014 0002 2 = d39e
ffff8e67c4a97840 3939403780 C Co:2:006:0 0 2 >
ffff8e67c4a97840 3939403824 S Ci:2:006:0 s c0 bc 0900 001c 0002 2 <
ffff8e67c4a97840 3939406581 C Ci:2:006:0 0 2 = 2e6f
ffff8e67c4a97840 3939406625 S Co:2:006:0 s 40 b9 0000 0000 0004 4 = 09016602
ffff8e67c4a97840 3939409287 C Co:2:006:0 0 4 >
ffff8e67c4a97840 3939409320 S Ii:2:006:3 -115:1 3 <
ffff8e67c4a97840 3939410671 C Ii:2:006:3 0:1 3 = 100000
ffff8e67c4a97840 3939410713 S Ci:2:006:0 s c0 bc 0800 0016 0002 2 <
ffff8e67c4a97840 3939413423 C Ci:2:006:0 0 2 = 0900
ffff8e67c4a97840 3939413466 S Ci:2:006:0 s c0 bc 0900 001c 0002 2 <
ffff8e67c4a97840 3939416179 C Ci:2:006:0 0 2 = 2e6f
ffff8e67c4a97840 3939416215 S Ci:2:006:0 s c0 bc 0800 23be 0004 4 <
ffff8e67c4a97840 3939418930 C Ci:2:006:0 0 4 = 000091d9
ffff8e67c4a97840 3939418972 S Co:2:006:0 s 40 bc 0800 00c0 0004 4 = 9989b800
ffff8e67c4a97840 3939421644 C Co:2:006:0 0 4 >
ffff8e67c4a97840 3939421687 S Co:2:006:0 s 40 b9 0000 0000 0004 4 = 09006603
ffff8e67c4a97840 3939424307 C Co:2:006:0 0 4 >
ffff8e67c4a97840 3939424361 S Ii:2:006:3 -115:1 3 <
ffff8e67c4a97840 3939425657 C Ii:2:006:3 0:1 3 = 100000
ffff8e67c4a97840 3939425687 S Ci:2:006:0 s c0 bc 0800 0016 0002 2 <
ffff8e67c4a97840 3939428420 C Ci:2:006:0 0 2 = 0900
ffff8e67c4a97840 3939428464 S Ci:2:006:0 s c0 bc 0900 001c 0002 2 <
ffff8e67c4a97840 3939431208 C Ci:2:006:0 0 2 = 2e6f
ffff8e67c4a97840 3939431244 S Ci:2:006:0 s c0 bc 0800 23be 0002 2 <
ffff8e67c4a97840 3939433937 C Ci:2:006:0 0 2 = 0000
ffff8e67c4a97840 3939434040 S Co:2:006:0 s 40 bc 0900 0014 0002 2 = d39e
ffff8e67c4a97840 3939436684 C Co:2:006:0 0 2 >
ffff8e67c4a97840 3939436730 S Ci:2:006:0 s c0 bc 0900 001c 0002 2 <
ffff8e67c4a97840 3939439435 C Ci:2:006:0 0 2 = 2e6f
ffff8e67c4a97840 3939439479 S Co:2:006:0 s 40 b9 0000 0000 0004 4 = 09016601
ffff8e67c4a97840 3939442159 C Co:2:006:0 0 4 >
ffff8e67c4a97840 3939442199 S Ii:2:006:3 -115:1 3 <
ffff8e67c4a97840 3939443532 C Ii:2:006:3 0:1 3 = 100000
ffff8e67c4a97840 3939443580 S Ci:2:006:0 s c0 bc 0800 0016 0002 2 <
ffff8e67c4a97840 3939446352 C Ci:2:006:0 0 2 = 0900
ffff8e67c4a97840 3939446395 S Ci:2:006:0 s c0 bc 0900 001c 0002 2 <
ffff8e67c4a97840 3939449045 C Ci:2:006:0 0 2 = 2e6f
ffff8e67c4a97840 3939449079 S Ci:2:006:0 s c0 bc 0800 23be 0004 4 <
ffff8e67c4a97840 3939451856 C Ci:2:006:0 0 4 = 00006ed9
ffff8e67c4a97840 3939451897 S Co:2:006:0 s 40 bc 0800 00c0 0004 4 = 9989f500
ffff8e67c4a97840 3939454522 C Co:2:006:0 0 4 >
ffff8e67c4a97840 3939454555 S Co:2:006:0 s 40 b9 0000 0000 0004 4 = 09006603
ffff8e67c4a97840 3939457237 C Co:2:006:0 0 4 >
ffff8e67c4a97840 3939457280 S Ii:2:006:3 -115:1 3 <
ffff8e67c4a97840 3939458567 C Ii:2:006:3 0:1 3 = 100000
ffff8e67c4a97840 3939458608 S Ci:2:006:0 s c0 bc 0800 0016 0002 2 <
ffff8e67c4a97840 3939461426 C Ci:2:006:0 0 2 = 0900
ffff8e67c4a97840 3939461471 S Ci:2:006:0 s c0 bc 0900 001c 0002 2 <
ffff8e67c4a97840 3939464148 C Ci:2:006:0 0 2 = 2e6f
ffff8e67c4a97840 3939464181 S Ci:2:006:0 s c0 bc 0800 23be 0002 2 <
ffff8e67c4a97840 3939466948 C Ci:2:006:0 0 2 = 0000
ffff8e67c4a97840 3939467003 S Co:2:006:0 s 40 bc 0900 0014 0002 2 = d39e
ffff8e67c4a97840 3939469702 C Co:2:006:0 0 2 >
ffff8e67c4a97840 3939469744 S Ci:2:006:0 s c0 bc 0900 001c 0002 2 <
ffff8e67c4a97840 3939472283 C Ci:2:006:0 0 2 = 2e6f
ffff8e67c4a97840 3939472327 S Co:2:006:0 s 40 b9 0000 0000 0004 4 = 09016601
ffff8e67c4a97840 3939475006 C Co:2:006:0 0 4 >
ffff8e67c4a97840 3939475049 S Ii:2:006:3 -115:1 3 <
ffff8e67c4a97840 3939476403 C Ii:2:006:3 0:1 3 = 100000
ffff8e67c4a97840 3939476449 S Ci:2:006:0 s c0 bc 0800 0016 0002 2 <
ffff8e67c4a97840 3939479199 C Ci:2:006:0 0 2 = 0900
ffff8e67c4a97840 3939479246 S Ci:2:006:0 s c0 bc 0900 001c 0002 2 <
ffff8e67c4a97840 3939481868 C Ci:2:006:0 0 2 = 2e6f
ffff8e67c4a97840 3939481908 S Ci:2:006:0 s c0 bc 0800 23be 0004 4 <
ffff8e67c4a97840 3939484649 C Ci:2:006:0 0 4 = 0000e2d9
ffff8e67c4a97840 3939484685 S Co:2:006:0 s 40 bc 0800 00c0 0004 4 = 9989f500
ffff8e67c4a97840 3939487410 C Co:2:006:0 0 4 >
ffff8e67c4a97840 3939487453 S Co:2:006:0 s 40 b9 0000 0000 0004 4 = 09006603
ffff8e67c4a97840 3939490209 C Co:2:006:0 0 4 >
ffff8e67c4a97840 3939490249 S Ii:2:006:3 -115:1 3 <
ffff8e67c4a97840 3939491520 C Ii:2:006:3 0:1 3 = 100000
ffff8e67c4a97840 3939491561 S Ci:2:006:0 s c0 bc 0800 0016 0002 2 <
ffff8e67c4a97840 3939494329 C Ci:2:006:0 0 2 = 0900
ffff8e67c4a97840 3939494373 S Ci:2:006:0 s c0 bc 0900 001c 0002 2 <
ffff8e67c4a97840 3939497093 C Ci:2:006:0 0 2 = 2e6f
ffff8e67c4a97840 3939497129 S Ci:2:006:0 s c0 bc 0800 23be 0002 2 <
ffff8e67c4a97840 3939499790 C Ci:2:006:0 0 2 = 0000
ffff8e67c4a97840 3939499879 S Co:2:006:0 s 40 bc 0900 0014 0002 2 = d39e
ffff8e67c4a97840 3939502530 C Co:2:006:0 0 2 >
ffff8e67c4a97840 3939502572 S Ci:2:006:0 s c0 bc 0900 001c 0002 2 <
ffff8e67c4a97840 3939505130 C Ci:2:006:0 0 2 = 2e6f
ffff8e67c4a97840 3939505171 S Co:2:006:0 s 40 b9 0000 0000 0004 4 = 09016601
ffff8e67c4a97840 3939507907 C Co:2:006:0 0 4 >
ffff8e67c4a97840 3939507948 S Ii:2:006:3 -115:1 3 <
ffff8e67c4a97840 3939509247 C Ii:2:006:3 0:1 3 = 100000
ffff8e67c4a97840 3939509288 S Ci:2:006:0 s c0 bc 0800 0016 0002 2 <
ffff8e67c4a97840 3939512045 C Ci:2:006:0 0 2 = 0900
ffff8e67c4a97840 3939512091 S Ci:2:006:0 s c0 bc 0900 001c 0002 2 <
ffff8e67c4a97840 3939514793 C Ci:2:006:0 0 2 = 2e6f
ffff8e67c4a97840 3939514833 S Ci:2:006:0 s c0 bc 0800 23be 0004 4 <
ffff8e67c4a97840 3939517634 C Ci:2:006:0 0 4 = 0000e2d9
ffff8e67c4a97840 3939517676 S Co:2:006:0 s 40 bc 0800 00c0 0004 4 = 10003300
ffff8e67c4a97840 3939520282 C Co:2:006:0 0 4 >
ffff8e67c4a97840 3939520326 S Co:2:006:0 s 40 b9 0000 0000 0004 4 = 09006603
ffff8e67c4a97840 3939523035 C Co:2:006:0 0 4 >
ffff8e67c4a97840 3939523087 S Ii:2:006:3 -115:1 3 <
ffff8e67c4a97840 3939524309 C Ii:2:006:3 0:1 3 = 100000
ffff8e67c4a97840 3939524362 S Ci:2:006:0 s c0 bc 0800 0016 0002 2 <
ffff8e67c4a97840 3939526993 C Ci:2:006:0 0 2 = 0900
ffff8e67c4a97840 3939527040 S Ci:2:006:0 s c0 bc 0900 001c 0002 2 <
ffff8e67c4a97840 3939529675 C Ci:2:006:0 0 2 = 2e6f
ffff8e67c4a97840 3939529717 S Ci:2:006:0 s c0 bc 0800 23be 0002 2 <
ffff8e67c4a97840 3939532355 C Ci:2:006:0 0 2 = 0000
ffff8e67c4a97840 3939532387 S Co:2:006:0 s 40 bc 0900 0014 0002 2 = d39e
ffff8e67c4a97840 3939534939 C Co:2:006:0 0 2 >
ffff8e67c4a97840 3939534982 S Ci:2:006:0 s c0 bc 0900 001c 0002 2 <
ffff8e67c4a97840 3939537557 C Ci:2:006:0 0 2 = 2e6f
ffff8e67c4a97840 3939537601 S Co:2:006:0 s 40 bc 0800 00c0 0004 4 = 10016900
ffff8e67c4a97840 3939540194 C Co:2:006:0 0 4 >
ffff8e67c4a97840 3939540235 S Co:2:006:0 s 40 b9 0000 0000 0004 4 = 09006603
ffff8e67c4a97840 3939542787 C Co:2:006:0 0 4 >
ffff8e67c4a97840 3939542828 S Ii:2:006:3 -115:1 3 <
ffff8e67c4a97840 3939544008 C Ii:2:006:3 0:1 3 = 100000
ffff8e67c4a97840 3939544048 S Ci:2:006:0 s c0 bc 0800 0016 0002 2 <
ffff8e67c4a97840 3939546750 C Ci:2:006:0 0 2 = 0900
ffff8e67c4a97840 3939546807 S Ci:2:006:0 s c0 bc 0900 001c 0002 2 <
ffff8e67c4a97840 3939549314 C Ci:2:006:0 0 2 = 2e6f
ffff8e67c4a97840 3939549372 S Ci:2:006:0 s c0 bc 0800 23be 0002 2 <
ffff8e67c4a97840 3939552101 C Ci:2:006:0 0 2 = 0000
ffff8e67c4a97840 3939552146 S Co:2:006:0 s 40 bc 0900 0014 0002 2 = d39e
ffff8e67c4a97840 3939554825 C Co:2:006:0 0 2 >
ffff8e67c4a97840 3939554867 S Ci:2:006:0 s c0 bc 0900 001c 0002 2 <
ffff8e67c4a97840 3939557555 C Ci:2:006:0 0 2 = 2e6f
ffff8e67c4a97840 3939557600 S Co:2:006:0 s 40 bc 0800 00c0 0004 4 = 10027100
ffff8e67c4a97840 3939560077 C Co:2:006:0 0 4 >
ffff8e67c4a97840 3939560115 S Co:2:006:0 s 40 b9 0000 0000 0004 4 = 09006603
ffff8e67c4a97840 3939562740 C Co:2:006:0 0 4 >
ffff8e67c4a97840 3939562784 S Ii:2:006:3 -115:1 3 <
ffff8e67c4a97840 3939564044 C Ii:2:006:3 0:1 3 = 100000
ffff8e67c4a97840 3939564085 S Ci:2:006:0 s c0 bc 0800 0016 0002 2 <
ffff8e67c4a97840 3939566873 C Ci:2:006:0 0 2 = 0900
ffff8e67c4a97840 3939566916 S Ci:2:006:0 s c0 bc 0900 001c 0002 2 <
ffff8e67c4a97840 3939569497 C Ci:2:006:0 0 2 = 2e6f
ffff8e67c4a97840 3939569553 S Ci:2:006:0 s c0 bc 0800 23be 0002 2 <
ffff8e67c4a97840 3939572127 C Ci:2:006:0 0 2 = 0000
ffff8e67c4a97840 3939572171 S Co:2:006:0 s 40 bc 0900 0014 0002 2 = d39e
ffff8e67c4a97840 3939574865 C Co:2:006:0 0 2 >
ffff8e67c4a97840 3939574923 S Ci:2:006:0 s c0 bc 0900 001c 0002 2 <
ffff8e67c4a97840 3939577512 C Ci:2:006:0 0 2 = 2e6f
ffff8e67c4a97840 3939577569 S Co:2:006:0 s 40 bc 0800 00c0 0004 4 = 10037200
ffff8e67c4a97840 3939580111 C Co:2:006:0 0 4 >
ffff8e67c4a97840 3939580166 S Co:2:006:0 s 40 b9 0000 0000 0004 4 = 09006603
ffff8e67c4a97840 3939582906 C Co:2:006:0 0 4 >
ffff8e67c4a97840 3939582961 S Ii:2:006:3 -115:1 3 <
ffff8e67c4a97840 3939584198 C Ii:2:006:3 0:1 3 = 100000
ffff8e67c4a97840 3939584250 S Ci:2:006:0 s c0 bc 0800 0016 0002 2 <
ffff8e67c4a97840 3939586994 C Ci:2:006:0 0 2 = 0900
ffff8e67c4a97840 3939587054 S Ci:2:006:0 s c0 bc 0900 001c 0002 2 <
ffff8e67c4a97840 3939589569 C Ci:2:006:0 0 2 = 2e6f
ffff8e67c4a97840 3939589668 S Ci:2:006:0 s c0 bc 0800 23be 0002 2 <
ffff8e67c4a97840 3939592272 C Ci:2:006:0 0 2 = 0000
ffff8e67c4a97840 3939592317 S Co:2:006:0 s 40 bc 0900 0014 0002 2 = d39e
ffff8e67c4a97840 3939594853 C Co:2:006:0 0 2 >
ffff8e67c4a97840 3939594910 S Ci:2:006:0 s c0 bc 0900 001c 0002 2 <
ffff8e67c4a97840 3939597516 C Ci:2:006:0 0 2 = 2e6f
ffff8e67c4a97840 3939597574 S Co:2:006:0 s 40 bc 0800 00c0 0004 4 = 10016900
ffff8e67c4a97840 3939600144 C Co:2:006:0 0 4 >
ffff8e67c4a97840 3939600201 S Co:2:006:0 s 40 b9 0000 0000 0004 4 = 09006603
ffff8e67c4a97840 3939602870 C Co:2:006:0 0 4 >
ffff8e67c4a97840 3939602924 S Ii:2:006:3 -115:1 3 <
ffff8e67c4a97840 3939604175 C Ii:2:006:3 0:1 3 = 100000
ffff8e67c4a97840 3939604229 S Ci:2:006:0 s c0 bc 0800 0016 0002 2 <
ffff8e67c4a97840 3939606872 C Ci:2:006:0 0 2 = 0900
ffff8e67c4a97840 3939606930 S Ci:2:006:0 s c0 bc 0900 001c 0002 2 <
ffff8e67c4a97840 3939609488 C Ci:2:006:0 0 2 = 2e6f
ffff8e67c4a97840 3939609544 S Ci:2:006:0 s c0 bc 0800 23be 0002 2 <
ffff8e67c4a97840 3939612133 C Ci:2:006:0 0 2 = 0000
ffff8e67c4a97840 3939612179 S Co:2:006:0 s 40 bc 0900 0014 0002 2 = d39e
ffff8e67c4a97840 3939614856 C Co:2:006:0 0 2 >
ffff8e67c4a97840 3939614914 S Ci:2:006:0 s c0 bc 0900 001c 0002 2 <
ffff8e67c4a97840 3939617580 C Ci:2:006:0 0 2 = 2e6f
ffff8e67c4a97840 3939617637 S Co:2:006:0 s 40 bc 0800 00c0 0002 2 = 0495
ffff8e67c4a97840 3939620269 C Co:2:006:0 0 2 >
ffff8e67c4a97840 3939620326 S Co:2:006:0 s 40 b9 0000 0000 0004 4 = 09009802
ffff8e67c4a97840 3939622979 C Co:2:006:0 0 4 >
ffff8e67c4a97840 3939623034 S Ii:2:006:3 -115:1 3 <
ffff8e67c4a97840 3939624313 C Ii:2:006:3 0:1 3 = 100000
ffff8e67c4a97840 3939624367 S Ci:2:006:0 s c0 bc 0800 0016 0002 2 <
ffff8e67c4a97840 3939626980 C Ci:2:006:0 0 2 = 0900
ffff8e67c4a97840 3939627037 S Ci:2:006:0 s c0 bc 0900 001c 0002 2 <
ffff8e67c4a97840 3939629608 C Ci:2:006:0 0 2 = 2e6f
ffff8e67c4a97840 3939629665 S Ci:2:006:0 s c0 bc 0800 23be 0002 2 <
ffff8e67c4a97840 3939632244 C Ci:2:006:0 0 2 = 0000
ffff8e67c4a97840 3939632289 S Co:2:006:0 s 40 bc 0900 0014 0002 2 = d39e
ffff8e67c4a97840 3939635051 C Co:2:006:0 0 2 >
ffff8e67c4a97840 3939635108 S Ci:2:006:0 s c0 bc 0900 001c 0002 2 <
ffff8e67c4a97840 3939637711 C Ci:2:006:0 0 2 = 2e6f
ffff8e67c4a97840 3939637746 S Co:2:006:0 s 40 bc 0800 00c0 0004 4 = 99898b00
ffff8e67c4a97840 3939640390 C Co:2:006:0 0 4 >
ffff8e67c4a97840 3939640433 S Co:2:006:0 s 40 b9 0000 0000 0004 4 = 09006603
ffff8e67c4a97840 3939642987 C Co:2:006:0 0 4 >
ffff8e67c4a97840 3939643029 S Ii:2:006:3 -115:1 3 <
ffff8e67c4a97840 3939644308 C Ii:2:006:3 0:1 3 = 100000
ffff8e67c4a97840 3939644340 S Ci:2:006:0 s c0 bc 0800 0016 0002 2 <
ffff8e67c4a97840 3939647147 C Ci:2:006:0 0 2 = 0900
ffff8e67c4a97840 3939647191 S Ci:2:006:0 s c0 bc 0900 001c 0002 2 <
ffff8e67c4a97840 3939649838 C Ci:2:006:0 0 2 = 2e6f
ffff8e67c4a97840 3939649879 S Ci:2:006:0 s c0 bc 0800 23be 0002 2 <
ffff8e67c4a97840 3939652550 C Ci:2:006:0 0 2 = 0000
ffff8e67c4a97840 3939652593 S Co:2:006:0 s 40 bc 0900 0014 0002 2 = d39e
ffff8e67c4a97840 3939655257 C Co:2:006:0 0 2 >
ffff8e67c4a97840 3939655301 S Ci:2:006:0 s c0 bc 0900 001c 0002 2 <
ffff8e67c4a97840 3939657898 C Ci:2:006:0 0 2 = 2e6f
ffff8e67c4a97840 3939658002 S Co:2:006:0 s 40 b9 0000 0000 0004 4 = 09016601
ffff8e67c4a97840 3939660604 C Co:2:006:0 0 4 >
ffff8e67c4a97840 3939660645 S Ii:2:006:3 -115:1 3 <
ffff8e67c4a97840 3939661791 C Ii:2:006:3 0:1 3 = 100000
ffff8e67c4a97840 3939661823 S Ci:2:006:0 s c0 bc 0800 0016 0002 2 <
ffff8e67c4a97840 3939664612 C Ci:2:006:0 0 2 = 0900
ffff8e67c4a97840 3939664655 S Ci:2:006:0 s c0 bc 0900 001c 0002 2 <
ffff8e67c4a97840 3939667232 C Ci:2:006:0 0 2 = 2e6f
ffff8e67c4a97840 3939667268 S Ci:2:006:0 s c0 bc 0800 23be 0004 4 <
ffff8e67c4a97840 3939669963 C Ci:2:006:0 0 4 = 000026d9
ffff8e67c4a97840 3939669999 S Co:2:006:0 s 40 bc 0800 00c0 0002 2 = 70c0
ffff8e67c4a97840 3939672582 C Co:2:006:0 0 2 >
ffff8e67c4a97840 3939672626 S Co:2:006:0 s 40 b9 0000 0000 0004 4 = 09009802
ffff8e67c4a97840 3939675224 C Co:2:006:0 0 4 >
ffff8e67c4a97840 3939675282 S Ii:2:006:3 -115:1 3 <
ffff8e67c4a97840 3939676569 C Ii:2:006:3 0:1 3 = 100000
ffff8e67c4a97840 3939676610 S Ci:2:006:0 s c0 bc 0800 0016 0002 2 <
ffff8e67c4a97840 3939679238 C Ci:2:006:0 0 2 = 0900
ffff8e67c4a97840 3939679281 S Ci:2:006:0 s c0 bc 0900 001c 0002 2 <
ffff8e67c4a97840 3939681841 C Ci:2:006:0 0 2 = 2e6f
ffff8e67c4a97840 3939681885 S Ci:2:006:0 s c0 bc 0800 23be 0002 2 <
ffff8e67c4a97840 3939684456 C Ci:2:006:0 0 2 = 0000
ffff8e67c4a97840 3939684527 S Co:2:006:0 s 40 bc 0900 0014 0002 2 = d39e
ffff8e67c4a97840 3939687268 C Co:2:006:0 0 2 >
ffff8e67c4a97840 3939687311 S Ci:2:006:0 s c0 bc 0900 001c 0002 2 <
ffff8e67c4a97840 3939690016 C Ci:2:006:0 0 2 = 2e6f
ffff8e67c4a97840 3939690060 S Co:2:006:0 s 40 bc 0800 00c0 0002 2 = 0f88
ffff8e67c4a97840 3939692760 C Co:2:006:0 0 2 >
ffff8e67c4a97840 3939692801 S Co:2:006:0 s 40 b9 0000 0000 0004 4 = 09009802
ffff8e67c4a97840 3939695343 C Co:2:006:0 0 4 >
ffff8e67c4a97840 3939695384 S Ii:2:006:3 -115:1 3 <
ffff8e67c4a97840 3939696657 C Ii:2:006:3 0:1 3 = 100000
ffff8e67c4a97840 3939696698 S Ci:2:006:0 s c0 bc 0800 0016 0002 2 <
ffff8e67c4a97840 3939699555 C Ci:2:006:0 0 2 = 0900
ffff8e67c4a97840 3939699598 S Ci:2:006:0 s c0 bc 0900 001c 0002 2 <
ffff8e67c4a97840 3939702119 C Ci:2:006:0 0 2 = 2e6f
ffff8e67c4a97840 3939702155 S Ci:2:006:0 s c0 bc 0800 23be 0002 2 <
ffff8e67c4a97840 3939704831 C Ci:2:006:0 0 2 = 0000
ffff8e67c4a97840 3939704865 S Co:2:006:0 s 40 bc 0900 0014 0002 2 = d39e
ffff8e67c4a97840 3939707522 C Co:2:006:0 0 2 >
ffff8e67c4a97840 3939707568 S Ci:2:006:0 s c0 bc 0900 001c 0002 2 <
ffff8e67c4a97840 3939710164 C Ci:2:006:0 0 2 = 2e6f
ffff8e67c4a97840 3939710208 S Co:2:006:0 s 40 bc 0800 00c0 0002 2 = 907e
ffff8e67c4a97840 3939712827 C Co:2:006:0 0 2 >
ffff8e67c4a97840 3939712870 S Co:2:006:0 s 40 b9 0000 0000 0004 4 = 09009802
ffff8e67c4a97840 3939715488 C Co:2:006:0 0 4 >
ffff8e67c4a97840 3939715538 S Ii:2:006:3 -115:1 3 <
ffff8e67c4a97840 3939716672 C Ii:2:006:3 0:1 3 = 100000
ffff8e67c4a97840 3939716710 S Ci:2:006:0 s c0 bc 0800 0016 0002 2 <
ffff8e67c4a97840 3939719513 C Ci:2:006:0 0 2 = 0900
ffff8e67c4a97840 3939719565 S Ci:2:006:0 s c0 bc 0900 001c 0002 2 <
ffff8e67c4a97840 3939722145 C Ci:2:006:0 0 2 = 2e6f
ffff8e67c4a97840 3939722181 S Ci:2:006:0 s c0 bc 0800 23be 0002 2 <
ffff8e67c4a97840 3939724854 C Ci:2:006:0 0 2 = 0000
ffff8e67c4a97840 3939724888 S Co:2:006:0 s 40 bc 0900 0014 0002 2 = d39e
ffff8e67c4a97840 3939727594 C Co:2:006:0 0 2 >
ffff8e67c4a97840 3939727660 S Ci:2:006:0 s c0 bc 0900 001c 0002 2 <
ffff8e67c4a97840 3939730176 C Ci:2:006:0 0 2 = 2e6f
ffff8e67c4a97840 3939730211 S Co:2:006:0 s 40 bc 0800 00c0 0002 2 = 9177
ffff8e67c4a97840 3939733045 C Co:2:006:0 0 2 >
ffff8e67c4a97840 3939733087 S Co:2:006:0 s 40 b9 0000 0000 0004 4 = 09009802
ffff8e67c4a97840 3939735700 C Co:2:006:0 0 4 >
ffff8e67c4a97840 3939735739 S Ii:2:006:3 -115:1 3 <
ffff8e67c4a97840 3939737050 C Ii:2:006:3 0:1 3 = 100000
ffff8e67c4a97840 3939737082 S Ci:2:006:0 s c0 bc 0800 0016 0002 2 <
ffff8e67c4a97840 3939739830 C Ci:2:006:0 0 2 = 0900
ffff8e67c4a97840 3939739865 S Ci:2:006:0 s c0 bc 0900 001c 0002 2 <
ffff8e67c4a97840 3939742584 C Ci:2:006:0 0 2 = 2e6f
ffff8e67c4a97840 3939742615 S Ci:2:006:0 s c0 bc 0800 23be 0002 2 <
ffff8e67c4a97840 3939745241 C Ci:2:006:0 0 2 = 0000
ffff8e67c4a97840 3939745277 S Co:2:006:0 s 40 bc 0900 0014 0002 2 = d39e
ffff8e67c4a97840 3939747810 C Co:2:006:0 0 2 >
ffff8e67c4a97840 3939747854 S Ci:2:006:0 s c0 bc 0900 001c 0002 2 <
ffff8e67c4a97840 3939750493 C Ci:2:006:0 0 2 = 2e6f
ffff8e67c4a97840 3939750537 S Co:2:006:0 s 40 bc 0800 00c0 0002 2 = 95de
ffff8e67c4a97840 3939753097 C Co:2:006:0 0 2 >
ffff8e67c4a97840 3939753140 S Co:2:006:0 s 40 b9 0000 0000 0004 4 = 09009802
ffff8e67c4a97840 3939755721 C Co:2:006:0 0 4 >
ffff8e67c4a97840 3939755762 S Ii:2:006:3 -115:1 3 <
ffff8e67c4a97840 3939757047 C Ii:2:006:3 0:1 3 = 100000
ffff8e67c4a97840 3939757080 S Ci:2:006:0 s c0 bc 0800 0016 0002 2 <
ffff8e67c4a97840 3939759865 C Ci:2:006:0 0 2 = 0900
ffff8e67c4a97840 3939759910 S Ci:2:006:0 s c0 bc 0900 001c 0002 2 <
ffff8e67c4a97840 3939762445 C Ci:2:006:0 0 2 = 2e6f
ffff8e67c4a97840 3939762497 S Ci:2:006:0 s c0 bc 0800 23be 0002 2 <
ffff8e67c4a97840 3939765140 C Ci:2:006:0 0 2 = 0000
ffff8e67c4a97840 3939765176 S Co:2:006:0 s 40 bc 0900 0014 0002 2 = d39e
ffff8e67c4a97840 3939767787 C Co:2:006:0 0 2 >
ffff8e67c4a97840 3939767850 S Ci:2:006:0 s c0 bc 0900 001c 0002 2 <
ffff8e67c4a97840 3939770498 C Ci:2:006:0 0 2 = 2e6f
ffff8e67c4a97840 3939770544 S Co:2:006:0 s 40 bc 0800 00c0 0002 2 = 960a
ffff8e67c4a97840 3939773220 C Co:2:006:0 0 2 >
ffff8e67c4a97840 3939773284 S Co:2:006:0 s 40 b9 0000 0000 0004 4 = 09009802
ffff8e67c4a97840 3939775970 C Co:2:006:0 0 4 >
ffff8e67c4a97840 3939776017 S Ii:2:006:3 -115:1 3 <
ffff8e67c4a97840 3939777136 C Ii:2:006:3 0:1 3 = 100000
ffff8e67c4a97840 3939777166 S Ci:2:006:0 s c0 bc 0800 0016 0002 2 <
ffff8e67c4a97840 3939779852 C Ci:2:006:0 0 2 = 0900
ffff8e67c4a97840 3939779895 S Ci:2:006:0 s c0 bc 0900 001c 0002 2 <
ffff8e67c4a97840 3939782497 C Ci:2:006:0 0 2 = 2e6f
ffff8e67c4a97840 3939782546 S Ci:2:006:0 s c0 bc 0800 23be 0002 2 <
ffff8e67c4a97840 3939785251 C Ci:2:006:0 0 2 = 0000
ffff8e67c4a97840 3939785285 S Co:2:006:0 s 40 bc 0900 0014 0002 2 = d39e
ffff8e67c4a97840 3939787989 C Co:2:006:0 0 2 >
ffff8e67c4a97840 3939788023 S Ci:2:006:0 s c0 bc 0900 001c 0002 2 <
ffff8e67c4a97840 3939790768 C Ci:2:006:0 0 2 = 2e6f
ffff8e67c4a97840 3939790809 S Co:2:006:0 s 40 bc 0800 00c0 0002 2 = 9788
ffff8e67c4a97840 3939793326 C Co:2:006:0 0 2 >
ffff8e67c4a97840 3939793366 S Co:2:006:0 s 40 b9 0000 0000 0004 4 = 09009802
ffff8e67c4a97840 3939795998 C Co:2:006:0 0 4 >
ffff8e67c4a97840 3939796040 S Ii:2:006:3 -115:1 3 <
ffff8e67c4a97840 3939797320 C Ii:2:006:3 0:1 3 = 100000
ffff8e67c4a97840 3939797360 S Ci:2:006:0 s c0 bc 0800 0016 0002 2 <
ffff8e67c4a97840 3939800152 C Ci:2:006:0 0 2 = 0900
ffff8e67c4a97840 3939800196 S Ci:2:006:0 s c0 bc 0900 001c 0002 2 <
ffff8e67c4a97840 3939802828 C Ci:2:006:0 0 2 = 2e6f
ffff8e67c4a97840 3939802872 S Ci:2:006:0 s c0 bc 0800 23be 0002 2 <
ffff8e67c4a97840 3939805414 C Ci:2:006:0 0 2 = 0000
ffff8e67c4a97840 3939805471 S Co:2:006:0 s 40 bc 0900 0014 0002 2 = d39e
ffff8e67c4a97840 3939808100 C Co:2:006:0 0 2 >
ffff8e67c4a97840 3939808143 S Ci:2:006:0 s c0 bc 0900 001c 0002 2 <
ffff8e67c4a97840 3939810729 C Ci:2:006:0 0 2 = 2e6f
ffff8e67c4a97840 3939810772 S Co:2:006:0 s 40 bc 0800 00c0 0002 2 = a08c
ffff8e67c4a97840 3939813351 C Co:2:006:0 0 2 >
ffff8e67c4a97840 3939813394 S Co:2:006:0 s 40 b9 0000 0000 0004 4 = 09009802
ffff8e67c4a97840 3939815998 C Co:2:006:0 0 4 >
ffff8e67c4a97840 3939816040 S Ii:2:006:3 -115:1 3 <
ffff8e67c4a97840 3939817365 C Ii:2:006:3 0:1 3 = 100000
ffff8e67c4a97840 3939817406 S Ci:2:006:0 s c0 bc 0800 0016 0002 2 <
ffff8e67c4a97840 3939820137 C Ci:2:006:0 0 2 = 0900
ffff8e67c4a97840 3939820180 S Ci:2:006:0 s c0 bc 0900 001c 0002 2 <
ffff8e67c4a97840 3939822829 C Ci:2:006:0 0 2 = 2e6f
ffff8e67c4a97840 3939822873 S Ci:2:006:0 s c0 bc 0800 23be 0002 2 <
ffff8e67c4a97840 3939825476 C Ci:2:006:0 0 2 = 0000
ffff8e67c4a97840 3939825517 S Co:2:006:0 s 40 bc 0900 0014 0002 2 = d39e
ffff8e67c4a97840 3939828248 C Co:2:006:0 0 2 >
ffff8e67c4a97840 3939828291 S Ci:2:006:0 s c0 bc 0900 001c 0002 2 <
ffff8e67c4a97840 3939831008 C Ci:2:006:0 0 2 = 2e6f
ffff8e67c4a97840 3939831052 S Co:2:006:0 s 40 bc 0800 00c0 0002 2 = a118
ffff8e67c4a97840 3939833746 C Co:2:006:0 0 2 >
ffff8e67c4a97840 3939833788 S Co:2:006:0 s 40 b9 0000 0000 0004 4 = 09009802
ffff8e67c4a97840 3939836359 C Co:2:006:0 0 4 >
ffff8e67c4a97840 3939836400 S Ii:2:006:3 -115:1 3 <
ffff8e67c4a97840 3939837623 C Ii:2:006:3 0:1 3 = 100000
ffff8e67c4a97840 3939837664 S Ci:2:006:0 s c0 bc 0800 0016 0002 2 <
ffff8e67c4a97840 3939840530 C Ci:2:006:0 0 2 = 0900
ffff8e67c4a97840 3939840574 S Ci:2:006:0 s c0 bc 0900 001c 0002 2 <
ffff8e67c4a97840 3939843278 C Ci:2:006:0 0 2 = 2e6f
ffff8e67c4a97840 3939843315 S Ci:2:006:0 s c0 bc 0800 23be 0002 2 <
ffff8e67c4a97840 3939846000 C Ci:2:006:0 0 2 = 0000
ffff8e67c4a97840 3939846027 S Co:2:006:0 s 40 bc 0900 0014 0002 2 = d39e
ffff8e67c4a97840 3939848557 C Co:2:006:0 0 2 >
ffff8e67c4a97840 3939848601 S Ci:2:006:0 s c0 bc 0900 001c 0002 2 <
ffff8e67c4a97840 3939851225 C Ci:2:006:0 0 2 = 2e6f
ffff8e67c4a97840 3939851269 S Co:2:006:0 s 40 bc 0800 00c0 0002 2 = a277
ffff8e67c4a97840 3939853835 C Co:2:006:0 0 2 >
ffff8e67c4a97840 3939853878 S Co:2:006:0 s 40 b9 0000 0000 0004 4 = 09009802
ffff8e67c4a97840 3939856473 C Co:2:006:0 0 4 >
ffff8e67c4a97840 3939856506 S Ii:2:006:3 -115:1 3 <
ffff8e67c4a97840 3939857814 C Ii:2:006:3 0:1 3 = 100000
ffff8e67c4a97840 3939857857 S Ci:2:006:0 s c0 bc 0800 0016 0002 2 <
ffff8e67c4a97840 3939860619 C Ci:2:006:0 0 2 = 0900
ffff8e67c4a97840 3939860662 S Ci:2:006:0 s c0 bc 0900 001c 0002 2 <
ffff8e67c4a97840 3939863159 C Ci:2:006:0 0 2 = 2e6f
ffff8e67c4a97840 3939863181 S Ci:2:006:0 s c0 bc 0800 23be 0002 2 <
ffff8e67c4a97840 3939866001 C Ci:2:006:0 0 2 = 0000
ffff8e67c4a97840 3939866046 S Co:2:006:0 s 40 bc 0900 0014 0002 2 = d39e
ffff8e67c4a97840 3939868743 C Co:2:006:0 0 2 >
ffff8e67c4a97840 3939868787 S Ci:2:006:0 s c0 bc 0900 001c 0002 2 <
ffff8e67c4a97840 3939871500 C Ci:2:006:0 0 2 = 2e6f
ffff8e67c4a97840 3939871544 S Co:2:006:0 s 40 bc 0800 00c0 0002 2 = a377
ffff8e67c4a97840 3939874114 C Co:2:006:0 0 2 >
ffff8e67c4a97840 3939874157 S Co:2:006:0 s 40 b9 0000 0000 0004 4 = 09009802
ffff8e67c4a97840 3939876828 C Co:2:006:0 0 4 >
ffff8e67c4a97840 3939876870 S Ii:2:006:3 -115:1 3 <
ffff8e67c4a97840 3939878151 C Ii:2:006:3 0:1 3 = 100000
ffff8e67c4a97840 3939878189 S Ci:2:006:0 s c0 bc 0800 0016 0002 2 <
ffff8e67c4a97840 3939880987 C Ci:2:006:0 0 2 = 0900
ffff8e67c4a97840 3939881030 S Ci:2:006:0 s c0 bc 0900 001c 0002 2 <
ffff8e67c4a97840 3939883612 C Ci:2:006:0 0 2 = 2e6f
ffff8e67c4a97840 3939883655 S Ci:2:006:0 s c0 bc 0800 23be 0002 2 <
ffff8e67c4a97840 3939886319 C Ci:2:006:0 0 2 = 0000
ffff8e67c4a97840 3939886341 S Co:2:006:0 s 40 bc 0900 0014 0002 2 = d39e
ffff8e67c4a97840 3939888828 C Co:2:006:0 0 2 >
ffff8e67c4a97840 3939888873 S Ci:2:006:0 s c0 bc 0900 001c 0002 2 <
ffff8e67c4a97840 3939891633 C Ci:2:006:0 0 2 = 2e6f
ffff8e67c4a97840 3939891677 S Co:2:006:0 s 40 bc 0800 00c0 0004 4 = 99898900
ffff8e67c4a97840 3939894234 C Co:2:006:0 0 4 >
ffff8e67c4a97840 3939894270 S Co:2:006:0 s 40 b9 0000 0000 0004 4 = 09006603
ffff8e67c4a97840 3939896827 C Co:2:006:0 0 4 >
ffff8e67c4a97840 3939896868 S Ii:2:006:3 -115:1 3 <
ffff8e67c4a97840 3939898184 C Ii:2:006:3 0:1 3 = 100000
ffff8e67c4a97840 3939898225 S Ci:2:006:0 s c0 bc 0800 0016 0002 2 <
ffff8e67c4a97840 3939901022 C Ci:2:006:0 0 2 = 0900
ffff8e67c4a97840 3939901066 S Ci:2:006:0 s c0 bc 0900 001c 0002 2 <
ffff8e67c4a97840 3939903748 C Ci:2:006:0 0 2 = 2e6f
ffff8e67c4a97840 3939903791 S Ci:2:006:0 s c0 bc 0800 23be 0002 2 <
ffff8e67c4a97840 3939906417 C Ci:2:006:0 0 2 = 0000
ffff8e67c4a97840 3939906472 S Co:2:006:0 s 40 bc 0900 0014 0002 2 = d39e
ffff8e67c4a97840 3939909101 C Co:2:006:0 0 2 >
ffff8e67c4a97840 3939909143 S Ci:2:006:0 s c0 bc 0900 001c 0002 2 <
ffff8e67c4a97840 3939911797 C Ci:2:006:0 0 2 = 2e6f
ffff8e67c4a97840 3939911839 S Co:2:006:0 s 40 b9 0000 0000 0004 4 = 09016601
ffff8e67c4a97840 3939914420 C Co:2:006:0 0 4 >
ffff8e67c4a97840 3939914477 S Ii:2:006:3 -115:1 3 <
ffff8e67c4a97840 3939915780 C Ii:2:006:3 0:1 3 = 100000
ffff8e67c4a97840 3939915820 S Ci:2:006:0 s c0 bc 0800 0016 0002 2 <
ffff8e67c4a97840 3939918432 C Ci:2:006:0 0 2 = 0900
ffff8e67c4a97840 3939918492 S Ci:2:006:0 s c0 bc 0900 001c 0002 2 <
ffff8e67c4a97840 3939921254 C Ci:2:006:0 0 2 = 2e6f
ffff8e67c4a97840 3939921290 S Ci:2:006:0 s c0 bc 0800 23be 0004 4 <
ffff8e67c4a97840 3939923973 C Ci:2:006:0 0 4 = 00006ed9
ffff8e67c4a97840 3939924009 S Co:2:006:0 s 40 bc 0800 00c0 0002 2 = 7288
ffff8e67c4a97840 3939926790 C Co:2:006:0 0 2 >
ffff8e67c4a97840 3939926833 S Co:2:006:0 s 40 b9 0000 0000 0004 4 = 09009802
ffff8e67c4a97840 3939929528 C Co:2:006:0 0 4 >
ffff8e67c4a97840 3939929565 S Ii:2:006:3 -115:1 3 <
ffff8e67c4a97840 3939930791 C Ii:2:006:3 0:1 3 = 100000
ffff8e67c4a97840 3939930821 S Ci:2:006:0 s c0 bc 0800 0016 0002 2 <
ffff8e67c4a97840 3939933632 C Ci:2:006:0 0 2 = 0900
ffff8e67c4a97840 3939933675 S Ci:2:006:0 s c0 bc 0900 001c 0002 2 <
ffff8e67c4a97840 3939936206 C Ci:2:006:0 0 2 = 2e6f
ffff8e67c4a97840 3939936242 S Ci:2:006:0 s c0 bc 0800 23be 0002 2 <
ffff8e67c4a97840 3939939000 C Ci:2:006:0 0 2 = 0000
ffff8e67c4a97840 3939939069 S Co:2:006:0 s 40 bc 0900 0014 0002 2 = d39e
ffff8e67c4a97840 3939941634 C Co:2:006:0 0 2 >
ffff8e67c4a97840 3939941668 S Ci:2:006:0 s c0 bc 0900 001c 0002 2 <
ffff8e67c4a97840 3939944471 C Ci:2:006:0 0 2 = 2e6f
ffff8e67c4a97840 3939944520 S Co:2:006:0 s 40 bc 0800 00c0 0002 2 = c089
ffff8e67c4a97840 3939947109 C Co:2:006:0 0 2 >
ffff8e67c4a97840 3939947134 S Co:2:006:0 s 40 b9 0000 0000 0004 4 = 09009802
ffff8e67c4a97840 3939949862 C Co:2:006:0 0 4 >
ffff8e67c4a97840 3939949904 S Ii:2:006:3 -115:1 3 <
ffff8e67c4a97840 3939951154 C Ii:2:006:3 0:1 3 = 100000
ffff8e67c4a97840 3939951194 S Ci:2:006:0 s c0 bc 0800 0016 0002 2 <
ffff8e67c4a97840 3939954018 C Ci:2:006:0 0 2 = 0900
ffff8e67c4a97840 3939954100 S Ci:2:006:0 s c0 bc 0900 001c 0002 2 <
ffff8e67c4a97840 3939956587 C Ci:2:006:0 0 2 = 2e6f
ffff8e67c4a97840 3939956628 S Ci:2:006:0 s c0 bc 0800 23be 0002 2 <
ffff8e67c4a97840 3939959214 C Ci:2:006:0 0 2 = 0000
ffff8e67c4a97840 3939959287 S Co:2:006:0 s 40 bc 0900 0014 0002 2 = d39e
ffff8e67c4a97840 3939961803 C Co:2:006:0 0 2 >
ffff8e67c4a97840 3939961848 S Ci:2:006:0 s c0 bc 0900 001c 0002 2 <
ffff8e67c4a97840 3939964428 C Ci:2:006:0 0 2 = 2e6f
ffff8e67c4a97840 3939964494 S Co:2:006:0 s 40 bc 0800 00c0 0002 2 = 6198
ffff8e67c4a97840 3939967154 C Co:2:006:0 0 2 >
ffff8e67c4a97840 3939967195 S Co:2:006:0 s 40 b9 0000 0000 0004 4 = 09009802
ffff8e67c4a97840 3939969815 C Co:2:006:0 0 4 >
ffff8e67c4a97840 3939969851 S Ii:2:006:3 -115:1 3 <
ffff8e67c4a97840 3939971221 C Ii:2:006:3 0:1 3 = 100000
ffff8e67c4a97840 3939971262 S Ci:2:006:0 s c0 bc 0800 0016 0002 2 <
ffff8e67c4a97840 3939973844 C Ci:2:006:0 0 2 = 0900
ffff8e67c4a97840 3939973887 S Ci:2:006:0 s c0 bc 0900 001c 0002 2 <
ffff8e67c4a97840 3939976553 C Ci:2:006:0 0 2 = 2e6f
ffff8e67c4a97840 3939976596 S Ci:2:006:0 s c0 bc 0800 23be 0002 2 <
ffff8e67c4a97840 3939979313 C Ci:2:006:0 0 2 = 0000
ffff8e67c4a97840 3939979370 S Co:2:006:0 s 40 bc 0900 0014 0002 2 = d39e
ffff8e67c4a97840 3939982030 C Co:2:006:0 0 2 >
ffff8e67c4a97840 3939982075 S Ci:2:006:0 s c0 bc 0900 001c 0002 2 <
ffff8e67c4a97840 3939984784 C Ci:2:006:0 0 2 = 2e6f
ffff8e67c4a97840 3939984828 S Co:2:006:0 s 40 bc 0800 00c0 0002 2 = 6389
ffff8e67c4a97840 3939987551 C Co:2:006:0 0 2 >
ffff8e67c4a97840 3939987593 S Co:2:006:0 s 40 b9 0000 0000 0004 4 = 09009802
ffff8e67c4a97840 3939990154 C Co:2:006:0 0 4 >
ffff8e67c4a97840 3939990197 S Ii:2:006:3 -115:1 3 <
ffff8e67c4a97840 3939991583 C Ii:2:006:3 0:1 3 = 100000
ffff8e67c4a97840 3939991623 S Ci:2:006:0 s c0 bc 0800 0016 0002 2 <
ffff8e67c4a97840 3939994452 C Ci:2:006:0 0 2 = 0900
ffff8e67c4a97840 3939994510 S Ci:2:006:0 s c0 bc 0900 001c 0002 2 <
ffff8e67c4a97840 3939997123 C Ci:2:006:0 0 2 = 2e6f
ffff8e67c4a97840 3939997157 S Ci:2:006:0 s c0 bc 0800 23be 0002 2 <
ffff8e67c4a97840 3939999853 C Ci:2:006:0 0 2 = 0000
ffff8e67c4a97840 3939999886 S Co:2:006:0 s 40 bc 0900 0014 0002 2 = d39e
ffff8e67c4a97840 3940002599 C Co:2:006:0 0 2 >
ffff8e67c4a97840 3940002658 S Ci:2:006:0 s c0 bc 0900 001c 0002 2 <
ffff8e67c4a97840 3940005381 C Ci:2:006:0 0 2 = 2e6f
ffff8e67c4a97840 3940005447 S Co:2:006:0 s 40 bc 0800 00c0 0002 2 = 64de
ffff8e67c4a97840 3940008138 C Co:2:006:0 0 2 >
ffff8e67c4a97840 3940008175 S Co:2:006:0 s 40 b9 0000 0000 0004 4 = 09009802
ffff8e67c4a97840 3940010908 C Co:2:006:0 0 4 >
ffff8e67c4a97840 3940010947 S Ii:2:006:3 -115:1 3 <
ffff8e67c4a97840 3940012178 C Ii:2:006:3 0:1 3 = 100000
ffff8e67c4a97840 3940012217 S Ci:2:006:0 s c0 bc 0800 0016 0002 2 <
ffff8e67c4a97840 3940015003 C Ci:2:006:0 0 2 = 0900
ffff8e67c4a97840 3940015049 S Ci:2:006:0 s c0 bc 0900 001c 0002 2 <
ffff8e67c4a97840 3940017742 C Ci:2:006:0 0 2 = 2e6f
ffff8e67c4a97840 3940017782 S Ci:2:006:0 s c0 bc 0800 23be 0002 2 <
ffff8e67c4a97840 3940020489 C Ci:2:006:0 0 2 = 0000
ffff8e67c4a97840 3940020529 S Co:2:006:0 s 40 bc 0900 0014 0002 2 = d39e
ffff8e67c4a97840 3940023276 C Co:2:006:0 0 2 >
ffff8e67c4a97840 3940023320 S Ci:2:006:0 s c0 bc 0900 001c 0002 2 <
ffff8e67c4a97840 3940026079 C Ci:2:006:0 0 2 = 2e6f
ffff8e67c4a97840 3940026123 S Co:2:006:0 s 40 bc 0800 00c0 0002 2 = 6588
ffff8e67c4a97840 3940028729 C Co:2:006:0 0 2 >
ffff8e67c4a97840 3940028775 S Co:2:006:0 s 40 b9 0000 0000 0004 4 = 09009802
ffff8e67c4a97840 3940031527 C Co:2:006:0 0 4 >
ffff8e67c4a97840 3940031568 S Ii:2:006:3 -115:1 3 <
ffff8e67c4a97840 3940032806 C Ii:2:006:3 0:1 3 = 100000
ffff8e67c4a97840 3940032845 S Ci:2:006:0 s c0 bc 0800 0016 0002 2 <
ffff8e67c4a97840 3940035611 C Ci:2:006:0 0 2 = 0900
ffff8e67c4a97840 3940035654 S Ci:2:006:0 s c0 bc 0900 001c 0002 2 <
ffff8e67c4a97840 3940038388 C Ci:2:006:0 0 2 = 2e6f
ffff8e67c4a97840 3940038424 S Ci:2:006:0 s c0 bc 0800 23be 0002 2 <
ffff8e67c4a97840 3940041201 C Ci:2:006:0 0 2 = 0000
ffff8e67c4a97840 3940041244 S Co:2:006:0 s 40 bc 0900 0014 0002 2 = d39e
ffff8e67c4a97840 3940043905 C Co:2:006:0 0 2 >
ffff8e67c4a97840 3940043949 S Ci:2:006:0 s c0 bc 0900 001c 0002 2 <
ffff8e67c4a97840 3940046595 C Ci:2:006:0 0 2 = 2e6f
ffff8e67c4a97840 3940046635 S Co:2:006:0 s 40 bc 0800 00c0 0004 4 = 9989ff00
ffff8e67c4a97840 3940049388 C Co:2:006:0 0 4 >
ffff8e67c4a97840 3940049451 S Co:2:006:0 s 40 b9 0000 0000 0004 4 = 09006603
ffff8e67c4a97840 3940052174 C Co:2:006:0 0 4 >
ffff8e67c4a97840 3940052224 S Ii:2:006:3 -115:1 3 <
ffff8e67c4a97840 3940053534 C Ii:2:006:3 0:1 3 = 100000
ffff8e67c4a97840 3940053574 S Ci:2:006:0 s c0 bc 0800 0016 0002 2 <
ffff8e67c4a97840 3940056293 C Ci:2:006:0 0 2 = 0900
ffff8e67c4a97840 3940056333 S Ci:2:006:0 s c0 bc 0900 001c 0002 2 <
ffff8e67c4a97840 3940058969 C Ci:2:006:0 0 2 = 2e6f
ffff8e67c4a97840 3940059011 S Ci:2:006:0 s c0 bc 0800 23be 0002 2 <
ffff8e67c4a97840 3940061749 C Ci:2:006:0 0 2 = 0000
ffff8e67c4a97840 3940061793 S Co:2:006:0 s 40 bc 0900 0014 0002 2 = d39e
ffff8e67c4a97840 3940064523 C Co:2:006:0 0 2 >
ffff8e67c4a97840 3940064568 S Ci:2:006:0 s c0 bc 0900 001c 0002 2 <
ffff8e67c4a97840 3940067160 C Ci:2:006:0 0 2 = 2e6f
ffff8e67c4a97840 3940067204 S Co:2:006:0 s 40 b9 0000 0000 0004 4 = 09016601
ffff8e67c4a97840 3940069877 C Co:2:006:0 0 4 >
ffff8e67c4a97840 3940069917 S Ii:2:006:3 -115:1 3 <
ffff8e67c4a97840 3940071173 C Ii:2:006:3 0:1 3 = 100000
ffff8e67c4a97840 3940071209 S Ci:2:006:0 s c0 bc 0800 0016 0002 2 <
ffff8e67c4a97840 3940074005 C Ci:2:006:0 0 2 = 0900
ffff8e67c4a97840 3940074049 S Ci:2:006:0 s c0 bc 0900 001c 0002 2 <
ffff8e67c4a97840 3940076735 C Ci:2:006:0 0 2 = 2e6f
ffff8e67c4a97840 3940076776 S Ci:2:006:0 s c0 bc 0800 23be 0004 4 <
ffff8e67c4a97840 3940079534 C Ci:2:006:0 0 4 = 000073d9
ffff8e67c4a97840 3940079568 S Co:2:006:0 s 40 bc 0800 00c0 0002 2 = 048d
ffff8e67c4a97840 3940082266 C Co:2:006:0 0 2 >
ffff8e67c4a97840 3940082310 S Co:2:006:0 s 40 b9 0000 0000 0004 4 = 09009802
ffff8e67c4a97840 3940084990 C Co:2:006:0 0 4 >
ffff8e67c4a97840 3940085032 S Ii:2:006:3 -115:1 3 <
ffff8e67c4a97840 3940086388 C Ii:2:006:3 0:1 3 = 100000
ffff8e67c4a97840 3940086444 S Ci:2:006:0 s c0 bc 0800 0016 0002 2 <
ffff8e67c4a97840 3940089140 C Ci:2:006:0 0 2 = 0900
ffff8e67c4a97840 3940089177 S Ci:2:006:0 s c0 bc 0900 001c 0002 2 <
ffff8e67c4a97840 3940091923 C Ci:2:006:0 0 2 = 2e6f
ffff8e67c4a97840 3940092068 S Ci:2:006:0 s c0 bc 0800 23be 0002 2 <
ffff8e67c4a97840 3940094588 C Ci:2:006:0 0 2 = 0000
ffff8e67c4a97840 3940094642 S Co:2:006:0 s 40 bc 0900 0014 0002 2 = d39e
ffff8e67c4a97840 3940097388 C Co:2:006:0 0 2 >
ffff8e67c4a97840 3940097451 S Ci:2:006:0 s c0 bc 0900 001c 0002 2 <
ffff8e67c4a97840 3940100095 C Ci:2:006:0 0 2 = 2e6f
ffff8e67c4a97840 3940100137 S Co:2:006:0 s 40 bc 0800 00c0 0002 2 = 6201
ffff8e67c4a97840 3940102848 C Co:2:006:0 0 2 >
ffff8e67c4a97840 3940102887 S Co:2:006:0 s 40 b9 0000 0000 0004 4 = 09009802
ffff8e67c4a97840 3940105593 C Co:2:006:0 0 4 >
ffff8e67c4a97840 3940105634 S Ii:2:006:3 -115:1 3 <
ffff8e67c4a97840 3940106990 C Ii:2:006:3 0:1 3 = 100000
ffff8e67c4a97840 3940107029 S Ci:2:006:0 s c0 bc 0800 0016 0002 2 <
ffff8e67c4a97840 3940109883 C Ci:2:006:0 0 2 = 0900
ffff8e67c4a97840 3940109927 S Ci:2:006:0 s c0 bc 0900 001c 0002 2 <
ffff8e67c4a97840 3940112613 C Ci:2:006:0 0 2 = 2e6f
ffff8e67c4a97840 3940112649 S Ci:2:006:0 s c0 bc 0800 23be 0002 2 <
ffff8e67c4a97840 3940115388 C Ci:2:006:0 0 2 = 0000
ffff8e67c4a97840 3940115448 S Co:2:006:0 s 40 bc 0900 0014 0002 2 = d39e
ffff8e67c4a97840 3940118112 C Co:2:006:0 0 2 >
ffff8e67c4a97840 3940118155 S Ci:2:006:0 s c0 bc 0900 001c 0002 2 <
ffff8e67c4a97840 3940120878 C Ci:2:006:0 0 2 = 2e6f
ffff8e67c4a97840 3940120922 S Co:2:006:0 s 40 bc 0800 00c0 0002 2 = 0f89
ffff8e67c4a97840 3940123590 C Co:2:006:0 0 2 >
ffff8e67c4a97840 3940123631 S Co:2:006:0 s 40 b9 0000 0000 0004 4 = 09009802
ffff8e67c4a97840 3940126331 C Co:2:006:0 0 4 >
ffff8e67c4a97840 3940126372 S Ii:2:006:3 -115:1 3 <
ffff8e67c4a97840 3940127722 C Ii:2:006:3 0:1 3 = 100000
ffff8e67c4a97840 3940127763 S Ci:2:006:0 s c0 bc 0800 0016 0002 2 <
ffff8e67c4a97840 3940130509 C Ci:2:006:0 0 2 = 0900
ffff8e67c4a97840 3940130552 S Ci:2:006:0 s c0 bc 0900 001c 0002 2 <
ffff8e67c4a97840 3940133136 C Ci:2:006:0 0 2 = 2e6f
ffff8e67c4a97840 3940133172 S Ci:2:006:0 s c0 bc 0800 23be 0002 2 <
ffff8e67c4a97840 3940135887 C Ci:2:006:0 0 2 = 0000
ffff8e67c4a97840 3940135920 S Co:2:006:0 s 40 bc 0900 0014 0002 2 = d39e
ffff8e67c4a97840 3940138598 C Co:2:006:0 0 2 >
ffff8e67c4a97840 3940138641 S Ci:2:006:0 s c0 bc 0900 001c 0002 2 <
ffff8e67c4a97840 3940141504 C Ci:2:006:0 0 2 = 2e6f
ffff8e67c4a97840 3940141549 S Co:2:006:0 s 40 bc 0800 00c0 0002 2 = 58d8
ffff8e67c4a97840 3940144165 C Co:2:006:0 0 2 >
ffff8e67c4a97840 3940144206 S Co:2:006:0 s 40 b9 0000 0000 0004 4 = 09009802
ffff8e67c4a97840 3940146864 C Co:2:006:0 0 4 >
ffff8e67c4a97840 3940146905 S Ii:2:006:3 -115:1 3 <
ffff8e67c4a97840 3940148175 C Ii:2:006:3 0:1 3 = 100000
ffff8e67c4a97840 3940148211 S Ci:2:006:0 s c0 bc 0800 0016 0002 2 <
ffff8e67c4a97840 3940151000 C Ci:2:006:0 0 2 = 0900
ffff8e67c4a97840 3940151044 S Ci:2:006:0 s c0 bc 0900 001c 0002 2 <
ffff8e67c4a97840 3940153751 C Ci:2:006:0 0 2 = 2e6f
ffff8e67c4a97840 3940153791 S Ci:2:006:0 s c0 bc 0800 23be 0002 2 <
ffff8e67c4a97840 3940156448 C Ci:2:006:0 0 2 = 0000
ffff8e67c4a97840 3940156490 S Co:2:006:0 s 40 bc 0900 0014 0002 2 = d39e
ffff8e67c4a97840 3940159104 C Co:2:006:0 0 2 >
ffff8e67c4a97840 3940159187 S Ci:2:006:0 s c0 bc 0900 001c 0002 2 <
ffff8e67c4a97840 3940161879 C Ci:2:006:0 0 2 = 2e6f
ffff8e67c4a97840 3940161924 S Co:2:006:0 s 40 bc 0800 00c0 0002 2 = 5920
ffff8e67c4a97840 3940164571 C Co:2:006:0 0 2 >
ffff8e67c4a97840 3940164604 S Co:2:006:0 s 40 b9 0000 0000 0004 4 = 09009802
ffff8e67c4a97840 3940167363 C Co:2:006:0 0 4 >
ffff8e67c4a97840 3940167406 S Ii:2:006:3 -115:1 3 <
ffff8e67c4a97840 3940168670 C Ii:2:006:3 0:1 3 = 100000
ffff8e67c4a97840 3940168710 S Ci:2:006:0 s c0 bc 0800 0016 0002 2 <
ffff8e67c4a97840 3940171515 C Ci:2:006:0 0 2 = 0900
ffff8e67c4a97840 3940171558 S Ci:2:006:0 s c0 bc 0900 001c 0002 2 <
ffff8e67c4a97840 3940174285 C Ci:2:006:0 0 2 = 2e6f
ffff8e67c4a97840 3940174321 S Ci:2:006:0 s c0 bc 0800 23be 0002 2 <
ffff8e67c4a97840 3940177024 C Ci:2:006:0 0 2 = 0000
ffff8e67c4a97840 3940177064 S Co:2:006:0 s 40 bc 0900 0014 0002 2 = d39e
ffff8e67c4a97840 3940179772 C Co:2:006:0 0 2 >
ffff8e67c4a97840 3940179815 S Ci:2:006:0 s c0 bc 0900 001c 0002 2 <
ffff8e67c4a97840 3940182523 C Ci:2:006:0 0 2 = 2e6f
ffff8e67c4a97840 3940182566 S Co:2:006:0 s 40 bc 0800 00c0 0002 2 = 5a88
ffff8e67c4a97840 3940185165 C Co:2:006:0 0 2 >
ffff8e67c4a97840 3940185207 S Co:2:006:0 s 40 b9 0000 0000 0004 4 = 09009802
ffff8e67c4a97840 3940187857 C Co:2:006:0 0 4 >
ffff8e67c4a97840 3940187898 S Ii:2:006:3 -115:1 3 <
ffff8e67c4a97840 3940189165 C Ii:2:006:3 0:1 3 = 100000
ffff8e67c4a97840 3940189200 S Ci:2:006:0 s c0 bc 0800 0016 0002 2 <
ffff8e67c4a97840 3940191965 C Ci:2:006:0 0 2 = 0900
ffff8e67c4a97840 3940191998 S Ci:2:006:0 s c0 bc 0900 001c 0002 2 <
ffff8e67c4a97840 3940194794 C Ci:2:006:0 0 2 = 2e6f
ffff8e67c4a97840 3940194835 S Ci:2:006:0 s c0 bc 0800 23be 0002 2 <
ffff8e67c4a97840 3940197542 C Ci:2:006:0 0 2 = 0000
ffff8e67c4a97840 3940197582 S Co:2:006:0 s 40 bc 0900 0014 0002 2 = d39e
ffff8e67c4a97840 3940200237 C Co:2:006:0 0 2 >
ffff8e67c4a97840 3940200280 S Ci:2:006:0 s c0 bc 0900 001c 0002 2 <
ffff8e67c4a97840 3940203032 C Ci:2:006:0 0 2 = 2e6f
ffff8e67c4a97840 3940203076 S Co:2:006:0 s 40 bc 0800 00c0 0002 2 = 5b98
ffff8e67c4a97840 3940205760 C Co:2:006:0 0 2 >
ffff8e67c4a97840 3940205802 S Co:2:006:0 s 40 b9 0000 0000 0004 4 = 09009802
ffff8e67c4a97840 3940208534 C Co:2:006:0 0 4 >
ffff8e67c4a97840 3940208572 S Ii:2:006:3 -115:1 3 <
ffff8e67c4a97840 3940209823 C Ii:2:006:3 0:1 3 = 100000
ffff8e67c4a97840 3940209864 S Ci:2:006:0 s c0 bc 0800 0016 0002 2 <
ffff8e67c4a97840 3940212617 C Ci:2:006:0 0 2 = 0900
ffff8e67c4a97840 3940212658 S Ci:2:006:0 s c0 bc 0900 001c 0002 2 <
ffff8e67c4a97840 3940215378 C Ci:2:006:0 0 2 = 2e6f
ffff8e67c4a97840 3940215431 S Ci:2:006:0 s c0 bc 0800 23be 0002 2 <
ffff8e67c4a97840 3940218109 C Ci:2:006:0 0 2 = 0000
ffff8e67c4a97840 3940218202 S Co:2:006:0 s 40 bc 0900 0014 0002 2 = d39e
ffff8e67c4a97840 3940220810 C Co:2:006:0 0 2 >
ffff8e67c4a97840 3940220853 S Ci:2:006:0 s c0 bc 0900 001c 0002 2 <
ffff8e67c4a97840 3940223555 C Ci:2:006:0 0 2 = 2e6f
ffff8e67c4a97840 3940223599 S Co:2:006:0 s 40 bc 0800 00c0 0002 2 = 5c88
ffff8e67c4a97840 3940226190 C Co:2:006:0 0 2 >
ffff8e67c4a97840 3940226231 S Co:2:006:0 s 40 b9 0000 0000 0004 4 = 09009802
ffff8e67c4a97840 3940228805 C Co:2:006:0 0 4 >
ffff8e67c4a97840 3940228846 S Ii:2:006:3 -115:1 3 <
ffff8e67c4a97840 3940230160 C Ii:2:006:3 0:1 3 = 100000
ffff8e67c4a97840 3940230201 S Ci:2:006:0 s c0 bc 0800 0016 0002 2 <
ffff8e67c4a97840 3940232929 C Ci:2:006:0 0 2 = 0900
ffff8e67c4a97840 3940232972 S Ci:2:006:0 s c0 bc 0900 001c 0002 2 <
ffff8e67c4a97840 3940235596 C Ci:2:006:0 0 2 = 2e6f
ffff8e67c4a97840 3940235638 S Ci:2:006:0 s c0 bc 0800 23be 0002 2 <
ffff8e67c4a97840 3940238198 C Ci:2:006:0 0 2 = 0000
ffff8e67c4a97840 3940238234 S Co:2:006:0 s 40 bc 0900 0014 0002 2 = d39e
ffff8e67c4a97840 3940240812 C Co:2:006:0 0 2 >
ffff8e67c4a97840 3940240847 S Ci:2:006:0 s c0 bc 0900 001c 0002 2 <
ffff8e67c4a97840 3940243480 C Ci:2:006:0 0 2 = 2e6f
ffff8e67c4a97840 3940243546 S Co:2:006:0 s 40 bc 0800 00c0 0002 2 = 5e88
ffff8e67c4a97840 3940246099 C Co:2:006:0 0 2 >
ffff8e67c4a97840 3940246140 S Co:2:006:0 s 40 b9 0000 0000 0004 4 = 09009802
ffff8e67c4a97840 3940248805 C Co:2:006:0 0 4 >
ffff8e67c4a97840 3940248846 S Ii:2:006:3 -115:1 3 <
ffff8e67c4a97840 3940250158 C Ii:2:006:3 0:1 3 = 100000
ffff8e67c4a97840 3940250199 S Ci:2:006:0 s c0 bc 0800 0016 0002 2 <
ffff8e67c4a97840 3940252947 C Ci:2:006:0 0 2 = 0900
ffff8e67c4a97840 3940252990 S Ci:2:006:0 s c0 bc 0900 001c 0002 2 <
ffff8e67c4a97840 3940255589 C Ci:2:006:0 0 2 = 2e6f
ffff8e67c4a97840 3940255631 S Ci:2:006:0 s c0 bc 0800 23be 0002 2 <
ffff8e67c4a97840 3940258173 C Ci:2:006:0 0 2 = 0000
ffff8e67c4a97840 3940258213 S Co:2:006:0 s 40 bc 0900 0014 0002 2 = d39e
ffff8e67c4a97840 3940261005 C Co:2:006:0 0 2 >
ffff8e67c4a97840 3940261047 S Ci:2:006:0 s c0 bc 0900 001c 0002 2 <
ffff8e67c4a97840 3940263675 C Ci:2:006:0 0 2 = 2e6f
ffff8e67c4a97840 3940263721 S Co:2:006:0 s 40 bc 0800 00c0 0002 2 = 5f88
ffff8e67c4a97840 3940266320 C Co:2:006:0 0 2 >
ffff8e67c4a97840 3940266360 S Co:2:006:0 s 40 b9 0000 0000 0004 4 = 09009802
ffff8e67c4a97840 3940268968 C Co:2:006:0 0 4 >
ffff8e67c4a97840 3940269015 S Ii:2:006:3 -115:1 3 <
ffff8e67c4a97840 3940270236 C Ii:2:006:3 0:1 3 = 100000
ffff8e67c4a97840 3940270278 S Ci:2:006:0 s c0 bc 0800 0016 0002 2 <
ffff8e67c4a97840 3940272948 C Ci:2:006:0 0 2 = 0900
ffff8e67c4a97840 3940272979 S Ci:2:006:0 s c0 bc 0900 001c 0002 2 <
ffff8e67c4a97840 3940275710 C Ci:2:006:0 0 2 = 2e6f
ffff8e67c4a97840 3940275750 S Ci:2:006:0 s c0 bc 0800 23be 0002 2 <
ffff8e67c4a97840 3940278492 C Ci:2:006:0 0 2 = 0000
ffff8e67c4a97840 3940278555 S Co:2:006:0 s 40 bc 0900 0014 0002 2 = d39e
ffff8e67c4a97840 3940281057 C Co:2:006:0 0 2 >
ffff8e67c4a97840 3940281151 S Ci:2:006:0 s c0 bc 0900 001c 0002 2 <
ffff8e67c4a97840 3940283828 C Ci:2:006:0 0 2 = 2e6f
ffff8e67c4a97840 3940283873 S Co:2:006:0 s 40 bc 0800 00c0 0002 2 = 6088
ffff8e67c4a97840 3940286467 C Co:2:006:0 0 2 >
ffff8e67c4a97840 3940286516 S Co:2:006:0 s 40 b9 0000 0000 0004 4 = 09009802
ffff8e67c4a97840 3940289089 C Co:2:006:0 0 4 >
ffff8e67c4a97840 3940289131 S Ii:2:006:3 -115:1 3 <
ffff8e67c4a97840 3940290381 C Ii:2:006:3 0:1 3 = 100000
ffff8e67c4a97840 3940290438 S Ci:2:006:0 s c0 bc 0800 0016 0002 2 <
ffff8e67c4a97840 3940293114 C Ci:2:006:0 0 2 = 0900
ffff8e67c4a97840 3940293158 S Ci:2:006:0 s c0 bc 0900 001c 0002 2 <
ffff8e67c4a97840 3940295802 C Ci:2:006:0 0 2 = 2e6f
ffff8e67c4a97840 3940295845 S Ci:2:006:0 s c0 bc 0800 23be 0002 2 <
ffff8e67c4a97840 3940298457 C Ci:2:006:0 0 2 = 0000
ffff8e67c4a97840 3940298491 S Co:2:006:0 s 40 bc 0900 0014 0002 2 = d39e
ffff8e67c4a97840 3940301212 C Co:2:006:0 0 2 >
ffff8e67c4a97840 3940301256 S Ci:2:006:0 s c0 bc 0900 001c 0002 2 <
ffff8e67c4a97840 3940303985 C Ci:2:006:0 0 2 = 2e6f
ffff8e67c4a97840 3940304029 S Co:2:006:0 s 40 bc 0800 00c0 0002 2 = 6188
ffff8e67c4a97840 3940306730 C Co:2:006:0 0 2 >
ffff8e67c4a97840 3940306771 S Co:2:006:0 s 40 b9 0000 0000 0004 4 = 09009802
ffff8e67c4a97840 3940309469 C Co:2:006:0 0 4 >
ffff8e67c4a97840 3940309511 S Ii:2:006:3 -115:1 3 <
ffff8e67c4a97840 3940310747 C Ii:2:006:3 0:1 3 = 100000
ffff8e67c4a97840 3940310786 S Ci:2:006:0 s c0 bc 0800 0016 0002 2 <
ffff8e67c4a97840 3940313549 C Ci:2:006:0 0 2 = 0900
ffff8e67c4a97840 3940313589 S Ci:2:006:0 s c0 bc 0900 001c 0002 2 <
ffff8e67c4a97840 3940316237 C Ci:2:006:0 0 2 = 2e6f
ffff8e67c4a97840 3940316271 S Ci:2:006:0 s c0 bc 0800 23be 0002 2 <
ffff8e67c4a97840 3940318828 C Ci:2:006:0 0 2 = 0000
ffff8e67c4a97840 3940318871 S Co:2:006:0 s 40 bc 0900 0014 0002 2 = d39e
ffff8e67c4a97840 3940321568 C Co:2:006:0 0 2 >
ffff8e67c4a97840 3940321610 S Ci:2:006:0 s c0 bc 0900 001c 0002 2 <
ffff8e67c4a97840 3940324191 C Ci:2:006:0 0 2 = 2e6f
ffff8e67c4a97840 3940324234 S Co:2:006:0 s 40 bc 0800 00c0 0002 2 = 6288
ffff8e67c4a97840 3940326970 C Co:2:006:0 0 2 >
ffff8e67c4a97840 3940327012 S Co:2:006:0 s 40 b9 0000 0000 0004 4 = 09009802
ffff8e67c4a97840 3940329726 C Co:2:006:0 0 4 >
ffff8e67c4a97840 3940329763 S Ii:2:006:3 -115:1 3 <
ffff8e67c4a97840 3940331031 C Ii:2:006:3 0:1 3 = 100000
ffff8e67c4a97840 3940331074 S Ci:2:006:0 s c0 bc 0800 0016 0002 2 <
ffff8e67c4a97840 3940333826 C Ci:2:006:0 0 2 = 0900
ffff8e67c4a97840 3940333870 S Ci:2:006:0 s c0 bc 0900 001c 0002 2 <
ffff8e67c4a97840 3940336427 C Ci:2:006:0 0 2 = 2e6f
ffff8e67c4a97840 3940336484 S Ci:2:006:0 s c0 bc 0800 23be 0002 2 <
ffff8e67c4a97840 3940339079 C Ci:2:006:0 0 2 = 0000
ffff8e67c4a97840 3940339115 S Co:2:006:0 s 40 bc 0900 0014 0002 2 = d39e
ffff8e67c4a97840 3940341803 C Co:2:006:0 0 2 >
ffff8e67c4a97840 3940341847 S Ci:2:006:0 s c0 bc 0900 001c 0002 2 <
ffff8e67c4a97840 3940344481 C Ci:2:006:0 0 2 = 2e6f
ffff8e67c4a97840 3940344526 S Co:2:006:0 s 40 bc 0800 00c0 0002 2 = 6388
ffff8e67c4a97840 3940347099 C Co:2:006:0 0 2 >
ffff8e67c4a97840 3940347141 S Co:2:006:0 s 40 b9 0000 0000 0004 4 = 09009802
ffff8e67c4a97840 3940349803 C Co:2:006:0 0 4 >
ffff8e67c4a97840 3940349845 S Ii:2:006:3 -115:1 3 <
ffff8e67c4a97840 3940351128 C Ii:2:006:3 0:1 3 = 100000
ffff8e67c4a97840 3940351167 S Ci:2:006:0 s c0 bc 0800 0016 0002 2 <
ffff8e67c4a97840 3940353952 C Ci:2:006:0 0 2 = 0900
ffff8e67c4a97840 3940353995 S Ci:2:006:0 s c0 bc 0900 001c 0002 2 <
ffff8e67c4a97840 3940356550 C Ci:2:006:0 0 2 = 2e6f
ffff8e67c4a97840 3940356591 S Ci:2:006:0 s c0 bc 0800 23be 0002 2 <
ffff8e67c4a97840 3940359158 C Ci:2:006:0 0 2 = 0000
ffff8e67c4a97840 3940359193 S Co:2:006:0 s 40 bc 0900 0014 0002 2 = d39e
ffff8e67c4a97840 3940361808 C Co:2:006:0 0 2 >
ffff8e67c4a97840 3940361853 S Ci:2:006:0 s c0 bc 0900 001c 0002 2 <
ffff8e67c4a97840 3940364485 C Ci:2:006:0 0 2 = 2e6f
ffff8e67c4a97840 3940364528 S Co:2:006:0 s 40 bc 0800 00c0 0002 2 = 6488
ffff8e67c4a97840 3940367021 C Co:2:006:0 0 2 >
ffff8e67c4a97840 3940367056 S Co:2:006:0 s 40 b9 0000 0000 0004 4 = 09009802
ffff8e67c4a97840 3940369620 C Co:2:006:0 0 4 >
ffff8e67c4a97840 3940369663 S Ii:2:006:3 -115:1 3 <
ffff8e67c4a97840 3940370850 C Ii:2:006:3 0:1 3 = 100000
ffff8e67c4a97840 3940370947 S Ci:2:006:0 s c0 bc 0800 0016 0002 2 <
ffff8e67c4a97840 3940373568 C Ci:2:006:0 0 2 = 0900
ffff8e67c4a97840 3940373612 S Ci:2:006:0 s c0 bc 0900 001c 0002 2 <
ffff8e67c4a97840 3940376201 C Ci:2:006:0 0 2 = 2e6f
ffff8e67c4a97840 3940376237 S Ci:2:006:0 s c0 bc 0800 23be 0002 2 <
ffff8e67c4a97840 3940378780 C Ci:2:006:0 0 2 = 0000
ffff8e67c4a97840 3940378821 S Co:2:006:0 s 40 bc 0900 0014 0002 2 = d39e
ffff8e67c4a97840 3940381447 C Co:2:006:0 0 2 >
ffff8e67c4a97840 3940381497 S Ci:2:006:0 s c0 bc 0900 001c 0002 2 <
ffff8e67c4a97840 3940384115 C Ci:2:006:0 0 2 = 2e6f
ffff8e67c4a97840 3940384159 S Co:2:006:0 s 40 bc 0800 00c0 0002 2 = 6588
ffff8e67c4a97840 3940386933 C Co:2:006:0 0 2 >
ffff8e67c4a97840 3940386975 S Co:2:006:0 s 40 b9 0000 0000 0004 4 = 09009802
ffff8e67c4a97840 3940389564 C Co:2:006:0 0 4 >
ffff8e67c4a97840 3940389605 S Ii:2:006:3 -115:1 3 <
ffff8e67c4a97840 3940390787 C Ii:2:006:3 0:1 3 = 100000
ffff8e67c4a97840 3940390828 S Ci:2:006:0 s c0 bc 0800 0016 0002 2 <
ffff8e67c4a97840 3940393573 C Ci:2:006:0 0 2 = 0900
ffff8e67c4a97840 3940393627 S Ci:2:006:0 s c0 bc 0900 001c 0002 2 <
ffff8e67c4a97840 3940396191 C Ci:2:006:0 0 2 = 2e6f
ffff8e67c4a97840 3940396227 S Ci:2:006:0 s c0 bc 0800 23be 0002 2 <
ffff8e67c4a97840 3940398778 C Ci:2:006:0 0 2 = 0000
ffff8e67c4a97840 3940398841 S Co:2:006:0 s 40 bc 0900 0014 0002 2 = d39e
ffff8e67c4a97840 3940401343 C Co:2:006:0 0 2 >
ffff8e67c4a97840 3940401386 S Ci:2:006:0 s c0 bc 0900 001c 0002 2 <
ffff8e67c4a97840 3940404095 C Ci:2:006:0 0 2 = 2e6f
ffff8e67c4a97840 3940404129 S Co:2:006:0 s 40 bc 0800 00c0 0002 2 = 5def
ffff8e67c4a97840 3940406812 C Co:2:006:0 0 2 >
ffff8e67c4a97840 3940406858 S Co:2:006:0 s 40 b9 0000 0000 0004 4 = 09009802
ffff8e67c4a97840 3940409574 C Co:2:006:0 0 4 >
ffff8e67c4a97840 3940409616 S Ii:2:006:3 -115:1 3 <
ffff8e67c4a97840 3940410885 C Ii:2:006:3 0:1 3 = 100000
ffff8e67c4a97840 3940410931 S Ci:2:006:0 s c0 bc 0800 0016 0002 2 <
ffff8e67c4a97840 3940413702 C Ci:2:006:0 0 2 = 0900
ffff8e67c4a97840 3940413746 S Ci:2:006:0 s c0 bc 0900 001c 0002 2 <
ffff8e67c4a97840 3940416278 C Ci:2:006:0 0 2 = 2e6f
ffff8e67c4a97840 3940416312 S Ci:2:006:0 s c0 bc 0800 23be 0002 2 <
ffff8e67c4a97840 3940418955 C Ci:2:006:0 0 2 = 0000
ffff8e67c4a97840 3940418998 S Co:2:006:0 s 40 bc 0900 0014 0002 2 = d39e
ffff8e67c4a97840 3940421746 C Co:2:006:0 0 2 >
ffff8e67c4a97840 3940421789 S Ci:2:006:0 s c0 bc 0900 001c 0002 2 <
ffff8e67c4a97840 3940424473 C Ci:2:006:0 0 2 = 2e6f
ffff8e67c4a97840 3940424517 S Co:2:006:0 s 40 bc 0800 00c0 0002 2 = 0f88
ffff8e67c4a97840 3940427263 C Co:2:006:0 0 2 >
ffff8e67c4a97840 3940427305 S Co:2:006:0 s 40 b9 0000 0000 0004 4 = 09009802
ffff8e67c4a97840 3940429967 C Co:2:006:0 0 4 >
ffff8e67c4a97840 3940430009 S Ii:2:006:3 -115:1 3 <
ffff8e67c4a97840 3940431335 C Ii:2:006:3 0:1 3 = 100000
ffff8e67c4a97840 3940431376 S Ci:2:006:0 s c0 bc 0800 0016 0002 2 <
ffff8e67c4a97840 3940434130 C Ci:2:006:0 0 2 = 0900
ffff8e67c4a97840 3940434173 S Ci:2:006:0 s c0 bc 0900 001c 0002 2 <
ffff8e67c4a97840 3940436829 C Ci:2:006:0 0 2 = 2e6f
ffff8e67c4a97840 3940436870 S Ci:2:006:0 s c0 bc 0800 23be 0002 2 <
ffff8e67c4a97840 3940439597 C Ci:2:006:0 0 2 = 0000
ffff8e67c4a97840 3940439640 S Co:2:006:0 s 40 bc 0900 0014 0002 2 = d39e
ffff8e67c4a97840 3940442315 C Co:2:006:0 0 2 >
ffff8e67c4a97840 3940442348 S Ci:2:006:0 s c0 bc 0900 001c 0002 2 <
ffff8e67c4a97840 3940445164 C Ci:2:006:0 0 2 = 2e6f
ffff8e67c4a97840 3940445205 S Co:2:006:0 s 40 bc 0800 00c0 0002 2 = cd8b
ffff8e67c4a97840 3940447867 C Co:2:006:0 0 2 >
ffff8e67c4a97840 3940447909 S Co:2:006:0 s 40 b9 0000 0000 0004 4 = 09009802
ffff8e67c4a97840 3940450590 C Co:2:006:0 0 4 >
ffff8e67c4a97840 3940450631 S Ii:2:006:3 -115:1 3 <
ffff8e67c4a97840 3940451893 C Ii:2:006:3 0:1 3 = 100000
ffff8e67c4a97840 3940451933 S Ci:2:006:0 s c0 bc 0800 0016 0002 2 <
ffff8e67c4a97840 3940454747 C Ci:2:006:0 0 2 = 0900
ffff8e67c4a97840 3940454790 S Ci:2:006:0 s c0 bc 0900 001c 0002 2 <
ffff8e67c4a97840 3940457460 C Ci:2:006:0 0 2 = 2e6f
ffff8e67c4a97840 3940457498 S Ci:2:006:0 s c0 bc 0800 23be 0002 2 <
ffff8e67c4a97840 3940460100 C Ci:2:006:0 0 2 = 0000
ffff8e67c4a97840 3940460126 S Co:2:006:0 s 40 bc 0900 0014 0002 2 = d39e
ffff8e67c4a97840 3940462854 C Co:2:006:0 0 2 >
ffff8e67c4a97840 3940462899 S Ci:2:006:0 s c0 bc 0900 001c 0002 2 <
ffff8e67c4a97840 3940465582 C Ci:2:006:0 0 2 = 2e6f
ffff8e67c4a97840 3940465625 S Co:2:006:0 s 40 bc 0800 00c0 0004 4 = 9989ff00
ffff8e67c4a97840 3940468381 C Co:2:006:0 0 4 >
ffff8e67c4a97840 3940468446 S Co:2:006:0 s 40 b9 0000 0000 0004 4 = 09006603
ffff8e67c4a97840 3940471123 C Co:2:006:0 0 4 >
ffff8e67c4a97840 3940471165 S Ii:2:006:3 -115:1 3 <
ffff8e67c4a97840 3940472480 C Ii:2:006:3 0:1 3 = 100000
ffff8e67c4a97840 3940472521 S Ci:2:006:0 s c0 bc 0800 0016 0002 2 <
ffff8e67c4a97840 3940475139 C Ci:2:006:0 0 2 = 0900
ffff8e67c4a97840 3940475182 S Ci:2:006:0 s c0 bc 0900 001c 0002 2 <
ffff8e67c4a97840 3940477834 C Ci:2:006:0 0 2 = 2e6f
ffff8e67c4a97840 3940477878 S Ci:2:006:0 s c0 bc 0800 23be 0002 2 <
ffff8e67c4a97840 3940480595 C Ci:2:006:0 0 2 = 0000
ffff8e67c4a97840 3940480636 S Co:2:006:0 s 40 bc 0900 0014 0002 2 = d39e
ffff8e67c4a97840 3940483341 C Co:2:006:0 0 2 >
ffff8e67c4a97840 3940483385 S Ci:2:006:0 s c0 bc 0900 001c 0002 2 <
ffff8e67c4a97840 3940486143 C Ci:2:006:0 0 2 = 2e6f
ffff8e67c4a97840 3940486187 S Co:2:006:0 s 40 b9 0000 0000 0004 4 = 09016601
ffff8e67c4a97840 3940488874 C Co:2:006:0 0 4 >
ffff8e67c4a97840 3940488912 S Ii:2:006:3 -115:1 3 <
ffff8e67c4a97840 3940490150 C Ii:2:006:3 0:1 3 = 100000
ffff8e67c4a97840 3940490186 S Ci:2:006:0 s c0 bc 0800 0016 0002 2 <
ffff8e67c4a97840 3940492974 C Ci:2:006:0 0 2 = 0900
ffff8e67c4a97840 3940493015 S Ci:2:006:0 s c0 bc 0900 001c 0002 2 <
ffff8e67c4a97840 3940495726 C Ci:2:006:0 0 2 = 2e6f
ffff8e67c4a97840 3940495769 S Ci:2:006:0 s c0 bc 0800 23be 0004 4 <
ffff8e67c4a97840 3940498483 C Ci:2:006:0 0 4 = 00006bd9
ffff8e67c4a97840 3940498529 S Co:2:006:0 s 40 bc 0800 00c0 0002 2 = 048d
ffff8e67c4a97840 3940501231 C Co:2:006:0 0 2 >
ffff8e67c4a97840 3940501278 S Co:2:006:0 s 40 b9 0000 0000 0004 4 = 09009802
ffff8e67c4a97840 3940503946 C Co:2:006:0 0 4 >
ffff8e67c4a97840 3940503989 S Ii:2:006:3 -115:1 3 <
ffff8e67c4a97840 3940505357 C Ii:2:006:3 0:1 3 = 100000
ffff8e67c4a97840 3940505414 S Ci:2:006:0 s c0 bc 0800 0016 0002 2 <
ffff8e67c4a97840 3940508174 C Ci:2:006:0 0 2 = 0900
ffff8e67c4a97840 3940508214 S Ci:2:006:0 s c0 bc 0900 001c 0002 2 <
ffff8e67c4a97840 3940510845 C Ci:2:006:0 0 2 = 2e6f
ffff8e67c4a97840 3940510883 S Ci:2:006:0 s c0 bc 0800 23be 0002 2 <
ffff8e67c4a97840 3940513585 C Ci:2:006:0 0 2 = 0000
ffff8e67c4a97840 3940513626 S Co:2:006:0 s 40 bc 0900 0014 0002 2 = d39e
ffff8e67c4a97840 3940516348 C Co:2:006:0 0 2 >
ffff8e67c4a97840 3940516407 S Ci:2:006:0 s c0 bc 0900 001c 0002 2 <
ffff8e67c4a97840 3940519134 C Ci:2:006:0 0 2 = 2e6f
ffff8e67c4a97840 3940519166 S Co:2:006:0 s 40 bc 0800 00c0 0004 4 = 9989f500
ffff8e67c4a97840 3940521894 C Co:2:006:0 0 4 >
ffff8e67c4a97840 3940521936 S Co:2:006:0 s 40 b9 0000 0000 0004 4 = 09006603
ffff8e67c4a97840 3940524545 C Co:2:006:0 0 4 >
ffff8e67c4a97840 3940524583 S Ii:2:006:3 -115:1 3 <
ffff8e67c4a97840 3940525976 C Ii:2:006:3 0:1 3 = 100000
ffff8e67c4a97840 3940526018 S Ci:2:006:0 s c0 bc 0800 0016 0002 2 <
ffff8e67c4a97840 3940528428 C Ci:2:006:0 0 2 = 0900
ffff8e67c4a97840 3940528472 S Ci:2:006:0 s c0 bc 0900 001c 0002 2 <
ffff8e67c4a97840 3940531013 C Ci:2:006:0 0 2 = 2e6f
ffff8e67c4a97840 3940531048 S Ci:2:006:0 s c0 bc 0800 23be 0002 2 <
ffff8e67c4a97840 3940533639 C Ci:2:006:0 0 2 = 0000
ffff8e67c4a97840 3940533680 S Co:2:006:0 s 40 bc 0900 0014 0002 2 = d39e
ffff8e67c4a97840 3940536320 C Co:2:006:0 0 2 >
ffff8e67c4a97840 3940536364 S Ci:2:006:0 s c0 bc 0900 001c 0002 2 <
ffff8e67c4a97840 3940539094 C Ci:2:006:0 0 2 = 2e6f
ffff8e67c4a97840 3940539138 S Co:2:006:0 s 40 b9 0000 0000 0004 4 = 09016601
ffff8e67c4a97840 3940541831 C Co:2:006:0 0 4 >
ffff8e67c4a97840 3940541872 S Ii:2:006:3 -115:1 3 <
ffff8e67c4a97840 3940543122 C Ii:2:006:3 0:1 3 = 100000
ffff8e67c4a97840 3940543154 S Ci:2:006:0 s c0 bc 0800 0016 0002 2 <
ffff8e67c4a97840 3940545907 C Ci:2:006:0 0 2 = 0900
ffff8e67c4a97840 3940545952 S Ci:2:006:0 s c0 bc 0900 001c 0002 2 <
ffff8e67c4a97840 3940548506 C Ci:2:006:0 0 2 = 2e6f
ffff8e67c4a97840 3940548540 S Ci:2:006:0 s c0 bc 0800 23be 0004 4 <
ffff8e67c4a97840 3940551211 C Ci:2:006:0 0 4 = 0000e2d9
ffff8e67c4a97840 3940551248 S Co:2:006:0 s 40 bc 0800 00c0 0004 4 = 9989fd00
ffff8e67c4a97840 3940553981 C Co:2:006:0 0 4 >
ffff8e67c4a97840 3940554025 S Co:2:006:0 s 40 b9 0000 0000 0004 4 = 09006603
ffff8e67c4a97840 3940556726 C Co:2:006:0 0 4 >
ffff8e67c4a97840 3940556768 S Ii:2:006:3 -115:1 3 <
ffff8e67c4a97840 3940558021 C Ii:2:006:3 0:1 3 = 100000
ffff8e67c4a97840 3940558054 S Ci:2:006:0 s c0 bc 0800 0016 0002 2 <
ffff8e67c4a97840 3940560833 C Ci:2:006:0 0 2 = 0900
ffff8e67c4a97840 3940560878 S Ci:2:006:0 s c0 bc 0900 001c 0002 2 <
ffff8e67c4a97840 3940563559 C Ci:2:006:0 0 2 = 2e6f
ffff8e67c4a97840 3940563596 S Ci:2:006:0 s c0 bc 0800 23be 0002 2 <
ffff8e67c4a97840 3940566415 C Ci:2:006:0 0 2 = 0000
ffff8e67c4a97840 3940566456 S Co:2:006:0 s 40 bc 0900 0014 0002 2 = d39e
ffff8e67c4a97840 3940569121 C Co:2:006:0 0 2 >
ffff8e67c4a97840 3940569153 S Ci:2:006:0 s c0 bc 0900 001c 0002 2 <
ffff8e67c4a97840 3940571886 C Ci:2:006:0 0 2 = 2e6f
ffff8e67c4a97840 3940571930 S Co:2:006:0 s 40 b9 0000 0000 0004 4 = 09016601
ffff8e67c4a97840 3940574603 C Co:2:006:0 0 4 >
ffff8e67c4a97840 3940574644 S Ii:2:006:3 -115:1 3 <
ffff8e67c4a97840 3940575930 C Ii:2:006:3 0:1 3 = 100000
ffff8e67c4a97840 3940575971 S Ci:2:006:0 s c0 bc 0800 0016 0002 2 <
ffff8e67c4a97840 3940578756 C Ci:2:006:0 0 2 = 0900
ffff8e67c4a97840 3940578799 S Ci:2:006:0 s c0 bc 0900 001c 0002 2 <
ffff8e67c4a97840 3940581458 C Ci:2:006:0 0 2 = 2e6f
ffff8e67c4a97840 3940581493 S Ci:2:006:0 s c0 bc 0800 23be 0004 4 <
ffff8e67c4a97840 3940584079 C Ci:2:006:0 0 4 = 00006ad9
ffff8e67c4a97840 3940584115 S Co:2:006:0 s 40 bc 0800 00c0 0004 4 = 9989fc00
ffff8e67c4a97840 3940586838 C Co:2:006:0 0 4 >
ffff8e67c4a97840 3940586881 S Co:2:006:0 s 40 b9 0000 0000 0004 4 = 09006603
ffff8e67c4a97840 3940589592 C Co:2:006:0 0 4 >
ffff8e67c4a97840 3940589634 S Ii:2:006:3 -115:1 3 <
ffff8e67c4a97840 3940590890 C Ii:2:006:3 0:1 3 = 100000
ffff8e67c4a97840 3940590928 S Ci:2:006:0 s c0 bc 0800 0016 0002 2 <
ffff8e67c4a97840 3940593678 C Ci:2:006:0 0 2 = 0900
ffff8e67c4a97840 3940593714 S Ci:2:006:0 s c0 bc 0900 001c 0002 2 <
ffff8e67c4a97840 3940596349 C Ci:2:006:0 0 2 = 2e6f
ffff8e67c4a97840 3940596401 S Ci:2:006:0 s c0 bc 0800 23be 0002 2 <
ffff8e67c4a97840 3940599136 C Ci:2:006:0 0 2 = 0000
ffff8e67c4a97840 3940599239 S Co:2:006:0 s 40 bc 0900 0014 0002 2 = d39e
ffff8e67c4a97840 3940601855 C Co:2:006:0 0 2 >
ffff8e67c4a97840 3940601898 S Ci:2:006:0 s c0 bc 0900 001c 0002 2 <
ffff8e67c4a97840 3940604667 C Ci:2:006:0 0 2 = 2e6f
ffff8e67c4a97840 3940604710 S Co:2:006:0 s 40 b9 0000 0000 0004 4 = 09016601
ffff8e67c4a97840 3940607316 C Co:2:006:0 0 4 >
ffff8e67c4a97840 3940607354 S Ii:2:006:3 -115:1 3 <
ffff8e67c4a97840 3940608688 C Ii:2:006:3 0:1 3 = 100000
ffff8e67c4a97840 3940608730 S Ci:2:006:0 s c0 bc 0800 0016 0002 2 <
ffff8e67c4a97840 3940611483 C Ci:2:006:0 0 2 = 0900
ffff8e67c4a97840 3940611527 S Ci:2:006:0 s c0 bc 0900 001c 0002 2 <
ffff8e67c4a97840 3940614256 C Ci:2:006:0 0 2 = 2e6f
ffff8e67c4a97840 3940614293 S Ci:2:006:0 s c0 bc 0800 23be 0004 4 <
ffff8e67c4a97840 3940617033 C Ci:2:006:0 0 4 = 00006ed9
ffff8e67c4a97840 3940617075 S Co:2:006:0 s 40 bc 0800 00c0 0004 4 = 9989f300
ffff8e67c4a97840 3940619721 C Co:2:006:0 0 4 >
ffff8e67c4a97840 3940619766 S Co:2:006:0 s 40 b9 0000 0000 0004 4 = 09006603
ffff8e67c4a97840 3940622468 C Co:2:006:0 0 4 >
ffff8e67c4a97840 3940622510 S Ii:2:006:3 -115:1 3 <
ffff8e67c4a97840 3940623775 C Ii:2:006:3 0:1 3 = 100000
ffff8e67c4a97840 3940623817 S Ci:2:006:0 s c0 bc 0800 0016 0002 2 <
ffff8e67c4a97840 3940626609 C Ci:2:006:0 0 2 = 0900
ffff8e67c4a97840 3940626653 S Ci:2:006:0 s c0 bc 0900 001c 0002 2 <
ffff8e67c4a97840 3940629354 C Ci:2:006:0 0 2 = 2e6f
ffff8e67c4a97840 3940629404 S Ci:2:006:0 s c0 bc 0800 23be 0002 2 <
ffff8e67c4a97840 3940632147 C Ci:2:006:0 0 2 = 0000
ffff8e67c4a97840 3940632313 S Co:2:006:0 s 40 bc 0900 0014 0002 2 = d39e
ffff8e67c4a97840 3940634831 C Co:2:006:0 0 2 >
ffff8e67c4a97840 3940634874 S Ci:2:006:0 s c0 bc 0900 001c 0002 2 <
ffff8e67c4a97840 3940637730 C Ci:2:006:0 0 2 = 2e6f
ffff8e67c4a97840 3940637774 S Co:2:006:0 s 40 b9 0000 0000 0004 4 = 09016601
ffff8e67c4a97840 3940640475 C Co:2:006:0 0 4 >
ffff8e67c4a97840 3940640515 S Ii:2:006:3 -115:1 3 <
ffff8e67c4a97840 3940641796 C Ii:2:006:3 0:1 3 = 100000
ffff8e67c4a97840 3940641838 S Ci:2:006:0 s c0 bc 0800 0016 0002 2 <
ffff8e67c4a97840 3940644580 C Ci:2:006:0 0 2 = 0900
ffff8e67c4a97840 3940644614 S Ci:2:006:0 s c0 bc 0900 001c 0002 2 <
ffff8e67c4a97840 3940647352 C Ci:2:006:0 0 2 = 2e6f
ffff8e67c4a97840 3940647405 S Ci:2:006:0 s c0 bc 0800 23be 0004 4 <
ffff8e67c4a97840 3940650140 C Ci:2:006:0 0 4 = 00006ed9
ffff8e67c4a97840 3940650181 S Co:2:006:0 s 40 bc 0800 00c0 0004 4 = 9989f500
ffff8e67c4a97840 3940652837 C Co:2:006:0 0 4 >
ffff8e67c4a97840 3940652881 S Co:2:006:0 s 40 b9 0000 0000 0004 4 = 09006603
ffff8e67c4a97840 3940655595 C Co:2:006:0 0 4 >
ffff8e67c4a97840 3940655637 S Ii:2:006:3 -115:1 3 <
ffff8e67c4a97840 3940656893 C Ii:2:006:3 0:1 3 = 100000
ffff8e67c4a97840 3940656932 S Ci:2:006:0 s c0 bc 0800 0016 0002 2 <
ffff8e67c4a97840 3940659736 C Ci:2:006:0 0 2 = 0900
ffff8e67c4a97840 3940659781 S Ci:2:006:0 s c0 bc 0900 001c 0002 2 <
ffff8e67c4a97840 3940662475 C Ci:2:006:0 0 2 = 2e6f
ffff8e67c4a97840 3940662512 S Ci:2:006:0 s c0 bc 0800 23be 0002 2 <
ffff8e67c4a97840 3940665267 C Ci:2:006:0 0 2 = 0000
ffff8e67c4a97840 3940665308 S Co:2:006:0 s 40 bc 0900 0014 0002 2 = d39e
ffff8e67c4a97840 3940667984 C Co:2:006:0 0 2 >
ffff8e67c4a97840 3940668028 S Ci:2:006:0 s c0 bc 0900 001c 0002 2 <
ffff8e67c4a97840 3940670724 C Ci:2:006:0 0 2 = 2e6f
ffff8e67c4a97840 3940670769 S Co:2:006:0 s 40 b9 0000 0000 0004 4 = 09016601
ffff8e67c4a97840 3940673470 C Co:2:006:0 0 4 >
ffff8e67c4a97840 3940673510 S Ii:2:006:3 -115:1 3 <
ffff8e67c4a97840 3940674793 C Ii:2:006:3 0:1 3 = 100000
ffff8e67c4a97840 3940674834 S Ci:2:006:0 s c0 bc 0800 0016 0002 2 <
ffff8e67c4a97840 3940677592 C Ci:2:006:0 0 2 = 0900
ffff8e67c4a97840 3940677636 S Ci:2:006:0 s c0 bc 0900 001c 0002 2 <
ffff8e67c4a97840 3940680347 C Ci:2:006:0 0 2 = 2e6f
ffff8e67c4a97840 3940680400 S Ci:2:006:0 s c0 bc 0800 23be 0004 4 <
ffff8e67c4a97840 3940683106 C Ci:2:006:0 0 4 = 0000e2d9
ffff8e67c4a97840 3940683199 S Co:2:006:0 s 40 bc 0800 00c0 0002 2 = 0e65
ffff8e67c4a97840 3940685827 C Co:2:006:0 0 2 >
ffff8e67c4a97840 3940685871 S Co:2:006:0 s 40 b9 0000 0000 0004 4 = 09009802
ffff8e67c4a97840 3940688604 C Co:2:006:0 0 4 >
ffff8e67c4a97840 3940688648 S Ii:2:006:3 -115:1 3 <
ffff8e67c4a97840 3940689892 C Ii:2:006:3 0:1 3 = 100000
ffff8e67c4a97840 3940689930 S Ci:2:006:0 s c0 bc 0800 0016 0002 2 <
ffff8e67c4a97840 3940692742 C Ci:2:006:0 0 2 = 0900
ffff8e67c4a97840 3940692785 S Ci:2:006:0 s c0 bc 0900 001c 0002 2 <
ffff8e67c4a97840 3940695475 C Ci:2:006:0 0 2 = 2e6f
ffff8e67c4a97840 3940695520 S Ci:2:006:0 s c0 bc 0800 23be 0002 2 <
ffff8e67c4a97840 3940698113 C Ci:2:006:0 0 2 = 0000
ffff8e67c4a97840 3940698157 S Co:2:006:0 s 40 bc 0900 0014 0002 2 = d39e
ffff8e67c4a97840 3940700782 C Co:2:006:0 0 2 >
ffff8e67c4a97840 3940700862 S Ci:2:006:0 s c0 bc 0900 001c 0002 2 <
ffff8e67c4a97840 3940703599 C Ci:2:006:0 0 2 = 2e6f
ffff8e67c4a97840 3940703641 S Co:2:006:0 s 40 bc 0800 00c0 0002 2 = 0e64
ffff8e67c4a97840 3940706334 C Co:2:006:0 0 2 >
ffff8e67c4a97840 3940706394 S Co:2:006:0 s 40 b9 0000 0000 0004 4 = 09009802
ffff8e67c4a97840 3940709114 C Co:2:006:0 0 4 >
ffff8e67c4a97840 3940709155 S Ii:2:006:3 -115:1 3 <
ffff8e67c4a97840 3940710469 C Ii:2:006:3 0:1 3 = 100000
ffff8e67c4a97840 3940710510 S Ci:2:006:0 s c0 bc 0800 0016 0002 2 <
ffff8e67c4a97840 3940713222 C Ci:2:006:0 0 2 = 0900
ffff8e67c4a97840 3940713266 S Ci:2:006:0 s c0 bc 0900 001c 0002 2 <
ffff8e67c4a97840 3940715999 C Ci:2:006:0 0 2 = 2e6f
ffff8e67c4a97840 3940716036 S Ci:2:006:0 s c0 bc 0800 23be 0002 2 <
ffff8e67c4a97840 3940718701 C Ci:2:006:0 0 2 = 0000
ffff8e67c4a97840 3940718788 S Co:2:006:0 s 40 bc 0900 0014 0002 2 = d39e
ffff8e67c4a97840 3940721459 C Co:2:006:0 0 2 >
ffff8e67c4a97840 3940721504 S Ci:2:006:0 s c0 bc 0900 001c 0002 2 <
ffff8e67c4a97840 3940724191 C Ci:2:006:0 0 2 = 2e6f
ffff8e67c4a97840 3940724235 S Co:2:006:0 s 40 bc 0800 00c0 0002 2 = 0dc8
ffff8e67c4a97840 3940726963 C Co:2:006:0 0 2 >
ffff8e67c4a97840 3940727005 S Co:2:006:0 s 40 b9 0000 0000 0004 4 = 09009802
ffff8e67c4a97840 3940729740 C Co:2:006:0 0 4 >
ffff8e67c4a97840 3940729778 S Ii:2:006:3 -115:1 3 <
ffff8e67c4a97840 3940731048 C Ii:2:006:3 0:1 3 = 100000
ffff8e67c4a97840 3940731091 S Ci:2:006:0 s c0 bc 0800 0016 0002 2 <
ffff8e67c4a97840 3940733833 C Ci:2:006:0 0 2 = 0900
ffff8e67c4a97840 3940733877 S Ci:2:006:0 s c0 bc 0900 001c 0002 2 <
ffff8e67c4a97840 3940736575 C Ci:2:006:0 0 2 = 2e6f
ffff8e67c4a97840 3940736618 S Ci:2:006:0 s c0 bc 0800 23be 0002 2 <
ffff8e67c4a97840 3940739148 C Ci:2:006:0 0 2 = 0000
ffff8e67c4a97840 3940739181 S Co:2:006:0 s 40 bc 0900 0014 0002 2 = d39e
ffff8e67c4a97840 3940741925 C Co:2:006:0 0 2 >
ffff8e67c4a97840 3940741968 S Ci:2:006:0 s c0 bc 0900 001c 0002 2 <
ffff8e67c4a97840 3940744556 C Ci:2:006:0 0 2 = 2e6f
ffff8e67c4a97840 3940744590 S Co:2:006:0 s 40 b9 0000 0000 0004 4 = 09016601
ffff8e67c4a97840 3940747313 C Co:2:006:0 0 4 >
ffff8e67c4a97840 3940747354 S Ii:2:006:3 -115:1 3 <
ffff8e67c4a97840 3940748648 C Ii:2:006:3 0:1 3 = 100000
ffff8e67c4a97840 3940748690 S Ci:2:006:0 s c0 bc 0800 0016 0002 2 <
ffff8e67c4a97840 3940751457 C Ci:2:006:0 0 2 = 0900
ffff8e67c4a97840 3940751500 S Ci:2:006:0 s c0 bc 0900 001c 0002 2 <
ffff8e67c4a97840 3940754092 C Ci:2:006:0 0 2 = 2e6f
ffff8e67c4a97840 3940754128 S Ci:2:006:0 s c0 bc 0800 23be 0004 4 <
ffff8e67c4a97840 3940756792 C Ci:2:006:0 0 4 = 000033d9
ffff8e67c4a97840 3940756828 S Co:2:006:0 s 40 bc 0800 00c0 0002 2 = 0e65
ffff8e67c4a97840 3940759560 C Co:2:006:0 0 2 >
ffff8e67c4a97840 3940759605 S Co:2:006:0 s 40 b9 0000 0000 0004 4 = 09009802
ffff8e67c4a97840 3940762168 C Co:2:006:0 0 4 >
ffff8e67c4a97840 3940762212 S Ii:2:006:3 -115:1 3 <
ffff8e67c4a97840 3940763562 C Ii:2:006:3 0:1 3 = 100000
ffff8e67c4a97840 3940763603 S Ci:2:006:0 s c0 bc 0800 0016 0002 2 <
ffff8e67c4a97840 3940766334 C Ci:2:006:0 0 2 = 0900
ffff8e67c4a97840 3940766389 S Ci:2:006:0 s c0 bc 0900 001c 0002 2 <
ffff8e67c4a97840 3940769185 C Ci:2:006:0 0 2 = 2e6f
ffff8e67c4a97840 3940769217 S Ci:2:006:0 s c0 bc 0800 23be 0002 2 <
ffff8e67c4a97840 3940771850 C Ci:2:006:0 0 2 = 0000
ffff8e67c4a97840 3940771895 S Co:2:006:0 s 40 bc 0900 0014 0002 2 = d39e
ffff8e67c4a97840 3940774556 C Co:2:006:0 0 2 >
ffff8e67c4a97840 3940774625 S Ci:2:006:0 s c0 bc 0900 001c 0002 2 <
ffff8e67c4a97840 3940777399 C Ci:2:006:0 0 2 = 2e6f
ffff8e67c4a97840 3940777442 S Co:2:006:0 s 40 bc 0800 00c0 0002 2 = 0e64
ffff8e67c4a97840 3940780149 C Co:2:006:0 0 2 >
ffff8e67c4a97840 3940780195 S Co:2:006:0 s 40 b9 0000 0000 0004 4 = 09009802
ffff8e67c4a97840 3940782824 C Co:2:006:0 0 4 >
ffff8e67c4a97840 3940782869 S Ii:2:006:3 -115:1 3 <
ffff8e67c4a97840 3940784151 C Ii:2:006:3 0:1 3 = 100000
ffff8e67c4a97840 3940784324 S Ci:2:006:0 s c0 bc 0800 0016 0002 2 <
ffff8e67c4a97840 3940787004 C Ci:2:006:0 0 2 = 0900
ffff8e67c4a97840 3940787047 S Ci:2:006:0 s c0 bc 0900 001c 0002 2 <
ffff8e67c4a97840 3940789710 C Ci:2:006:0 0 2 = 2e6f
ffff8e67c4a97840 3940789753 S Ci:2:006:0 s c0 bc 0800 23be 0002 2 <
ffff8e67c4a97840 3940792429 C Ci:2:006:0 0 2 = 0000
ffff8e67c4a97840 3940792471 S Co:2:006:0 s 40 bc 0900 0014 0002 2 = d39e
ffff8e67c4a97840 3940795269 C Co:2:006:0 0 2 >
ffff8e67c4a97840 3940795308 S Ci:2:006:0 s c0 bc 0900 001c 0002 2 <
ffff8e67c4a97840 3940797995 C Ci:2:006:0 0 2 = 2e6f
ffff8e67c4a97840 3940798033 S Co:2:006:0 s 40 bc 0800 00c0 0002 2 = 0dc8
ffff8e67c4a97840 3940800711 C Co:2:006:0 0 2 >
ffff8e67c4a97840 3940800754 S Co:2:006:0 s 40 b9 0000 0000 0004 4 = 09009802
ffff8e67c4a97840 3940803500 C Co:2:006:0 0 4 >
ffff8e67c4a97840 3940803540 S Ii:2:006:3 -115:1 3 <
ffff8e67c4a97840 3940804789 C Ii:2:006:3 0:1 3 = 100000
ffff8e67c4a97840 3940804830 S Ci:2:006:0 s c0 bc 0800 0016 0002 2 <
ffff8e67c4a97840 3940807587 C Ci:2:006:0 0 2 = 0900
ffff8e67c4a97840 3940807630 S Ci:2:006:0 s c0 bc 0900 001c 0002 2 <
ffff8e67c4a97840 3940810331 C Ci:2:006:0 0 2 = 2e6f
ffff8e67c4a97840 3940810380 S Ci:2:006:0 s c0 bc 0800 23be 0002 2 <
ffff8e67c4a97840 3940813123 C Ci:2:006:0 0 2 = 0000
ffff8e67c4a97840 3940813163 S Co:2:006:0 s 40 bc 0900 0014 0002 2 = d39e
ffff8e67c4a97840 3940815825 C Co:2:006:0 0 2 >
ffff8e67c4a97840 3940815868 S Ci:2:006:0 s c0 bc 0900 001c 0002 2 <
ffff8e67c4a97840 3940818637 C Ci:2:006:0 0 2 = 2e6f
ffff8e67c4a97840 3940818681 S Co:2:006:0 s 40 bc 0800 00c0 0002 2 = 0f88
ffff8e67c4a97840 3940821373 C Co:2:006:0 0 2 >
ffff8e67c4a97840 3940821417 S Co:2:006:0 s 40 b9 0000 0000 0004 4 = 09009802
ffff8e67c4a97840 3940824042 C Co:2:006:0 0 4 >
ffff8e67c4a97840 3940824084 S Ii:2:006:3 -115:1 3 <
ffff8e67c4a97840 3940825379 C Ii:2:006:3 0:1 3 = 100000
ffff8e67c4a97840 3940825409 S Ci:2:006:0 s c0 bc 0800 0016 0002 2 <
ffff8e67c4a97840 3940828151 C Ci:2:006:0 0 2 = 0900
ffff8e67c4a97840 3940828191 S Ci:2:006:0 s c0 bc 0900 001c 0002 2 <
ffff8e67c4a97840 3940830813 C Ci:2:006:0 0 2 = 2e6f
ffff8e67c4a97840 3940830909 S Ci:2:006:0 s c0 bc 0800 23be 0002 2 <
ffff8e67c4a97840 3940833592 C Ci:2:006:0 0 2 = 0000
ffff8e67c4a97840 3940833636 S Co:2:006:0 s 40 bc 0900 0014 0002 2 = d39e
ffff8e67c4a97840 3940836388 C Co:2:006:0 0 2 >
ffff8e67c4a97840 3940836431 S Ci:2:006:0 s c0 bc 0900 001c 0002 2 <
ffff8e67c4a97840 3940839130 C Ci:2:006:0 0 2 = 2e6f
ffff8e67c4a97840 3940839172 S Co:2:006:0 s 40 bc 0800 00c0 0002 2 = c189
ffff8e67c4a97840 3940841822 C Co:2:006:0 0 2 >
ffff8e67c4a97840 3940841866 S Co:2:006:0 s 40 b9 0000 0000 0004 4 = 09009802
ffff8e67c4a97840 3940844580 C Co:2:006:0 0 4 >
ffff8e67c4a97840 3940844622 S Ii:2:006:3 -115:1 3 <
ffff8e67c4a97840 3940845893 C Ii:2:006:3 0:1 3 = 100000
ffff8e67c4a97840 3940845925 S Ci:2:006:0 s c0 bc 0800 0016 0002 2 <
ffff8e67c4a97840 3940848724 C Ci:2:006:0 0 2 = 0900
ffff8e67c4a97840 3940848767 S Ci:2:006:0 s c0 bc 0900 001c 0002 2 <
ffff8e67c4a97840 3940851464 C Ci:2:006:0 0 2 = 2e6f
ffff8e67c4a97840 3940851499 S Ci:2:006:0 s c0 bc 0800 23be 0002 2 <
ffff8e67c4a97840 3940854253 C Ci:2:006:0 0 2 = 0000
ffff8e67c4a97840 3940854294 S Co:2:006:0 s 40 bc 0900 0014 0002 2 = d39e
ffff8e67c4a97840 3940856975 C Co:2:006:0 0 2 >
ffff8e67c4a97840 3940857019 S Ci:2:006:0 s c0 bc 0900 001c 0002 2 <
ffff8e67c4a97840 3940859692 C Ci:2:006:0 0 2 = 2e6f
ffff8e67c4a97840 3940859724 S Co:2:006:0 s 40 bc 0800 00c0 0002 2 = c68b
ffff8e67c4a97840 3940862463 C Co:2:006:0 0 2 >
ffff8e67c4a97840 3940862501 S Co:2:006:0 s 40 b9 0000 0000 0004 4 = 09009802
ffff8e67c4a97840 3940865261 C Co:2:006:0 0 4 >
ffff8e67c4a97840 3940865300 S Ii:2:006:3 -115:1 3 <
ffff8e67c4a97840 3940866563 C Ii:2:006:3 0:1 3 = 100000
ffff8e67c4a97840 3940866604 S Ci:2:006:0 s c0 bc 0800 0016 0002 2 <
ffff8e67c4a97840 3940869333 C Ci:2:006:0 0 2 = 0900
ffff8e67c4a97840 3940869393 S Ci:2:006:0 s c0 bc 0900 001c 0002 2 <
ffff8e67c4a97840 3940872080 C Ci:2:006:0 0 2 = 2e6f
ffff8e67c4a97840 3940872116 S Ci:2:006:0 s c0 bc 0800 23be 0002 2 <
ffff8e67c4a97840 3940874771 C Ci:2:006:0 0 2 = 0000
ffff8e67c4a97840 3940874807 S Co:2:006:0 s 40 bc 0900 0014 0002 2 = d39e
ffff8e67c4a97840 3940877478 C Co:2:006:0 0 2 >
ffff8e67c4a97840 3940877518 S Ci:2:006:0 s c0 bc 0900 001c 0002 2 <
ffff8e67c4a97840 3940880299 C Ci:2:006:0 0 2 = 2e6f
ffff8e67c4a97840 3940880381 S Co:2:006:0 s 40 bc 0800 00c0 0002 2 = 0f88
ffff8e67c4a97840 3940882985 C Co:2:006:0 0 2 >
ffff8e67c4a97840 3940883027 S Co:2:006:0 s 40 b9 0000 0000 0004 4 = 09009802
ffff8e67c4a97840 3940885695 C Co:2:006:0 0 4 >
ffff8e67c4a97840 3940885737 S Ii:2:006:3 -115:1 3 <
ffff8e67c4a97840 3940887040 C Ii:2:006:3 0:1 3 = 100000
ffff8e67c4a97840 3940887083 S Ci:2:006:0 s c0 bc 0800 0016 0002 2 <
ffff8e67c4a97840 3940889990 C Ci:2:006:0 0 2 = 0900
ffff8e67c4a97840 3940890031 S Ci:2:006:0 s c0 bc 0900 001c 0002 2 <
ffff8e67c4a97840 3940892681 C Ci:2:006:0 0 2 = 2e6f
ffff8e67c4a97840 3940892736 S Ci:2:006:0 s c0 bc 0800 23be 0002 2 <
ffff8e67c4a97840 3940895409 C Ci:2:006:0 0 2 = 0000
ffff8e67c4a97840 3940895443 S Co:2:006:0 s 40 bc 0900 0014 0002 2 = d39e
ffff8e67c4a97840 3940898231 C Co:2:006:0 0 2 >
ffff8e67c4a97840 3940898276 S Ci:2:006:0 s c0 bc 0900 001c 0002 2 <
ffff8e67c4a97840 3940900991 C Ci:2:006:0 0 2 = 2e6f
ffff8e67c4a97840 3940901035 S Co:2:006:0 s 40 bc 0800 00c0 0002 2 = 6188
ffff8e67c4a97840 3940903680 C Co:2:006:0 0 2 >
ffff8e67c4a97840 3940903722 S Co:2:006:0 s 40 b9 0000 0000 0004 4 = 09009802
ffff8e67c4a97840 3940906449 C Co:2:006:0 0 4 >
ffff8e67c4a97840 3940906490 S Ii:2:006:3 -115:1 3 <
ffff8e67c4a97840 3940907803 C Ii:2:006:3 0:1 3 = 100000
ffff8e67c4a97840 3940907844 S Ci:2:006:0 s c0 bc 0800 0016 0002 2 <
ffff8e67c4a97840 3940910604 C Ci:2:006:0 0 2 = 0900
ffff8e67c4a97840 3940910648 S Ci:2:006:0 s c0 bc 0900 001c 0002 2 <
ffff8e67c4a97840 3940913307 C Ci:2:006:0 0 2 = 2e6f
ffff8e67c4a97840 3940913341 S Ci:2:006:0 s c0 bc 0800 23be 0002 2 <
ffff8e67c4a97840 3940916083 C Ci:2:006:0 0 2 = 0000
ffff8e67c4a97840 3940916175 S Co:2:006:0 s 40 bc 0900 0014 0002 2 = d39e
ffff8e67c4a97840 3940918815 C Co:2:006:0 0 2 >
ffff8e67c4a97840 3940918859 S Ci:2:006:0 s c0 bc 0900 001c 0002 2 <
ffff8e67c4a97840 3940921559 C Ci:2:006:0 0 2 = 2e6f
ffff8e67c4a97840 3940921593 S Co:2:006:0 s 40 bc 0800 00c0 0004 4 = 10003300
ffff8e67c4a97840 3940924290 C Co:2:006:0 0 4 >
ffff8e67c4a97840 3940924332 S Co:2:006:0 s 40 b9 0000 0000 0004 4 = 09006603
ffff8e67c4a97840 3940926969 C Co:2:006:0 0 4 >
ffff8e67c4a97840 3940927011 S Ii:2:006:3 -115:1 3 <
ffff8e67c4a97840 3940928314 C Ii:2:006:3 0:1 3 = 100000
ffff8e67c4a97840 3940928367 S Ci:2:006:0 s c0 bc 0800 0016 0002 2 <
ffff8e67c4a97840 3940931116 C Ci:2:006:0 0 2 = 0900
ffff8e67c4a97840 3940931160 S Ci:2:006:0 s c0 bc 0900 001c 0002 2 <
ffff8e67c4a97840 3940933838 C Ci:2:006:0 0 2 = 2e6f
ffff8e67c4a97840 3940933882 S Ci:2:006:0 s c0 bc 0800 23be 0002 2 <
ffff8e67c4a97840 3940936632 C Ci:2:006:0 0 2 = 0000
ffff8e67c4a97840 3940936674 S Co:2:006:0 s 40 bc 0900 0014 0002 2 = d39e
ffff8e67c4a97840 3940939280 C Co:2:006:0 0 2 >
ffff8e67c4a97840 3940939321 S Ci:2:006:0 s c0 bc 0900 001c 0002 2 <
ffff8e67c4a97840 3940942114 C Ci:2:006:0 0 2 = 2e6f
ffff8e67c4a97840 3940942158 S Co:2:006:0 s 40 bc 0800 00c0 0004 4 = 1001e300
ffff8e67c4a97840 3940944819 C Co:2:006:0 0 4 >
ffff8e67c4a97840 3940944862 S Co:2:006:0 s 40 b9 0000 0000 0004 4 = 09006603
ffff8e67c4a97840 3940947506 C Co:2:006:0 0 4 >
ffff8e67c4a97840 3940947546 S Ii:2:006:3 -115:1 3 <
ffff8e67c4a97840 3940948936 C Ii:2:006:3 0:1 3 = 100000
ffff8e67c4a97840 3940948976 S Ci:2:006:0 s c0 bc 0800 0016 0002 2 <
ffff8e67c4a97840 3940951713 C Ci:2:006:0 0 2 = 0900
ffff8e67c4a97840 3940951757 S Ci:2:006:0 s c0 bc 0900 001c 0002 2 <
ffff8e67c4a97840 3940954378 C Ci:2:006:0 0 2 = 2e6f
ffff8e67c4a97840 3940954408 S Ci:2:006:0 s c0 bc 0800 23be 0002 2 <
ffff8e67c4a97840 3940956991 C Ci:2:006:0 0 2 = 0000
ffff8e67c4a97840 3940957019 S Co:2:006:0 s 40 bc 0900 0014 0002 2 = d39e
ffff8e67c4a97840 3940959513 C Co:2:006:0 0 2 >
ffff8e67c4a97840 3940959562 S Ci:2:006:0 s c0 bc 0900 001c 0002 2 <
ffff8e67c4a97840 3940962253 C Ci:2:006:0 0 2 = 2e6f
ffff8e67c4a97840 3940962301 S Co:2:006:0 s 40 bc 0800 00c0 0004 4 = 10027100
ffff8e67c4a97840 3940964936 C Co:2:006:0 0 4 >
ffff8e67c4a97840 3940964978 S Co:2:006:0 s 40 b9 0000 0000 0004 4 = 09006603
ffff8e67c4a97840 3940967669 C Co:2:006:0 0 4 >
ffff8e67c4a97840 3940967710 S Ii:2:006:3 -115:1 3 <
ffff8e67c4a97840 3940968997 C Ii:2:006:3 0:1 3 = 100000
ffff8e67c4a97840 3940969040 S Ci:2:006:0 s c0 bc 0800 0016 0002 2 <
ffff8e67c4a97840 3940971562 C Ci:2:006:0 0 2 = 0900
ffff8e67c4a97840 3940971618 S Ci:2:006:0 s c0 bc 0900 001c 0002 2 <
ffff8e67c4a97840 3940974323 C Ci:2:006:0 0 2 = 2e6f
ffff8e67c4a97840 3940974390 S Ci:2:006:0 s c0 bc 0800 23be 0002 2 <
ffff8e67c4a97840 3940977107 C Ci:2:006:0 0 2 = 0000
ffff8e67c4a97840 3940977152 S Co:2:006:0 s 40 bc 0900 0014 0002 2 = d39e
ffff8e67c4a97840 3940979813 C Co:2:006:0 0 2 >
ffff8e67c4a97840 3940979869 S Ci:2:006:0 s c0 bc 0900 001c 0002 2 <
ffff8e67c4a97840 3940982617 C Ci:2:006:0 0 2 = 2e6f
ffff8e67c4a97840 3940982674 S Co:2:006:0 s 40 bc 0800 00c0 0004 4 = 10037200
ffff8e67c4a97840 3940985315 C Co:2:006:0 0 4 >
ffff8e67c4a97840 3940985381 S Co:2:006:0 s 40 b9 0000 0000 0004 4 = 09006603
ffff8e67c4a97840 3940988088 C Co:2:006:0 0 4 >
ffff8e67c4a97840 3940988142 S Ii:2:006:3 -115:1 3 <
ffff8e67c4a97840 3940989427 C Ii:2:006:3 0:1 3 = 100000
ffff8e67c4a97840 3940989480 S Ci:2:006:0 s c0 bc 0800 0016 0002 2 <
ffff8e67c4a97840 3940992173 C Ci:2:006:0 0 2 = 0900
ffff8e67c4a97840 3940992230 S Ci:2:006:0 s c0 bc 0900 001c 0002 2 <
ffff8e67c4a97840 3940994950 C Ci:2:006:0 0 2 = 2e6f
ffff8e67c4a97840 3940995007 S Ci:2:006:0 s c0 bc 0800 23be 0002 2 <
ffff8e67c4a97840 3940997700 C Ci:2:006:0 0 2 = 0000
ffff8e67c4a97840 3940997757 S Co:2:006:0 s 40 bc 0900 0014 0002 2 = d39e
ffff8e67c4a97840 3941000449 C Co:2:006:0 0 2 >
ffff8e67c4a97840 3941000505 S Ci:2:006:0 s c0 bc 0900 001c 0002 2 <
ffff8e67c4a97840 3941003227 C Ci:2:006:0 0 2 = 2e6f
ffff8e67c4a97840 3941003284 S Co:2:006:0 s 40 bc 0800 00c0 0004 4 = 10016300
ffff8e67c4a97840 3941006006 C Co:2:006:0 0 4 >
ffff8e67c4a97840 3941006094 S Co:2:006:0 s 40 b9 0000 0000 0004 4 = 09006603
ffff8e67c4a97840 3941008721 C Co:2:006:0 0 4 >
ffff8e67c4a97840 3941008774 S Ii:2:006:3 -115:1 3 <
ffff8e67c4a97840 3941010004 C Ii:2:006:3 0:1 3 = 100000
ffff8e67c4a97840 3941010108 S Ci:2:006:0 s c0 bc 0800 0016 0002 2 <
ffff8e67c4a97840 3941012821 C Ci:2:006:0 0 2 = 0900
ffff8e67c4a97840 3941012877 S Ci:2:006:0 s c0 bc 0900 001c 0002 2 <
ffff8e67c4a97840 3941015625 C Ci:2:006:0 0 2 = 2e6f
ffff8e67c4a97840 3941015671 S Ci:2:006:0 s c0 bc 0800 23be 0002 2 <
ffff8e67c4a97840 3941018290 C Ci:2:006:0 0 2 = 0000
ffff8e67c4a97840 3941018421 S Co:2:006:0 s 40 bc 0900 0014 0002 2 = d39e
ffff8e67c4a97840 3941021081 C Co:2:006:0 0 2 >
ffff8e67c4a97840 3941021126 S Ci:2:006:0 s c0 bc 0900 001c 0002 2 <
ffff8e67c4a97840 3941023818 C Ci:2:006:0 0 2 = 2e6f
ffff8e67c4a97840 3941023877 S Co:2:006:0 s 40 bc 0800 00c0 0002 2 = 0f89
ffff8e67c4a97840 3941026574 C Co:2:006:0 0 2 >
ffff8e67c4a97840 3941026631 S Co:2:006:0 s 40 b9 0000 0000 0004 4 = 09009802
ffff8e67c4a97840 3941029307 C Co:2:006:0 0 4 >
ffff8e67c4a97840 3941029376 S Ii:2:006:3 -115:1 3 <
ffff8e67c4a97840 3941030664 C Ii:2:006:3 0:1 3 = 100000
ffff8e67c4a97840 3941030719 S Ci:2:006:0 s c0 bc 0800 0016 0002 2 <
ffff8e67c4a97840 3941033451 C Ci:2:006:0 0 2 = 0900
ffff8e67c4a97840 3941033500 S Ci:2:006:0 s c0 bc 0900 001c 0002 2 <
ffff8e67c4a97840 3941036270 C Ci:2:006:0 0 2 = 2e6f
ffff8e67c4a97840 3941036305 S Ci:2:006:0 s c0 bc 0800 23be 0002 2 <
ffff8e67c4a97840 3941038992 C Ci:2:006:0 0 2 = 0000
ffff8e67c4a97840 3941039033 S Co:2:006:0 s 40 bc 0900 0014 0002 2 = d39e
ffff8e67c4a97840 3941041687 C Co:2:006:0 0 2 >
ffff8e67c4a97840 3941041730 S Ci:2:006:0 s c0 bc 0900 001c 0002 2 <
ffff8e67c4a97840 3941044437 C Ci:2:006:0 0 2 = 2e6f
ffff8e67c4a97840 3941044481 S Co:2:006:0 s 40 bc 0800 00c0 0002 2 = 3388
ffff8e67c4a97840 3941047149 C Co:2:006:0 0 2 >
ffff8e67c4a97840 3941047182 S Co:2:006:0 s 40 b9 0000 0000 0004 4 = 09009802
ffff8e67c4a97840 3941049961 C Co:2:006:0 0 4 >
ffff8e67c4a97840 3941050004 S Ii:2:006:3 -115:1 3 <
ffff8e67c4a97840 3941051285 C Ii:2:006:3 0:1 3 = 100000
ffff8e67c4a97840 3941051325 S Ci:2:006:0 s c0 bc 0800 0016 0002 2 <
ffff8e67c4a97840 3941054100 C Ci:2:006:0 0 2 = 0900
ffff8e67c4a97840 3941054143 S Ci:2:006:0 s c0 bc 0900 001c 0002 2 <
ffff8e67c4a97840 3941056756 C Ci:2:006:0 0 2 = 2e6f
ffff8e67c4a97840 3941056796 S Ci:2:006:0 s c0 bc 0800 23be 0002 2 <
ffff8e67c4a97840 3941059538 C Ci:2:006:0 0 2 = 0000
ffff8e67c4a97840 3941059573 S Co:2:006:0 s 40 bc 0900 0014 0002 2 = d39e
ffff8e67c4a97840 3941062267 C Co:2:006:0 0 2 >
ffff8e67c4a97840 3941062310 S Ci:2:006:0 s c0 bc 0900 001c 0002 2 <
ffff8e67c4a97840 3941065096 C Ci:2:006:0 0 2 = 2e6f
ffff8e67c4a97840 3941065141 S Co:2:006:0 s 40 bc 0800 00c0 0002 2 = 3490
ffff8e67c4a97840 3941067815 C Co:2:006:0 0 2 >
ffff8e67c4a97840 3941067856 S Co:2:006:0 s 40 b9 0000 0000 0004 4 = 09009802
ffff8e67c4a97840 3941070581 C Co:2:006:0 0 4 >
ffff8e67c4a97840 3941070622 S Ii:2:006:3 -115:1 3 <
ffff8e67c4a97840 3941071855 C Ii:2:006:3 0:1 3 = 100000
ffff8e67c4a97840 3941071895 S Ci:2:006:0 s c0 bc 0800 0016 0002 2 <
ffff8e67c4a97840 3941074703 C Ci:2:006:0 0 2 = 0900
ffff8e67c4a97840 3941074765 S Ci:2:006:0 s c0 bc 0900 001c 0002 2 <
ffff8e67c4a97840 3941077442 C Ci:2:006:0 0 2 = 2e6f
ffff8e67c4a97840 3941077478 S Ci:2:006:0 s c0 bc 0800 23be 0002 2 <
ffff8e67c4a97840 3941080227 C Ci:2:006:0 0 2 = 0000
ffff8e67c4a97840 3941080269 S Co:2:006:0 s 40 bc 0900 0014 0002 2 = d39e
ffff8e67c4a97840 3941082956 C Co:2:006:0 0 2 >
ffff8e67c4a97840 3941083000 S Ci:2:006:0 s c0 bc 0900 001c 0002 2 <
ffff8e67c4a97840 3941085725 C Ci:2:006:0 0 2 = 2e6f
ffff8e67c4a97840 3941085766 S Co:2:006:0 s 40 bc 0800 00c0 0002 2 = 3588
ffff8e67c4a97840 3941088441 C Co:2:006:0 0 2 >
ffff8e67c4a97840 3941088483 S Co:2:006:0 s 40 b9 0000 0000 0004 4 = 09009802
ffff8e67c4a97840 3941091201 C Co:2:006:0 0 4 >
ffff8e67c4a97840 3941091243 S Ii:2:006:3 -115:1 3 <
ffff8e67c4a97840 3941092539 C Ii:2:006:3 0:1 3 = 100000
ffff8e67c4a97840 3941092580 S Ci:2:006:0 s c0 bc 0800 0016 0002 2 <
ffff8e67c4a97840 3941095188 C Ci:2:006:0 0 2 = 0900
ffff8e67c4a97840 3941095231 S Ci:2:006:0 s c0 bc 0900 001c 0002 2 <
ffff8e67c4a97840 3941097856 C Ci:2:006:0 0 2 = 2e6f
ffff8e67c4a97840 3941097894 S Ci:2:006:0 s c0 bc 0800 23be 0002 2 <
ffff8e67c4a97840 3941100530 C Ci:2:006:0 0 2 = 0000
ffff8e67c4a97840 3941100572 S Co:2:006:0 s 40 bc 0900 0014 0002 2 = d39e
ffff8e67c4a97840 3941103232 C Co:2:006:0 0 2 >
ffff8e67c4a97840 3941103273 S Ci:2:006:0 s c0 bc 0900 001c 0002 2 <
ffff8e67c4a97840 3941106118 C Ci:2:006:0 0 2 = 2e6f
ffff8e67c4a97840 3941106160 S Co:2:006:0 s 40 bc 0800 00c0 0002 2 = 0f88
ffff8e67c4a97840 3941108800 C Co:2:006:0 0 2 >
ffff8e67c4a97840 3941108843 S Co:2:006:0 s 40 b9 0000 0000 0004 4 = 09009802
ffff8e67c4a97840 3941111558 C Co:2:006:0 0 4 >
ffff8e67c4a97840 3941111600 S Ii:2:006:3 -115:1 3 <
ffff8e67c4a97840 3941112919 C Ii:2:006:3 0:1 3 = 100000
ffff8e67c4a97840 3941112958 S Ci:2:006:0 s c0 bc 0800 0016 0002 2 <
ffff8e67c4a97840 3941115694 C Ci:2:006:0 0 2 = 0900
ffff8e67c4a97840 3941115737 S Ci:2:006:0 s c0 bc 0900 001c 0002 2 <
ffff8e67c4a97840 3941118437 C Ci:2:006:0 0 2 = 2e6f
ffff8e67c4a97840 3941118472 S Ci:2:006:0 s c0 bc 0800 23be 0002 2 <
ffff8e67c4a97840 3941121195 C Ci:2:006:0 0 2 = 0000
ffff8e67c4a97840 3941121287 S Co:2:006:0 s 40 bc 0900 0014 0002 2 = d39e
ffff8e67c4a97840 3941123949 C Co:2:006:0 0 2 >
ffff8e67c4a97840 3941123994 S Ci:2:006:0 s c0 bc 0900 001c 0002 2 <
ffff8e67c4a97840 3941126690 C Ci:2:006:0 0 2 = 2e6f
ffff8e67c4a97840 3941126734 S Co:2:006:0 s 40 bc 0800 00c0 0002 2 = c588
ffff8e67c4a97840 3941129438 C Co:2:006:0 0 2 >
ffff8e67c4a97840 3941129480 S Co:2:006:0 s 40 b9 0000 0000 0004 4 = 09009802
ffff8e67c4a97840 3941132199 C Co:2:006:0 0 4 >
ffff8e67c4a97840 3941132241 S Ii:2:006:3 -115:1 3 <
ffff8e67c4a97840 3941133534 C Ii:2:006:3 0:1 3 = 100000
ffff8e67c4a97840 3941133575 S Ci:2:006:0 s c0 bc 0800 0016 0002 2 <
ffff8e67c4a97840 3941136306 C Ci:2:006:0 0 2 = 0900
ffff8e67c4a97840 3941136361 S Ci:2:006:0 s c0 bc 0900 001c 0002 2 <
ffff8e67c4a97840 3941139185 C Ci:2:006:0 0 2 = 2e6f
ffff8e67c4a97840 3941139221 S Ci:2:006:0 s c0 bc 0800 23be 0002 2 <
ffff8e67c4a97840 3941141921 C Ci:2:006:0 0 2 = 0000
ffff8e67c4a97840 3941141961 S Co:2:006:0 s 40 bc 0900 0014 0002 2 = d39e
ffff8e67c4a97840 3941144707 C Co:2:006:0 0 2 >
ffff8e67c4a97840 3941144751 S Ci:2:006:0 s c0 bc 0900 001c 0002 2 <
ffff8e67c4a97840 3941147437 C Ci:2:006:0 0 2 = 2e6f
ffff8e67c4a97840 3941147474 S Co:2:006:0 s 40 bc 0800 00c0 0004 4 = 9989a300
ffff8e67c4a97840 3941150217 C Co:2:006:0 0 4 >
ffff8e67c4a97840 3941150260 S Co:2:006:0 s 40 b9 0000 0000 0004 4 = 09006603
ffff8e67c4a97840 3941152916 C Co:2:006:0 0 4 >
ffff8e67c4a97840 3941152957 S Ii:2:006:3 -115:1 3 <
ffff8e67c4a97840 3941154301 C Ii:2:006:3 0:1 3 = 100000
ffff8e67c4a97840 3941154352 S Ci:2:006:0 s c0 bc 0800 0016 0002 2 <
ffff8e67c4a97840 3941157091 C Ci:2:006:0 0 2 = 0900
ffff8e67c4a97840 3941157135 S Ci:2:006:0 s c0 bc 0900 001c 0002 2 <
ffff8e67c4a97840 3941159815 C Ci:2:006:0 0 2 = 2e6f
ffff8e67c4a97840 3941159848 S Ci:2:006:0 s c0 bc 0800 23be 0002 2 <
ffff8e67c4a97840 3941162575 C Ci:2:006:0 0 2 = 0000
ffff8e67c4a97840 3941162618 S Co:2:006:0 s 40 bc 0900 0014 0002 2 = d39e
ffff8e67c4a97840 3941165298 C Co:2:006:0 0 2 >
ffff8e67c4a97840 3941165354 S Ci:2:006:0 s c0 bc 0900 001c 0002 2 <
ffff8e67c4a97840 3941168065 C Ci:2:006:0 0 2 = 2e6f
ffff8e67c4a97840 3941168109 S Co:2:006:0 s 40 b9 0000 0000 0004 4 = 09016601
ffff8e67c4a97840 3941170767 C Co:2:006:0 0 4 >
ffff8e67c4a97840 3941170808 S Ii:2:006:3 -115:1 3 <
ffff8e67c4a97840 3941172137 C Ii:2:006:3 0:1 3 = 100000
ffff8e67c4a97840 3941172180 S Ci:2:006:0 s c0 bc 0800 0016 0002 2 <
ffff8e67c4a97840 3941174931 C Ci:2:006:0 0 2 = 0900
ffff8e67c4a97840 3941174975 S Ci:2:006:0 s c0 bc 0900 001c 0002 2 <
ffff8e67c4a97840 3941177751 C Ci:2:006:0 0 2 = 2e6f
ffff8e67c4a97840 3941177790 S Ci:2:006:0 s c0 bc 0800 23be 0004 4 <
ffff8e67c4a97840 3941180434 C Ci:2:006:0 0 4 = 00007fd9
ffff8e67c4a97840 3941180478 S Co:2:006:0 s 40 bc 0800 00c0 0002 2 = 589d
ffff8e67c4a97840 3941183199 C Co:2:006:0 0 2 >
ffff8e67c4a97840 3941183243 S Co:2:006:0 s 40 b9 0000 0000 0004 4 = 09009802
ffff8e67c4a97840 3941185958 C Co:2:006:0 0 4 >
ffff8e67c4a97840 3941185998 S Ii:2:006:3 -115:1 3 <
ffff8e67c4a97840 3941187277 C Ii:2:006:3 0:1 3 = 100000
ffff8e67c4a97840 3941187318 S Ci:2:006:0 s c0 bc 0800 0016 0002 2 <
ffff8e67c4a97840 3941190086 C Ci:2:006:0 0 2 = 0900
ffff8e67c4a97840 3941190130 S Ci:2:006:0 s c0 bc 0900 001c 0002 2 <
ffff8e67c4a97840 3941192835 C Ci:2:006:0 0 2 = 2e6f
ffff8e67c4a97840 3941192875 S Ci:2:006:0 s c0 bc 0800 23be 0002 2 <
ffff8e67c4a97840 3941195580 C Ci:2:006:0 0 2 = 0000
ffff8e67c4a97840 3941195623 S Co:2:006:0 s 40 bc 0900 0014 0002 2 = d39e
ffff8e67c4a97840 3941198264 C Co:2:006:0 0 2 >
ffff8e67c4a97840 3941198361 S Ci:2:006:0 s c0 bc 0900 001c 0002 2 <
ffff8e67c4a97840 3941201089 C Ci:2:006:0 0 2 = 2e6f
ffff8e67c4a97840 3941201134 S Co:2:006:0 s 40 bc 0800 00c0 0002 2 = 0f88
ffff8e67c4a97840 3941203810 C Co:2:006:0 0 2 >
ffff8e67c4a97840 3941203852 S Co:2:006:0 s 40 b9 0000 0000 0004 4 = 09009802
ffff8e67c4a97840 3941206552 C Co:2:006:0 0 4 >
ffff8e67c4a97840 3941206594 S Ii:2:006:3 -115:1 3 <
ffff8e67c4a97840 3941207895 C Ii:2:006:3 0:1 3 = 100000
ffff8e67c4a97840 3941207936 S Ci:2:006:0 s c0 bc 0800 0016 0002 2 <
ffff8e67c4a97840 3941210696 C Ci:2:006:0 0 2 = 0900
ffff8e67c4a97840 3941210739 S Ci:2:006:0 s c0 bc 0900 001c 0002 2 <
ffff8e67c4a97840 3941213436 C Ci:2:006:0 0 2 = 2e6f
ffff8e67c4a97840 3941213472 S Ci:2:006:0 s c0 bc 0800 23be 0002 2 <
ffff8e67c4a97840 3941216154 C Ci:2:006:0 0 2 = 0000
ffff8e67c4a97840 3941216242 S Co:2:006:0 s 40 bc 0900 0014 0002 2 = d39e
ffff8e67c4a97840 3941218915 C Co:2:006:0 0 2 >
ffff8e67c4a97840 3941218959 S Ci:2:006:0 s c0 bc 0900 001c 0002 2 <
ffff8e67c4a97840 3941221692 C Ci:2:006:0 0 2 = 2e6f
ffff8e67c4a97840 3941221736 S Co:2:006:0 s 40 bc 0800 00c0 0004 4 = 9989ff00
ffff8e67c4a97840 3941224423 C Co:2:006:0 0 4 >
ffff8e67c4a97840 3941224466 S Co:2:006:0 s 40 b9 0000 0000 0004 4 = 09006603
ffff8e67c4a97840 3941227075 C Co:2:006:0 0 4 >
ffff8e67c4a97840 3941227117 S Ii:2:006:3 -115:1 3 <
ffff8e67c4a97840 3941228433 C Ii:2:006:3 0:1 3 = 100000
ffff8e67c4a97840 3941228475 S Ci:2:006:0 s c0 bc 0800 0016 0002 2 <
ffff8e67c4a97840 3941231177 C Ci:2:006:0 0 2 = 0900
ffff8e67c4a97840 3941231221 S Ci:2:006:0 s c0 bc 0900 001c 0002 2 <
ffff8e67c4a97840 3941233937 C Ci:2:006:0 0 2 = 2e6f
ffff8e67c4a97840 3941233981 S Ci:2:006:0 s c0 bc 0800 23be 0002 2 <
ffff8e67c4a97840 3941236671 C Ci:2:006:0 0 2 = 0000
ffff8e67c4a97840 3941236714 S Co:2:006:0 s 40 bc 0900 0014 0002 2 = d39e
ffff8e67c4a97840 3941239436 C Co:2:006:0 0 2 >
ffff8e67c4a97840 3941239480 S Ci:2:006:0 s c0 bc 0900 001c 0002 2 <
ffff8e67c4a97840 3941242245 C Ci:2:006:0 0 2 = 2e6f
ffff8e67c4a97840 3941242290 S Co:2:006:0 s 40 b9 0000 0000 0004 4 = 09016601
ffff8e67c4a97840 3941244991 C Co:2:006:0 0 4 >
ffff8e67c4a97840 3941245031 S Ii:2:006:3 -115:1 3 <
ffff8e67c4a97840 3941246343 C Ii:2:006:3 0:1 3 = 100000
ffff8e67c4a97840 3941246385 S Ci:2:006:0 s c0 bc 0800 0016 0002 2 <
ffff8e67c4a97840 3941249141 C Ci:2:006:0 0 2 = 0900
ffff8e67c4a97840 3941249172 S Ci:2:006:0 s c0 bc 0900 001c 0002 2 <
ffff8e67c4a97840 3941251956 C Ci:2:006:0 0 2 = 2e6f
ffff8e67c4a97840 3941251999 S Ci:2:006:0 s c0 bc 0800 23be 0004 4 <
ffff8e67c4a97840 3941254731 C Ci:2:006:0 0 4 = 00006bd9
ffff8e67c4a97840 3941254791 S Co:2:006:0 s 40 bc 0800 00c0 0002 2 = 048d
ffff8e67c4a97840 3941257420 C Co:2:006:0 0 2 >
ffff8e67c4a97840 3941257463 S Co:2:006:0 s 40 b9 0000 0000 0004 4 = 09009802
ffff8e67c4a97840 3941260179 C Co:2:006:0 0 4 >
ffff8e67c4a97840 3941260263 S Ii:2:006:3 -115:1 3 <
ffff8e67c4a97840 3941261526 C Ii:2:006:3 0:1 3 = 100000
ffff8e67c4a97840 3941261569 S Ci:2:006:0 s c0 bc 0800 0016 0002 2 <
ffff8e67c4a97840 3941264164 C Ci:2:006:0 0 2 = 0900
ffff8e67c4a97840 3941264207 S Ci:2:006:0 s c0 bc 0900 001c 0002 2 <
ffff8e67c4a97840 3941266963 C Ci:2:006:0 0 2 = 2e6f
ffff8e67c4a97840 3941267006 S Ci:2:006:0 s c0 bc 0800 23be 0002 2 <
ffff8e67c4a97840 3941269712 C Ci:2:006:0 0 2 = 0000
ffff8e67c4a97840 3941269755 S Co:2:006:0 s 40 bc 0900 0014 0002 2 = d39e
ffff8e67c4a97840 3941272444 C Co:2:006:0 0 2 >
ffff8e67c4a97840 3941272483 S Ci:2:006:0 s c0 bc 0900 001c 0002 2 <
ffff8e67c4a97840 3941275055 C Ci:2:006:0 0 2 = 2e6f
ffff8e67c4a97840 3941275101 S Co:2:006:0 s 40 bc 0800 00c0 0002 2 = e26c
ffff8e67c4a97840 3941277794 C Co:2:006:0 0 2 >
ffff8e67c4a97840 3941277840 S Co:2:006:0 s 40 b9 0000 0000 0004 4 = 09009802
ffff8e67c4a97840 3941280501 C Co:2:006:0 0 4 >
ffff8e67c4a97840 3941280530 S Ii:2:006:3 -115:1 3 <
ffff8e67c4a97840 3941281902 C Ii:2:006:3 0:1 3 = 100000
ffff8e67c4a97840 3941281943 S Ci:2:006:0 s c0 bc 0800 0016 0002 2 <
ffff8e67c4a97840 3941284704 C Ci:2:006:0 0 2 = 0900
ffff8e67c4a97840 3941284747 S Ci:2:006:0 s c0 bc 0900 001c 0002 2 <
ffff8e67c4a97840 3941287423 C Ci:2:006:0 0 2 = 2e6f
ffff8e67c4a97840 3941287459 S Ci:2:006:0 s c0 bc 0800 23be 0002 2 <
ffff8e67c4a97840 3941290026 C Ci:2:006:0 0 2 = 0000
ffff8e67c4a97840 3941290063 S Co:2:006:0 s 40 bc 0900 0014 0002 2 = d39e
ffff8e67c4a97840 3941292776 C Co:2:006:0 0 2 >
ffff8e67c4a97840 3941292819 S Ci:2:006:0 s c0 bc 0900 001c 0002 2 <
ffff8e67c4a97840 3941295439 C Ci:2:006:0 0 2 = 2e6f
ffff8e67c4a97840 3941295483 S Co:2:006:0 s 40 bc 0800 00c0 0002 2 = e388
ffff8e67c4a97840 3941298162 C Co:2:006:0 0 2 >
ffff8e67c4a97840 3941298196 S Co:2:006:0 s 40 b9 0000 0000 0004 4 = 09009802
ffff8e67c4a97840 3941300966 C Co:2:006:0 0 4 >
ffff8e67c4a97840 3941301009 S Ii:2:006:3 -115:1 3 <
ffff8e67c4a97840 3941302276 C Ii:2:006:3 0:1 3 = 100000
ffff8e67c4a97840 3941302330 S Ci:2:006:0 s c0 bc 0800 0016 0002 2 <
ffff8e67c4a97840 3941305085 C Ci:2:006:0 0 2 = 0900
ffff8e67c4a97840 3941305129 S Ci:2:006:0 s c0 bc 0900 001c 0002 2 <
ffff8e67c4a97840 3941307812 C Ci:2:006:0 0 2 = 2e6f
ffff8e67c4a97840 3941307856 S Ci:2:006:0 s c0 bc 0800 23be 0002 2 <
ffff8e67c4a97840 3941310601 C Ci:2:006:0 0 2 = 0000
ffff8e67c4a97840 3941310637 S Co:2:006:0 s 40 bc 0900 0014 0002 2 = d39e
ffff8e67c4a97840 3941313285 C Co:2:006:0 0 2 >
ffff8e67c4a97840 3941313344 S Ci:2:006:0 s c0 bc 0900 001c 0002 2 <
ffff8e67c4a97840 3941316080 C Ci:2:006:0 0 2 = 2e6f
ffff8e67c4a97840 3941316124 S Co:2:006:0 s 40 bc 0800 00c0 0002 2 = e480
ffff8e67c4a97840 3941318794 C Co:2:006:0 0 2 >
ffff8e67c4a97840 3941318837 S Co:2:006:0 s 40 b9 0000 0000 0004 4 = 09009802
ffff8e67c4a97840 3941321539 C Co:2:006:0 0 4 >
ffff8e67c4a97840 3941321581 S Ii:2:006:3 -115:1 3 <
ffff8e67c4a97840 3941322886 C Ii:2:006:3 0:1 3 = 100000
ffff8e67c4a97840 3941322928 S Ci:2:006:0 s c0 bc 0800 0016 0002 2 <
ffff8e67c4a97840 3941325674 C Ci:2:006:0 0 2 = 0900
ffff8e67c4a97840 3941325720 S Ci:2:006:0 s c0 bc 0900 001c 0002 2 <
ffff8e67c4a97840 3941328418 C Ci:2:006:0 0 2 = 2e6f
ffff8e67c4a97840 3941328454 S Ci:2:006:0 s c0 bc 0800 23be 0002 2 <
ffff8e67c4a97840 3941331216 C Ci:2:006:0 0 2 = 0000
ffff8e67c4a97840 3941331255 S Co:2:006:0 s 40 bc 0900 0014 0002 2 = d39e
ffff8e67c4a97840 3941334058 C Co:2:006:0 0 2 >
ffff8e67c4a97840 3941334102 S Ci:2:006:0 s c0 bc 0900 001c 0002 2 <
ffff8e67c4a97840 3941336796 C Ci:2:006:0 0 2 = 2e6f
ffff8e67c4a97840 3941336840 S Co:2:006:0 s 40 bc 0800 00c0 0002 2 = e049
ffff8e67c4a97840 3941339544 C Co:2:006:0 0 2 >
ffff8e67c4a97840 3941339586 S Co:2:006:0 s 40 b9 0000 0000 0004 4 = 09009802
ffff8e67c4a97840 3941342287 C Co:2:006:0 0 4 >
ffff8e67c4a97840 3941342342 S Ii:2:006:3 -115:1 3 <
ffff8e67c4a97840 3941343636 C Ii:2:006:3 0:1 3 = 100000
ffff8e67c4a97840 3941343677 S Ci:2:006:0 s c0 bc 0800 0016 0002 2 <
ffff8e67c4a97840 3941346431 C Ci:2:006:0 0 2 = 0900
ffff8e67c4a97840 3941346475 S Ci:2:006:0 s c0 bc 0900 001c 0002 2 <
ffff8e67c4a97840 3941349170 C Ci:2:006:0 0 2 = 2e6f
ffff8e67c4a97840 3941349206 S Ci:2:006:0 s c0 bc 0800 23be 0002 2 <
ffff8e67c4a97840 3941351969 C Ci:2:006:0 0 2 = 0000
ffff8e67c4a97840 3941352013 S Co:2:006:0 s 40 bc 0900 0014 0002 2 = d39e
ffff8e67c4a97840 3941354691 C Co:2:006:0 0 2 >
ffff8e67c4a97840 3941354734 S Ci:2:006:0 s c0 bc 0900 001c 0002 2 <
ffff8e67c4a97840 3941357422 C Ci:2:006:0 0 2 = 2e6f
ffff8e67c4a97840 3941357466 S Co:2:006:0 s 40 bc 0800 00c0 0002 2 = e189
ffff8e67c4a97840 3941360203 C Co:2:006:0 0 2 >
ffff8e67c4a97840 3941360238 S Co:2:006:0 s 40 b9 0000 0000 0004 4 = 09009802
ffff8e67c4a97840 3941362937 C Co:2:006:0 0 4 >
ffff8e67c4a97840 3941362980 S Ii:2:006:3 -115:1 3 <
ffff8e67c4a97840 3941364262 C Ii:2:006:3 0:1 3 = 100000
ffff8e67c4a97840 3941364304 S Ci:2:006:0 s c0 bc 0800 0016 0002 2 <
ffff8e67c4a97840 3941367083 C Ci:2:006:0 0 2 = 0900
ffff8e67c4a97840 3941367126 S Ci:2:006:0 s c0 bc 0900 001c 0002 2 <
ffff8e67c4a97840 3941369801 C Ci:2:006:0 0 2 = 2e6f
ffff8e67c4a97840 3941369844 S Ci:2:006:0 s c0 bc 0800 23be 0002 2 <
ffff8e67c4a97840 3941372516 C Ci:2:006:0 0 2 = 0000
ffff8e67c4a97840 3941372559 S Co:2:006:0 s 40 bc 0900 0014 0002 2 = d39e
ffff8e67c4a97840 3941375252 C Co:2:006:0 0 2 >
ffff8e67c4a97840 3941375285 S Ci:2:006:0 s c0 bc 0900 001c 0002 2 <
ffff8e67c4a97840 3941378085 C Ci:2:006:0 0 2 = 2e6f
ffff8e67c4a97840 3941378131 S Co:2:006:0 s 40 bc 0800 00c0 0002 2 = 0f89
ffff8e67c4a97840 3941380829 C Co:2:006:0 0 2 >
ffff8e67c4a97840 3941380871 S Co:2:006:0 s 40 b9 0000 0000 0004 4 = 09009802
ffff8e67c4a97840 3941383533 C Co:2:006:0 0 4 >
ffff8e67c4a97840 3941383575 S Ii:2:006:3 -115:1 3 <
ffff8e67c4a97840 3941384882 C Ii:2:006:3 0:1 3 = 100000
ffff8e67c4a97840 3941384924 S Ci:2:006:0 s c0 bc 0800 0016 0002 2 <
ffff8e67c4a97840 3941387682 C Ci:2:006:0 0 2 = 0900
ffff8e67c4a97840 3941387726 S Ci:2:006:0 s c0 bc 0900 001c 0002 2 <
ffff8e67c4a97840 3941390551 C Ci:2:006:0 0 2 = 2e6f
ffff8e67c4a97840 3941390587 S Ci:2:006:0 s c0 bc 0800 23be 0002 2 <
ffff8e67c4a97840 3941393293 C Ci:2:006:0 0 2 = 0000
ffff8e67c4a97840 3941393351 S Co:2:006:0 s 40 bc 0900 0014 0002 2 = d39e
ffff8e67c4a97840 3941396065 C Co:2:006:0 0 2 >
ffff8e67c4a97840 3941396108 S Ci:2:006:0 s c0 bc 0900 001c 0002 2 <
ffff8e67c4a97840 3941398794 C Ci:2:006:0 0 2 = 2e6f
ffff8e67c4a97840 3941398838 S Co:2:006:0 s 40 bc 0800 00c0 0002 2 = 9188
ffff8e67c4a97840 3941401539 C Co:2:006:0 0 2 >
ffff8e67c4a97840 3941401582 S Co:2:006:0 s 40 b9 0000 0000 0004 4 = 09009802
ffff8e67c4a97840 3941404262 C Co:2:006:0 0 4 >
ffff8e67c4a97840 3941404304 S Ii:2:006:3 -115:1 3 <
ffff8e67c4a97840 3941405626 C Ii:2:006:3 0:1 3 = 100000
ffff8e67c4a97840 3941405667 S Ci:2:006:0 s c0 bc 0800 0016 0002 2 <
ffff8e67c4a97840 3941408396 C Ci:2:006:0 0 2 = 0900
ffff8e67c4a97840 3941408474 S Ci:2:006:0 s c0 bc 0900 001c 0002 2 <
ffff8e67c4a97840 3941410996 C Ci:2:006:0 0 2 = 2e6f
ffff8e67c4a97840 3941411034 S Ci:2:006:0 s c0 bc 0800 23be 0002 2 <
ffff8e67c4a97840 3941413624 C Ci:2:006:0 0 2 = 0000
ffff8e67c4a97840 3941413658 S Co:2:006:0 s 40 bc 0900 0014 0002 2 = d39e
ffff8e67c4a97840 3941416238 C Co:2:006:0 0 2 >
ffff8e67c4a97840 3941416281 S Ci:2:006:0 s c0 bc 0900 001c 0002 2 <
ffff8e67c4a97840 3941418911 C Ci:2:006:0 0 2 = 2e6f
ffff8e67c4a97840 3941418955 S Co:2:006:0 s 40 bc 0800 00c0 0002 2 = 9288
ffff8e67c4a97840 3941421614 C Co:2:006:0 0 2 >
ffff8e67c4a97840 3941421656 S Co:2:006:0 s 40 b9 0000 0000 0004 4 = 09009802
ffff8e67c4a97840 3941424241 C Co:2:006:0 0 4 >
ffff8e67c4a97840 3941424283 S Ii:2:006:3 -115:1 3 <
ffff8e67c4a97840 3941425547 C Ii:2:006:3 0:1 3 = 100000
ffff8e67c4a97840 3941425579 S Ci:2:006:0 s c0 bc 0800 0016 0002 2 <
ffff8e67c4a97840 3941428376 C Ci:2:006:0 0 2 = 0900
ffff8e67c4a97840 3941428422 S Ci:2:006:0 s c0 bc 0900 001c 0002 2 <
ffff8e67c4a97840 3941430976 C Ci:2:006:0 0 2 = 2e6f
ffff8e67c4a97840 3941431019 S Ci:2:006:0 s c0 bc 0800 23be 0002 2 <
ffff8e67c4a97840 3941433706 C Ci:2:006:0 0 2 = 0000
ffff8e67c4a97840 3941433747 S Co:2:006:0 s 40 bc 0900 0014 0002 2 = d39e
ffff8e67c4a97840 3941436453 C Co:2:006:0 0 2 >
ffff8e67c4a97840 3941436494 S Ci:2:006:0 s c0 bc 0900 001c 0002 2 <
ffff8e67c4a97840 3941439082 C Ci:2:006:0 0 2 = 2e6f
ffff8e67c4a97840 3941439125 S Co:2:006:0 s 40 bc 0800 00c0 0002 2 = 9389
ffff8e67c4a97840 3941441695 C Co:2:006:0 0 2 >
ffff8e67c4a97840 3941441736 S Co:2:006:0 s 40 b9 0000 0000 0004 4 = 09009802
ffff8e67c4a97840 3941444334 C Co:2:006:0 0 4 >
ffff8e67c4a97840 3941444374 S Ii:2:006:3 -115:1 3 <
ffff8e67c4a97840 3941445707 C Ii:2:006:3 0:1 3 = 100000
ffff8e67c4a97840 3941445748 S Ci:2:006:0 s c0 bc 0800 0016 0002 2 <
ffff8e67c4a97840 3941448464 C Ci:2:006:0 0 2 = 0900
ffff8e67c4a97840 3941448505 S Ci:2:006:0 s c0 bc 0900 001c 0002 2 <
ffff8e67c4a97840 3941451188 C Ci:2:006:0 0 2 = 2e6f
ffff8e67c4a97840 3941451230 S Ci:2:006:0 s c0 bc 0800 23be 0002 2 <
ffff8e67c4a97840 3941453977 C Ci:2:006:0 0 2 = 0000
ffff8e67c4a97840 3941454020 S Co:2:006:0 s 40 bc 0900 0014 0002 2 = d39e
ffff8e67c4a97840 3941456774 C Co:2:006:0 0 2 >
ffff8e67c4a97840 3941456828 S Ci:2:006:0 s c0 bc 0900 001c 0002 2 <
ffff8e67c4a97840 3941459465 C Ci:2:006:0 0 2 = 2e6f
ffff8e67c4a97840 3941459520 S Co:2:006:0 s 40 bc 0800 00c0 0002 2 = 94a9
ffff8e67c4a97840 3941462023 C Co:2:006:0 0 2 >
ffff8e67c4a97840 3941462079 S Co:2:006:0 s 40 b9 0000 0000 0004 4 = 09009802
ffff8e67c4a97840 3941464730 C Co:2:006:0 0 4 >
ffff8e67c4a97840 3941464770 S Ii:2:006:3 -115:1 3 <
ffff8e67c4a97840 3941466086 C Ii:2:006:3 0:1 3 = 100000
ffff8e67c4a97840 3941466141 S Ci:2:006:0 s c0 bc 0800 0016 0002 2 <
ffff8e67c4a97840 3941468741 C Ci:2:006:0 0 2 = 0900
ffff8e67c4a97840 3941468796 S Ci:2:006:0 s c0 bc 0900 001c 0002 2 <
ffff8e67c4a97840 3941471474 C Ci:2:006:0 0 2 = 2e6f
ffff8e67c4a97840 3941471531 S Ci:2:006:0 s c0 bc 0800 23be 0002 2 <
ffff8e67c4a97840 3941474161 C Ci:2:006:0 0 2 = 0000
ffff8e67c4a97840 3941474218 S Co:2:006:0 s 40 bc 0900 0014 0002 2 = d39e
ffff8e67c4a97840 3941476858 C Co:2:006:0 0 2 >
ffff8e67c4a97840 3941476904 S Ci:2:006:0 s c0 bc 0900 001c 0002 2 <
ffff8e67c4a97840 3941479493 C Ci:2:006:0 0 2 = 2e6f
ffff8e67c4a97840 3941479547 S Co:2:006:0 s 40 bc 0800 00c0 0002 2 = 95cb
ffff8e67c4a97840 3941482040 C Co:2:006:0 0 2 >
ffff8e67c4a97840 3941482157 S Co:2:006:0 s 40 b9 0000 0000 0004 4 = 09009802
ffff8e67c4a97840 3941484724 C Co:2:006:0 0 4 >
ffff8e67c4a97840 3941484764 S Ii:2:006:3 -115:1 3 <

guvcview hangs
