ff5@ff5-VirtualBox:~/elgato-gchd/drivers/elgato_gchd$ sudo head -30000 /tmp/gchd-usbmon.txt
ffff8e67c4a97600 2910205301 S Ci:2:001:0 s a3 00 0000 0001 0004 4 <
ffff8e67c4a97600 2910205351 C Ci:2:001:0 0 4 = 01050100
ffff8e67c4a97600 2910205359 S Co:2:001:0 s 23 01 0010 0001 0000 0
ffff8e67c4a97600 2910205411 C Co:2:001:0 0 0
ffff8e67c4a97600 2910205417 S Ci:2:001:0 s a3 00 0000 0002 0004 4 <
ffff8e67c4a97600 2910205431 C Ci:2:001:0 0 4 = 00010000
ffff8e67c4a97600 2910205436 S Ci:2:001:0 s a3 00 0000 0003 0004 4 <
ffff8e67c4a97600 2910205449 C Ci:2:001:0 0 4 = 00010000
ffff8e67c4a97600 2910205453 S Ci:2:001:0 s a3 00 0000 0004 0004 4 <
ffff8e67c4a97600 2910205467 C Ci:2:001:0 0 4 = 00010000
ffff8e67c4a97600 2910205470 S Ci:2:001:0 s a3 00 0000 0005 0004 4 <
ffff8e67c4a97600 2910205484 C Ci:2:001:0 0 4 = 00010000
ffff8e67c4a97600 2910205504 S Ci:2:001:0 s a3 00 0000 0006 0004 4 <
ffff8e67c4a97600 2910205519 C Ci:2:001:0 0 4 = 00010000
ffff8e67c4a97600 2910205524 S Ci:2:001:0 s a3 00 0000 0007 0004 4 <
ffff8e67c4a97600 2910205537 C Ci:2:001:0 0 4 = 00010000
ffff8e67c4a97600 2910205541 S Ci:2:001:0 s a3 00 0000 0008 0004 4 <
ffff8e67c4a97600 2910205554 C Ci:2:001:0 0 4 = 00010000
ffff8e67c4a97600 2910205558 S Ci:2:001:0 s a3 00 0000 0009 0004 4 <
ffff8e67c4a97600 2910205571 C Ci:2:001:0 0 4 = 00010000
ffff8e67c4a97600 2910205575 S Ci:2:001:0 s a3 00 0000 000a 0004 4 <
ffff8e67c4a97600 2910205589 C Ci:2:001:0 0 4 = 00010000
ffff8e67c4a97600 2910205592 S Ci:2:001:0 s a3 00 0000 000b 0004 4 <
ffff8e67c4a97600 2910205606 C Ci:2:001:0 0 4 = 00010000
ffff8e67c4a97600 2910205610 S Ci:2:001:0 s a3 00 0000 000c 0004 4 <
ffff8e67c4a97600 2910205623 C Ci:2:001:0 0 4 = 00010000
ffff8e67ca406180 2910316336 S Ii:2:001:1 -115:2048 4 <
ffff8e67c4a97600 2910316359 S Ci:2:001:0 s a3 00 0000 0001 0004 4 <
ffff8e67c4a97600 2910316383 C Ci:2:001:0 0 4 = 01050000
ffff8e67c4a97600 2910316402 S Co:2:001:0 s 23 03 0004 0001 0000 0
ffff8e67ca406180 2910588209 C Ii:2:001:1 0:2048 2 = 0200
ffff8e67ca406180 2910588230 S Ii:2:001:1 -115:2048 4 <
ffff8e67c4a97600 2910588253 C Co:2:001:0 0 0
ffff8e67c4a97600 2910655717 S Ci:2:001:0 s a3 00 0000 0001 0004 4 <
ffff8e67c4a97600 2910655790 C Ci:2:001:0 0 4 = 03051000
ffff8e67c4a97600 2910655799 S Co:2:001:0 s 23 01 0014 0001 0000 0
ffff8e67c4a97600 2910655819 C Co:2:001:0 0 0
ffff8e67c4a97600 2910715022 S Ci:2:000:0 s 80 06 0100 0000 0040 64 <
ffff8e67c4a97600 2910716091 C Ci:2:000:0 0 18 = 12010002 00000040 d90f5d00 00020102 0301
ffff8e67c4a97600 2910716123 S Co:2:001:0 s 23 03 0004 0001 0000 0
ffff8e67c4a97600 2910986330 C Co:2:001:0 0 0
ffff8e67c4a97600 2911048243 S Ci:2:001:0 s a3 00 0000 0001 0004 4 <
ffff8e67c4a97600 2911048315 C Ci:2:001:0 0 4 = 03051000
ffff8e67c4a97600 2911048324 S Co:2:001:0 s 23 01 0014 0001 0000 0
ffff8e67c4a97600 2911048345 C Co:2:001:0 0 0
ffff8e67c4a97600 2911100174 S Co:2:000:0 s 00 05 0005 0000 0000 0
ffff8e67c4a97600 2911101538 C Co:2:000:0 0 0
ffff8e67c4a97600 2911115154 S Ci:2:005:0 s 80 06 0100 0000 0012 18 <
ffff8e67c4a97600 2911117451 C Ci:2:005:0 0 18 = 12010002 00000040 d90f5d00 00020102 0301
ffff8e67c4a97600 2911117523 S Ci:2:005:0 s 80 06 0200 0000 0009 9 <
ffff8e67c4a97600 2911120191 C Ci:2:005:0 0 9 = 09025100 01010080 64
ffff8e67c4a97600 2911120223 S Ci:2:005:0 s 80 06 0200 0000 0051 81 <
ffff8e67c4a97600 2911122884 C Ci:2:005:0 0 81 = 09025100 01010080 64090400 0009ff00 00000705 81020002 00070502 02000200
ffff8e67c4a97600 2911122926 S Ci:2:005:0 s 80 06 0300 0000 00ff 255 <
ffff8e67c4a97600 2911125494 C Ci:2:005:0 0 4 = 04030904
ffff8e67c4a97600 2911125530 S Ci:2:005:0 s 80 06 0302 0409 00ff 255 <
ffff8e67c4a97600 2911128120 C Ci:2:005:0 0 30 = 1e034700 61006d00 65004300 61007000 74007500 72006500 20004800 4400
ffff8e67c4a97600 2911128154 S Ci:2:005:0 s 80 06 0301 0409 00ff 255 <
ffff8e67c4a97600 2911130736 C Ci:2:005:0 0 14 = 0e034500 6c006700 61007400 6f00
ffff8e67c4a97600 2911130774 S Ci:2:005:0 s 80 06 0303 0409 00ff 255 <
ffff8e67c4a97600 2911133351 C Ci:2:005:0 0 22 = 16033000 34003100 30003700 46003100 32003600 3700
ffff8e67c4a97600 2911133659 S Co:2:005:0 s 00 09 0001 0000 0000 0
ffff8e67c4a97600 2911135760 C Co:2:005:0 0 0
ffff8e67c4a97600 2911136186 S Ci:2:001:0 s a3 00 0000 0001 0004 4 <
ffff8e67c4a97600 2911136215 C Ci:2:001:0 0 4 = 03050000
ffff8e67f59f0180 2913914159 S Co:2:005:0 s 00 09 0001 0000 0000 0
ffff8e67f59f0180 2913915491 C Co:2:005:0 0 0
ffff8e67f59f0180 2913915720 S Ci:2:005:0 s c0 bc 0800 0094 0004 4 <
ffff8e67f59f0180 2913918296 C Ci:2:005:0 0 4 = 56313330
ffff8e67f59f0180 2913918374 S Ci:2:005:0 s c0 bc 0800 0098 0004 4 <
ffff8e67f59f0180 2913921088 C Ci:2:005:0 0 4 = 37323330
ffff8e67f59f0180 2913921245 S Ci:2:005:0 s c0 bc 0800 0094 0004 4 <
ffff8e67f59f0180 2913923767 C Ci:2:005:0 0 4 = 56313330
ffff8e67f59f0180 2913924053 S Ci:2:005:0 s c0 bc 0800 0098 0004 4 <
ffff8e67f59f0180 2913926565 C Ci:2:005:0 0 4 = 37323330
ffff8e67f59f0180 2913926671 S Ci:2:005:0 s c0 bc 0800 009c 0004 4 <
ffff8e67f59f0180 2913929310 C Ci:2:005:0 0 4 = 301a0001
ffff8e67f59f0180 2913929457 S Co:2:005:0 s 40 bc 0900 0000 0002 2 = 0000
ffff8e67f59f0180 2913932059 C Co:2:005:0 0 2 >
ffff8e67f59f0180 2913932228 S Ci:2:005:0 s c0 bc 0900 0014 0002 2 <
ffff8e67f59f0180 2913934726 C Ci:2:005:0 0 2 = 0000
ffff8e67f59f0180 2913935055 S Ci:2:005:0 s c0 bc 0800 2008 0002 2 <
ffff8e67f59f0180 2913937459 C Ci:2:005:0 0 2 = 0000
ffff8e67f59f0180 2913937624 S Ii:2:005:3 -115:1 3 <
ffff8e67f59f0180 2913938866 C Ii:2:005:3 0:1 3 = 100000
ffff8e67f59f0180 2913939068 S Ci:2:005:0 s c0 bc 0900 0074 0002 2 <
ffff8e67f59f0180 2913941635 C Ci:2:005:0 0 2 = 0004
ffff8e67f59f0180 2913941710 S Co:2:005:0 s 40 bc 0900 0074 0002 2 = 0004
ffff8e67f59f0180 2913944415 C Co:2:005:0 0 2 >
ffff8e67f59f0180 2913944751 S Bo:2:005:2 -115 32768 = 4d423841 43303331 00000000 000000a0 00380000 00000014 00050d90 6f50864a
ffff8e67f59f0180 2913947951 C Bo:2:005:2 0 32768 >
ffff8e67f59f0180 2913948143 S Bo:2:005:2 -115 32768 = a4c4b60d a0831bcb 0d10dbf1 23542d3c d9c3d464 ee661e03 7ef351ac 9e0b249b
ffff8e67f59f0180 2913951534 C Bo:2:005:2 0 32768 >
ffff8e67f59f0180 2913951800 S Bo:2:005:2 -115 32768 = d6f93130 7af02ee1 08843930 9bb064b1 410d7546 9db04d07 fa1f7a53 43219826
ffff8e67f59f0180 2913955404 C Bo:2:005:2 0 32768 >
ffff8e67f59f0180 2913955638 S Bo:2:005:2 -115 32768 = 4a34b66f d319e97a dd318459 90e3b953 1cf95ac0 7bb617c6 c3bba2b9 bf26418e
ffff8e67f59f0180 2913959023 C Bo:2:005:2 0 32768 >
ffff8e67f59f0180 2913959193 S Bo:2:005:2 -115 32768 = b668c7ad f6b6a35e bfaabe86 fe247791 cb498167 afda8f8c 0ce0f9e3 027ecb34
ffff8e67f59f0180 2913962498 C Bo:2:005:2 0 32768 >
ffff8e67f59f0180 2913962669 S Bo:2:005:2 -115 32768 = 5c5f48db 770a616e 440d511c aaf9a22e 66ee4750 e795bf97 13c264d0 448f9b23
ffff8e67f59f0180 2913966119 C Bo:2:005:2 0 32768 >
ffff8e67f59f0180 2913966346 S Bo:2:005:2 -115 32768 = f5b265fe f36897df bf52ebdf 4e54ffb0 dd37829e fede5648 6dbb506d 950ac0bd
ffff8e67f59f0180 2913969856 C Bo:2:005:2 0 32768 >
ffff8e67f59f0180 2913973989 S Bo:2:005:2 -115 32768 = b2c78ffe 68116f49 5042726a 4bb5c560 3509afc3 fea483ac 5cdc4bb1 181e0e68
ffff8e67f59f0180 2913975533 C Bo:2:005:2 0 32768 >
ffff8e67f59f0180 2913975757 S Bo:2:005:2 -115 32768 = 87535b5e ca89500e 4ae579c9 fd8d8e0b a91bbe69 347dbd24 2451abd1 4318fd9d
ffff8e67f59f0180 2913979135 C Bo:2:005:2 0 32768 >
ffff8e67f59f0180 2913979271 S Bo:2:005:2 -115 32768 = 4e04e3d7 70d16153 dc38ece3 e5836d2b 8b4bd98b 7e83794a cbd427da 1c96a42e
ffff8e67f59f0180 2913982774 C Bo:2:005:2 0 32768 >
ffff8e67f59f0180 2913982909 S Bo:2:005:2 -115 4016 = 85ee7d42 aa686f55 5aaa8f07 9e95da15 8e4d5a3d 9169ed0c bebd7b82 4d7d6f9b
ffff8e67f59f0180 2913985306 C Bo:2:005:2 0 4016 >
ffff8e67f59f0180 2913985415 S Co:2:005:0 s 40 bc 0900 0070 0002 2 = 0004
ffff8e67f59f0180 2913987979 C Co:2:005:0 0 2 >
ffff8e67f59f0180 2913988145 S Ci:2:005:0 s c0 bc 0900 0014 0002 2 <
ffff8e67f59f0180 2914030262 C Ci:2:005:0 0 2 = d080
ffff8e67f59f0180 2914030596 S Ci:2:005:0 s c0 bc 0900 0018 0002 2 <
ffff8e67f59f0180 2914032919 C Ci:2:005:0 0 2 = 0000
ffff8e67f59f0180 2914033107 S Ci:2:005:0 s c0 bc 0000 0010 0002 2 <
ffff8e67f59f0180 2914035631 C Ci:2:005:0 0 2 = 2013
ffff8e67f59f0180 2914035825 S Ci:2:005:0 s c0 bc 0000 0012 0002 2 <
ffff8e67f59f0180 2914038466 C Ci:2:005:0 0 2 = 1210
ffff8e67f59f0180 2914038632 S Ci:2:005:0 s c0 bc 0000 0014 0002 2 <
ffff8e67f59f0180 2914041170 C Ci:2:005:0 0 2 = 1880
ffff8e67f59f0180 2914041273 S Ci:2:005:0 s c0 bc 0000 0016 0002 2 <
ffff8e67f59f0180 2914043911 C Ci:2:005:0 0 2 = 2030
ffff8e67f59f0180 2914044102 S Ci:2:005:0 s c0 bc 0000 0018 0002 2 <
ffff8e67f59f0180 2914046668 C Ci:2:005:0 0 2 = 2013
ffff8e67f59f0180 2914047003 S Ci:2:005:0 s c0 bc 0000 001a 0002 2 <
ffff8e67f59f0180 2914049392 C Ci:2:005:0 0 2 = 1210
ffff8e67f59f0180 2914049533 S Ci:2:005:0 s c0 bc 0000 001c 0002 2 <
ffff8e67f59f0180 2914052212 C Ci:2:005:0 0 2 = 1880
ffff8e67f59f0180 2914052338 S Ci:2:005:0 s c0 bc 0000 001e 0002 2 <
ffff8e67f59f0180 2914054861 C Ci:2:005:0 0 2 = 2030
ffff8e67f59f0180 2914054966 S Ci:2:005:0 s c0 bc 0800 2008 0002 2 <
ffff8e67f59f0180 2914057599 C Ci:2:005:0 0 2 = 0010
ffff8e67f59f0180 2914057784 S Co:2:005:0 s 40 b8 0000 0000 0004 4 = 01000000
ffff8e67f59f0180 2914060352 C Co:2:005:0 0 4 >
ffff8e67f59f0180 2914060450 S Ii:2:005:3 -115:1 3 <
ffff8e67f59f0180 2914061754 C Ii:2:005:3 0:1 3 = 100000
ffff8e67f59f0180 2914061844 S Ci:2:005:0 s c0 bc 0800 0014 0002 2 <
ffff8e67f59f0180 2914064594 C Ci:2:005:0 0 2 = 0100
ffff8e67f59f0180 2914064782 S Ci:2:005:0 s c0 bc 0800 2008 0002 2 <
ffff8e67f59f0180 2914067269 C Ci:2:005:0 0 2 = 0011
ffff8e67f59f0180 2914067454 S Ci:2:005:0 s c0 bc 0900 0074 0002 2 <
ffff8e67f59f0180 2914070012 C Ci:2:005:0 0 2 = 000c
ffff8e67f59f0180 2914070154 S Ci:2:005:0 s c0 bc 0900 01b0 0002 2 <
ffff8e67f59f0180 2914072752 C Ci:2:005:0 0 2 = 0000
ffff8e67f59f0180 2914072880 S Ci:2:005:0 s c0 bc 0800 2008 0002 2 <
ffff8e67f59f0180 2914075492 C Ci:2:005:0 0 2 = 0011
ffff8e67f59f0180 2914075647 S Ci:2:005:0 s c0 bc 0800 2008 0002 2 <
ffff8e67f59f0180 2914078135 C Ci:2:005:0 0 2 = 0011
ffff8e67f59f0180 2914078287 S Co:2:005:0 s 40 bc 0900 0074 0002 2 = 0004
ffff8e67f59f0180 2914080862 C Co:2:005:0 0 2 >
ffff8e67f59f0180 2914081061 S Co:2:005:0 s 40 bc 0900 01b0 0002 2 = 0000
ffff8e67f59f0180 2914083588 C Co:2:005:0 0 2 >
ffff8e67f59f0180 2914083779 S Co:2:005:0 s 40 bc 0800 00c0 0006 6 = aba90fa4 5500
ffff8e67f59f0180 2914086357 C Co:2:005:0 0 6 >
ffff8e67f59f0180 2914086456 S Co:2:005:0 s 40 b9 0000 0000 0004 4 = 09006605
ffff8e67f59f0180 2914089163 C Co:2:005:0 0 4 >
ffff8e67f59f0180 2914089219 S Ii:2:005:3 -115:1 3 <
ffff8e67f59f0180 2914090501 C Ii:2:005:3 0:1 3 = 100000
ffff8e67f59f0180 2914090686 S Ci:2:005:0 s c0 bc 0800 0016 0002 2 <
ffff8e67f59f0180 2914093218 C Ci:2:005:0 0 2 = 0900
ffff8e67f59f0180 2914093304 S Ci:2:005:0 s c0 bc 0900 001c 0002 2 <
ffff8e67f59f0180 2914095892 C Ci:2:005:0 0 2 = 2f6d
ffff8e67f59f0180 2914096110 S Ci:2:005:0 s c0 bc 0800 23be 0002 2 <
ffff8e67f59f0180 2914098700 C Ci:2:005:0 0 2 = 0000
ffff8e67f59f0180 2914098851 S Co:2:005:0 s 40 bc 0900 0014 0002 2 = d080
ffff8e67f59f0180 2914101348 C Co:2:005:0 0 2 >
ffff8e67f59f0180 2914101506 S Ci:2:005:0 s c0 bc 0900 001c 0002 2 <
ffff8e67f59f0180 2914104126 C Ci:2:005:0 0 2 = 2f6d
ffff8e67f59f0180 2914104308 S Co:2:005:0 s 40 b9 0000 0000 0004 4 = 09016603
ffff8e67f59f0180 2914106768 C Co:2:005:0 0 4 >
ffff8e67f59f0180 2914107065 S Ii:2:005:3 -115:1 3 <
ffff8e67f59f0180 2914108121 C Ii:2:005:3 0:1 3 = 100000
ffff8e67f59f0180 2914108207 S Ci:2:005:0 s c0 bc 0800 0016 0002 2 <
ffff8e67f59f0180 2914110900 C Ci:2:005:0 0 2 = 0900
ffff8e67f59f0180 2914111003 S Ci:2:005:0 s c0 bc 0900 001c 0002 2 <
ffff8e67f59f0180 2914113566 C Ci:2:005:0 0 2 = 2f6d
ffff8e67f59f0180 2914113762 S Ci:2:005:0 s c0 bc 0800 23be 0006 6 <
ffff8e67f59f0180 2914116452 C Ci:2:005:0 0 6 = 00003344 5500
ffff8e67f59f0180 2914116561 S Co:2:005:0 s 40 bc 0800 00c0 0006 6 = aba90fa4 5500
ffff8e67f59f0180 2914119132 C Co:2:005:0 0 6 >
ffff8e67f59f0180 2914119294 S Co:2:005:0 s 40 b9 0000 0000 0004 4 = 09006605
ffff8e67f59f0180 2914121849 C Co:2:005:0 0 4 >
ffff8e67f59f0180 2914122108 S Ii:2:005:3 -115:1 3 <
ffff8e67f59f0180 2914123212 C Ii:2:005:3 0:1 3 = 100000
ffff8e67f59f0180 2914123298 S Ci:2:005:0 s c0 bc 0800 0016 0002 2 <
ffff8e67f59f0180 2914126067 C Ci:2:005:0 0 2 = 0900
ffff8e67f59f0180 2914126147 S Ci:2:005:0 s c0 bc 0900 001c 0002 2 <
ffff8e67f59f0180 2914128766 C Ci:2:005:0 0 2 = 2f6d
ffff8e67f59f0180 2914128948 S Ci:2:005:0 s c0 bc 0800 23be 0002 2 <
ffff8e67f59f0180 2914131471 C Ci:2:005:0 0 2 = 0000
ffff8e67f59f0180 2914131632 S Co:2:005:0 s 40 bc 0900 0014 0002 2 = d080
ffff8e67f59f0180 2914134121 C Co:2:005:0 0 2 >
ffff8e67f59f0180 2914134243 S Ci:2:005:0 s c0 bc 0900 001c 0002 2 <
ffff8e67f59f0180 2914136819 C Ci:2:005:0 0 2 = 2f6d
ffff8e67f59f0180 2914136904 S Co:2:005:0 s 40 b9 0000 0000 0004 4 = 09016603
ffff8e67f59f0180 2914139557 C Co:2:005:0 0 4 >
ffff8e67f59f0180 2914139717 S Ii:2:005:3 -115:1 3 <
ffff8e67f59f0180 2914140840 C Ii:2:005:3 0:1 3 = 100000
ffff8e67f59f0180 2914140942 S Ci:2:005:0 s c0 bc 0800 0016 0002 2 <
ffff8e67f59f0180 2914143487 C Ci:2:005:0 0 2 = 0900
ffff8e67f59f0180 2914143614 S Ci:2:005:0 s c0 bc 0900 001c 0002 2 <
ffff8e67f59f0180 2914146190 C Ci:2:005:0 0 2 = 2f6d
ffff8e67f59f0180 2914146308 S Ci:2:005:0 s c0 bc 0800 23be 0006 6 <
ffff8e67f59f0180 2914148703 C Ci:2:005:0 0 6 = 00003344 5500
ffff8e67f59f0180 2914148828 S Co:2:005:0 s 40 bc 0900 0014 0002 2 = d080
ffff8e67f59f0180 2914151313 C Co:2:005:0 0 2 >
ffff8e67f59f0180 2914151444 S Ci:2:005:0 s c0 bc 0900 001c 0002 2 <
ffff8e67f59f0180 2914154038 C Ci:2:005:0 0 2 = 2f6d
ffff8e67f59f0180 2914154136 S Co:2:005:0 s 40 bc 0900 0014 0002 2 = d084
ffff8e67f59f0180 2914156614 C Co:2:005:0 0 2 >
ffff8e67f59f0180 2914156690 S Co:2:005:0 s 40 bc 0900 0018 0002 2 = 0004
ffff8e67f59f0180 2914159277 C Co:2:005:0 0 2 >
ffff8e67f59f0180 2914159408 S Ci:2:005:0 s c0 bc 0900 0014 0002 2 <
ffff8e67f59f0180 2914161926 C Ci:2:005:0 0 2 = d084
ffff8e67f59f0180 2914162090 S Ci:2:005:0 s c0 bc 0900 0018 0002 2 <
ffff8e67f59f0180 2914164656 C Ci:2:005:0 0 2 = 0004
ffff8e67f59f0180 2914164774 S Co:2:005:0 s 40 bc 0900 0014 0002 2 = d086
ffff8e67f59f0180 2914167284 C Co:2:005:0 0 2 >
ffff8e67f59f0180 2914167418 S Co:2:005:0 s 40 bc 0900 0018 0002 2 = 0006
ffff8e67f59f0180 2914170011 C Co:2:005:0 0 2 >
ffff8e67f59f0180 2914170087 S Ci:2:005:0 s c0 bc 0900 0014 0002 2 <
ffff8e67f59f0180 2914172660 C Ci:2:005:0 0 2 = d086
ffff8e67f59f0180 2914172727 S Ci:2:005:0 s c0 bc 0900 0018 0002 2 <
ffff8e67f59f0180 2914175214 C Ci:2:005:0 0 2 = 0006
ffff8e67f59f0180 2914175346 S Co:2:005:0 s 40 bc 0800 00c0 0006 6 = aba90fa4 5500
ffff8e67f59f0180 2914177901 C Co:2:005:0 0 6 >
ffff8e67f59f0180 2914177966 S Co:2:005:0 s 40 b9 0000 0000 0004 4 = 09006605
ffff8e67f59f0180 2914180466 C Co:2:005:0 0 4 >
ffff8e67f59f0180 2914180544 S Ii:2:005:3 -115:1 3 <
ffff8e67f59f0180 2914181915 C Ii:2:005:3 0:1 3 = 100000
ffff8e67f59f0180 2914182072 S Ci:2:005:0 s c0 bc 0800 0016 0002 2 <
ffff8e67f59f0180 2914184503 C Ci:2:005:0 0 2 = 0900
ffff8e67f59f0180 2914184601 S Ci:2:005:0 s c0 bc 0900 001c 0002 2 <
ffff8e67f59f0180 2914187100 C Ci:2:005:0 0 2 = 2f6f
ffff8e67f59f0180 2914187184 S Ci:2:005:0 s c0 bc 0800 23be 0002 2 <
ffff8e67f59f0180 2914189641 C Ci:2:005:0 0 2 = 0000
ffff8e67f59f0180 2914189775 S Co:2:005:0 s 40 bc 0900 0014 0002 2 = d086
ffff8e67f59f0180 2914192465 C Co:2:005:0 0 2 >
ffff8e67f59f0180 2914192641 S Ci:2:005:0 s c0 bc 0900 001c 0002 2 <
ffff8e67f59f0180 2914195106 C Ci:2:005:0 0 2 = 2f6f
ffff8e67f59f0180 2914195280 S Co:2:005:0 s 40 b9 0000 0000 0004 4 = 09016603
ffff8e67f59f0180 2914197661 C Co:2:005:0 0 4 >
ffff8e67f59f0180 2914197830 S Ii:2:005:3 -115:1 3 <
ffff8e67f59f0180 2914198995 C Ii:2:005:3 0:1 3 = 100000
ffff8e67f59f0180 2914199082 S Ci:2:005:0 s c0 bc 0800 0016 0002 2 <
ffff8e67f59f0180 2914201637 C Ci:2:005:0 0 2 = 0900
ffff8e67f59f0180 2914201810 S Ci:2:005:0 s c0 bc 0900 001c 0002 2 <
ffff8e67f59f0180 2914204224 C Ci:2:005:0 0 2 = 2f6f
ffff8e67f59f0180 2914204415 S Ci:2:005:0 s c0 bc 0800 23be 0006 6 <
ffff8e67f59f0180 2914206899 C Ci:2:005:0 0 6 = 00003344 5500
ffff8e67f59f0180 2914207095 S Co:2:005:0 s 40 bc 0900 0014 0002 2 = d086
ffff8e67f59f0180 2914209620 C Co:2:005:0 0 2 >
ffff8e67f59f0180 2914209792 S Ci:2:005:0 s c0 bc 0900 001c 0002 2 <
ffff8e67f59f0180 2914212227 C Ci:2:005:0 0 2 = 2f6f
ffff8e67f59f0180 2914212396 S Co:2:005:0 s 40 bc 0900 0014 0002 2 = d086
ffff8e67f59f0180 2914214900 C Co:2:005:0 0 2 >
ffff8e67f59f0180 2914215079 S Co:2:005:0 s 40 bc 0900 0018 0002 2 = 0006
ffff8e67f59f0180 2914217667 C Co:2:005:0 0 2 >
ffff8e67f59f0180 2914217771 S Ci:2:005:0 s c0 bc 0900 0014 0002 2 <
ffff8e67f59f0180 2914220352 C Ci:2:005:0 0 2 = d086
ffff8e67f59f0180 2914220536 S Ci:2:005:0 s c0 bc 0900 0018 0002 2 <
ffff8e67f59f0180 2914223087 C Ci:2:005:0 0 2 = 0006
ffff8e67f59f0180 2914223185 S Co:2:005:0 s 40 bc 0900 0014 0002 2 = d086
ffff8e67f59f0180 2914225925 C Co:2:005:0 0 2 >
ffff8e67f59f0180 2914226111 S Co:2:005:0 s 40 bc 0900 0018 0002 2 = 0006
ffff8e67f59f0180 2914228661 C Co:2:005:0 0 2 >
ffff8e67f59f0180 2914228771 S Ci:2:005:0 s c0 bc 0900 0014 0002 2 <
ffff8e67f59f0180 2914231329 C Ci:2:005:0 0 2 = d086
ffff8e67f59f0180 2914231428 S Ci:2:005:0 s c0 bc 0900 0018 0002 2 <
ffff8e67f59f0180 2914234059 C Ci:2:005:0 0 2 = 0006
ffff8e67f59f0180 2914234223 S Co:2:005:0 s 40 bc 0800 00c0 0006 6 = aba90fa4 5500
ffff8e67f59f0180 2914236773 C Co:2:005:0 0 6 >
ffff8e67f59f0180 2914236868 S Co:2:005:0 s 40 b9 0000 0000 0004 4 = 09006605
ffff8e67f59f0180 2914239499 C Co:2:005:0 0 4 >
ffff8e67f59f0180 2914239617 S Ii:2:005:3 -115:1 3 <
ffff8e67f59f0180 2914240801 C Ii:2:005:3 0:1 3 = 100000
ffff8e67f59f0180 2914241005 S Ci:2:005:0 s c0 bc 0800 0016 0002 2 <
ffff8e67f59f0180 2914243691 C Ci:2:005:0 0 2 = 0900
ffff8e67f59f0180 2914243819 S Ci:2:005:0 s c0 bc 0900 001c 0002 2 <
ffff8e67f59f0180 2914246401 C Ci:2:005:0 0 2 = 2f7f
ffff8e67f59f0180 2914246580 S Ci:2:005:0 s c0 bc 0800 23be 0002 2 <
ffff8e67f59f0180 2914249130 C Ci:2:005:0 0 2 = 0000
ffff8e67f59f0180 2914249291 S Co:2:005:0 s 40 bc 0900 0014 0002 2 = d086
ffff8e67f59f0180 2914251936 C Co:2:005:0 0 2 >
ffff8e67f59f0180 2914252049 S Ci:2:005:0 s c0 bc 0900 001c 0002 2 <
ffff8e67f59f0180 2914254582 C Ci:2:005:0 0 2 = 2f7f
ffff8e67f59f0180 2914254741 S Co:2:005:0 s 40 b9 0000 0000 0004 4 = 09016603
ffff8e67f59f0180 2914257410 C Co:2:005:0 0 4 >
ffff8e67f59f0180 2914257500 S Ii:2:005:3 -115:1 3 <
ffff8e67f59f0180 2914258700 C Ii:2:005:3 0:1 3 = 100000
ffff8e67f59f0180 2914258861 S Ci:2:005:0 s c0 bc 0800 0016 0002 2 <
ffff8e67f59f0180 2914261546 C Ci:2:005:0 0 2 = 0900
ffff8e67f59f0180 2914261624 S Ci:2:005:0 s c0 bc 0900 001c 0002 2 <
ffff8e67f59f0180 2914264265 C Ci:2:005:0 0 2 = 2f7f
ffff8e67f59f0180 2914264315 S Ci:2:005:0 s c0 bc 0800 23be 0006 6 <
ffff8e67f59f0180 2914267178 C Ci:2:005:0 0 6 = 000027f9 7b00
ffff8e67f59f0180 2914267299 S Co:2:005:0 s 40 bc 0900 0014 0002 2 = d086
ffff8e67f59f0180 2914269743 C Co:2:005:0 0 2 >
ffff8e67f59f0180 2914269868 S Co:2:005:0 s 40 bc 0900 0018 0002 2 = 0006
ffff8e67f59f0180 2914272609 C Co:2:005:0 0 2 >
ffff8e67f59f0180 2914272769 S Ci:2:005:0 s c0 bc 0900 0014 0002 2 <
ffff8e67f59f0180 2914275395 C Ci:2:005:0 0 2 = d086
ffff8e67f59f0180 2914275577 S Ci:2:005:0 s c0 bc 0900 0018 0002 2 <
ffff8e67f59f0180 2914278227 C Ci:2:005:0 0 2 = 0006
ffff8e67f59f0180 2914278317 S Co:2:005:0 s 40 bc 0900 0000 0002 2 = 0000
ffff8e67f59f0180 2914280879 C Co:2:005:0 0 2 >
ffff8e67f59f0180 2914281040 S Co:2:005:0 s 40 bc 0001 1000 0008 8 = 00000000 00000002
ffff8e67f59f0180 2914283653 C Co:2:005:0 0 8 >
ffff8e67f59f0180 2914283764 S Co:2:005:0 s 40 bc 0001 1000 0008 8 = 00000010 00000010
ffff8e67f59f0180 2914286285 C Co:2:005:0 0 8 >
ffff8e67f59f0180 2914286509 S Co:2:005:0 s 40 bc 0001 1004 0008 8 = 00000000 80000000
ffff8e67f59f0180 2914289118 C Co:2:005:0 0 8 >
ffff8e67f59f0180 2914289253 S Co:2:005:0 s 40 bc 0001 1004 0008 8 = 00000000 60000000
ffff8e67f59f0180 2914291900 C Co:2:005:0 0 8 >
ffff8e67f59f0180 2914292099 S Co:2:005:0 s 40 bc 0001 1004 0008 8 = 00000000 18000000
ffff8e67f59f0180 2914294649 C Co:2:005:0 0 8 >
ffff8e67f59f0180 2914294751 S Co:2:005:0 s 40 bc 0001 1004 0008 8 = 00000000 04000000
ffff8e67f59f0180 2914297453 C Co:2:005:0 0 8 >
ffff8e67f59f0180 2914297573 S Co:2:005:0 s 40 bc 0001 1004 0008 8 = 01000000 03000000
ffff8e67f59f0180 2914300168 C Co:2:005:0 0 8 >
ffff8e67f59f0180 2914300297 S Co:2:005:0 s 40 bc 0001 1004 0008 8 = 00000000 00800000
ffff8e67f59f0180 2914302924 C Co:2:005:0 0 8 >
ffff8e67f59f0180 2914303100 S Co:2:005:0 s 40 bc 0001 1004 0008 8 = 00040000 007f0000
ffff8e67f59f0180 2914305662 C Co:2:005:0 0 8 >
ffff8e67f59f0180 2914305747 S Co:2:005:0 s 40 bc 0001 1004 0008 8 = 00000000 00008000
ffff8e67f59f0180 2914308351 C Co:2:005:0 0 8 >
ffff8e67f59f0180 2914308535 S Co:2:005:0 s 40 bc 0001 1004 0008 8 = 00000000 00000400
ffff8e67f59f0180 2914311216 C Co:2:005:0 0 8 >
ffff8e67f59f0180 2914311279 S Co:2:005:0 s 40 bc 0001 1004 0008 8 = 00000000 00000080
ffff8e67f59f0180 2914313878 C Co:2:005:0 0 8 >
ffff8e67f59f0180 2914314035 S Co:2:005:0 s 40 bc 0001 1100 0008 8 = 00000000 00000004
ffff8e67f59f0180 2914316643 C Co:2:005:0 0 8 >
ffff8e67f59f0180 2914317055 S Co:2:005:0 s 40 bc 0001 1240 0008 8 = 00000000 00000004
ffff8e67f59f0180 2914319465 C Co:2:005:0 0 8 >
ffff8e67f59f0180 2914319596 S Co:2:005:0 s 40 bc 0001 1100 0008 8 = 00000002 00000003
ffff8e67f59f0180 2914322135 C Co:2:005:0 0 8 >
ffff8e67f59f0180 2914322296 S Co:2:005:0 s 40 bc 0001 1240 0008 8 = 00000002 00000003
ffff8e67f59f0180 2914324849 C Co:2:005:0 0 8 >
ffff8e67f59f0180 2914325067 S Co:2:005:0 s 40 bc 0001 1104 0008 8 = 61a80000 ffff0000
ffff8e67f59f0180 2914327652 C Co:2:005:0 0 8 >
ffff8e67f59f0180 2914327759 S Co:2:005:0 s 40 bc 0001 1244 0008 8 = 1f400000 ffff0000
ffff8e67f59f0180 2914330342 C Co:2:005:0 0 8 >
ffff8e67f59f0180 2914330533 S Co:2:005:0 s 40 bc 0001 1104 0008 8 = 00000000 0000ffff
ffff8e67f59f0180 2914333134 C Co:2:005:0 0 8 >
ffff8e67f59f0180 2914333301 S Co:2:005:0 s 40 bc 0001 1244 0008 8 = 00000000 0000ffff
ffff8e67f59f0180 2914335891 C Co:2:005:0 0 8 >
ffff8e67f59f0180 2914336073 S Co:2:005:0 s 40 bc 0001 1108 0008 8 = 00000000 ffff0000
ffff8e67f59f0180 2914338566 C Co:2:005:0 0 8 >
ffff8e67f59f0180 2914338724 S Co:2:005:0 s 40 bc 0001 1108 0008 8 = 00000000 0000ffff
ffff8e67f59f0180 2914341221 C Co:2:005:0 0 8 >
ffff8e67f59f0180 2914341399 S Co:2:005:0 s 40 bc 0001 1248 0008 8 = 00000000 ffff0000
ffff8e67f59f0180 2914344017 C Co:2:005:0 0 8 >
ffff8e67f59f0180 2914344107 S Co:2:005:0 s 40 bc 0001 1248 0008 8 = 00000000 0000ffff
ffff8e67f59f0180 2914346751 C Co:2:005:0 0 8 >
ffff8e67f59f0180 2914347042 S Co:2:005:0 s 40 bc 0001 110c 0008 8 = 00000000 ffff0000
ffff8e67f59f0180 2914349472 C Co:2:005:0 0 8 >
ffff8e67f59f0180 2914349552 S Co:2:005:0 s 40 bc 0001 110c 0008 8 = 00000000 0000ffff
ffff8e67f59f0180 2914352226 C Co:2:005:0 0 8 >
ffff8e67f59f0180 2914352402 S Co:2:005:0 s 40 bc 0001 1110 0008 8 = 00000000 80000000
ffff8e67f59f0180 2914355056 C Co:2:005:0 0 8 >
ffff8e67f59f0180 2914355113 S Co:2:005:0 s 40 bc 0001 1110 0008 8 = 00000000 01ff0000
ffff8e67f59f0180 2914357780 C Co:2:005:0 0 8 >
ffff8e67f59f0180 2914358015 S Co:2:005:0 s 40 bc 0001 124c 0008 8 = 00000000 ffff0000
ffff8e67f59f0180 2914360583 C Co:2:005:0 0 8 >
ffff8e67f59f0180 2914360738 S Co:2:005:0 s 40 bc 0001 124c 0008 8 = 00000000 0000ffff
ffff8e67f59f0180 2914363274 C Co:2:005:0 0 8 >
ffff8e67f59f0180 2914363337 S Co:2:005:0 s 40 bc 0001 1250 0008 8 = 00000000 80000000
ffff8e67f59f0180 2914366027 C Co:2:005:0 0 8 >
ffff8e67f59f0180 2914366188 S Co:2:005:0 s 40 bc 0001 1250 0008 8 = 00000000 01ff0000
ffff8e67f59f0180 2914368736 C Co:2:005:0 0 8 >
ffff8e67f59f0180 2914368824 S Co:2:005:0 s 40 bc 0001 1124 0008 8 = 00001011 00001fff
ffff8e67f59f0180 2914371523 C Co:2:005:0 0 8 >
ffff8e67f59f0180 2914371616 S Co:2:005:0 s 40 bc 0001 1264 0008 8 = 00001011 00001fff
ffff8e67f59f0180 2914374289 C Co:2:005:0 0 8 >
ffff8e67f59f0180 2914374500 S Co:2:005:0 s 40 bc 0001 1128 0008 8 = 010f0000 1fff0000
ffff8e67f59f0180 2914377007 C Co:2:005:0 0 8 >
ffff8e67f59f0180 2914377164 S Co:2:005:0 s 40 bc 0001 1268 0008 8 = 010f0000 1fff0000
ffff8e67f59f0180 2914379777 C Co:2:005:0 0 8 >
ffff8e67f59f0180 2914379886 S Co:2:005:0 s 40 bc 0001 1134 0008 8 = 001f0000 1fff0000
ffff8e67f59f0180 2914382462 C Co:2:005:0 0 8 >
ffff8e67f59f0180 2914382618 S Co:2:005:0 s 40 bc 0001 1274 0008 8 = 001f0000 1fff0000
ffff8e67f59f0180 2914385293 C Co:2:005:0 0 8 >
ffff8e67f59f0180 2914385369 S Co:2:005:0 s 40 bc 0001 112c 0008 8 = 01100000 1fff0000
ffff8e67f59f0180 2914388007 C Co:2:005:0 0 8 >
ffff8e67f59f0180 2914388180 S Co:2:005:0 s 40 bc 0001 126c 0008 8 = 01100000 1fff0000
ffff8e67f59f0180 2914390733 C Co:2:005:0 0 8 >
ffff8e67f59f0180 2914390893 S Co:2:005:0 s 40 bc 0001 112c 0008 8 = 00000100 00001fff
ffff8e67f59f0180 2914393483 C Co:2:005:0 0 8 >
ffff8e67f59f0180 2914393580 S Co:2:005:0 s 40 bc 0001 126c 0008 8 = 00000100 00001fff
ffff8e67f59f0180 2914396416 C Co:2:005:0 0 8 >
ffff8e67f59f0180 2914396517 S Co:2:005:0 s 40 bc 0001 1268 0008 8 = 00001111 00001fff
ffff8e67f59f0180 2914399112 C Co:2:005:0 0 8 >
ffff8e67f59f0180 2914399243 S Co:2:005:0 s 40 bc 0001 1130 0008 8 = 00e00000 00ff0000
ffff8e67f59f0180 2914401930 C Co:2:005:0 0 8 >
ffff8e67f59f0180 2914402072 S Co:2:005:0 s 40 bc 0001 1270 0008 8 = 00e00000 00ff0000
ffff8e67f59f0180 2914404641 C Co:2:005:0 0 8 >
ffff8e67f59f0180 2914404736 S Co:2:005:0 s 40 bc 0001 113c 0008 8 = 00000000 00ff0000
ffff8e67f59f0180 2914407339 C Co:2:005:0 0 8 >
ffff8e67f59f0180 2914407500 S Co:2:005:0 s 40 bc 0001 127c 0008 8 = 00000000 00ff0000
ffff8e67f59f0180 2914410231 C Co:2:005:0 0 8 >
ffff8e67f59f0180 2914410333 S Co:2:005:0 s 40 bc 0001 113c 0008 8 = 00000000 000000ff
ffff8e67f59f0180 2914412855 C Co:2:005:0 0 8 >
ffff8e67f59f0180 2914413082 S Co:2:005:0 s 40 bc 0001 127c 0008 8 = 00000000 000000ff
ffff8e67f59f0180 2914415605 C Co:2:005:0 0 8 >
ffff8e67f59f0180 2914415760 S Co:2:005:0 s 40 bc 0001 1140 0008 8 = 00000000 00ff0000
ffff8e67f59f0180 2914418384 C Co:2:005:0 0 8 >
ffff8e67f59f0180 2914418572 S Co:2:005:0 s 40 bc 0001 1280 0008 8 = 00000000 00ff0000
ffff8e67f59f0180 2914421177 C Co:2:005:0 0 8 >
ffff8e67f59f0180 2914421333 S Co:2:005:0 s 40 bc 0001 1140 0008 8 = 00000000 000003ff
ffff8e67f59f0180 2914423845 C Co:2:005:0 0 8 >
ffff8e67f59f0180 2914424050 S Co:2:005:0 s 40 bc 0001 1280 0008 8 = 00000000 000003ff
ffff8e67f59f0180 2914426683 C Co:2:005:0 0 8 >
ffff8e67f59f0180 2914426793 S Co:2:005:0 s 40 bc 0001 1138 0008 8 = 10000000 ff000000
ffff8e67f59f0180 2914429390 C Co:2:005:0 0 8 >
ffff8e67f59f0180 2914429454 S Co:2:005:0 s 40 bc 0000 1144 0002 2 = 00b0
ffff8e67f59f0180 2914432095 C Co:2:005:0 0 2 >
ffff8e67f59f0180 2914432253 S Co:2:005:0 s 40 bc 0000 1146 0002 2 = 1100
ffff8e67f59f0180 2914434944 C Co:2:005:0 0 2 >
ffff8e67f59f0180 2914434993 S Co:2:005:0 s 40 bc 0000 1148 0002 2 = 00c1
ffff8e67f59f0180 2914437634 C Co:2:005:0 0 2 >
ffff8e67f59f0180 2914437670 S Co:2:005:0 s 40 bc 0000 114a 0002 2 = 0000
ffff8e67f59f0180 2914440347 C Co:2:005:0 0 2 >
ffff8e67f59f0180 2914440547 S Co:2:005:0 s 40 bc 0000 114c 0002 2 = 0001
ffff8e67f59f0180 2914443213 C Co:2:005:0 0 2 >
ffff8e67f59f0180 2914443335 S Co:2:005:0 s 40 bc 0000 114e 0002 2 = e110
ffff8e67f59f0180 2914445927 C Co:2:005:0 0 2 >
ffff8e67f59f0180 2914446080 S Co:2:005:0 s 40 bc 0000 1150 0002 2 = 0000
ffff8e67f59f0180 2914448643 C Co:2:005:0 0 2 >
ffff8e67f59f0180 2914448800 S Co:2:005:0 s 40 bc 0000 1152 0002 2 = e01f
ffff8e67f59f0180 2914451396 C Co:2:005:0 0 2 >
ffff8e67f59f0180 2914451475 S Co:2:005:0 s 40 bc 0001 1278 0008 8 = 10000000 ff000000
ffff8e67f59f0180 2914454143 C Co:2:005:0 0 8 >
ffff8e67f59f0180 2914454257 S Co:2:005:0 s 40 bc 0000 1284 0002 2 = 00b0
ffff8e67f59f0180 2914456891 C Co:2:005:0 0 2 >
ffff8e67f59f0180 2914457033 S Co:2:005:0 s 40 bc 0000 1286 0002 2 = 1100
ffff8e67f59f0180 2914459597 C Co:2:005:0 0 2 >
ffff8e67f59f0180 2914459751 S Co:2:005:0 s 40 bc 0000 1288 0002 2 = 00c1
ffff8e67f59f0180 2914462411 C Co:2:005:0 0 2 >
ffff8e67f59f0180 2914462474 S Co:2:005:0 s 40 bc 0000 128a 0002 2 = 0000
ffff8e67f59f0180 2914465127 C Co:2:005:0 0 2 >
ffff8e67f59f0180 2914465282 S Co:2:005:0 s 40 bc 0000 128c 0002 2 = 0001
ffff8e67f59f0180 2914467809 C Co:2:005:0 0 2 >
ffff8e67f59f0180 2914467967 S Co:2:005:0 s 40 bc 0000 128e 0002 2 = e110
ffff8e67f59f0180 2914470604 C Co:2:005:0 0 2 >
ffff8e67f59f0180 2914470755 S Co:2:005:0 s 40 bc 0000 1290 0002 2 = 0000
ffff8e67f59f0180 2914473460 C Co:2:005:0 0 2 >
ffff8e67f59f0180 2914473553 S Co:2:005:0 s 40 bc 0000 1292 0002 2 = e01f
ffff8e67f59f0180 2914476118 C Co:2:005:0 0 2 >
ffff8e67f59f0180 2914476282 S Co:2:005:0 s 40 bc 0001 113c 0008 8 = 00000a00 0000ff00
ffff8e67f59f0180 2914478996 C Co:2:005:0 0 8 >
ffff8e67f59f0180 2914479083 S Co:2:005:0 s 40 bc 0000 1010 0002 2 = 7ff0
ffff8e67f59f0180 2914481492 C Co:2:005:0 0 2 >
ffff8e67f59f0180 2914481616 S Co:2:005:0 s 40 bc 0000 1012 0002 2 = 0bff
ffff8e67f59f0180 2914484240 C Co:2:005:0 0 2 >
ffff8e67f59f0180 2914484414 S Co:2:005:0 s 40 bc 0000 1014 0002 2 = ffc1
ffff8e67f59f0180 2914487104 C Co:2:005:0 0 2 >
ffff8e67f59f0180 2914487202 S Co:2:005:0 s 40 bc 0000 1016 0002 2 = 0000
ffff8e67f59f0180 2914489738 C Co:2:005:0 0 2 >
ffff8e67f59f0180 2914489944 S Co:2:005:0 s 40 bc 0000 1018 0002 2 = f000
ffff8e67f59f0180 2914492480 C Co:2:005:0 0 2 >
ffff8e67f59f0180 2914492636 S Co:2:005:0 s 40 bc 0001 127c 0008 8 = 00000a00 0000ff00
ffff8e67f59f0180 2914495223 C Co:2:005:0 0 8 >
ffff8e67f59f0180 2914495321 S Co:2:005:0 s 40 bc 0000 1370 0002 2 = 7ff0
ffff8e67f59f0180 2914498054 C Co:2:005:0 0 2 >
ffff8e67f59f0180 2914498245 S Co:2:005:0 s 40 bc 0000 1372 0002 2 = 0bff
ffff8e67f59f0180 2914500876 C Co:2:005:0 0 2 >
ffff8e67f59f0180 2914501098 S Co:2:005:0 s 40 bc 0000 1374 0002 2 = ffc1
ffff8e67f59f0180 2914503510 C Co:2:005:0 0 2 >
ffff8e67f59f0180 2914503638 S Co:2:005:0 s 40 bc 0000 1376 0002 2 = 0000
ffff8e67f59f0180 2914506266 C Co:2:005:0 0 2 >
ffff8e67f59f0180 2914506328 S Co:2:005:0 s 40 bc 0000 1378 0002 2 = f000
ffff8e67f59f0180 2914508949 C Co:2:005:0 0 2 >
ffff8e67f59f0180 2914509144 S Co:2:005:0 s 40 bc 0001 100c 0008 8 = 00200000 00f00000
ffff8e67f59f0180 2914511799 C Co:2:005:0 0 8 >
ffff8e67f59f0180 2914511889 S Co:2:005:0 s 40 bc 0001 100c 0008 8 = 00020000 000f0000
ffff8e67f59f0180 2914514466 C Co:2:005:0 0 8 >
ffff8e67f59f0180 2914514623 S Co:2:005:0 s 40 bc 0001 100c 0008 8 = 30000000 f0000000
ffff8e67f59f0180 2914517096 C Co:2:005:0 0 8 >
ffff8e67f59f0180 2914517272 S Co:2:005:0 s 40 bc 0001 1130 0008 8 = 000000c0 000000ff
ffff8e67f59f0180 2914519807 C Co:2:005:0 0 8 >
ffff8e67f59f0180 2914519935 S Co:2:005:0 s 40 bc 0001 1138 0008 8 = 00360000 00ff0000
ffff8e67f59f0180 2914522633 C Co:2:005:0 0 8 >
ffff8e67f59f0180 2914522689 S Co:2:005:0 s 40 bc 0000 1174 0002 2 = 02b0
ffff8e67f59f0180 2914525364 C Co:2:005:0 0 2 >
ffff8e67f59f0180 2914525520 S Co:2:005:0 s 40 bc 0000 1176 0002 2 = 3700
ffff8e67f59f0180 2914528221 C Co:2:005:0 0 2 >
ffff8e67f59f0180 2914528313 S Co:2:005:0 s 40 bc 0000 1178 0002 2 = 01c1
ffff8e67f59f0180 2914530856 C Co:2:005:0 0 2 >
ffff8e67f59f0180 2914531010 S Co:2:005:0 s 40 bc 0000 117a 0002 2 = 0000
ffff8e67f59f0180 2914533725 C Co:2:005:0 0 2 >
ffff8e67f59f0180 2914533841 S Co:2:005:0 s 40 bc 0000 117c 0002 2 = e100
ffff8e67f59f0180 2914536140 C Co:2:005:0 0 2 >
ffff8e67f59f0180 2914536184 S Co:2:005:0 s 40 bc 0000 117e 0002 2 = f00c
ffff8e67f59f0180 2914538784 C Co:2:005:0 0 2 >
ffff8e67f59f0180 2914538986 S Co:2:005:0 s 40 bc 0000 1180 0002 2 = 0504
ffff8e67f59f0180 2914541430 C Co:2:005:0 0 2 >
ffff8e67f59f0180 2914541601 S Co:2:005:0 s 40 bc 0000 1182 0002 2 = 4844
ffff8e67f59f0180 2914544052 C Co:2:005:0 0 2 >
ffff8e67f59f0180 2914544221 S Co:2:005:0 s 40 bc 0000 1184 0002 2 = 4d56
ffff8e67f59f0180 2914546750 C Co:2:005:0 0 2 >
ffff8e67f59f0180 2914546844 S Co:2:005:0 s 40 bc 0000 1186 0002 2 = 8804
ffff8e67f59f0180 2914549239 C Co:2:005:0 0 2 >
ffff8e67f59f0180 2914549421 S Co:2:005:0 s 40 bc 0000 1188 0002 2 = 0fff
ffff8e67f59f0180 2914552070 C Co:2:005:0 0 2 >
ffff8e67f59f0180 2914552240 S Co:2:005:0 s 40 bc 0000 118a 0002 2 = fcfc
ffff8e67f59f0180 2914554697 C Co:2:005:0 0 2 >
ffff8e67f59f0180 2914554813 S Co:2:005:0 s 40 bc 0000 118c 0002 2 = 1bf0
ffff8e67f59f0180 2914557207 C Co:2:005:0 0 2 >
ffff8e67f59f0180 2914557347 S Co:2:005:0 s 40 bc 0000 118e 0002 2 = 11f0
ffff8e67f59f0180 2914559903 C Co:2:005:0 0 2 >
ffff8e67f59f0180 2914560099 S Co:2:005:0 s 40 bc 0000 1190 0002 2 = 1405
ffff8e67f59f0180 2914562602 C Co:2:005:0 0 2 >
ffff8e67f59f0180 2914562656 S Co:2:005:0 s 40 bc 0000 1192 0002 2 = 0848
ffff8e67f59f0180 2914565164 C Co:2:005:0 0 2 >
ffff8e67f59f0180 2914565312 S Co:2:005:0 s 40 bc 0000 1194 0002 2 = 444d
ffff8e67f59f0180 2914567873 C Co:2:005:0 0 2 >
ffff8e67f59f0180 2914568056 S Co:2:005:0 s 40 bc 0000 1196 0002 2 = 56ff
ffff8e67f59f0180 2914570551 C Co:2:005:0 0 2 >
ffff8e67f59f0180 2914570699 S Co:2:005:0 s 40 bc 0000 1198 0002 2 = 1b44
ffff8e67f59f0180 2914573063 C Co:2:005:0 0 2 >
ffff8e67f59f0180 2914573219 S Co:2:005:0 s 40 bc 0000 119a 0002 2 = 3f28
ffff8e67f59f0180 2914575797 C Co:2:005:0 0 2 >
ffff8e67f59f0180 2914575886 S Co:2:005:0 s 40 bc 0000 119c 0002 2 = 0464
ffff8e67f59f0180 2914578459 C Co:2:005:0 0 2 >
ffff8e67f59f0180 2914578562 S Co:2:005:0 s 40 bc 0000 119e 0002 2 = 0028
ffff8e67f59f0180 2914581035 C Co:2:005:0 0 2 >
ffff8e67f59f0180 2914581172 S Co:2:005:0 s 40 bc 0000 11a0 0002 2 = 3f2a
ffff8e67f59f0180 2914583878 C Co:2:005:0 0 2 >
ffff8e67f59f0180 2914583993 S Co:2:005:0 s 40 bc 0000 11a2 0002 2 = 027e
ffff8e67f59f0180 2914586495 C Co:2:005:0 0 2 >
ffff8e67f59f0180 2914586576 S Co:2:005:0 s 40 bc 0000 11a4 0002 2 = ff03
ffff8e67f59f0180 2914589083 C Co:2:005:0 0 2 >
ffff8e67f59f0180 2914589239 S Co:2:005:0 s 40 bc 0000 11a6 0002 2 = e10f
ffff8e67f59f0180 2914591881 C Co:2:005:0 0 2 >
ffff8e67f59f0180 2914592065 S Co:2:005:0 s 40 bc 0000 11a8 0002 2 = f000
ffff8e67f59f0180 2914594466 C Co:2:005:0 0 2 >
ffff8e67f59f0180 2914594558 S Co:2:005:0 s 40 bc 0001 100c 0008 8 = 00000000 000f0000
ffff8e67f59f0180 2914597066 C Co:2:005:0 0 8 >
ffff8e67f59f0180 2914597220 S Co:2:005:0 s 40 bc 0001 100c 0008 8 = 00000000 0f000000
ffff8e67f59f0180 2914599800 C Co:2:005:0 0 8 >
ffff8e67f59f0180 2914599914 S Co:2:005:0 s 40 bc 0001 1270 0008 8 = 000000c0 000000ff
ffff8e67f59f0180 2914602458 C Co:2:005:0 0 8 >
ffff8e67f59f0180 2914602513 S Co:2:005:0 s 40 bc 0001 1278 0008 8 = 00360000 00ff0000
ffff8e67f59f0180 2914605060 C Co:2:005:0 0 8 >
ffff8e67f59f0180 2914605213 S Co:2:005:0 s 40 bc 0000 12b4 0002 2 = 02b0
ffff8e67f59f0180 2914607793 C Co:2:005:0 0 2 >
ffff8e67f59f0180 2914608055 S Co:2:005:0 s 40 bc 0000 12b6 0002 2 = 3700
ffff8e67f59f0180 2914610342 C Co:2:005:0 0 2 >
ffff8e67f59f0180 2914610510 S Co:2:005:0 s 40 bc 0000 12b8 0002 2 = 01c1
ffff8e67f59f0180 2914613082 C Co:2:005:0 0 2 >
ffff8e67f59f0180 2914613247 S Co:2:005:0 s 40 bc 0000 12ba 0002 2 = 0000
ffff8e67f59f0180 2914615829 C Co:2:005:0 0 2 >
ffff8e67f59f0180 2914615977 S Co:2:005:0 s 40 bc 0000 12bc 0002 2 = e100
ffff8e67f59f0180 2914618477 C Co:2:005:0 0 2 >
ffff8e67f59f0180 2914618620 S Co:2:005:0 s 40 bc 0000 12be 0002 2 = f00c
ffff8e67f59f0180 2914621031 C Co:2:005:0 0 2 >
ffff8e67f59f0180 2914621184 S Co:2:005:0 s 40 bc 0000 12c0 0002 2 = 0504
ffff8e67f59f0180 2914623850 C Co:2:005:0 0 2 >
ffff8e67f59f0180 2914624064 S Co:2:005:0 s 40 bc 0000 12c2 0002 2 = 4844
ffff8e67f59f0180 2914626573 C Co:2:005:0 0 2 >
ffff8e67f59f0180 2914626727 S Co:2:005:0 s 40 bc 0000 12c4 0002 2 = 4d56
ffff8e67f59f0180 2914629206 C Co:2:005:0 0 2 >
ffff8e67f59f0180 2914629283 S Co:2:005:0 s 40 bc 0000 12c6 0002 2 = 8804
ffff8e67f59f0180 2914631905 C Co:2:005:0 0 2 >
ffff8e67f59f0180 2914632089 S Co:2:005:0 s 40 bc 0000 12c8 0002 2 = 0fff
ffff8e67f59f0180 2914634574 C Co:2:005:0 0 2 >
ffff8e67f59f0180 2914634662 S Co:2:005:0 s 40 bc 0000 12ca 0002 2 = fcfc
ffff8e67f59f0180 2914637194 C Co:2:005:0 0 2 >
ffff8e67f59f0180 2914637271 S Co:2:005:0 s 40 bc 0000 12cc 0002 2 = 1bf0
ffff8e67f59f0180 2914639813 C Co:2:005:0 0 2 >
ffff8e67f59f0180 2914640054 S Co:2:005:0 s 40 bc 0000 12ce 0002 2 = 11f0
ffff8e67f59f0180 2914642417 C Co:2:005:0 0 2 >
ffff8e67f59f0180 2914642584 S Co:2:005:0 s 40 bc 0000 12d0 0002 2 = 1405
ffff8e67f59f0180 2914645081 C Co:2:005:0 0 2 >
ffff8e67f59f0180 2914645130 S Co:2:005:0 s 40 bc 0000 12d2 0002 2 = 0848
ffff8e67f59f0180 2914647755 C Co:2:005:0 0 2 >
ffff8e67f59f0180 2914647912 S Co:2:005:0 s 40 bc 0000 12d4 0002 2 = 444d
ffff8e67f59f0180 2914650387 C Co:2:005:0 0 2 >
ffff8e67f59f0180 2914650524 S Co:2:005:0 s 40 bc 0000 12d6 0002 2 = 56ff
ffff8e67f59f0180 2914653111 C Co:2:005:0 0 2 >
ffff8e67f59f0180 2914653169 S Co:2:005:0 s 40 bc 0000 12d8 0002 2 = 1b44
ffff8e67f59f0180 2914655778 C Co:2:005:0 0 2 >
ffff8e67f59f0180 2914655932 S Co:2:005:0 s 40 bc 0000 12da 0002 2 = 3f28
ffff8e67f59f0180 2914658438 C Co:2:005:0 0 2 >
ffff8e67f59f0180 2914658655 S Co:2:005:0 s 40 bc 0000 12dc 0002 2 = 0464
ffff8e67f59f0180 2914661056 C Co:2:005:0 0 2 >
ffff8e67f59f0180 2914661242 S Co:2:005:0 s 40 bc 0000 12de 0002 2 = 0028
ffff8e67f59f0180 2914663821 C Co:2:005:0 0 2 >
ffff8e67f59f0180 2914664028 S Co:2:005:0 s 40 bc 0000 12e0 0002 2 = 3f2a
ffff8e67f59f0180 2914666437 C Co:2:005:0 0 2 >
ffff8e67f59f0180 2914666590 S Co:2:005:0 s 40 bc 0000 12e2 0002 2 = 027e
ffff8e67f59f0180 2914669209 C Co:2:005:0 0 2 >
ffff8e67f59f0180 2914669320 S Co:2:005:0 s 40 bc 0000 12e4 0002 2 = ff03
ffff8e67f59f0180 2914671971 C Co:2:005:0 0 2 >
ffff8e67f59f0180 2914672062 S Co:2:005:0 s 40 bc 0000 12e6 0002 2 = e10f
ffff8e67f59f0180 2914674678 C Co:2:005:0 0 2 >
ffff8e67f59f0180 2914674818 S Co:2:005:0 s 40 bc 0000 12e8 0002 2 = f000
ffff8e67f59f0180 2914677293 C Co:2:005:0 0 2 >
ffff8e67f59f0180 2914677346 S Co:2:005:0 s 40 bc 0001 1710 0008 8 = 10000000 30000000
ffff8e67f59f0180 2914679938 C Co:2:005:0 0 8 >
ffff8e67f59f0180 2914680127 S Co:2:005:0 s 40 bc 0000 1710 0002 2 = 00fc
ffff8e67f59f0180 2914682692 C Co:2:005:0 0 2 >
ffff8e67f59f0180 2914682909 S Co:2:005:0 s 40 bc 0000 1712 0002 2 = 0024
ffff8e67f59f0180 2914685391 C Co:2:005:0 0 2 >
ffff8e67f59f0180 2914685573 S Co:2:005:0 s 40 bc 0000 1714 0002 2 = 00f8
ffff8e67f59f0180 2914688066 C Co:2:005:0 0 2 >
ffff8e67f59f0180 2914688247 S Co:2:005:0 s 40 bc 0000 1716 0002 2 = 00e8
ffff8e67f59f0180 2914690788 C Co:2:005:0 0 2 >
ffff8e67f59f0180 2914691002 S Co:2:005:0 s 40 bc 0000 1718 0002 2 = 00da
ffff8e67f59f0180 2914693570 C Co:2:005:0 0 2 >
ffff8e67f59f0180 2914693755 S Co:2:005:0 s 40 bc 0000 171a 0002 2 = 00c6
ffff8e67f59f0180 2914696211 C Co:2:005:0 0 2 >
ffff8e67f59f0180 2914696344 S Co:2:005:0 s 40 bc 0000 171c 0002 2 = 0076
ffff8e67f59f0180 2914698941 C Co:2:005:0 0 2 >
ffff8e67f59f0180 2914699038 S Co:2:005:0 s 40 bc 0000 171e 0002 2 = 00ea
ffff8e67f59f0180 2914701692 C Co:2:005:0 0 2 >
ffff8e67f59f0180 2914701861 S Co:2:005:0 s 40 bc 0001 1500 0008 8 = 00000400 00000400
ffff8e67f59f0180 2914704423 C Co:2:005:0 0 8 >
ffff8e67f59f0180 2914704597 S Co:2:005:0 s 40 bc 0001 1500 0008 8 = 00000004 000000ff
ffff8e67f59f0180 2914707089 C Co:2:005:0 0 8 >
ffff8e67f59f0180 2914707187 S Co:2:005:0 s 40 bc 0001 1510 0008 8 = 00000000 00007f00
ffff8e67f59f0180 2914709838 C Co:2:005:0 0 8 >
ffff8e67f59f0180 2914709922 S Co:2:005:0 s 40 bc 0001 1504 0008 8 = 00020000 00030000
ffff8e67f59f0180 2914712412 C Co:2:005:0 0 8 >
ffff8e67f59f0180 2914712605 S Co:2:005:0 s 40 bc 0001 1510 0008 8 = 00000000 03000000
ffff8e67f59f0180 2914715056 C Co:2:005:0 0 8 >
ffff8e67f59f0180 2914715243 S Co:2:005:0 s 40 bc 0001 1610 0008 8 = 00000000 03000000
ffff8e67f59f0180 2914717800 C Co:2:005:0 0 8 >
ffff8e67f59f0180 2914717898 S Co:2:005:0 s 40 bc 0001 1510 0008 8 = 00000000 00200000
ffff8e67f59f0180 2914720458 C Co:2:005:0 0 8 >
ffff8e67f59f0180 2914720536 S Co:2:005:0 s 40 bc 0001 1610 0008 8 = 00000000 00200000
ffff8e67f59f0180 2914723047 C Co:2:005:0 0 8 >
ffff8e67f59f0180 2914723234 S Co:2:005:0 s 40 bc 0001 1510 0008 8 = 00100000 00100000
ffff8e67f59f0180 2914725821 C Co:2:005:0 0 8 >
ffff8e67f59f0180 2914726050 S Co:2:005:0 s 40 bc 0001 1510 0008 8 = 00000000 00080000
ffff8e67f59f0180 2914728497 C Co:2:005:0 0 8 >
ffff8e67f59f0180 2914728690 S Co:2:005:0 s 40 bc 0001 1610 0008 8 = 00080000 00080000
ffff8e67f59f0180 2914731146 C Co:2:005:0 0 8 >
ffff8e67f59f0180 2914731337 S Co:2:005:0 s 40 bc 0001 1510 0008 8 = 00000000 00040000
ffff8e67f59f0180 2914733798 C Co:2:005:0 0 8 >
ffff8e67f59f0180 2914734071 S Co:2:005:0 s 40 bc 0001 1610 0008 8 = 00000000 00040000
ffff8e67f59f0180 2914736444 C Co:2:005:0 0 8 >
ffff8e67f59f0180 2914736522 S Co:2:005:0 s 40 bc 0001 1510 0008 8 = 00010000 00030000
ffff8e67f59f0180 2914739008 C Co:2:005:0 0 8 >
ffff8e67f59f0180 2914739199 S Co:2:005:0 s 40 bc 0001 1610 0008 8 = 00010000 00030000
ffff8e67f59f0180 2914741810 C Co:2:005:0 0 8 >
ffff8e67f59f0180 2914742055 S Co:2:005:0 s 40 bc 0001 1518 0008 8 = 0f000000 ff000000
ffff8e67f59f0180 2914744443 C Co:2:005:0 0 8 >
ffff8e67f59f0180 2914744491 S Co:2:005:0 s 40 bc 0001 1618 0008 8 = 0f000000 ff000000
ffff8e67f59f0180 2914747059 C Co:2:005:0 0 8 >
ffff8e67f59f0180 2914747242 S Co:2:005:0 s 40 bc 0001 1518 0008 8 = 00000000 00ff0000
ffff8e67f59f0180 2914749823 C Co:2:005:0 0 8 >
ffff8e67f59f0180 2914750028 S Co:2:005:0 s 40 bc 0001 1618 0008 8 = 00010000 00ff0000
ffff8e67f59f0180 2914752443 C Co:2:005:0 0 8 >
ffff8e67f59f0180 2914752580 S Co:2:005:0 s 40 bc 0001 1518 0008 8 = 00000000 0000ffff
ffff8e67f59f0180 2914755027 C Co:2:005:0 0 8 >
ffff8e67f59f0180 2914755217 S Co:2:005:0 s 40 bc 0001 151c 0008 8 = 00000000 ffff0000
ffff8e67f59f0180 2914757766 C Co:2:005:0 0 8 >
ffff8e67f59f0180 2914758021 S Co:2:005:0 s 40 bc 0001 1618 0008 8 = 00000000 0000ffff
ffff8e67f59f0180 2914760402 C Co:2:005:0 0 8 >
ffff8e67f59f0180 2914760517 S Co:2:005:0 s 40 bc 0001 161c 0008 8 = 00000000 ffff0000
ffff8e67f59f0180 2914763082 C Co:2:005:0 0 8 >
ffff8e67f59f0180 2914763177 S Co:2:005:0 s 40 bc 0001 1524 0008 8 = 00000100 0000ff00
ffff8e67f59f0180 2914765794 C Co:2:005:0 0 8 >
ffff8e67f59f0180 2914765902 S Co:2:005:0 s 40 bc 0001 1524 0008 8 = 00000029 000000ff
ffff8e67f59f0180 2914768418 C Co:2:005:0 0 8 >
ffff8e67f59f0180 2914768608 S Co:2:005:0 s 40 bc 0001 152c 0008 8 = 02d00000 ffff0000
ffff8e67f59f0180 2914771091 C Co:2:005:0 0 8 >
ffff8e67f59f0180 2914771241 S Co:2:005:0 s 40 bc 0001 152c 0008 8 = 000001e0 0000ffff
ffff8e67f59f0180 2914773795 C Co:2:005:0 0 8 >
ffff8e67f59f0180 2914774036 S Co:2:005:0 s 40 bc 0001 1624 0008 8 = 00000300 0000ff00
ffff8e67f59f0180 2914776443 C Co:2:005:0 0 8 >
ffff8e67f59f0180 2914776568 S Co:2:005:0 s 40 bc 0001 1624 0008 8 = 0000000c 000000ff
ffff8e67f59f0180 2914779101 C Co:2:005:0 0 8 >
ffff8e67f59f0180 2914779204 S Co:2:005:0 s 40 bc 0001 162c 0008 8 = 01400000 ffff0000
ffff8e67f59f0180 2914781764 C Co:2:005:0 0 8 >
ffff8e67f59f0180 2914781937 S Co:2:005:0 s 40 bc 0001 162c 0008 8 = 000000f0 0000ffff
ffff8e67f59f0180 2914784403 C Co:2:005:0 0 8 >
ffff8e67f59f0180 2914784521 S Co:2:005:0 s 40 bc 0001 1530 0008 8 = 00003e80 0000ffff
ffff8e67f59f0180 2914787089 C Co:2:005:0 0 8 >
ffff8e67f59f0180 2914787260 S Co:2:005:0 s 40 bc 0001 1534 0008 8 = 36b00000 ffff0000
ffff8e67f59f0180 2914789793 C Co:2:005:0 0 8 >
ffff8e67f59f0180 2914789907 S Co:2:005:0 s 40 bc 0001 1534 0008 8 = 00001f40 0000ffff
ffff8e67f59f0180 2914792420 C Co:2:005:0 0 8 >
ffff8e67f59f0180 2914792514 S Co:2:005:0 s 40 bc 0001 1538 0008 8 = 00000000 ffff0000
ffff8e67f59f0180 2914795041 C Co:2:005:0 0 8 >
ffff8e67f59f0180 2914795230 S Co:2:005:0 s 40 bc 0001 1630 0008 8 = 00002710 0000ffff
ffff8e67f59f0180 2914797796 C Co:2:005:0 0 8 >
ffff8e67f59f0180 2914798042 S Co:2:005:0 s 40 bc 0001 1634 0008 8 = 17700000 ffff0000
ffff8e67f59f0180 2914800388 C Co:2:005:0 0 8 >
ffff8e67f59f0180 2914800525 S Co:2:005:0 s 40 bc 0001 1634 0008 8 = 00000708 0000ffff
ffff8e67f59f0180 2914803011 C Co:2:005:0 0 8 >
ffff8e67f59f0180 2914803202 S Co:2:005:0 s 40 bc 0001 1638 0008 8 = 00000000 ffff0000
ffff8e67f59f0180 2914805801 C Co:2:005:0 0 8 >
ffff8e67f59f0180 2914805876 S Co:2:005:0 s 40 bc 0001 1550 0008 8 = 00000000 0000ff00
ffff8e67f59f0180 2914808410 C Co:2:005:0 0 8 >
ffff8e67f59f0180 2914808516 S Co:2:005:0 s 40 bc 0001 1550 0008 8 = 00000000 000000ff
ffff8e67f59f0180 2914811056 C Co:2:005:0 0 8 >
ffff8e67f59f0180 2914811236 S Co:2:005:0 s 40 bc 0001 1554 0008 8 = 00000000 ff000000
ffff8e67f59f0180 2914813795 C Co:2:005:0 0 8 >
ffff8e67f59f0180 2914814043 S Co:2:005:0 s 40 bc 0001 1554 0008 8 = 00000000 00ff0000
ffff8e67f59f0180 2914816479 C Co:2:005:0 0 8 >
ffff8e67f59f0180 2914816584 S Co:2:005:0 s 40 bc 0001 1554 0008 8 = 00000000 0000ffff
ffff8e67f59f0180 2914819043 C Co:2:005:0 0 8 >
ffff8e67f59f0180 2914819231 S Co:2:005:0 s 40 bc 0001 1558 0008 8 = 00000000 ffff0000
ffff8e67f59f0180 2914821787 C Co:2:005:0 0 8 >
ffff8e67f59f0180 2914822020 S Co:2:005:0 s 40 bc 0001 1570 0008 8 = 80000000 80000000
ffff8e67f59f0180 2914824408 C Co:2:005:0 0 8 >
ffff8e67f59f0180 2914824507 S Co:2:005:0 s 40 bc 0001 1670 0008 8 = 80000000 80000000
ffff8e67f59f0180 2914826975 C Co:2:005:0 0 8 >
ffff8e67f59f0180 2914827087 S Co:2:005:0 s 40 bc 0001 1570 0008 8 = 40000000 40000000
ffff8e67f59f0180 2914829786 C Co:2:005:0 0 8 >
ffff8e67f59f0180 2914829897 S Co:2:005:0 s 40 bc 0001 1670 0008 8 = 40000000 40000000
ffff8e67f59f0180 2914832434 C Co:2:005:0 0 8 >
ffff8e67f59f0180 2914832507 S Co:2:005:0 s 40 bc 0001 1570 0008 8 = 08000000 08000000
ffff8e67f59f0180 2914835047 C Co:2:005:0 0 8 >
ffff8e67f59f0180 2914835236 S Co:2:005:0 s 40 bc 0001 1670 0008 8 = 08000000 08000000
ffff8e67f59f0180 2914837786 C Co:2:005:0 0 8 >
ffff8e67f59f0180 2914838056 S Co:2:005:0 s 40 bc 0001 157c 0008 8 = 80000000 80000000
ffff8e67f59f0180 2914840431 C Co:2:005:0 0 8 >
ffff8e67f59f0180 2914840509 S Co:2:005:0 s 40 bc 0001 167c 0008 8 = 80000000 80000000
ffff8e67f59f0180 2914843038 C Co:2:005:0 0 8 >
ffff8e67f59f0180 2914843230 S Co:2:005:0 s 40 bc 0001 157c 0008 8 = 40000000 40000000
ffff8e67f59f0180 2914845783 C Co:2:005:0 0 8 >
ffff8e67f59f0180 2914846027 S Co:2:005:0 s 40 bc 0001 167c 0008 8 = 40000000 40000000
ffff8e67f59f0180 2914848428 C Co:2:005:0 0 8 >
ffff8e67f59f0180 2914848534 S Co:2:005:0 s 40 bc 0001 157c 0008 8 = 08000000 08000000
ffff8e67f59f0180 2914851089 C Co:2:005:0 0 8 >
ffff8e67f59f0180 2914851276 S Co:2:005:0 s 40 bc 0001 167c 0008 8 = 08000000 08000000
ffff8e67f59f0180 2914853915 C Co:2:005:0 0 8 >
ffff8e67f59f0180 2914854114 S Co:2:005:0 s 40 bc 0001 157c 0008 8 = 00000000 00001000
ffff8e67f59f0180 2914856549 C Co:2:005:0 0 8 >
ffff8e67f59f0180 2914856715 S Co:2:005:0 s 40 bc 0001 167c 0008 8 = 00000000 00001000
ffff8e67f59f0180 2914859174 C Co:2:005:0 0 8 >
ffff8e67f59f0180 2914859266 S Co:2:005:0 s 40 bc 0001 157c 0008 8 = 00000000 00000070
ffff8e67f59f0180 2914861759 C Co:2:005:0 0 8 >
ffff8e67f59f0180 2914861918 S Co:2:005:0 s 40 bc 0001 167c 0008 8 = 00000000 00000070
ffff8e67f59f0180 2914864416 C Co:2:005:0 0 8 >
ffff8e67f59f0180 2914864581 S Co:2:005:0 s 40 bc 0001 157c 0008 8 = 00000000 00000001
ffff8e67f59f0180 2914867056 C Co:2:005:0 0 8 >
ffff8e67f59f0180 2914867173 S Co:2:005:0 s 40 bc 0001 167c 0008 8 = 00000000 00000001
ffff8e67f59f0180 2914869761 C Co:2:005:0 0 8 >
ffff8e67f59f0180 2914869988 S Co:2:005:0 s 40 bc 0001 1580 0008 8 = 00000000 10000000
ffff8e67f59f0180 2914872403 C Co:2:005:0 0 8 >
ffff8e67f59f0180 2914872514 S Co:2:005:0 s 40 bc 0001 1680 0008 8 = 00000000 10000000
ffff8e67f59f0180 2914875052 C Co:2:005:0 0 8 >
ffff8e67f59f0180 2914875241 S Co:2:005:0 s 40 bc 0001 1580 0008 8 = 00000000 00ff0000
ffff8e67f59f0180 2914877759 C Co:2:005:0 0 8 >
ffff8e67f59f0180 2914877954 S Co:2:005:0 s 40 bc 0001 1680 0008 8 = 00000000 00ff0000
ffff8e67f59f0180 2914880400 C Co:2:005:0 0 8 >
ffff8e67f59f0180 2914880516 S Co:2:005:0 s 40 bc 0001 1580 0008 8 = 00000000 0000ff00
ffff8e67f59f0180 2914883063 C Co:2:005:0 0 8 >
ffff8e67f59f0180 2914883193 S Co:2:005:0 s 40 bc 0001 1680 0008 8 = 00000000 0000ff00
ffff8e67f59f0180 2914885780 C Co:2:005:0 0 8 >
ffff8e67f59f0180 2914886047 S Co:2:005:0 s 40 bc 0001 1580 0008 8 = 00000000 000000ff
ffff8e67f59f0180 2914888402 C Co:2:005:0 0 8 >
ffff8e67f59f0180 2914888526 S Co:2:005:0 s 40 bc 0001 1680 0008 8 = 00000000 000000ff
ffff8e67f59f0180 2914891067 C Co:2:005:0 0 8 >
ffff8e67f59f0180 2914891181 S Co:2:005:0 s 40 bc 0001 1684 0008 8 = 00000000 ffff0000
ffff8e67f59f0180 2914893791 C Co:2:005:0 0 8 >
ffff8e67f59f0180 2914893899 S Co:2:005:0 s 40 bc 0001 1684 0008 8 = 00000000 0000ffff
ffff8e67f59f0180 2914896412 C Co:2:005:0 0 8 >
ffff8e67f59f0180 2914896601 S Co:2:005:0 s 40 bc 0001 1688 0008 8 = 00000000 ffff0000
ffff8e67f59f0180 2914899042 C Co:2:005:0 0 8 >
ffff8e67f59f0180 2914899238 S Co:2:005:0 s 40 bc 0001 1a00 0008 8 = 00000000 00000003
ffff8e67f59f0180 2914901778 C Co:2:005:0 0 8 >
ffff8e67f59f0180 2914902044 S Co:2:005:0 s 40 bc 0001 1a08 0008 8 = 00000000 00010000
ffff8e67f59f0180 2914904318 C Co:2:005:0 0 8 >
ffff8e67f59f0180 2914904513 S Co:2:005:0 s 40 bc 0001 1a08 0008 8 = 00000000 00020000
ffff8e67f59f0180 2914907174 C Co:2:005:0 0 8 >
ffff8e67f59f0180 2914907383 S Co:2:005:0 s 40 bc 0001 1a08 0008 8 = 00000000 00040000
ffff8e67f59f0180 2914909941 C Co:2:005:0 0 8 >
ffff8e67f59f0180 2914910097 S Co:2:005:0 s 40 bc 0001 1a08 0008 8 = 00080000 00080000
ffff8e67f59f0180 2914912645 C Co:2:005:0 0 8 >
ffff8e67f59f0180 2914912779 S Co:2:005:0 s 40 bc 0001 1a08 0008 8 = 00200000 00300000
ffff8e67f59f0180 2914915269 C Co:2:005:0 0 8 >
ffff8e67f59f0180 2914915461 S Co:2:005:0 s 40 bc 0001 1a08 0008 8 = 00400000 00400000
ffff8e67f59f0180 2914917915 C Co:2:005:0 0 8 >
ffff8e67f59f0180 2914918108 S Co:2:005:0 s 40 bc 0001 1a08 0008 8 = 00800000 00800000
ffff8e67f59f0180 2914920684 C Co:2:005:0 0 8 >
ffff8e67f59f0180 2914920856 S Co:2:005:0 s 40 bc 0001 1a08 0008 8 = 00000000 07000000
ffff8e67f59f0180 2914923405 C Co:2:005:0 0 8 >
ffff8e67f59f0180 2914923488 S Co:2:005:0 s 40 bc 0001 1a08 0008 8 = 00000000 18000000
ffff8e67f59f0180 2914926047 C Co:2:005:0 0 8 >
ffff8e67f59f0180 2914926212 S Co:2:005:0 s 40 bc 0001 1a08 0008 8 = 00000000 20000000
ffff8e67f59f0180 2914928757 C Co:2:005:0 0 8 >
ffff8e67f59f0180 2914928951 S Co:2:005:0 s 40 bc 0001 1a08 0008 8 = 00000000 40000000
ffff8e67f59f0180 2914931401 C Co:2:005:0 0 8 >
ffff8e67f59f0180 2914931485 S Co:2:005:0 s 40 bc 0001 1a08 0008 8 = 00000000 80000000
ffff8e67f59f0180 2914934041 C Co:2:005:0 0 8 >
ffff8e67f59f0180 2914934231 S Co:2:005:0 s 40 bc 0001 1a0c 0008 8 = 00000000 ffff0000
ffff8e67f59f0180 2914936794 C Co:2:005:0 0 8 >
ffff8e67f59f0180 2914937048 S Co:2:005:0 s 40 bc 0001 1a64 0008 8 = 80000000 ffff0000
ffff8e67f59f0180 2914939423 C Co:2:005:0 0 8 >
ffff8e67f59f0180 2914939499 S Co:2:005:0 s 40 bc 0001 1a64 0008 8 = 00008000 0000ffff
ffff8e67f59f0180 2914942061 C Co:2:005:0 0 8 >
ffff8e67f59f0180 2914942256 S Co:2:005:0 s 40 bc 0001 1a68 0008 8 = 80000000 ffff0000
ffff8e67f59f0180 2914944777 C Co:2:005:0 0 8 >
ffff8e67f59f0180 2914945040 S Co:2:005:0 s 40 bc 0001 1a68 0008 8 = 00008000 0000ffff
ffff8e67f59f0180 2914947397 C Co:2:005:0 0 8 >
ffff8e67f59f0180 2914947477 S Co:2:005:0 s 40 bc 0001 1a6c 0008 8 = 80000000 ffff0000
ffff8e67f59f0180 2914950034 C Co:2:005:0 0 8 >
ffff8e67f59f0180 2914950228 S Co:2:005:0 s 40 bc 0001 1a6c 0008 8 = 00008000 0000ffff
ffff8e67f59f0180 2914952775 C Co:2:005:0 0 8 >
ffff8e67f59f0180 2914953010 S Co:2:005:0 s 40 bc 0001 1a04 0008 8 = 01800000 ffff0000
ffff8e67f59f0180 2914955419 C Co:2:005:0 0 8 >
ffff8e67f59f0180 2914955578 S Co:2:005:0 s 40 bc 0001 1a14 0008 8 = 00000000 00000060
ffff8e67f59f0180 2914957993 C Co:2:005:0 0 8 >
ffff8e67f59f0180 2914958184 S Co:2:005:0 s 40 bc 0001 1a14 0008 8 = 00000010 00000010
ffff8e67f59f0180 2914960745 C Co:2:005:0 0 8 >
ffff8e67f59f0180 2914960934 S Co:2:005:0 s 40 bc 0001 1a14 0008 8 = 00000000 00000008
ffff8e67f59f0180 2914963402 C Co:2:005:0 0 8 >
ffff8e67f59f0180 2914963470 S Co:2:005:0 s 40 bc 0001 1a14 0008 8 = 00000000 00000006
ffff8e67f59f0180 2914966129 C Co:2:005:0 0 8 >
ffff8e67f59f0180 2914966215 S Co:2:005:0 s 40 bc 0001 1a14 0008 8 = 00000000 00000001
ffff8e67f59f0180 2914968803 C Co:2:005:0 0 8 >
ffff8e67f59f0180 2914969031 S Co:2:005:0 s 40 bc 0001 1a04 0008 8 = 00000000 00000001
ffff8e67f59f0180 2914971585 C Co:2:005:0 0 8 >
ffff8e67f59f0180 2914971670 S Co:2:005:0 s 40 b8 0000 0000 0004 4 = 04000000
ffff8e67f59f0180 2914974174 C Co:2:005:0 0 4 >
ffff8e67f59f0180 2914974384 S Ii:2:005:3 -115:1 3 <
ffff8e67f59f0180 2914975506 C Ii:2:005:3 0:1 3 = 100000
ffff8e67f59f0180 2914975612 S Ci:2:005:0 s c0 bc 0800 0014 0002 2 <
ffff8e67f59f0180 2914978261 C Ci:2:005:0 0 2 = 0400
ffff8e67f59f0180 2914978450 S Bo:2:005:2 -115 32768 = 4d423841 43303331 00000000 000000a0 00380000 00000001 0016e450 6f3eaf9d
ffff8e67f59f0180 2914981755 C Bo:2:005:2 0 32768 >
ffff8e67f59f0180 2914981915 S Bo:2:005:2 -115 32768 = 459390c7 ad7361ee 357e708c 82400226 c79c8040 e1be18ee ddf45ddf a8263b1f
ffff8e67f59f0180 2914985164 C Bo:2:005:2 0 32768 >
ffff8e67f59f0180 2914985413 S Bo:2:005:2 -115 32768 = f82b3de5 7e78521d b2df26ab 5c3b4d2e c555fed1 101ab81e 5bf248a7 67907ef9
ffff8e67f59f0180 2914988797 C Bo:2:005:2 0 32768 >
ffff8e67f59f0180 2914989064 S Bo:2:005:2 -115 32768 = 86ba10bc f8dbd01d aa18a492 fbae6543 be4f17a1 94e7db00 e2bd3d47 16421d11
ffff8e67f59f0180 2914992418 C Bo:2:005:2 0 32768 >
ffff8e67f59f0180 2914992624 S Bo:2:005:2 -115 32768 = 85131719 13adea05 12dc0e43 91461cdf be9897a0 539e115a e0286384 f0136c55
ffff8e67f59f0180 2914995922 C Bo:2:005:2 0 32768 >
ffff8e67f59f0180 2914996094 S Bo:2:005:2 -115 32768 = d16371df 8d4fcd21 ce92ba93 17874aec 7e1172c2 b8d8125b d660a546 c13a7eed
ffff8e67f59f0180 2914999452 C Bo:2:005:2 0 32768 >
ffff8e67f59f0180 2914999560 S Bo:2:005:2 -115 32768 = 2bba7566 34d911b2 48322512 920fb880 14ad43a3 1d381ff5 017dd30f ec5efe26
ffff8e67f59f0180 2915002868 C Bo:2:005:2 0 32768 >
ffff8e67f59f0180 2915003121 S Bo:2:005:2 -115 32768 = c9d779bb 2ba58163 8b7bae5c 764e7db6 5bc9ef5f 7f2648ce 39f0dec8 8bf3bdad
ffff8e67f59f0180 2915006387 C Bo:2:005:2 0 32768 >
ffff8e67f59f0180 2915006499 S Bo:2:005:2 -115 32768 = 4e0e0fd6 7d0a496e d511a7e0 cec45bca a04d921f 354ae81c 14a9f377 0b8537a4
ffff8e67f59f0180 2915009946 C Bo:2:005:2 0 32768 >
ffff8e67f59f0180 2915010174 S Bo:2:005:2 -115 32768 = 4a258885 3ffc784f 4fe057a2 dbe61866 1641a789 bb7bc884 ac81a912 b0288a6b
ffff8e67f59f0180 2915013599 C Bo:2:005:2 0 32768 >
ffff8e67f59f0180 2915013819 S Bo:2:005:2 -115 32768 = 55e85959 b9d37625 54e5960f 10024d2c f01acaca a040a3b5 ebdb7e1d 5dc62ad9
ffff8e67f59f0180 2915017144 C Bo:2:005:2 0 32768 >
ffff8e67f59f0180 2915017273 S Bo:2:005:2 -115 32768 = c6c67b45 c02d5f3d b07e0720 6c149605 23b494f8 d7863c35 125f1641 0c1d3222
ffff8e67f59f0180 2915020974 C Bo:2:005:2 0 32768 >
ffff8e67f59f0180 2915021123 S Bo:2:005:2 -115 32768 = b0be6abd 3edea79d 2036b52d 0d33f0bb e715ade9 bbcca2b1 5b52e1bb 7c73ce1c
ffff8e67f59f0180 2915024586 C Bo:2:005:2 0 32768 >
ffff8e67f59f0180 2915024846 S Bo:2:005:2 -115 32768 = 70ff6f20 cf70510c 741bc89a 8912d5b2 c0285994 218e2c29 2397beeb 5b2d42b7
ffff8e67f59f0180 2915028101 C Bo:2:005:2 0 32768 >
ffff8e67f59f0180 2915028333 S Bo:2:005:2 -115 32768 = 9fb59404 4c983772 80fc35b9 be46c51a e6c321eb 798b46a5 3cb7a40a 01a3b0fa
ffff8e67f59f0180 2915031661 C Bo:2:005:2 0 32768 >
ffff8e67f59f0180 2915032079 S Bo:2:005:2 -115 32768 = 4a275e66 87d9040e c1ac05b9 45c05555 17f5eef8 ac0ac462 858a224b ac891c92
ffff8e67f59f0180 2915035235 C Bo:2:005:2 0 32768 >
ffff8e67f59f0180 2915035424 S Bo:2:005:2 -115 32768 = 25c2d040 048cfff4 00f6979e e00a6f16 5696ea3e 5690205f b6f84d89 3516d697
ffff8e67f59f0180 2915038923 C Bo:2:005:2 0 32768 >
ffff8e67f59f0180 2915039149 S Bo:2:005:2 -115 32768 = 6023fbbe e9917ec6 b363e23b 69c95ce6 f40259c2 41f0b38f 489d0579 2045e75a
ffff8e67f59f0180 2915042536 C Bo:2:005:2 0 32768 >
ffff8e67f59f0180 2915042771 S Bo:2:005:2 -115 32768 = 735ad409 35dcf6e6 e6690c40 00040de1 01ff55e4 77c84ea6 fa787a9b fc50a41e
ffff8e67f59f0180 2915046248 C Bo:2:005:2 0 32768 >
ffff8e67f59f0180 2915046482 S Bo:2:005:2 -115 32768 = 48e7ae51 3e898960 68d54945 ca5bc1ef f74200b9 ef4d1c5a 335ce8f4 aa4b100b
ffff8e67f59f0180 2915050009 C Bo:2:005:2 0 32768 >
ffff8e67f59f0180 2915050234 S Bo:2:005:2 -115 32768 = ca8da8c2 3e72fa1c e5bb061c 61dd1b52 d3f1e662 e37656b9 04aac02f e156871c
ffff8e67f59f0180 2915053681 C Bo:2:005:2 0 32768 >
ffff8e67f59f0180 2915053821 S Bo:2:005:2 -115 32768 = 302064e7 aebe92ac a2bd6cae 1ab59d24 d6a42592 d19aa99e d4c137e1 4c3835d3
ffff8e67f59f0180 2915057308 C Bo:2:005:2 0 32768 >
ffff8e67f59f0180 2915057534 S Bo:2:005:2 -115 32768 = 2a4392d4 192d728c 16588cda eda8f7bc 87a52bda 15d635f1 587b10d1 436f4c7b
ffff8e67f59f0180 2915060952 C Bo:2:005:2 0 32768 >
ffff8e67f59f0180 2915061180 S Bo:2:005:2 -115 32768 = 46ee0a05 e9836907 9cdf9b99 343bbb48 76bda731 595ddfe6 3d0bc11d c73bb88a
ffff8e67f59f0180 2915064571 C Bo:2:005:2 0 32768 >
ffff8e67f59f0180 2915064875 S Bo:2:005:2 -115 32768 = 29497b8a 241fabba 694df2f7 4c65acb2 a6b6d498 24bd2091 bef3cdc3 863f71df
ffff8e67f59f0180 2915068185 C Bo:2:005:2 0 32768 >
ffff8e67f59f0180 2915068340 S Bo:2:005:2 -115 32768 = 00712cbc 506dcf73 6a3da0bf 027600bd 32883148 d9c09b90 47286fc0 1b20477d
ffff8e67f59f0180 2915071875 C Bo:2:005:2 0 32768 >
ffff8e67f59f0180 2915072012 S Bo:2:005:2 -115 32768 = 9d62139f 3d67b63c 5e485997 f0338abc ae284276 fb203f0c b5baa3d9 a149d7b4
ffff8e67f59f0180 2915075549 C Bo:2:005:2 0 32768 >
ffff8e67f59f0180 2915075819 S Bo:2:005:2 -115 32768 = 035bc2ba f295d682 eef7c842 459af1e6 44f968a6 6c21d821 e4d1bb48 ceefe50d
ffff8e67f59f0180 2915079170 C Bo:2:005:2 0 32768 >
ffff8e67f59f0180 2915079374 S Bo:2:005:2 -115 32768 = f2a42acb e3a77eb7 a7372857 2a677c39 b05b7a78 7d563ed8 218bf5c8 2d3e59fb
ffff8e67f59f0180 2915082753 C Bo:2:005:2 0 32768 >
ffff8e67f59f0180 2915083018 S Bo:2:005:2 -115 32768 = a9ae8ecb ff3e5f4b 18e6c0a9 aee9d31a 9ddad2d9 de5fe966 22fb0e5e 97c8ad1e
ffff8e67f59f0180 2915086329 C Bo:2:005:2 0 32768 >
ffff8e67f59f0180 2915086542 S Bo:2:005:2 -115 32768 = 7f2f2797 8a15f346 87e81052 0449e8f1 beae1af4 c83e4d14 368e5a5a 498f489a
ffff8e67f59f0180 2915089913 C Bo:2:005:2 0 32768 >
ffff8e67f59f0180 2915090141 S Bo:2:005:2 -115 32768 = 7663cc8e 831f9f62 ba81eed8 79905025 5c4e8045 d4a40ee0 fff03d64 4a558390
ffff8e67f59f0180 2915093469 C Bo:2:005:2 0 32768 >
ffff8e67f59f0180 2915093620 S Bo:2:005:2 -115 32768 = 013172ee 86d83fb6 fbc0d910 0b7e12bc fe722f37 4bacbf38 6fb28cf6 78aa0d61
ffff8e67f59f0180 2915097105 C Bo:2:005:2 0 32768 >
ffff8e67f59f0180 2915097304 S Bo:2:005:2 -115 32768 = 04a22f9e 76871f97 9fc04d07 e154b8a2 85bc474b b4198137 97d8ce99 90e9d117
ffff8e67f59f0180 2915100798 C Bo:2:005:2 0 32768 >
ffff8e67f59f0180 2915101096 S Bo:2:005:2 -115 32768 = d7b165ab dbe01981 4ba70572 6628fca9 f299ccbb 3b31511b 24a9d06f 8f79a994
ffff8e67f59f0180 2915104477 C Bo:2:005:2 0 32768 >
ffff8e67f59f0180 2915104699 S Bo:2:005:2 -115 32768 = 11d3226a d9d7e11e 64429194 2c529d1b 52ae5410 d59fcf85 d815bcbd 9ab8bd76
ffff8e67f59f0180 2915108053 C Bo:2:005:2 0 32768 >
ffff8e67f59f0180 2915108278 S Bo:2:005:2 -115 32768 = 2c6c5b3f 2154ead9 15da54bd 3a10a2d1 7251bff8 b6408d6e 7bcee7d4 48a17a39
ffff8e67f59f0180 2915111654 C Bo:2:005:2 0 32768 >
ffff8e67f59f0180 2915111823 S Bo:2:005:2 -115 32768 = 7a1928d3 f37cc593 4ae5b2b4 26f25b78 73e03e9a ea63c953 f536c3e9 82d2dc1f
ffff8e67f59f0180 2915115397 C Bo:2:005:2 0 32768 >
ffff8e67f59f0180 2915115616 S Bo:2:005:2 -115 32768 = 1aa3edf6 bfd4972b 1aa3edf6 bfd4972b 1aa3edf6 bfd4972b 1aa3edf6 bfd4972b
ffff8e67f59f0180 2915119009 C Bo:2:005:2 0 32768 >
ffff8e67f59f0180 2915119165 S Bo:2:005:2 -115 32768 = e020a7f8 5170f55b ea4a3279 6bdf3c8a b08e46f5 f5daed3d 9a6c8a05 24f72017
ffff8e67f59f0180 2915122669 C Bo:2:005:2 0 32768 >
ffff8e67f59f0180 2915122899 S Bo:2:005:2 -115 32768 = 96484c0a 04e4daef a835e578 73b288ba de2c1a64 0ce4fc45 dfe7dd59 555dc92c
ffff8e67f59f0180 2915126308 C Bo:2:005:2 0 32768 >
ffff8e67f59f0180 2915126457 S Bo:2:005:2 -115 32768 = 522da892 fe693da0 736fde09 1d40091d d074ac06 95e90ec9 425fba55 cbf50e2e
ffff8e67f59f0180 2915129942 C Bo:2:005:2 0 32768 >
ffff8e67f59f0180 2915130166 S Bo:2:005:2 -115 32768 = 763ff695 bfd7bd00 92938b32 5691aebb cdc94288 96d15f7d f9878077 43e08db8
ffff8e67f59f0180 2915133578 C Bo:2:005:2 0 32768 >
ffff8e67f59f0180 2915133722 S Bo:2:005:2 -115 32768 = 814281d7 8b3765de c30fa280 1256c789 e4f96159 aec7c88e 3379d77f 66bc0a6a
ffff8e67f59f0180 2915137223 C Bo:2:005:2 0 32768 >
ffff8e67f59f0180 2915137378 S Bo:2:005:2 -115 32768 = 1865b88b bffb3968 55224cc8 909b1ee7 47544f1a 212e9109 4c6a4e54 8b8795d2
ffff8e67f59f0180 2915140800 C Bo:2:005:2 0 32768 >
ffff8e67f59f0180 2915141106 S Bo:2:005:2 -115 26224 = 6d0d822e e3d15d8e 1f67e581 8f522c6d d29abfa4 adb59d21 f94b05db a82ddea4
ffff8e67f59f0180 2915144162 C Bo:2:005:2 0 26224 >
ffff8e67f59f0180 2915144325 S Ci:2:005:0 s c0 bc 0000 0010 0002 2 <
ffff8e67f59f0180 2915146923 C Ci:2:005:0 0 2 = 2013
ffff8e67f59f0180 2915147091 S Ci:2:005:0 s c0 bc 0000 0012 0002 2 <
ffff8e67f59f0180 2915149680 C Ci:2:005:0 0 2 = 1210
ffff8e67f59f0180 2915149873 S Ci:2:005:0 s c0 bc 0000 0014 0002 2 <
ffff8e67f59f0180 2915152451 C Ci:2:005:0 0 2 = 1880
ffff8e67f59f0180 2915152518 S Ci:2:005:0 s c0 bc 0000 0016 0002 2 <
ffff8e67f59f0180 2915155131 C Ci:2:005:0 0 2 = 2030
ffff8e67f59f0180 2915155299 S Co:2:005:0 s 40 bc 0800 00c0 0006 6 = aba90fa4 5500
ffff8e67f59f0180 2915157792 C Co:2:005:0 0 6 >
ffff8e67f59f0180 2915157871 S Co:2:005:0 s 40 b9 0000 0000 0004 4 = 09006605
ffff8e67f59f0180 2915160561 C Co:2:005:0 0 4 >
ffff8e67f59f0180 2915160740 S Ii:2:005:3 -115:1 3 <
ffff8e67f59f0180 2915161803 C Ii:2:005:3 0:1 3 = 100000
ffff8e67f59f0180 2915161948 S Ci:2:005:0 s c0 bc 0800 0016 0002 2 <
ffff8e67f59f0180 2915164640 C Ci:2:005:0 0 2 = 0900
ffff8e67f59f0180 2915164821 S Ci:2:005:0 s c0 bc 0900 001c 0002 2 <
ffff8e67f59f0180 2915167427 C Ci:2:005:0 0 2 = 2f7f
ffff8e67f59f0180 2915167539 S Ci:2:005:0 s c0 bc 0800 23be 0002 2 <
ffff8e67f59f0180 2915170177 C Ci:2:005:0 0 2 = 0000
ffff8e67f59f0180 2915170365 S Co:2:005:0 s 40 bc 0900 0014 0002 2 = d086
ffff8e67f59f0180 2915173062 C Co:2:005:0 0 2 >
ffff8e67f59f0180 2915173225 S Ci:2:005:0 s c0 bc 0900 001c 0002 2 <
ffff8e67f59f0180 2915175799 C Ci:2:005:0 0 2 = 2f7f
ffff8e67f59f0180 2915175994 S Co:2:005:0 s 40 b9 0000 0000 0004 4 = 09016603
ffff8e67f59f0180 2915178549 C Co:2:005:0 0 4 >
ffff8e67f59f0180 2915178711 S Ii:2:005:3 -115:1 3 <
ffff8e67f59f0180 2915179873 C Ii:2:005:3 0:1 3 = 100000
ffff8e67f59f0180 2915180069 S Ci:2:005:0 s c0 bc 0800 0016 0002 2 <
ffff8e67f59f0180 2915182699 C Ci:2:005:0 0 2 = 0900
ffff8e67f59f0180 2915182765 S Ci:2:005:0 s c0 bc 0900 001c 0002 2 <
ffff8e67f59f0180 2915185435 C Ci:2:005:0 0 2 = 2f7f
ffff8e67f59f0180 2915185499 S Ci:2:005:0 s c0 bc 0800 23be 0006 6 <
ffff8e67f59f0180 2915188162 C Ci:2:005:0 0 6 = 000027f9 7b00
ffff8e67f59f0180 2915188336 S Co:2:005:0 s 40 bc 0900 0014 0002 2 = d086
ffff8e67f59f0180 2915190897 C Co:2:005:0 0 2 >
ffff8e67f59f0180 2915191094 S Co:2:005:0 s 40 bc 0900 0018 0002 2 = 0006
ffff8e67f59f0180 2915193660 C Co:2:005:0 0 2 >
ffff8e67f59f0180 2915193848 S Ci:2:005:0 s c0 bc 0900 0014 0002 2 <
ffff8e67f59f0180 2915196425 C Ci:2:005:0 0 2 = d086
ffff8e67f59f0180 2915196479 S Ci:2:005:0 s c0 bc 0900 0018 0002 2 <
ffff8e67f59f0180 2915199204 C Ci:2:005:0 0 2 = 0006
ffff8e67f59f0180 2915199398 S Co:2:005:0 s 40 bc 0800 00c0 0006 6 = aba90fa4 5b00
ffff8e67f59f0180 2915201933 C Co:2:005:0 0 6 >
ffff8e67f59f0180 2915202125 S Co:2:005:0 s 40 b9 0000 0000 0004 4 = 09006605
ffff8e67f59f0180 2915204667 C Co:2:005:0 0 4 >
ffff8e67f59f0180 2915204852 S Ii:2:005:3 -115:1 3 <
ffff8e67f59f0180 2915206024 C Ii:2:005:3 0:1 3 = 100000
ffff8e67f59f0180 2915206101 S Ci:2:005:0 s c0 bc 0800 0016 0002 2 <
ffff8e67f59f0180 2915208787 C Ci:2:005:0 0 2 = 0900
ffff8e67f59f0180 2915208940 S Ci:2:005:0 s c0 bc 0900 001c 0002 2 <
ffff8e67f59f0180 2915211515 C Ci:2:005:0 0 2 = 2f7f
ffff8e67f59f0180 2915211670 S Ci:2:005:0 s c0 bc 0800 23be 0002 2 <
ffff8e67f59f0180 2915214071 C Ci:2:005:0 0 2 = 0000
ffff8e67f59f0180 2915214266 S Co:2:005:0 s 40 bc 0900 0014 0002 2 = d086
ffff8e67f59f0180 2915216893 C Co:2:005:0 0 2 >
ffff8e67f59f0180 2915217089 S Ci:2:005:0 s c0 bc 0900 001c 0002 2 <
ffff8e67f59f0180 2915219502 C Ci:2:005:0 0 2 = 2f7f
ffff8e67f59f0180 2915219780 S Co:2:005:0 s 40 b9 0000 0000 0004 4 = 09016603
ffff8e67f59f0180 2915222125 C Co:2:005:0 0 4 >
ffff8e67f59f0180 2915222247 S Ii:2:005:3 -115:1 3 <
ffff8e67f59f0180 2915223457 C Ii:2:005:3 0:1 3 = 100000
ffff8e67f59f0180 2915223677 S Ci:2:005:0 s c0 bc 0800 0016 0002 2 <
ffff8e67f59f0180 2915226177 C Ci:2:005:0 0 2 = 0900
ffff8e67f59f0180 2915226341 S Ci:2:005:0 s c0 bc 0900 001c 0002 2 <
ffff8e67f59f0180 2915228867 C Ci:2:005:0 0 2 = 2f7f
ffff8e67f59f0180 2915229075 S Ci:2:005:0 s c0 bc 0800 23be 0006 6 <
ffff8e67f59f0180 2915231588 C Ci:2:005:0 0 6 = 000078e0 4500
ffff8e67f59f0180 2915231752 S Co:2:005:0 s 40 bc 0900 0014 0002 2 = d086
ffff8e67f59f0180 2915234261 C Co:2:005:0 0 2 >
ffff8e67f59f0180 2915234450 S Co:2:005:0 s 40 bc 0900 0018 0002 2 = 0006
ffff8e67f59f0180 2915236888 C Co:2:005:0 0 2 >
ffff8e67f59f0180 2915237112 S Ci:2:005:0 s c0 bc 0900 0014 0002 2 <
ffff8e67f59f0180 2915239613 C Ci:2:005:0 0 2 = d086
ffff8e67f59f0180 2915239806 S Ci:2:005:0 s c0 bc 0900 0018 0002 2 <
ffff8e67f59f0180 2915242268 C Ci:2:005:0 0 2 = 0006
ffff8e67f59f0180 2915242383 S Co:2:005:0 s 40 bc 0900 0014 0002 2 = d08e
ffff8e67f59f0180 2915244919 C Co:2:005:0 0 2 >
ffff8e67f59f0180 2915245062 S Co:2:005:0 s 40 bc 0900 0018 0002 2 = 000e
ffff8e67f59f0180 2915247615 C Co:2:005:0 0 2 >
ffff8e67f59f0180 2915247651 S Ci:2:005:0 s c0 bc 0900 0014 0002 2 <
ffff8e67f59f0180 2915250202 C Ci:2:005:0 0 2 = d08e
ffff8e67f59f0180 2915250415 S Ci:2:005:0 s c0 bc 0900 0018 0002 2 <
ffff8e67f59f0180 2915252920 C Ci:2:005:0 0 2 = 000e
ffff8e67f59f0180 2915253119 S Co:2:005:0 s 40 bc 0800 00c0 0006 6 = aba90fa4 5500
ffff8e67f59f0180 2915255758 C Co:2:005:0 0 6 >
ffff8e67f59f0180 2915255947 S Co:2:005:0 s 40 b9 0000 0000 0004 4 = 09006605
ffff8e67f59f0180 2915258419 C Co:2:005:0 0 4 >
ffff8e67f59f0180 2915258522 S Ii:2:005:3 -115:1 3 <
ffff8e67f59f0180 2915259714 C Ii:2:005:3 0:1 3 = 100000
ffff8e67f59f0180 2915260040 S Ci:2:005:0 s c0 bc 0800 0016 0002 2 <
ffff8e67f59f0180 2915262432 C Ci:2:005:0 0 2 = 0900
ffff8e67f59f0180 2915262536 S Ci:2:005:0 s c0 bc 0900 001c 0002 2 <
ffff8e67f59f0180 2915265154 C Ci:2:005:0 0 2 = 2f7f
ffff8e67f59f0180 2915265245 S Ci:2:005:0 s c0 bc 0800 23be 0002 2 <
ffff8e67f59f0180 2915267732 C Ci:2:005:0 0 2 = 0000
ffff8e67f59f0180 2915267985 S Co:2:005:0 s 40 bc 0900 0014 0002 2 = d08e
ffff8e67f59f0180 2915270363 C Co:2:005:0 0 2 >
ffff8e67f59f0180 2915270502 S Ci:2:005:0 s c0 bc 0900 001c 0002 2 <
ffff8e67f59f0180 2915273029 C Ci:2:005:0 0 2 = 2f7f
ffff8e67f59f0180 2915273132 S Co:2:005:0 s 40 b9 0000 0000 0004 4 = 09016603
ffff8e67f59f0180 2915275686 C Co:2:005:0 0 4 >
ffff8e67f59f0180 2915275870 S Ii:2:005:3 -115:1 3 <
ffff8e67f59f0180 2915276963 C Ii:2:005:3 0:1 3 = 100000
ffff8e67f59f0180 2915277072 S Ci:2:005:0 s c0 bc 0800 0016 0002 2 <
ffff8e67f59f0180 2915279750 C Ci:2:005:0 0 2 = 0900
ffff8e67f59f0180 2915279838 S Ci:2:005:0 s c0 bc 0900 001c 0002 2 <
ffff8e67f59f0180 2915282411 C Ci:2:005:0 0 2 = 2f7f
ffff8e67f59f0180 2915282525 S Ci:2:005:0 s c0 bc 0800 23be 0006 6 <
ffff8e67f59f0180 2915285123 C Ci:2:005:0 0 6 = 000027f9 7b00
ffff8e67f59f0180 2915285344 S Co:2:005:0 s 40 bc 0800 00c0 0002 2 = 2828
ffff8e67f59f0180 2915287877 C Co:2:005:0 0 2 >
ffff8e67f59f0180 2915288087 S Co:2:005:0 s 40 b9 0000 0000 0004 4 = 09006602
ffff8e67f59f0180 2915290612 C Co:2:005:0 0 4 >
ffff8e67f59f0180 2915290730 S Ii:2:005:3 -115:1 3 <
ffff8e67f59f0180 2915291919 C Ii:2:005:3 0:1 3 = 100000
ffff8e67f59f0180 2915292107 S Ci:2:005:0 s c0 bc 0800 0016 0002 2 <
ffff8e67f59f0180 2915294638 C Ci:2:005:0 0 2 = 0900
ffff8e67f59f0180 2915294799 S Ci:2:005:0 s c0 bc 0900 001c 0002 2 <
ffff8e67f59f0180 2915297246 C Ci:2:005:0 0 2 = 2f7f
ffff8e67f59f0180 2915297378 S Ci:2:005:0 s c0 bc 0800 23be 0002 2 <
ffff8e67f59f0180 2915299928 C Ci:2:005:0 0 2 = 0000
ffff8e67f59f0180 2915300093 S Co:2:005:0 s 40 bc 0900 0014 0002 2 = d08e
ffff8e67f59f0180 2915302554 C Co:2:005:0 0 2 >
ffff8e67f59f0180 2915302705 S Ci:2:005:0 s c0 bc 0900 001c 0002 2 <
ffff8e67f59f0180 2915305291 C Ci:2:005:0 0 2 = 2f7f
ffff8e67f59f0180 2915305395 S Co:2:005:0 s 40 bc 0800 00c0 0004 4 = 29895b00
ffff8e67f59f0180 2915307996 C Co:2:005:0 0 4 >
ffff8e67f59f0180 2915308148 S Co:2:005:0 s 40 b9 0000 0000 0004 4 = 09006603
ffff8e67f59f0180 2915310813 C Co:2:005:0 0 4 >
ffff8e67f59f0180 2915311053 S Ii:2:005:3 -115:1 3 <
ffff8e67f59f0180 2915312080 C Ii:2:005:3 0:1 3 = 100000
ffff8e67f59f0180 2915312250 S Ci:2:005:0 s c0 bc 0800 0016 0002 2 <
ffff8e67f59f0180 2915314752 C Ci:2:005:0 0 2 = 0900
ffff8e67f59f0180 2915314992 S Ci:2:005:0 s c0 bc 0900 001c 0002 2 <
ffff8e67f59f0180 2915317376 C Ci:2:005:0 0 2 = 2f7f
ffff8e67f59f0180 2915317516 S Ci:2:005:0 s c0 bc 0800 23be 0002 2 <
ffff8e67f59f0180 2915320009 C Ci:2:005:0 0 2 = 0000
ffff8e67f59f0180 2915320204 S Co:2:005:0 s 40 bc 0900 0014 0002 2 = d08e
ffff8e67f59f0180 2915322723 C Co:2:005:0 0 2 >
ffff8e67f59f0180 2915322917 S Ci:2:005:0 s c0 bc 0900 001c 0002 2 <
ffff8e67f59f0180 2915325390 C Ci:2:005:0 0 2 = 2f7f
ffff8e67f59f0180 2915325483 S Co:2:005:0 s 40 b9 0000 0000 0004 4 = 09016601
ffff8e67f59f0180 2915328113 C Co:2:005:0 0 4 >
ffff8e67f59f0180 2915328288 S Ii:2:005:3 -115:1 3 <
ffff8e67f59f0180 2915329493 C Ii:2:005:3 0:1 3 = 100000
ffff8e67f59f0180 2915329594 S Ci:2:005:0 s c0 bc 0800 0016 0002 2 <
ffff8e67f59f0180 2915332242 C Ci:2:005:0 0 2 = 0900
ffff8e67f59f0180 2915332439 S Ci:2:005:0 s c0 bc 0900 001c 0002 2 <
ffff8e67f59f0180 2915334916 C Ci:2:005:0 0 2 = 2f7f
ffff8e67f59f0180 2915335065 S Ci:2:005:0 s c0 bc 0800 23be 0004 4 <
ffff8e67f59f0180 2915337601 C Ci:2:005:0 0 4 = 000091f9
ffff8e67f59f0180 2915337782 S Co:2:005:0 s 40 bc 0800 00c0 0004 4 = ddce3fb2
ffff8e67f59f0180 2915340358 C Co:2:005:0 0 4 >
ffff8e67f59f0180 2915340517 S Co:2:005:0 s 40 b9 0000 0000 0004 4 = 09006604
ffff8e67f59f0180 2915343153 C Co:2:005:0 0 4 >
ffff8e67f59f0180 2915343244 S Ii:2:005:3 -115:1 3 <
ffff8e67f59f0180 2915344507 C Ii:2:005:3 0:1 3 = 100000
ffff8e67f59f0180 2915344593 S Ci:2:005:0 s c0 bc 0800 0016 0002 2 <
ffff8e67f59f0180 2915347238 C Ci:2:005:0 0 2 = 0900
ffff8e67f59f0180 2915347447 S Ci:2:005:0 s c0 bc 0900 001c 0002 2 <
ffff8e67f59f0180 2915349976 C Ci:2:005:0 0 2 = 2f7f
ffff8e67f59f0180 2915350141 S Ci:2:005:0 s c0 bc 0800 23be 0002 2 <
ffff8e67f59f0180 2915352679 C Ci:2:005:0 0 2 = 0000
ffff8e67f59f0180 2915352851 S Co:2:005:0 s 40 bc 0900 0014 0002 2 = d08e
ffff8e67f59f0180 2915355401 C Co:2:005:0 0 2 >
ffff8e67f59f0180 2915355559 S Ci:2:005:0 s c0 bc 0900 001c 0002 2 <
ffff8e67f59f0180 2915358146 C Ci:2:005:0 0 2 = 2f7f
ffff8e67f59f0180 2915358320 S Co:2:005:0 s 40 b9 0000 0000 0004 4 = 09016602
ffff8e67f59f0180 2915360844 C Co:2:005:0 0 4 >
ffff8e67f59f0180 2915361082 S Ii:2:005:3 -115:1 3 <
ffff8e67f59f0180 2915362166 C Ii:2:005:3 0:1 3 = 100000
ffff8e67f59f0180 2915362227 S Ci:2:005:0 s c0 bc 0800 0016 0002 2 <
ffff8e67f59f0180 2915365109 C Ci:2:005:0 0 2 = 0900
ffff8e67f59f0180 2915365253 S Ci:2:005:0 s c0 bc 0900 001c 0002 2 <
ffff8e67f59f0180 2915367733 C Ci:2:005:0 0 2 = 2f7f
ffff8e67f59f0180 2915367836 S Ci:2:005:0 s c0 bc 0800 23be 0004 4 <
ffff8e67f59f0180 2915370363 C Ci:2:005:0 0 4 = 0000da67
ffff8e67f59f0180 2915370479 S Co:2:005:0 s 40 bc 0900 0014 0002 2 = d09e
ffff8e67f59f0180 2915373089 C Co:2:005:0 0 2 >
ffff8e67f59f0180 2915373270 S Co:2:005:0 s 40 bc 0900 0018 0002 2 = 001e
ffff8e67f59f0180 2915375882 C Co:2:005:0 0 2 >
ffff8e67f59f0180 2915375962 S Ci:2:005:0 s c0 bc 0900 0014 0002 2 <
ffff8e67f59f0180 2915378604 C Ci:2:005:0 0 2 = d09e
ffff8e67f59f0180 2915378793 S Ci:2:005:0 s c0 bc 0900 0018 0002 2 <
ffff8e67f59f0180 2915381245 C Ci:2:005:0 0 2 = 001e
ffff8e67f59f0180 2915381384 S Co:2:005:0 s 40 bc 0800 00c0 0004 4 = 43238400
ffff8e67f59f0180 2915383908 C Co:2:005:0 0 4 >
ffff8e67f59f0180 2915384080 S Co:2:005:0 s 40 b9 0000 0000 0004 4 = 09006603
ffff8e67f59f0180 2915386629 C Co:2:005:0 0 4 >
ffff8e67f59f0180 2915386740 S Ii:2:005:3 -115:1 3 <
ffff8e67f59f0180 2915387947 C Ii:2:005:3 0:1 3 = 100000
ffff8e67f59f0180 2915388135 S Ci:2:005:0 s c0 bc 0800 0016 0002 2 <
ffff8e67f59f0180 2915390653 C Ci:2:005:0 0 2 = 0900
ffff8e67f59f0180 2915390915 S Ci:2:005:0 s c0 bc 0900 001c 0002 2 <
ffff8e67f59f0180 2915393388 C Ci:2:005:0 0 2 = 2f7f
ffff8e67f59f0180 2915393487 S Ci:2:005:0 s c0 bc 0800 23be 0002 2 <
ffff8e67f59f0180 2915396127 C Ci:2:005:0 0 2 = 0000
ffff8e67f59f0180 2915396318 S Co:2:005:0 s 40 bc 0900 0014 0002 2 = d09e
ffff8e67f59f0180 2915398862 C Co:2:005:0 0 2 >
ffff8e67f59f0180 2915399085 S Ci:2:005:0 s c0 bc 0900 001c 0002 2 <
ffff8e67f59f0180 2915401492 C Ci:2:005:0 0 2 = 2f7f
ffff8e67f59f0180 2915401583 S Co:2:005:0 s 40 b9 0000 0000 0004 4 = 09016601
ffff8e67f59f0180 2915404087 C Co:2:005:0 0 4 >
ffff8e67f59f0180 2915404278 S Ii:2:005:3 -115:1 3 <
ffff8e67f59f0180 2915405493 C Ii:2:005:3 0:1 3 = 100000
ffff8e67f59f0180 2915405608 S Ci:2:005:0 s c0 bc 0800 0016 0002 2 <
ffff8e67f59f0180 2915408175 C Ci:2:005:0 0 2 = 0900
ffff8e67f59f0180 2915408269 S Ci:2:005:0 s c0 bc 0900 001c 0002 2 <
ffff8e67f59f0180 2915410892 C Ci:2:005:0 0 2 = 2f7f
ffff8e67f59f0180 2915411060 S Ci:2:005:0 s c0 bc 0800 23be 0004 4 <
ffff8e67f59f0180 2915413538 C Ci:2:005:0 0 4 = 0000f767
ffff8e67f59f0180 2915413731 S Co:2:005:0 s 40 bc 0900 0014 0002 2 = d09e
ffff8e67f59f0180 2915416378 C Co:2:005:0 0 2 >
ffff8e67f59f0180 2915416529 S Co:2:005:0 s 40 bc 0900 0018 0002 2 = 000e
ffff8e67f59f0180 2915419151 C Co:2:005:0 0 2 >
ffff8e67f59f0180 2915419229 S Ci:2:005:0 s c0 bc 0900 0014 0002 2 <
ffff8e67f59f0180 2915421877 C Ci:2:005:0 0 2 = d09e
ffff8e67f59f0180 2915421988 S Ci:2:005:0 s c0 bc 0900 0018 0002 2 <
ffff8e67f59f0180 2915424439 C Ci:2:005:0 0 2 = 000e
ffff8e67f59f0180 2915424615 S Co:2:005:0 s 40 bc 0800 00c0 0004 4 = 8989fb00
ffff8e67f59f0180 2915427220 C Co:2:005:0 0 4 >
ffff8e67f59f0180 2915427317 S Co:2:005:0 s 40 b9 0000 0000 0004 4 = 09006603
ffff8e67f59f0180 2915429849 C Co:2:005:0 0 4 >
ffff8e67f59f0180 2915430083 S Ii:2:005:3 -115:1 3 <
ffff8e67f59f0180 2915431196 C Ii:2:005:3 0:1 3 = 100000
ffff8e67f59f0180 2915431273 S Ci:2:005:0 s c0 bc 0800 0016 0002 2 <
ffff8e67f59f0180 2915433974 C Ci:2:005:0 0 2 = 0900
ffff8e67f59f0180 2915434103 S Ci:2:005:0 s c0 bc 0900 001c 0002 2 <
ffff8e67f59f0180 2915436705 C Ci:2:005:0 0 2 = 2f6f
ffff8e67f59f0180 2915436778 S Ci:2:005:0 s c0 bc 0800 23be 0002 2 <
ffff8e67f59f0180 2915439360 C Ci:2:005:0 0 2 = 0000
ffff8e67f59f0180 2915439567 S Co:2:005:0 s 40 bc 0900 0014 0002 2 = d09e
ffff8e67f59f0180 2915441992 C Co:2:005:0 0 2 >
ffff8e67f59f0180 2915442151 S Ci:2:005:0 s c0 bc 0900 001c 0002 2 <
ffff8e67f59f0180 2915444781 C Ci:2:005:0 0 2 = 2f6f
ffff8e67f59f0180 2915444860 S Co:2:005:0 s 40 b9 0000 0000 0004 4 = 09016601
ffff8e67f59f0180 2915447330 C Co:2:005:0 0 4 >
ffff8e67f59f0180 2915447512 S Ii:2:005:3 -115:1 3 <
ffff8e67f59f0180 2915448730 C Ii:2:005:3 0:1 3 = 100000
ffff8e67f59f0180 2915448808 S Ci:2:005:0 s c0 bc 0800 0016 0002 2 <
ffff8e67f59f0180 2915451486 C Ci:2:005:0 0 2 = 0900
ffff8e67f59f0180 2915451657 S Ci:2:005:0 s c0 bc 0900 001c 0002 2 <
ffff8e67f59f0180 2915454277 C Ci:2:005:0 0 2 = 2f6f
ffff8e67f59f0180 2915454382 S Ci:2:005:0 s c0 bc 0800 23be 0004 4 <
ffff8e67f59f0180 2915456847 C Ci:2:005:0 0 4 = 00006e67
ffff8e67f59f0180 2915457055 S Co:2:005:0 s 40 bc 0800 00c0 0002 2 = 02c9
ffff8e67f59f0180 2915459583 C Co:2:005:0 0 2 >
ffff8e67f59f0180 2915459763 S Co:2:005:0 s 40 b9 0000 0000 0004 4 = 09008802
ffff8e67f59f0180 2915462187 C Co:2:005:0 0 4 >
ffff8e67f59f0180 2915462356 S Ii:2:005:3 -115:1 3 <
ffff8e67f59f0180 2915463517 C Ii:2:005:3 0:1 3 = 100000
ffff8e67f59f0180 2915463674 S Ci:2:005:0 s c0 bc 0800 0016 0002 2 <
ffff8e67f59f0180 2915466280 C Ci:2:005:0 0 2 = 0900
ffff8e67f59f0180 2915466368 S Ci:2:005:0 s c0 bc 0900 001c 0002 2 <
ffff8e67f59f0180 2915468983 C Ci:2:005:0 0 2 = 2f6f
ffff8e67f59f0180 2915469144 S Ci:2:005:0 s c0 bc 0800 23be 0002 2 <
ffff8e67f59f0180 2915471723 C Ci:2:005:0 0 2 = 0000
ffff8e67f59f0180 2915471882 S Co:2:005:0 s 40 bc 0900 0014 0002 2 = d09e
ffff8e67f59f0180 2915474376 C Co:2:005:0 0 2 >
ffff8e67f59f0180 2915474478 S Ci:2:005:0 s c0 bc 0900 001c 0002 2 <
ffff8e67f59f0180 2915477146 C Ci:2:005:0 0 2 = 2f6f
ffff8e67f59f0180 2915477268 S Co:2:005:0 s 40 bc 0800 00c0 0002 2 = 14d2
ffff8e67f59f0180 2915479944 C Co:2:005:0 0 2 >
ffff8e67f59f0180 2915480034 S Co:2:005:0 s 40 b9 0000 0000 0004 4 = 09008802
ffff8e67f59f0180 2915482449 C Co:2:005:0 0 4 >
ffff8e67f59f0180 2915482600 S Ii:2:005:3 -115:1 3 <
ffff8e67f59f0180 2915483854 C Ii:2:005:3 0:1 3 = 100000
ffff8e67f59f0180 2915483945 S Ci:2:005:0 s c0 bc 0800 0016 0002 2 <
ffff8e67f59f0180 2915486698 C Ci:2:005:0 0 2 = 0900
ffff8e67f59f0180 2915486893 S Ci:2:005:0 s c0 bc 0900 001c 0002 2 <
ffff8e67f59f0180 2915489330 C Ci:2:005:0 0 2 = 2f6f
ffff8e67f59f0180 2915489470 S Ci:2:005:0 s c0 bc 0800 23be 0002 2 <
ffff8e67f59f0180 2915491862 C Ci:2:005:0 0 2 = 0000
ffff8e67f59f0180 2915492086 S Co:2:005:0 s 40 bc 0900 0014 0002 2 = d09e
ffff8e67f59f0180 2915494591 C Co:2:005:0 0 2 >
ffff8e67f59f0180 2915494748 S Ci:2:005:0 s c0 bc 0900 001c 0002 2 <
ffff8e67f59f0180 2915497269 C Ci:2:005:0 0 2 = 2f6f
ffff8e67f59f0180 2915497367 S Co:2:005:0 s 40 bc 0800 00c0 0002 2 = 3c6b
ffff8e67f59f0180 2915499832 C Co:2:005:0 0 2 >
ffff8e67f59f0180 2915500020 S Co:2:005:0 s 40 b9 0000 0000 0004 4 = 09008802
ffff8e67f59f0180 2915502736 C Co:2:005:0 0 4 >
ffff8e67f59f0180 2915502908 S Ii:2:005:3 -115:1 3 <
ffff8e67f59f0180 2915504097 C Ii:2:005:3 0:1 3 = 100000
ffff8e67f59f0180 2915504161 S Ci:2:005:0 s c0 bc 0800 0016 0002 2 <
ffff8e67f59f0180 2915506847 C Ci:2:005:0 0 2 = 0900
ffff8e67f59f0180 2915506913 S Ci:2:005:0 s c0 bc 0900 001c 0002 2 <
ffff8e67f59f0180 2915509473 C Ci:2:005:0 0 2 = 2f6f
ffff8e67f59f0180 2915509607 S Ci:2:005:0 s c0 bc 0800 23be 0002 2 <
ffff8e67f59f0180 2915512088 C Ci:2:005:0 0 2 = 0000
ffff8e67f59f0180 2915512247 S Co:2:005:0 s 40 bc 0900 0014 0002 2 = d09e
ffff8e67f59f0180 2915514825 C Co:2:005:0 0 2 >
ffff8e67f59f0180 2915514983 S Ci:2:005:0 s c0 bc 0900 001c 0002 2 <
ffff8e67f59f0180 2915517511 C Ci:2:005:0 0 2 = 2f6f
ffff8e67f59f0180 2915517675 S Co:2:005:0 s 40 bc 0800 00c0 0004 4 = 8989fa00
ffff8e67f59f0180 2915520084 C Co:2:005:0 0 4 >
ffff8e67f59f0180 2915520239 S Co:2:005:0 s 40 b9 0000 0000 0004 4 = 09006603
ffff8e67f59f0180 2915522789 C Co:2:005:0 0 4 >
ffff8e67f59f0180 2915522886 S Ii:2:005:3 -115:1 3 <
ffff8e67f59f0180 2915524053 C Ii:2:005:3 0:1 3 = 100000
ffff8e67f59f0180 2915524208 S Ci:2:005:0 s c0 bc 0800 0016 0002 2 <
ffff8e67f59f0180 2915526965 C Ci:2:005:0 0 2 = 0900
ffff8e67f59f0180 2915527069 S Ci:2:005:0 s c0 bc 0900 001c 0002 2 <
ffff8e67f59f0180 2915529589 C Ci:2:005:0 0 2 = 2f6f
ffff8e67f59f0180 2915529827 S Ci:2:005:0 s c0 bc 0800 23be 0002 2 <
ffff8e67f59f0180 2915532064 C Ci:2:005:0 0 2 = 0000
ffff8e67f59f0180 2915532193 S Co:2:005:0 s 40 bc 0900 0014 0002 2 = d09e
ffff8e67f59f0180 2915534734 C Co:2:005:0 0 2 >
ffff8e67f59f0180 2915534823 S Ci:2:005:0 s c0 bc 0900 001c 0002 2 <
ffff8e67f59f0180 2915537386 C Ci:2:005:0 0 2 = 2f6f
ffff8e67f59f0180 2915537492 S Co:2:005:0 s 40 b9 0000 0000 0004 4 = 09016601
ffff8e67f59f0180 2915540145 C Co:2:005:0 0 4 >
ffff8e67f59f0180 2915540278 S Ii:2:005:3 -115:1 3 <
ffff8e67f59f0180 2915541252 C Ii:2:005:3 0:1 3 = 100000
ffff8e67f59f0180 2915541347 S Ci:2:005:0 s c0 bc 0800 0016 0002 2 <
ffff8e67f59f0180 2915544059 C Ci:2:005:0 0 2 = 0900
ffff8e67f59f0180 2915544144 S Ci:2:005:0 s c0 bc 0900 001c 0002 2 <
ffff8e67f59f0180 2915546772 C Ci:2:005:0 0 2 = 2f6f
ffff8e67f59f0180 2915546961 S Ci:2:005:0 s c0 bc 0800 23be 0004 4 <
ffff8e67f59f0180 2915549429 C Ci:2:005:0 0 4 = 00001e67
ffff8e67f59f0180 2915549562 S Co:2:005:0 s 40 bc 0800 00c0 0004 4 = 8989ca00
ffff8e67f59f0180 2915552049 C Co:2:005:0 0 4 >
ffff8e67f59f0180 2915552218 S Co:2:005:0 s 40 b9 0000 0000 0004 4 = 09006603
ffff8e67f59f0180 2915554762 C Co:2:005:0 0 4 >
ffff8e67f59f0180 2915555006 S Ii:2:005:3 -115:1 3 <
ffff8e67f59f0180 2915556152 C Ii:2:005:3 0:1 3 = 100000
ffff8e67f59f0180 2915556298 S Ci:2:005:0 s c0 bc 0800 0016 0002 2 <
ffff8e67f59f0180 2915558892 C Ci:2:005:0 0 2 = 0900
ffff8e67f59f0180 2915559111 S Ci:2:005:0 s c0 bc 0900 001c 0002 2 <
ffff8e67f59f0180 2915561647 C Ci:2:005:0 0 2 = 2f6f
ffff8e67f59f0180 2915561881 S Ci:2:005:0 s c0 bc 0800 23be 0002 2 <
ffff8e67f59f0180 2915564253 C Ci:2:005:0 0 2 = 0000
ffff8e67f59f0180 2915564425 S Co:2:005:0 s 40 bc 0900 0014 0002 2 = d09e
ffff8e67f59f0180 2915566856 C Co:2:005:0 0 2 >
ffff8e67f59f0180 2915567073 S Ci:2:005:0 s c0 bc 0900 001c 0002 2 <
ffff8e67f59f0180 2915569499 C Ci:2:005:0 0 2 = 2f6f
ffff8e67f59f0180 2915569728 S Co:2:005:0 s 40 b9 0000 0000 0004 4 = 09016601
ffff8e67f59f0180 2915572122 C Co:2:005:0 0 4 >
ffff8e67f59f0180 2915572287 S Ii:2:005:3 -115:1 3 <
ffff8e67f59f0180 2915573451 C Ii:2:005:3 0:1 3 = 100000
ffff8e67f59f0180 2915573621 S Ci:2:005:0 s c0 bc 0800 0016 0002 2 <
ffff8e67f59f0180 2915576136 C Ci:2:005:0 0 2 = 0900
ffff8e67f59f0180 2915576367 S Ci:2:005:0 s c0 bc 0900 001c 0002 2 <
ffff8e67f59f0180 2915578790 C Ci:2:005:0 0 2 = 2f6f
ffff8e67f59f0180 2915579061 S Ci:2:005:0 s c0 bc 0800 23be 0004 4 <
ffff8e67f59f0180 2915581492 C Ci:2:005:0 0 4 = 0000fe67
ffff8e67f59f0180 2915581693 S Co:2:005:0 s 40 bc 0800 00c0 0004 4 = 8989e700
ffff8e67f59f0180 2915584112 C Co:2:005:0 0 4 >
ffff8e67f59f0180 2915584269 S Co:2:005:0 s 40 b9 0000 0000 0004 4 = 09006603
ffff8e67f59f0180 2915586772 C Co:2:005:0 0 4 >
ffff8e67f59f0180 2915586925 S Ii:2:005:3 -115:1 3 <
ffff8e67f59f0180 2915588082 C Ii:2:005:3 0:1 3 = 100000
ffff8e67f59f0180 2915588243 S Ci:2:005:0 s c0 bc 0800 0016 0002 2 <
ffff8e67f59f0180 2915590784 C Ci:2:005:0 0 2 = 0900
ffff8e67f59f0180 2915591066 S Ci:2:005:0 s c0 bc 0900 001c 0002 2 <
ffff8e67f59f0180 2915593499 C Ci:2:005:0 0 2 = 2f6f
ffff8e67f59f0180 2915593682 S Ci:2:005:0 s c0 bc 0800 23be 0002 2 <
ffff8e67f59f0180 2915596124 C Ci:2:005:0 0 2 = 0000
ffff8e67f59f0180 2915596321 S Co:2:005:0 s 40 bc 0900 0014 0002 2 = d09e
ffff8e67f59f0180 2915598767 C Co:2:005:0 0 2 >
ffff8e67f59f0180 2915598928 S Ci:2:005:0 s c0 bc 0900 001c 0002 2 <
ffff8e67f59f0180 2915601388 C Ci:2:005:0 0 2 = 2f6f
ffff8e67f59f0180 2915601554 S Co:2:005:0 s 40 b9 0000 0000 0004 4 = 09016601
ffff8e67f59f0180 2915604020 C Co:2:005:0 0 4 >
ffff8e67f59f0180 2915604179 S Ii:2:005:3 -115:1 3 <
ffff8e67f59f0180 2915605334 C Ii:2:005:3 0:1 3 = 100000
ffff8e67f59f0180 2915605495 S Ci:2:005:0 s c0 bc 0800 0016 0002 2 <
ffff8e67f59f0180 2915608037 C Ci:2:005:0 0 2 = 0900
ffff8e67f59f0180 2915608226 S Ci:2:005:0 s c0 bc 0900 001c 0002 2 <
ffff8e67f59f0180 2915610812 C Ci:2:005:0 0 2 = 2f6f
ffff8e67f59f0180 2915611010 S Ci:2:005:0 s c0 bc 0800 23be 0004 4 <
ffff8e67f59f0180 2915613503 C Ci:2:005:0 0 4 = 0000e967
ffff8e67f59f0180 2915613757 S Co:2:005:0 s 40 bc 0800 00c0 0002 2 = 032a
ffff8e67f59f0180 2915616213 C Co:2:005:0 0 2 >
ffff8e67f59f0180 2915616379 S Co:2:005:0 s 40 b9 0000 0000 0004 4 = 09008802
ffff8e67f59f0180 2915619024 C Co:2:005:0 0 4 >
ffff8e67f59f0180 2915619166 S Ii:2:005:3 -115:1 3 <
ffff8e67f59f0180 2915620413 C Ii:2:005:3 0:1 3 = 100000
ffff8e67f59f0180 2915620504 S Ci:2:005:0 s c0 bc 0800 0016 0002 2 <
ffff8e67f59f0180 2915623033 C Ci:2:005:0 0 2 = 0900
ffff8e67f59f0180 2915623201 S Ci:2:005:0 s c0 bc 0900 001c 0002 2 <
ffff8e67f59f0180 2915625750 C Ci:2:005:0 0 2 = 2f6f
ffff8e67f59f0180 2915625845 S Ci:2:005:0 s c0 bc 0800 23be 0002 2 <
ffff8e67f59f0180 2915628491 C Ci:2:005:0 0 2 = 0000
ffff8e67f59f0180 2915628625 S Co:2:005:0 s 40 bc 0900 0014 0002 2 = d09e
ffff8e67f59f0180 2915631128 C Co:2:005:0 0 2 >
ffff8e67f59f0180 2915631291 S Ci:2:005:0 s c0 bc 0900 001c 0002 2 <
ffff8e67f59f0180 2915633890 C Ci:2:005:0 0 2 = 2f6f
ffff8e67f59f0180 2915634081 S Co:2:005:0 s 40 bc 0800 00c0 0002 2 = 0589
ffff8e67f59f0180 2915636600 C Co:2:005:0 0 2 >
ffff8e67f59f0180 2915636788 S Co:2:005:0 s 40 b9 0000 0000 0004 4 = 09008802
ffff8e67f59f0180 2915639227 C Co:2:005:0 0 4 >
ffff8e67f59f0180 2915639382 S Ii:2:005:3 -115:1 3 <
ffff8e67f59f0180 2915640563 C Ii:2:005:3 0:1 3 = 100000
ffff8e67f59f0180 2915640696 S Ci:2:005:0 s c0 bc 0800 0016 0002 2 <
ffff8e67f59f0180 2915643242 C Ci:2:005:0 0 2 = 0900
ffff8e67f59f0180 2915643439 S Ci:2:005:0 s c0 bc 0900 001c 0002 2 <
ffff8e67f59f0180 2915646015 C Ci:2:005:0 0 2 = 2f6f
ffff8e67f59f0180 2915646185 S Ci:2:005:0 s c0 bc 0800 23be 0002 2 <
ffff8e67f59f0180 2915648762 C Ci:2:005:0 0 2 = 0000
ffff8e67f59f0180 2915649004 S Co:2:005:0 s 40 bc 0900 0014 0002 2 = d09e
ffff8e67f59f0180 2915651453 C Co:2:005:0 0 2 >
ffff8e67f59f0180 2915651595 S Ci:2:005:0 s c0 bc 0900 001c 0002 2 <
ffff8e67f59f0180 2915654195 C Ci:2:005:0 0 2 = 2f6f
ffff8e67f59f0180 2915654382 S Co:2:005:0 s 40 bc 0800 00c0 0002 2 = 0891
ffff8e67f59f0180 2915656754 C Co:2:005:0 0 2 >
ffff8e67f59f0180 2915656889 S Co:2:005:0 s 40 b9 0000 0000 0004 4 = 09008802
ffff8e67f59f0180 2915659465 C Co:2:005:0 0 4 >
ffff8e67f59f0180 2915659637 S Ii:2:005:3 -115:1 3 <
ffff8e67f59f0180 2915660850 C Ii:2:005:3 0:1 3 = 100000
ffff8e67f59f0180 2915661055 S Ci:2:005:0 s c0 bc 0800 0016 0002 2 <
ffff8e67f59f0180 2915663658 C Ci:2:005:0 0 2 = 0900
ffff8e67f59f0180 2915663798 S Ci:2:005:0 s c0 bc 0900 001c 0002 2 <
ffff8e67f59f0180 2915666418 C Ci:2:005:0 0 2 = 2f6f
ffff8e67f59f0180 2915666536 S Ci:2:005:0 s c0 bc 0800 23be 0002 2 <
ffff8e67f59f0180 2915669146 C Ci:2:005:0 0 2 = 0000
ffff8e67f59f0180 2915669283 S Co:2:005:0 s 40 bc 0900 0014 0002 2 = d09e
ffff8e67f59f0180 2915671909 C Co:2:005:0 0 2 >
ffff8e67f59f0180 2915672086 S Ci:2:005:0 s c0 bc 0900 001c 0002 2 <
ffff8e67f59f0180 2915674649 C Ci:2:005:0 0 2 = 2f6f
ffff8e67f59f0180 2915674828 S Co:2:005:0 s 40 bc 0800 00c0 0002 2 = 09a8
ffff8e67f59f0180 2915677387 C Co:2:005:0 0 2 >
ffff8e67f59f0180 2915677505 S Co:2:005:0 s 40 b9 0000 0000 0004 4 = 09008802
ffff8e67f59f0180 2915680030 C Co:2:005:0 0 4 >
ffff8e67f59f0180 2915680160 S Ii:2:005:3 -115:1 3 <
ffff8e67f59f0180 2915681380 C Ii:2:005:3 0:1 3 = 100000
ffff8e67f59f0180 2915681464 S Ci:2:005:0 s c0 bc 0800 0016 0002 2 <
ffff8e67f59f0180 2915684039 C Ci:2:005:0 0 2 = 0900
ffff8e67f59f0180 2915684202 S Ci:2:005:0 s c0 bc 0900 001c 0002 2 <
ffff8e67f59f0180 2915686791 C Ci:2:005:0 0 2 = 2f6f
ffff8e67f59f0180 2915687010 S Ci:2:005:0 s c0 bc 0800 23be 0002 2 <
ffff8e67f59f0180 2915689514 C Ci:2:005:0 0 2 = 0000
ffff8e67f59f0180 2915689676 S Co:2:005:0 s 40 bc 0900 0014 0002 2 = d09e
ffff8e67f59f0180 2915692254 C Co:2:005:0 0 2 >
ffff8e67f59f0180 2915692403 S Ci:2:005:0 s c0 bc 0900 001c 0002 2 <
ffff8e67f59f0180 2915695025 C Ci:2:005:0 0 2 = 2f6f
ffff8e67f59f0180 2915695152 S Co:2:005:0 s 40 bc 0800 00c0 0002 2 = 19de
ffff8e67f59f0180 2915697742 C Co:2:005:0 0 2 >
ffff8e67f59f0180 2915697942 S Co:2:005:0 s 40 b9 0000 0000 0004 4 = 09008802
ffff8e67f59f0180 2915700500 C Co:2:005:0 0 4 >
ffff8e67f59f0180 2915700640 S Ii:2:005:3 -115:1 3 <
ffff8e67f59f0180 2915701852 C Ii:2:005:3 0:1 3 = 100000
ffff8e67f59f0180 2915701982 S Ci:2:005:0 s c0 bc 0800 0016 0002 2 <
ffff8e67f59f0180 2915704571 C Ci:2:005:0 0 2 = 0900
ffff8e67f59f0180 2915704698 S Ci:2:005:0 s c0 bc 0900 001c 0002 2 <
ffff8e67f59f0180 2915707254 C Ci:2:005:0 0 2 = 2f6f
ffff8e67f59f0180 2915707388 S Ci:2:005:0 s c0 bc 0800 23be 0002 2 <
ffff8e67f59f0180 2915710072 C Ci:2:005:0 0 2 = 0000
ffff8e67f59f0180 2915710175 S Co:2:005:0 s 40 bc 0900 0014 0002 2 = d09e
ffff8e67f59f0180 2915712729 C Co:2:005:0 0 2 >
ffff8e67f59f0180 2915712844 S Ci:2:005:0 s c0 bc 0900 001c 0002 2 <
ffff8e67f59f0180 2915715375 C Ci:2:005:0 0 2 = 2f6f
ffff8e67f59f0180 2915715479 S Co:2:005:0 s 40 bc 0800 00c0 0002 2 = 1a87
ffff8e67f59f0180 2915718005 C Co:2:005:0 0 2 >
ffff8e67f59f0180 2915718119 S Co:2:005:0 s 40 b9 0000 0000 0004 4 = 09008802
ffff8e67f59f0180 2915720728 C Co:2:005:0 0 4 >
ffff8e67f59f0180 2915720859 S Ii:2:005:3 -115:1 3 <
ffff8e67f59f0180 2915722072 C Ii:2:005:3 0:1 3 = 100000
ffff8e67f59f0180 2915722184 S Ci:2:005:0 s c0 bc 0800 0016 0002 2 <
ffff8e67f59f0180 2915724749 C Ci:2:005:0 0 2 = 0900
ffff8e67f59f0180 2915724864 S Ci:2:005:0 s c0 bc 0900 001c 0002 2 <
ffff8e67f59f0180 2915727505 C Ci:2:005:0 0 2 = 2f6f
ffff8e67f59f0180 2915727619 S Ci:2:005:0 s c0 bc 0800 23be 0002 2 <
ffff8e67f59f0180 2915730230 C Ci:2:005:0 0 2 = 0000
ffff8e67f59f0180 2915730357 S Co:2:005:0 s 40 bc 0900 0014 0002 2 = d09e
ffff8e67f59f0180 2915732996 C Co:2:005:0 0 2 >
ffff8e67f59f0180 2915733108 S Ci:2:005:0 s c0 bc 0900 001c 0002 2 <
ffff8e67f59f0180 2915735750 C Ci:2:005:0 0 2 = 2f6f
ffff8e67f59f0180 2915735871 S Co:2:005:0 s 40 bc 0800 00c0 0002 2 = 1b88
ffff8e67f59f0180 2915738362 C Co:2:005:0 0 2 >
ffff8e67f59f0180 2915738438 S Co:2:005:0 s 40 b9 0000 0000 0004 4 = 09008802
ffff8e67f59f0180 2915740990 C Co:2:005:0 0 4 >
ffff8e67f59f0180 2915741100 S Ii:2:005:3 -115:1 3 <
ffff8e67f59f0180 2915742312 C Ii:2:005:3 0:1 3 = 100000
ffff8e67f59f0180 2915742411 S Ci:2:005:0 s c0 bc 0800 0016 0002 2 <
ffff8e67f59f0180 2915744993 C Ci:2:005:0 0 2 = 0900
ffff8e67f59f0180 2915745104 S Ci:2:005:0 s c0 bc 0900 001c 0002 2 <
ffff8e67f59f0180 2915747726 C Ci:2:005:0 0 2 = 2f6f
ffff8e67f59f0180 2915747829 S Ci:2:005:0 s c0 bc 0800 23be 0002 2 <
ffff8e67f59f0180 2915750493 C Ci:2:005:0 0 2 = 0000
ffff8e67f59f0180 2915750608 S Co:2:005:0 s 40 bc 0900 0014 0002 2 = d09e
ffff8e67f59f0180 2915753228 C Co:2:005:0 0 2 >
ffff8e67f59f0180 2915753391 S Ci:2:005:0 s c0 bc 0900 001c 0002 2 <
ffff8e67f59f0180 2915755993 C Ci:2:005:0 0 2 = 2f6f
ffff8e67f59f0180 2915756107 S Co:2:005:0 s 40 bc 0800 00c0 0002 2 = 298b
ffff8e67f59f0180 2915758723 C Co:2:005:0 0 2 >
ffff8e67f59f0180 2915758911 S Co:2:005:0 s 40 b9 0000 0000 0004 4 = 09008802
ffff8e67f59f0180 2915761390 C Co:2:005:0 0 4 >
ffff8e67f59f0180 2915761462 S Ii:2:005:3 -115:1 3 <
ffff8e67f59f0180 2915762681 C Ii:2:005:3 0:1 3 = 100000
ffff8e67f59f0180 2915762798 S Ci:2:005:0 s c0 bc 0800 0016 0002 2 <
ffff8e67f59f0180 2915765493 C Ci:2:005:0 0 2 = 0900
ffff8e67f59f0180 2915765620 S Ci:2:005:0 s c0 bc 0900 001c 0002 2 <
ffff8e67f59f0180 2915768195 C Ci:2:005:0 0 2 = 2f6f
ffff8e67f59f0180 2915768303 S Ci:2:005:0 s c0 bc 0800 23be 0002 2 <
ffff8e67f59f0180 2915770869 C Ci:2:005:0 0 2 = 0000
ffff8e67f59f0180 2915771041 S Co:2:005:0 s 40 bc 0900 0014 0002 2 = d09e
ffff8e67f59f0180 2915773573 C Co:2:005:0 0 2 >
ffff8e67f59f0180 2915773676 S Ci:2:005:0 s c0 bc 0900 001c 0002 2 <
ffff8e67f59f0180 2915776208 C Ci:2:005:0 0 2 = 2f6f
ffff8e67f59f0180 2915776325 S Co:2:005:0 s 40 bc 0800 00c0 0002 2 = 2d8f
ffff8e67f59f0180 2915778801 C Co:2:005:0 0 2 >
ffff8e67f59f0180 2915778884 S Co:2:005:0 s 40 b9 0000 0000 0004 4 = 09008802
ffff8e67f59f0180 2915781498 C Co:2:005:0 0 4 >
ffff8e67f59f0180 2915781686 S Ii:2:005:3 -115:1 3 <
ffff8e67f59f0180 2915782806 C Ii:2:005:3 0:1 3 = 100000
ffff8e67f59f0180 2915782937 S Ci:2:005:0 s c0 bc 0800 0016 0002 2 <
ffff8e67f59f0180 2915785507 C Ci:2:005:0 0 2 = 0900
ffff8e67f59f0180 2915785646 S Ci:2:005:0 s c0 bc 0900 001c 0002 2 <
ffff8e67f59f0180 2915788225 C Ci:2:005:0 0 2 = 2f6f
ffff8e67f59f0180 2915788370 S Ci:2:005:0 s c0 bc 0800 23be 0002 2 <
ffff8e67f59f0180 2915790981 C Ci:2:005:0 0 2 = 0000
ffff8e67f59f0180 2915791099 S Co:2:005:0 s 40 bc 0900 0014 0002 2 = d09e
ffff8e67f59f0180 2915793572 C Co:2:005:0 0 2 >
ffff8e67f59f0180 2915793737 S Ci:2:005:0 s c0 bc 0900 001c 0002 2 <
ffff8e67f59f0180 2915796280 C Ci:2:005:0 0 2 = 2f6f
ffff8e67f59f0180 2915796376 S Co:2:005:0 s 40 bc 0800 00c0 0002 2 = 4c89
ffff8e67f59f0180 2915798836 C Co:2:005:0 0 2 >
ffff8e67f59f0180 2915799033 S Co:2:005:0 s 40 b9 0000 0000 0004 4 = 09008802
ffff8e67f59f0180 2915801589 C Co:2:005:0 0 4 >
ffff8e67f59f0180 2915801698 S Ii:2:005:3 -115:1 3 <
ffff8e67f59f0180 2915802929 C Ii:2:005:3 0:1 3 = 100000
ffff8e67f59f0180 2915803021 S Ci:2:005:0 s c0 bc 0800 0016 0002 2 <
ffff8e67f59f0180 2915805601 C Ci:2:005:0 0 2 = 0900
ffff8e67f59f0180 2915805721 S Ci:2:005:0 s c0 bc 0900 001c 0002 2 <
ffff8e67f59f0180 2915808219 C Ci:2:005:0 0 2 = 2f6f
ffff8e67f59f0180 2915808326 S Ci:2:005:0 s c0 bc 0800 23be 0002 2 <
ffff8e67f59f0180 2915810988 C Ci:2:005:0 0 2 = 0000
ffff8e67f59f0180 2915811098 S Co:2:005:0 s 40 bc 0900 0014 0002 2 = d09e
ffff8e67f59f0180 2915813722 C Co:2:005:0 0 2 >
ffff8e67f59f0180 2915813857 S Ci:2:005:0 s c0 bc 0900 001c 0002 2 <
ffff8e67f59f0180 2915816369 C Ci:2:005:0 0 2 = 2f6f
ffff8e67f59f0180 2915816452 S Co:2:005:0 s 40 bc 0800 00c0 0002 2 = 5588
ffff8e67f59f0180 2915818985 C Co:2:005:0 0 2 >
ffff8e67f59f0180 2915819095 S Co:2:005:0 s 40 b9 0000 0000 0004 4 = 09008802
ffff8e67f59f0180 2915821708 C Co:2:005:0 0 4 >
ffff8e67f59f0180 2915821810 S Ii:2:005:3 -115:1 3 <
ffff8e67f59f0180 2915823049 C Ii:2:005:3 0:1 3 = 100000
ffff8e67f59f0180 2915823148 S Ci:2:005:0 s c0 bc 0800 0016 0002 2 <
ffff8e67f59f0180 2915825674 C Ci:2:005:0 0 2 = 0900
ffff8e67f59f0180 2915825838 S Ci:2:005:0 s c0 bc 0900 001c 0002 2 <
ffff8e67f59f0180 2915828355 C Ci:2:005:0 0 2 = 2f6f
ffff8e67f59f0180 2915828437 S Ci:2:005:0 s c0 bc 0800 23be 0002 2 <
ffff8e67f59f0180 2915830987 C Ci:2:005:0 0 2 = 0000
ffff8e67f59f0180 2915831129 S Co:2:005:0 s 40 bc 0900 0014 0002 2 = d09e
ffff8e67f59f0180 2915833711 C Co:2:005:0 0 2 >
ffff8e67f59f0180 2915833907 S Ci:2:005:0 s c0 bc 0900 001c 0002 2 <
ffff8e67f59f0180 2915836356 C Ci:2:005:0 0 2 = 2f6f
ffff8e67f59f0180 2915836492 S Co:2:005:0 s 40 bc 0800 00c0 0002 2 = 6bae
ffff8e67f59f0180 2915838955 C Co:2:005:0 0 2 >
ffff8e67f59f0180 2915839054 S Co:2:005:0 s 40 b9 0000 0000 0004 4 = 09008802
ffff8e67f59f0180 2915841615 C Co:2:005:0 0 4 >
ffff8e67f59f0180 2915841718 S Ii:2:005:3 -115:1 3 <
ffff8e67f59f0180 2915843139 C Ii:2:005:3 0:1 3 = 100000
ffff8e67f59f0180 2915843233 S Ci:2:005:0 s c0 bc 0800 0016 0002 2 <
ffff8e67f59f0180 2915845972 C Ci:2:005:0 0 2 = 0900
ffff8e67f59f0180 2915846047 S Ci:2:005:0 s c0 bc 0900 001c 0002 2 <
ffff8e67f59f0180 2915848701 C Ci:2:005:0 0 2 = 2f6f
ffff8e67f59f0180 2915848735 S Ci:2:005:0 s c0 bc 0800 23be 0002 2 <
ffff8e67f59f0180 2915851355 C Ci:2:005:0 0 2 = 0000
ffff8e67f59f0180 2915851463 S Co:2:005:0 s 40 bc 0900 0014 0002 2 = d09e
ffff8e67f59f0180 2915854094 C Co:2:005:0 0 2 >
ffff8e67f59f0180 2915854237 S Ci:2:005:0 s c0 bc 0900 001c 0002 2 <
ffff8e67f59f0180 2915856925 C Ci:2:005:0 0 2 = 2f6f
ffff8e67f59f0180 2915857077 S Co:2:005:0 s 40 bc 0800 00c0 0002 2 = 6cbe
ffff8e67f59f0180 2915859614 C Co:2:005:0 0 2 >
ffff8e67f59f0180 2915859749 S Co:2:005:0 s 40 b9 0000 0000 0004 4 = 09008802
ffff8e67f59f0180 2915862261 C Co:2:005:0 0 4 >
ffff8e67f59f0180 2915862312 S Ii:2:005:3 -115:1 3 <
ffff8e67f59f0180 2915863590 C Ii:2:005:3 0:1 3 = 100000
ffff8e67f59f0180 2915863689 S Ci:2:005:0 s c0 bc 0800 0016 0002 2 <
ffff8e67f59f0180 2915866400 C Ci:2:005:0 0 2 = 0900
ffff8e67f59f0180 2915866491 S Ci:2:005:0 s c0 bc 0900 001c 0002 2 <
ffff8e67f59f0180 2915869095 C Ci:2:005:0 0 2 = 2f6f
ffff8e67f59f0180 2915869195 S Ci:2:005:0 s c0 bc 0800 23be 0002 2 <
ffff8e67f59f0180 2915871722 C Ci:2:005:0 0 2 = 0000
ffff8e67f59f0180 2915871897 S Co:2:005:0 s 40 bc 0900 0014 0002 2 = d09e
ffff8e67f59f0180 2915874465 C Co:2:005:0 0 2 >
ffff8e67f59f0180 2915874623 S Ci:2:005:0 s c0 bc 0900 001c 0002 2 <
ffff8e67f59f0180 2915877264 C Ci:2:005:0 0 2 = 2f6f
ffff8e67f59f0180 2915877314 S Co:2:005:0 s 40 bc 0800 00c0 0002 2 = 6d78
ffff8e67f59f0180 2915879965 C Co:2:005:0 0 2 >
ffff8e67f59f0180 2915880115 S Co:2:005:0 s 40 b9 0000 0000 0004 4 = 09008802
ffff8e67f59f0180 2915882718 C Co:2:005:0 0 4 >
ffff8e67f59f0180 2915882874 S Ii:2:005:3 -115:1 3 <
ffff8e67f59f0180 2915884093 C Ii:2:005:3 0:1 3 = 100000
ffff8e67f59f0180 2915884163 S Ci:2:005:0 s c0 bc 0800 0016 0002 2 <
ffff8e67f59f0180 2915886914 C Ci:2:005:0 0 2 = 0900
ffff8e67f59f0180 2915887051 S Ci:2:005:0 s c0 bc 0900 001c 0002 2 <
ffff8e67f59f0180 2915889733 C Ci:2:005:0 0 2 = 2f6f
ffff8e67f59f0180 2915889841 S Ci:2:005:0 s c0 bc 0800 23be 0002 2 <
ffff8e67f59f0180 2915892389 C Ci:2:005:0 0 2 = 0000
ffff8e67f59f0180 2915892546 S Co:2:005:0 s 40 bc 0900 0014 0002 2 = d09e
ffff8e67f59f0180 2915895054 C Co:2:005:0 0 2 >
ffff8e67f59f0180 2915895209 S Ci:2:005:0 s c0 bc 0900 001c 0002 2 <
ffff8e67f59f0180 2915897744 C Ci:2:005:0 0 2 = 2f6f
ffff8e67f59f0180 2915897825 S Co:2:005:0 s 40 bc 0800 00c0 0002 2 = 6ea0
ffff8e67f59f0180 2915900527 C Co:2:005:0 0 2 >
ffff8e67f59f0180 2915900683 S Co:2:005:0 s 40 b9 0000 0000 0004 4 = 09008802
ffff8e67f59f0180 2915903257 C Co:2:005:0 0 4 >
ffff8e67f59f0180 2915903359 S Ii:2:005:3 -115:1 3 <
ffff8e67f59f0180 2915904610 C Ii:2:005:3 0:1 3 = 100000
ffff8e67f59f0180 2915904690 S Ci:2:005:0 s c0 bc 0800 0016 0002 2 <
ffff8e67f59f0180 2915907364 C Ci:2:005:0 0 2 = 0900
ffff8e67f59f0180 2915907533 S Ci:2:005:0 s c0 bc 0900 001c 0002 2 <
ffff8e67f59f0180 2915910130 C Ci:2:005:0 0 2 = 2f6f
ffff8e67f59f0180 2915910288 S Ci:2:005:0 s c0 bc 0800 23be 0002 2 <
ffff8e67f59f0180 2915912835 C Ci:2:005:0 0 2 = 0000
ffff8e67f59f0180 2915913064 S Co:2:005:0 s 40 bc 0900 0014 0002 2 = d09e
ffff8e67f59f0180 2915915631 C Co:2:005:0 0 2 >
ffff8e67f59f0180 2915915692 S Ci:2:005:0 s c0 bc 0900 001c 0002 2 <
ffff8e67f59f0180 2915918347 C Ci:2:005:0 0 2 = 2f6f
ffff8e67f59f0180 2915918521 S Co:2:005:0 s 40 bc 0800 00c0 0002 2 = 0608
ffff8e67f59f0180 2915921105 C Co:2:005:0 0 2 >
ffff8e67f59f0180 2915921269 S Co:2:005:0 s 40 b9 0000 0000 0004 4 = 09008802
ffff8e67f59f0180 2915923896 C Co:2:005:0 0 4 >
ffff8e67f59f0180 2915924058 S Ii:2:005:3 -115:1 3 <
ffff8e67f59f0180 2915925201 C Ii:2:005:3 0:1 3 = 100000
ffff8e67f59f0180 2915925271 S Ci:2:005:0 s c0 bc 0800 0016 0002 2 <
ffff8e67f59f0180 2915928066 C Ci:2:005:0 0 2 = 0900
ffff8e67f59f0180 2915928104 S Ci:2:005:0 s c0 bc 0900 001c 0002 2 <
ffff8e67f59f0180 2915930692 C Ci:2:005:0 0 2 = 2f6f
ffff8e67f59f0180 2915930856 S Ci:2:005:0 s c0 bc 0800 23be 0002 2 <
ffff8e67f59f0180 2915933480 C Ci:2:005:0 0 2 = 0000
ffff8e67f59f0180 2915933602 S Co:2:005:0 s 40 bc 0900 0014 0002 2 = d09e
ffff8e67f59f0180 2915936228 C Co:2:005:0 0 2 >
ffff8e67f59f0180 2915936396 S Ci:2:005:0 s c0 bc 0900 001c 0002 2 <
ffff8e67f59f0180 2915939050 C Ci:2:005:0 0 2 = 2f6f
ffff8e67f59f0180 2915939129 S Co:2:005:0 s 40 bc 0800 00c0 0002 2 = 02c9
ffff8e67f59f0180 2915941709 C Co:2:005:0 0 2 >
ffff8e67f59f0180 2915941866 S Co:2:005:0 s 40 b9 0000 0000 0004 4 = 09008802
ffff8e67f59f0180 2915944515 C Co:2:005:0 0 4 >
ffff8e67f59f0180 2915944642 S Ii:2:005:3 -115:1 3 <
ffff8e67f59f0180 2915945882 C Ii:2:005:3 0:1 3 = 100000
ffff8e67f59f0180 2915946039 S Ci:2:005:0 s c0 bc 0800 0016 0002 2 <
ffff8e67f59f0180 2915948754 C Ci:2:005:0 0 2 = 0900
ffff8e67f59f0180 2915948895 S Ci:2:005:0 s c0 bc 0900 001c 0002 2 <
ffff8e67f59f0180 2915951390 C Ci:2:005:0 0 2 = 2f6f
ffff8e67f59f0180 2915951524 S Ci:2:005:0 s c0 bc 0800 23be 0002 2 <
ffff8e67f59f0180 2915954159 C Ci:2:005:0 0 2 = 0000
ffff8e67f59f0180 2915954267 S Co:2:005:0 s 40 bc 0900 0014 0002 2 = d09e
ffff8e67f59f0180 2915956932 C Co:2:005:0 0 2 >
ffff8e67f59f0180 2915957065 S Ci:2:005:0 s c0 bc 0900 001c 0002 2 <
ffff8e67f59f0180 2915959569 C Ci:2:005:0 0 2 = 2f6f
ffff8e67f59f0180 2915959695 S Co:2:005:0 s 40 bc 0800 00c0 0002 2 = 14d2
ffff8e67f59f0180 2915962387 C Co:2:005:0 0 2 >
ffff8e67f59f0180 2915962480 S Co:2:005:0 s 40 b9 0000 0000 0004 4 = 09008802
ffff8e67f59f0180 2915965141 C Co:2:005:0 0 4 >
ffff8e67f59f0180 2915965235 S Ii:2:005:3 -115:1 3 <
ffff8e67f59f0180 2915966447 C Ii:2:005:3 0:1 3 = 100000
ffff8e67f59f0180 2915966601 S Ci:2:005:0 s c0 bc 0800 0016 0002 2 <
ffff8e67f59f0180 2915969229 C Ci:2:005:0 0 2 = 0900
ffff8e67f59f0180 2915969313 S Ci:2:005:0 s c0 bc 0900 001c 0002 2 <
ffff8e67f59f0180 2915972026 C Ci:2:005:0 0 2 = 2f6f
ffff8e67f59f0180 2915972111 S Ci:2:005:0 s c0 bc 0800 23be 0002 2 <
ffff8e67f59f0180 2915974723 C Ci:2:005:0 0 2 = 0000
ffff8e67f59f0180 2915974947 S Co:2:005:0 s 40 bc 0900 0014 0002 2 = d09e
ffff8e67f59f0180 2915977436 C Co:2:005:0 0 2 >
ffff8e67f59f0180 2915977597 S Ci:2:005:0 s c0 bc 0900 001c 0002 2 <
ffff8e67f59f0180 2915980237 C Ci:2:005:0 0 2 = 2f6f
ffff8e67f59f0180 2915980362 S Co:2:005:0 s 40 bc 0800 00c0 0002 2 = 3c6b
ffff8e67f59f0180 2915982984 C Co:2:005:0 0 2 >
ffff8e67f59f0180 2915983144 S Co:2:005:0 s 40 b9 0000 0000 0004 4 = 09008802
ffff8e67f59f0180 2915985797 C Co:2:005:0 0 4 >
ffff8e67f59f0180 2915985893 S Ii:2:005:3 -115:1 3 <
ffff8e67f59f0180 2915987053 C Ii:2:005:3 0:1 3 = 100000
ffff8e67f59f0180 2915987124 S Ci:2:005:0 s c0 bc 0800 0016 0002 2 <
ffff8e67f59f0180 2915989843 C Ci:2:005:0 0 2 = 0900
ffff8e67f59f0180 2915990011 S Ci:2:005:0 s c0 bc 0900 001c 0002 2 <
ffff8e67f59f0180 2915992585 C Ci:2:005:0 0 2 = 2f6f
ffff8e67f59f0180 2915992724 S Ci:2:005:0 s c0 bc 0800 23be 0002 2 <
ffff8e67f59f0180 2915995202 C Ci:2:005:0 0 2 = 0000
ffff8e67f59f0180 2915995289 S Co:2:005:0 s 40 bc 0900 0014 0002 2 = d09e
ffff8e67f59f0180 2915998209 C Co:2:005:0 0 2 >
ffff8e67f59f0180 2915998274 S Ci:2:005:0 s c0 bc 0900 001c 0002 2 <
ffff8e67f59f0180 2916000988 C Ci:2:005:0 0 2 = 2f6f
ffff8e67f59f0180 2916001177 S Co:2:005:0 s 40 bc 0800 00c0 0004 4 = 8989fa00
ffff8e67f59f0180 2916003672 C Co:2:005:0 0 4 >
ffff8e67f59f0180 2916003780 S Co:2:005:0 s 40 b9 0000 0000 0004 4 = 09006603
ffff8e67f59f0180 2916006443 C Co:2:005:0 0 4 >
ffff8e67f59f0180 2916006558 S Ii:2:005:3 -115:1 3 <
ffff8e67f59f0180 2916007725 C Ii:2:005:3 0:1 3 = 100000
ffff8e67f59f0180 2916007824 S Ci:2:005:0 s c0 bc 0800 0016 0002 2 <
ffff8e67f59f0180 2916010573 C Ci:2:005:0 0 2 = 0900
ffff8e67f59f0180 2916010668 S Ci:2:005:0 s c0 bc 0900 001c 0002 2 <
ffff8e67f59f0180 2916013181 C Ci:2:005:0 0 2 = 2f6f
ffff8e67f59f0180 2916013288 S Ci:2:005:0 s c0 bc 0800 23be 0002 2 <
ffff8e67f59f0180 2916015940 C Ci:2:005:0 0 2 = 0000
ffff8e67f59f0180 2916016050 S Co:2:005:0 s 40 bc 0900 0014 0002 2 = d09e
ffff8e67f59f0180 2916018722 C Co:2:005:0 0 2 >
ffff8e67f59f0180 2916018828 S Ci:2:005:0 s c0 bc 0900 001c 0002 2 <
ffff8e67f59f0180 2916021359 C Ci:2:005:0 0 2 = 2f6f
ffff8e67f59f0180 2916021466 S Co:2:005:0 s 40 b9 0000 0000 0004 4 = 09016601
ffff8e67f59f0180 2916024106 C Co:2:005:0 0 4 >
ffff8e67f59f0180 2916024217 S Ii:2:005:3 -115:1 3 <
ffff8e67f59f0180 2916025489 C Ii:2:005:3 0:1 3 = 100000
ffff8e67f59f0180 2916025598 S Ci:2:005:0 s c0 bc 0800 0016 0002 2 <
ffff8e67f59f0180 2916028264 C Ci:2:005:0 0 2 = 0900
ffff8e67f59f0180 2916028385 S Ci:2:005:0 s c0 bc 0900 001c 0002 2 <
ffff8e67f59f0180 2916030967 C Ci:2:005:0 0 2 = 2f6f
ffff8e67f59f0180 2916031080 S Ci:2:005:0 s c0 bc 0800 23be 0004 4 <
ffff8e67f59f0180 2916033731 C Ci:2:005:0 0 4 = 00003f67
ffff8e67f59f0180 2916033892 S Co:2:005:0 s 40 bc 0800 00c0 0002 2 = 2888
ffff8e67f59f0180 2916036440 C Co:2:005:0 0 2 >
ffff8e67f59f0180 2916036565 S Co:2:005:0 s 40 b9 0000 0000 0004 4 = 09008802
ffff8e67f59f0180 2916039284 C Co:2:005:0 0 4 >
ffff8e67f59f0180 2916039382 S Ii:2:005:3 -115:1 3 <
ffff8e67f59f0180 2916040606 C Ii:2:005:3 0:1 3 = 100000
ffff8e67f59f0180 2916040683 S Ci:2:005:0 s c0 bc 0800 0016 0002 2 <
ffff8e67f59f0180 2916043397 C Ci:2:005:0 0 2 = 0900
ffff8e67f59f0180 2916043481 S Ci:2:005:0 s c0 bc 0900 001c 0002 2 <
ffff8e67f59f0180 2916046213 C Ci:2:005:0 0 2 = 2f6f
ffff8e67f59f0180 2916046362 S Ci:2:005:0 s c0 bc 0800 23be 0002 2 <
ffff8e67f59f0180 2916048787 C Ci:2:005:0 0 2 = 0000
ffff8e67f59f0180 2916048970 S Co:2:005:0 s 40 bc 0900 0014 0002 2 = d09e
ffff8e67f59f0180 2916051589 C Co:2:005:0 0 2 >
ffff8e67f59f0180 2916051752 S Ci:2:005:0 s c0 bc 0900 001c 0002 2 <
ffff8e67f59f0180 2916054391 C Ci:2:005:0 0 2 = 2f6f
ffff8e67f59f0180 2916054467 S Co:2:005:0 s 40 bc 0800 00c0 0002 2 = 1088
ffff8e67f59f0180 2916057156 C Co:2:005:0 0 2 >
ffff8e67f59f0180 2916057257 S Co:2:005:0 s 40 b9 0000 0000 0004 4 = 09008802
ffff8e67f59f0180 2916059804 C Co:2:005:0 0 4 >
ffff8e67f59f0180 2916060002 S Ii:2:005:3 -115:1 3 <
ffff8e67f59f0180 2916061190 C Ii:2:005:3 0:1 3 = 100000
ffff8e67f59f0180 2916061290 S Ci:2:005:0 s c0 bc 0800 0016 0002 2 <
ffff8e67f59f0180 2916063995 C Ci:2:005:0 0 2 = 0900
ffff8e67f59f0180 2916064105 S Ci:2:005:0 s c0 bc 0900 001c 0002 2 <
ffff8e67f59f0180 2916066676 C Ci:2:005:0 0 2 = 2f6f
ffff8e67f59f0180 2916066786 S Ci:2:005:0 s c0 bc 0800 23be 0002 2 <
ffff8e67f59f0180 2916069302 C Ci:2:005:0 0 2 = 0000
ffff8e67f59f0180 2916069436 S Co:2:005:0 s 40 bc 0900 0014 0002 2 = d09e
ffff8e67f59f0180 2916072133 C Co:2:005:0 0 2 >
ffff8e67f59f0180 2916072233 S Ci:2:005:0 s c0 bc 0900 001c 0002 2 <
ffff8e67f59f0180 2916074841 C Ci:2:005:0 0 2 = 2f6f
ffff8e67f59f0180 2916074953 S Co:2:005:0 s 40 bc 0800 00c0 0002 2 = 11d4
ffff8e67f59f0180 2916077579 C Co:2:005:0 0 2 >
ffff8e67f59f0180 2916077689 S Co:2:005:0 s 40 b9 0000 0000 0004 4 = 09008802
ffff8e67f59f0180 2916080391 C Co:2:005:0 0 4 >
ffff8e67f59f0180 2916080474 S Ii:2:005:3 -115:1 3 <
ffff8e67f59f0180 2916081680 C Ii:2:005:3 0:1 3 = 100000
ffff8e67f59f0180 2916081783 S Ci:2:005:0 s c0 bc 0800 0016 0002 2 <
ffff8e67f59f0180 2916084633 C Ci:2:005:0 0 2 = 0900
ffff8e67f59f0180 2916084759 S Ci:2:005:0 s c0 bc 0900 001c 0002 2 <
ffff8e67f59f0180 2916087256 C Ci:2:005:0 0 2 = 2f6f
ffff8e67f59f0180 2916087383 S Ci:2:005:0 s c0 bc 0800 23be 0002 2 <
ffff8e67f59f0180 2916089984 C Ci:2:005:0 0 2 = 0000
ffff8e67f59f0180 2916090090 S Co:2:005:0 s 40 bc 0900 0014 0002 2 = d09e
ffff8e67f59f0180 2916092780 C Co:2:005:0 0 2 >
ffff8e67f59f0180 2916092885 S Ci:2:005:0 s c0 bc 0900 001c 0002 2 <
ffff8e67f59f0180 2916095424 C Ci:2:005:0 0 2 = 2f6f
ffff8e67f59f0180 2916095535 S Co:2:005:0 s 40 bc 0800 00c0 0002 2 = 12d0
ffff8e67f59f0180 2916098101 C Co:2:005:0 0 2 >
ffff8e67f59f0180 2916098159 S Co:2:005:0 s 40 b9 0000 0000 0004 4 = 09008802
ffff8e67f59f0180 2916100777 C Co:2:005:0 0 4 >
ffff8e67f59f0180 2916100898 S Ii:2:005:3 -115:1 3 <
ffff8e67f59f0180 2916102152 C Ii:2:005:3 0:1 3 = 100000
ffff8e67f59f0180 2916102243 S Ci:2:005:0 s c0 bc 0800 0016 0002 2 <
ffff8e67f59f0180 2916104876 C Ci:2:005:0 0 2 = 0900
ffff8e67f59f0180 2916104986 S Ci:2:005:0 s c0 bc 0900 001c 0002 2 <
ffff8e67f59f0180 2916107554 C Ci:2:005:0 0 2 = 2f6f
ffff8e67f59f0180 2916107677 S Ci:2:005:0 s c0 bc 0800 23be 0002 2 <
ffff8e67f59f0180 2916110287 C Ci:2:005:0 0 2 = 0000
ffff8e67f59f0180 2916110433 S Co:2:005:0 s 40 bc 0900 0014 0002 2 = d09e
ffff8e67f59f0180 2916113135 C Co:2:005:0 0 2 >
ffff8e67f59f0180 2916113231 S Ci:2:005:0 s c0 bc 0900 001c 0002 2 <
ffff8e67f59f0180 2916115836 C Ci:2:005:0 0 2 = 2f6f
ffff8e67f59f0180 2916115952 S Co:2:005:0 s 40 bc 0800 00c0 0002 2 = 1308
ffff8e67f59f0180 2916118609 C Co:2:005:0 0 2 >
ffff8e67f59f0180 2916118708 S Co:2:005:0 s 40 b9 0000 0000 0004 4 = 09008802
ffff8e67f59f0180 2916121303 C Co:2:005:0 0 4 >
ffff8e67f59f0180 2916121443 S Ii:2:005:3 -115:1 3 <
ffff8e67f59f0180 2916122658 C Ii:2:005:3 0:1 3 = 100000
ffff8e67f59f0180 2916122764 S Ci:2:005:0 s c0 bc 0800 0016 0002 2 <
ffff8e67f59f0180 2916125530 C Ci:2:005:0 0 2 = 0900
ffff8e67f59f0180 2916125643 S Ci:2:005:0 s c0 bc 0900 001c 0002 2 <
ffff8e67f59f0180 2916128289 C Ci:2:005:0 0 2 = 2f6f
ffff8e67f59f0180 2916128402 S Ci:2:005:0 s c0 bc 0800 23be 0002 2 <
ffff8e67f59f0180 2916130942 C Ci:2:005:0 0 2 = 0000
ffff8e67f59f0180 2916131094 S Co:2:005:0 s 40 bc 0900 0014 0002 2 = d09e
ffff8e67f59f0180 2916133679 C Co:2:005:0 0 2 >
ffff8e67f59f0180 2916133835 S Ci:2:005:0 s c0 bc 0900 001c 0002 2 <
ffff8e67f59f0180 2916136432 C Ci:2:005:0 0 2 = 2f6f
ffff8e67f59f0180 2916136600 S Co:2:005:0 s 40 bc 0800 00c0 0002 2 = 1408
ffff8e67f59f0180 2916139191 C Co:2:005:0 0 2 >
ffff8e67f59f0180 2916139364 S Co:2:005:0 s 40 b9 0000 0000 0004 4 = 09008802
ffff8e67f59f0180 2916142006 C Co:2:005:0 0 4 >
ffff8e67f59f0180 2916142125 S Ii:2:005:3 -115:1 3 <
ffff8e67f59f0180 2916143354 C Ii:2:005:3 0:1 3 = 100000
ffff8e67f59f0180 2916143440 S Ci:2:005:0 s c0 bc 0800 0016 0002 2 <
ffff8e67f59f0180 2916146129 C Ci:2:005:0 0 2 = 0900
ffff8e67f59f0180 2916146206 S Ci:2:005:0 s c0 bc 0900 001c 0002 2 <
ffff8e67f59f0180 2916148840 C Ci:2:005:0 0 2 = 2f6f
ffff8e67f59f0180 2916149074 S Ci:2:005:0 s c0 bc 0800 23be 0002 2 <
ffff8e67f59f0180 2916151585 C Ci:2:005:0 0 2 = 0000
ffff8e67f59f0180 2916151769 S Co:2:005:0 s 40 bc 0900 0014 0002 2 = d09e
ffff8e67f59f0180 2916154307 C Co:2:005:0 0 2 >
ffff8e67f59f0180 2916154509 S Ci:2:005:0 s c0 bc 0900 001c 0002 2 <
ffff8e67f59f0180 2916157097 C Ci:2:005:0 0 2 = 2f6f
ffff8e67f59f0180 2916157259 S Co:2:005:0 s 40 bc 0800 00c0 0002 2 = 1588
ffff8e67f59f0180 2916159914 C Co:2:005:0 0 2 >
ffff8e67f59f0180 2916160077 S Co:2:005:0 s 40 b9 0000 0000 0004 4 = 09008802
ffff8e67f59f0180 2916162577 C Co:2:005:0 0 4 >
ffff8e67f59f0180 2916162646 S Ii:2:005:3 -115:1 3 <
ffff8e67f59f0180 2916163909 C Ii:2:005:3 0:1 3 = 100000
ffff8e67f59f0180 2916164094 S Ci:2:005:0 s c0 bc 0800 0016 0002 2 <
ffff8e67f59f0180 2916166740 C Ci:2:005:0 0 2 = 0900
ffff8e67f59f0180 2916166835 S Ci:2:005:0 s c0 bc 0900 001c 0002 2 <
ffff8e67f59f0180 2916169468 C Ci:2:005:0 0 2 = 2f6f
ffff8e67f59f0180 2916169627 S Ci:2:005:0 s c0 bc 0800 23be 0002 2 <
ffff8e67f59f0180 2916172106 C Ci:2:005:0 0 2 = 0000
ffff8e67f59f0180 2916172264 S Co:2:005:0 s 40 bc 0900 0014 0002 2 = d09e
ffff8e67f59f0180 2916174904 C Co:2:005:0 0 2 >
ffff8e67f59f0180 2916175054 S Ci:2:005:0 s c0 bc 0900 001c 0002 2 <
ffff8e67f59f0180 2916177591 C Ci:2:005:0 0 2 = 2f6f
ffff8e67f59f0180 2916177756 S Co:2:005:0 s 40 bc 0800 00c0 0004 4 = 9447f900
ffff8e67f59f0180 2916180397 C Co:2:005:0 0 4 >
ffff8e67f59f0180 2916180474 S Co:2:005:0 s 40 b9 0000 0000 0004 4 = 09006603
ffff8e67f59f0180 2916183116 C Co:2:005:0 0 4 >
ffff8e67f59f0180 2916183200 S Ii:2:005:3 -115:1 3 <
ffff8e67f59f0180 2916184474 C Ii:2:005:3 0:1 3 = 100000
ffff8e67f59f0180 2916184524 S Ci:2:005:0 s c0 bc 0800 0016 0002 2 <
ffff8e67f59f0180 2916187266 C Ci:2:005:0 0 2 = 0900
ffff8e67f59f0180 2916187332 S Ci:2:005:0 s c0 bc 0900 001c 0002 2 <
ffff8e67f59f0180 2916189957 C Ci:2:005:0 0 2 = 2f6f
ffff8e67f59f0180 2916190118 S Ci:2:005:0 s c0 bc 0800 23be 0002 2 <
ffff8e67f59f0180 2916192687 C Ci:2:005:0 0 2 = 0000
ffff8e67f59f0180 2916192848 S Co:2:005:0 s 40 bc 0900 0014 0002 2 = d09e
ffff8e67f59f0180 2916195437 C Co:2:005:0 0 2 >
ffff8e67f59f0180 2916195596 S Ci:2:005:0 s c0 bc 0900 001c 0002 2 <
ffff8e67f59f0180 2916198203 C Ci:2:005:0 0 2 = 2f6f
ffff8e67f59f0180 2916198383 S Co:2:005:0 s 40 bc 0800 00c0 0004 4 = 9440f300
ffff8e67f59f0180 2916201009 C Co:2:005:0 0 4 >
ffff8e67f59f0180 2916201208 S Co:2:005:0 s 40 b9 0000 0000 0004 4 = 09006603
ffff8e67f59f0180 2916203683 C Co:2:005:0 0 4 >
ffff8e67f59f0180 2916203841 S Ii:2:005:3 -115:1 3 <
ffff8e67f59f0180 2916205065 C Ii:2:005:3 0:1 3 = 100000
ffff8e67f59f0180 2916205158 S Ci:2:005:0 s c0 bc 0800 0016 0002 2 <
ffff8e67f59f0180 2916207890 C Ci:2:005:0 0 2 = 0900
ffff8e67f59f0180 2916208060 S Ci:2:005:0 s c0 bc 0900 001c 0002 2 <
ffff8e67f59f0180 2916210617 C Ci:2:005:0 0 2 = 2f6f
ffff8e67f59f0180 2916210750 S Ci:2:005:0 s c0 bc 0800 23be 0002 2 <
ffff8e67f59f0180 2916213305 C Ci:2:005:0 0 2 = 0000
ffff8e67f59f0180 2916213530 S Co:2:005:0 s 40 bc 0900 0014 0002 2 = d09e
ffff8e67f59f0180 2916216046 C Co:2:005:0 0 2 >
ffff8e67f59f0180 2916216204 S Ci:2:005:0 s c0 bc 0900 001c 0002 2 <
ffff8e67f59f0180 2916218817 C Ci:2:005:0 0 2 = 2f6f
ffff8e67f59f0180 2916218982 S Co:2:005:0 s 40 bc 0800 00c0 0004 4 = 9443b700
ffff8e67f59f0180 2916221616 C Co:2:005:0 0 4 >
ffff8e67f59f0180 2916221778 S Co:2:005:0 s 40 b9 0000 0000 0004 4 = 09006603
ffff8e67f59f0180 2916224367 C Co:2:005:0 0 4 >
ffff8e67f59f0180 2916224431 S Ii:2:005:3 -115:1 3 <
ffff8e67f59f0180 2916225730 C Ii:2:005:3 0:1 3 = 100000
ffff8e67f59f0180 2916225827 S Ci:2:005:0 s c0 bc 0800 0016 0002 2 <
ffff8e67f59f0180 2916228493 C Ci:2:005:0 0 2 = 0900
ffff8e67f59f0180 2916228551 S Ci:2:005:0 s c0 bc 0900 001c 0002 2 <
ffff8e67f59f0180 2916231174 C Ci:2:005:0 0 2 = 2f6f
ffff8e67f59f0180 2916231340 S Ci:2:005:0 s c0 bc 0800 23be 0002 2 <
ffff8e67f59f0180 2916233955 C Ci:2:005:0 0 2 = 0000
ffff8e67f59f0180 2916234116 S Co:2:005:0 s 40 bc 0900 0014 0002 2 = d09e
ffff8e67f59f0180 2916236656 C Co:2:005:0 0 2 >
ffff8e67f59f0180 2916236813 S Ci:2:005:0 s c0 bc 0900 001c 0002 2 <
ffff8e67f59f0180 2916239305 C Ci:2:005:0 0 2 = 2f6f
ffff8e67f59f0180 2916239495 S Co:2:005:0 s 40 bc 0800 00c0 0004 4 = 944eb700
ffff8e67f59f0180 2916242131 C Co:2:005:0 0 4 >
ffff8e67f59f0180 2916242207 S Co:2:005:0 s 40 b9 0000 0000 0004 4 = 09006603
ffff8e67f59f0180 2916244808 C Co:2:005:0 0 4 >
ffff8e67f59f0180 2916244998 S Ii:2:005:3 -115:1 3 <
ffff8e67f59f0180 2916246169 C Ii:2:005:3 0:1 3 = 100000
ffff8e67f59f0180 2916246341 S Ci:2:005:0 s c0 bc 0800 0016 0002 2 <
ffff8e67f59f0180 2916249103 C Ci:2:005:0 0 2 = 0900
ffff8e67f59f0180 2916249265 S Ci:2:005:0 s c0 bc 0900 001c 0002 2 <
ffff8e67f59f0180 2916251907 C Ci:2:005:0 0 2 = 2f6f
ffff8e67f59f0180 2916252051 S Ci:2:005:0 s c0 bc 0800 23be 0002 2 <
ffff8e67f59f0180 2916254566 C Ci:2:005:0 0 2 = 0000
ffff8e67f59f0180 2916254673 S Co:2:005:0 s 40 bc 0900 0014 0002 2 = d09e
ffff8e67f59f0180 2916257420 C Co:2:005:0 0 2 >
ffff8e67f59f0180 2916257531 S Ci:2:005:0 s c0 bc 0900 001c 0002 2 <
ffff8e67f59f0180 2916260169 C Ci:2:005:0 0 2 = 2f6f
ffff8e67f59f0180 2916260273 S Co:2:005:0 s 40 bc 0800 00c0 0004 4 = 944fb700
ffff8e67f59f0180 2916262838 C Co:2:005:0 0 4 >
ffff8e67f59f0180 2916262996 S Co:2:005:0 s 40 b9 0000 0000 0004 4 = 09006603
ffff8e67f59f0180 2916265721 C Co:2:005:0 0 4 >
ffff8e67f59f0180 2916265826 S Ii:2:005:3 -115:1 3 <
ffff8e67f59f0180 2916267011 C Ii:2:005:3 0:1 3 = 100000
ffff8e67f59f0180 2916267116 S Ci:2:005:0 s c0 bc 0800 0016 0002 2 <
ffff8e67f59f0180 2916269760 C Ci:2:005:0 0 2 = 0900
ffff8e67f59f0180 2916269893 S Ci:2:005:0 s c0 bc 0900 001c 0002 2 <
ffff8e67f59f0180 2916272485 C Ci:2:005:0 0 2 = 2f6f
ffff8e67f59f0180 2916272595 S Ci:2:005:0 s c0 bc 0800 23be 0002 2 <
ffff8e67f59f0180 2916275062 C Ci:2:005:0 0 2 = 0000
ffff8e67f59f0180 2916275174 S Co:2:005:0 s 40 bc 0900 0014 0002 2 = d09e
ffff8e67f59f0180 2916277908 C Co:2:005:0 0 2 >
ffff8e67f59f0180 2916278059 S Ci:2:005:0 s c0 bc 0900 001c 0002 2 <
ffff8e67f59f0180 2916280594 C Ci:2:005:0 0 2 = 2f6f
ffff8e67f59f0180 2916280703 S Co:2:005:0 s 40 bc 0800 00c0 0004 4 = 9448b700
ffff8e67f59f0180 2916283303 C Co:2:005:0 0 4 >
ffff8e67f59f0180 2916283468 S Co:2:005:0 s 40 b9 0000 0000 0004 4 = 09006603
ffff8e67f59f0180 2916286118 C Co:2:005:0 0 4 >
ffff8e67f59f0180 2916286227 S Ii:2:005:3 -115:1 3 <
ffff8e67f59f0180 2916287505 C Ii:2:005:3 0:1 3 = 100000
ffff8e67f59f0180 2916287611 S Ci:2:005:0 s c0 bc 0800 0016 0002 2 <
ffff8e67f59f0180 2916290215 C Ci:2:005:0 0 2 = 0900
ffff8e67f59f0180 2916290377 S Ci:2:005:0 s c0 bc 0900 001c 0002 2 <
ffff8e67f59f0180 2916292962 C Ci:2:005:0 0 2 = 2f6f
ffff8e67f59f0180 2916293073 S Ci:2:005:0 s c0 bc 0800 23be 0002 2 <
ffff8e67f59f0180 2916295684 C Ci:2:005:0 0 2 = 0000
ffff8e67f59f0180 2916295798 S Co:2:005:0 s 40 bc 0900 0014 0002 2 = d09e
ffff8e67f59f0180 2916298407 C Co:2:005:0 0 2 >
ffff8e67f59f0180 2916298523 S Ci:2:005:0 s c0 bc 0900 001c 0002 2 <
ffff8e67f59f0180 2916301085 C Ci:2:005:0 0 2 = 2f6f
ffff8e67f59f0180 2916301236 S Co:2:005:0 s 40 bc 0800 00c0 0004 4 = 9449b700
ffff8e67f59f0180 2916303857 C Co:2:005:0 0 4 >
ffff8e67f59f0180 2916304019 S Co:2:005:0 s 40 b9 0000 0000 0004 4 = 09006603
ffff8e67f59f0180 2916306610 C Co:2:005:0 0 4 >
ffff8e67f59f0180 2916306727 S Ii:2:005:3 -115:1 3 <
ffff8e67f59f0180 2916307898 C Ii:2:005:3 0:1 3 = 100000
ffff8e67f59f0180 2916308049 S Ci:2:005:0 s c0 bc 0800 0016 0002 2 <
ffff8e67f59f0180 2916310742 C Ci:2:005:0 0 2 = 0900
ffff8e67f59f0180 2916310839 S Ci:2:005:0 s c0 bc 0900 001c 0002 2 <
ffff8e67f59f0180 2916313456 C Ci:2:005:0 0 2 = 2f6f
ffff8e67f59f0180 2916313559 S Ci:2:005:0 s c0 bc 0800 23be 0002 2 <
ffff8e67f59f0180 2916316149 C Ci:2:005:0 0 2 = 0000
ffff8e67f59f0180 2916316220 S Co:2:005:0 s 40 bc 0900 0014 0002 2 = d09e
ffff8e67f59f0180 2916318794 C Co:2:005:0 0 2 >
ffff8e67f59f0180 2916318903 S Ci:2:005:0 s c0 bc 0900 001c 0002 2 <
ffff8e67f59f0180 2916321572 C Ci:2:005:0 0 2 = 2f6f
ffff8e67f59f0180 2916321690 S Co:2:005:0 s 40 bc 0800 00c0 0004 4 = 94587700
ffff8e67f59f0180 2916324259 C Co:2:005:0 0 4 >
ffff8e67f59f0180 2916324383 S Co:2:005:0 s 40 b9 0000 0000 0004 4 = 09006603
ffff8e67f59f0180 2916327081 C Co:2:005:0 0 4 >
ffff8e67f59f0180 2916327188 S Ii:2:005:3 -115:1 3 <
ffff8e67f59f0180 2916328499 C Ii:2:005:3 0:1 3 = 100000
ffff8e67f59f0180 2916328600 S Ci:2:005:0 s c0 bc 0800 0016 0002 2 <
ffff8e67f59f0180 2916331172 C Ci:2:005:0 0 2 = 0900
ffff8e67f59f0180 2916331287 S Ci:2:005:0 s c0 bc 0900 001c 0002 2 <
ffff8e67f59f0180 2916333917 C Ci:2:005:0 0 2 = 2f6f
ffff8e67f59f0180 2916334024 S Ci:2:005:0 s c0 bc 0800 23be 0002 2 <
ffff8e67f59f0180 2916336696 C Ci:2:005:0 0 2 = 0000
ffff8e67f59f0180 2916336807 S Co:2:005:0 s 40 bc 0900 0014 0002 2 = d09e
ffff8e67f59f0180 2916339473 C Co:2:005:0 0 2 >
ffff8e67f59f0180 2916339538 S Ci:2:005:0 s c0 bc 0900 001c 0002 2 <
ffff8e67f59f0180 2916342211 C Ci:2:005:0 0 2 = 2f6f
ffff8e67f59f0180 2916342346 S Co:2:005:0 s 40 bc 0800 00c0 0004 4 = 9440f100
ffff8e67f59f0180 2916344947 C Co:2:005:0 0 4 >
ffff8e67f59f0180 2916345055 S Co:2:005:0 s 40 b9 0000 0000 0004 4 = 09006603
ffff8e67f59f0180 2916347758 C Co:2:005:0 0 4 >
ffff8e67f59f0180 2916347859 S Ii:2:005:3 -115:1 3 <
ffff8e67f59f0180 2916349015 C Ii:2:005:3 0:1 3 = 100000
ffff8e67f59f0180 2916349127 S Ci:2:005:0 s c0 bc 0800 0016 0002 2 <
ffff8e67f59f0180 2916351903 C Ci:2:005:0 0 2 = 0900
ffff8e67f59f0180 2916352061 S Ci:2:005:0 s c0 bc 0900 001c 0002 2 <
ffff8e67f59f0180 2916354623 C Ci:2:005:0 0 2 = 2f6f
ffff8e67f59f0180 2916354735 S Ci:2:005:0 s c0 bc 0800 23be 0002 2 <
ffff8e67f59f0180 2916357297 C Ci:2:005:0 0 2 = 0000
ffff8e67f59f0180 2916357422 S Co:2:005:0 s 40 bc 0900 0014 0002 2 = d09e
ffff8e67f59f0180 2916360110 C Co:2:005:0 0 2 >
ffff8e67f59f0180 2916360222 S Ci:2:005:0 s c0 bc 0900 001c 0002 2 <
ffff8e67f59f0180 2916362894 C Ci:2:005:0 0 2 = 2f6f
ffff8e67f59f0180 2916363071 S Co:2:005:0 s 40 bc 0800 00c0 0004 4 = 944df500
ffff8e67f59f0180 2916365599 C Co:2:005:0 0 4 >
ffff8e67f59f0180 2916365667 S Co:2:005:0 s 40 b9 0000 0000 0004 4 = 09006603
ffff8e67f59f0180 2916368357 C Co:2:005:0 0 4 >
ffff8e67f59f0180 2916368463 S Ii:2:005:3 -115:1 3 <
ffff8e67f59f0180 2916369743 C Ii:2:005:3 0:1 3 = 100000
ffff8e67f59f0180 2916369887 S Ci:2:005:0 s c0 bc 0800 0016 0002 2 <
ffff8e67f59f0180 2916372474 C Ci:2:005:0 0 2 = 0900
ffff8e67f59f0180 2916372580 S Ci:2:005:0 s c0 bc 0900 001c 0002 2 <
ffff8e67f59f0180 2916375265 C Ci:2:005:0 0 2 = 2f6f
ffff8e67f59f0180 2916375376 S Ci:2:005:0 s c0 bc 0800 23be 0002 2 <
ffff8e67f59f0180 2916377965 C Ci:2:005:0 0 2 = 0000
ffff8e67f59f0180 2916378103 S Co:2:005:0 s 40 bc 0900 0014 0002 2 = d09e
ffff8e67f59f0180 2916380540 C Co:2:005:0 0 2 >
ffff8e67f59f0180 2916380649 S Ci:2:005:0 s c0 bc 0900 001c 0002 2 <
ffff8e67f59f0180 2916383220 C Ci:2:005:0 0 2 = 2f6f
ffff8e67f59f0180 2916383351 S Co:2:005:0 s 40 bc 0800 00c0 0004 4 = 944aaf00
ffff8e67f59f0180 2916385949 C Co:2:005:0 0 4 >
ffff8e67f59f0180 2916386060 S Co:2:005:0 s 40 b9 0000 0000 0004 4 = 09006603
ffff8e67f59f0180 2916388718 C Co:2:005:0 0 4 >
ffff8e67f59f0180 2916388805 S Ii:2:005:3 -115:1 3 <
ffff8e67f59f0180 2916389988 C Ii:2:005:3 0:1 3 = 100000
ffff8e67f59f0180 2916390096 S Ci:2:005:0 s c0 bc 0800 0016 0002 2 <
ffff8e67f59f0180 2916392871 C Ci:2:005:0 0 2 = 0900
ffff8e67f59f0180 2916393059 S Ci:2:005:0 s c0 bc 0900 001c 0002 2 <
ffff8e67f59f0180 2916395613 C Ci:2:005:0 0 2 = 2f6f
ffff8e67f59f0180 2916395712 S Ci:2:005:0 s c0 bc 0800 23be 0002 2 <
ffff8e67f59f0180 2916398367 C Ci:2:005:0 0 2 = 0000
ffff8e67f59f0180 2916398476 S Co:2:005:0 s 40 bc 0900 0014 0002 2 = d09e
ffff8e67f59f0180 2916401123 C Co:2:005:0 0 2 >
ffff8e67f59f0180 2916401222 S Ci:2:005:0 s c0 bc 0900 001c 0002 2 <
ffff8e67f59f0180 2916403811 C Ci:2:005:0 0 2 = 2f6f
ffff8e67f59f0180 2916403926 S Co:2:005:0 s 40 bc 0800 00c0 0004 4 = 944baf00
ffff8e67f59f0180 2916406505 C Co:2:005:0 0 4 >
ffff8e67f59f0180 2916406610 S Co:2:005:0 s 40 b9 0000 0000 0004 4 = 09006603
ffff8e67f59f0180 2916409339 C Co:2:005:0 0 4 >
ffff8e67f59f0180 2916409420 S Ii:2:005:3 -115:1 3 <
ffff8e67f59f0180 2916410678 C Ii:2:005:3 0:1 3 = 100000
ffff8e67f59f0180 2916410789 S Ci:2:005:0 s c0 bc 0800 0016 0002 2 <
ffff8e67f59f0180 2916413503 C Ci:2:005:0 0 2 = 0900
ffff8e67f59f0180 2916413613 S Ci:2:005:0 s c0 bc 0900 001c 0002 2 <
ffff8e67f59f0180 2916416100 C Ci:2:005:0 0 2 = 2f6f
ffff8e67f59f0180 2916416209 S Ci:2:005:0 s c0 bc 0800 23be 0002 2 <
ffff8e67f59f0180 2916418820 C Ci:2:005:0 0 2 = 0000
ffff8e67f59f0180 2916418930 S Co:2:005:0 s 40 bc 0900 0014 0002 2 = d09e
ffff8e67f59f0180 2916421583 C Co:2:005:0 0 2 >
ffff8e67f59f0180 2916421678 S Ci:2:005:0 s c0 bc 0900 001c 0002 2 <
ffff8e67f59f0180 2916424303 C Ci:2:005:0 0 2 = 2f6f
ffff8e67f59f0180 2916424431 S Co:2:005:0 s 40 bc 0800 00c0 0004 4 = 945cb700
ffff8e67f59f0180 2916427072 C Co:2:005:0 0 4 >
ffff8e67f59f0180 2916427181 S Co:2:005:0 s 40 b9 0000 0000 0004 4 = 09006603
ffff8e67f59f0180 2916429846 C Co:2:005:0 0 4 >
ffff8e67f59f0180 2916430054 S Ii:2:005:3 -115:1 3 <
ffff8e67f59f0180 2916431177 C Ii:2:005:3 0:1 3 = 100000
ffff8e67f59f0180 2916431282 S Ci:2:005:0 s c0 bc 0800 0016 0002 2 <
ffff8e67f59f0180 2916433999 C Ci:2:005:0 0 2 = 0900
ffff8e67f59f0180 2916434145 S Ci:2:005:0 s c0 bc 0900 001c 0002 2 <
ffff8e67f59f0180 2916436635 C Ci:2:005:0 0 2 = 2f6f
ffff8e67f59f0180 2916436808 S Ci:2:005:0 s c0 bc 0800 23be 0002 2 <
ffff8e67f59f0180 2916439388 C Ci:2:005:0 0 2 = 0000
ffff8e67f59f0180 2916439497 S Co:2:005:0 s 40 bc 0900 0014 0002 2 = d09e
ffff8e67f59f0180 2916442196 C Co:2:005:0 0 2 >
ffff8e67f59f0180 2916442300 S Ci:2:005:0 s c0 bc 0900 001c 0002 2 <
ffff8e67f59f0180 2916444920 C Ci:2:005:0 0 2 = 2f6f
ffff8e67f59f0180 2916445045 S Co:2:005:0 s 40 bc 0800 00c0 0004 4 = 9446d700
ffff8e67f59f0180 2916447662 C Co:2:005:0 0 4 >
ffff8e67f59f0180 2916447771 S Co:2:005:0 s 40 b9 0000 0000 0004 4 = 09006603
ffff8e67f59f0180 2916450452 C Co:2:005:0 0 4 >
ffff8e67f59f0180 2916450553 S Ii:2:005:3 -115:1 3 <
ffff8e67f59f0180 2916451755 C Ii:2:005:3 0:1 3 = 100000
ffff8e67f59f0180 2916451867 S Ci:2:005:0 s c0 bc 0800 0016 0002 2 <
ffff8e67f59f0180 2916454680 C Ci:2:005:0 0 2 = 0900
ffff8e67f59f0180 2916454790 S Ci:2:005:0 s c0 bc 0900 001c 0002 2 <
ffff8e67f59f0180 2916457365 C Ci:2:005:0 0 2 = 2f6f
ffff8e67f59f0180 2916457473 S Ci:2:005:0 s c0 bc 0800 23be 0002 2 <
ffff8e67f59f0180 2916460007 C Ci:2:005:0 0 2 = 0000
ffff8e67f59f0180 2916460108 S Co:2:005:0 s 40 bc 0900 0014 0002 2 = d09e
ffff8e67f59f0180 2916462836 C Co:2:005:0 0 2 >
ffff8e67f59f0180 2916462941 S Ci:2:005:0 s c0 bc 0900 001c 0002 2 <
ffff8e67f59f0180 2916465580 C Ci:2:005:0 0 2 = 2f6f
ffff8e67f59f0180 2916465683 S Co:2:005:0 s 40 bc 0800 00c0 0004 4 = 9dcd8800
ffff8e67f59f0180 2916468288 C Co:2:005:0 0 4 >
ffff8e67f59f0180 2916468407 S Co:2:005:0 s 40 b9 0000 0000 0004 4 = 09006603
ffff8e67f59f0180 2916471113 C Co:2:005:0 0 4 >
ffff8e67f59f0180 2916471214 S Ii:2:005:3 -115:1 3 <
ffff8e67f59f0180 2916472413 C Ii:2:005:3 0:1 3 = 100000
ffff8e67f59f0180 2916472537 S Ci:2:005:0 s c0 bc 0800 0016 0002 2 <
ffff8e67f59f0180 2916475220 C Ci:2:005:0 0 2 = 0900
ffff8e67f59f0180 2916475338 S Ci:2:005:0 s c0 bc 0900 001c 0002 2 <
ffff8e67f59f0180 2916477967 C Ci:2:005:0 0 2 = 2f6f
ffff8e67f59f0180 2916478078 S Ci:2:005:0 s c0 bc 0800 23be 0002 2 <
ffff8e67f59f0180 2916480692 C Ci:2:005:0 0 2 = 0000
ffff8e67f59f0180 2916480803 S Co:2:005:0 s 40 bc 0900 0014 0002 2 = d09e
ffff8e67f59f0180 2916483521 C Co:2:005:0 0 2 >
ffff8e67f59f0180 2916483625 S Ci:2:005:0 s c0 bc 0900 001c 0002 2 <
ffff8e67f59f0180 2916486234 C Ci:2:005:0 0 2 = 2f6f
ffff8e67f59f0180 2916486372 S Co:2:005:0 s 40 b9 0000 0000 0004 4 = 09016601
ffff8e67f59f0180 2916488999 C Co:2:005:0 0 4 >
ffff8e67f59f0180 2916489129 S Ii:2:005:3 -115:1 3 <
ffff8e67f59f0180 2916490370 C Ii:2:005:3 0:1 3 = 100000
ffff8e67f59f0180 2916490506 S Ci:2:005:0 s c0 bc 0800 0016 0002 2 <
ffff8e67f59f0180 2916493113 C Ci:2:005:0 0 2 = 0900
ffff8e67f59f0180 2916493225 S Ci:2:005:0 s c0 bc 0900 001c 0002 2 <
ffff8e67f59f0180 2916495853 C Ci:2:005:0 0 2 = 2f6f
ffff8e67f59f0180 2916496071 S Ci:2:005:0 s c0 bc 0800 23be 0004 4 <
ffff8e67f59f0180 2916498655 C Ci:2:005:0 0 4 = 0000b267
ffff8e67f59f0180 2916498823 S Co:2:005:0 s 40 bc 0800 00c0 0002 2 = b7ce
ffff8e67f59f0180 2916501387 C Co:2:005:0 0 2 >
ffff8e67f59f0180 2916501491 S Co:2:005:0 s 40 b9 0000 0000 0004 4 = 09009c02
ffff8e67f59f0180 2916504200 C Co:2:005:0 0 4 >
ffff8e67f59f0180 2916504308 S Ii:2:005:3 -115:1 3 <
ffff8e67f59f0180 2916505489 C Ii:2:005:3 0:1 3 = 100000
ffff8e67f59f0180 2916505606 S Ci:2:005:0 s c0 bc 0800 0016 0002 2 <
ffff8e67f59f0180 2916508130 C Ci:2:005:0 0 2 = 0900
ffff8e67f59f0180 2916508237 S Ci:2:005:0 s c0 bc 0900 001c 0002 2 <
ffff8e67f59f0180 2916510947 C Ci:2:005:0 0 2 = 2f6f
ffff8e67f59f0180 2916511053 S Ci:2:005:0 s c0 bc 0800 23be 0002 2 <
ffff8e67f59f0180 2916513590 C Ci:2:005:0 0 2 = 0000
ffff8e67f59f0180 2916513721 S Co:2:005:0 s 40 bc 0900 0014 0002 2 = d09e
ffff8e67f59f0180 2916516280 C Co:2:005:0 0 2 >
ffff8e67f59f0180 2916516398 S Ci:2:005:0 s c0 bc 0900 001c 0002 2 <
ffff8e67f59f0180 2916519038 C Ci:2:005:0 0 2 = 2f6f
ffff8e67f59f0180 2916519151 S Co:2:005:0 s 40 bc 0800 00c0 0002 2 = 41a3
ffff8e67f59f0180 2916521830 C Co:2:005:0 0 2 >
ffff8e67f59f0180 2916521948 S Co:2:005:0 s 40 b9 0000 0000 0004 4 = 09009c02
ffff8e67f59f0180 2916524595 C Co:2:005:0 0 4 >
ffff8e67f59f0180 2916524690 S Ii:2:005:3 -115:1 3 <
ffff8e67f59f0180 2916525914 C Ii:2:005:3 0:1 3 = 100000
ffff8e67f59f0180 2916526026 S Ci:2:005:0 s c0 bc 0800 0016 0002 2 <
ffff8e67f59f0180 2916528715 C Ci:2:005:0 0 2 = 0900
ffff8e67f59f0180 2916528822 S Ci:2:005:0 s c0 bc 0900 001c 0002 2 <
ffff8e67f59f0180 2916531413 C Ci:2:005:0 0 2 = 2f6f
ffff8e67f59f0180 2916531521 S Ci:2:005:0 s c0 bc 0800 23be 0002 2 <
ffff8e67f59f0180 2916533901 C Ci:2:005:0 0 2 = 0000
ffff8e67f59f0180 2916533997 S Co:2:005:0 s 40 bc 0900 0014 0002 2 = d09e
ffff8e67f59f0180 2916536553 C Co:2:005:0 0 2 >
ffff8e67f59f0180 2916536650 S Ci:2:005:0 s c0 bc 0900 001c 0002 2 <
ffff8e67f59f0180 2916539290 C Ci:2:005:0 0 2 = 2f6f
ffff8e67f59f0180 2916539461 S Co:2:005:0 s 40 bc 0800 00c0 0002 2 = b8cc
ffff8e67f59f0180 2916542121 C Co:2:005:0 0 2 >
ffff8e67f59f0180 2916542231 S Co:2:005:0 s 40 b9 0000 0000 0004 4 = 09009c02
ffff8e67f59f0180 2916544841 C Co:2:005:0 0 4 >
ffff8e67f59f0180 2916544939 S Ii:2:005:3 -115:1 3 <
ffff8e67f59f0180 2916546172 C Ii:2:005:3 0:1 3 = 100000
ffff8e67f59f0180 2916546336 S Ci:2:005:0 s c0 bc 0800 0016 0002 2 <
ffff8e67f59f0180 2916549029 C Ci:2:005:0 0 2 = 0900
ffff8e67f59f0180 2916549209 S Ci:2:005:0 s c0 bc 0900 001c 0002 2 <
ffff8e67f59f0180 2916551598 C Ci:2:005:0 0 2 = 2f6f
ffff8e67f59f0180 2916551763 S Ci:2:005:0 s c0 bc 0800 23be 0002 2 <
ffff8e67f59f0180 2916554282 C Ci:2:005:0 0 2 = 0000
ffff8e67f59f0180 2916554475 S Co:2:005:0 s 40 bc 0900 0014 0002 2 = d09e
ffff8e67f59f0180 2916557054 C Co:2:005:0 0 2 >
ffff8e67f59f0180 2916557189 S Ci:2:005:0 s c0 bc 0900 001c 0002 2 <
ffff8e67f59f0180 2916559821 C Ci:2:005:0 0 2 = 2f6f
ffff8e67c6eea900 2916560079 S Co:2:005:0 s 40 bc 0800 00c0 0004 4 = 9dcd3f00
ffff8e67c6eea900 2916562582 C Co:2:005:0 0 4 >
ffff8e67c6eea900 2916562775 S Co:2:005:0 s 40 b9 0000 0000 0004 4 = 09006603
ffff8e67c6eea900 2916565258 C Co:2:005:0 0 4 >
ffff8e67c6eea900 2916565420 S Ii:2:005:3 -115:1 3 <
ffff8e67c6eea900 2916566650 C Ii:2:005:3 0:1 3 = 100000
ffff8e67c6eea900 2916566809 S Ci:2:005:0 s c0 bc 0800 0016 0002 2 <
ffff8e67c6eea900 2916569406 C Ci:2:005:0 0 2 = 0900
ffff8e67c6eea900 2916569621 S Ci:2:005:0 s c0 bc 0900 001c 0002 2 <
ffff8e67c6eea900 2916572168 C Ci:2:005:0 0 2 = 2f6f
ffff8e67c6eea900 2916572337 S Ci:2:005:0 s c0 bc 0800 23be 0002 2 <
ffff8e67c6eea900 2916574909 C Ci:2:005:0 0 2 = 0000
ffff8e67c6eea900 2916575133 S Co:2:005:0 s 40 bc 0900 0014 0002 2 = d09e
ffff8e67c6eea900 2916577656 C Co:2:005:0 0 2 >
ffff8e67c6eea900 2916577742 S Ci:2:005:0 s c0 bc 0900 001c 0002 2 <
ffff8e67c6eea900 2916580439 C Ci:2:005:0 0 2 = 2f6f
ffff8e67c6eea900 2916580569 S Co:2:005:0 s 40 b9 0000 0000 0004 4 = 09016601
ffff8e67c6eea900 2916583191 C Co:2:005:0 0 4 >
ffff8e67c6eea900 2916583272 S Ii:2:005:3 -115:1 3 <
ffff8e67c6eea900 2916584546 C Ii:2:005:3 0:1 3 = 100000
ffff8e67c6eea900 2916584682 S Ci:2:005:0 s c0 bc 0800 0016 0002 2 <
ffff8e67c6eea900 2916587297 C Ci:2:005:0 0 2 = 0900
ffff8e67c6eea900 2916587439 S Ci:2:005:0 s c0 bc 0900 001c 0002 2 <
ffff8e67c6eea900 2916590081 C Ci:2:005:0 0 2 = 2f6f
ffff8e67c6eea900 2916590233 S Ci:2:005:0 s c0 bc 0800 23be 0004 4 <
ffff8e67c6eea900 2916592803 C Ci:2:005:0 0 4 = 0000b267
ffff8e67c6eea900 2916593010 S Co:2:005:0 s 40 bc 0800 00c0 0002 2 = 00cd
ffff8e67c6eea900 2916595553 C Co:2:005:0 0 2 >
ffff8e67c6eea900 2916595686 S Co:2:005:0 s 40 b9 0000 0000 0004 4 = 09009c02
ffff8e67c6eea900 2916598284 C Co:2:005:0 0 4 >
ffff8e67c6eea900 2916598370 S Ii:2:005:3 -115:1 3 <
ffff8e67c6eea900 2916599650 C Ii:2:005:3 0:1 3 = 100000
ffff8e67c6eea900 2916599809 S Ci:2:005:0 s c0 bc 0800 0016 0002 2 <
ffff8e67c6eea900 2916602429 C Ci:2:005:0 0 2 = 0900
ffff8e67c6eea900 2916602567 S Ci:2:005:0 s c0 bc 0900 001c 0002 2 <
ffff8e67c6eea900 2916605228 C Ci:2:005:0 0 2 = 2f6f
ffff8e67c6eea900 2916605401 S Ci:2:005:0 s c0 bc 0800 23be 0002 2 <
ffff8e67c6eea900 2916607932 C Ci:2:005:0 0 2 = 0000
ffff8e67c6eea900 2916608161 S Co:2:005:0 s 40 bc 0900 0014 0002 2 = d09e
ffff8e67c6eea900 2916610687 C Co:2:005:0 0 2 >
ffff8e67c6eea900 2916610769 S Ci:2:005:0 s c0 bc 0900 001c 0002 2 <
ffff8e67c6eea900 2916613396 C Ci:2:005:0 0 2 = 2f6f
ffff8e67c6eea900 2916613599 S Co:2:005:0 s 40 bc 0800 00c0 0002 2 = 0fce
ffff8e67c6eea900 2916616134 C Co:2:005:0 0 2 >
ffff8e67c6eea900 2916616203 S Co:2:005:0 s 40 b9 0000 0000 0004 4 = 09009c02
ffff8e67c6eea900 2916618923 C Co:2:005:0 0 4 >
ffff8e67c6eea900 2916619152 S Ii:2:005:3 -115:1 3 <
ffff8e67c6eea900 2916620219 C Ii:2:005:3 0:1 3 = 100000
ffff8e67c6eea900 2916620351 S Ci:2:005:0 s c0 bc 0800 0016 0002 2 <
ffff8e67c6eea900 2916623018 C Ci:2:005:0 0 2 = 0900
ffff8e67c6eea900 2916623216 S Ci:2:005:0 s c0 bc 0900 001c 0002 2 <
ffff8e67c6eea900 2916625829 C Ci:2:005:0 0 2 = 2f6f
ffff8e67c6eea900 2916626038 S Ci:2:005:0 s c0 bc 0800 23be 0002 2 <
ffff8e67c6eea900 2916628536 C Ci:2:005:0 0 2 = 0000
ffff8e67c6eea900 2916628723 S Co:2:005:0 s 40 bc 0900 0014 0002 2 = d09e
ffff8e67c6eea900 2916631302 C Co:2:005:0 0 2 >
ffff8e67c6eea900 2916631462 S Ci:2:005:0 s c0 bc 0900 001c 0002 2 <
ffff8e67c6eea900 2916634065 C Ci:2:005:0 0 2 = 2f6f
ffff8e67c6eea900 2916634270 S Co:2:005:0 s 40 bc 0800 00c0 0002 2 = 16fc
ffff8e67c6eea900 2916636736 C Co:2:005:0 0 2 >
ffff8e67c6eea900 2916636978 S Co:2:005:0 s 40 b9 0000 0000 0004 4 = 09009c02
ffff8e67c6eea900 2916639522 C Co:2:005:0 0 4 >
ffff8e67c6eea900 2916639718 S Ii:2:005:3 -115:1 3 <
ffff8e67c6eea900 2916640839 C Ii:2:005:3 0:1 3 = 100000
ffff8e67c6eea900 2916641044 S Ci:2:005:0 s c0 bc 0800 0016 0002 2 <
ffff8e67c6eea900 2916643682 C Ci:2:005:0 0 2 = 0900
ffff8e67c6eea900 2916643862 S Ci:2:005:0 s c0 bc 0900 001c 0002 2 <
ffff8e67c6eea900 2916646442 C Ci:2:005:0 0 2 = 2f6f
ffff8e67c6eea900 2916646537 S Ci:2:005:0 s c0 bc 0800 23be 0002 2 <
ffff8e67c6eea900 2916649185 C Ci:2:005:0 0 2 = 0000
ffff8e67c6eea900 2916649398 S Co:2:005:0 s 40 bc 0900 0014 0002 2 = d09e
ffff8e67c6eea900 2916651862 C Co:2:005:0 0 2 >
ffff8e67c6eea900 2916652085 S Ci:2:005:0 s c0 bc 0900 001c 0002 2 <
ffff8e67c6eea900 2916654538 C Ci:2:005:0 0 2 = 2f6f
ffff8e67c6eea900 2916654607 S Co:2:005:0 s 40 bc 0800 00c0 0002 2 = 17cc
ffff8e67c6eea900 2916657292 C Co:2:005:0 0 2 >
ffff8e67c6eea900 2916657494 S Co:2:005:0 s 40 b9 0000 0000 0004 4 = 09009c02
ffff8e67c6eea900 2916660043 C Co:2:005:0 0 4 >
ffff8e67c6eea900 2916660145 S Ii:2:005:3 -115:1 3 <
ffff8e67c6eea900 2916661394 C Ii:2:005:3 0:1 3 = 100000
ffff8e67c6eea900 2916661505 S Ci:2:005:0 s c0 bc 0800 0016 0002 2 <
ffff8e67c6eea900 2916664239 C Ci:2:005:0 0 2 = 0900
ffff8e67c6eea900 2916664326 S Ci:2:005:0 s c0 bc 0900 001c 0002 2 <
ffff8e67c6eea900 2916666981 C Ci:2:005:0 0 2 = 2f6f
ffff8e67c6eea900 2916667200 S Ci:2:005:0 s c0 bc 0800 23be 0002 2 <
ffff8e67c6eea900 2916669656 C Ci:2:005:0 0 2 = 0000
ffff8e67c6eea900 2916669854 S Co:2:005:0 s 40 bc 0900 0014 0002 2 = d09e
ffff8e67c6eea900 2916672427 C Co:2:005:0 0 2 >
ffff8e67c6eea900 2916672533 S Ci:2:005:0 s c0 bc 0900 001c 0002 2 <
ffff8e67c6eea900 2916675182 C Ci:2:005:0 0 2 = 2f6f
ffff8e67c6eea900 2916675278 S Co:2:005:0 s 40 bc 0800 00c0 0002 2 = 18cc
ffff8e67c6eea900 2916677927 C Co:2:005:0 0 2 >
ffff8e67c6eea900 2916678122 S Co:2:005:0 s 40 b9 0000 0000 0004 4 = 09009c02
ffff8e67c6eea900 2916680696 C Co:2:005:0 0 4 >
ffff8e67c6eea900 2916681031 S Ii:2:005:3 -115:1 3 <
ffff8e67c6eea900 2916682011 C Ii:2:005:3 0:1 3 = 100000
ffff8e67c6eea900 2916682111 S Ci:2:005:0 s c0 bc 0800 0016 0002 2 <
ffff8e67c6eea900 2916684779 C Ci:2:005:0 0 2 = 0900
ffff8e67c6eea900 2916684977 S Ci:2:005:0 s c0 bc 0900 001c 0002 2 <
ffff8e67c6eea900 2916687523 C Ci:2:005:0 0 2 = 2f6f
ffff8e67c6eea900 2916687717 S Ci:2:005:0 s c0 bc 0800 23be 0002 2 <
ffff8e67c6eea900 2916690262 C Ci:2:005:0 0 2 = 0000
ffff8e67c6eea900 2916690455 S Co:2:005:0 s 40 bc 0900 0014 0002 2 = d09e
ffff8e67c6eea900 2916693060 C Co:2:005:0 0 2 >
ffff8e67c6eea900 2916693236 S Ci:2:005:0 s c0 bc 0900 001c 0002 2 <
ffff8e67c6eea900 2916695725 C Ci:2:005:0 0 2 = 2f6f
ffff8e67c6eea900 2916695986 S Co:2:005:0 s 40 bc 0800 00c0 0002 2 = 19cc
ffff8e67c6eea900 2916698541 C Co:2:005:0 0 2 >
ffff8e67c6eea900 2916698737 S Co:2:005:0 s 40 b9 0000 0000 0004 4 = 09009c02
ffff8e67c6eea900 2916701253 C Co:2:005:0 0 4 >
ffff8e67c6eea900 2916701366 S Ii:2:005:3 -115:1 3 <
ffff8e67c6eea900 2916702656 C Ii:2:005:3 0:1 3 = 100000
ffff8e67c6eea900 2916702755 S Ci:2:005:0 s c0 bc 0800 0016 0002 2 <
ffff8e67c6eea900 2916705421 C Ci:2:005:0 0 2 = 0900
ffff8e67c6eea900 2916705600 S Ci:2:005:0 s c0 bc 0900 001c 0002 2 <
ffff8e67c6eea900 2916708150 C Ci:2:005:0 0 2 = 2f6f
ffff8e67c6eea900 2916708363 S Ci:2:005:0 s c0 bc 0800 23be 0002 2 <
ffff8e67c6eea900 2916710921 C Ci:2:005:0 0 2 = 0000
ffff8e67c6eea900 2916711119 S Co:2:005:0 s 40 bc 0900 0014 0002 2 = d09e
ffff8e67c6eea900 2916713675 C Co:2:005:0 0 2 >
ffff8e67c6eea900 2916713897 S Ci:2:005:0 s c0 bc 0900 001c 0002 2 <
ffff8e67c6eea900 2916716389 C Ci:2:005:0 0 2 = 2f6f
ffff8e67c6eea900 2916716591 S Co:2:005:0 s 40 bc 0800 00c0 0002 2 = 1a9c
ffff8e67c6eea900 2916719031 C Co:2:005:0 0 2 >
ffff8e67c6eea900 2916719208 S Co:2:005:0 s 40 b9 0000 0000 0004 4 = 09009c02
ffff8e67c6eea900 2916721785 C Co:2:005:0 0 4 >
ffff8e67c6eea900 2916722008 S Ii:2:005:3 -115:1 3 <
ffff8e67c6eea900 2916723067 C Ii:2:005:3 0:1 3 = 100000
ffff8e67c6eea900 2916723132 S Ci:2:005:0 s c0 bc 0800 0016 0002 2 <
ffff8e67c6eea900 2916725895 C Ci:2:005:0 0 2 = 0900
ffff8e67c6eea900 2916726092 S Ci:2:005:0 s c0 bc 0900 001c 0002 2 <
ffff8e67c6eea900 2916728681 C Ci:2:005:0 0 2 = 2f6f
ffff8e67c6eea900 2916728842 S Ci:2:005:0 s c0 bc 0800 23be 0002 2 <
ffff8e67c6eea900 2916731453 C Ci:2:005:0 0 2 = 0000
ffff8e67c6eea900 2916731649 S Co:2:005:0 s 40 bc 0900 0014 0002 2 = d09e
ffff8e67c6eea900 2916734143 C Co:2:005:0 0 2 >
ffff8e67c6eea900 2916734283 S Ci:2:005:0 s c0 bc 0900 001c 0002 2 <
ffff8e67c6eea900 2916736937 C Ci:2:005:0 0 2 = 2f6f
ffff8e67c6eea900 2916737124 S Co:2:005:0 s 40 bc 0800 00c0 0004 4 = 9dcd1500
ffff8e67c6eea900 2916739635 C Co:2:005:0 0 4 >
ffff8e67c6eea900 2916739811 S Co:2:005:0 s 40 b9 0000 0000 0004 4 = 09006603
ffff8e67c6eea900 2916742416 C Co:2:005:0 0 4 >
ffff8e67c6eea900 2916742516 S Ii:2:005:3 -115:1 3 <
ffff8e67c6eea900 2916743780 C Ii:2:005:3 0:1 3 = 100000
ffff8e67c6eea900 2916743875 S Ci:2:005:0 s c0 bc 0800 0016 0002 2 <
ffff8e67c6eea900 2916746539 C Ci:2:005:0 0 2 = 0900
ffff8e67c6eea900 2916746714 S Ci:2:005:0 s c0 bc 0900 001c 0002 2 <
ffff8e67c6eea900 2916749370 C Ci:2:005:0 0 2 = 2f6f
ffff8e67c6eea900 2916749541 S Ci:2:005:0 s c0 bc 0800 23be 0002 2 <
ffff8e67c6eea900 2916752143 C Ci:2:005:0 0 2 = 0000
ffff8e67c6eea900 2916752352 S Co:2:005:0 s 40 bc 0900 0014 0002 2 = d09e
ffff8e67c6eea900 2916754876 C Co:2:005:0 0 2 >
ffff8e67c6eea900 2916755025 S Ci:2:005:0 s c0 bc 0900 001c 0002 2 <
ffff8e67c6eea900 2916757573 C Ci:2:005:0 0 2 = 2f6f
ffff8e67c6eea900 2916757646 S Co:2:005:0 s 40 b9 0000 0000 0004 4 = 09016601
ffff8e67c6eea900 2916760279 C Co:2:005:0 0 4 >
ffff8e67c6eea900 2916760477 S Ii:2:005:3 -115:1 3 <
ffff8e67c6eea900 2916761579 C Ii:2:005:3 0:1 3 = 100000
ffff8e67c6eea900 2916761774 S Ci:2:005:0 s c0 bc 0800 0016 0002 2 <
ffff8e67c6eea900 2916764436 C Ci:2:005:0 0 2 = 0900
ffff8e67c6eea900 2916764553 S Ci:2:005:0 s c0 bc 0900 001c 0002 2 <
ffff8e67c6eea900 2916767212 C Ci:2:005:0 0 2 = 2f6f
ffff8e67c6eea900 2916767283 S Ci:2:005:0 s c0 bc 0800 23be 0004 4 <
ffff8e67c6eea900 2916769944 C Ci:2:005:0 0 4 = 0000b267
ffff8e67c6eea900 2916770148 S Co:2:005:0 s 40 bc 0800 00c0 0002 2 = 2acb
ffff8e67c6eea900 2916772614 C Co:2:005:0 0 2 >
ffff8e67c6eea900 2916772814 S Co:2:005:0 s 40 b9 0000 0000 0004 4 = 09009c02
ffff8e67c6eea900 2916775415 C Co:2:005:0 0 4 >
ffff8e67c6eea900 2916775589 S Ii:2:005:3 -115:1 3 <
ffff8e67c6eea900 2916776770 C Ii:2:005:3 0:1 3 = 100000
ffff8e67c6eea900 2916776888 S Ci:2:005:0 s c0 bc 0800 0016 0002 2 <
ffff8e67c6eea900 2916779521 C Ci:2:005:0 0 2 = 0900
ffff8e67c6eea900 2916779630 S Ci:2:005:0 s c0 bc 0900 001c 0002 2 <
ffff8e67c6eea900 2916782224 C Ci:2:005:0 0 2 = 2f6f
ffff8e67c6eea900 2916782301 S Ci:2:005:0 s c0 bc 0800 23be 0002 2 <
ffff8e67c6eea900 2916784932 C Ci:2:005:0 0 2 = 0000
ffff8e67c6eea900 2916785105 S Co:2:005:0 s 40 bc 0900 0014 0002 2 = d09e
ffff8e67c6eea900 2916787732 C Co:2:005:0 0 2 >
ffff8e67c6eea900 2916787861 S Ci:2:005:0 s c0 bc 0900 001c 0002 2 <
ffff8e67c6eea900 2916790514 C Ci:2:005:0 0 2 = 2f6f
ffff8e67c6eea900 2916790605 S Co:2:005:0 s 40 bc 0800 00c0 0004 4 = 9dcd3f00
ffff8e67c6eea900 2916793293 C Co:2:005:0 0 4 >
ffff8e67c6eea900 2916793401 S Co:2:005:0 s 40 b9 0000 0000 0004 4 = 09006603
ffff8e67c6eea900 2916795998 C Co:2:005:0 0 4 >
ffff8e67c6eea900 2916796149 S Ii:2:005:3 -115:1 3 <
ffff8e67c6eea900 2916797277 C Ii:2:005:3 0:1 3 = 100000
ffff8e67c6eea900 2916797408 S Ci:2:005:0 s c0 bc 0800 0016 0002 2 <
ffff8e67c6eea900 2916800049 C Ci:2:005:0 0 2 = 0900
ffff8e67c6eea900 2916800203 S Ci:2:005:0 s c0 bc 0900 001c 0002 2 <
ffff8e67c6eea900 2916802844 C Ci:2:005:0 0 2 = 2f6f
ffff8e67c6eea900 2916802979 S Ci:2:005:0 s c0 bc 0800 23be 0002 2 <
ffff8e67c6eea900 2916805533 C Ci:2:005:0 0 2 = 0000
ffff8e67c6eea900 2916805746 S Co:2:005:0 s 40 bc 0900 0014 0002 2 = d09e
ffff8e67c6eea900 2916808266 C Co:2:005:0 0 2 >
ffff8e67c6eea900 2916808459 S Ci:2:005:0 s c0 bc 0900 001c 0002 2 <
ffff8e67c6eea900 2916811080 C Ci:2:005:0 0 2 = 2f6f
ffff8e67c6eea900 2916811178 S Co:2:005:0 s 40 b9 0000 0000 0004 4 = 09016601
ffff8e67c6eea900 2916813791 C Co:2:005:0 0 4 >
ffff8e67c6eea900 2916814032 S Ii:2:005:3 -115:1 3 <
ffff8e67c6eea900 2916815074 C Ii:2:005:3 0:1 3 = 100000
ffff8e67c6eea900 2916815163 S Ci:2:005:0 s c0 bc 0800 0016 0002 2 <
ffff8e67c6eea900 2916817924 C Ci:2:005:0 0 2 = 0900
ffff8e67c6eea900 2916818120 S Ci:2:005:0 s c0 bc 0900 001c 0002 2 <
ffff8e67c6eea900 2916820673 C Ci:2:005:0 0 2 = 2f6f
ffff8e67c6eea900 2916820772 S Ci:2:005:0 s c0 bc 0800 23be 0004 4 <
ffff8e67c6eea900 2916823354 C Ci:2:005:0 0 4 = 0000b367
ffff8e67c6eea900 2916823551 S Co:2:005:0 s 40 bc 0800 00c0 0002 2 = 00ce
ffff8e67c6eea900 2916826178 C Co:2:005:0 0 2 >
ffff8e67c6eea900 2916826264 S Co:2:005:0 s 40 b9 0000 0000 0004 4 = 09009c02
ffff8e67c6eea900 2916828942 C Co:2:005:0 0 4 >
ffff8e67c6eea900 2916829053 S Ii:2:005:3 -115:1 3 <
ffff8e67c6eea900 2916830236 C Ii:2:005:3 0:1 3 = 100000
ffff8e67c6eea900 2916830320 S Ci:2:005:0 s c0 bc 0800 0016 0002 2 <
ffff8e67c6eea900 2916833057 C Ci:2:005:0 0 2 = 0900
ffff8e67c6eea900 2916833242 S Ci:2:005:0 s c0 bc 0900 001c 0002 2 <
ffff8e67c6eea900 2916835765 C Ci:2:005:0 0 2 = 2f6f
ffff8e67c6eea900 2916836046 S Ci:2:005:0 s c0 bc 0800 23be 0002 2 <
ffff8e67c6eea900 2916838457 C Ci:2:005:0 0 2 = 0000
ffff8e67c6eea900 2916838662 S Co:2:005:0 s 40 bc 0900 0014 0002 2 = d09e
ffff8e67c6eea900 2916841248 C Co:2:005:0 0 2 >
ffff8e67c6eea900 2916841457 S Ci:2:005:0 s c0 bc 0900 001c 0002 2 <
ffff8e67c6eea900 2916843995 C Ci:2:005:0 0 2 = 2f6f
ffff8e67c6eea900 2916844196 S Co:2:005:0 s 40 bc 0800 00c0 0002 2 = 08cf
ffff8e67c6eea900 2916846775 C Co:2:005:0 0 2 >
ffff8e67c6eea900 2916847020 S Co:2:005:0 s 40 b9 0000 0000 0004 4 = 09009c02
ffff8e67c6eea900 2916849539 C Co:2:005:0 0 4 >
ffff8e67c6eea900 2916849641 S Ii:2:005:3 -115:1 3 <
ffff8e67c6eea900 2916850871 C Ii:2:005:3 0:1 3 = 100000
ffff8e67c6eea900 2916851121 S Ci:2:005:0 s c0 bc 0800 0016 0002 2 <
ffff8e67c6eea900 2916853638 C Ci:2:005:0 0 2 = 0900
ffff8e67c6eea900 2916853842 S Ci:2:005:0 s c0 bc 0900 001c 0002 2 <
ffff8e67c6eea900 2916856387 C Ci:2:005:0 0 2 = 2f6f
ffff8e67c6eea900 2916856580 S Ci:2:005:0 s c0 bc 0800 23be 0002 2 <
ffff8e67c6eea900 2916859211 C Ci:2:005:0 0 2 = 0000
ffff8e67c6eea900 2916859411 S Co:2:005:0 s 40 bc 0900 0014 0002 2 = d09e
ffff8e67c6eea900 2916861922 C Co:2:005:0 0 2 >
ffff8e67c6eea900 2916862111 S Ci:2:005:0 s c0 bc 0900 001c 0002 2 <
ffff8e67c6eea900 2916864670 C Ci:2:005:0 0 2 = 2f6f
ffff8e67c6eea900 2916864969 S Co:2:005:0 s 40 bc 0800 00c0 0004 4 = 9dcd3f00
ffff8e67c6eea900 2916867395 C Co:2:005:0 0 4 >
ffff8e67c6eea900 2916867561 S Co:2:005:0 s 40 b9 0000 0000 0004 4 = 09006603
ffff8e67c6eea900 2916870196 C Co:2:005:0 0 4 >
ffff8e67c6eea900 2916870258 S Ii:2:005:3 -115:1 3 <
ffff8e67c6eea900 2916871536 C Ii:2:005:3 0:1 3 = 100000
ffff8e67c6eea900 2916871643 S Ci:2:005:0 s c0 bc 0800 0016 0002 2 <
ffff8e67c6eea900 2916874299 C Ci:2:005:0 0 2 = 0900
ffff8e67c6eea900 2916874380 S Ci:2:005:0 s c0 bc 0900 001c 0002 2 <
ffff8e67c6eea900 2916877063 C Ci:2:005:0 0 2 = 2f6f
ffff8e67c6eea900 2916877240 S Ci:2:005:0 s c0 bc 0800 23be 0002 2 <
ffff8e67c6eea900 2916879741 C Ci:2:005:0 0 2 = 0000
ffff8e67c6eea900 2916879999 S Co:2:005:0 s 40 bc 0900 0014 0002 2 = d09e
ffff8e67c6eea900 2916882533 C Co:2:005:0 0 2 >
ffff8e67c6eea900 2916882614 S Ci:2:005:0 s c0 bc 0900 001c 0002 2 <
ffff8e67c6eea900 2916885259 C Ci:2:005:0 0 2 = 2f6f
ffff8e67c6eea900 2916885372 S Co:2:005:0 s 40 b9 0000 0000 0004 4 = 09016601
ffff8e67c6eea900 2916888039 C Co:2:005:0 0 4 >
ffff8e67c6eea900 2916888209 S Ii:2:005:3 -115:1 3 <
ffff8e67c6eea900 2916889279 C Ii:2:005:3 0:1 3 = 100000
ffff8e67c6eea900 2916889391 S Ci:2:005:0 s c0 bc 0800 0016 0002 2 <
ffff8e67c6eea900 2916892197 C Ci:2:005:0 0 2 = 0900
ffff8e67c6eea900 2916892340 S Ci:2:005:0 s c0 bc 0900 001c 0002 2 <
ffff8e67c6eea900 2916894925 C Ci:2:005:0 0 2 = 2f6f
ffff8e67c6eea900 2916895033 S Ci:2:005:0 s c0 bc 0800 23be 0004 4 <
ffff8e67c6eea900 2916897630 C Ci:2:005:0 0 4 = 0000b067
ffff8e67c6eea900 2916897857 S Co:2:005:0 s 40 bc 0800 00c0 0002 2 = 00cd
ffff8e67c6eea900 2916900343 C Co:2:005:0 0 2 >
ffff8e67c6eea900 2916900453 S Co:2:005:0 s 40 b9 0000 0000 0004 4 = 09009c02
ffff8e67c6eea900 2916903161 C Co:2:005:0 0 4 >
ffff8e67c6eea900 2916903321 S Ii:2:005:3 -115:1 3 <
ffff8e67c6eea900 2916904430 C Ii:2:005:3 0:1 3 = 100000
ffff8e67c6eea900 2916904557 S Ci:2:005:0 s c0 bc 0800 0016 0002 2 <
ffff8e67c6eea900 2916907251 C Ci:2:005:0 0 2 = 0900
ffff8e67c6eea900 2916907399 S Ci:2:005:0 s c0 bc 0900 001c 0002 2 <
ffff8e67c6eea900 2916910034 C Ci:2:005:0 0 2 = 2f6f
ffff8e67c6eea900 2916910167 S Ci:2:005:0 s c0 bc 0800 23be 0002 2 <
ffff8e67c6eea900 2916912785 C Ci:2:005:0 0 2 = 0000
ffff8e67c6eea900 2916912917 S Co:2:005:0 s 40 bc 0900 0014 0002 2 = d09e
ffff8e67c6eea900 2916915511 C Co:2:005:0 0 2 >
ffff8e67c6eea900 2916915640 S Ci:2:005:0 s c0 bc 0900 001c 0002 2 <
ffff8e67c6eea900 2916918254 C Ci:2:005:0 0 2 = 2f6f
ffff8e67c6eea900 2916918402 S Co:2:005:0 s 40 bc 0800 00c0 0002 2 = 248c
ffff8e67c6eea900 2916920998 C Co:2:005:0 0 2 >
ffff8e67c6eea900 2916921129 S Co:2:005:0 s 40 b9 0000 0000 0004 4 = 09009c02
ffff8e67c6eea900 2916923731 C Co:2:005:0 0 4 >
ffff8e67c6eea900 2916923858 S Ii:2:005:3 -115:1 3 <
ffff8e67c6eea900 2916925079 C Ii:2:005:3 0:1 3 = 100000
ffff8e67c6eea900 2916925210 S Ci:2:005:0 s c0 bc 0800 0016 0002 2 <
ffff8e67c6eea900 2916927882 C Ci:2:005:0 0 2 = 0900
ffff8e67c6eea900 2916928012 S Ci:2:005:0 s c0 bc 0900 001c 0002 2 <
ffff8e67c6eea900 2916930631 C Ci:2:005:0 0 2 = 2f6f
ffff8e67c6eea900 2916930760 S Ci:2:005:0 s c0 bc 0800 23be 0002 2 <
ffff8e67c6eea900 2916933431 C Ci:2:005:0 0 2 = 0000
ffff8e67c6eea900 2916933561 S Co:2:005:0 s 40 bc 0900 0014 0002 2 = d09e
ffff8e67c6eea900 2916936140 C Co:2:005:0 0 2 >
ffff8e67c6eea900 2916936269 S Ci:2:005:0 s c0 bc 0900 001c 0002 2 <
ffff8e67c6eea900 2916938843 C Ci:2:005:0 0 2 = 2f6f
ffff8e67c6eea900 2916938980 S Co:2:005:0 s 40 bc 0800 00c0 0002 2 = 25cc
ffff8e67c6eea900 2916941638 C Co:2:005:0 0 2 >
ffff8e67c6eea900 2916941768 S Co:2:005:0 s 40 b9 0000 0000 0004 4 = 09009c02
ffff8e67c6eea900 2916944366 C Co:2:005:0 0 4 >
ffff8e67c6eea900 2916944492 S Ii:2:005:3 -115:1 3 <
ffff8e67c6eea900 2916945702 C Ii:2:005:3 0:1 3 = 100000
ffff8e67c6eea900 2916945831 S Ci:2:005:0 s c0 bc 0800 0016 0002 2 <
ffff8e67c6eea900 2916948516 C Ci:2:005:0 0 2 = 0900
ffff8e67c6eea900 2916948599 S Ci:2:005:0 s c0 bc 0900 001c 0002 2 <
ffff8e67c6eea900 2916951255 C Ci:2:005:0 0 2 = 2f6f
ffff8e67c6eea900 2916951349 S Ci:2:005:0 s c0 bc 0800 23be 0002 2 <
ffff8e67c6eea900 2916954019 C Ci:2:005:0 0 2 = 0000
ffff8e67c6eea900 2916954150 S Co:2:005:0 s 40 bc 0900 0014 0002 2 = d09e
ffff8e67c6eea900 2916956747 C Co:2:005:0 0 2 >
ffff8e67c6eea900 2916956873 S Ci:2:005:0 s c0 bc 0900 001c 0002 2 <
ffff8e67c6eea900 2916959511 C Ci:2:005:0 0 2 = 2f6f
ffff8e67c6eea900 2916959642 S Co:2:005:0 s 40 bc 0800 00c0 0002 2 = 304c
ffff8e67c6eea900 2916962253 C Co:2:005:0 0 2 >
ffff8e67c6eea900 2916962391 S Co:2:005:0 s 40 b9 0000 0000 0004 4 = 09009c02
ffff8e67c6eea900 2916965018 C Co:2:005:0 0 4 >
ffff8e67c6eea900 2916965147 S Ii:2:005:3 -115:1 3 <
ffff8e67c6eea900 2916966366 C Ii:2:005:3 0:1 3 = 100000
ffff8e67c6eea900 2916966502 S Ci:2:005:0 s c0 bc 0800 0016 0002 2 <
ffff8e67c6eea900 2916969164 C Ci:2:005:0 0 2 = 0900
ffff8e67c6eea900 2916969313 S Ci:2:005:0 s c0 bc 0900 001c 0002 2 <
ffff8e67c6eea900 2916971870 C Ci:2:005:0 0 2 = 2f6f
ffff8e67c6eea900 2916972000 S Ci:2:005:0 s c0 bc 0800 23be 0002 2 <
ffff8e67c6eea900 2916974650 C Ci:2:005:0 0 2 = 0000
ffff8e67c6eea900 2916974779 S Co:2:005:0 s 40 bc 0900 0014 0002 2 = d09e
ffff8e67c6eea900 2916977340 C Co:2:005:0 0 2 >
ffff8e67c6eea900 2916977514 S Ci:2:005:0 s c0 bc 0900 001c 0002 2 <
ffff8e67c6eea900 2916979996 C Ci:2:005:0 0 2 = 2f6f
ffff8e67c6eea900 2916980129 S Co:2:005:0 s 40 bc 0800 00c0 0002 2 = 31cc
ffff8e67c6eea900 2916982741 C Co:2:005:0 0 2 >
ffff8e67c6eea900 2916982864 S Co:2:005:0 s 40 b9 0000 0000 0004 4 = 09009c02
ffff8e67c6eea900 2916985522 C Co:2:005:0 0 4 >
ffff8e67c6eea900 2916985677 S Ii:2:005:3 -115:1 3 <
ffff8e67c6eea900 2916986826 C Ii:2:005:3 0:1 3 = 100000
ffff8e67c6eea900 2916986954 S Ci:2:005:0 s c0 bc 0800 0016 0002 2 <
ffff8e67c6eea900 2916989637 C Ci:2:005:0 0 2 = 0900
ffff8e67c6eea900 2916989767 S Ci:2:005:0 s c0 bc 0900 001c 0002 2 <
ffff8e67c6eea900 2916992345 C Ci:2:005:0 0 2 = 2f6f
ffff8e67c6eea900 2916992487 S Ci:2:005:0 s c0 bc 0800 23be 0002 2 <
ffff8e67c6eea900 2916995181 C Ci:2:005:0 0 2 = 0000
ffff8e67c6eea900 2916995334 S Co:2:005:0 s 40 bc 0900 0014 0002 2 = d09e
ffff8e67c6eea900 2916997855 C Co:2:005:0 0 2 >
ffff8e67c6eea900 2916997985 S Ci:2:005:0 s c0 bc 0900 001c 0002 2 <
ffff8e67c6eea900 2917000715 C Ci:2:005:0 0 2 = 2f6f
ffff8e67c6eea900 2917000846 S Co:2:005:0 s 40 bc 0800 00c0 0002 2 = 32cc
ffff8e67c6eea900 2917003404 C Co:2:005:0 0 2 >
ffff8e67c6eea900 2917003556 S Co:2:005:0 s 40 b9 0000 0000 0004 4 = 09009c02
ffff8e67c6eea900 2917006107 C Co:2:005:0 0 4 >
ffff8e67c6eea900 2917006232 S Ii:2:005:3 -115:1 3 <
ffff8e67c6eea900 2917007394 C Ii:2:005:3 0:1 3 = 100000
ffff8e67c6eea900 2917007539 S Ci:2:005:0 s c0 bc 0800 0016 0002 2 <
ffff8e67c6eea900 2917010154 C Ci:2:005:0 0 2 = 0900
ffff8e67c6eea900 2917010330 S Ci:2:005:0 s c0 bc 0900 001c 0002 2 <
ffff8e67c6eea900 2917012830 C Ci:2:005:0 0 2 = 2f6f
ffff8e67c6eea900 2917012948 S Ci:2:005:0 s c0 bc 0800 23be 0002 2 <
ffff8e67c6eea900 2917015657 C Ci:2:005:0 0 2 = 0000
ffff8e67c6eea900 2917015814 S Co:2:005:0 s 40 bc 0900 0014 0002 2 = d09e
ffff8e67c6eea900 2917018367 C Co:2:005:0 0 2 >
ffff8e67c6eea900 2917018530 S Ci:2:005:0 s c0 bc 0900 001c 0002 2 <
ffff8e67c6eea900 2917021030 C Ci:2:005:0 0 2 = 2f6f
ffff8e67c6eea900 2917021192 S Co:2:005:0 s 40 bc 0800 00c0 0002 2 = 25cc
ffff8e67c6eea900 2917023745 C Co:2:005:0 0 2 >
ffff8e67c6eea900 2917023901 S Co:2:005:0 s 40 b9 0000 0000 0004 4 = 09009c02
ffff8e67c6eea900 2917026443 C Co:2:005:0 0 4 >
ffff8e67c6eea900 2917026598 S Ii:2:005:3 -115:1 3 <
ffff8e67c6eea900 2917027751 C Ii:2:005:3 0:1 3 = 100000
ffff8e67c6eea900 2917027910 S Ci:2:005:0 s c0 bc 0800 0016 0002 2 <
ffff8e67c6eea900 2917030582 C Ci:2:005:0 0 2 = 0900
ffff8e67c6eea900 2917030741 S Ci:2:005:0 s c0 bc 0900 001c 0002 2 <
ffff8e67c6eea900 2917033247 C Ci:2:005:0 0 2 = 2f6f
ffff8e67c6eea900 2917033421 S Ci:2:005:0 s c0 bc 0800 23be 0002 2 <
ffff8e67c6eea900 2917035955 C Ci:2:005:0 0 2 = 0000
ffff8e67c6eea900 2917036117 S Co:2:005:0 s 40 bc 0900 0014 0002 2 = d09e
ffff8e67c6eea900 2917038732 C Co:2:005:0 0 2 >
ffff8e67c6eea900 2917038903 S Ci:2:005:0 s c0 bc 0900 001c 0002 2 <
ffff8e67c6eea900 2917041311 C Ci:2:005:0 0 2 = 2f6f
ffff8e67c6eea900 2917041480 S Co:2:005:0 s 40 bc 0800 00c0 0002 2 = 26cc
ffff8e67c6eea900 2917043993 C Co:2:005:0 0 2 >
ffff8e67c6eea900 2917044150 S Co:2:005:0 s 40 b9 0000 0000 0004 4 = 09009c02
ffff8e67c6eea900 2917046730 C Co:2:005:0 0 4 >
ffff8e67c6eea900 2917046888 S Ii:2:005:3 -115:1 3 <
ffff8e67c6eea900 2917047999 C Ii:2:005:3 0:1 3 = 100000
ffff8e67c6eea900 2917048159 S Ci:2:005:0 s c0 bc 0800 0016 0002 2 <
ffff8e67c6eea900 2917050861 C Ci:2:005:0 0 2 = 0900
ffff8e67c6eea900 2917051064 S Ci:2:005:0 s c0 bc 0900 001c 0002 2 <
ffff8e67c6eea900 2917053529 C Ci:2:005:0 0 2 = 2f6f
ffff8e67c6eea900 2917053700 S Ci:2:005:0 s c0 bc 0800 23be 0002 2 <
ffff8e67c6eea900 2917056238 C Ci:2:005:0 0 2 = 0000
ffff8e67c6eea900 2917056405 S Co:2:005:0 s 40 bc 0900 0014 0002 2 = d09e
ffff8e67c6eea900 2917059013 C Co:2:005:0 0 2 >
ffff8e67c6eea900 2917059171 S Ci:2:005:0 s c0 bc 0900 001c 0002 2 <
ffff8e67c6eea900 2917061733 C Ci:2:005:0 0 2 = 2f6f
ffff8e67c6eea900 2917061896 S Co:2:005:0 s 40 bc 0800 00c0 0002 2 = 27cc
ffff8e67c6eea900 2917064475 C Co:2:005:0 0 2 >
ffff8e67c6eea900 2917064636 S Co:2:005:0 s 40 b9 0000 0000 0004 4 = 09009c02
ffff8e67c6eea900 2917067229 C Co:2:005:0 0 4 >
ffff8e67c6eea900 2917067391 S Ii:2:005:3 -115:1 3 <
ffff8e67c6eea900 2917068481 C Ii:2:005:3 0:1 3 = 100000
ffff8e67c6eea900 2917068639 S Ci:2:005:0 s c0 bc 0800 0016 0002 2 <
ffff8e67c6eea900 2917071314 C Ci:2:005:0 0 2 = 0900
ffff8e67c6eea900 2917071502 S Ci:2:005:0 s c0 bc 0900 001c 0002 2 <
ffff8e67c6eea900 2917074024 C Ci:2:005:0 0 2 = 2f6f
ffff8e67c6eea900 2917074184 S Ci:2:005:0 s c0 bc 0800 23be 0002 2 <
ffff8e67c6eea900 2917076670 C Ci:2:005:0 0 2 = 0000
ffff8e67c6eea900 2917076832 S Co:2:005:0 s 40 bc 0900 0014 0002 2 = d09e
ffff8e67c6eea900 2917079265 C Co:2:005:0 0 2 >
ffff8e67c6eea900 2917079450 S Ci:2:005:0 s c0 bc 0900 001c 0002 2 <
ffff8e67c6eea900 2917082051 C Ci:2:005:0 0 2 = 2f6f
ffff8e67c6eea900 2917082157 S Co:2:005:0 s 40 bc 0800 00c0 0002 2 = 27cc
ffff8e67c6eea900 2917084769 C Co:2:005:0 0 2 >
ffff8e67c6eea900 2917084835 S Co:2:005:0 s 40 b9 0000 0000 0004 4 = 09009c02
ffff8e67c6eea900 2917087463 C Co:2:005:0 0 4 >
ffff8e67c6eea900 2917087612 S Ii:2:005:3 -115:1 3 <
ffff8e67c6eea900 2917088775 C Ii:2:005:3 0:1 3 = 100000
ffff8e67c6eea900 2917088926 S Ci:2:005:0 s c0 bc 0800 0016 0002 2 <
ffff8e67c6eea900 2917091582 C Ci:2:005:0 0 2 = 0900
ffff8e67c6eea900 2917091736 S Ci:2:005:0 s c0 bc 0900 001c 0002 2 <
ffff8e67c6eea900 2917094378 C Ci:2:005:0 0 2 = 2f6f
ffff8e67c6eea900 2917094563 S Ci:2:005:0 s c0 bc 0800 23be 0002 2 <
ffff8e67c6eea900 2917097129 C Ci:2:005:0 0 2 = 0000
ffff8e67c6eea900 2917097315 S Co:2:005:0 s 40 bc 0900 0014 0002 2 = d09e
ffff8e67c6eea900 2917099879 C Co:2:005:0 0 2 >
ffff8e67c6eea900 2917100079 S Ci:2:005:0 s c0 bc 0900 001c 0002 2 <
ffff8e67c6eea900 2917102624 C Ci:2:005:0 0 2 = 2f6f
ffff8e67c6eea900 2917102783 S Co:2:005:0 s 40 bc 0800 00c0 0002 2 = 27cc
ffff8e67c6eea900 2917105383 C Co:2:005:0 0 2 >
ffff8e67c6eea900 2917105551 S Co:2:005:0 s 40 b9 0000 0000 0004 4 = 09009c02
ffff8e67c6eea900 2917108127 C Co:2:005:0 0 4 >
ffff8e67c6eea900 2917108282 S Ii:2:005:3 -115:1 3 <
ffff8e67c6eea900 2917109422 C Ii:2:005:3 0:1 3 = 100000
ffff8e67c6eea900 2917109577 S Ci:2:005:0 s c0 bc 0800 0016 0002 2 <
ffff8e67c6eea900 2917112237 C Ci:2:005:0 0 2 = 0900
ffff8e67c6eea900 2917112394 S Ci:2:005:0 s c0 bc 0900 001c 0002 2 <
ffff8e67c6eea900 2917114959 C Ci:2:005:0 0 2 = 2f6f
ffff8e67c6eea900 2917115122 S Ci:2:005:0 s c0 bc 0800 23be 0002 2 <
ffff8e67c6eea900 2917117682 C Ci:2:005:0 0 2 = 0000
ffff8e67c6eea900 2917117839 S Co:2:005:0 s 40 bc 0900 0014 0002 2 = d09e
ffff8e67c6eea900 2917120392 C Co:2:005:0 0 2 >
ffff8e67c6eea900 2917120543 S Ci:2:005:0 s c0 bc 0900 001c 0002 2 <
ffff8e67c6eea900 2917123153 C Ci:2:005:0 0 2 = 2f6f
ffff8e67c6eea900 2917123327 S Co:2:005:0 s 40 bc 0800 00c0 0002 2 = 27cc
ffff8e67c6eea900 2917125824 C Co:2:005:0 0 2 >
ffff8e67c6eea900 2917125993 S Co:2:005:0 s 40 b9 0000 0000 0004 4 = 09009c02
ffff8e67c6eea900 2917128454 C Co:2:005:0 0 4 >
ffff8e67c6eea900 2917128605 S Ii:2:005:3 -115:1 3 <
ffff8e67c6eea900 2917129761 C Ii:2:005:3 0:1 3 = 100000
ffff8e67c6eea900 2917129932 S Ci:2:005:0 s c0 bc 0800 0016 0002 2 <
ffff8e67c6eea900 2917132624 C Ci:2:005:0 0 2 = 0900
ffff8e67c6eea900 2917132780 S Ci:2:005:0 s c0 bc 0900 001c 0002 2 <
ffff8e67c6eea900 2917135302 C Ci:2:005:0 0 2 = 2f6f
ffff8e67c6eea900 2917135463 S Ci:2:005:0 s c0 bc 0800 23be 0002 2 <
ffff8e67c6eea900 2917138024 C Ci:2:005:0 0 2 = 0000
ffff8e67c6eea900 2917138191 S Co:2:005:0 s 40 bc 0900 0014 0002 2 = d09e
ffff8e67c6eea900 2917140653 C Co:2:005:0 0 2 >
ffff8e67c6eea900 2917140831 S Ci:2:005:0 s c0 bc 0900 001c 0002 2 <
ffff8e67c6eea900 2917143361 C Ci:2:005:0 0 2 = 2f6f
ffff8e67c6eea900 2917143531 S Co:2:005:0 s 40 bc 0800 00c0 0002 2 = 27cc
ffff8e67c6eea900 2917146176 C Co:2:005:0 0 2 >
ffff8e67c6eea900 2917146354 S Co:2:005:0 s 40 b9 0000 0000 0004 4 = 09009c02
ffff8e67c6eea900 2917148874 C Co:2:005:0 0 4 >
ffff8e67c6eea900 2917149067 S Ii:2:005:3 -115:1 3 <
ffff8e67c6eea900 2917150153 C Ii:2:005:3 0:1 3 = 100000
ffff8e67c6eea900 2917150245 S Ci:2:005:0 s c0 bc 0800 0016 0002 2 <
ffff8e67c6eea900 2917153022 C Ci:2:005:0 0 2 = 0900
ffff8e67c6eea900 2917153180 S Ci:2:005:0 s c0 bc 0900 001c 0002 2 <
ffff8e67c6eea900 2917155684 C Ci:2:005:0 0 2 = 2f6f
ffff8e67c6eea900 2917155839 S Ci:2:005:0 s c0 bc 0800 23be 0002 2 <
ffff8e67c6eea900 2917158400 C Ci:2:005:0 0 2 = 0000
ffff8e67c6eea900 2917158568 S Co:2:005:0 s 40 bc 0900 0014 0002 2 = d09e
ffff8e67c6eea900 2917161101 C Co:2:005:0 0 2 >
ffff8e67c6eea900 2917161259 S Ci:2:005:0 s c0 bc 0900 001c 0002 2 <
ffff8e67c6eea900 2917163891 C Ci:2:005:0 0 2 = 2f6f
ffff8e67c6eea900 2917164079 S Co:2:005:0 s 40 bc 0800 00c0 0004 4 = 9dcd3f00
ffff8e67c6eea900 2917166616 C Co:2:005:0 0 4 >
ffff8e67c6eea900 2917166767 S Co:2:005:0 s 40 b9 0000 0000 0004 4 = 09006603
ffff8e67c6eea900 2917169336 C Co:2:005:0 0 4 >
ffff8e67c6eea900 2917169476 S Ii:2:005:3 -115:1 3 <
ffff8e67c6eea900 2917170652 C Ii:2:005:3 0:1 3 = 100000
ffff8e67c6eea900 2917170806 S Ci:2:005:0 s c0 bc 0800 0016 0002 2 <
ffff8e67c6eea900 2917173509 C Ci:2:005:0 0 2 = 0900
ffff8e67c6eea900 2917173664 S Ci:2:005:0 s c0 bc 0900 001c 0002 2 <
ffff8e67c6eea900 2917176176 C Ci:2:005:0 0 2 = 2f6f
ffff8e67c6eea900 2917176343 S Ci:2:005:0 s c0 bc 0800 23be 0002 2 <
ffff8e67c6eea900 2917179009 C Ci:2:005:0 0 2 = 0000
ffff8e67c6eea900 2917179169 S Co:2:005:0 s 40 bc 0900 0014 0002 2 = d09e
ffff8e67c6eea900 2917181734 C Co:2:005:0 0 2 >
ffff8e67c6eea900 2917181901 S Ci:2:005:0 s c0 bc 0900 001c 0002 2 <
ffff8e67c6eea900 2917184467 C Ci:2:005:0 0 2 = 2f6f
ffff8e67c6eea900 2917184623 S Co:2:005:0 s 40 b9 0000 0000 0004 4 = 09016601
ffff8e67c6eea900 2917187229 C Co:2:005:0 0 4 >
ffff8e67c6eea900 2917187385 S Ii:2:005:3 -115:1 3 <
ffff8e67c6eea900 2917188468 C Ii:2:005:3 0:1 3 = 100000
ffff8e67c6eea900 2917188627 S Ci:2:005:0 s c0 bc 0800 0016 0002 2 <
ffff8e67c6eea900 2917191373 C Ci:2:005:0 0 2 = 0900
ffff8e67c6eea900 2917191553 S Ci:2:005:0 s c0 bc 0900 001c 0002 2 <
ffff8e67c6eea900 2917194086 C Ci:2:005:0 0 2 = 2f6f
ffff8e67c6eea900 2917194244 S Ci:2:005:0 s c0 bc 0800 23be 0004 4 <
ffff8e67c6eea900 2917196864 C Ci:2:005:0 0 4 = 0000b367
ffff8e67c6eea900 2917197024 S Co:2:005:0 s 40 bc 0800 00c0 0002 2 = 00cc
ffff8e67c6eea900 2917199599 C Co:2:005:0 0 2 >
ffff8e67c6eea900 2917199754 S Co:2:005:0 s 40 b9 0000 0000 0004 4 = 09009c02
ffff8e67c6eea900 2917202329 C Co:2:005:0 0 4 >
ffff8e67c6eea900 2917202478 S Ii:2:005:3 -115:1 3 <
ffff8e67c6eea900 2917203661 C Ii:2:005:3 0:1 3 = 100000
ffff8e67c6eea900 2917203814 S Ci:2:005:0 s c0 bc 0800 0016 0002 2 <
ffff8e67c6eea900 2917206493 C Ci:2:005:0 0 2 = 0900
ffff8e67c6eea900 2917206651 S Ci:2:005:0 s c0 bc 0900 001c 0002 2 <
ffff8e67c6eea900 2917209212 C Ci:2:005:0 0 2 = 2f6f
ffff8e67c6eea900 2917209377 S Ci:2:005:0 s c0 bc 0800 23be 0002 2 <
ffff8e67c6eea900 2917211990 C Ci:2:005:0 0 2 = 0000
ffff8e67c6eea900 2917212143 S Co:2:005:0 s 40 bc 0900 0014 0002 2 = d09e
ffff8e67c6eea900 2917214716 C Co:2:005:0 0 2 >
ffff8e67c6eea900 2917214869 S Ci:2:005:0 s c0 bc 0900 001c 0002 2 <
ffff8e67c6eea900 2917217464 C Ci:2:005:0 0 2 = 2f6f
ffff8e67c6eea900 2917217623 S Co:2:005:0 s 40 bc 0800 00c0 0002 2 = b0e8
ffff8e67c6eea900 2917220159 C Co:2:005:0 0 2 >
ffff8e67c6eea900 2917220327 S Co:2:005:0 s 40 b9 0000 0000 0004 4 = 09009c02
ffff8e67c6eea900 2917223023 C Co:2:005:0 0 4 >
ffff8e67c6eea900 2917223124 S Ii:2:005:3 -115:1 3 <
ffff8e67c6eea900 2917224244 C Ii:2:005:3 0:1 3 = 100000
ffff8e67c6eea900 2917224409 S Ci:2:005:0 s c0 bc 0800 0016 0002 2 <
ffff8e67c6eea900 2917227108 C Ci:2:005:0 0 2 = 0900
ffff8e67c6eea900 2917227272 S Ci:2:005:0 s c0 bc 0900 001c 0002 2 <
ffff8e67c6eea900 2917229827 C Ci:2:005:0 0 2 = 2f6f
ffff8e67c6eea900 2917229986 S Ci:2:005:0 s c0 bc 0800 23be 0002 2 <
ffff8e67c6eea900 2917232579 C Ci:2:005:0 0 2 = 0000
ffff8e67c6eea900 2917232740 S Co:2:005:0 s 40 bc 0900 0014 0002 2 = d09e
ffff8e67c6eea900 2917235330 C Co:2:005:0 0 2 >
ffff8e67c6eea900 2917235484 S Ci:2:005:0 s c0 bc 0900 001c 0002 2 <
ffff8e67c6eea900 2917238128 C Ci:2:005:0 0 2 = 2f6f
ffff8e67c6eea900 2917238313 S Co:2:005:0 s 40 bc 0800 00c0 0004 4 = 9dcd9100
ffff8e67c6eea900 2917240878 C Co:2:005:0 0 4 >
ffff8e67c6eea900 2917241090 S Co:2:005:0 s 40 b9 0000 0000 0004 4 = 09006603
ffff8e67c6eea900 2917243603 C Co:2:005:0 0 4 >
ffff8e67c6eea900 2917243759 S Ii:2:005:3 -115:1 3 <
ffff8e67c6eea900 2917244887 C Ii:2:005:3 0:1 3 = 100000
ffff8e67c6eea900 2917245084 S Ci:2:005:0 s c0 bc 0800 0016 0002 2 <
ffff8e67c6eea900 2917247723 C Ci:2:005:0 0 2 = 0900
ffff8e67c6eea900 2917247883 S Ci:2:005:0 s c0 bc 0900 001c 0002 2 <
ffff8e67c6eea900 2917250525 C Ci:2:005:0 0 2 = 2f6f
ffff8e67c6eea900 2917250682 S Ci:2:005:0 s c0 bc 0800 23be 0002 2 <
ffff8e67c6eea900 2917253215 C Ci:2:005:0 0 2 = 0000
ffff8e67c6eea900 2917253380 S Co:2:005:0 s 40 bc 0900 0014 0002 2 = d09e
ffff8e67c6eea900 2917255893 C Co:2:005:0 0 2 >
ffff8e67c6eea900 2917256083 S Ci:2:005:0 s c0 bc 0900 001c 0002 2 <
ffff8e67c6eea900 2917258626 C Ci:2:005:0 0 2 = 2f6f
ffff8e67c6eea900 2917258760 S Co:2:005:0 s 40 b9 0000 0000 0004 4 = 09016601
ffff8e67c6eea900 2917261327 C Co:2:005:0 0 4 >
ffff8e67c6eea900 2917261446 S Ii:2:005:3 -115:1 3 <
ffff8e67c6eea900 2917262678 C Ii:2:005:3 0:1 3 = 100000
ffff8e67c6eea900 2917262807 S Ci:2:005:0 s c0 bc 0800 0016 0002 2 <
ffff8e67c6eea900 2917265483 C Ci:2:005:0 0 2 = 0900
ffff8e67c6eea900 2917265614 S Ci:2:005:0 s c0 bc 0900 001c 0002 2 <
ffff8e67c6eea900 2917268221 C Ci:2:005:0 0 2 = 2f6f
ffff8e67c6eea900 2917268375 S Ci:2:005:0 s c0 bc 0800 23be 0004 4 <
ffff8e67c6eea900 2917271022 C Ci:2:005:0 0 4 = 0000b267
ffff8e67c6eea900 2917271157 S Co:2:005:0 s 40 bc 0800 00c0 0002 2 = aec8
ffff8e67c6eea900 2917273693 C Co:2:005:0 0 2 >
ffff8e67c6eea900 2917273820 S Co:2:005:0 s 40 b9 0000 0000 0004 4 = 09009c02
ffff8e67c6eea900 2917276327 C Co:2:005:0 0 4 >
ffff8e67c6eea900 2917276449 S Ii:2:005:3 -115:1 3 <
ffff8e67c6eea900 2917277650 C Ii:2:005:3 0:1 3 = 100000
ffff8e67c6eea900 2917277778 S Ci:2:005:0 s c0 bc 0800 0016 0002 2 <
ffff8e67c6eea900 2917280487 C Ci:2:005:0 0 2 = 0900
ffff8e67c6eea900 2917280618 S Ci:2:005:0 s c0 bc 0900 001c 0002 2 <
ffff8e67c6eea900 2917283203 C Ci:2:005:0 0 2 = 2f6f
ffff8e67c6eea900 2917283347 S Ci:2:005:0 s c0 bc 0800 23be 0002 2 <
ffff8e67c6eea900 2917286021 C Ci:2:005:0 0 2 = 0000
ffff8e67c6eea900 2917286173 S Co:2:005:0 s 40 bc 0900 0014 0002 2 = d09e
ffff8e67c6eea900 2917288709 C Co:2:005:0 0 2 >
ffff8e67c6eea900 2917288839 S Ci:2:005:0 s c0 bc 0900 001c 0002 2 <
ffff8e67c6eea900 2917291474 C Ci:2:005:0 0 2 = 2f6f
ffff8e67c6eea900 2917291565 S Co:2:005:0 s 40 bc 0800 00c0 0002 2 = b10c
ffff8e67c6eea900 2917294187 C Co:2:005:0 0 2 >
ffff8e67c6eea900 2917294266 S Co:2:005:0 s 40 b9 0000 0000 0004 4 = 09009c02
ffff8e67c6eea900 2917296983 C Co:2:005:0 0 4 >
ffff8e67c6eea900 2917297069 S Ii:2:005:3 -115:1 3 <
ffff8e67c6eea900 2917298301 C Ii:2:005:3 0:1 3 = 100000
ffff8e67c6eea900 2917298396 S Ci:2:005:0 s c0 bc 0800 0016 0002 2 <
ffff8e67c6eea900 2917301129 C Ci:2:005:0 0 2 = 0900
ffff8e67c6eea900 2917301261 S Ci:2:005:0 s c0 bc 0900 001c 0002 2 <
ffff8e67c6eea900 2917303876 C Ci:2:005:0 0 2 = 2f6f
ffff8e67c6eea900 2917304007 S Ci:2:005:0 s c0 bc 0800 23be 0002 2 <
ffff8e67c6eea900 2917306587 C Ci:2:005:0 0 2 = 0000
ffff8e67c6eea900 2917306716 S Co:2:005:0 s 40 bc 0900 0014 0002 2 = d09e
ffff8e67c6eea900 2917309340 C Co:2:005:0 0 2 >
ffff8e67c6eea900 2917309463 S Ci:2:005:0 s c0 bc 0900 001c 0002 2 <
ffff8e67c6eea900 2917312001 C Ci:2:005:0 0 2 = 2f6f
ffff8e67c6eea900 2917312136 S Co:2:005:0 s 40 bc 0800 00c0 0002 2 = b2cc
ffff8e67c6eea900 2917314712 C Co:2:005:0 0 2 >
ffff8e67c6eea900 2917314840 S Co:2:005:0 s 40 b9 0000 0000 0004 4 = 09009c02
ffff8e67c6eea900 2917317461 C Co:2:005:0 0 4 >
ffff8e67c6eea900 2917317587 S Ii:2:005:3 -115:1 3 <
ffff8e67c6eea900 2917318808 C Ii:2:005:3 0:1 3 = 100000
ffff8e67c6eea900 2917318934 S Ci:2:005:0 s c0 bc 0800 0016 0002 2 <
ffff8e67c6eea900 2917321606 C Ci:2:005:0 0 2 = 0900
ffff8e67c6eea900 2917321736 S Ci:2:005:0 s c0 bc 0900 001c 0002 2 <
ffff8e67c6eea900 2917324354 C Ci:2:005:0 0 2 = 2f6f
ffff8e67c6eea900 2917324483 S Ci:2:005:0 s c0 bc 0800 23be 0002 2 <
ffff8e67c6eea900 2917327060 C Ci:2:005:0 0 2 = 0000
ffff8e67c6eea900 2917327200 S Co:2:005:0 s 40 bc 0900 0014 0002 2 = d09e
ffff8e67c6eea900 2917329864 C Co:2:005:0 0 2 >
ffff8e67c6eea900 2917329993 S Ci:2:005:0 s c0 bc 0900 001c 0002 2 <
ffff8e67c6eea900 2917332555 C Ci:2:005:0 0 2 = 2f6f
ffff8e67c6eea900 2917332642 S Co:2:005:0 s 40 bc 0800 00c0 0002 2 = b3cc
ffff8e67c6eea900 2917335327 C Co:2:005:0 0 2 >
ffff8e67c6eea900 2917335394 S Co:2:005:0 s 40 b9 0000 0000 0004 4 = 09009c02
ffff8e67c6eea900 2917338111 C Co:2:005:0 0 4 >
ffff8e67c6eea900 2917338196 S Ii:2:005:3 -115:1 3 <
ffff8e67c6eea900 2917339407 C Ii:2:005:3 0:1 3 = 100000
ffff8e67c6eea900 2917339508 S Ci:2:005:0 s c0 bc 0800 0016 0002 2 <
ffff8e67c6eea900 2917342209 C Ci:2:005:0 0 2 = 0900
ffff8e67c6eea900 2917342352 S Ci:2:005:0 s c0 bc 0900 001c 0002 2 <
ffff8e67c6eea900 2917344999 C Ci:2:005:0 0 2 = 2f6f
ffff8e67c6eea900 2917345130 S Ci:2:005:0 s c0 bc 0800 23be 0002 2 <
ffff8e67c6eea900 2917347724 C Ci:2:005:0 0 2 = 0000
ffff8e67c6eea900 2917347857 S Co:2:005:0 s 40 bc 0900 0014 0002 2 = d09e
ffff8e67c6eea900 2917350470 C Co:2:005:0 0 2 >
ffff8e67c6eea900 2917350598 S Ci:2:005:0 s c0 bc 0900 001c 0002 2 <
ffff8e67c6eea900 2917353222 C Ci:2:005:0 0 2 = 2f6f
ffff8e67c6eea900 2917353376 S Co:2:005:0 s 40 bc 0800 00c0 0002 2 = b499
ffff8e67c6eea900 2917355995 C Co:2:005:0 0 2 >
ffff8e67c6eea900 2917356121 S Co:2:005:0 s 40 b9 0000 0000 0004 4 = 09009c02
ffff8e67c6eea900 2917358726 C Co:2:005:0 0 4 >
ffff8e67c6eea900 2917358852 S Ii:2:005:3 -115:1 3 <
ffff8e67c6eea900 2917360017 C Ii:2:005:3 0:1 3 = 100000
ffff8e67c6eea900 2917360144 S Ci:2:005:0 s c0 bc 0800 0016 0002 2 <
ffff8e67c6eea900 2917362874 C Ci:2:005:0 0 2 = 0900
ffff8e67c6eea900 2917363005 S Ci:2:005:0 s c0 bc 0900 001c 0002 2 <
ffff8e67c6eea900 2917365597 C Ci:2:005:0 0 2 = 2f6f
ffff8e67c6eea900 2917365727 S Ci:2:005:0 s c0 bc 0800 23be 0002 2 <
ffff8e67c6eea900 2917368381 C Ci:2:005:0 0 2 = 0000
ffff8e67c6eea900 2917368512 S Co:2:005:0 s 40 bc 0900 0014 0002 2 = d09e
ffff8e67c6eea900 2917371110 C Co:2:005:0 0 2 >
ffff8e67c6eea900 2917371239 S Ci:2:005:0 s c0 bc 0900 001c 0002 2 <
ffff8e67c6eea900 2917373870 C Ci:2:005:0 0 2 = 2f6f
ffff8e67c6eea900 2917374006 S Co:2:005:0 s 40 bc 0800 00c0 0004 4 = 9dcd8b00
ffff8e67c6eea900 2917376613 C Co:2:005:0 0 4 >
ffff8e67c6eea900 2917376693 S Co:2:005:0 s 40 b9 0000 0000 0004 4 = 09006603
ffff8e67c6eea900 2917379336 C Co:2:005:0 0 4 >
ffff8e67c6eea900 2917379443 S Ii:2:005:3 -115:1 3 <
ffff8e67c6eea900 2917380672 C Ii:2:005:3 0:1 3 = 100000
ffff8e67c6eea900 2917380754 S Ci:2:005:0 s c0 bc 0800 0016 0002 2 <
ffff8e67c6eea900 2917383470 C Ci:2:005:0 0 2 = 0900
ffff8e67c6eea900 2917383553 S Ci:2:005:0 s c0 bc 0900 001c 0002 2 <
ffff8e67c6eea900 2917386327 C Ci:2:005:0 0 2 = 2f6f
ffff8e67c6eea900 2917386453 S Ci:2:005:0 s c0 bc 0800 23be 0002 2 <
ffff8e67c6eea900 2917389117 C Ci:2:005:0 0 2 = 0000
ffff8e67c6eea900 2917389250 S Co:2:005:0 s 40 bc 0900 0014 0002 2 = d09e
ffff8e67c6eea900 2917391855 C Co:2:005:0 0 2 >
ffff8e67c6eea900 2917391984 S Ci:2:005:0 s c0 bc 0900 001c 0002 2 <
ffff8e67c6eea900 2917394608 C Ci:2:005:0 0 2 = 2f6f
ffff8e67c6eea900 2917394740 S Co:2:005:0 s 40 b9 0000 0000 0004 4 = 09016601
ffff8e67c6eea900 2917397338 C Co:2:005:0 0 4 >
ffff8e67c6eea900 2917397464 S Ii:2:005:3 -115:1 3 <
ffff8e67c6eea900 2917398665 C Ii:2:005:3 0:1 3 = 100000
ffff8e67c6eea900 2917398793 S Ci:2:005:0 s c0 bc 0800 0016 0002 2 <
ffff8e67c6eea900 2917401519 C Ci:2:005:0 0 2 = 0900
ffff8e67c6eea900 2917401647 S Ci:2:005:0 s c0 bc 0900 001c 0002 2 <
ffff8e67c6eea900 2917404214 C Ci:2:005:0 0 2 = 2f6f
ffff8e67c6eea900 2917404369 S Ci:2:005:0 s c0 bc 0800 23be 0004 4 <
ffff8e67c6eea900 2917406959 C Ci:2:005:0 0 4 = 0000e767
ffff8e67c6eea900 2917407134 S Co:2:005:0 s 40 bc 0800 00c0 0002 2 = b498
ffff8e67c6eea900 2917409671 C Co:2:005:0 0 2 >
ffff8e67c6eea900 2917409774 S Co:2:005:0 s 40 b9 0000 0000 0004 4 = 09009c02
ffff8e67c6eea900 2917412479 C Co:2:005:0 0 4 >
ffff8e67c6eea900 2917412605 S Ii:2:005:3 -115:1 3 <
ffff8e67c6eea900 2917413751 C Ii:2:005:3 0:1 3 = 100000
ffff8e67c6eea900 2917413876 S Ci:2:005:0 s c0 bc 0800 0016 0002 2 <
ffff8e67c6eea900 2917416605 C Ci:2:005:0 0 2 = 0900
ffff8e67c6eea900 2917416736 S Ci:2:005:0 s c0 bc 0900 001c 0002 2 <
ffff8e67c6eea900 2917419346 C Ci:2:005:0 0 2 = 2f6f
ffff8e67c6eea900 2917419420 S Ci:2:005:0 s c0 bc 0800 23be 0002 2 <
ffff8e67c6eea900 2917422133 C Ci:2:005:0 0 2 = 0000
ffff8e67c6eea900 2917422203 S Co:2:005:0 s 40 bc 0900 0014 0002 2 = d09e
ffff8e67c6eea900 2917424859 C Co:2:005:0 0 2 >
ffff8e67c6eea900 2917424940 S Ci:2:005:0 s c0 bc 0900 001c 0002 2 <
ffff8e67c6eea900 2917427594 C Ci:2:005:0 0 2 = 2f6f
ffff8e67c6eea900 2917427730 S Co:2:005:0 s 40 bc 0800 00c0 0004 4 = 9dcd3f00
ffff8e67c6eea900 2917430339 C Co:2:005:0 0 4 >
ffff8e67c6eea900 2917430466 S Co:2:005:0 s 40 b9 0000 0000 0004 4 = 09006603
ffff8e67c6eea900 2917433105 C Co:2:005:0 0 4 >
ffff8e67c6eea900 2917433230 S Ii:2:005:3 -115:1 3 <
ffff8e67c6eea900 2917434389 C Ii:2:005:3 0:1 3 = 100000
ffff8e67c6eea900 2917434513 S Ci:2:005:0 s c0 bc 0800 0016 0002 2 <
ffff8e67c6eea900 2917437244 C Ci:2:005:0 0 2 = 0900
ffff8e67c6eea900 2917437387 S Ci:2:005:0 s c0 bc 0900 001c 0002 2 <
ffff8e67c6eea900 2917439909 C Ci:2:005:0 0 2 = 2f6f
ffff8e67c6eea900 2917440095 S Ci:2:005:0 s c0 bc 0800 23be 0002 2 <
ffff8e67c6eea900 2917442666 C Ci:2:005:0 0 2 = 0000
ffff8e67c6eea900 2917442815 S Co:2:005:0 s 40 bc 0900 0014 0002 2 = d09e
ffff8e67c6eea900 2917445416 C Co:2:005:0 0 2 >
ffff8e67c6eea900 2917445507 S Ci:2:005:0 s c0 bc 0900 001c 0002 2 <
ffff8e67c6eea900 2917448160 C Ci:2:005:0 0 2 = 2f6f
ffff8e67c6eea900 2917448322 S Co:2:005:0 s 40 b9 0000 0000 0004 4 = 09016601
ffff8e67c6eea900 2917450978 C Co:2:005:0 0 4 >
ffff8e67c6eea900 2917451088 S Ii:2:005:3 -115:1 3 <
ffff8e67c6eea900 2917452354 C Ii:2:005:3 0:1 3 = 100000
ffff8e67c6eea900 2917452498 S Ci:2:005:0 s c0 bc 0800 0016 0002 2 <
ffff8e67c6eea900 2917455164 C Ci:2:005:0 0 2 = 0900
ffff8e67c6eea900 2917455313 S Ci:2:005:0 s c0 bc 0900 001c 0002 2 <
ffff8e67c6eea900 2917457937 C Ci:2:005:0 0 2 = 2f6f
ffff8e67c6eea900 2917458044 S Ci:2:005:0 s c0 bc 0800 23be 0004 4 <
ffff8e67c6eea900 2917460587 C Ci:2:005:0 0 4 = 0000b267
ffff8e67c6eea900 2917460723 S Co:2:005:0 s 40 bc 0800 00c0 0002 2 = 00ce
ffff8e67c6eea900 2917463298 C Co:2:005:0 0 2 >
ffff8e67c6eea900 2917463420 S Co:2:005:0 s 40 b9 0000 0000 0004 4 = 09009c02
ffff8e67c6eea900 2917466143 C Co:2:005:0 0 4 >
ffff8e67c6eea900 2917466268 S Ii:2:005:3 -115:1 3 <
ffff8e67c6eea900 2917467608 C Ii:2:005:3 0:1 3 = 100000
ffff8e67c6eea900 2917467727 S Ci:2:005:0 s c0 bc 0800 0016 0002 2 <
ffff8e67c6eea900 2917470398 C Ci:2:005:0 0 2 = 0900
ffff8e67c6eea900 2917470490 S Ci:2:005:0 s c0 bc 0900 001c 0002 2 <
ffff8e67c6eea900 2917473163 C Ci:2:005:0 0 2 = 2f6f
ffff8e67c6eea900 2917473278 S Ci:2:005:0 s c0 bc 0800 23be 0002 2 <
ffff8e67c6eea900 2917475890 C Ci:2:005:0 0 2 = 0000
ffff8e67c6eea900 2917476032 S Co:2:005:0 s 40 bc 0900 0014 0002 2 = d09e
ffff8e67c6eea900 2917478589 C Co:2:005:0 0 2 >
ffff8e67c6eea900 2917478693 S Ci:2:005:0 s c0 bc 0900 001c 0002 2 <
ffff8e67c6eea900 2917481335 C Ci:2:005:0 0 2 = 2f6f
ffff8e67c6eea900 2917481476 S Co:2:005:0 s 40 bc 0800 00c0 0002 2 = 01ad
ffff8e67c6eea900 2917484077 C Co:2:005:0 0 2 >
ffff8e67c6eea900 2917484182 S Co:2:005:0 s 40 b9 0000 0000 0004 4 = 09009c02
ffff8e67c6eea900 2917486915 C Co:2:005:0 0 4 >
ffff8e67c6eea900 2917487059 S Ii:2:005:3 -115:1 3 <
ffff8e67c6eea900 2917488228 C Ii:2:005:3 0:1 3 = 100000
ffff8e67c6eea900 2917488406 S Ci:2:005:0 s c0 bc 0800 0016 0002 2 <
ffff8e67c6eea900 2917490939 C Ci:2:005:0 0 2 = 0900
ffff8e67c6eea900 2917491055 S Ci:2:005:0 s c0 bc 0900 001c 0002 2 <
ffff8e67c6eea900 2917493711 C Ci:2:005:0 0 2 = 2f6f
ffff8e67c6eea900 2917493825 S Ci:2:005:0 s c0 bc 0800 23be 0002 2 <
ffff8e67c6eea900 2917496473 C Ci:2:005:0 0 2 = 0000
ffff8e67c6eea900 2917496605 S Co:2:005:0 s 40 bc 0900 0014 0002 2 = d09e
ffff8e67c6eea900 2917499197 C Co:2:005:0 0 2 >
ffff8e67c6eea900 2917499329 S Ci:2:005:0 s c0 bc 0900 001c 0002 2 <
ffff8e67c6eea900 2917502216 C Ci:2:005:0 0 2 = 2f6f
ffff8e67c6eea900 2917502376 S Co:2:005:0 s 40 bc 0800 00c0 0002 2 = 0239
ffff8e67c6eea900 2917504830 C Co:2:005:0 0 2 >
ffff8e67c6eea900 2917505030 S Co:2:005:0 s 40 b9 0000 0000 0004 4 = 09009c02
ffff8e67c6eea900 2917507545 C Co:2:005:0 0 4 >
ffff8e67c6eea900 2917507637 S Ii:2:005:3 -115:1 3 <
ffff8e67c6eea900 2917508828 C Ii:2:005:3 0:1 3 = 100000
ffff8e67c6eea900 2917508977 S Ci:2:005:0 s c0 bc 0800 0016 0002 2 <
ffff8e67c6eea900 2917511572 C Ci:2:005:0 0 2 = 0900
ffff8e67c6eea900 2917511637 S Ci:2:005:0 s c0 bc 0900 001c 0002 2 <
ffff8e67c6eea900 2917514349 C Ci:2:005:0 0 2 = 2f6f
ffff8e67c6eea900 2917514540 S Ci:2:005:0 s c0 bc 0800 23be 0002 2 <
ffff8e67c6eea900 2917517005 C Ci:2:005:0 0 2 = 0000
ffff8e67c6eea900 2917517177 S Co:2:005:0 s 40 bc 0900 0014 0002 2 = d09e
ffff8e67c6eea900 2917519763 C Co:2:005:0 0 2 >
ffff8e67c6eea900 2917519929 S Ci:2:005:0 s c0 bc 0900 001c 0002 2 <
ffff8e67c6eea900 2917522455 C Ci:2:005:0 0 2 = 2f6f
ffff8e67c6eea900 2917522661 S Co:2:005:0 s 40 bc 0800 00c0 0004 4 = 9dcd3c00
ffff8e67c6eea900 2917525008 C Co:2:005:0 0 4 >
ffff8e67c6eea900 2917525161 S Co:2:005:0 s 40 b9 0000 0000 0004 4 = 09006603
ffff8e67c6eea900 2917527725 C Co:2:005:0 0 4 >
ffff8e67c6eea900 2917527945 S Ii:2:005:3 -115:1 3 <
ffff8e67c6eea900 2917529008 C Ii:2:005:3 0:1 3 = 100000
ffff8e67c6eea900 2917529234 S Ci:2:005:0 s c0 bc 0800 0016 0002 2 <
ffff8e67c6eea900 2917531860 C Ci:2:005:0 0 2 = 0900
ffff8e67c6eea900 2917532107 S Ci:2:005:0 s c0 bc 0900 001c 0002 2 <
ffff8e67c6eea900 2917534457 C Ci:2:005:0 0 2 = 2f6f
ffff8e67c6eea900 2917534581 S Ci:2:005:0 s c0 bc 0800 23be 0002 2 <
ffff8e67c6eea900 2917537180 C Ci:2:005:0 0 2 = 0000
ffff8e67c6eea900 2917537384 S Co:2:005:0 s 40 bc 0900 0014 0002 2 = d09e
ffff8e67c6eea900 2917539916 C Co:2:005:0 0 2 >
ffff8e67c6eea900 2917540030 S Ci:2:005:0 s c0 bc 0900 001c 0002 2 <
ffff8e67c6eea900 2917542646 C Ci:2:005:0 0 2 = 2f6f
ffff8e67c6eea900 2917542769 S Co:2:005:0 s 40 b9 0000 0000 0004 4 = 09016601
ffff8e67c6eea900 2917545410 C Co:2:005:0 0 4 >
ffff8e67c6eea900 2917545526 S Ii:2:005:3 -115:1 3 <
ffff8e67c6eea900 2917546639 C Ii:2:005:3 0:1 3 = 100000
ffff8e67c6eea900 2917546779 S Ci:2:005:0 s c0 bc 0800 0016 0002 2 <
ffff8e67c6eea900 2917549419 C Ci:2:005:0 0 2 = 0900
ffff8e67c6eea900 2917549544 S Ci:2:005:0 s c0 bc 0900 001c 0002 2 <
ffff8e67c6eea900 2917552233 C Ci:2:005:0 0 2 = 2f6f
ffff8e67c6eea900 2917552417 S Ci:2:005:0 s c0 bc 0800 23be 0004 4 <
ffff8e67c6eea900 2917554968 C Ci:2:005:0 0 4 = 0000b267
ffff8e67c6eea900 2917555096 S Co:2:005:0 s 40 bc 0800 00c0 0002 2 = 03ce
ffff8e67c6eea900 2917557758 C Co:2:005:0 0 2 >
ffff8e67c6eea900 2917557847 S Co:2:005:0 s 40 b9 0000 0000 0004 4 = 09009c02
ffff8e67c6eea900 2917560349 C Co:2:005:0 0 4 >
ffff8e67c6eea900 2917560550 S Ii:2:005:3 -115:1 3 <
ffff8e67c6eea900 2917561753 C Ii:2:005:3 0:1 3 = 100000
ffff8e67c6eea900 2917561906 S Ci:2:005:0 s c0 bc 0800 0016 0002 2 <
ffff8e67c6eea900 2917564511 C Ci:2:005:0 0 2 = 0900
ffff8e67c6eea900 2917564639 S Ci:2:005:0 s c0 bc 0900 001c 0002 2 <
ffff8e67c6eea900 2917567154 C Ci:2:005:0 0 2 = 2f6f
ffff8e67c6eea900 2917567349 S Ci:2:005:0 s c0 bc 0800 23be 0002 2 <
ffff8e67c6eea900 2917570062 C Ci:2:005:0 0 2 = 0000
ffff8e67c6eea900 2917570181 S Co:2:005:0 s 40 bc 0900 0014 0002 2 = d09e
ffff8e67c6eea900 2917572639 C Co:2:005:0 0 2 >
ffff8e67c6eea900 2917572805 S Ci:2:005:0 s c0 bc 0900 001c 0002 2 <
ffff8e67c6eea900 2917575306 C Ci:2:005:0 0 2 = 2f6f
ffff8e67c6eea900 2917575456 S Co:2:005:0 s 40 bc 0800 00c0 0002 2 = 04cd
ffff8e67c6eea900 2917578048 C Co:2:005:0 0 2 >
ffff8e67c6eea900 2917578186 S Co:2:005:0 s 40 b9 0000 0000 0004 4 = 09009c02
ffff8e67c6eea900 2917580851 C Co:2:005:0 0 4 >
ffff8e67c6eea900 2917581114 S Ii:2:005:3 -115:1 3 <
ffff8e67c6eea900 2917582176 C Ii:2:005:3 0:1 3 = 100000
ffff8e67c6eea900 2917582312 S Ci:2:005:0 s c0 bc 0800 0016 0002 2 <
ffff8e67c6eea900 2917585008 C Ci:2:005:0 0 2 = 0900
ffff8e67c6eea900 2917585140 S Ci:2:005:0 s c0 bc 0900 001c 0002 2 <
ffff8e67c6eea900 2917587759 C Ci:2:005:0 0 2 = 2f6f
ffff8e67c6eea900 2917588046 S Ci:2:005:0 s c0 bc 0800 23be 0002 2 <
ffff8e67c6eea900 2917590461 C Ci:2:005:0 0 2 = 0000
ffff8e67c6eea900 2917590629 S Co:2:005:0 s 40 bc 0900 0014 0002 2 = d09e
ffff8e67c6eea900 2917593217 C Co:2:005:0 0 2 >
ffff8e67c6eea900 2917593396 S Ci:2:005:0 s c0 bc 0900 001c 0002 2 <
ffff8e67c6eea900 2917595985 C Ci:2:005:0 0 2 = 2f6f
ffff8e67c6eea900 2917596160 S Co:2:005:0 s 40 bc 0800 00c0 0002 2 = 05cc
ffff8e67c6eea900 2917598686 C Co:2:005:0 0 2 >
ffff8e67c6eea900 2917598857 S Co:2:005:0 s 40 b9 0000 0000 0004 4 = 09009c02
ffff8e67c6eea900 2917601442 C Co:2:005:0 0 4 >
ffff8e67c6eea900 2917601520 S Ii:2:005:3 -115:1 3 <
ffff8e67c6eea900 2917602821 C Ii:2:005:3 0:1 3 = 100000
ffff8e67c6eea900 2917603077 S Ci:2:005:0 s c0 bc 0800 0016 0002 2 <
ffff8e67c6eea900 2917605610 C Ci:2:005:0 0 2 = 0900
ffff8e67c6eea900 2917605723 S Ci:2:005:0 s c0 bc 0900 001c 0002 2 <
ffff8e67c6eea900 2917608337 C Ci:2:005:0 0 2 = 2f6f
ffff8e67c6eea900 2917608477 S Ci:2:005:0 s c0 bc 0800 23be 0002 2 <
ffff8e67c6eea900 2917610928 C Ci:2:005:0 0 2 = 0000
ffff8e67c6eea900 2917611100 S Co:2:005:0 s 40 bc 0900 0014 0002 2 = d09e
ffff8e67c6eea900 2917613706 C Co:2:005:0 0 2 >
ffff8e67c6eea900 2917613907 S Ci:2:005:0 s c0 bc 0900 001c 0002 2 <
ffff8e67c6eea900 2917616474 C Ci:2:005:0 0 2 = 2f6f
ffff8e67c6eea900 2917616649 S Co:2:005:0 s 40 bc 0800 00c0 0002 2 = 06c4
ffff8e67c6eea900 2917619207 C Co:2:005:0 0 2 >
ffff8e67c6eea900 2917619362 S Co:2:005:0 s 40 b9 0000 0000 0004 4 = 09009c02
ffff8e67c6eea900 2917622001 C Co:2:005:0 0 4 >
ffff8e67c6eea900 2917622085 S Ii:2:005:3 -115:1 3 <
ffff8e67c6eea900 2917623336 C Ii:2:005:3 0:1 3 = 100000
ffff8e67c6eea900 2917623507 S Ci:2:005:0 s c0 bc 0800 0016 0002 2 <
ffff8e67c6eea900 2917626103 C Ci:2:005:0 0 2 = 0900
ffff8e67c6eea900 2917626276 S Ci:2:005:0 s c0 bc 0900 001c 0002 2 <
ffff8e67c6eea900 2917628880 C Ci:2:005:0 0 2 = 2f6f
ffff8e67c6eea900 2917629079 S Ci:2:005:0 s c0 bc 0800 23be 0002 2 <
ffff8e67c6eea900 2917631596 C Ci:2:005:0 0 2 = 0000
ffff8e67c6eea900 2917631814 S Co:2:005:0 s 40 bc 0900 0014 0002 2 = d09e
ffff8e67c6eea900 2917634312 C Co:2:005:0 0 2 >
ffff8e67c6eea900 2917634456 S Ci:2:005:0 s c0 bc 0900 001c 0002 2 <
ffff8e67c6eea900 2917637136 C Ci:2:005:0 0 2 = 2f6f
ffff8e67c6eea900 2917637238 S Co:2:005:0 s 40 bc 0800 00c0 0002 2 = 1cd6
ffff8e67c6eea900 2917639831 C Co:2:005:0 0 2 >
ffff8e67c6eea900 2917640064 S Co:2:005:0 s 40 b9 0000 0000 0004 4 = 09009c02
ffff8e67c6eea900 2917642560 C Co:2:005:0 0 4 >
ffff8e67c6eea900 2917642752 S Ii:2:005:3 -115:1 3 <
ffff8e67c6eea900 2917643933 C Ii:2:005:3 0:1 3 = 100000
ffff8e67c6eea900 2917644095 S Ci:2:005:0 s c0 bc 0800 0016 0002 2 <
ffff8e67c6eea900 2917646698 C Ci:2:005:0 0 2 = 0900
ffff8e67c6eea900 2917646898 S Ci:2:005:0 s c0 bc 0900 001c 0002 2 <
ffff8e67c6eea900 2917649403 C Ci:2:005:0 0 2 = 2f6f
ffff8e67c6eea900 2917649595 S Ci:2:005:0 s c0 bc 0800 23be 0002 2 <
ffff8e67c6eea900 2917652113 C Ci:2:005:0 0 2 = 0000
ffff8e67c6eea900 2917652329 S Co:2:005:0 s 40 bc 0900 0014 0002 2 = d09e
ffff8e67c6eea900 2917654858 C Co:2:005:0 0 2 >
ffff8e67c6eea900 2917655071 S Ci:2:005:0 s c0 bc 0900 001c 0002 2 <
ffff8e67c6eea900 2917657584 C Ci:2:005:0 0 2 = 2f6f
ffff8e67c6eea900 2917657735 S Co:2:005:0 s 40 bc 0800 00c0 0002 2 = 1dcc
ffff8e67c6eea900 2917660362 C Co:2:005:0 0 2 >
ffff8e67c6eea900 2917660423 S Co:2:005:0 s 40 b9 0000 0000 0004 4 = 09009c02
ffff8e67c6eea900 2917662954 C Co:2:005:0 0 4 >
ffff8e67c6eea900 2917663149 S Ii:2:005:3 -115:1 3 <
ffff8e67c6eea900 2917664168 C Ii:2:005:3 0:1 3 = 100000
ffff8e67c6eea900 2917664374 S Ci:2:005:0 s c0 bc 0800 0016 0002 2 <
ffff8e67c6eea900 2917666928 C Ci:2:005:0 0 2 = 0900
ffff8e67c6eea900 2917667127 S Ci:2:005:0 s c0 bc 0900 001c 0002 2 <
ffff8e67c6eea900 2917669681 C Ci:2:005:0 0 2 = 2f6f
ffff8e67c6eea900 2917669908 S Ci:2:005:0 s c0 bc 0800 23be 0002 2 <
ffff8e67c6eea900 2917672475 C Ci:2:005:0 0 2 = 0000
ffff8e67c6eea900 2917672643 S Co:2:005:0 s 40 bc 0900 0014 0002 2 = d09e
ffff8e67c6eea900 2917675085 C Co:2:005:0 0 2 >
ffff8e67c6eea900 2917675243 S Ci:2:005:0 s c0 bc 0900 001c 0002 2 <
ffff8e67c6eea900 2917677846 C Ci:2:005:0 0 2 = 2f6f
ffff8e67c6eea900 2917678075 S Co:2:005:0 s 40 bc 0800 00c0 0002 2 = 1ecc
ffff8e67c6eea900 2917680598 C Co:2:005:0 0 2 >
ffff8e67c6eea900 2917680826 S Co:2:005:0 s 40 b9 0000 0000 0004 4 = 09009c02
ffff8e67c6eea900 2917683355 C Co:2:005:0 0 4 >
ffff8e67c6eea900 2917683469 S Ii:2:005:3 -115:1 3 <
ffff8e67c6eea900 2917684688 C Ii:2:005:3 0:1 3 = 100000
ffff8e67c6eea900 2917684783 S Ci:2:005:0 s c0 bc 0800 0016 0002 2 <
ffff8e67c6eea900 2917687483 C Ci:2:005:0 0 2 = 0900
ffff8e67c6eea900 2917687549 S Ci:2:005:0 s c0 bc 0900 001c 0002 2 <
ffff8e67c6eea900 2917690205 C Ci:2:005:0 0 2 = 2f6f
ffff8e67c6eea900 2917690423 S Ci:2:005:0 s c0 bc 0800 23be 0002 2 <
ffff8e67c6eea900 2917692953 C Ci:2:005:0 0 2 = 0000
ffff8e67c6eea900 2917693150 S Co:2:005:0 s 40 bc 0900 0014 0002 2 = d09e
ffff8e67c6eea900 2917695699 C Co:2:005:0 0 2 >
ffff8e67c6eea900 2917695985 S Ci:2:005:0 s c0 bc 0900 001c 0002 2 <
ffff8e67c6eea900 2917698458 C Ci:2:005:0 0 2 = 2f6f
ffff8e67c6eea900 2917698655 S Co:2:005:0 s 40 bc 0800 00c0 0002 2 = 1fcc
ffff8e67c6eea900 2917701062 C Co:2:005:0 0 2 >
ffff8e67c6eea900 2917701261 S Co:2:005:0 s 40 b9 0000 0000 0004 4 = 09009c02
ffff8e67c6eea900 2917703821 C Co:2:005:0 0 4 >
ffff8e67c6eea900 2917704053 S Ii:2:005:3 -115:1 3 <
ffff8e67c6eea900 2917705173 C Ii:2:005:3 0:1 3 = 100000
ffff8e67c6eea900 2917705240 S Ci:2:005:0 s c0 bc 0800 0016 0002 2 <
ffff8e67c6eea900 2917707975 C Ci:2:005:0 0 2 = 0900
ffff8e67c6eea900 2917708172 S Ci:2:005:0 s c0 bc 0900 001c 0002 2 <
ffff8e67c6eea900 2917710657 C Ci:2:005:0 0 2 = 2f6f
ffff8e67c6eea900 2917710879 S Ci:2:005:0 s c0 bc 0800 23be 0002 2 <
ffff8e67c6eea900 2917713445 C Ci:2:005:0 0 2 = 0000
ffff8e67c6eea900 2917713646 S Co:2:005:0 s 40 bc 0900 0014 0002 2 = d09e
ffff8e67c6eea900 2917716100 C Co:2:005:0 0 2 >
ffff8e67c6eea900 2917716261 S Ci:2:005:0 s c0 bc 0900 001c 0002 2 <
ffff8e67c6eea900 2917718818 C Ci:2:005:0 0 2 = 2f6f
ffff8e67c6eea900 2917719100 S Co:2:005:0 s 40 bc 0800 00c0 0004 4 = 9dcd1a00
ffff8e67c6eea900 2917721588 C Co:2:005:0 0 4 >
ffff8e67c6eea900 2917721762 S Co:2:005:0 s 40 b9 0000 0000 0004 4 = 09006603
ffff8e67c6eea900 2917724334 C Co:2:005:0 0 4 >
ffff8e67c6eea900 2917724438 S Ii:2:005:3 -115:1 3 <
ffff8e67c6eea900 2917725784 C Ii:2:005:3 0:1 3 = 100000
ffff8e67c6eea900 2917725908 S Ci:2:005:0 s c0 bc 0800 0016 0002 2 <
ffff8e67c6eea900 2917728621 C Ci:2:005:0 0 2 = 0900
ffff8e67c6eea900 2917728836 S Ci:2:005:0 s c0 bc 0900 001c 0002 2 <
ffff8e67c6eea900 2917731300 C Ci:2:005:0 0 2 = 2f6f
ffff8e67c6eea900 2917731445 S Ci:2:005:0 s c0 bc 0800 23be 0002 2 <
ffff8e67c6eea900 2917733948 C Ci:2:005:0 0 2 = 0000
ffff8e67c6eea900 2917734143 S Co:2:005:0 s 40 bc 0900 0014 0002 2 = d09e
ffff8e67c6eea900 2917736690 C Co:2:005:0 0 2 >
ffff8e67c6eea900 2917736920 S Ci:2:005:0 s c0 bc 0900 001c 0002 2 <
ffff8e67c6eea900 2917739411 C Ci:2:005:0 0 2 = 2f6f
ffff8e67c6eea900 2917739602 S Co:2:005:0 s 40 b9 0000 0000 0004 4 = 09016601
ffff8e67c6eea900 2917742083 C Co:2:005:0 0 4 >
ffff8e67c6eea900 2917742261 S Ii:2:005:3 -115:1 3 <
ffff8e67c6eea900 2917743595 C Ii:2:005:3 0:1 3 = 100000
ffff8e67c6eea900 2917743662 S Ci:2:005:0 s c0 bc 0800 0016 0002 2 <
ffff8e67c6eea900 2917746314 C Ci:2:005:0 0 2 = 0900
ffff8e67c6eea900 2917746438 S Ci:2:005:0 s c0 bc 0900 001c 0002 2 <
ffff8e67c6eea900 2917749060 C Ci:2:005:0 0 2 = 2f6f
ffff8e67c6eea900 2917749252 S Ci:2:005:0 s c0 bc 0800 23be 0004 4 <
ffff8e67c6eea900 2917751910 C Ci:2:005:0 0 4 = 0000b267
ffff8e67c6eea900 2917752106 S Co:2:005:0 s 40 bc 0800 00c0 0002 2 = 256e
ffff8e67c6eea900 2917754707 C Co:2:005:0 0 2 >
ffff8e67c6eea900 2917754808 S Co:2:005:0 s 40 b9 0000 0000 0004 4 = 09009c02
ffff8e67c6eea900 2917757430 C Co:2:005:0 0 4 >
ffff8e67c6eea900 2917757501 S Ii:2:005:3 -115:1 3 <
ffff8e67c6eea900 2917758808 C Ii:2:005:3 0:1 3 = 100000
ffff8e67c6eea900 2917758967 S Ci:2:005:0 s c0 bc 0800 0016 0002 2 <
ffff8e67c6eea900 2917761523 C Ci:2:005:0 0 2 = 0900
ffff8e67c6eea900 2917761614 S Ci:2:005:0 s c0 bc 0900 001c 0002 2 <
ffff8e67c6eea900 2917764221 C Ci:2:005:0 0 2 = 2f6f
ffff8e67c6eea900 2917764388 S Ci:2:005:0 s c0 bc 0800 23be 0002 2 <
ffff8e67c6eea900 2917766932 C Ci:2:005:0 0 2 = 0000
ffff8e67c6eea900 2917767115 S Co:2:005:0 s 40 bc 0900 0014 0002 2 = d09e
ffff8e67c6eea900 2917769685 C Co:2:005:0 0 2 >
ffff8e67c6eea900 2917769854 S Ci:2:005:0 s c0 bc 0900 001c 0002 2 <
ffff8e67c6eea900 2917772331 C Ci:2:005:0 0 2 = 2f6f
ffff8e67c6eea900 2917772456 S Co:2:005:0 s 40 bc 0800 00c0 0004 4 = 9dcd3d00
ffff8e67c6eea900 2917775082 C Co:2:005:0 0 4 >
ffff8e67c6eea900 2917775274 S Co:2:005:0 s 40 b9 0000 0000 0004 4 = 09006603
ffff8e67c6eea900 2917777946 C Co:2:005:0 0 4 >
ffff8e67c6eea900 2917778127 S Ii:2:005:3 -115:1 3 <
ffff8e67c6eea900 2917779340 C Ii:2:005:3 0:1 3 = 100000
ffff8e67c6eea900 2917779421 S Ci:2:005:0 s c0 bc 0800 0016 0002 2 <
ffff8e67c6eea900 2917782003 C Ci:2:005:0 0 2 = 0900
ffff8e67c6eea900 2917782137 S Ci:2:005:0 s c0 bc 0900 001c 0002 2 <
ffff8e67c6eea900 2917784808 C Ci:2:005:0 0 2 = 2f6f
ffff8e67c6eea900 2917784909 S Ci:2:005:0 s c0 bc 0800 23be 0002 2 <
ffff8e67c6eea900 2917787585 C Ci:2:005:0 0 2 = 0000
ffff8e67c6eea900 2917787772 S Co:2:005:0 s 40 bc 0900 0014 0002 2 = d09e
ffff8e67c6eea900 2917790257 C Co:2:005:0 0 2 >
ffff8e67c6eea900 2917790450 S Ci:2:005:0 s c0 bc 0900 001c 0002 2 <
ffff8e67c6eea900 2917793117 C Ci:2:005:0 0 2 = 2f6f
ffff8e67c6eea900 2917793357 S Co:2:005:0 s 40 b9 0000 0000 0004 4 = 09016601
ffff8e67c6eea900 2917795875 C Co:2:005:0 0 4 >
ffff8e67c6eea900 2917796070 S Ii:2:005:3 -115:1 3 <
ffff8e67c6eea900 2917797149 C Ii:2:005:3 0:1 3 = 100000
ffff8e67c6eea900 2917797245 S Ci:2:005:0 s c0 bc 0800 0016 0002 2 <
ffff8e67c6eea900 2917799893 C Ci:2:005:0 0 2 = 0900
ffff8e67c6eea900 2917800035 S Ci:2:005:0 s c0 bc 0900 001c 0002 2 <
ffff8e67c6eea900 2917802683 C Ci:2:005:0 0 2 = 2f6f
ffff8e67c6eea900 2917802877 S Ci:2:005:0 s c0 bc 0800 23be 0004 4 <
ffff8e67c6eea900 2917805454 C Ci:2:005:0 0 4 = 00004767
ffff8e67c6eea900 2917805785 S Co:2:005:0 s 40 bc 0800 00c0 0002 2 = 0239
ffff8e67c6eea900 2917808145 C Co:2:005:0 0 2 >
ffff8e67c6eea900 2917808349 S Co:2:005:0 s 40 b9 0000 0000 0004 4 = 09009c02
ffff8e67c6eea900 2917810844 C Co:2:005:0 0 4 >
ffff8e67c6eea900 2917811055 S Ii:2:005:3 -115:1 3 <
ffff8e67c6eea900 2917812162 C Ii:2:005:3 0:1 3 = 100000
ffff8e67c6eea900 2917812256 S Ci:2:005:0 s c0 bc 0800 0016 0002 2 <
ffff8e67c6eea900 2917814994 C Ci:2:005:0 0 2 = 0900
ffff8e67c6eea900 2917815089 S Ci:2:005:0 s c0 bc 0900 001c 0002 2 <
ffff8e67c6eea900 2917817742 C Ci:2:005:0 0 2 = 2f6f
ffff8e67c6eea900 2917818040 S Ci:2:005:0 s c0 bc 0800 23be 0002 2 <
ffff8e67c6eea900 2917820384 C Ci:2:005:0 0 2 = 0000
ffff8e67c6eea900 2917820575 S Co:2:005:0 s 40 bc 0900 0014 0002 2 = d09e
ffff8e67c6eea900 2917823190 C Co:2:005:0 0 2 >
ffff8e67c6eea900 2917823352 S Ci:2:005:0 s c0 bc 0900 001c 0002 2 <
ffff8e67c6eea900 2917825942 C Ci:2:005:0 0 2 = 2f6f
ffff8e67c6eea900 2917826117 S Co:2:005:0 s 40 bc 0800 00c0 0004 4 = 9dcd3800
ffff8e67c6eea900 2917828663 C Co:2:005:0 0 4 >
ffff8e67c6eea900 2917828853 S Co:2:005:0 s 40 b9 0000 0000 0004 4 = 09006603
ffff8e67c6eea900 2917831399 C Co:2:005:0 0 4 >
ffff8e67c6eea900 2917831515 S Ii:2:005:3 -115:1 3 <
ffff8e67c6eea900 2917833839 C Ii:2:005:3 0:1 3 = 100000
ffff8e67c6eea900 2917833932 S Ci:2:005:0 s c0 bc 0800 0016 0002 2 <
ffff8e67c6eea900 2917836574 C Ci:2:005:0 0 2 = 0900
ffff8e67c6eea900 2917836781 S Ci:2:005:0 s c0 bc 0900 001c 0002 2 <
ffff8e67c6eea900 2917839328 C Ci:2:005:0 0 2 = 2f6f
ffff8e67c6eea900 2917839483 S Ci:2:005:0 s c0 bc 0800 23be 0002 2 <
ffff8e67c6eea900 2917842156 C Ci:2:005:0 0 2 = 0000
ffff8e67c6eea900 2917842344 S Co:2:005:0 s 40 bc 0900 0014 0002 2 = d09e
ffff8e67c6eea900 2917844976 C Co:2:005:0 0 2 >
ffff8e67c6eea900 2917845116 S Ci:2:005:0 s c0 bc 0900 001c 0002 2 <
ffff8e67c6eea900 2917847682 C Ci:2:005:0 0 2 = 2f6f
ffff8e67c6eea900 2917847902 S Co:2:005:0 s 40 b9 0000 0000 0004 4 = 09016601
ffff8e67c6eea900 2917850423 C Co:2:005:0 0 4 >
ffff8e67c6eea900 2917850598 S Ii:2:005:3 -115:1 3 <
ffff8e67c6eea900 2917851725 C Ii:2:005:3 0:1 3 = 100000
ffff8e67c6eea900 2917851895 S Ci:2:005:0 s c0 bc 0800 0016 0002 2 <
ffff8e67c6eea900 2917854605 C Ci:2:005:0 0 2 = 0900
ffff8e67c6eea900 2917854787 S Ci:2:005:0 s c0 bc 0900 001c 0002 2 <
ffff8e67c6eea900 2917857325 C Ci:2:005:0 0 2 = 2f6f
ffff8e67c6eea900 2917857395 S Ci:2:005:0 s c0 bc 0800 23be 0004 4 <
ffff8e67c6eea900 2917860069 C Ci:2:005:0 0 4 = 0000b267
ffff8e67c6eea900 2917860247 S Co:2:005:0 s 40 bc 0800 00c0 0002 2 = 07c8
ffff8e67c6eea900 2917862809 C Co:2:005:0 0 2 >
ffff8e67c6eea900 2917863078 S Co:2:005:0 s 40 b9 0000 0000 0004 4 = 09009c02
ffff8e67c6eea900 2917865568 C Co:2:005:0 0 4 >
ffff8e67c6eea900 2917865633 S Ii:2:005:3 -115:1 3 <
ffff8e67c6eea900 2917866857 C Ii:2:005:3 0:1 3 = 100000
ffff8e67c6eea900 2917867061 S Ci:2:005:0 s c0 bc 0800 0016 0002 2 <
ffff8e67c6eea900 2917869705 C Ci:2:005:0 0 2 = 0900
ffff8e67c6eea900 2917869787 S Ci:2:005:0 s c0 bc 0900 001c 0002 2 <
ffff8e67c6eea900 2917872415 C Ci:2:005:0 0 2 = 2f6f
ffff8e67c6eea900 2917872549 S Ci:2:005:0 s c0 bc 0800 23be 0002 2 <
ffff8e67c6eea900 2917875169 C Ci:2:005:0 0 2 = 0000
ffff8e67c6eea900 2917875355 S Co:2:005:0 s 40 bc 0900 0014 0002 2 = d09e
ffff8e67c6eea900 2917877945 C Co:2:005:0 0 2 >
ffff8e67c6eea900 2917878118 S Ci:2:005:0 s c0 bc 0900 001c 0002 2 <
ffff8e67c6eea900 2917880698 C Ci:2:005:0 0 2 = 2f6f
ffff8e67c6eea900 2917880846 S Co:2:005:0 s 40 bc 0800 00c0 0002 2 = 170c
ffff8e67c6eea900 2917883384 C Co:2:005:0 0 2 >
ffff8e67c6eea900 2917883571 S Co:2:005:0 s 40 b9 0000 0000 0004 4 = 09009c02
ffff8e67c6eea900 2917886073 C Co:2:005:0 0 4 >
ffff8e67c6eea900 2917886202 S Ii:2:005:3 -115:1 3 <
ffff8e67c6eea900 2917887363 C Ii:2:005:3 0:1 3 = 100000
ffff8e67c6eea900 2917887555 S Ci:2:005:0 s c0 bc 0800 0016 0002 2 <
ffff8e67c6eea900 2917890106 C Ci:2:005:0 0 2 = 0900
ffff8e67c6eea900 2917890252 S Ci:2:005:0 s c0 bc 0900 001c 0002 2 <
ffff8e67c6eea900 2917892868 C Ci:2:005:0 0 2 = 2f6f
ffff8e67c6eea900 2917893083 S Ci:2:005:0 s c0 bc 0800 23be 0002 2 <
ffff8e67c6eea900 2917895626 C Ci:2:005:0 0 2 = 0000
ffff8e67c6eea900 2917895786 S Co:2:005:0 s 40 bc 0900 0014 0002 2 = d09e
ffff8e67c6eea900 2917898298 C Co:2:005:0 0 2 >
ffff8e67c6eea900 2917898462 S Ci:2:005:0 s c0 bc 0900 001c 0002 2 <
ffff8e67c6eea900 2917901098 C Ci:2:005:0 0 2 = 2f6f
ffff8e67c6eea900 2917901340 S Co:2:005:0 s 40 bc 0800 00c0 0002 2 = 1933
ffff8e67c6eea900 2917903826 C Co:2:005:0 0 2 >
ffff8e67c6eea900 2917904116 S Co:2:005:0 s 40 b9 0000 0000 0004 4 = 09009c02
ffff8e67c6eea900 2917906568 C Co:2:005:0 0 4 >
ffff8e67c6eea900 2917906706 S Ii:2:005:3 -115:1 3 <
ffff8e67c6eea900 2917907874 C Ii:2:005:3 0:1 3 = 100000
ffff8e67c6eea900 2917908101 S Ci:2:005:0 s c0 bc 0800 0016 0002 2 <
ffff8e67c6eea900 2917910734 C Ci:2:005:0 0 2 = 0900
ffff8e67c6eea900 2917910871 S Ci:2:005:0 s c0 bc 0900 001c 0002 2 <
ffff8e67c6eea900 2917913454 C Ci:2:005:0 0 2 = 2f6f
ffff8e67c6eea900 2917913558 S Ci:2:005:0 s c0 bc 0800 23be 0002 2 <
ffff8e67c6eea900 2917916074 C Ci:2:005:0 0 2 = 0000
ffff8e67c6eea900 2917916264 S Co:2:005:0 s 40 bc 0900 0014 0002 2 = d09e
ffff8e67c6eea900 2917918813 C Co:2:005:0 0 2 >
ffff8e67c6eea900 2917919057 S Ci:2:005:0 s c0 bc 0900 001c 0002 2 <
ffff8e67c6eea900 2917921580 C Ci:2:005:0 0 2 = 2f6f
ffff8e67c6eea900 2917921734 S Co:2:005:0 s 40 bc 0800 00c0 0002 2 = 1a33
ffff8e67c6eea900 2917924301 C Co:2:005:0 0 2 >
ffff8e67c6eea900 2917924423 S Co:2:005:0 s 40 b9 0000 0000 0004 4 = 09009c02
ffff8e67c6eea900 2917927061 C Co:2:005:0 0 4 >
ffff8e67c6eea900 2917927250 S Ii:2:005:3 -115:1 3 <
ffff8e67c6eea900 2917928403 C Ii:2:005:3 0:1 3 = 100000
ffff8e67c6eea900 2917928463 S Ci:2:005:0 s c0 bc 0800 0016 0002 2 <
ffff8e67c6eea900 2917931188 C Ci:2:005:0 0 2 = 0900
ffff8e67c6eea900 2917931360 S Ci:2:005:0 s c0 bc 0900 001c 0002 2 <
ffff8e67c6eea900 2917933972 C Ci:2:005:0 0 2 = 2f6f
ffff8e67c6eea900 2917934080 S Ci:2:005:0 s c0 bc 0800 23be 0002 2 <
ffff8e67c6eea900 2917936672 C Ci:2:005:0 0 2 = 0000
ffff8e67c6eea900 2917936890 S Co:2:005:0 s 40 bc 0900 0014 0002 2 = d09e
ffff8e67c6eea900 2917939393 C Co:2:005:0 0 2 >
ffff8e67c6eea900 2917939579 S Ci:2:005:0 s c0 bc 0900 001c 0002 2 <
ffff8e67c6eea900 2917942141 C Ci:2:005:0 0 2 = 2f6f
ffff8e67c6eea900 2917942259 S Co:2:005:0 s 40 bc 0800 00c0 0002 2 = 1b30
ffff8e67c6eea900 2917944809 C Co:2:005:0 0 2 >
ffff8e67c6eea900 2917944946 S Co:2:005:0 s 40 b9 0000 0000 0004 4 = 09009c02
ffff8e67c6eea900 2917947524 C Co:2:005:0 0 4 >
ffff8e67c6eea900 2917947717 S Ii:2:005:3 -115:1 3 <
ffff8e67c6eea900 2917948897 C Ii:2:005:3 0:1 3 = 100000
ffff8e67c6eea900 2917948999 S Ci:2:005:0 s c0 bc 0800 0016 0002 2 <
ffff8e67c6eea900 2917951678 C Ci:2:005:0 0 2 = 0900
ffff8e67c6eea900 2917951812 S Ci:2:005:0 s c0 bc 0900 001c 0002 2 <
ffff8e67c6eea900 2917954414 C Ci:2:005:0 0 2 = 2f6f
ffff8e67c6eea900 2917954608 S Ci:2:005:0 s c0 bc 0800 23be 0002 2 <
ffff8e67c6eea900 2917957033 C Ci:2:005:0 0 2 = 0000
ffff8e67c6eea900 2917957227 S Co:2:005:0 s 40 bc 0900 0014 0002 2 = d09e
ffff8e67c6eea900 2917959838 C Co:2:005:0 0 2 >
ffff8e67c6eea900 2917959965 S Ci:2:005:0 s c0 bc 0900 001c 0002 2 <
ffff8e67c6eea900 2917962568 C Ci:2:005:0 0 2 = 2f6f
ffff8e67c6eea900 2917962719 S Co:2:005:0 s 40 bc 0800 00c0 0002 2 = 20cc
ffff8e67c6eea900 2917965248 C Co:2:005:0 0 2 >
ffff8e67c6eea900 2917965450 S Co:2:005:0 s 40 b9 0000 0000 0004 4 = 09009c02
ffff8e67c6eea900 2917968076 C Co:2:005:0 0 4 >
ffff8e67c6eea900 2917968252 S Ii:2:005:3 -115:1 3 <
ffff8e67c6eea900 2917969422 C Ii:2:005:3 0:1 3 = 100000
ffff8e67c6eea900 2917969491 S Ci:2:005:0 s c0 bc 0800 0016 0002 2 <
ffff8e67c6eea900 2917972223 C Ci:2:005:0 0 2 = 0900
ffff8e67c6eea900 2917972407 S Ci:2:005:0 s c0 bc 0900 001c 0002 2 <
ffff8e67c6eea900 2917974945 C Ci:2:005:0 0 2 = 2f6f
ffff8e67c6eea900 2917975144 S Ci:2:005:0 s c0 bc 0800 23be 0002 2 <
ffff8e67c6eea900 2917977664 C Ci:2:005:0 0 2 = 0000
ffff8e67c6eea900 2917977810 S Co:2:005:0 s 40 bc 0900 0014 0002 2 = d09e
ffff8e67c6eea900 2917980449 C Co:2:005:0 0 2 >
ffff8e67c6eea900 2917980663 S Ci:2:005:0 s c0 bc 0900 001c 0002 2 <
ffff8e67c6eea900 2917983152 C Ci:2:005:0 0 2 = 2f6f
ffff8e67c6eea900 2917983372 S Co:2:005:0 s 40 bc 0800 00c0 0004 4 = 9dcd1e00
ffff8e67c6eea900 2917985954 C Co:2:005:0 0 4 >
ffff8e67c6eea900 2917986060 S Co:2:005:0 s 40 b9 0000 0000 0004 4 = 09006603
ffff8e67c6eea900 2917988675 C Co:2:005:0 0 4 >
ffff8e67c6eea900 2917988782 S Ii:2:005:3 -115:1 3 <
ffff8e67c6eea900 2917989971 C Ii:2:005:3 0:1 3 = 100000
ffff8e67c6eea900 2917990134 S Ci:2:005:0 s c0 bc 0800 0016 0002 2 <
ffff8e67c6eea900 2917992840 C Ci:2:005:0 0 2 = 0900
ffff8e67c6eea900 2917993058 S Ci:2:005:0 s c0 bc 0900 001c 0002 2 <
ffff8e67c6eea900 2917995533 C Ci:2:005:0 0 2 = 2f6f
ffff8e67c6eea900 2917995604 S Ci:2:005:0 s c0 bc 0800 23be 0002 2 <
ffff8e67c6eea900 2917998292 C Ci:2:005:0 0 2 = 0000
ffff8e67c6eea900 2917998426 S Co:2:005:0 s 40 bc 0900 0014 0002 2 = d09e
ffff8e67c6eea900 2918001053 C Co:2:005:0 0 2 >
ffff8e67c6eea900 2918001246 S Ci:2:005:0 s c0 bc 0900 001c 0002 2 <
ffff8e67c6eea900 2918003901 C Ci:2:005:0 0 2 = 2f6f
ffff8e67c6eea900 2918004105 S Co:2:005:0 s 40 b9 0000 0000 0004 4 = 09016601
ffff8e67c6eea900 2918006628 C Co:2:005:0 0 4 >
ffff8e67c6eea900 2918006810 S Ii:2:005:3 -115:1 3 <
ffff8e67c6eea900 2918007938 C Ii:2:005:3 0:1 3 = 100000
ffff8e67c6eea900 2918008115 S Ci:2:005:0 s c0 bc 0800 0016 0002 2 <
ffff8e67c6eea900 2918010691 C Ci:2:005:0 0 2 = 0900
ffff8e67c6eea900 2918011088 S Ci:2:005:0 s c0 bc 0900 001c 0002 2 <
ffff8e67c6eea900 2918013432 C Ci:2:005:0 0 2 = 2f6f
ffff8e67c6eea900 2918013600 S Ci:2:005:0 s c0 bc 0800 23be 0004 4 <
ffff8e67c6eea900 2918016000 C Ci:2:005:0 0 4 = 0000b267
ffff8e67c6eea900 2918016223 S Co:2:005:0 s 40 bc 0800 00c0 0002 2 = 21cc
ffff8e67c6eea900 2918018746 C Co:2:005:0 0 2 >
ffff8e67c6eea900 2918018875 S Co:2:005:0 s 40 b9 0000 0000 0004 4 = 09009c02
ffff8e67c6eea900 2918021523 C Co:2:005:0 0 4 >
ffff8e67c6eea900 2918021693 S Ii:2:005:3 -115:1 3 <
ffff8e67c6eea900 2918022854 C Ii:2:005:3 0:1 3 = 100000
ffff8e67c6eea900 2918022949 S Ci:2:005:0 s c0 bc 0800 0016 0002 2 <
ffff8e67c6eea900 2918025743 C Ci:2:005:0 0 2 = 0900
ffff8e67c6eea900 2918026050 S Ci:2:005:0 s c0 bc 0900 001c 0002 2 <
ffff8e67c6eea900 2918028472 C Ci:2:005:0 0 2 = 2f6f
ffff8e67c6eea900 2918028553 S Ci:2:005:0 s c0 bc 0800 23be 0002 2 <
ffff8e67c6eea900 2918031038 C Ci:2:005:0 0 2 = 0000
ffff8e67c6eea900 2918031235 S Co:2:005:0 s 40 bc 0900 0014 0002 2 = d09e
ffff8e67c6eea900 2918033775 C Co:2:005:0 0 2 >
ffff8e67c6eea900 2918033931 S Ci:2:005:0 s c0 bc 0900 001c 0002 2 <
ffff8e67c6eea900 2918036400 C Ci:2:005:0 0 2 = 2f6f
ffff8e67c6eea900 2918036581 S Co:2:005:0 s 40 bc 0800 00c0 0002 2 = 22ea
ffff8e67c6eea900 2918039054 C Co:2:005:0 0 2 >
ffff8e67c6eea900 2918039247 S Co:2:005:0 s 40 b9 0000 0000 0004 4 = 09009c02
ffff8e67c6eea900 2918041679 C Co:2:005:0 0 4 >
ffff8e67c6eea900 2918041873 S Ii:2:005:3 -115:1 3 <
ffff8e67c6eea900 2918043066 C Ii:2:005:3 0:1 3 = 100000
ffff8e67c6eea900 2918043176 S Ci:2:005:0 s c0 bc 0800 0016 0002 2 <
ffff8e67c6eea900 2918045952 C Ci:2:005:0 0 2 = 0900
ffff8e67c6eea900 2918046114 S Ci:2:005:0 s c0 bc 0900 001c 0002 2 <
ffff8e67c6eea900 2918048653 C Ci:2:005:0 0 2 = 2f6f
ffff8e67c6eea900 2918048848 S Ci:2:005:0 s c0 bc 0800 23be 0002 2 <
ffff8e67c6eea900 2918051196 C Ci:2:005:0 0 2 = 0000
ffff8e67c6eea900 2918051407 S Co:2:005:0 s 40 bc 0900 0014 0002 2 = d09e
ffff8e67c6eea900 2918053903 C Co:2:005:0 0 2 >
ffff8e67c6eea900 2918057252 S Ci:2:005:0 s c0 bc 0900 001c 0002 2 <
ffff8e67c6eea900 2918058775 C Ci:2:005:0 0 2 = 2f6f
ffff8e67c6eea900 2918058848 S Co:2:005:0 s 40 bc 0800 00c0 0002 2 = 27cc
ffff8e67c6eea900 2918061499 C Co:2:005:0 0 2 >
ffff8e67c6eea900 2918061689 S Co:2:005:0 s 40 b9 0000 0000 0004 4 = 09009c02
ffff8e67c6eea900 2918064122 C Co:2:005:0 0 4 >
ffff8e67c6eea900 2918064250 S Ii:2:005:3 -115:1 3 <
ffff8e67c6eea900 2918065521 C Ii:2:005:3 0:1 3 = 100000
ffff8e67c6eea900 2918065593 S Ci:2:005:0 s c0 bc 0800 0016 0002 2 <
ffff8e67c6eea900 2918068146 C Ci:2:005:0 0 2 = 0900
ffff8e67c6eea900 2918068215 S Ci:2:005:0 s c0 bc 0900 001c 0002 2 <
ffff8e67c6eea900 2918070774 C Ci:2:005:0 0 2 = 2f6f
ffff8e67c6eea900 2918071017 S Ci:2:005:0 s c0 bc 0800 23be 0002 2 <
ffff8e67c6eea900 2918073358 C Ci:2:005:0 0 2 = 0000
ffff8e67c6eea900 2918073506 S Co:2:005:0 s 40 bc 0900 0014 0002 2 = d09e
ffff8e67c6eea900 2918076158 C Co:2:005:0 0 2 >
ffff8e67c6eea900 2918076293 S Ci:2:005:0 s c0 bc 0900 001c 0002 2 <
ffff8e67c6eea900 2918078907 C Ci:2:005:0 0 2 = 2f6f
ffff8e67c6eea900 2918079014 S Co:2:005:0 s 40 bc 0800 00c0 0004 4 = 9dcd1100
ffff8e67c6eea900 2918081574 C Co:2:005:0 0 4 >
ffff8e67c6eea900 2918081767 S Co:2:005:0 s 40 b9 0000 0000 0004 4 = 09006603
ffff8e67c6eea900 2918084239 C Co:2:005:0 0 4 >
ffff8e67c6eea900 2918084378 S Ii:2:005:3 -115:1 3 <
ffff8e67c6eea900 2918085571 C Ii:2:005:3 0:1 3 = 100000
ffff8e67c6eea900 2918085810 S Ci:2:005:0 s c0 bc 0800 0016 0002 2 <
ffff8e67c6eea900 2918088374 C Ci:2:005:0 0 2 = 0900
ffff8e67c6eea900 2918088517 S Ci:2:005:0 s c0 bc 0900 001c 0002 2 <
ffff8e67c6eea900 2918091173 C Ci:2:005:0 0 2 = 2f6f
ffff8e67c6eea900 2918091301 S Ci:2:005:0 s c0 bc 0800 23be 0002 2 <
ffff8e67c6eea900 2918093901 C Ci:2:005:0 0 2 = 0000
ffff8e67c6eea900 2918094097 S Co:2:005:0 s 40 bc 0900 0014 0002 2 = d09e
ffff8e67c6eea900 2918096625 C Co:2:005:0 0 2 >
ffff8e67c6eea900 2918096770 S Ci:2:005:0 s c0 bc 0900 001c 0002 2 <
ffff8e67c6eea900 2918099248 C Ci:2:005:0 0 2 = 2f6f
ffff8e67c6eea900 2918099365 S Co:2:005:0 s 40 b9 0000 0000 0004 4 = 09016601
ffff8e67c6eea900 2918101830 C Co:2:005:0 0 4 >
ffff8e67c6eea900 2918102037 S Ii:2:005:3 -115:1 3 <
ffff8e67c6eea900 2918103140 C Ii:2:005:3 0:1 3 = 100000
ffff8e67c6eea900 2918103228 S Ci:2:005:0 s c0 bc 0800 0016 0002 2 <
ffff8e67c6eea900 2918105985 C Ci:2:005:0 0 2 = 0900
ffff8e67c6eea900 2918106103 S Ci:2:005:0 s c0 bc 0900 001c 0002 2 <
ffff8e67c6eea900 2918108745 C Ci:2:005:0 0 2 = 2f6f
ffff8e67c6eea900 2918108819 S Ci:2:005:0 s c0 bc 0800 23be 0004 4 <
ffff8e67c6eea900 2918111481 C Ci:2:005:0 0 4 = 0000b267
ffff8e67c6eea900 2918111627 S Co:2:005:0 s 40 bc 0800 00c0 0002 2 = 2e6d
ffff8e67c6eea900 2918114162 C Co:2:005:0 0 2 >
ffff8e67c6eea900 2918114365 S Co:2:005:0 s 40 b9 0000 0000 0004 4 = 09009c02
ffff8e67c6eea900 2918116991 C Co:2:005:0 0 4 >
ffff8e67c6eea900 2918117114 S Ii:2:005:3 -115:1 3 <
ffff8e67c6eea900 2918118360 C Ii:2:005:3 0:1 3 = 100000
ffff8e67c6eea900 2918118556 S Ci:2:005:0 s c0 bc 0800 0016 0002 2 <
ffff8e67c6eea900 2918121093 C Ci:2:005:0 0 2 = 0900
ffff8e67c6eea900 2918121353 S Ci:2:005:0 s c0 bc 0900 001c 0002 2 <
ffff8e67c6eea900 2918123774 C Ci:2:005:0 0 2 = 2f6f
ffff8e67c6eea900 2918123940 S Ci:2:005:0 s c0 bc 0800 23be 0002 2 <
ffff8e67c6eea900 2918126478 C Ci:2:005:0 0 2 = 0000
ffff8e67c6eea900 2918126674 S Co:2:005:0 s 40 bc 0900 0014 0002 2 = d09e
ffff8e67c6eea900 2918129254 C Co:2:005:0 0 2 >
ffff8e67c6eea900 2918129450 S Ci:2:005:0 s c0 bc 0900 001c 0002 2 <
ffff8e67c6eea900 2918132077 C Ci:2:005:0 0 2 = 2f6f
ffff8e67c6eea900 2918132196 S Co:2:005:0 s 40 bc 0800 00c0 0004 4 = 9989fa00
ffff8e67c6eea900 2918134788 C Co:2:005:0 0 4 >
ffff8e67c6eea900 2918135075 S Co:2:005:0 s 40 b9 0000 0000 0004 4 = 09006603
ffff8e67c6eea900 2918137501 C Co:2:005:0 0 4 >
ffff8e67c6eea900 2918137662 S Ii:2:005:3 -115:1 3 <
ffff8e67c6eea900 2918138832 C Ii:2:005:3 0:1 3 = 100000
ffff8e67c6eea900 2918138944 S Ci:2:005:0 s c0 bc 0800 0016 0002 2 <
ffff8e67c6eea900 2918141619 C Ci:2:005:0 0 2 = 0900
ffff8e67c6eea900 2918141770 S Ci:2:005:0 s c0 bc 0900 001c 0002 2 <
ffff8e67c6eea900 2918144148 C Ci:2:005:0 0 2 = 2f6f
ffff8e67c6eea900 2918144319 S Ci:2:005:0 s c0 bc 0800 23be 0002 2 <
ffff8e67c6eea900 2918147000 C Ci:2:005:0 0 2 = 0000
ffff8e67c6eea900 2918147172 S Co:2:005:0 s 40 bc 0900 0014 0002 2 = d09e
ffff8e67c6eea900 2918149747 C Co:2:005:0 0 2 >
ffff8e67c6eea900 2918149819 S Ci:2:005:0 s c0 bc 0900 001c 0002 2 <
ffff8e67c6eea900 2918152308 C Ci:2:005:0 0 2 = 2f6f
ffff8e67c6eea900 2918152433 S Co:2:005:0 s 40 b9 0000 0000 0004 4 = 09016601
ffff8e67c6eea900 2918155111 C Co:2:005:0 0 4 >
ffff8e67c6eea900 2918155292 S Ii:2:005:3 -115:1 3 <
ffff8e67c6eea900 2918156491 C Ii:2:005:3 0:1 3 = 100000
ffff8e67c6eea900 2918156594 S Ci:2:005:0 s c0 bc 0800 0016 0002 2 <
ffff8e67c6eea900 2918159135 C Ci:2:005:0 0 2 = 0900
ffff8e67c6eea900 2918159240 S Ci:2:005:0 s c0 bc 0900 001c 0002 2 <
ffff8e67c6eea900 2918161786 C Ci:2:005:0 0 2 = 2f6f
ffff8e67c6eea900 2918162042 S Ci:2:005:0 s c0 bc 0800 23be 0004 4 <
ffff8e67c6eea900 2918164520 C Ci:2:005:0 0 4 = 0000a467
ffff8e67c6eea900 2918164616 S Co:2:005:0 s 40 bc 0800 00c0 0004 4 = 9989f900
ffff8e67c6eea900 2918167063 C Co:2:005:0 0 4 >
ffff8e67c6eea900 2918167223 S Co:2:005:0 s 40 b9 0000 0000 0004 4 = 09006603
ffff8e67c6eea900 2918169832 C Co:2:005:0 0 4 >
ffff8e67c6eea900 2918169992 S Ii:2:005:3 -115:1 3 <
ffff8e67c6eea900 2918171198 C Ii:2:005:3 0:1 3 = 100000
ffff8e67c6eea900 2918171297 S Ci:2:005:0 s c0 bc 0800 0016 0002 2 <
ffff8e67c6eea900 2918174026 C Ci:2:005:0 0 2 = 0900
ffff8e67c6eea900 2918174121 S Ci:2:005:0 s c0 bc 0900 001c 0002 2 <
ffff8e67c6eea900 2918176704 C Ci:2:005:0 0 2 = 2f6f
ffff8e67c6eea900 2918176869 S Ci:2:005:0 s c0 bc 0800 23be 0002 2 <
ffff8e67c6eea900 2918179356 C Ci:2:005:0 0 2 = 0000
ffff8e67c6eea900 2918179477 S Co:2:005:0 s 40 bc 0900 0014 0002 2 = d09e
ffff8e67c6eea900 2918182145 C Co:2:005:0 0 2 >
ffff8e67c6eea900 2918182255 S Ci:2:005:0 s c0 bc 0900 001c 0002 2 <
ffff8e67c6eea900 2918184938 C Ci:2:005:0 0 2 = 2f6f
ffff8e67c6eea900 2918185090 S Co:2:005:0 s 40 b9 0000 0000 0004 4 = 09016601
ffff8e67c6eea900 2918187576 C Co:2:005:0 0 4 >
ffff8e67c6eea900 2918187703 S Ii:2:005:3 -115:1 3 <
ffff8e67c6eea900 2918188842 C Ii:2:005:3 0:1 3 = 100000
ffff8e67c6eea900 2918188899 S Ci:2:005:0 s c0 bc 0800 0016 0002 2 <
ffff8e67c6eea900 2918191573 C Ci:2:005:0 0 2 = 0900
ffff8e67c6eea900 2918191729 S Ci:2:005:0 s c0 bc 0900 001c 0002 2 <
ffff8e67c6eea900 2918194129 C Ci:2:005:0 0 2 = 2f6f
ffff8e67c6eea900 2918194317 S Ci:2:005:0 s c0 bc 0800 23be 0004 4 <
ffff8e67c6eea900 2918197039 C Ci:2:005:0 0 4 = 00007f67
ffff8e67c6eea900 2918197236 S Co:2:005:0 s 40 bc 0800 00c0 0004 4 = 9989f800
ffff8e67c6eea900 2918199736 C Co:2:005:0 0 4 >
ffff8e67c6eea900 2918199830 S Co:2:005:0 s 40 b9 0000 0000 0004 4 = 09006603
ffff8e67c6eea900 2918202344 C Co:2:005:0 0 4 >
ffff8e67c6eea900 2918202507 S Ii:2:005:3 -115:1 3 <
ffff8e67c6eea900 2918203649 C Ii:2:005:3 0:1 3 = 100000
ffff8e67c6eea900 2918203743 S Ci:2:005:0 s c0 bc 0800 0016 0002 2 <
ffff8e67c6eea900 2918206507 C Ci:2:005:0 0 2 = 0900
ffff8e67c6eea900 2918206587 S Ci:2:005:0 s c0 bc 0900 001c 0002 2 <
ffff8e67c6eea900 2918209140 C Ci:2:005:0 0 2 = 2f6f
ffff8e67c6eea900 2918209222 S Ci:2:005:0 s c0 bc 0800 23be 0002 2 <
ffff8e67c6eea900 2918211743 C Ci:2:005:0 0 2 = 0000
ffff8e67c6eea900 2918212039 S Co:2:005:0 s 40 bc 0900 0014 0002 2 = d09e
ffff8e67c6eea900 2918214502 C Co:2:005:0 0 2 >
ffff8e67c6eea900 2918214691 S Ci:2:005:0 s c0 bc 0900 001c 0002 2 <
ffff8e67c6eea900 2918217257 C Ci:2:005:0 0 2 = 2f6f
ffff8e67c6eea900 2918217386 S Co:2:005:0 s 40 b9 0000 0000 0004 4 = 09016601
ffff8e67c6eea900 2918219975 C Co:2:005:0 0 4 >
ffff8e67c6eea900 2918220082 S Ii:2:005:3 -115:1 3 <
ffff8e67c6eea900 2918221328 C Ii:2:005:3 0:1 3 = 100000
ffff8e67c6eea900 2918221541 S Ci:2:005:0 s c0 bc 0800 0016 0002 2 <
ffff8e67c6eea900 2918224014 C Ci:2:005:0 0 2 = 0900
ffff8e67c6eea900 2918224105 S Ci:2:005:0 s c0 bc 0900 001c 0002 2 <
ffff8e67c6eea900 2918226745 C Ci:2:005:0 0 2 = 2f6f
ffff8e67c6eea900 2918226853 S Ci:2:005:0 s c0 bc 0800 23be 0004 4 <
ffff8e67c6eea900 2918229300 C Ci:2:005:0 0 4 = 00007867
ffff8e67c6eea900 2918229491 S Co:2:005:0 s 40 bc 0800 00c0 0004 4 = 9989fe00
ffff8e67c6eea900 2918231987 C Co:2:005:0 0 4 >
ffff8e67c6eea900 2918232177 S Co:2:005:0 s 40 b9 0000 0000 0004 4 = 09006603
ffff8e67c6eea900 2918234652 C Co:2:005:0 0 4 >
ffff8e67c6eea900 2918234696 S Ii:2:005:3 -115:1 3 <
ffff8e67c6eea900 2918236045 C Ii:2:005:3 0:1 3 = 100000
ffff8e67c6eea900 2918236196 S Ci:2:005:0 s c0 bc 0800 0016 0002 2 <
ffff8e67c6eea900 2918238891 C Ci:2:005:0 0 2 = 0900
ffff8e67c6eea900 2918239086 S Ci:2:005:0 s c0 bc 0900 001c 0002 2 <
ffff8e67c6eea900 2918241602 C Ci:2:005:0 0 2 = 2f6f
ffff8e67c6eea900 2918241705 S Ci:2:005:0 s c0 bc 0800 23be 0002 2 <
ffff8e67c6eea900 2918244154 C Ci:2:005:0 0 2 = 0000
ffff8e67c6eea900 2918244350 S Co:2:005:0 s 40 bc 0900 0014 0002 2 = d09e
ffff8e67c6eea900 2918246994 C Co:2:005:0 0 2 >
ffff8e67c6eea900 2918247190 S Ci:2:005:0 s c0 bc 0900 001c 0002 2 <
ffff8e67c6eea900 2918249755 C Ci:2:005:0 0 2 = 2f6f
ffff8e67c6eea900 2918249876 S Co:2:005:0 s 40 b9 0000 0000 0004 4 = 09016601
ffff8e67c6eea900 2918252339 C Co:2:005:0 0 4 >
ffff8e67c6eea900 2918252510 S Ii:2:005:3 -115:1 3 <
ffff8e67c6eea900 2918253722 C Ii:2:005:3 0:1 3 = 100000
ffff8e67c6eea900 2918253848 S Ci:2:005:0 s c0 bc 0800 0016 0002 2 <
ffff8e67c6eea900 2918256620 C Ci:2:005:0 0 2 = 0900
ffff8e67c6eea900 2918256693 S Ci:2:005:0 s c0 bc 0900 001c 0002 2 <
ffff8e67c6eea900 2918259219 C Ci:2:005:0 0 2 = 2f6f
ffff8e67c6eea900 2918259416 S Ci:2:005:0 s c0 bc 0800 23be 0004 4 <
ffff8e67c6eea900 2918262014 C Ci:2:005:0 0 4 = 00000e67
ffff8e67c6eea900 2918262216 S Co:2:005:0 s 40 bc 0800 00c0 0002 2 = 0588
ffff8e67c6eea900 2918264683 C Co:2:005:0 0 2 >
ffff8e67c6eea900 2918264871 S Co:2:005:0 s 40 b9 0000 0000 0004 4 = 09009802
ffff8e67c6eea900 2918267343 C Co:2:005:0 0 4 >
ffff8e67c6eea900 2918267508 S Ii:2:005:3 -115:1 3 <
ffff8e67c6eea900 2918268677 C Ii:2:005:3 0:1 3 = 100000
ffff8e67c6eea900 2918268782 S Ci:2:005:0 s c0 bc 0800 0016 0002 2 <
ffff8e67c6eea900 2918271493 C Ci:2:005:0 0 2 = 0900
ffff8e67c6eea900 2918271659 S Ci:2:005:0 s c0 bc 0900 001c 0002 2 <
ffff8e67c6eea900 2918274122 C Ci:2:005:0 0 2 = 2f6f
ffff8e67c6eea900 2918274251 S Ci:2:005:0 s c0 bc 0800 23be 0002 2 <
ffff8e67c6eea900 2918276743 C Ci:2:005:0 0 2 = 0000
ffff8e67c6eea900 2918276973 S Co:2:005:0 s 40 bc 0900 0014 0002 2 = d09e
ffff8e67c6eea900 2918279472 C Co:2:005:0 0 2 >
ffff8e67c6eea900 2918279651 S Ci:2:005:0 s c0 bc 0900 001c 0002 2 <
ffff8e67c6eea900 2918282118 C Ci:2:005:0 0 2 = 2f6f
ffff8e67c6eea900 2918282250 S Co:2:005:0 s 40 bc 0800 00c0 0002 2 = 04b5
ffff8e67c6eea900 2918284768 C Co:2:005:0 0 2 >
ffff8e67c6eea900 2918284978 S Co:2:005:0 s 40 b9 0000 0000 0004 4 = 09009802
ffff8e67c6eea900 2918287489 C Co:2:005:0 0 4 >
ffff8e67c6eea900 2918287681 S Ii:2:005:3 -115:1 3 <
ffff8e67c6eea900 2918288744 C Ii:2:005:3 0:1 3 = 100000
ffff8e67c6eea900 2918288828 S Ci:2:005:0 s c0 bc 0800 0016 0002 2 <
ffff8e67c6eea900 2918291613 C Ci:2:005:0 0 2 = 0900
ffff8e67c6eea900 2918291733 S Ci:2:005:0 s c0 bc 0900 001c 0002 2 <
ffff8e67c6eea900 2918294243 C Ci:2:005:0 0 2 = 2f6f
ffff8e67c6eea900 2918294371 S Ci:2:005:0 s c0 bc 0800 23be 0002 2 <
ffff8e67c6eea900 2918296989 C Ci:2:005:0 0 2 = 0000
ffff8e67c6eea900 2918297190 S Co:2:005:0 s 40 bc 0900 0014 0002 2 = d09e
ffff8e67c6eea900 2918299691 C Co:2:005:0 0 2 >
ffff8e67c6eea900 2918299888 S Ci:2:005:0 s c0 bc 0900 001c 0002 2 <
ffff8e67c6eea900 2918302364 C Ci:2:005:0 0 2 = 2f6f
ffff8e67c6eea900 2918302448 S Co:2:005:0 s 40 bc 0800 00c0 0002 2 = 0495
ffff8e67c6eea900 2918305101 C Co:2:005:0 0 2 >
ffff8e67c6eea900 2918305203 S Co:2:005:0 s 40 b9 0000 0000 0004 4 = 09009802
ffff8e67c6eea900 2918307777 C Co:2:005:0 0 4 >
ffff8e67c6eea900 2918307841 S Ii:2:005:3 -115:1 3 <
ffff8e67c6eea900 2918309053 C Ii:2:005:3 0:1 3 = 100000
ffff8e67c6eea900 2918309224 S Ci:2:005:0 s c0 bc 0800 0016 0002 2 <
ffff8e67c6eea900 2918311846 C Ci:2:005:0 0 2 = 0900
ffff8e67c6eea900 2918311959 S Ci:2:005:0 s c0 bc 0900 001c 0002 2 <
ffff8e67c6eea900 2918314586 C Ci:2:005:0 0 2 = 2f6f
ffff8e67c6eea900 2918314738 S Ci:2:005:0 s c0 bc 0800 23be 0002 2 <
ffff8e67c6eea900 2918317307 C Ci:2:005:0 0 2 = 0000
ffff8e67c6eea900 2918317506 S Co:2:005:0 s 40 bc 0900 0014 0002 2 = d09e
ffff8e67c6eea900 2918319984 C Co:2:005:0 0 2 >
ffff8e67c6eea900 2918320150 S Ci:2:005:0 s c0 bc 0900 001c 0002 2 <
ffff8e67c6eea900 2918322703 C Ci:2:005:0 0 2 = 2f6f
ffff8e67c6eea900 2918322896 S Co:2:005:0 s 40 bc 0800 00c0 0002 2 = 61b8
ffff8e67c6eea900 2918325329 C Co:2:005:0 0 2 >
ffff8e67c6eea900 2918325521 S Co:2:005:0 s 40 b9 0000 0000 0004 4 = 09009802
ffff8e67c6eea900 2918328114 C Co:2:005:0 0 4 >
ffff8e67c6eea900 2918328243 S Ii:2:005:3 -115:1 3 <
ffff8e67c6eea900 2918329453 C Ii:2:005:3 0:1 3 = 100000
ffff8e67c6eea900 2918329635 S Ci:2:005:0 s c0 bc 0800 0016 0002 2 <
ffff8e67c6eea900 2918332123 C Ci:2:005:0 0 2 = 0900
ffff8e67c6eea900 2918332233 S Ci:2:005:0 s c0 bc 0900 001c 0002 2 <
ffff8e67c6eea900 2918334885 C Ci:2:005:0 0 2 = 2f6f
ffff8e67c6eea900 2918335056 S Ci:2:005:0 s c0 bc 0800 23be 0002 2 <
ffff8e67c6eea900 2918337493 C Ci:2:005:0 0 2 = 0000
ffff8e67c6eea900 2918337622 S Co:2:005:0 s 40 bc 0900 0014 0002 2 = d09e
ffff8e67c6eea900 2918340092 C Co:2:005:0 0 2 >
ffff8e67c6eea900 2918340274 S Ci:2:005:0 s c0 bc 0900 001c 0002 2 <
ffff8e67c6eea900 2918342711 C Ci:2:005:0 0 2 = 2f6f
ffff8e67c6eea900 2918342900 S Co:2:005:0 s 40 bc 0800 00c0 0002 2 = 093a
ffff8e67c6eea900 2918345282 C Co:2:005:0 0 2 >
ffff8e67c6eea900 2918345467 S Co:2:005:0 s 40 b9 0000 0000 0004 4 = 09009802
ffff8e67c6eea900 2918347946 C Co:2:005:0 0 4 >
ffff8e67c6eea900 2918348130 S Ii:2:005:3 -115:1 3 <
ffff8e67c6eea900 2918349335 C Ii:2:005:3 0:1 3 = 100000
ffff8e67c6eea900 2918349438 S Ci:2:005:0 s c0 bc 0800 0016 0002 2 <
ffff8e67c6eea900 2918352089 C Ci:2:005:0 0 2 = 0900
ffff8e67c6eea900 2918352205 S Ci:2:005:0 s c0 bc 0900 001c 0002 2 <
ffff8e67c6eea900 2918354779 C Ci:2:005:0 0 2 = 2f6f
ffff8e67c6eea900 2918354995 S Ci:2:005:0 s c0 bc 0800 23be 0002 2 <
ffff8e67c6eea900 2918357556 C Ci:2:005:0 0 2 = 0000
ffff8e67c6eea900 2918357733 S Co:2:005:0 s 40 bc 0900 0014 0002 2 = d09e
ffff8e67c6eea900 2918360221 C Co:2:005:0 0 2 >
ffff8e67c6eea900 2918360289 S Ci:2:005:0 s c0 bc 0900 001c 0002 2 <
ffff8e67c6eea900 2918363008 C Ci:2:005:0 0 2 = 2f6f
ffff8e67c6eea900 2918363200 S Co:2:005:0 s 40 bc 0800 00c0 0002 2 = 0a70
ffff8e67c6eea900 2918365741 C Co:2:005:0 0 2 >
ffff8e67c6eea900 2918365904 S Co:2:005:0 s 40 b9 0000 0000 0004 4 = 09009802
ffff8e67c6eea900 2918368463 C Co:2:005:0 0 4 >
ffff8e67c6eea900 2918368668 S Ii:2:005:3 -115:1 3 <
ffff8e67c6eea900 2918369830 C Ii:2:005:3 0:1 3 = 100000
ffff8e67c6eea900 2918370015 S Ci:2:005:0 s c0 bc 0800 0016 0002 2 <
ffff8e67c6eea900 2918372637 C Ci:2:005:0 0 2 = 0900
ffff8e67c6eea900 2918372838 S Ci:2:005:0 s c0 bc 0900 001c 0002 2 <
ffff8e67c6eea900 2918375400 C Ci:2:005:0 0 2 = 2f6f
ffff8e67c6eea900 2918375473 S Ci:2:005:0 s c0 bc 0800 23be 0002 2 <
ffff8e67c6eea900 2918378002 C Ci:2:005:0 0 2 = 0000
ffff8e67c6eea900 2918378201 S Co:2:005:0 s 40 bc 0900 0014 0002 2 = d09e
ffff8e67c6eea900 2918380740 C Co:2:005:0 0 2 >
ffff8e67c6eea900 2918380935 S Ci:2:005:0 s c0 bc 0900 001c 0002 2 <
ffff8e67c6eea900 2918383499 C Ci:2:005:0 0 2 = 2f6f
ffff8e67c6eea900 2918383573 S Co:2:005:0 s 40 bc 0800 00c0 0002 2 = 0bbf
ffff8e67c6eea900 2918386199 C Co:2:005:0 0 2 >
ffff8e67c6eea900 2918386393 S Co:2:005:0 s 40 b9 0000 0000 0004 4 = 09009802
ffff8e67c6eea900 2918389006 C Co:2:005:0 0 4 >
ffff8e67c6eea900 2918389107 S Ii:2:005:3 -115:1 3 <
ffff8e67c6eea900 2918390366 C Ii:2:005:3 0:1 3 = 100000
ffff8e67c6eea900 2918390495 S Ci:2:005:0 s c0 bc 0800 0016 0002 2 <
ffff8e67c6eea900 2918393129 C Ci:2:005:0 0 2 = 0900
ffff8e67c6eea900 2918393317 S Ci:2:005:0 s c0 bc 0900 001c 0002 2 <
ffff8e67c6eea900 2918395892 C Ci:2:005:0 0 2 = 2f6f
ffff8e67c6eea900 2918396062 S Ci:2:005:0 s c0 bc 0800 23be 0002 2 <
ffff8e67c6eea900 2918398581 C Ci:2:005:0 0 2 = 0000
ffff8e67c6eea900 2918398766 S Co:2:005:0 s 40 bc 0900 0014 0002 2 = d09e
ffff8e67c6eea900 2918401336 C Co:2:005:0 0 2 >
ffff8e67c6eea900 2918401523 S Ci:2:005:0 s c0 bc 0900 001c 0002 2 <
ffff8e67c6eea900 2918404148 C Ci:2:005:0 0 2 = 2f6f
ffff8e67c6eea900 2918404250 S Co:2:005:0 s 40 bc 0800 00c0 0002 2 = c988
ffff8e67c6eea900 2918406843 C Co:2:005:0 0 2 >
ffff8e67c6eea900 2918407069 S Co:2:005:0 s 40 b9 0000 0000 0004 4 = 09009802
ffff8e67c6eea900 2918409580 C Co:2:005:0 0 4 >
ffff8e67c6eea900 2918409771 S Ii:2:005:3 -115:1 3 <
ffff8e67c6eea900 2918410973 C Ii:2:005:3 0:1 3 = 100000
ffff8e67c6eea900 2918411066 S Ci:2:005:0 s c0 bc 0800 0016 0002 2 <
ffff8e67c6eea900 2918413742 C Ci:2:005:0 0 2 = 0900
ffff8e67c6eea900 2918416143 S Ci:2:005:0 s c0 bc 0900 001c 0002 2 <
ffff8e67c6eea900 2918418700 C Ci:2:005:0 0 2 = 2f6f
ffff8e67c6eea900 2918418918 S Ci:2:005:0 s c0 bc 0800 23be 0002 2 <
ffff8e67c6eea900 2918421435 C Ci:2:005:0 0 2 = 0000
ffff8e67c6eea900 2918421620 S Co:2:005:0 s 40 bc 0900 0014 0002 2 = d09e
ffff8e67c6eea900 2918424215 C Co:2:005:0 0 2 >
ffff8e67c6eea900 2918424337 S Ci:2:005:0 s c0 bc 0900 001c 0002 2 <
ffff8e67c6eea900 2918426873 C Ci:2:005:0 0 2 = 2f6f
ffff8e67c6eea900 2918427077 S Co:2:005:0 s 40 bc 0800 00c0 0002 2 = ca88
ffff8e67c6eea900 2918429559 C Co:2:005:0 0 2 >
ffff8e67c6eea900 2918429729 S Co:2:005:0 s 40 b9 0000 0000 0004 4 = 09009802
ffff8e67c6eea900 2918432196 C Co:2:005:0 0 4 >
ffff8e67c6eea900 2918432297 S Ii:2:005:3 -115:1 3 <
ffff8e67c6eea900 2918433555 C Ii:2:005:3 0:1 3 = 100000
ffff8e67c6eea900 2918433770 S Ci:2:005:0 s c0 bc 0800 0016 0002 2 <
ffff8e67c6eea900 2918436357 C Ci:2:005:0 0 2 = 0900
ffff8e67c6eea900 2918436463 S Ci:2:005:0 s c0 bc 0900 001c 0002 2 <
ffff8e67c6eea900 2918439132 C Ci:2:005:0 0 2 = 2f6f
ffff8e67c6eea900 2918439344 S Ci:2:005:0 s c0 bc 0800 23be 0002 2 <
ffff8e67c6eea900 2918441825 C Ci:2:005:0 0 2 = 0000
ffff8e67c6eea900 2918442001 S Co:2:005:0 s 40 bc 0900 0014 0002 2 = d09e
ffff8e67c6eea900 2918444557 C Co:2:005:0 0 2 >
ffff8e67c6eea900 2918444712 S Ci:2:005:0 s c0 bc 0900 001c 0002 2 <
ffff8e67c6eea900 2918447374 C Ci:2:005:0 0 2 = 2f6f
ffff8e67c6eea900 2918447556 S Co:2:005:0 s 40 bc 0800 00c0 0002 2 = cb88
ffff8e67c6eea900 2918450058 C Co:2:005:0 0 2 >
ffff8e67c6eea900 2918450248 S Co:2:005:0 s 40 b9 0000 0000 0004 4 = 09009802
ffff8e67c6eea900 2918452844 C Co:2:005:0 0 4 >
ffff8e67c6eea900 2918453038 S Ii:2:005:3 -115:1 3 <
ffff8e67c6eea900 2918454208 C Ii:2:005:3 0:1 3 = 100000
ffff8e67c6eea900 2918454303 S Ci:2:005:0 s c0 bc 0800 0016 0002 2 <
ffff8e67c6eea900 2918456937 C Ci:2:005:0 0 2 = 0900
ffff8e67c6eea900 2918457105 S Ci:2:005:0 s c0 bc 0900 001c 0002 2 <
ffff8e67c6eea900 2918459707 C Ci:2:005:0 0 2 = 2f6f
ffff8e67c6eea900 2918459898 S Ci:2:005:0 s c0 bc 0800 23be 0002 2 <
ffff8e67c6eea900 2918462469 C Ci:2:005:0 0 2 = 0000
ffff8e67c6eea900 2918462671 S Co:2:005:0 s 40 bc 0900 0014 0002 2 = d09e
ffff8e67c6eea900 2918465216 C Co:2:005:0 0 2 >
ffff8e67c6eea900 2918465346 S Ci:2:005:0 s c0 bc 0900 001c 0002 2 <
ffff8e67c6eea900 2918468030 C Ci:2:005:0 0 2 = 2f6f
ffff8e67c6eea900 2918468174 S Co:2:005:0 s 40 bc 0800 00c0 0002 2 = cc88
ffff8e67c6eea900 2918470743 C Co:2:005:0 0 2 >
ffff8e67c6eea900 2918470955 S Co:2:005:0 s 40 b9 0000 0000 0004 4 = 09009802
ffff8e67c6eea900 2918473502 C Co:2:005:0 0 4 >
ffff8e67c6eea900 2918473690 S Ii:2:005:3 -115:1 3 <
ffff8e67c6eea900 2918474813 C Ii:2:005:3 0:1 3 = 100000
ffff8e67c6eea900 2918475026 S Ci:2:005:0 s c0 bc 0800 0016 0002 2 <
ffff8e67c6eea900 2918477592 C Ci:2:005:0 0 2 = 0900
ffff8e67c6eea900 2918477675 S Ci:2:005:0 s c0 bc 0900 001c 0002 2 <
ffff8e67c6eea900 2918480357 C Ci:2:005:0 0 2 = 2f6f
ffff8e67c6eea900 2918480550 S Ci:2:005:0 s c0 bc 0800 23be 0002 2 <
ffff8e67c6eea900 2918482994 C Ci:2:005:0 0 2 = 0000
ffff8e67c6eea900 2918483182 S Co:2:005:0 s 40 bc 0900 0014 0002 2 = d09e
ffff8e67c6eea900 2918485683 C Co:2:005:0 0 2 >
ffff8e67c6eea900 2918485843 S Ci:2:005:0 s c0 bc 0900 001c 0002 2 <
ffff8e67c6eea900 2918488480 C Ci:2:005:0 0 2 = 2f6f
ffff8e67c6eea900 2918488581 S Co:2:005:0 s 40 bc 0800 00c0 0002 2 = cd88
ffff8e67c6eea900 2918491279 C Co:2:005:0 0 2 >
ffff8e67c6eea900 2918491357 S Co:2:005:0 s 40 b9 0000 0000 0004 4 = 09009802
ffff8e67c6eea900 2918494012 C Co:2:005:0 0 4 >
ffff8e67c6eea900 2918494168 S Ii:2:005:3 -115:1 3 <
ffff8e67c6eea900 2918495358 C Ii:2:005:3 0:1 3 = 100000
ffff8e67c6eea900 2918495516 S Ci:2:005:0 s c0 bc 0800 0016 0002 2 <
ffff8e67c6eea900 2918498114 C Ci:2:005:0 0 2 = 0900
ffff8e67c6eea900 2918498207 S Ci:2:005:0 s c0 bc 0900 001c 0002 2 <
ffff8e67c6eea900 2918500961 C Ci:2:005:0 0 2 = 2f6f
ffff8e67c6eea900 2918501086 S Ci:2:005:0 s c0 bc 0800 23be 0002 2 <
ffff8e67c6eea900 2918503570 C Ci:2:005:0 0 2 = 0000
ffff8e67c6eea900 2918503730 S Co:2:005:0 s 40 bc 0900 0014 0002 2 = d09e
ffff8e67c6eea900 2918506453 C Co:2:005:0 0 2 >
ffff8e67c6eea900 2918506610 S Ci:2:005:0 s c0 bc 0900 001c 0002 2 <
ffff8e67c6eea900 2918509228 C Ci:2:005:0 0 2 = 2f6f
ffff8e67c6eea900 2918509383 S Co:2:005:0 s 40 bc 0800 00c0 0002 2 = ce88
ffff8e67c6eea900 2918511845 C Co:2:005:0 0 2 >
ffff8e67c6eea900 2918512096 S Co:2:005:0 s 40 b9 0000 0000 0004 4 = 09009802
ffff8e67c6eea900 2918514526 C Co:2:005:0 0 4 >
ffff8e67c6eea900 2918514623 S Ii:2:005:3 -115:1 3 <
ffff8e67c6eea900 2918515856 C Ii:2:005:3 0:1 3 = 100000
ffff8e67c6eea900 2918515947 S Ci:2:005:0 s c0 bc 0800 0016 0002 2 <
ffff8e67c6eea900 2918518478 C Ci:2:005:0 0 2 = 0900
ffff8e67c6eea900 2918518644 S Ci:2:005:0 s c0 bc 0900 001c 0002 2 <
ffff8e67c6eea900 2918521163 C Ci:2:005:0 0 2 = 2f6f
ffff8e67c6eea900 2918521338 S Ci:2:005:0 s c0 bc 0800 23be 0002 2 <
ffff8e67c6eea900 2918524041 C Ci:2:005:0 0 2 = 0000
ffff8e67c6eea900 2918524202 S Co:2:005:0 s 40 bc 0900 0014 0002 2 = d09e
ffff8e67c6eea900 2918526771 C Co:2:005:0 0 2 >
ffff8e67c6eea900 2918526873 S Ci:2:005:0 s c0 bc 0900 001c 0002 2 <
ffff8e67c6eea900 2918529542 C Ci:2:005:0 0 2 = 2f6f
ffff8e67c6eea900 2918529707 S Co:2:005:0 s 40 bc 0800 00c0 0002 2 = cf88
ffff8e67c6eea900 2918532271 C Co:2:005:0 0 2 >
ffff8e67c6eea900 2918532387 S Co:2:005:0 s 40 b9 0000 0000 0004 4 = 09009802
ffff8e67c6eea900 2918534741 C Co:2:005:0 0 4 >
ffff8e67c6eea900 2918534828 S Ii:2:005:3 -115:1 3 <
ffff8e67c6eea900 2918536027 C Ii:2:005:3 0:1 3 = 100000
ffff8e67c6eea900 2918536141 S Ci:2:005:0 s c0 bc 0800 0016 0002 2 <
ffff8e67c6eea900 2918538781 C Ci:2:005:0 0 2 = 0900
ffff8e67c6eea900 2918538913 S Ci:2:005:0 s c0 bc 0900 001c 0002 2 <
ffff8e67c6eea900 2918541388 C Ci:2:005:0 0 2 = 2f6f
ffff8e67c6eea900 2918541499 S Ci:2:005:0 s c0 bc 0800 23be 0002 2 <
ffff8e67c6eea900 2918544021 C Ci:2:005:0 0 2 = 0000
ffff8e67c6eea900 2918544135 S Co:2:005:0 s 40 bc 0900 0014 0002 2 = d09e
ffff8e67c6eea900 2918546672 C Co:2:005:0 0 2 >
ffff8e67c6eea900 2918546848 S Ci:2:005:0 s c0 bc 0900 001c 0002 2 <
ffff8e67c6eea900 2918549332 C Ci:2:005:0 0 2 = 2f6f
ffff8e67c6eea900 2918549451 S Co:2:005:0 s 40 bc 0800 00c0 0002 2 = d088
ffff8e67c6eea900 2918552030 C Co:2:005:0 0 2 >
ffff8e67c6eea900 2918552166 S Co:2:005:0 s 40 b9 0000 0000 0004 4 = 09009802
ffff8e67c6eea900 2918554779 C Co:2:005:0 0 4 >
ffff8e67c6eea900 2918554894 S Ii:2:005:3 -115:1 3 <
ffff8e67c6eea900 2918556075 C Ii:2:005:3 0:1 3 = 100000
ffff8e67c6eea900 2918556271 S Ci:2:005:0 s c0 bc 0800 0016 0002 2 <
ffff8e67c6eea900 2918558981 C Ci:2:005:0 0 2 = 0900
ffff8e67c6eea900 2918559126 S Ci:2:005:0 s c0 bc 0900 001c 0002 2 <
ffff8e67c6eea900 2918561806 C Ci:2:005:0 0 2 = 2f6f
ffff8e67c6eea900 2918562086 S Ci:2:005:0 s c0 bc 0800 23be 0002 2 <
ffff8e67c6eea900 2918564563 C Ci:2:005:0 0 2 = 0000
ffff8e67c6eea900 2918564752 S Co:2:005:0 s 40 bc 0900 0014 0002 2 = d09e
ffff8e67c6eea900 2918567294 C Co:2:005:0 0 2 >
ffff8e67c6eea900 2918567488 S Ci:2:005:0 s c0 bc 0900 001c 0002 2 <
ffff8e67c6eea900 2918570135 C Ci:2:005:0 0 2 = 2f6f
ffff8e67c6eea900 2918570218 S Co:2:005:0 s 40 bc 0800 00c0 0004 4 = 21017200
ffff8e67c6eea900 2918572820 C Co:2:005:0 0 4 >
ffff8e67c6eea900 2918573003 S Co:2:005:0 s 40 b9 0000 0000 0004 4 = 09006603
ffff8e67c6eea900 2918575551 C Co:2:005:0 0 4 >
ffff8e67c6eea900 2918575767 S Ii:2:005:3 -115:1 3 <
ffff8e67c6eea900 2918576865 C Ii:2:005:3 0:1 3 = 100000
ffff8e67c6eea900 2918577098 S Ci:2:005:0 s c0 bc 0800 0016 0002 2 <
ffff8e67c6eea900 2918579654 C Ci:2:005:0 0 2 = 0900
ffff8e67c6eea900 2918580084 S Ci:2:005:0 s c0 bc 0900 001c 0002 2 <
ffff8e67c6eea900 2918582426 C Ci:2:005:0 0 2 = 2f6f
ffff8e67c6eea900 2918582638 S Ci:2:005:0 s c0 bc 0800 23be 0002 2 <
ffff8e67c6eea900 2918585176 C Ci:2:005:0 0 2 = 0000
ffff8e67c6eea900 2918585408 S Co:2:005:0 s 40 bc 0900 0014 0002 2 = d09e
ffff8e67c6eea900 2918587943 C Co:2:005:0 0 2 >
ffff8e67c6eea900 2918588187 S Ci:2:005:0 s c0 bc 0900 001c 0002 2 <
ffff8e67c6eea900 2918590672 C Ci:2:005:0 0 2 = 2f6f
ffff8e67c6eea900 2918590871 S Co:2:005:0 s 40 b9 0000 0000 0004 4 = 09016601
ffff8e67c6eea900 2918593388 C Co:2:005:0 0 4 >
ffff8e67c6eea900 2918593580 S Ii:2:005:3 -115:1 3 <
ffff8e67c6eea900 2918594738 C Ii:2:005:3 0:1 3 = 100000
ffff8e67c6eea900 2918595061 S Ci:2:005:0 s c0 bc 0800 0016 0002 2 <
ffff8e67c6eea900 2918597571 C Ci:2:005:0 0 2 = 0900
ffff8e67c6eea900 2918597857 S Ci:2:005:0 s c0 bc 0900 001c 0002 2 <
ffff8e67c6eea900 2918600307 C Ci:2:005:0 0 2 = 2f6f
ffff8e67c6eea900 2918600478 S Ci:2:005:0 s c0 bc 0800 23be 0004 4 <
ffff8e67c6eea900 2918603078 C Ci:2:005:0 0 4 = 0000f467
ffff8e67c6eea900 2918603316 S Co:2:005:0 s 40 bc 0800 00c0 0004 4 = 20026300
ffff8e67c6eea900 2918605823 C Co:2:005:0 0 4 >
ffff8e67c6eea900 2918605985 S Co:2:005:0 s 40 b9 0000 0000 0004 4 = 09006603
ffff8e67c6eea900 2918608549 C Co:2:005:0 0 4 >
ffff8e67c6eea900 2918608803 S Ii:2:005:3 -115:1 3 <
ffff8e67c6eea900 2918609872 C Ii:2:005:3 0:1 3 = 100000
ffff8e67c6eea900 2918610040 S Ci:2:005:0 s c0 bc 0800 0016 0002 2 <
ffff8e67c6eea900 2918612672 C Ci:2:005:0 0 2 = 0900
ffff8e67c6eea900 2918613045 S Ci:2:005:0 s c0 bc 0900 001c 0002 2 <
ffff8e67c6eea900 2918615398 C Ci:2:005:0 0 2 = 2f6f
ffff8e67c6eea900 2918615621 S Ci:2:005:0 s c0 bc 0800 23be 0002 2 <
ffff8e67c6eea900 2918618170 C Ci:2:005:0 0 2 = 0000
ffff8e67c6eea900 2918618393 S Co:2:005:0 s 40 bc 0900 0014 0002 2 = d09e
ffff8e67c6eea900 2918620927 C Co:2:005:0 0 2 >
ffff8e67c6eea900 2918621110 S Ci:2:005:0 s c0 bc 0900 001c 0002 2 <
ffff8e67c6eea900 2918623681 C Ci:2:005:0 0 2 = 2f6f
ffff8e67c6eea900 2918623901 S Co:2:005:0 s 40 bc 0800 00c0 0004 4 = 20036300
ffff8e67c6eea900 2918626381 C Co:2:005:0 0 4 >
ffff8e67c6eea900 2918626616 S Co:2:005:0 s 40 b9 0000 0000 0004 4 = 09006603
ffff8e67c6eea900 2918629145 C Co:2:005:0 0 4 >
ffff8e67c6eea900 2918629313 S Ii:2:005:3 -115:1 3 <
ffff8e67c6eea900 2918630509 C Ii:2:005:3 0:1 3 = 100000
ffff8e67c6eea900 2918630677 S Ci:2:005:0 s c0 bc 0800 0016 0002 2 <
ffff8e67c6eea900 2918633388 C Ci:2:005:0 0 2 = 0900
ffff8e67c6eea900 2918633578 S Ci:2:005:0 s c0 bc 0900 001c 0002 2 <
ffff8e67c6eea900 2918636159 C Ci:2:005:0 0 2 = 2f6f
ffff8e67c6eea900 2918636352 S Ci:2:005:0 s c0 bc 0800 23be 0002 2 <
ffff8e67c6eea900 2918638925 C Ci:2:005:0 0 2 = 0000
ffff8e67c6eea900 2918639126 S Co:2:005:0 s 40 bc 0900 0014 0002 2 = d09e
ffff8e67c6eea900 2918641797 C Co:2:005:0 0 2 >
ffff8e67c6eea900 2918641953 S Ci:2:005:0 s c0 bc 0900 001c 0002 2 <
ffff8e67c6eea900 2918644511 C Ci:2:005:0 0 2 = 2f6f
ffff8e67c6eea900 2918644658 S Co:2:005:0 s 40 bc 0800 00c0 0004 4 = 20047700
ffff8e67c6eea900 2918647270 C Co:2:005:0 0 4 >
ffff8e67c6eea900 2918647401 S Co:2:005:0 s 40 b9 0000 0000 0004 4 = 09006603
ffff8e67c6eea900 2918650036 C Co:2:005:0 0 4 >
ffff8e67c6eea900 2918650286 S Ii:2:005:3 -115:1 3 <
ffff8e67c6eea900 2918651315 C Ii:2:005:3 0:1 3 = 100000
ffff8e67c6eea900 2918651519 S Ci:2:005:0 s c0 bc 0800 0016 0002 2 <
ffff8e67c6eea900 2918653999 C Ci:2:005:0 0 2 = 0900
ffff8e67c6eea900 2918654157 S Ci:2:005:0 s c0 bc 0900 001c 0002 2 <
ffff8e67c6eea900 2918656778 C Ci:2:005:0 0 2 = 2f6f
ffff8e67c6eea900 2918657050 S Ci:2:005:0 s c0 bc 0800 23be 0002 2 <
ffff8e67c6eea900 2918659519 C Ci:2:005:0 0 2 = 0000
ffff8e67c6eea900 2918659728 S Co:2:005:0 s 40 bc 0900 0014 0002 2 = d09e
ffff8e67c6eea900 2918662239 C Co:2:005:0 0 2 >
ffff8e67c6eea900 2918662438 S Ci:2:005:0 s c0 bc 0900 001c 0002 2 <
ffff8e67c6eea900 2918665027 C Ci:2:005:0 0 2 = 2f6f
ffff8e67c6eea900 2918665223 S Co:2:005:0 s 40 bc 0800 00c0 0004 4 = 20057300
ffff8e67c6eea900 2918667764 C Co:2:005:0 0 4 >
ffff8e67c6eea900 2918668018 S Co:2:005:0 s 40 b9 0000 0000 0004 4 = 09006603
ffff8e67c6eea900 2918670446 C Co:2:005:0 0 4 >
ffff8e67c6eea900 2918670638 S Ii:2:005:3 -115:1 3 <
ffff8e67c6eea900 2918671827 C Ii:2:005:3 0:1 3 = 100000
ffff8e67c6eea900 2918672001 S Ci:2:005:0 s c0 bc 0800 0016 0002 2 <
ffff8e67c6eea900 2918674619 C Ci:2:005:0 0 2 = 0900
ffff8e67c6eea900 2918674747 S Ci:2:005:0 s c0 bc 0900 001c 0002 2 <
ffff8e67c6eea900 2918677360 C Ci:2:005:0 0 2 = 2f6f
ffff8e67c6eea900 2918677527 S Ci:2:005:0 s c0 bc 0800 23be 0002 2 <
ffff8e67c6eea900 2918680117 C Ci:2:005:0 0 2 = 0000
ffff8e67c6eea900 2918680271 S Co:2:005:0 s 40 bc 0900 0014 0002 2 = d09e
ffff8e67c6eea900 2918682876 C Co:2:005:0 0 2 >
ffff8e67c6eea900 2918683064 S Ci:2:005:0 s c0 bc 0900 001c 0002 2 <
ffff8e67c6eea900 2918685615 C Ci:2:005:0 0 2 = 2f6f
ffff8e67c6eea900 2918685831 S Co:2:005:0 s 40 bc 0800 00c0 0004 4 = 20067300
ffff8e67c6eea900 2918688362 C Co:2:005:0 0 4 >
ffff8e67c6eea900 2918688545 S Co:2:005:0 s 40 b9 0000 0000 0004 4 = 09006603
ffff8e67c6eea900 2918690981 C Co:2:005:0 0 4 >
ffff8e67c6eea900 2918691157 S Ii:2:005:3 -115:1 3 <
ffff8e67c6eea900 2918692321 C Ii:2:005:3 0:1 3 = 100000
ffff8e67c6eea900 2918692438 S Ci:2:005:0 s c0 bc 0800 0016 0002 2 <
ffff8e67c6eea900 2918694988 C Ci:2:005:0 0 2 = 0900
ffff8e67c6eea900 2918695173 S Ci:2:005:0 s c0 bc 0900 001c 0002 2 <
ffff8e67c6eea900 2918697759 C Ci:2:005:0 0 2 = 2f6f
ffff8e67c6eea900 2918697880 S Ci:2:005:0 s c0 bc 0800 23be 0002 2 <
ffff8e67c6eea900 2918700423 C Ci:2:005:0 0 2 = 0000
ffff8e67c6eea900 2918700547 S Co:2:005:0 s 40 bc 0900 0014 0002 2 = d09e
ffff8e67c6eea900 2918703126 C Co:2:005:0 0 2 >
ffff8e67c6eea900 2918703309 S Ci:2:005:0 s c0 bc 0900 001c 0002 2 <
ffff8e67c6eea900 2918705888 C Ci:2:005:0 0 2 = 2f6f
ffff8e67c6eea900 2918706083 S Co:2:005:0 s 40 bc 0800 00c0 0004 4 = 20073300
ffff8e67c6eea900 2918708587 C Co:2:005:0 0 4 >
ffff8e67c6eea900 2918708748 S Co:2:005:0 s 40 b9 0000 0000 0004 4 = 09006603
ffff8e67c6eea900 2918711209 C Co:2:005:0 0 4 >
ffff8e67c6eea900 2918711365 S Ii:2:005:3 -115:1 3 <
ffff8e67c6eea900 2918712563 C Ii:2:005:3 0:1 3 = 100000
ffff8e67c6eea900 2918712875 S Ci:2:005:0 s c0 bc 0800 0016 0002 2 <
ffff8e67c6eea900 2918715343 C Ci:2:005:0 0 2 = 0900
ffff8e67c6eea900 2918715484 S Ci:2:005:0 s c0 bc 0900 001c 0002 2 <
ffff8e67c6eea900 2918718013 C Ci:2:005:0 0 2 = 2f6f
ffff8e67c6eea900 2918718202 S Ci:2:005:0 s c0 bc 0800 23be 0002 2 <
ffff8e67c6eea900 2918720743 C Ci:2:005:0 0 2 = 0000
ffff8e67c6eea900 2918721067 S Co:2:005:0 s 40 bc 0900 0014 0002 2 = d09e
ffff8e67c6eea900 2918723448 C Co:2:005:0 0 2 >
ffff8e67c6eea900 2918723601 S Ci:2:005:0 s c0 bc 0900 001c 0002 2 <
ffff8e67c6eea900 2918726086 C Ci:2:005:0 0 2 = 2f6f
ffff8e67c6eea900 2918726240 S Co:2:005:0 s 40 bc 0800 00c0 0004 4 = 20083100
ffff8e67c6eea900 2918728723 C Co:2:005:0 0 4 >
ffff8e67c6eea900 2918728887 S Co:2:005:0 s 40 b9 0000 0000 0004 4 = 09006603
ffff8e67c6eea900 2918731438 C Co:2:005:0 0 4 >
ffff8e67c6eea900 2918731605 S Ii:2:005:3 -115:1 3 <
ffff8e67c6eea900 2918732791 C Ii:2:005:3 0:1 3 = 100000
ffff8e67c6eea900 2918732974 S Ci:2:005:0 s c0 bc 0800 0016 0002 2 <
ffff8e67c6eea900 2918735469 C Ci:2:005:0 0 2 = 0900
ffff8e67c6eea900 2918735638 S Ci:2:005:0 s c0 bc 0900 001c 0002 2 <
ffff8e67c6eea900 2918738209 C Ci:2:005:0 0 2 = 2f6f
ffff8e67c6eea900 2918738370 S Ci:2:005:0 s c0 bc 0800 23be 0002 2 <
ffff8e67c6eea900 2918740841 C Ci:2:005:0 0 2 = 0000
ffff8e67c6eea900 2918741052 S Co:2:005:0 s 40 bc 0900 0014 0002 2 = d09e
ffff8e67c6eea900 2918743465 C Co:2:005:0 0 2 >
ffff8e67c6eea900 2918743608 S Ci:2:005:0 s c0 bc 0900 001c 0002 2 <
ffff8e67c6eea900 2918746108 C Ci:2:005:0 0 2 = 2f6f
ffff8e67c6eea900 2918746211 S Co:2:005:0 s 40 bc 0800 00c0 0004 4 = 20093300
ffff8e67c6eea900 2918748849 C Co:2:005:0 0 4 >
ffff8e67c6eea900 2918748977 S Co:2:005:0 s 40 b9 0000 0000 0004 4 = 09006603
ffff8e67c6eea900 2918751572 C Co:2:005:0 0 4 >
ffff8e67c6eea900 2918751719 S Ii:2:005:3 -115:1 3 <
ffff8e67c6eea900 2918752913 C Ii:2:005:3 0:1 3 = 100000
ffff8e67c6eea900 2918753079 S Ci:2:005:0 s c0 bc 0800 0016 0002 2 <
ffff8e67c6eea900 2918755710 C Ci:2:005:0 0 2 = 0900
ffff8e67c6eea900 2918755880 S Ci:2:005:0 s c0 bc 0900 001c 0002 2 <
ffff8e67c6eea900 2918758342 C Ci:2:005:0 0 2 = 2f6f
ffff8e67c6eea900 2918758482 S Ci:2:005:0 s c0 bc 0800 23be 0002 2 <
ffff8e67c6eea900 2918760961 C Ci:2:005:0 0 2 = 0000
ffff8e67c6eea900 2918761110 S Co:2:005:0 s 40 bc 0900 0014 0002 2 = d09e
ffff8e67c6eea900 2918763590 C Co:2:005:0 0 2 >
ffff8e67c6eea900 2918763746 S Ci:2:005:0 s c0 bc 0900 001c 0002 2 <
ffff8e67c6eea900 2918766205 C Ci:2:005:0 0 2 = 2f6f
ffff8e67c6eea900 2918766351 S Co:2:005:0 s 40 bc 0800 00c0 0004 4 = 200a5700
ffff8e67c6eea900 2918768842 C Co:2:005:0 0 4 >
ffff8e67c6eea900 2918769061 S Co:2:005:0 s 40 b9 0000 0000 0004 4 = 09006603
ffff8e67c6eea900 2918771570 C Co:2:005:0 0 4 >
ffff8e67c6eea900 2918771707 S Ii:2:005:3 -115:1 3 <
ffff8e67c6eea900 2918772908 C Ii:2:005:3 0:1 3 = 100000
ffff8e67c6eea900 2918773006 S Ci:2:005:0 s c0 bc 0800 0016 0002 2 <
ffff8e67c6eea900 2918775479 C Ci:2:005:0 0 2 = 0900
ffff8e67c6eea900 2918775647 S Ci:2:005:0 s c0 bc 0900 001c 0002 2 <
ffff8e67c6eea900 2918778038 C Ci:2:005:0 0 2 = 2f6f
ffff8e67c6eea900 2918778184 S Ci:2:005:0 s c0 bc 0800 23be 0002 2 <
ffff8e67c6eea900 2918780683 C Ci:2:005:0 0 2 = 0000
ffff8e67c6eea900 2918780831 S Co:2:005:0 s 40 bc 0900 0014 0002 2 = d09e
ffff8e67c6eea900 2918783286 C Co:2:005:0 0 2 >
ffff8e67c6eea900 2918783381 S Ci:2:005:0 s c0 bc 0900 001c 0002 2 <
ffff8e67c6eea900 2918785908 C Ci:2:005:0 0 2 = 2f6f
ffff8e67c6eea900 2918786063 S Co:2:005:0 s 40 bc 0800 00c0 0004 4 = 200b7b00
ffff8e67c6eea900 2918788520 C Co:2:005:0 0 4 >
ffff8e67c6eea900 2918788626 S Co:2:005:0 s 40 b9 0000 0000 0004 4 = 09006603
ffff8e67c6eea900 2918791147 C Co:2:005:0 0 4 >
ffff8e67c6eea900 2918791300 S Ii:2:005:3 -115:1 3 <
ffff8e67c6eea900 2918792370 C Ii:2:005:3 0:1 3 = 100000
ffff8e67c6eea900 2918792478 S Ci:2:005:0 s c0 bc 0800 0016 0002 2 <
ffff8e67c6eea900 2918795034 C Ci:2:005:0 0 2 = 0900
ffff8e67c6eea900 2918795180 S Ci:2:005:0 s c0 bc 0900 001c 0002 2 <
ffff8e67c6eea900 2918797684 C Ci:2:005:0 0 2 = 2f6f
ffff8e67c6eea900 2918797915 S Ci:2:005:0 s c0 bc 0800 23be 0002 2 <
ffff8e67c6eea900 2918800293 C Ci:2:005:0 0 2 = 0000
ffff8e67c6eea900 2918800416 S Co:2:005:0 s 40 bc 0900 0014 0002 2 = d09e
ffff8e67c6eea900 2918802918 C Co:2:005:0 0 2 >
ffff8e67c6eea900 2918803084 S Ci:2:005:0 s c0 bc 0900 001c 0002 2 <
ffff8e67c6eea900 2918805548 C Ci:2:005:0 0 2 = 2f6f
ffff8e67c6eea900 2918805703 S Co:2:005:0 s 40 bc 0800 00c0 0004 4 = 200cf700
ffff8e67c6eea900 2918808148 C Co:2:005:0 0 4 >
ffff8e67c6eea900 2918808277 S Co:2:005:0 s 40 b9 0000 0000 0004 4 = 09006603
ffff8e67c6eea900 2918810795 C Co:2:005:0 0 4 >
ffff8e67c6eea900 2918811050 S Ii:2:005:3 -115:1 3 <
ffff8e67c6eea900 2918811982 C Ii:2:005:3 0:1 3 = 100000
ffff8e67c6eea900 2918812125 S Ci:2:005:0 s c0 bc 0800 0016 0002 2 <
ffff8e67c6eea900 2918814672 C Ci:2:005:0 0 2 = 0900
ffff8e67c6eea900 2918814845 S Ci:2:005:0 s c0 bc 0900 001c 0002 2 <
ffff8e67c6eea900 2918817282 C Ci:2:005:0 0 2 = 2f6f
ffff8e67c6eea900 2918817423 S Ci:2:005:0 s c0 bc 0800 23be 0002 2 <
ffff8e67c6eea900 2918819921 C Ci:2:005:0 0 2 = 0000
ffff8e67c6eea900 2918820035 S Co:2:005:0 s 40 bc 0900 0014 0002 2 = d09e
ffff8e67c6eea900 2918822542 C Co:2:005:0 0 2 >
ffff8e67c6eea900 2918822631 S Ci:2:005:0 s c0 bc 0900 001c 0002 2 <
ffff8e67c6eea900 2918825160 C Ci:2:005:0 0 2 = 2f6f
ffff8e67c6eea900 2918825302 S Co:2:005:0 s 40 bc 0800 00c0 0004 4 = 200df700
ffff8e67c6eea900 2918827797 C Co:2:005:0 0 4 >
ffff8e67c6eea900 2918828057 S Co:2:005:0 s 40 b9 0000 0000 0004 4 = 09006603
ffff8e67c6eea900 2918830464 C Co:2:005:0 0 4 >
ffff8e67c6eea900 2918830690 S Ii:2:005:3 -115:1 3 <
ffff8e67c6eea900 2918831830 C Ii:2:005:3 0:1 3 = 100000
ffff8e67c6eea900 2918831940 S Ci:2:005:0 s c0 bc 0800 0016 0002 2 <
ffff8e67c6eea900 2918834540 C Ci:2:005:0 0 2 = 0900
ffff8e67c6eea900 2918834707 S Ci:2:005:0 s c0 bc 0900 001c 0002 2 <
ffff8e67c6eea900 2918837161 C Ci:2:005:0 0 2 = 2f6f
ffff8e67c6eea900 2918837244 S Ci:2:005:0 s c0 bc 0800 23be 0002 2 <
ffff8e67c6eea900 2918839786 C Ci:2:005:0 0 2 = 0000
ffff8e67c6eea900 2918840074 S Co:2:005:0 s 40 bc 0900 0014 0002 2 = d09e
ffff8e67c6eea900 2918842516 C Co:2:005:0 0 2 >
ffff8e67c6eea900 2918842683 S Ci:2:005:0 s c0 bc 0900 001c 0002 2 <
ffff8e67c6eea900 2918845352 C Ci:2:005:0 0 2 = 2f6f
ffff8e67c6eea900 2918845410 S Co:2:005:0 s 40 bc 0800 00c0 0004 4 = 200e7300
ffff8e67c6eea900 2918847936 C Co:2:005:0 0 4 >
ffff8e67c6eea900 2918848101 S Co:2:005:0 s 40 b9 0000 0000 0004 4 = 09006603
ffff8e67c6eea900 2918850655 C Co:2:005:0 0 4 >
ffff8e67c6eea900 2918850820 S Ii:2:005:3 -115:1 3 <
ffff8e67c6eea900 2918851988 C Ii:2:005:3 0:1 3 = 100000
ffff8e67c6eea900 2918852098 S Ci:2:005:0 s c0 bc 0800 0016 0002 2 <
ffff8e67c6eea900 2918854728 C Ci:2:005:0 0 2 = 0900
ffff8e67c6eea900 2918854824 S Ci:2:005:0 s c0 bc 0900 001c 0002 2 <
ffff8e67c6eea900 2918857465 C Ci:2:005:0 0 2 = 2f6f
ffff8e67c6eea900 2918857535 S Ci:2:005:0 s c0 bc 0800 23be 0002 2 <
ffff8e67c6eea900 2918859998 C Ci:2:005:0 0 2 = 0000
ffff8e67c6eea900 2918860203 S Co:2:005:0 s 40 bc 0900 0014 0002 2 = d09e
ffff8e67c6eea900 2918862658 C Co:2:005:0 0 2 >
ffff8e67c6eea900 2918862828 S Ci:2:005:0 s c0 bc 0900 001c 0002 2 <
ffff8e67c6eea900 2918865351 C Ci:2:005:0 0 2 = 2f6f
ffff8e67c6eea900 2918865449 S Co:2:005:0 s 40 bc 0800 00c0 0004 4 = 200f7300
ffff8e67c6eea900 2918868094 C Co:2:005:0 0 4 >
ffff8e67c6eea900 2918868194 S Co:2:005:0 s 40 b9 0000 0000 0004 4 = 09006603
ffff8e67c6eea900 2918870782 C Co:2:005:0 0 4 >
ffff8e67c6eea900 2918870993 S Ii:2:005:3 -115:1 3 <
ffff8e67c6eea900 2918872075 C Ii:2:005:3 0:1 3 = 100000
ffff8e67c6eea900 2918872150 S Ci:2:005:0 s c0 bc 0800 0016 0002 2 <
ffff8e67c6eea900 2918874951 C Ci:2:005:0 0 2 = 0900
ffff8e67c6eea900 2918875119 S Ci:2:005:0 s c0 bc 0900 001c 0002 2 <
ffff8e67c6eea900 2918877690 C Ci:2:005:0 0 2 = 2f6f
ffff8e67c6eea900 2918877788 S Ci:2:005:0 s c0 bc 0800 23be 0002 2 <
ffff8e67c6eea900 2918880260 C Ci:2:005:0 0 2 = 0000
ffff8e67c6eea900 2918880416 S Co:2:005:0 s 40 bc 0900 0014 0002 2 = d09e
ffff8e67c6eea900 2918882934 C Co:2:005:0 0 2 >
ffff8e67c6eea900 2918883104 S Ci:2:005:0 s c0 bc 0900 001c 0002 2 <
ffff8e67c6eea900 2918885716 C Ci:2:005:0 0 2 = 2f6f
ffff8e67c6eea900 2918885823 S Co:2:005:0 s 40 bc 0800 00c0 0004 4 = aa8f3b00
ffff8e67c6eea900 2918888241 C Co:2:005:0 0 4 >
ffff8e67c6eea900 2918888418 S Co:2:005:0 s 40 b9 0000 0000 0004 4 = 09006603
ffff8e67c6eea900 2918890929 C Co:2:005:0 0 4 >
ffff8e67c6eea900 2918891116 S Ii:2:005:3 -115:1 3 <
ffff8e67c6eea900 2918892288 C Ii:2:005:3 0:1 3 = 100000
ffff8e67c6eea900 2918892388 S Ci:2:005:0 s c0 bc 0800 0016 0002 2 <
ffff8e67c6eea900 2918895093 C Ci:2:005:0 0 2 = 0900
ffff8e67c6eea900 2918895401 S Ci:2:005:0 s c0 bc 0900 001c 0002 2 <
ffff8e67c6eea900 2918897834 C Ci:2:005:0 0 2 = 2f6f
ffff8e67c6eea900 2918898073 S Ci:2:005:0 s c0 bc 0800 23be 0002 2 <
ffff8e67c6eea900 2918900547 C Ci:2:005:0 0 2 = 0000
ffff8e67c6eea900 2918900770 S Co:2:005:0 s 40 bc 0900 0014 0002 2 = d09e
ffff8e67c6eea900 2918903289 C Co:2:005:0 0 2 >
ffff8e67c6eea900 2918903422 S Ci:2:005:0 s c0 bc 0900 001c 0002 2 <
ffff8e67c6eea900 2918905971 C Ci:2:005:0 0 2 = 2f6f
ffff8e67c6eea900 2918906142 S Co:2:005:0 s 40 bc 0800 00c0 0006 6 = ab923eb4 0376
ffff8e67c6eea900 2918908644 C Co:2:005:0 0 6 >
ffff8e67c6eea900 2918908832 S Co:2:005:0 s 40 b9 0000 0000 0004 4 = 09006606
ffff8e67c6eea900 2918911300 C Co:2:005:0 0 4 >
ffff8e67c6eea900 2918911378 S Ii:2:005:3 -115:1 3 <
ffff8e67c6eea900 2918912688 C Ii:2:005:3 0:1 3 = 100000
ffff8e67c6eea900 2918912748 S Ci:2:005:0 s c0 bc 0800 0016 0002 2 <
ffff8e67c6eea900 2918915428 C Ci:2:005:0 0 2 = 0900
ffff8e67c6eea900 2918915624 S Ci:2:005:0 s c0 bc 0900 001c 0002 2 <
ffff8e67c6eea900 2918917998 C Ci:2:005:0 0 2 = 2f6f
ffff8e67c6eea900 2918918185 S Ci:2:005:0 s c0 bc 0800 23be 0002 2 <
ffff8e67c6eea900 2918920788 C Ci:2:005:0 0 2 = 0000
ffff8e67c6eea900 2918921022 S Co:2:005:0 s 40 bc 0900 0014 0002 2 = d09e
ffff8e67c6eea900 2918923499 C Co:2:005:0 0 2 >
ffff8e67c6eea900 2918923695 S Ci:2:005:0 s c0 bc 0900 001c 0002 2 <
ffff8e67c6eea900 2918926164 C Ci:2:005:0 0 2 = 2f6f
ffff8e67c6eea900 2918926374 S Co:2:005:0 s 40 b9 0000 0000 0004 4 = 09016638
ffff8e67c6eea900 2918928855 C Co:2:005:0 0 4 >
ffff8e67c6eea900 2918928938 S Ii:2:005:3 -115:1 3 <
ffff8e67c6eea900 2918930154 C Ii:2:005:3 0:1 3 = 100000
ffff8e67c6eea900 2918930303 S Ci:2:005:0 s c0 bc 0800 0016 0002 2 <
ffff8e67c6eea900 2918932916 C Ci:2:005:0 0 2 = 0900
ffff8e67c6eea900 2918933111 S Ci:2:005:0 s c0 bc 0900 001c 0002 2 <
ffff8e67c6eea900 2918935560 C Ci:2:005:0 0 2 = 2f6f
ffff8e67c6eea900 2918935658 S Ci:2:005:0 s c0 bc 0800 23be 003a 58 <
ffff8e67c6eea900 2918938104 C Ci:2:005:0 0 58 = 00004309 cd37b46d 9b0e8a10 67944d72 30e81939 f7790159 853e0327 d90ac8f8
ffff8e67c6eea900 2918938329 S Co:2:005:0 s 40 bc 0800 00c0 0006 6 = ab923eb4 3b76
ffff8e67c6eea900 2918940924 C Co:2:005:0 0 6 >
ffff8e67c6eea900 2918941121 S Co:2:005:0 s 40 b9 0000 0000 0004 4 = 09006606
ffff8e67c6eea900 2918943672 C Co:2:005:0 0 4 >
ffff8e67c6eea900 2918943768 S Ii:2:005:3 -115:1 3 <
ffff8e67c6eea900 2918944993 C Ii:2:005:3 0:1 3 = 100000
ffff8e67c6eea900 2918945111 S Ci:2:005:0 s c0 bc 0800 0016 0002 2 <
ffff8e67c6eea900 2918947661 C Ci:2:005:0 0 2 = 0900
ffff8e67c6eea900 2918947863 S Ci:2:005:0 s c0 bc 0900 001c 0002 2 <
ffff8e67c6eea900 2918950314 C Ci:2:005:0 0 2 = 2f6f
ffff8e67c6eea900 2918950449 S Ci:2:005:0 s c0 bc 0800 23be 0002 2 <
ffff8e67c6eea900 2918952918 C Ci:2:005:0 0 2 = 0000
ffff8e67c6eea900 2918953062 S Co:2:005:0 s 40 bc 0900 0014 0002 2 = d09e
ffff8e67c6eea900 2918955645 C Co:2:005:0 0 2 >
ffff8e67c6eea900 2918955758 S Ci:2:005:0 s c0 bc 0900 001c 0002 2 <
ffff8e67c6eea900 2918958240 C Ci:2:005:0 0 2 = 2f6f
ffff8e67c6eea900 2918958376 S Co:2:005:0 s 40 b9 0000 0000 0004 4 = 09016638
ffff8e67c6eea900 2918960895 C Co:2:005:0 0 4 >
ffff8e67c6eea900 2918961004 S Ii:2:005:3 -115:1 3 <
ffff8e67c6eea900 2918962292 C Ii:2:005:3 0:1 3 = 100000
ffff8e67c6eea900 2918962398 S Ci:2:005:0 s c0 bc 0800 0016 0002 2 <
ffff8e67c6eea900 2918965043 C Ci:2:005:0 0 2 = 0900
ffff8e67c6eea900 2918965160 S Ci:2:005:0 s c0 bc 0900 001c 0002 2 <
ffff8e67c6eea900 2918967832 C Ci:2:005:0 0 2 = 2f6f
ffff8e67c6eea900 2918968009 S Ci:2:005:0 s c0 bc 0800 23be 003a 58 <
ffff8e67c6eea900 2918970537 C Ci:2:005:0 0 58 = 0000e9ee cf0cb59d 930565f1 29daffc0 7da6ac84 f496e316 cb8cb16a 97bf75fb
ffff8e67c6eea900 2918970649 S Co:2:005:0 s 40 bc 0800 00c0 0006 6 = ab923eb4 7376
ffff8e67c6eea900 2918973191 C Co:2:005:0 0 6 >
ffff8e67c6eea900 2918973311 S Co:2:005:0 s 40 b9 0000 0000 0004 4 = 09006606
ffff8e67c6eea900 2918975802 C Co:2:005:0 0 4 >
ffff8e67c6eea900 2918975913 S Ii:2:005:3 -115:1 3 <
ffff8e67c6eea900 2918977118 C Ii:2:005:3 0:1 3 = 100000
ffff8e67c6eea900 2918977221 S Ci:2:005:0 s c0 bc 0800 0016 0002 2 <
ffff8e67c6eea900 2918979941 C Ci:2:005:0 0 2 = 0900
ffff8e67c6eea900 2918980057 S Ci:2:005:0 s c0 bc 0900 001c 0002 2 <
ffff8e67c6eea900 2918982657 C Ci:2:005:0 0 2 = 2f6f
ffff8e67c6eea900 2918982858 S Ci:2:005:0 s c0 bc 0800 23be 0002 2 <
ffff8e67c6eea900 2918985286 C Ci:2:005:0 0 2 = 0000
ffff8e67c6eea900 2918985438 S Co:2:005:0 s 40 bc 0900 0014 0002 2 = d09e
ffff8e67c6eea900 2918987994 C Co:2:005:0 0 2 >
ffff8e67c6eea900 2918988101 S Ci:2:005:0 s c0 bc 0900 001c 0002 2 <
ffff8e67c6eea900 2918990632 C Ci:2:005:0 0 2 = 2f6f
ffff8e67c6eea900 2918990746 S Co:2:005:0 s 40 b9 0000 0000 0004 4 = 09016638
ffff8e67c6eea900 2918993338 C Co:2:005:0 0 4 >
ffff8e67c6eea900 2918993448 S Ii:2:005:3 -115:1 3 <
ffff8e67c6eea900 2918994613 C Ii:2:005:3 0:1 3 = 100000
ffff8e67c6eea900 2918994736 S Ci:2:005:0 s c0 bc 0800 0016 0002 2 <
ffff8e67c6eea900 2918997534 C Ci:2:005:0 0 2 = 0900
ffff8e67c6eea900 2918997643 S Ci:2:005:0 s c0 bc 0900 001c 0002 2 <
ffff8e67c6eea900 2919000278 C Ci:2:005:0 0 2 = 2f6f
ffff8e67c6eea900 2919000390 S Ci:2:005:0 s c0 bc 0800 23be 003a 58 <
ffff8e67c6eea900 2919003025 C Ci:2:005:0 0 58 = 00005b5c 81420020 90ea8bba 67684d8e 33131187 1b79ab58 793eff24 22027614
ffff8e67c6eea900 2919003152 S Co:2:005:0 s 40 bc 0800 00c0 0006 6 = ab923eb4 ab76
ffff8e67c6eea900 2919005746 C Co:2:005:0 0 6 >
ffff8e67c6eea900 2919005860 S Co:2:005:0 s 40 b9 0000 0000 0004 4 = 09006606
ffff8e67c6eea900 2919008389 C Co:2:005:0 0 4 >
ffff8e67c6eea900 2919008497 S Ii:2:005:3 -115:1 3 <
ffff8e67c6eea900 2919009603 C Ii:2:005:3 0:1 3 = 100000
ffff8e67c6eea900 2919009729 S Ci:2:005:0 s c0 bc 0800 0016 0002 2 <
ffff8e67c6eea900 2919012440 C Ci:2:005:0 0 2 = 0900
ffff8e67c6eea900 2919012550 S Ci:2:005:0 s c0 bc 0900 001c 0002 2 <
ffff8e67c6eea900 2919015108 C Ci:2:005:0 0 2 = 2f6f
ffff8e67c6eea900 2919015226 S Ci:2:005:0 s c0 bc 0800 23be 0002 2 <
ffff8e67c6eea900 2919017646 C Ci:2:005:0 0 2 = 0000
ffff8e67c6eea900 2919017764 S Co:2:005:0 s 40 bc 0900 0014 0002 2 = d09e
ffff8e67c6eea900 2919020448 C Co:2:005:0 0 2 >
ffff8e67c6eea900 2919020580 S Ci:2:005:0 s c0 bc 0900 001c 0002 2 <
ffff8e67c6eea900 2919023014 C Ci:2:005:0 0 2 = 2f6f
ffff8e67c6eea900 2919023125 S Co:2:005:0 s 40 b9 0000 0000 0004 4 = 09016638
ffff8e67c6eea900 2919025635 C Co:2:005:0 0 4 >
ffff8e67c6eea900 2919025747 S Ii:2:005:3 -115:1 3 <
ffff8e67c6eea900 2919027064 C Ii:2:005:3 0:1 3 = 100000
ffff8e67c6eea900 2919027164 S Ci:2:005:0 s c0 bc 0800 0016 0002 2 <
ffff8e67c6eea900 2919029805 C Ci:2:005:0 0 2 = 0900
ffff8e67c6eea900 2919029921 S Ci:2:005:0 s c0 bc 0900 001c 0002 2 <
ffff8e67c6eea900 2919032577 C Ci:2:005:0 0 2 = 2f6f
ffff8e67c6eea900 2919032702 S Ci:2:005:0 s c0 bc 0800 23be 003a 58 <
ffff8e67c6eea900 2919035287 C Ci:2:005:0 0 58 = 0000ea12 cff7bd23 7f1fcff4 d5d903c0 86ae1268 ed3ce5ea c870b191 9f0199e5
ffff8e67c6eea900 2919035419 S Co:2:005:0 s 40 bc 0800 00c0 0006 6 = ab923eb4 e376
ffff8e67c6eea900 2919037992 C Co:2:005:0 0 6 >
ffff8e67c6eea900 2919038100 S Co:2:005:0 s 40 b9 0000 0000 0004 4 = 09006606
ffff8e67c6eea900 2919040677 C Co:2:005:0 0 4 >
ffff8e67c6eea900 2919040805 S Ii:2:005:3 -115:1 3 <
ffff8e67c6eea900 2919041981 C Ii:2:005:3 0:1 3 = 100000
ffff8e67c6eea900 2919042099 S Ci:2:005:0 s c0 bc 0800 0016 0002 2 <
ffff8e67c6eea900 2919044724 C Ci:2:005:0 0 2 = 0900
ffff8e67c6eea900 2919044865 S Ci:2:005:0 s c0 bc 0900 001c 0002 2 <
ffff8e67c6eea900 2919047318 C Ci:2:005:0 0 2 = 2f6f
ffff8e67c6eea900 2919047432 S Ci:2:005:0 s c0 bc 0800 23be 0002 2 <
ffff8e67c6eea900 2919049929 C Ci:2:005:0 0 2 = 0000
ffff8e67c6eea900 2919050083 S Co:2:005:0 s 40 bc 0900 0014 0002 2 = d09e
ffff8e67c6eea900 2919052775 C Co:2:005:0 0 2 >
ffff8e67c6eea900 2919052972 S Ci:2:005:0 s c0 bc 0900 001c 0002 2 <
ffff8e67c6eea900 2919055381 C Ci:2:005:0 0 2 = 2f6f
ffff8e67c6eea900 2919055488 S Co:2:005:0 s 40 b9 0000 0000 0004 4 = 09016638
ffff8e67c6eea900 2919057986 C Co:2:005:0 0 4 >
ffff8e67c6eea900 2919058132 S Ii:2:005:3 -115:1 3 <
ffff8e67c6eea900 2919059440 C Ii:2:005:3 0:1 3 = 100000
ffff8e67c6eea900 2919059558 S Ci:2:005:0 s c0 bc 0800 0016 0002 2 <
ffff8e67c6eea900 2919062054 C Ci:2:005:0 0 2 = 0900
ffff8e67c6eea900 2919062207 S Ci:2:005:0 s c0 bc 0900 001c 0002 2 <
ffff8e67c6eea900 2919064636 C Ci:2:005:0 0 2 = 2f6f
ffff8e67c6eea900 2919064806 S Ci:2:005:0 s c0 bc 0800 23be 003a 58 <
ffff8e67c6eea900 2919067421 C Ci:2:005:0 0 58 = 0000a75c 7a4abecc b4408146 67944d75 3badfdbc b1725758 853e042c 9cee4cbe
ffff8e67c6eea900 2919067616 S Co:2:005:0 s 40 bc 0800 00c0 0006 6 = ab923eb4 1b77
ffff8e67c6eea900 2919070027 C Co:2:005:0 0 6 >
ffff8e67c6eea900 2919070196 S Co:2:005:0 s 40 b9 0000 0000 0004 4 = 09006606
ffff8e67c6eea900 2919072764 C Co:2:005:0 0 4 >
ffff8e67c6eea900 2919073069 S Ii:2:005:3 -115:1 3 <
ffff8e67c6eea900 2919074118 C Ii:2:005:3 0:1 3 = 100000
ffff8e67c6eea900 2919074205 S Ci:2:005:0 s c0 bc 0800 0016 0002 2 <
ffff8e67c6eea900 2919076934 C Ci:2:005:0 0 2 = 0900
ffff8e67c6eea900 2919077125 S Ci:2:005:0 s c0 bc 0900 001c 0002 2 <
ffff8e67c6eea900 2919079660 C Ci:2:005:0 0 2 = 2f6f
ffff8e67c6eea900 2919079793 S Ci:2:005:0 s c0 bc 0800 23be 0002 2 <
ffff8e67c6eea900 2919082403 C Ci:2:005:0 0 2 = 0000
ffff8e67c6eea900 2919082596 S Co:2:005:0 s 40 bc 0900 0014 0002 2 = d09e
ffff8e67c6eea900 2919084982 C Co:2:005:0 0 2 >
ffff8e67c6eea900 2919085143 S Ci:2:005:0 s c0 bc 0900 001c 0002 2 <
ffff8e67c6eea900 2919087658 C Ci:2:005:0 0 2 = 2f6f
ffff8e67c6eea900 2919087770 S Co:2:005:0 s 40 b9 0000 0000 0004 4 = 09016638
ffff8e67c6eea900 2919090299 C Co:2:005:0 0 4 >
ffff8e67c6eea900 2919090421 S Ii:2:005:3 -115:1 3 <
ffff8e67c6eea900 2919091627 C Ii:2:005:3 0:1 3 = 100000
ffff8e67c6eea900 2919091752 S Ci:2:005:0 s c0 bc 0800 0016 0002 2 <
ffff8e67c6eea900 2919094655 C Ci:2:005:0 0 2 = 0900
ffff8e67c6eea900 2919094789 S Ci:2:005:0 s c0 bc 0900 001c 0002 2 <
ffff8e67c6eea900 2919097207 C Ci:2:005:0 0 2 = 2f6f
ffff8e67c6eea900 2919097326 S Ci:2:005:0 s c0 bc 0800 23be 003a 58 <
ffff8e67c6eea900 2919099907 C Ci:2:005:0 0 58 = 0000e9e9 c749511c d50e33f4 29daf8c8 38422fc2 ffc0e516 cb8bb92f 733d33f0
ffff8e67c6eea900 2919100056 S Co:2:005:0 s 40 bc 0800 00c0 0006 6 = ab923eb4 5377
ffff8e67c6eea900 2919102713 C Co:2:005:0 0 6 >
ffff8e67c6eea900 2919102838 S Co:2:005:0 s 40 b9 0000 0000 0004 4 = 09006606
ffff8e67c6eea900 2919105406 C Co:2:005:0 0 4 >
ffff8e67c6eea900 2919105516 S Ii:2:005:3 -115:1 3 <
ffff8e67c6eea900 2919106809 C Ii:2:005:3 0:1 3 = 100000
ffff8e67c6eea900 2919106920 S Ci:2:005:0 s c0 bc 0800 0016 0002 2 <
ffff8e67c6eea900 2919109579 C Ci:2:005:0 0 2 = 0900
ffff8e67c6eea900 2919109716 S Ci:2:005:0 s c0 bc 0900 001c 0002 2 <
ffff8e67c6eea900 2919112291 C Ci:2:005:0 0 2 = 2f6f
ffff8e67c6eea900 2919112424 S Ci:2:005:0 s c0 bc 0800 23be 0002 2 <
ffff8e67c6eea900 2919115097 C Ci:2:005:0 0 2 = 0000
ffff8e67c6eea900 2919115210 S Co:2:005:0 s 40 bc 0900 0014 0002 2 = d09e
ffff8e67c6eea900 2919117898 C Co:2:005:0 0 2 >
ffff8e67c6eea900 2919118068 S Ci:2:005:0 s c0 bc 0900 001c 0002 2 <
ffff8e67c6eea900 2919120460 C Ci:2:005:0 0 2 = 2f6f
ffff8e67c6eea900 2919120639 S Co:2:005:0 s 40 b9 0000 0000 0004 4 = 09016638
ffff8e67c6eea900 2919123263 C Co:2:005:0 0 4 >
ffff8e67c6eea900 2919123374 S Ii:2:005:3 -115:1 3 <
ffff8e67c6eea900 2919124523 C Ii:2:005:3 0:1 3 = 100000
ffff8e67c6eea900 2919124647 S Ci:2:005:0 s c0 bc 0800 0016 0002 2 <
ffff8e67c6eea900 2919127440 C Ci:2:005:0 0 2 = 0900
ffff8e67c6eea900 2919127555 S Ci:2:005:0 s c0 bc 0900 001c 0002 2 <
ffff8e67c6eea900 2919130013 C Ci:2:005:0 0 2 = 2f6f
ffff8e67c6eea900 2919130127 S Ci:2:005:0 s c0 bc 0800 23be 003a 58 <
ffff8e67c6eea900 2919132810 C Ci:2:005:0 0 58 = 00005c54 c4a68b66 9bbc81ba 676f45cb d7e4578c 4d72ab58 7e36bec2 99447d42
ffff8e67c6eea900 2919132928 S Co:2:005:0 s 40 bc 0800 00c0 0006 6 = ab923eb4 8b77
ffff8e67c6eea900 2919135558 C Co:2:005:0 0 6 >
ffff8e67c6eea900 2919135671 S Co:2:005:0 s 40 b9 0000 0000 0004 4 = 09006606
ffff8e67c6eea900 2919138087 C Co:2:005:0 0 4 >
ffff8e67c6eea900 2919138201 S Ii:2:005:3 -115:1 3 <
ffff8e67c6eea900 2919139475 C Ii:2:005:3 0:1 3 = 100000
ffff8e67c6eea900 2919139578 S Ci:2:005:0 s c0 bc 0800 0016 0002 2 <
ffff8e67c6eea900 2919142143 C Ci:2:005:0 0 2 = 0900
ffff8e67c6eea900 2919142271 S Ci:2:005:0 s c0 bc 0900 001c 0002 2 <
ffff8e67c6eea900 2919144921 C Ci:2:005:0 0 2 = 2f6f
ffff8e67c6eea900 2919145066 S Ci:2:005:0 s c0 bc 0800 23be 0002 2 <
ffff8e67c6eea900 2919147590 C Ci:2:005:0 0 2 = 0000
ffff8e67c6eea900 2919147703 S Co:2:005:0 s 40 bc 0900 0014 0002 2 = d09e
ffff8e67c6eea900 2919150265 C Co:2:005:0 0 2 >
ffff8e67c6eea900 2919150412 S Ci:2:005:0 s c0 bc 0900 001c 0002 2 <
ffff8e67c6eea900 2919152878 C Ci:2:005:0 0 2 = 2f6f
ffff8e67c6eea900 2919153103 S Co:2:005:0 s 40 b9 0000 0000 0004 4 = 09016638
ffff8e67c6eea900 2919155615 C Co:2:005:0 0 4 >
ffff8e67c6eea900 2919155727 S Ii:2:005:3 -115:1 3 <
ffff8e67c6eea900 2919157104 C Ii:2:005:3 0:1 3 = 100000
ffff8e67c6eea900 2919157213 S Ci:2:005:0 s c0 bc 0800 0016 0002 2 <
ffff8e67c6eea900 2919159844 C Ci:2:005:0 0 2 = 0900
ffff8e67c6eea900 2919160033 S Ci:2:005:0 s c0 bc 0900 001c 0002 2 <
ffff8e67c6eea900 2919162475 C Ci:2:005:0 0 2 = 2f6f
ffff8e67c6eea900 2919162585 S Ci:2:005:0 s c0 bc 0800 23be 003a 58 <
ffff8e67c6eea900 2919165147 C Ci:2:005:0 0 58 = 0000e95c cf42b528 9b0e81f4 67da4dc0 33a6198c ff72e558 cb3eb124 970a7df0
ffff8e67c6eea900 2919165281 S Co:2:005:0 s 40 bc 0800 00c0 0006 6 = ab923eb4 c377
ffff8e67c6eea900 2919167938 C Co:2:005:0 0 6 >
ffff8e67c6eea900 2919168090 S Co:2:005:0 s 40 b9 0000 0000 0004 4 = 09006606
ffff8e67c6eea900 2919170632 C Co:2:005:0 0 4 >
ffff8e67c6eea900 2919170765 S Ii:2:005:3 -115:1 3 <
ffff8e67c6eea900 2919171995 C Ii:2:005:3 0:1 3 = 100000
ffff8e67c6eea900 2919172097 S Ci:2:005:0 s c0 bc 0800 0016 0002 2 <
ffff8e67c6eea900 2919174763 C Ci:2:005:0 0 2 = 0900
ffff8e67c6eea900 2919174860 S Ci:2:005:0 s c0 bc 0900 001c 0002 2 <
ffff8e67c6eea900 2919177384 C Ci:2:005:0 0 2 = 2f6f
ffff8e67c6eea900 2919177488 S Ci:2:005:0 s c0 bc 0800 23be 0002 2 <
ffff8e67c6eea900 2919180132 C Ci:2:005:0 0 2 = 0000
ffff8e67c6eea900 2919180260 S Co:2:005:0 s 40 bc 0900 0014 0002 2 = d09e
ffff8e67c6eea900 2919182823 C Co:2:005:0 0 2 >
ffff8e67c6eea900 2919183029 S Ci:2:005:0 s c0 bc 0900 001c 0002 2 <
ffff8e67c6eea900 2919185448 C Ci:2:005:0 0 2 = 2f6f
ffff8e67c6eea900 2919185557 S Co:2:005:0 s 40 b9 0000 0000 0004 4 = 09016638
ffff8e67c6eea900 2919188006 C Co:2:005:0 0 4 >
ffff8e67c6eea900 2919188118 S Ii:2:005:3 -115:1 3 <
ffff8e67c6eea900 2919189322 C Ii:2:005:3 0:1 3 = 100000
ffff8e67c6eea900 2919189425 S Ci:2:005:0 s c0 bc 0800 0016 0002 2 <
ffff8e67c6eea900 2919192218 C Ci:2:005:0 0 2 = 0900
ffff8e67c6eea900 2919192353 S Ci:2:005:0 s c0 bc 0900 001c 0002 2 <
ffff8e67c6eea900 2919194874 C Ci:2:005:0 0 2 = 2f6f
ffff8e67c6eea900 2919194982 S Ci:2:005:0 s c0 bc 0800 23be 003a 58 <
ffff8e67c6eea900 2919197622 C Ci:2:005:0 0 58 = 0000e95c cf42b528 9b0e81f4 67da4dc0 33a6198c ff72e558 cb3eb124 970a7df0
ffff8e67c6eea900 2919197735 S Co:2:005:0 s 40 bc 0800 00c0 0006 6 = ab923eb4 fb77
ffff8e67c6eea900 2919200181 C Co:2:005:0 0 6 >
ffff8e67c6eea900 2919200322 S Co:2:005:0 s 40 b9 0000 0000 0004 4 = 09006606
ffff8e67c6eea900 2919202902 C Co:2:005:0 0 4 >
ffff8e67c6eea900 2919203008 S Ii:2:005:3 -115:1 3 <
ffff8e67c6eea900 2919204226 C Ii:2:005:3 0:1 3 = 100000
ffff8e67c6eea900 2919204339 S Ci:2:005:0 s c0 bc 0800 0016 0002 2 <
ffff8e67c6eea900 2919207046 C Ci:2:005:0 0 2 = 0900
ffff8e67c6eea900 2919207158 S Ci:2:005:0 s c0 bc 0900 001c 0002 2 <
ffff8e67c6eea900 2919209753 C Ci:2:005:0 0 2 = 2f6f
ffff8e67c6eea900 2919209862 S Ci:2:005:0 s c0 bc 0800 23be 0002 2 <
ffff8e67c6eea900 2919212520 C Ci:2:005:0 0 2 = 0000
ffff8e67c6eea900 2919212634 S Co:2:005:0 s 40 bc 0900 0014 0002 2 = d09e
ffff8e67c6eea900 2919215313 C Co:2:005:0 0 2 >
ffff8e67c6eea900 2919215409 S Ci:2:005:0 s c0 bc 0900 001c 0002 2 <
ffff8e67c6eea900 2919217903 C Ci:2:005:0 0 2 = 2f6f
ffff8e67c6eea900 2919218019 S Co:2:005:0 s 40 b9 0000 0000 0004 4 = 09016638
ffff8e67c6eea900 2919220647 C Co:2:005:0 0 4 >
ffff8e67c6eea900 2919220744 S Ii:2:005:3 -115:1 3 <
ffff8e67c6eea900 2919221982 C Ii:2:005:3 0:1 3 = 100000
ffff8e67c6eea900 2919222092 S Ci:2:005:0 s c0 bc 0800 0016 0002 2 <
ffff8e67c6eea900 2919224692 C Ci:2:005:0 0 2 = 0900
ffff8e67c6eea900 2919224885 S Ci:2:005:0 s c0 bc 0900 001c 0002 2 <
ffff8e67c6eea900 2919227522 C Ci:2:005:0 0 2 = 2f6f
ffff8e67c6eea900 2919227639 S Ci:2:005:0 s c0 bc 0800 23be 003a 58 <
ffff8e67c6eea900 2919230309 C Ci:2:005:0 0 58 = 0000e95c cf42b528 9b0e81f4 67da4dc0 33a6198c ff72e558 cb3eb124 970a7df0
ffff8e67c6eea900 2919230478 S Co:2:005:0 s 40 bc 0800 00c0 0006 6 = ab923eb4 3374
ffff8e67c6eea900 2919233072 C Co:2:005:0 0 6 >
ffff8e67c6eea900 2919233187 S Co:2:005:0 s 40 b9 0000 0000 0004 4 = 09006606
ffff8e67c6eea900 2919235872 C Co:2:005:0 0 4 >
ffff8e67c6eea900 2919236050 S Ii:2:005:3 -115:1 3 <
ffff8e67c6eea900 2919237211 C Ii:2:005:3 0:1 3 = 100000
ffff8e67c6eea900 2919237340 S Ci:2:005:0 s c0 bc 0800 0016 0002 2 <
ffff8e67c6eea900 2919240080 C Ci:2:005:0 0 2 = 0900
ffff8e67c6eea900 2919240204 S Ci:2:005:0 s c0 bc 0900 001c 0002 2 <
ffff8e67c6eea900 2919242643 C Ci:2:005:0 0 2 = 2f6f
ffff8e67c6eea900 2919242755 S Ci:2:005:0 s c0 bc 0800 23be 0002 2 <
ffff8e67c6eea900 2919245411 C Ci:2:005:0 0 2 = 0000
ffff8e67c6eea900 2919245525 S Co:2:005:0 s 40 bc 0900 0014 0002 2 = d09e
ffff8e67c6eea900 2919248135 C Co:2:005:0 0 2 >
ffff8e67c6eea900 2919248280 S Ci:2:005:0 s c0 bc 0900 001c 0002 2 <
ffff8e67c6eea900 2919250753 C Ci:2:005:0 0 2 = 2f6f
ffff8e67c6eea900 2919250869 S Co:2:005:0 s 40 b9 0000 0000 0004 4 = 09016638
ffff8e67c6eea900 2919253391 C Co:2:005:0 0 4 >
ffff8e67c6eea900 2919253499 S Ii:2:005:3 -115:1 3 <
ffff8e67c6eea900 2919254644 C Ii:2:005:3 0:1 3 = 100000
ffff8e67c6eea900 2919254760 S Ci:2:005:0 s c0 bc 0800 0016 0002 2 <
ffff8e67c6eea900 2919257421 C Ci:2:005:0 0 2 = 0900
ffff8e67c6eea900 2919257536 S Ci:2:005:0 s c0 bc 0900 001c 0002 2 <
ffff8e67c6eea900 2919260193 C Ci:2:005:0 0 2 = 2f6f
ffff8e67c6eea900 2919260320 S Ci:2:005:0 s c0 bc 0800 23be 003a 58 <
ffff8e67c6eea900 2919262749 C Ci:2:005:0 0 58 = 0000e95c cf42b528 9b0e81f4 67da4dc0 33a6198c ff72e558 cb3eb124 970a7df0
ffff8e67c6eea900 2919262863 S Co:2:005:0 s 40 bc 0800 00c0 0006 6 = ab923eb4 6b74
ffff8e67c6eea900 2919265451 C Co:2:005:0 0 6 >
ffff8e67c6eea900 2919265562 S Co:2:005:0 s 40 b9 0000 0000 0004 4 = 09006606
ffff8e67c6eea900 2919268120 C Co:2:005:0 0 4 >
ffff8e67c6eea900 2919268223 S Ii:2:005:3 -115:1 3 <
ffff8e67c6eea900 2919269445 C Ii:2:005:3 0:1 3 = 100000
ffff8e67c6eea900 2919269557 S Ci:2:005:0 s c0 bc 0800 0016 0002 2 <
ffff8e67c6eea900 2919272253 C Ci:2:005:0 0 2 = 0900
ffff8e67c6eea900 2919272364 S Ci:2:005:0 s c0 bc 0900 001c 0002 2 <
ffff8e67c6eea900 2919274938 C Ci:2:005:0 0 2 = 2f6f
ffff8e67c6eea900 2919275070 S Ci:2:005:0 s c0 bc 0800 23be 0002 2 <
ffff8e67c6eea900 2919277724 C Ci:2:005:0 0 2 = 0000
ffff8e67c6eea900 2919278007 S Co:2:005:0 s 40 bc 0900 0014 0002 2 = d09e
ffff8e67c6eea900 2919280305 C Co:2:005:0 0 2 >
ffff8e67c6eea900 2919280438 S Ci:2:005:0 s c0 bc 0900 001c 0002 2 <
ffff8e67c6eea900 2919283042 C Ci:2:005:0 0 2 = 2f6f
ffff8e67c6eea900 2919283160 S Co:2:005:0 s 40 b9 0000 0000 0004 4 = 09016638
ffff8e67c6eea900 2919285735 C Co:2:005:0 0 4 >
ffff8e67c6eea900 2919285848 S Ii:2:005:3 -115:1 3 <
ffff8e67c6eea900 2919287135 C Ii:2:005:3 0:1 3 = 100000
ffff8e67c6eea900 2919287267 S Ci:2:005:0 s c0 bc 0800 0016 0002 2 <
ffff8e67c6eea900 2919289909 C Ci:2:005:0 0 2 = 0900
ffff8e67c6eea900 2919290056 S Ci:2:005:0 s c0 bc 0900 001c 0002 2 <
ffff8e67c6eea900 2919292638 C Ci:2:005:0 0 2 = 2f6f
ffff8e67c6eea900 2919292757 S Ci:2:005:0 s c0 bc 0800 23be 003a 58 <
ffff8e67c6eea900 2919295378 C Ci:2:005:0 0 58 = 0000e95c cf42b528 9b0e81f4 67da4dc0 33a6198c ff72e558 cb3eb124 970a7df0
ffff8e67c6eea900 2919295479 S Co:2:005:0 s 40 bc 0800 00c0 0006 6 = ab923eb4 a374
ffff8e67c6eea900 2919297989 C Co:2:005:0 0 6 >
ffff8e67c6eea900 2919298101 S Co:2:005:0 s 40 b9 0000 0000 0004 4 = 09006606
ffff8e67c6eea900 2919300618 C Co:2:005:0 0 4 >
ffff8e67c6eea900 2919300729 S Ii:2:005:3 -115:1 3 <
ffff8e67c6eea900 2919302033 C Ii:2:005:3 0:1 3 = 100000
ffff8e67c6eea900 2919302143 S Ci:2:005:0 s c0 bc 0800 0016 0002 2 <
ffff8e67c6eea900 2919304715 C Ci:2:005:0 0 2 = 0900
ffff8e67c6eea900 2919304826 S Ci:2:005:0 s c0 bc 0900 001c 0002 2 <
ffff8e67c6eea900 2919307456 C Ci:2:005:0 0 2 = 2f6f
ffff8e67c6eea900 2919307586 S Ci:2:005:0 s c0 bc 0800 23be 0002 2 <
ffff8e67c6eea900 2919310026 C Ci:2:005:0 0 2 = 0000
ffff8e67c6eea900 2919310163 S Co:2:005:0 s 40 bc 0900 0014 0002 2 = d09e
ffff8e67c6eea900 2919312771 C Co:2:005:0 0 2 >
ffff8e67c6eea900 2919312884 S Ci:2:005:0 s c0 bc 0900 001c 0002 2 <
ffff8e67c6eea900 2919315545 C Ci:2:005:0 0 2 = 2f6f
ffff8e67c6eea900 2919315651 S Co:2:005:0 s 40 b9 0000 0000 0004 4 = 09016638
ffff8e67c6eea900 2919318310 C Co:2:005:0 0 4 >
ffff8e67c6eea900 2919318445 S Ii:2:005:3 -115:1 3 <
ffff8e67c6eea900 2919319590 C Ii:2:005:3 0:1 3 = 100000
ffff8e67c6eea900 2919319710 S Ci:2:005:0 s c0 bc 0800 0016 0002 2 <
ffff8e67c6eea900 2919322390 C Ci:2:005:0 0 2 = 0900
ffff8e67c6eea900 2919322507 S Ci:2:005:0 s c0 bc 0900 001c 0002 2 <
ffff8e67c6eea900 2919325084 C Ci:2:005:0 0 2 = 2f6f
ffff8e67c6eea900 2919325195 S Ci:2:005:0 s c0 bc 0800 23be 003a 58 <
ffff8e67c6eea900 2919327774 C Ci:2:005:0 0 58 = 0000e95c cf42b528 9b0e81f4 67da4dc0 33a6198c ff72e558 cb3eb124 970a7df0
ffff8e67c6eea900 2919327893 S Co:2:005:0 s 40 bc 0800 00c0 0006 6 = ab923eb4 db74
ffff8e67c6eea900 2919330492 C Co:2:005:0 0 6 >
ffff8e67c6eea900 2919330605 S Co:2:005:0 s 40 b9 0000 0000 0004 4 = 09006606
ffff8e67c6eea900 2919333159 C Co:2:005:0 0 4 >
ffff8e67c6eea900 2919333248 S Ii:2:005:3 -115:1 3 <
ffff8e67c6eea900 2919334483 C Ii:2:005:3 0:1 3 = 100000
ffff8e67c6eea900 2919334608 S Ci:2:005:0 s c0 bc 0800 0016 0002 2 <
ffff8e67c6eea900 2919337267 C Ci:2:005:0 0 2 = 0900
ffff8e67c6eea900 2919337381 S Ci:2:005:0 s c0 bc 0900 001c 0002 2 <
ffff8e67c6eea900 2919339924 C Ci:2:005:0 0 2 = 2f6f
ffff8e67c6eea900 2919340123 S Ci:2:005:0 s c0 bc 0800 23be 0002 2 <
ffff8e67c6eea900 2919342619 C Ci:2:005:0 0 2 = 0000
ffff8e67c6eea900 2919342729 S Co:2:005:0 s 40 bc 0900 0014 0002 2 = d09e
ffff8e67c6eea900 2919345250 C Co:2:005:0 0 2 >
ffff8e67c6eea900 2919345363 S Ci:2:005:0 s c0 bc 0900 001c 0002 2 <
ffff8e67c6eea900 2919348007 C Ci:2:005:0 0 2 = 2f6f
ffff8e67c6eea900 2919348141 S Co:2:005:0 s 40 b9 0000 0000 0004 4 = 09016638
ffff8e67c6eea900 2919350711 C Co:2:005:0 0 4 >
ffff8e67c6eea900 2919350835 S Ii:2:005:3 -115:1 3 <
ffff8e67c6eea900 2919352013 C Ii:2:005:3 0:1 3 = 100000
ffff8e67c6eea900 2919352118 S Ci:2:005:0 s c0 bc 0800 0016 0002 2 <
ffff8e67c6eea900 2919354750 C Ci:2:005:0 0 2 = 0900
ffff8e67c6eea900 2919354864 S Ci:2:005:0 s c0 bc 0900 001c 0002 2 <
ffff8e67c6eea900 2919357468 C Ci:2:005:0 0 2 = 2f6f
ffff8e67c6eea900 2919357585 S Ci:2:005:0 s c0 bc 0800 23be 003a 58 <
ffff8e67c6eea900 2919360099 C Ci:2:005:0 0 58 = 0000e95c cf42b528 9b0e81f4 67da4dc0 33a6198c ff72e558 cb3eb124 970a7df0
ffff8e67c6eea900 2919360301 S Co:2:005:0 s 40 bc 0800 00c0 0006 6 = ab923eb4 1375
ffff8e67c6eea900 2919362866 C Co:2:005:0 0 6 >
ffff8e67c6eea900 2919363015 S Co:2:005:0 s 40 b9 0000 0000 0004 4 = 09006606
ffff8e67c6eea900 2919365513 C Co:2:005:0 0 4 >
ffff8e67c6eea900 2919365614 S Ii:2:005:3 -115:1 3 <
ffff8e67c6eea900 2919366808 C Ii:2:005:3 0:1 3 = 100000
ffff8e67c6eea900 2919366917 S Ci:2:005:0 s c0 bc 0800 0016 0002 2 <
ffff8e67c6eea900 2919369469 C Ci:2:005:0 0 2 = 0900
ffff8e67c6eea900 2919369583 S Ci:2:005:0 s c0 bc 0900 001c 0002 2 <
ffff8e67c6eea900 2919372142 C Ci:2:005:0 0 2 = 2f6f
ffff8e67c6eea900 2919372282 S Ci:2:005:0 s c0 bc 0800 23be 0002 2 <
ffff8e67c6eea900 2919374765 C Ci:2:005:0 0 2 = 0000
ffff8e67c6eea900 2919374880 S Co:2:005:0 s 40 bc 0900 0014 0002 2 = d09e
ffff8e67c6eea900 2919377479 C Co:2:005:0 0 2 >
ffff8e67c6eea900 2919377594 S Ci:2:005:0 s c0 bc 0900 001c 0002 2 <
ffff8e67c6eea900 2919380210 C Ci:2:005:0 0 2 = 2f6f
ffff8e67c6eea900 2919380327 S Co:2:005:0 s 40 b9 0000 0000 0004 4 = 09016638
ffff8e67c6eea900 2919382767 C Co:2:005:0 0 4 >
ffff8e67c6eea900 2919382996 S Ii:2:005:3 -115:1 3 <
ffff8e67c6eea900 2919384122 C Ii:2:005:3 0:1 3 = 100000
ffff8e67c6eea900 2919384229 S Ci:2:005:0 s c0 bc 0800 0016 0002 2 <
ffff8e67c6eea900 2919386980 C Ci:2:005:0 0 2 = 0900
ffff8e67c6eea900 2919387106 S Ci:2:005:0 s c0 bc 0900 001c 0002 2 <
ffff8e67c6eea900 2919389521 C Ci:2:005:0 0 2 = 2f6f
ffff8e67c6eea900 2919389693 S Ci:2:005:0 s c0 bc 0800 23be 003a 58 <
ffff8e67c6eea900 2919392274 C Ci:2:005:0 0 58 = 0000e95c cf42b528 9b0e81f4 67da4dc0 33a6198c ff72e558 cb3eb124 970a7df0
ffff8e67c6eea900 2919392387 S Co:2:005:0 s 40 bc 0800 00c0 0006 6 = ab923eb4 4b75
ffff8e67c6eea900 2919394815 C Co:2:005:0 0 6 >
ffff8e67c6eea900 2919394931 S Co:2:005:0 s 40 b9 0000 0000 0004 4 = 09006606
ffff8e67c6eea900 2919397514 C Co:2:005:0 0 4 >
ffff8e67c6eea900 2919397614 S Ii:2:005:3 -115:1 3 <
ffff8e67c6eea900 2919398789 C Ii:2:005:3 0:1 3 = 100000
ffff8e67c6eea900 2919398901 S Ci:2:005:0 s c0 bc 0800 0016 0002 2 <
ffff8e67c6eea900 2919401668 C Ci:2:005:0 0 2 = 0900
ffff8e67c6eea900 2919401792 S Ci:2:005:0 s c0 bc 0900 001c 0002 2 <
ffff8e67c6eea900 2919404262 C Ci:2:005:0 0 2 = 2f6f
ffff8e67c6eea900 2919404376 S Ci:2:005:0 s c0 bc 0800 23be 0002 2 <
ffff8e67c6eea900 2919407015 C Ci:2:005:0 0 2 = 0000
ffff8e67c6eea900 2919407131 S Co:2:005:0 s 40 bc 0900 0014 0002 2 = d09e
ffff8e67c6eea900 2919409694 C Co:2:005:0 0 2 >
ffff8e67c6eea900 2919409807 S Ci:2:005:0 s c0 bc 0900 001c 0002 2 <
ffff8e67c6eea900 2919412407 C Ci:2:005:0 0 2 = 2f6f
ffff8e67c6eea900 2919412514 S Co:2:005:0 s 40 b9 0000 0000 0004 4 = 09016638
ffff8e67c6eea900 2919415100 C Co:2:005:0 0 4 >
ffff8e67c6eea900 2919415214 S Ii:2:005:3 -115:1 3 <
ffff8e67c6eea900 2919416500 C Ii:2:005:3 0:1 3 = 100000
ffff8e67c6eea900 2919416616 S Ci:2:005:0 s c0 bc 0800 0016 0002 2 <
ffff8e67c6eea900 2919419282 C Ci:2:005:0 0 2 = 0900
ffff8e67c6eea900 2919419411 S Ci:2:005:0 s c0 bc 0900 001c 0002 2 <
ffff8e67c6eea900 2919422043 C Ci:2:005:0 0 2 = 2f6f
ffff8e67c6eea900 2919422156 S Ci:2:005:0 s c0 bc 0800 23be 003a 58 <
ffff8e67c6eea900 2919424739 C Ci:2:005:0 0 58 = 0000e95c cf42b528 9b0e81f4 67da4dc0 33a6198c ff72e558 cb3eb124 970a7df0
ffff8e67c6eea900 2919424857 S Co:2:005:0 s 40 bc 0800 00c0 0006 6 = ab923eb4 8375
ffff8e67c6eea900 2919427461 C Co:2:005:0 0 6 >
ffff8e67c6eea900 2919427573 S Co:2:005:0 s 40 b9 0000 0000 0004 4 = 09006606
ffff8e67c6eea900 2919430152 C Co:2:005:0 0 4 >
ffff8e67c6eea900 2919430276 S Ii:2:005:3 -115:1 3 <
ffff8e67c6eea900 2919431523 C Ii:2:005:3 0:1 3 = 100000
ffff8e67c6eea900 2919431635 S Ci:2:005:0 s c0 bc 0800 0016 0002 2 <
ffff8e67c6eea900 2919434342 C Ci:2:005:0 0 2 = 0900
ffff8e67c6eea900 2919434456 S Ci:2:005:0 s c0 bc 0900 001c 0002 2 <
ffff8e67c6eea900 2919437099 C Ci:2:005:0 0 2 = 2f6f
ffff8e67c6eea900 2919437201 S Ci:2:005:0 s c0 bc 0800 23be 0002 2 <
ffff8e67c6eea900 2919439798 C Ci:2:005:0 0 2 = 0000
ffff8e67c6eea900 2919439912 S Co:2:005:0 s 40 bc 0900 0014 0002 2 = d09e
ffff8e67c6eea900 2919442537 C Co:2:005:0 0 2 >
ffff8e67c6eea900 2919442652 S Ci:2:005:0 s c0 bc 0900 001c 0002 2 <
ffff8e67c6eea900 2919445330 C Ci:2:005:0 0 2 = 2f6f
ffff8e67c6eea900 2919445441 S Co:2:005:0 s 40 b9 0000 0000 0004 4 = 09016638
ffff8e67c6eea900 2919448090 C Co:2:005:0 0 4 >
ffff8e67c6eea900 2919448160 S Ii:2:005:3 -115:1 3 <
ffff8e67c6eea900 2919449310 C Ii:2:005:3 0:1 3 = 100000
ffff8e67c6eea900 2919449405 S Ci:2:005:0 s c0 bc 0800 0016 0002 2 <
ffff8e67c6eea900 2919451996 C Ci:2:005:0 0 2 = 0900
ffff8e67c6eea900 2919452153 S Ci:2:005:0 s c0 bc 0900 001c 0002 2 <
ffff8e67c6eea900 2919454819 C Ci:2:005:0 0 2 = 2f6f
ffff8e67c6eea900 2919454933 S Ci:2:005:0 s c0 bc 0800 23be 003a 58 <
ffff8e67c6eea900 2919457566 C Ci:2:005:0 0 58 = 0000e95c cf42b528 9b0e81f4 67da4dc0 33a6198c ff72e558 cb3eb124 970a7df0
ffff8e67c6eea900 2919457674 S Co:2:005:0 s 40 bc 0800 00c0 0006 6 = ab923eb4 bb75
ffff8e67c6eea900 2919460223 C Co:2:005:0 0 6 >
ffff8e67c6eea900 2919460359 S Co:2:005:0 s 40 b9 0000 0000 0004 4 = 09006606
ffff8e67c6eea900 2919463062 C Co:2:005:0 0 4 >
ffff8e67c6eea900 2919463161 S Ii:2:005:3 -115:1 3 <
ffff8e67c6eea900 2919464345 C Ii:2:005:3 0:1 3 = 100000
ffff8e67c6eea900 2919464452 S Ci:2:005:0 s c0 bc 0800 0016 0002 2 <
ffff8e67c6eea900 2919467203 C Ci:2:005:0 0 2 = 0900
ffff8e67c6eea900 2919467319 S Ci:2:005:0 s c0 bc 0900 001c 0002 2 <
ffff8e67c6eea900 2919469945 C Ci:2:005:0 0 2 = 2f6f
ffff8e67c6eea900 2919470085 S Ci:2:005:0 s c0 bc 0800 23be 0002 2 <
ffff8e67c6eea900 2919472593 C Ci:2:005:0 0 2 = 0000
ffff8e67c6eea900 2919472704 S Co:2:005:0 s 40 bc 0900 0014 0002 2 = d09e
ffff8e67c6eea900 2919475483 C Co:2:005:0 0 2 >
ffff8e67c6eea900 2919475568 S Ci:2:005:0 s c0 bc 0900 001c 0002 2 <
ffff8e67c6eea900 2919478162 C Ci:2:005:0 0 2 = 2f6f
ffff8e67c6eea900 2919478289 S Co:2:005:0 s 40 b9 0000 0000 0004 4 = 09016638
ffff8e67c6eea900 2919480929 C Co:2:005:0 0 4 >
ffff8e67c6eea900 2919481037 S Ii:2:005:3 -115:1 3 <
ffff8e67c6eea900 2919482295 C Ii:2:005:3 0:1 3 = 100000
ffff8e67c6eea900 2919482400 S Ci:2:005:0 s c0 bc 0800 0016 0002 2 <
ffff8e67c6eea900 2919485111 C Ci:2:005:0 0 2 = 0900
ffff8e67c6eea900 2919485218 S Ci:2:005:0 s c0 bc 0900 001c 0002 2 <
ffff8e67c6eea900 2919487889 C Ci:2:005:0 0 2 = 2f6f
ffff8e67c6eea900 2919488063 S Ci:2:005:0 s c0 bc 0800 23be 003a 58 <
ffff8e67c6eea900 2919490480 C Ci:2:005:0 0 58 = 0000e95c cf42b528 9b0e81f4 67da4dc0 33a6198c ff72e558 cb3eb124 970a7df0
ffff8e67c6eea900 2919490593 S Co:2:005:0 s 40 bc 0800 00c0 0006 6 = ab923eb4 f375
ffff8e67c6eea900 2919493130 C Co:2:005:0 0 6 >
ffff8e67c6eea900 2919493259 S Co:2:005:0 s 40 b9 0000 0000 0004 4 = 09006606
ffff8e67c6eea900 2919495945 C Co:2:005:0 0 4 >
ffff8e67c6eea900 2919496073 S Ii:2:005:3 -115:1 3 <
ffff8e67c6eea900 2919497270 C Ii:2:005:3 0:1 3 = 100000
ffff8e67c6eea900 2919497373 S Ci:2:005:0 s c0 bc 0800 0016 0002 2 <
ffff8e67c6eea900 2919500110 C Ci:2:005:0 0 2 = 0900
ffff8e67c6eea900 2919500212 S Ci:2:005:0 s c0 bc 0900 001c 0002 2 <
ffff8e67c6eea900 2919502960 C Ci:2:005:0 0 2 = 2f6f
ffff8e67c6eea900 2919503085 S Ci:2:005:0 s c0 bc 0800 23be 0002 2 <
ffff8e67c6eea900 2919505666 C Ci:2:005:0 0 2 = 0000
ffff8e67c6eea900 2919505775 S Co:2:005:0 s 40 bc 0900 0014 0002 2 = d09e
ffff8e67c6eea900 2919508468 C Co:2:005:0 0 2 >
ffff8e67c6eea900 2919508578 S Ci:2:005:0 s c0 bc 0900 001c 0002 2 <
ffff8e67c6eea900 2919511153 C Ci:2:005:0 0 2 = 2f6f
ffff8e67c6eea900 2919511261 S Co:2:005:0 s 40 b9 0000 0000 0004 4 = 09016638
ffff8e67c6eea900 2919513918 C Co:2:005:0 0 4 >
ffff8e67c6eea900 2919514103 S Ii:2:005:3 -115:1 3 <
ffff8e67c6eea900 2919515264 C Ii:2:005:3 0:1 3 = 100000
ffff8e67c6eea900 2919515334 S Ci:2:005:0 s c0 bc 0800 0016 0002 2 <
ffff8e67c6eea900 2919517973 C Ci:2:005:0 0 2 = 0900
ffff8e67c6eea900 2919518167 S Ci:2:005:0 s c0 bc 0900 001c 0002 2 <
ffff8e67c6eea900 2919520693 C Ci:2:005:0 0 2 = 2f6f
ffff8e67c6eea900 2919520887 S Ci:2:005:0 s c0 bc 0800 23be 003a 58 <
ffff8e67c6eea900 2919523412 C Ci:2:005:0 0 58 = 0000e95c cf42b528 9b0e81f4 67da4dc0 33a6198c ff72e558 cb3eb124 970a7df0
ffff8e67c6eea900 2919523603 S Co:2:005:0 s 40 bc 0800 00c0 0006 6 = ab923eb4 2b72
ffff8e67c6eea900 2919526029 C Co:2:005:0 0 6 >
ffff8e67c6eea900 2919526129 S Co:2:005:0 s 40 b9 0000 0000 0004 4 = 09006606
ffff8e67c6eea900 2919528763 C Co:2:005:0 0 4 >
ffff8e67c6eea900 2919528931 S Ii:2:005:3 -115:1 3 <
ffff8e67c6eea900 2919530057 C Ii:2:005:3 0:1 3 = 100000
ffff8e67c6eea900 2919530126 S Ci:2:005:0 s c0 bc 0800 0016 0002 2 <
ffff8e67c6eea900 2919533006 C Ci:2:005:0 0 2 = 0900
ffff8e67c6eea900 2919533165 S Ci:2:005:0 s c0 bc 0900 001c 0002 2 <
ffff8e67c6eea900 2919535779 C Ci:2:005:0 0 2 = 2f6f
ffff8e67c6eea900 2919535893 S Ci:2:005:0 s c0 bc 0800 23be 0002 2 <
ffff8e67c6eea900 2919538433 C Ci:2:005:0 0 2 = 0000
ffff8e67c6eea900 2919538571 S Co:2:005:0 s 40 bc 0900 0014 0002 2 = d09e
ffff8e67c6eea900 2919541094 C Co:2:005:0 0 2 >
ffff8e67c6eea900 2919541290 S Ci:2:005:0 s c0 bc 0900 001c 0002 2 <
ffff8e67c6eea900 2919543745 C Ci:2:005:0 0 2 = 2f6f
ffff8e67c6eea900 2919543915 S Co:2:005:0 s 40 b9 0000 0000 0004 4 = 09016638
ffff8e67c6eea900 2919546419 C Co:2:005:0 0 4 >
ffff8e67c6eea900 2919546578 S Ii:2:005:3 -115:1 3 <
ffff8e67c6eea900 2919547671 C Ii:2:005:3 0:1 3 = 100000
ffff8e67c6eea900 2919547779 S Ci:2:005:0 s c0 bc 0800 0016 0002 2 <
ffff8e67c6eea900 2919550390 C Ci:2:005:0 0 2 = 0900
ffff8e67c6eea900 2919550501 S Ci:2:005:0 s c0 bc 0900 001c 0002 2 <
ffff8e67c6eea900 2919553054 C Ci:2:005:0 0 2 = 2f6f
ffff8e67c6eea900 2919553159 S Ci:2:005:0 s c0 bc 0800 23be 003a 58 <
ffff8e67c6eea900 2919555742 C Ci:2:005:0 0 58 = 0000e95c cf42b528 9b0e81f4 67da4dc0 33a6198c ff72e558 cb3eb124 970a7df0
ffff8e67c6eea900 2919555856 S Co:2:005:0 s 40 bc 0800 00c0 0006 6 = ab923eb4 6372
ffff8e67c6eea900 2919558476 C Co:2:005:0 0 6 >
ffff8e67c6eea900 2919558580 S Co:2:005:0 s 40 b9 0000 0000 0004 4 = 09006606
ffff8e67c6eea900 2919561286 C Co:2:005:0 0 4 >
ffff8e67c6eea900 2919561379 S Ii:2:005:3 -115:1 3 <
ffff8e67c6eea900 2919562556 C Ii:2:005:3 0:1 3 = 100000
ffff8e67c6eea900 2919562660 S Ci:2:005:0 s c0 bc 0800 0016 0002 2 <
ffff8e67c6eea900 2919565530 C Ci:2:005:0 0 2 = 0900
ffff8e67c6eea900 2919565634 S Ci:2:005:0 s c0 bc 0900 001c 0002 2 <
ffff8e67c6eea900 2919568152 C Ci:2:005:0 0 2 = 2f6f
ffff8e67c6eea900 2919568281 S Ci:2:005:0 s c0 bc 0800 23be 0002 2 <
ffff8e67c6eea900 2919570837 C Ci:2:005:0 0 2 = 0000
ffff8e67c6eea900 2919570943 S Co:2:005:0 s 40 bc 0900 0014 0002 2 = d09e
ffff8e67c6eea900 2919573669 C Co:2:005:0 0 2 >
ffff8e67c6eea900 2919573786 S Ci:2:005:0 s c0 bc 0900 001c 0002 2 <
ffff8e67c6eea900 2919577128 C Ci:2:005:0 0 2 = 2f6f
ffff8e67c6eea900 2919577246 S Co:2:005:0 s 40 b9 0000 0000 0004 4 = 09016638
ffff8e67c6eea900 2919580109 C Co:2:005:0 0 4 >
ffff8e67c6eea900 2919580216 S Ii:2:005:3 -115:1 3 <
ffff8e67c6eea900 2919581447 C Ii:2:005:3 0:1 3 = 100000
ffff8e67c6eea900 2919581552 S Ci:2:005:0 s c0 bc 0800 0016 0002 2 <
ffff8e67c6eea900 2919584191 C Ci:2:005:0 0 2 = 0900
ffff8e67c6eea900 2919584312 S Ci:2:005:0 s c0 bc 0900 001c 0002 2 <
ffff8e67c6eea900 2919586950 C Ci:2:005:0 0 2 = 2f6f
ffff8e67c6eea900 2919587060 S Ci:2:005:0 s c0 bc 0800 23be 003a 58 <
ffff8e67c6eea900 2919589589 C Ci:2:005:0 0 58 = 0000e95c cf42b528 9b0e81f4 67da4dc0 33a6198c ff72e558 cb3eb124 970a7df0
ffff8e67c6eea900 2919589698 S Co:2:005:0 s 40 bc 0800 00c0 0006 6 = ab923eb4 9b72
ffff8e67c6eea900 2919592388 C Co:2:005:0 0 6 >
ffff8e67c6eea900 2919592496 S Co:2:005:0 s 40 b9 0000 0000 0004 4 = 09006606
ffff8e67c6eea900 2919595053 C Co:2:005:0 0 4 >
ffff8e67c6eea900 2919595150 S Ii:2:005:3 -115:1 3 <
ffff8e67c6eea900 2919596322 C Ii:2:005:3 0:1 3 = 100000
ffff8e67c6eea900 2919596427 S Ci:2:005:0 s c0 bc 0800 0016 0002 2 <
ffff8e67c6eea900 2919599173 C Ci:2:005:0 0 2 = 0900
ffff8e67c6eea900 2919599269 S Ci:2:005:0 s c0 bc 0900 001c 0002 2 <
ffff8e67c6eea900 2919601900 C Ci:2:005:0 0 2 = 2f6f
ffff8e67c6eea900 2919602046 S Ci:2:005:0 s c0 bc 0800 23be 0002 2 <
ffff8e67c6eea900 2919604620 C Ci:2:005:0 0 2 = 0000
ffff8e67c6eea900 2919604726 S Co:2:005:0 s 40 bc 0900 0014 0002 2 = d09e
ffff8e67c6eea900 2919607482 C Co:2:005:0 0 2 >
ffff8e67c6eea900 2919607590 S Ci:2:005:0 s c0 bc 0900 001c 0002 2 <
ffff8e67c6eea900 2919610220 C Ci:2:005:0 0 2 = 2f6f
ffff8e67c6eea900 2919610341 S Co:2:005:0 s 40 b9 0000 0000 0004 4 = 09016638
ffff8e67c6eea900 2919612909 C Co:2:005:0 0 4 >
ffff8e67c6eea900 2919613018 S Ii:2:005:3 -115:1 3 <
ffff8e67c6eea900 2919614287 C Ii:2:005:3 0:1 3 = 100000
ffff8e67c6eea900 2919614394 S Ci:2:005:0 s c0 bc 0800 0016 0002 2 <
ffff8e67c6eea900 2919617099 C Ci:2:005:0 0 2 = 0900
ffff8e67c6eea900 2919617187 S Ci:2:005:0 s c0 bc 0900 001c 0002 2 <
ffff8e67c6eea900 2919619802 C Ci:2:005:0 0 2 = 2f6f
ffff8e67c6eea900 2919619913 S Ci:2:005:0 s c0 bc 0800 23be 003a 58 <
ffff8e67c6eea900 2919622531 C Ci:2:005:0 0 58 = 0000e95c cf42b528 9b0e81f4 67da4dc0 33a6198c ff72e558 cb3eb124 970a7df0
ffff8e67c6eea900 2919622643 S Co:2:005:0 s 40 bc 0800 00c0 0006 6 = ab923eb4 d372
ffff8e67c6eea900 2919625305 C Co:2:005:0 0 6 >
ffff8e67c6eea900 2919625444 S Co:2:005:0 s 40 b9 0000 0000 0004 4 = 09006606
ffff8e67c6eea900 2919628047 C Co:2:005:0 0 4 >
ffff8e67c6eea900 2919628185 S Ii:2:005:3 -115:1 3 <
ffff8e67c6eea900 2919629363 C Ii:2:005:3 0:1 3 = 100000
ffff8e67c6eea900 2919629473 S Ci:2:005:0 s c0 bc 0800 0016 0002 2 <
ffff8e67c6eea900 2919632152 C Ci:2:005:0 0 2 = 0900
ffff8e67c6eea900 2919632263 S Ci:2:005:0 s c0 bc 0900 001c 0002 2 <
ffff8e67c6eea900 2919634884 C Ci:2:005:0 0 2 = 2f6f
ffff8e67c6eea900 2919634994 S Ci:2:005:0 s c0 bc 0800 23be 0002 2 <
ffff8e67c6eea900 2919637564 C Ci:2:005:0 0 2 = 0000
ffff8e67c6eea900 2919637674 S Co:2:005:0 s 40 bc 0900 0014 0002 2 = d09e
ffff8e67c6eea900 2919640203 C Co:2:005:0 0 2 >
ffff8e67c6eea900 2919640290 S Ci:2:005:0 s c0 bc 0900 001c 0002 2 <
ffff8e67c6eea900 2919643003 C Ci:2:005:0 0 2 = 2f6f
ffff8e67c6eea900 2919643125 S Co:2:005:0 s 40 b9 0000 0000 0004 4 = 09016638
ffff8e67c6eea900 2919645745 C Co:2:005:0 0 4 >
ffff8e67c6eea900 2919645851 S Ii:2:005:3 -115:1 3 <
ffff8e67c6eea900 2919647144 C Ii:2:005:3 0:1 3 = 100000
ffff8e67c6eea900 2919647278 S Ci:2:005:0 s c0 bc 0800 0016 0002 2 <
ffff8e67c6eea900 2919649972 C Ci:2:005:0 0 2 = 0900
ffff8e67c6eea900 2919650080 S Ci:2:005:0 s c0 bc 0900 001c 0002 2 <
ffff8e67c6eea900 2919652708 C Ci:2:005:0 0 2 = 2f6f
ffff8e67c6eea900 2919652824 S Ci:2:005:0 s c0 bc 0800 23be 003a 58 <
ffff8e67c6eea900 2919655310 C Ci:2:005:0 0 58 = 0000e95c cf42b528 9b0e81f4 67da4dc0 33a6198c ff72e558 cb3eb124 970a7df0
ffff8e67c6eea900 2919655400 S Co:2:005:0 s 40 bc 0800 00c0 0006 6 = ab923eb4 0b73
ffff8e67c6eea900 2919657956 C Co:2:005:0 0 6 >
ffff8e67c6eea900 2919658040 S Co:2:005:0 s 40 b9 0000 0000 0004 4 = 09006606
ffff8e67c6eea900 2919660563 C Co:2:005:0 0 4 >
ffff8e67c6eea900 2919660648 S Ii:2:005:3 -115:1 3 <
ffff8e67c6eea900 2919662029 C Ii:2:005:3 0:1 3 = 100000
ffff8e67c6eea900 2919662109 S Ci:2:005:0 s c0 bc 0800 0016 0002 2 <
ffff8e67c6eea900 2919664768 C Ci:2:005:0 0 2 = 0900
ffff8e67c6eea900 2919664889 S Ci:2:005:0 s c0 bc 0900 001c 0002 2 <
ffff8e67c6eea900 2919667536 C Ci:2:005:0 0 2 = 2f6f
ffff8e67c6eea900 2919667644 S Ci:2:005:0 s c0 bc 0800 23be 0002 2 <
ffff8e67c6eea900 2919670275 C Ci:2:005:0 0 2 = 0000
ffff8e67c6eea900 2919670384 S Co:2:005:0 s 40 bc 0900 0014 0002 2 = d09e
ffff8e67c6eea900 2919673051 C Co:2:005:0 0 2 >
ffff8e67c6eea900 2919673152 S Ci:2:005:0 s c0 bc 0900 001c 0002 2 <
ffff8e67c6eea900 2919675748 C Ci:2:005:0 0 2 = 2f6f
ffff8e67c6eea900 2919675904 S Co:2:005:0 s 40 b9 0000 0000 0004 4 = 09016638
ffff8e67c6eea900 2919678584 C Co:2:005:0 0 4 >
ffff8e67c6eea900 2919678688 S Ii:2:005:3 -115:1 3 <
ffff8e67c6eea900 2919679896 C Ii:2:005:3 0:1 3 = 100000
ffff8e67c6eea900 2919680030 S Ci:2:005:0 s c0 bc 0800 0016 0002 2 <
ffff8e67c6eea900 2919682642 C Ci:2:005:0 0 2 = 0900
ffff8e67c6eea900 2919682754 S Ci:2:005:0 s c0 bc 0900 001c 0002 2 <
ffff8e67c6eea900 2919685497 C Ci:2:005:0 0 2 = 2f6f
ffff8e67c6eea900 2919685597 S Ci:2:005:0 s c0 bc 0800 23be 003a 58 <
ffff8e67c6eea900 2919688214 C Ci:2:005:0 0 58 = 0000e95c cf42b528 9b0e81f4 67da4dc0 33a6198c ff72e558 cb3eb124 970a7df0
ffff8e67c6eea900 2919688350 S Co:2:005:0 s 40 bc 0800 00c0 0006 6 = ab923eb4 4373
ffff8e67c6eea900 2919691005 C Co:2:005:0 0 6 >
ffff8e67c6eea900 2919691118 S Co:2:005:0 s 40 b9 0000 0000 0004 4 = 09006606
ffff8e67c6eea900 2919693819 C Co:2:005:0 0 4 >
ffff8e67c6eea900 2919694056 S Ii:2:005:3 -115:1 3 <
ffff8e67c6eea900 2919695100 C Ii:2:005:3 0:1 3 = 100000
ffff8e67c6eea900 2919695203 S Ci:2:005:0 s c0 bc 0800 0016 0002 2 <
ffff8e67c6eea900 2919698043 C Ci:2:005:0 0 2 = 0900
ffff8e67c6eea900 2919698136 S Ci:2:005:0 s c0 bc 0900 001c 0002 2 <
ffff8e67c6eea900 2919700721 C Ci:2:005:0 0 2 = 2f6f
ffff8e67c6eea900 2919700815 S Ci:2:005:0 s c0 bc 0800 23be 0002 2 <
ffff8e67c6eea900 2919703411 C Ci:2:005:0 0 2 = 0000
ffff8e67c6eea900 2919703566 S Co:2:005:0 s 40 bc 0900 0014 0002 2 = d09e
ffff8e67c6eea900 2919706033 C Co:2:005:0 0 2 >
ffff8e67c6eea900 2919706144 S Ci:2:005:0 s c0 bc 0900 001c 0002 2 <
ffff8e67c6eea900 2919708843 C Ci:2:005:0 0 2 = 2f6f
ffff8e67c6eea900 2919709064 S Co:2:005:0 s 40 b9 0000 0000 0004 4 = 09016638
ffff8e67c6eea900 2919711523 C Co:2:005:0 0 4 >
ffff8e67c6eea900 2919711630 S Ii:2:005:3 -115:1 3 <
ffff8e67c6eea900 2919712941 C Ii:2:005:3 0:1 3 = 100000
ffff8e67c6eea900 2919713079 S Ci:2:005:0 s c0 bc 0800 0016 0002 2 <
ffff8e67c6eea900 2919715682 C Ci:2:005:0 0 2 = 0900
ffff8e67c6eea900 2919715811 S Ci:2:005:0 s c0 bc 0900 001c 0002 2 <
ffff8e67c6eea900 2919718437 C Ci:2:005:0 0 2 = 2f6f
ffff8e67c6eea900 2919718571 S Ci:2:005:0 s c0 bc 0800 23be 003a 58 <
ffff8e67c6eea900 2919721131 C Ci:2:005:0 0 58 = 0000e95c cf42b528 9b0e81f4 67da4dc0 33a6198c ff72e558 cb3eb124 970a7df0
ffff8e67c6eea900 2919721266 S Co:2:005:0 s 40 bc 0800 00c0 0006 6 = ab923eb4 7b73
ffff8e67c6eea900 2919724031 C Co:2:005:0 0 6 >
ffff8e67c6eea900 2919724131 S Co:2:005:0 s 40 b9 0000 0000 0004 4 = 09006606
ffff8e67c6eea900 2919726655 C Co:2:005:0 0 4 >
ffff8e67c6eea900 2919726731 S Ii:2:005:3 -115:1 3 <
ffff8e67c6eea900 2919727965 C Ii:2:005:3 0:1 3 = 100000
ffff8e67c6eea900 2919728127 S Ci:2:005:0 s c0 bc 0800 0016 0002 2 <
ffff8e67c6eea900 2919730752 C Ci:2:005:0 0 2 = 0900
ffff8e67c6eea900 2919730862 S Ci:2:005:0 s c0 bc 0900 001c 0002 2 <
ffff8e67c6eea900 2919733583 C Ci:2:005:0 0 2 = 2f6f
ffff8e67c6eea900 2919733660 S Ci:2:005:0 s c0 bc 0800 23be 0002 2 <
ffff8e67c6eea900 2919736268 C Ci:2:005:0 0 2 = 0000
ffff8e67c6eea900 2919736403 S Co:2:005:0 s 40 bc 0900 0014 0002 2 = d09e
ffff8e67c6eea900 2919739024 C Co:2:005:0 0 2 >
ffff8e67c6eea900 2919739134 S Ci:2:005:0 s c0 bc 0900 001c 0002 2 <
ffff8e67c6eea900 2919741804 C Ci:2:005:0 0 2 = 2f6f
ffff8e67c6eea900 2919742042 S Co:2:005:0 s 40 b9 0000 0000 0004 4 = 09016638
ffff8e67c6eea900 2919744521 C Co:2:005:0 0 4 >
ffff8e67c6eea900 2919744628 S Ii:2:005:3 -115:1 3 <
ffff8e67c6eea900 2919746062 C Ii:2:005:3 0:1 3 = 100000
ffff8e67c6eea900 2919746165 S Ci:2:005:0 s c0 bc 0800 0016 0002 2 <
ffff8e67c6eea900 2919748804 C Ci:2:005:0 0 2 = 0900
ffff8e67c6eea900 2919748912 S Ci:2:005:0 s c0 bc 0900 001c 0002 2 <
ffff8e67c6eea900 2919751549 C Ci:2:005:0 0 2 = 2f6f
ffff8e67c6eea900 2919751651 S Ci:2:005:0 s c0 bc 0800 23be 003a 58 <
ffff8e67c6eea900 2919754306 C Ci:2:005:0 0 58 = 0000e95c cf42b528 9b0e81f4 67da4dc0 33a6198c ff72e558 cb3eb124 970a7df0
ffff8e67c6eea900 2919754422 S Co:2:005:0 s 40 bc 0800 00c0 0006 6 = ab923eb4 b373
ffff8e67c6eea900 2919757147 C Co:2:005:0 0 6 >
ffff8e67c6eea900 2919757282 S Co:2:005:0 s 40 b9 0000 0000 0004 4 = 09006606
ffff8e67c6eea900 2919759973 C Co:2:005:0 0 4 >
ffff8e67c6eea900 2919760088 S Ii:2:005:3 -115:1 3 <
ffff8e67c6eea900 2919761250 C Ii:2:005:3 0:1 3 = 100000
ffff8e67c6eea900 2919761377 S Ci:2:005:0 s c0 bc 0800 0016 0002 2 <
ffff8e67c6eea900 2919764056 C Ci:2:005:0 0 2 = 0900
ffff8e67c6eea900 2919764169 S Ci:2:005:0 s c0 bc 0900 001c 0002 2 <
ffff8e67c6eea900 2919766716 C Ci:2:005:0 0 2 = 2f6f
ffff8e67c6eea900 2919766828 S Ci:2:005:0 s c0 bc 0800 23be 0002 2 <
ffff8e67c6eea900 2919769530 C Ci:2:005:0 0 2 = 0000
ffff8e67c6eea900 2919769626 S Co:2:005:0 s 40 bc 0900 0014 0002 2 = d09e
ffff8e67c6eea900 2919772196 C Co:2:005:0 0 2 >
ffff8e67c6eea900 2919772316 S Ci:2:005:0 s c0 bc 0900 001c 0002 2 <
ffff8e67c6eea900 2919774851 C Ci:2:005:0 0 2 = 2f6f
ffff8e67c6eea900 2919774963 S Co:2:005:0 s 40 b9 0000 0000 0004 4 = 09016638
ffff8e67c6eea900 2919777501 C Co:2:005:0 0 4 >
ffff8e67c6eea900 2919777634 S Ii:2:005:3 -115:1 3 <
ffff8e67c6eea900 2919778858 C Ii:2:005:3 0:1 3 = 100000
ffff8e67c6eea900 2919778979 S Ci:2:005:0 s c0 bc 0800 0016 0002 2 <
ffff8e67c6eea900 2919781494 C Ci:2:005:0 0 2 = 0900
ffff8e67c6eea900 2919781595 S Ci:2:005:0 s c0 bc 0900 001c 0002 2 <
ffff8e67c6eea900 2919784131 C Ci:2:005:0 0 2 = 2f6f
ffff8e67c6eea900 2919784236 S Ci:2:005:0 s c0 bc 0800 23be 003a 58 <
ffff8e67c6eea900 2919786900 C Ci:2:005:0 0 58 = 0000e95c cf42b528 9b0e81f4 67da4dc0 33a6198c ff72e558 cb3eb124 970a7df0
ffff8e67c6eea900 2919787013 S Co:2:005:0 s 40 bc 0800 00c0 0006 6 = ab923eb4 eb73
ffff8e67c6eea900 2919789594 C Co:2:005:0 0 6 >
ffff8e67c6eea900 2919789703 S Co:2:005:0 s 40 b9 0000 0000 0004 4 = 09006606
ffff8e67c6eea900 2919792256 C Co:2:005:0 0 4 >
ffff8e67c6eea900 2919792345 S Ii:2:005:3 -115:1 3 <
ffff8e67c6eea900 2919793642 C Ii:2:005:3 0:1 3 = 100000
ffff8e67c6eea900 2919793749 S Ci:2:005:0 s c0 bc 0800 0016 0002 2 <
ffff8e67c6eea900 2919796361 C Ci:2:005:0 0 2 = 0900
ffff8e67c6eea900 2919796471 S Ci:2:005:0 s c0 bc 0900 001c 0002 2 <
ffff8e67c6eea900 2919798984 C Ci:2:005:0 0 2 = 2f6f
ffff8e67c6eea900 2919799108 S Ci:2:005:0 s c0 bc 0800 23be 0002 2 <
ffff8e67c6eea900 2919801771 C Ci:2:005:0 0 2 = 0000
ffff8e67c6eea900 2919801882 S Co:2:005:0 s 40 bc 0900 0014 0002 2 = d09e
ffff8e67c6eea900 2919804543 C Co:2:005:0 0 2 >
ffff8e67c6eea900 2919804637 S Ci:2:005:0 s c0 bc 0900 001c 0002 2 <
ffff8e67c6eea900 2919807264 C Ci:2:005:0 0 2 = 2f6f
ffff8e67c6eea900 2919807374 S Co:2:005:0 s 40 b9 0000 0000 0004 4 = 09016638
ffff8e67c6eea900 2919809966 C Co:2:005:0 0 4 >
ffff8e67c6eea900 2919810051 S Ii:2:005:3 -115:1 3 <
ffff8e67c6eea900 2919811272 C Ii:2:005:3 0:1 3 = 100000
ffff8e67c6eea900 2919811331 S Ci:2:005:0 s c0 bc 0800 0016 0002 2 <
ffff8e67c6eea900 2919814080 C Ci:2:005:0 0 2 = 0900
ffff8e67c6eea900 2919814165 S Ci:2:005:0 s c0 bc 0900 001c 0002 2 <
ffff8e67c6eea900 2919816731 C Ci:2:005:0 0 2 = 2f6f
ffff8e67c6eea900 2919816848 S Ci:2:005:0 s c0 bc 0800 23be 003a 58 <
ffff8e67c6eea900 2919819482 C Ci:2:005:0 0 58 = 0000e95c cf42b528 9b0e81f4 67da4dc0 33a6198c ff72e558 cb3eb124 970a7df0
ffff8e67c6eea900 2919819626 S Co:2:005:0 s 40 bc 0800 00c0 0006 6 = ab923eb4 2370
ffff8e67c6eea900 2919822251 C Co:2:005:0 0 6 >
ffff8e67c6eea900 2919822357 S Co:2:005:0 s 40 b9 0000 0000 0004 4 = 09006606
ffff8e67c6eea900 2919825023 C Co:2:005:0 0 4 >
ffff8e67c6eea900 2919825129 S Ii:2:005:3 -115:1 3 <
ffff8e67c6eea900 2919826417 C Ii:2:005:3 0:1 3 = 100000
ffff8e67c6eea900 2919826524 S Ci:2:005:0 s c0 bc 0800 0016 0002 2 <
ffff8e67c6eea900 2919829121 C Ci:2:005:0 0 2 = 0900
ffff8e67c6eea900 2919829296 S Ci:2:005:0 s c0 bc 0900 001c 0002 2 <
ffff8e67c6eea900 2919831883 C Ci:2:005:0 0 2 = 2f6f
ffff8e67c6eea900 2919831991 S Ci:2:005:0 s c0 bc 0800 23be 0002 2 <
ffff8e67c6eea900 2919834621 C Ci:2:005:0 0 2 = 0000
ffff8e67c6eea900 2919834754 S Co:2:005:0 s 40 bc 0900 0014 0002 2 = d09e
ffff8e67c6eea900 2919837354 C Co:2:005:0 0 2 >
ffff8e67c6eea900 2919837463 S Ci:2:005:0 s c0 bc 0900 001c 0002 2 <
ffff8e67c6eea900 2919840098 C Ci:2:005:0 0 2 = 2f6f
ffff8e67c6eea900 2919840206 S Co:2:005:0 s 40 b9 0000 0000 0004 4 = 09016638
ffff8e67c6eea900 2919842733 C Co:2:005:0 0 4 >
ffff8e67c6eea900 2919842840 S Ii:2:005:3 -115:1 3 <
ffff8e67c6eea900 2919844121 C Ii:2:005:3 0:1 3 = 100000
ffff8e67c6eea900 2919844234 S Ci:2:005:0 s c0 bc 0800 0016 0002 2 <
ffff8e67c6eea900 2919846911 C Ci:2:005:0 0 2 = 0900
ffff8e67c6eea900 2919847020 S Ci:2:005:0 s c0 bc 0900 001c 0002 2 <
ffff8e67c6eea900 2919849652 C Ci:2:005:0 0 2 = 2f6f
ffff8e67c6eea900 2919849766 S Ci:2:005:0 s c0 bc 0800 23be 003a 58 <
ffff8e67c6eea900 2919852381 C Ci:2:005:0 0 58 = 0000e95c cf42b528 9b0e81f4 67da4dc0 33a6198c ff72e558 cb3eb124 970a7df0
ffff8e67c6eea900 2919852495 S Co:2:005:0 s 40 bc 0800 00c0 0006 6 = ab923eb4 5b70
ffff8e67c6eea900 2919855140 C Co:2:005:0 0 6 >
ffff8e67c6eea900 2919855275 S Co:2:005:0 s 40 b9 0000 0000 0004 4 = 09006606
ffff8e67c6eea900 2919857967 C Co:2:005:0 0 4 >
ffff8e67c6eea900 2919858084 S Ii:2:005:3 -115:1 3 <
ffff8e67c6eea900 2919859202 C Ii:2:005:3 0:1 3 = 100000
ffff8e67c6eea900 2919859315 S Ci:2:005:0 s c0 bc 0800 0016 0002 2 <
ffff8e67c6eea900 2919862027 C Ci:2:005:0 0 2 = 0900
ffff8e67c6eea900 2919862137 S Ci:2:005:0 s c0 bc 0900 001c 0002 2 <
ffff8e67c6eea900 2919864768 C Ci:2:005:0 0 2 = 2f6f
ffff8e67c6eea900 2919864873 S Ci:2:005:0 s c0 bc 0800 23be 0002 2 <
ffff8e67c6eea900 2919867516 C Ci:2:005:0 0 2 = 0000
ffff8e67c6eea900 2919867626 S Co:2:005:0 s 40 bc 0900 0014 0002 2 = d09e
ffff8e67c6eea900 2919870341 C Co:2:005:0 0 2 >
ffff8e67c6eea900 2919870453 S Ci:2:005:0 s c0 bc 0900 001c 0002 2 <
ffff8e67c6eea900 2919873021 C Ci:2:005:0 0 2 = 2f6f
ffff8e67c6eea900 2919873133 S Co:2:005:0 s 40 b9 0000 0000 0004 4 = 09016638
ffff8e67c6eea900 2919875807 C Co:2:005:0 0 4 >
ffff8e67c6eea900 2919876057 S Ii:2:005:3 -115:1 3 <
ffff8e67c6eea900 2919877090 C Ii:2:005:3 0:1 3 = 100000
ffff8e67c6eea900 2919877195 S Ci:2:005:0 s c0 bc 0800 0016 0002 2 <
ffff8e67c6eea900 2919879929 C Ci:2:005:0 0 2 = 0900
ffff8e67c6eea900 2919880080 S Ci:2:005:0 s c0 bc 0900 001c 0002 2 <
ffff8e67c6eea900 2919882667 C Ci:2:005:0 0 2 = 2f6f
ffff8e67c6eea900 2919882776 S Ci:2:005:0 s c0 bc 0800 23be 003a 58 <
ffff8e67c6eea900 2919885324 C Ci:2:005:0 0 58 = 0000e95c cf42b528 9b0e81f4 67da4dc0 33a6198c ff72e558 cb3eb124 970a7df0
ffff8e67c6eea900 2919885442 S Co:2:005:0 s 40 bc 0800 00c0 0006 6 = ab923eb4 9370
ffff8e67c6eea900 2919888101 C Co:2:005:0 0 6 >
ffff8e67c6eea900 2919888210 S Co:2:005:0 s 40 b9 0000 0000 0004 4 = 09006606
ffff8e67c6eea900 2919890979 C Co:2:005:0 0 4 >
ffff8e67c6eea900 2919891140 S Ii:2:005:3 -115:1 3 <
ffff8e67c6eea900 2919892347 C Ii:2:005:3 0:1 3 = 100000
ffff8e67c6eea900 2919892537 S Ci:2:005:0 s c0 bc 0800 0016 0002 2 <
ffff8e67c6eea900 2919894961 C Ci:2:005:0 0 2 = 0900
ffff8e67c6eea900 2919895061 S Ci:2:005:0 s c0 bc 0900 001c 0002 2 <
ffff8e67c6eea900 2919897631 C Ci:2:005:0 0 2 = 2f6f
ffff8e67c6eea900 2919897822 S Ci:2:005:0 s c0 bc 0800 23be 0002 2 <
ffff8e67c6eea900 2919900419 C Ci:2:005:0 0 2 = 0000
ffff8e67c6eea900 2919900617 S Co:2:005:0 s 40 bc 0900 0014 0002 2 = d09e
ffff8e67c6eea900 2919903189 C Co:2:005:0 0 2 >
ffff8e67c6eea900 2919903384 S Ci:2:005:0 s c0 bc 0900 001c 0002 2 <
ffff8e67c6eea900 2919905997 C Ci:2:005:0 0 2 = 2f6f
ffff8e67c6eea900 2919906086 S Co:2:005:0 s 40 b9 0000 0000 0004 4 = 09016638
ffff8e67c6eea900 2919908660 C Co:2:005:0 0 4 >
ffff8e67c6eea900 2919908848 S Ii:2:005:3 -115:1 3 <
ffff8e67c6eea900 2919910063 C Ii:2:005:3 0:1 3 = 100000
ffff8e67c6eea900 2919910158 S Ci:2:005:0 s c0 bc 0800 0016 0002 2 <
ffff8e67c6eea900 2919912884 C Ci:2:005:0 0 2 = 0900
ffff8e67c6eea900 2919913049 S Ci:2:005:0 s c0 bc 0900 001c 0002 2 <
ffff8e67c6eea900 2919915554 C Ci:2:005:0 0 2 = 2f6f
ffff8e67c6eea900 2919915767 S Ci:2:005:0 s c0 bc 0800 23be 003a 58 <
ffff8e67c6eea900 2919918333 C Ci:2:005:0 0 58 = 0000e95c cf42b528 9b0e81f4 67da4dc0 33a6198c ff72e558 cb3eb124 970a7df0
ffff8e67c6eea900 2919918554 S Co:2:005:0 s 40 bc 0800 00c0 0006 6 = ab923eb4 cb70
ffff8e67c6eea900 2919921076 C Co:2:005:0 0 6 >
ffff8e67c6eea900 2919921297 S Co:2:005:0 s 40 b9 0000 0000 0004 4 = 09006606
ffff8e67c6eea900 2919923840 C Co:2:005:0 0 4 >
ffff8e67c6eea900 2919924038 S Ii:2:005:3 -115:1 3 <
ffff8e67c6eea900 2919925185 C Ii:2:005:3 0:1 3 = 100000
ffff8e67c6eea900 2919925285 S Ci:2:005:0 s c0 bc 0800 0016 0002 2 <
ffff8e67c6eea900 2919927983 C Ci:2:005:0 0 2 = 0900
ffff8e67c6eea900 2919928173 S Ci:2:005:0 s c0 bc 0900 001c 0002 2 <
ffff8e67c6eea900 2919930707 C Ci:2:005:0 0 2 = 2f6f
ffff8e67c6eea900 2919930885 S Ci:2:005:0 s c0 bc 0800 23be 0002 2 <
ffff8e67c6eea900 2919933423 C Ci:2:005:0 0 2 = 0000
ffff8e67c6eea900 2919933620 S Co:2:005:0 s 40 bc 0900 0014 0002 2 = d09e
ffff8e67c6eea900 2919936206 C Co:2:005:0 0 2 >
ffff8e67c6eea900 2919936318 S Ci:2:005:0 s c0 bc 0900 001c 0002 2 <
ffff8e67c6eea900 2919939003 C Ci:2:005:0 0 2 = 2f6f
ffff8e67c6eea900 2919939109 S Co:2:005:0 s 40 b9 0000 0000 0004 4 = 09016638
ffff8e67c6eea900 2919941711 C Co:2:005:0 0 4 >
ffff8e67c6eea900 2919941918 S Ii:2:005:3 -115:1 3 <
ffff8e67c6eea900 2919943061 C Ii:2:005:3 0:1 3 = 100000
ffff8e67c6eea900 2919943149 S Ci:2:005:0 s c0 bc 0800 0016 0002 2 <
ffff8e67c6eea900 2919945838 C Ci:2:005:0 0 2 = 0900
ffff8e67c6eea900 2919945984 S Ci:2:005:0 s c0 bc 0900 001c 0002 2 <
ffff8e67c6eea900 2919948574 C Ci:2:005:0 0 2 = 2f6f
ffff8e67c6eea900 2919949073 S Ci:2:005:0 s c0 bc 0800 23be 003a 58 <
ffff8e67c6eea900 2919951320 C Ci:2:005:0 0 58 = 0000e95c cf42b528 9b0e81f4 67da4dc0 33a6198c ff72e558 cb3eb124 970a7df0
ffff8e67c6eea900 2919951478 S Co:2:005:0 s 40 bc 0800 00c0 0006 6 = ab923eb4 0371
ffff8e67c6eea900 2919954075 C Co:2:005:0 0 6 >
ffff8e67c6eea900 2919954273 S Co:2:005:0 s 40 b9 0000 0000 0004 4 = 09006606
ffff8e67c6eea900 2919956859 C Co:2:005:0 0 4 >
ffff8e67c6eea900 2919957103 S Ii:2:005:3 -115:1 3 <
ffff8e67c6eea900 2919958175 C Ii:2:005:3 0:1 3 = 100000
ffff8e67c6eea900 2919958322 S Ci:2:005:0 s c0 bc 0800 0016 0002 2 <
ffff8e67c6eea900 2919960991 C Ci:2:005:0 0 2 = 0900
ffff8e67c6eea900 2919961154 S Ci:2:005:0 s c0 bc 0900 001c 0002 2 <
ffff8e67c6eea900 2919963749 C Ci:2:005:0 0 2 = 2f6f
ffff8e67c6eea900 2919963947 S Ci:2:005:0 s c0 bc 0800 23be 0002 2 <
ffff8e67c6eea900 2919966437 C Ci:2:005:0 0 2 = 0000
ffff8e67c6eea900 2919966561 S Co:2:005:0 s 40 bc 0900 0014 0002 2 = d09e
ffff8e67c6eea900 2919969207 C Co:2:005:0 0 2 >
ffff8e67c6eea900 2919969386 S Ci:2:005:0 s c0 bc 0900 001c 0002 2 <
ffff8e67c6eea900 2919971961 C Ci:2:005:0 0 2 = 2f6f
ffff8e67c6eea900 2919972111 S Co:2:005:0 s 40 b9 0000 0000 0004 4 = 09016638
ffff8e67c6eea900 2919974706 C Co:2:005:0 0 4 >
ffff8e67c6eea900 2919974840 S Ii:2:005:3 -115:1 3 <
ffff8e67c6eea900 2919976004 C Ii:2:005:3 0:1 3 = 100000
ffff8e67c6eea900 2919976115 S Ci:2:005:0 s c0 bc 0800 0016 0002 2 <
ffff8e67c6eea900 2919978715 C Ci:2:005:0 0 2 = 0900
ffff8e67c6eea900 2919978863 S Ci:2:005:0 s c0 bc 0900 001c 0002 2 <
ffff8e67c6eea900 2919981469 C Ci:2:005:0 0 2 = 2f6f
ffff8e67c6eea900 2919981615 S Ci:2:005:0 s c0 bc 0800 23be 003a 58 <
ffff8e67c6eea900 2919984271 C Ci:2:005:0 0 58 = 0000e95c cf42b528 9b0e81f4 67da4dc0 33a6198c ff72e558 cb3eb124 970a7df0
ffff8e67c6eea900 2919984474 S Co:2:005:0 s 40 bc 0800 00c0 0006 6 = ab923eb4 3b71
ffff8e67c6eea900 2919986951 C Co:2:005:0 0 6 >
ffff8e67c6eea900 2919987101 S Co:2:005:0 s 40 b9 0000 0000 0004 4 = 09006606
ffff8e67c6eea900 2919989700 C Co:2:005:0 0 4 >
ffff8e67c6eea900 2919989841 S Ii:2:005:3 -115:1 3 <
ffff8e67c6eea900 2919991024 C Ii:2:005:3 0:1 3 = 100000
ffff8e67c6eea900 2919991140 S Ci:2:005:0 s c0 bc 0800 0016 0002 2 <
ffff8e67c6eea900 2919993678 C Ci:2:005:0 0 2 = 0900
ffff8e67c6eea900 2919993830 S Ci:2:005:0 s c0 bc 0900 001c 0002 2 <
ffff8e67c6eea900 2919996420 C Ci:2:005:0 0 2 = 2f6f
ffff8e67c6eea900 2919996635 S Ci:2:005:0 s c0 bc 0800 23be 0002 2 <
ffff8e67c6eea900 2919999180 C Ci:2:005:0 0 2 = 0000
ffff8e67c6eea900 2919999333 S Co:2:005:0 s 40 bc 0900 0014 0002 2 = d09e
ffff8e67c6eea900 2920001914 C Co:2:005:0 0 2 >
ffff8e67c4a97600 2920002114 S Ci:2:005:0 s c0 bc 0900 001c 0002 2 <
ffff8e67c4a97600 2920004628 C Ci:2:005:0 0 2 = 2f6f
ffff8e67c4a97600 2920004681 S Co:2:005:0 s 40 b9 0000 0000 0004 4 = 09016638
ffff8e67c4a97600 2920007412 C Co:2:005:0 0 4 >
ffff8e67c4a97600 2920007461 S Ii:2:005:3 -115:1 3 <
ffff8e67c4a97600 2920008731 C Ii:2:005:3 0:1 3 = 100000
ffff8e67c26db6c0 2920008824 S Ci:2:005:0 s c0 bc 0800 0016 0002 2 <
ffff8e67c26db6c0 2920011618 C Ci:2:005:0 0 2 = 0900
ffff8e67c26db6c0 2920011722 S Ci:2:005:0 s c0 bc 0900 001c 0002 2 <
ffff8e67c26db6c0 2920014331 C Ci:2:005:0 0 2 = 2f6f
ffff8e67c26db6c0 2920014454 S Ci:2:005:0 s c0 bc 0800 23be 003a 58 <
ffff8e67c26db6c0 2920016910 C Ci:2:005:0 0 58 = 0000e95c cf42b528 9b0e81f4 67da4dc0 33a6198c ff72e558 cb3eb124 970a7df0
ffff8e67c26db6c0 2920017028 S Co:2:005:0 s 40 bc 0800 00c0 0006 6 = ab923eb4 7371
ffff8e67c26db6c0 2920019499 C Co:2:005:0 0 6 >
ffff8e67c26db6c0 2920019649 S Co:2:005:0 s 40 b9 0000 0000 0004 4 = 09006606
ffff8e67c26db6c0 2920022173 C Co:2:005:0 0 4 >
ffff8e67c26db6c0 2920022256 S Ii:2:005:3 -115:1 3 <
ffff8e67c26db6c0 2920023484 C Ii:2:005:3 0:1 3 = 100000
ffff8e67c26db6c0 2920023587 S Ci:2:005:0 s c0 bc 0800 0016 0002 2 <
ffff8e67c26db6c0 2920026325 C Ci:2:005:0 0 2 = 0900
ffff8e67c26db6c0 2920026481 S Ci:2:005:0 s c0 bc 0900 001c 0002 2 <
ffff8e67c26db6c0 2920028975 C Ci:2:005:0 0 2 = 2f6f
ffff8e67c26db6c0 2920029093 S Ci:2:005:0 s c0 bc 0800 23be 0002 2 <
ffff8e67c26db6c0 2920031518 C Ci:2:005:0 0 2 = 0000
ffff8e67c26db6c0 2920031695 S Co:2:005:0 s 40 bc 0900 0014 0002 2 = d09e
ffff8e67c26db6c0 2920034208 C Co:2:005:0 0 2 >
ffff8e67c26db6c0 2920034358 S Ci:2:005:0 s c0 bc 0900 001c 0002 2 <
ffff8e67c26db6c0 2920036951 C Ci:2:005:0 0 2 = 2f6f
ffff8e67c26db6c0 2920037123 S Co:2:005:0 s 40 b9 0000 0000 0004 4 = 09016638
ffff8e67c26db6c0 2920039515 C Co:2:005:0 0 4 >
ffff8e67c26db6c0 2920039694 S Ii:2:005:3 -115:1 3 <
ffff8e67c26db6c0 2920040686 C Ii:2:005:3 0:1 3 = 100000
ffff8e67c26db6c0 2920040802 S Ci:2:005:0 s c0 bc 0800 0016 0002 2 <
ffff8e67c26db6c0 2920043428 C Ci:2:005:0 0 2 = 0900
ffff8e67c26db6c0 2920043588 S Ci:2:005:0 s c0 bc 0900 001c 0002 2 <
ffff8e67c26db6c0 2920046116 C Ci:2:005:0 0 2 = 2f6f
ffff8e67c26db6c0 2920046203 S Ci:2:005:0 s c0 bc 0800 23be 003a 58 <
ffff8e67c26db6c0 2920048782 C Ci:2:005:0 0 58 = 0000e95c cf42b528 9b0e81f4 67da4dc0 33a6198c ff72e558 cb3eb124 970a7df0
ffff8e67c26db6c0 2920048931 S Co:2:005:0 s 40 bc 0800 00c0 0006 6 = ab923eb4 ab71
ffff8e67c26db6c0 2920051510 C Co:2:005:0 0 6 >
ffff8e67c26db6c0 2920051667 S Co:2:005:0 s 40 b9 0000 0000 0004 4 = 09006606
ffff8e67c26db6c0 2920054314 C Co:2:005:0 0 4 >
ffff8e67c26db6c0 2920054471 S Ii:2:005:3 -115:1 3 <
ffff8e67c26db6c0 2920055602 C Ii:2:005:3 0:1 3 = 100000
ffff8e67c26db6c0 2920055761 S Ci:2:005:0 s c0 bc 0800 0016 0002 2 <
ffff8e67c26db6c0 2920058387 C Ci:2:005:0 0 2 = 0900
ffff8e67c26db6c0 2920058541 S Ci:2:005:0 s c0 bc 0900 001c 0002 2 <
ffff8e67c26db6c0 2920061064 C Ci:2:005:0 0 2 = 2f6f
ffff8e67c26db6c0 2920061240 S Ci:2:005:0 s c0 bc 0800 23be 0002 2 <
ffff8e67c26db6c0 2920063717 C Ci:2:005:0 0 2 = 0000
ffff8e67c26db6c0 2920063919 S Co:2:005:0 s 40 bc 0900 0014 0002 2 = d09e
ffff8e67c26db6c0 2920066448 C Co:2:005:0 0 2 >
ffff8e67c26db6c0 2920066602 S Ci:2:005:0 s c0 bc 0900 001c 0002 2 <
ffff8e67c26db6c0 2920069045 C Ci:2:005:0 0 2 = 2f6f
ffff8e67c26db6c0 2920069149 S Co:2:005:0 s 40 b9 0000 0000 0004 4 = 09016638
ffff8e67c26db6c0 2920071681 C Co:2:005:0 0 4 >
ffff8e67c26db6c0 2920071870 S Ii:2:005:3 -115:1 3 <
ffff8e67c26db6c0 2920072935 C Ii:2:005:3 0:1 3 = 100000
ffff8e67c26db6c0 2920073158 S Ci:2:005:0 s c0 bc 0800 0016 0002 2 <
ffff8e67c26db6c0 2920075708 C Ci:2:005:0 0 2 = 0900
ffff8e67c26db6c0 2920075861 S Ci:2:005:0 s c0 bc 0900 001c 0002 2 <
ffff8e67c26db6c0 2920078381 C Ci:2:005:0 0 2 = 2f6f
ffff8e67c26db6c0 2920078452 S Ci:2:005:0 s c0 bc 0800 23be 003a 58 <
ffff8e67c26db6c0 2920080981 C Ci:2:005:0 0 58 = 0000e95c cf42b528 9b0e81f4 67da4dc0 33a6198c ff72e558 cb3eb124 970a7df0
ffff8e67c26db6c0 2920081185 S Co:2:005:0 s 40 bc 0800 00c0 0006 6 = ab923eb4 e371
ffff8e67c26db6c0 2920083801 C Co:2:005:0 0 6 >
ffff8e67c26db6c0 2920084064 S Co:2:005:0 s 40 b9 0000 0000 0004 4 = 09006606
ffff8e67c26db6c0 2920086453 C Co:2:005:0 0 4 >
ffff8e67c26db6c0 2920086644 S Ii:2:005:3 -115:1 3 <
ffff8e67c26db6c0 2920087599 C Ii:2:005:3 0:1 3 = 100000
ffff8e67c26db6c0 2920087764 S Ci:2:005:0 s c0 bc 0800 0016 0002 2 <
ffff8e67c26db6c0 2920090415 C Ci:2:005:0 0 2 = 0900
ffff8e67c26db6c0 2920090602 S Ci:2:005:0 s c0 bc 0900 001c 0002 2 <
ffff8e67c26db6c0 2920093235 C Ci:2:005:0 0 2 = 2f6f
ffff8e67c26db6c0 2920093335 S Ci:2:005:0 s c0 bc 0800 23be 0002 2 <
ffff8e67c26db6c0 2920096028 C Ci:2:005:0 0 2 = 0000
ffff8e67c26db6c0 2920096196 S Co:2:005:0 s 40 bc 0900 0014 0002 2 = d09e
ffff8e67c26db6c0 2920098661 C Co:2:005:0 0 2 >
ffff8e67c26db6c0 2920098842 S Ci:2:005:0 s c0 bc 0900 001c 0002 2 <
ffff8e67c26db6c0 2920101331 C Ci:2:005:0 0 2 = 2f6f
ffff8e67c26db6c0 2920101450 S Co:2:005:0 s 40 b9 0000 0000 0004 4 = 09016638
ffff8e67c26db6c0 2920103884 C Co:2:005:0 0 4 >
ffff8e67c26db6c0 2920103999 S Ii:2:005:3 -115:1 3 <
ffff8e67c26db6c0 2920105267 C Ii:2:005:3 0:1 3 = 100000
ffff8e67c26db6c0 2920105344 S Ci:2:005:0 s c0 bc 0800 0016 0002 2 <
ffff8e67c26db6c0 2920107931 C Ci:2:005:0 0 2 = 0900
ffff8e67c26db6c0 2920108113 S Ci:2:005:0 s c0 bc 0900 001c 0002 2 <
ffff8e67c26db6c0 2920110565 C Ci:2:005:0 0 2 = 2f6f
ffff8e67c26db6c0 2920110707 S Ci:2:005:0 s c0 bc 0800 23be 003a 58 <
ffff8e67c26db6c0 2920113323 C Ci:2:005:0 0 58 = 0000e95c cf42b528 9b0e81f4 67da4dc0 33a6198c ff72e558 cb3eb124 970a7df0
ffff8e67c26db6c0 2920113489 S Co:2:005:0 s 40 bc 0800 00c0 0006 6 = ab923eb4 1b7e
ffff8e67c26db6c0 2920115985 C Co:2:005:0 0 6 >
ffff8e67c26db6c0 2920116131 S Co:2:005:0 s 40 b9 0000 0000 0004 4 = 09006606
ffff8e67c26db6c0 2920118702 C Co:2:005:0 0 4 >
ffff8e67c26db6c0 2920118822 S Ii:2:005:3 -115:1 3 <
ffff8e67c26db6c0 2920120010 C Ii:2:005:3 0:1 3 = 100000
ffff8e67c26db6c0 2920120187 S Ci:2:005:0 s c0 bc 0800 0016 0002 2 <
ffff8e67c26db6c0 2920122850 C Ci:2:005:0 0 2 = 0900
ffff8e67c26db6c0 2920123068 S Ci:2:005:0 s c0 bc 0900 001c 0002 2 <
ffff8e67c26db6c0 2920125581 C Ci:2:005:0 0 2 = 2f6f
ffff8e67c26db6c0 2920125669 S Ci:2:005:0 s c0 bc 0800 23be 0002 2 <
ffff8e67c26db6c0 2920128348 C Ci:2:005:0 0 2 = 0000
ffff8e67c26db6c0 2920128520 S Co:2:005:0 s 40 bc 0900 0014 0002 2 = d09e
ffff8e67c26db6c0 2920130911 C Co:2:005:0 0 2 >
ffff8e67c26db6c0 2920131095 S Ci:2:005:0 s c0 bc 0900 001c 0002 2 <
ffff8e67c26db6c0 2920133674 C Ci:2:005:0 0 2 = 2f6f
ffff8e67c26db6c0 2920133862 S Co:2:005:0 s 40 b9 0000 0000 0004 4 = 09016638
ffff8e67c26db6c0 2920136296 C Co:2:005:0 0 4 >
ffff8e67c26db6c0 2920136477 S Ii:2:005:3 -115:1 3 <
ffff8e67c26db6c0 2920137716 C Ii:2:005:3 0:1 3 = 100000
ffff8e67c26db6c0 2920137884 S Ci:2:005:0 s c0 bc 0800 0016 0002 2 <
ffff8e67c26db6c0 2920140463 C Ci:2:005:0 0 2 = 0900
ffff8e67c26db6c0 2920140552 S Ci:2:005:0 s c0 bc 0900 001c 0002 2 <
ffff8e67c26db6c0 2920143232 C Ci:2:005:0 0 2 = 2f6f
ffff8e67c26db6c0 2920143349 S Ci:2:005:0 s c0 bc 0800 23be 003a 58 <
ffff8e67c26db6c0 2920146003 C Ci:2:005:0 0 58 = 0000e95c cf42b528 9b0e81f4 67da4dc0 33a6198c ff72e558 cb3eb124 970a7df0
ffff8e67c26db6c0 2920146120 S Co:2:005:0 s 40 bc 0800 00c0 0006 6 = ab923eb4 537e
ffff8e67c26db6c0 2920148609 C Co:2:005:0 0 6 >
ffff8e67c26db6c0 2920148819 S Co:2:005:0 s 40 b9 0000 0000 0004 4 = 09006606
ffff8e67c26db6c0 2920151258 C Co:2:005:0 0 4 >
ffff8e67c26db6c0 2920151428 S Ii:2:005:3 -115:1 3 <
ffff8e67c26db6c0 2920152582 C Ii:2:005:3 0:1 3 = 100000
ffff8e67c26db6c0 2920152668 S Ci:2:005:0 s c0 bc 0800 0016 0002 2 <
ffff8e67c26db6c0 2920155273 C Ci:2:005:0 0 2 = 0900
ffff8e67c26db6c0 2920155442 S Ci:2:005:0 s c0 bc 0900 001c 0002 2 <
ffff8e67c26db6c0 2920157947 C Ci:2:005:0 0 2 = 2f6f
ffff8e67c26db6c0 2920158094 S Ci:2:005:0 s c0 bc 0800 23be 0002 2 <
ffff8e67c26db6c0 2920160622 C Ci:2:005:0 0 2 = 0000
ffff8e67c26db6c0 2920160817 S Co:2:005:0 s 40 bc 0900 0014 0002 2 = d09e
ffff8e67c26db6c0 2920163280 C Co:2:005:0 0 2 >
ffff8e67c26db6c0 2920163453 S Ci:2:005:0 s c0 bc 0900 001c 0002 2 <
ffff8e67c26db6c0 2920165996 C Ci:2:005:0 0 2 = 2f6f
ffff8e67c26db6c0 2920166193 S Co:2:005:0 s 40 b9 0000 0000 0004 4 = 09016638
ffff8e67c26db6c0 2920168772 C Co:2:005:0 0 4 >
ffff8e67c26db6c0 2920168961 S Ii:2:005:3 -115:1 3 <
ffff8e67c26db6c0 2920170110 C Ii:2:005:3 0:1 3 = 100000
ffff8e67c26db6c0 2920170289 S Ci:2:005:0 s c0 bc 0800 0016 0002 2 <
ffff8e67c26db6c0 2920172794 C Ci:2:005:0 0 2 = 0900
ffff8e67c26db6c0 2920172989 S Ci:2:005:0 s c0 bc 0900 001c 0002 2 <
ffff8e67c26db6c0 2920175516 C Ci:2:005:0 0 2 = 2f6f
ffff8e67c26db6c0 2920175681 S Ci:2:005:0 s c0 bc 0800 23be 003a 58 <
ffff8e67c26db6c0 2920178117 C Ci:2:005:0 0 58 = 0000e95c cf42b528 9b0e81f4 67da4dc0 33a6198c ff72e558 cb3eb124 970a7df0
ffff8e67c26db6c0 2920178318 S Co:2:005:0 s 40 bc 0800 00c0 0006 6 = ab923eb4 8b7e
ffff8e67c26db6c0 2920180924 C Co:2:005:0 0 6 >
ffff8e67c26db6c0 2920181087 S Co:2:005:0 s 40 b9 0000 0000 0004 4 = 09006606
ffff8e67c26db6c0 2920183654 C Co:2:005:0 0 4 >
ffff8e67c26db6c0 2920183842 S Ii:2:005:3 -115:1 3 <
ffff8e67c26db6c0 2920185058 C Ii:2:005:3 0:1 3 = 100000
ffff8e67c26db6c0 2920185240 S Ci:2:005:0 s c0 bc 0800 0016 0002 2 <
ffff8e67c26db6c0 2920187619 C Ci:2:005:0 0 2 = 0900
ffff8e67c26db6c0 2920187812 S Ci:2:005:0 s c0 bc 0900 001c 0002 2 <
ffff8e67c26db6c0 2920190276 C Ci:2:005:0 0 2 = 2f6f
ffff8e67c26db6c0 2920190443 S Ci:2:005:0 s c0 bc 0800 23be 0002 2 <
ffff8e67c26db6c0 2920192899 C Ci:2:005:0 0 2 = 0000
ffff8e67c26db6c0 2920193121 S Co:2:005:0 s 40 bc 0900 0014 0002 2 = d09e
ffff8e67c26db6c0 2920195609 C Co:2:005:0 0 2 >
ffff8e67c26db6c0 2920195808 S Ci:2:005:0 s c0 bc 0900 001c 0002 2 <
ffff8e67c26db6c0 2920198290 C Ci:2:005:0 0 2 = 2f6f
ffff8e67c26db6c0 2920198403 S Co:2:005:0 s 40 b9 0000 0000 0004 4 = 09016638
ffff8e67c26db6c0 2920201047 C Co:2:005:0 0 4 >
ffff8e67c26db6c0 2920201253 S Ii:2:005:3 -115:1 3 <
ffff8e67c26db6c0 2920202408 C Ii:2:005:3 0:1 3 = 100000
ffff8e67c26db6c0 2920202478 S Ci:2:005:0 s c0 bc 0800 0016 0002 2 <
ffff8e67c26db6c0 2920205018 C Ci:2:005:0 0 2 = 0900
ffff8e67c26db6c0 2920205194 S Ci:2:005:0 s c0 bc 0900 001c 0002 2 <
ffff8e67c26db6c0 2920207743 C Ci:2:005:0 0 2 = 2f6f
ffff8e67c26db6c0 2920207993 S Ci:2:005:0 s c0 bc 0800 23be 003a 58 <
ffff8e67c26db6c0 2920210515 C Ci:2:005:0 0 58 = 0000e95c cf42b528 9b0e81f4 67da4dc0 33a6198c ff72e558 cb3eb124 970a7df0
ffff8e67c26db6c0 2920210714 S Co:2:005:0 s 40 bc 0800 00c0 0006 6 = ab923eb4 c37e
ffff8e67c26db6c0 2920213285 C Co:2:005:0 0 6 >
ffff8e67c26db6c0 2920213369 S Co:2:005:0 s 40 b9 0000 0000 0004 4 = 09006606
ffff8e67c26db6c0 2920216030 C Co:2:005:0 0 4 >
ffff8e67c26db6c0 2920216124 S Ii:2:005:3 -115:1 3 <
ffff8e67c26db6c0 2920217367 C Ii:2:005:3 0:1 3 = 100000
ffff8e67c26db6c0 2920217568 S Ci:2:005:0 s c0 bc 0800 0016 0002 2 <
ffff8e67c26db6c0 2920220015 C Ci:2:005:0 0 2 = 0900
ffff8e67c26db6c0 2920220194 S Ci:2:005:0 s c0 bc 0900 001c 0002 2 <
ffff8e67c26db6c0 2920222692 C Ci:2:005:0 0 2 = 2f6f
ffff8e67c26db6c0 2920222759 S Ci:2:005:0 s c0 bc 0800 23be 0002 2 <
ffff8e67c26db6c0 2920225436 C Ci:2:005:0 0 2 = 0000
ffff8e67c26db6c0 2920225674 S Co:2:005:0 s 40 bc 0900 0014 0002 2 = d09e
ffff8e67c26db6c0 2920228110 C Co:2:005:0 0 2 >
ffff8e67c26db6c0 2920228308 S Ci:2:005:0 s c0 bc 0900 001c 0002 2 <
ffff8e67c26db6c0 2920230771 C Ci:2:005:0 0 2 = 2f6f
ffff8e67c26db6c0 2920230948 S Co:2:005:0 s 40 b9 0000 0000 0004 4 = 09016638
ffff8e67c26db6c0 2920233492 C Co:2:005:0 0 4 >
ffff8e67c26db6c0 2920233671 S Ii:2:005:3 -115:1 3 <
ffff8e67c26db6c0 2920234878 C Ii:2:005:3 0:1 3 = 100000
ffff8e67c26db6c0 2920234983 S Ci:2:005:0 s c0 bc 0800 0016 0002 2 <
ffff8e67c26db6c0 2920237502 C Ci:2:005:0 0 2 = 0900
ffff8e67c26db6c0 2920237696 S Ci:2:005:0 s c0 bc 0900 001c 0002 2 <
ffff8e67c26db6c0 2920240267 C Ci:2:005:0 0 2 = 2f6f
ffff8e67c26db6c0 2920240464 S Ci:2:005:0 s c0 bc 0800 23be 003a 58 <
ffff8e67c26db6c0 2920242872 C Ci:2:005:0 0 58 = 0000e95c cf42b528 9b0e81f4 67da4dc0 33a6198c ff72e558 cb3eb124 970a7df0
ffff8e67c26db6c0 2920243096 S Co:2:005:0 s 40 bc 0800 00c0 0006 6 = ab923eb4 fb7e
ffff8e67c26db6c0 2920245622 C Co:2:005:0 0 6 >
ffff8e67c26db6c0 2920245730 S Co:2:005:0 s 40 b9 0000 0000 0004 4 = 09006606
ffff8e67c26db6c0 2920248258 C Co:2:005:0 0 4 >
ffff8e67c26db6c0 2920248340 S Ii:2:005:3 -115:1 3 <
ffff8e67c26db6c0 2920249636 C Ii:2:005:3 0:1 3 = 100000
ffff8e67c26db6c0 2920249714 S Ci:2:005:0 s c0 bc 0800 0016 0002 2 <
ffff8e67c26db6c0 2920252263 C Ci:2:005:0 0 2 = 0900
ffff8e67c26db6c0 2920252418 S Ci:2:005:0 s c0 bc 0900 001c 0002 2 <
ffff8e67c26db6c0 2920254845 C Ci:2:005:0 0 2 = 2f6f
ffff8e67c26db6c0 2920255053 S Ci:2:005:0 s c0 bc 0800 23be 0002 2 <
ffff8e67c26db6c0 2920257483 C Ci:2:005:0 0 2 = 0000
ffff8e67c26db6c0 2920257671 S Co:2:005:0 s 40 bc 0900 0014 0002 2 = d09e
ffff8e67c26db6c0 2920260263 C Co:2:005:0 0 2 >
ffff8e67c26db6c0 2920260368 S Ci:2:005:0 s c0 bc 0900 001c 0002 2 <
ffff8e67c26db6c0 2920262925 C Ci:2:005:0 0 2 = 2f6f
ffff8e67c26db6c0 2920263040 S Co:2:005:0 s 40 b9 0000 0000 0004 4 = 09016638
ffff8e67c26db6c0 2920265622 C Co:2:005:0 0 4 >
ffff8e67c26db6c0 2920265864 S Ii:2:005:3 -115:1 3 <
ffff8e67c26db6c0 2920266971 C Ii:2:005:3 0:1 3 = 100000
ffff8e67c26db6c0 2920267147 S Ci:2:005:0 s c0 bc 0800 0016 0002 2 <
ffff8e67c26db6c0 2920269681 C Ci:2:005:0 0 2 = 0900
ffff8e67c26db6c0 2920269900 S Ci:2:005:0 s c0 bc 0900 001c 0002 2 <
ffff8e67c26db6c0 2920272379 C Ci:2:005:0 0 2 = 2f6f
ffff8e67c26db6c0 2920272596 S Ci:2:005:0 s c0 bc 0800 23be 003a 58 <
ffff8e67c26db6c0 2920274990 C Ci:2:005:0 0 58 = 0000e95c cf42b528 9b0e81f4 67da4dc0 33a6198c ff72e558 cb3eb124 970a7df0
ffff8e67c26db6c0 2920275182 S Co:2:005:0 s 40 bc 0800 00c0 0006 6 = ab923eb4 337f
ffff8e67c26db6c0 2920277755 C Co:2:005:0 0 6 >
ffff8e67c26db6c0 2920277965 S Co:2:005:0 s 40 b9 0000 0000 0004 4 = 09006606
ffff8e67c26db6c0 2920280514 C Co:2:005:0 0 4 >
ffff8e67c26db6c0 2920280682 S Ii:2:005:3 -115:1 3 <
ffff8e67c26db6c0 2920281856 C Ii:2:005:3 0:1 3 = 100000
ffff8e67c26db6c0 2920282074 S Ci:2:005:0 s c0 bc 0800 0016 0002 2 <
ffff8e67c26db6c0 2920284509 C Ci:2:005:0 0 2 = 0900
ffff8e67c26db6c0 2920284612 S Ci:2:005:0 s c0 bc 0900 001c 0002 2 <
ffff8e67c26db6c0 2920287156 C Ci:2:005:0 0 2 = 2f6f
ffff8e67c26db6c0 2920287309 S Ci:2:005:0 s c0 bc 0800 23be 0002 2 <
ffff8e67c26db6c0 2920289892 C Ci:2:005:0 0 2 = 0000
ffff8e67c26db6c0 2920289974 S Co:2:005:0 s 40 bc 0900 0014 0002 2 = d09e
ffff8e67c26db6c0 2920292598 C Co:2:005:0 0 2 >
ffff8e67c26db6c0 2920292784 S Ci:2:005:0 s c0 bc 0900 001c 0002 2 <
ffff8e67c26db6c0 2920295271 C Ci:2:005:0 0 2 = 2f6f
ffff8e67c26db6c0 2920295376 S Co:2:005:0 s 40 b9 0000 0000 0004 4 = 09016638
ffff8e67c26db6c0 2920298044 C Co:2:005:0 0 4 >
ffff8e67c26db6c0 2920298110 S Ii:2:005:3 -115:1 3 <
ffff8e67c26db6c0 2920299344 C Ii:2:005:3 0:1 3 = 100000
ffff8e67c26db6c0 2920299444 S Ci:2:005:0 s c0 bc 0800 0016 0002 2 <
ffff8e67c26db6c0 2920301997 C Ci:2:005:0 0 2 = 0900
ffff8e67c26db6c0 2920302190 S Ci:2:005:0 s c0 bc 0900 001c 0002 2 <
ffff8e67c26db6c0 2920304679 C Ci:2:005:0 0 2 = 2f6f
ffff8e67c26db6c0 2920304791 S Ci:2:005:0 s c0 bc 0800 23be 003a 58 <
ffff8e67c26db6c0 2920307373 C Ci:2:005:0 0 58 = 0000e95c cf42b528 9b0e81f4 67da4dc0 33a6198c ff72e558 cb3eb124 970a7df0
ffff8e67c26db6c0 2920307566 S Co:2:005:0 s 40 bc 0800 00c0 0006 6 = ab923eb4 6b7f
ffff8e67c26db6c0 2920310109 C Co:2:005:0 0 6 >
ffff8e67c26db6c0 2920310305 S Co:2:005:0 s 40 b9 0000 0000 0004 4 = 09006606
ffff8e67c26db6c0 2920312896 C Co:2:005:0 0 4 >
ffff8e67c26db6c0 2920313077 S Ii:2:005:3 -115:1 3 <
ffff8e67c26db6c0 2920314238 C Ii:2:005:3 0:1 3 = 100000
ffff8e67c26db6c0 2920314332 S Ci:2:005:0 s c0 bc 0800 0016 0002 2 <
ffff8e67c26db6c0 2920317047 C Ci:2:005:0 0 2 = 0900
ffff8e67c26db6c0 2920317153 S Ci:2:005:0 s c0 bc 0900 001c 0002 2 <
ffff8e67c26db6c0 2920319743 C Ci:2:005:0 0 2 = 2f6f
ffff8e67c26db6c0 2920319932 S Ci:2:005:0 s c0 bc 0800 23be 0002 2 <
ffff8e67c26db6c0 2920322487 C Ci:2:005:0 0 2 = 0000
ffff8e67c26db6c0 2920322680 S Co:2:005:0 s 40 bc 0900 0014 0002 2 = d09e
ffff8e67c26db6c0 2920325267 C Co:2:005:0 0 2 >
ffff8e67c26db6c0 2920325340 S Ci:2:005:0 s c0 bc 0900 001c 0002 2 <
ffff8e67c26db6c0 2920327914 C Ci:2:005:0 0 2 = 2f6f
ffff8e67c26db6c0 2920328088 S Co:2:005:0 s 40 b9 0000 0000 0004 4 = 09016638
ffff8e67c26db6c0 2920330596 C Co:2:005:0 0 4 >
ffff8e67c26db6c0 2920330755 S Ii:2:005:3 -115:1 3 <
ffff8e67c26db6c0 2920331958 C Ii:2:005:3 0:1 3 = 100000
ffff8e67c26db6c0 2920332146 S Ci:2:005:0 s c0 bc 0800 0016 0002 2 <
ffff8e67c26db6c0 2920334647 C Ci:2:005:0 0 2 = 0900
ffff8e67c26db6c0 2920334749 S Ci:2:005:0 s c0 bc 0900 001c 0002 2 <
ffff8e67c26db6c0 2920337380 C Ci:2:005:0 0 2 = 2f6f
ffff8e67c26db6c0 2920337499 S Ci:2:005:0 s c0 bc 0800 23be 003a 58 <
ffff8e67c26db6c0 2920340131 C Ci:2:005:0 0 58 = 0000e95c cf42b528 9b0e81f4 67da4dc0 33a6198c ff72e558 cb3eb124 970a7df0
ffff8e67c26db6c0 2920340243 S Co:2:005:0 s 40 bc 0800 00c0 0006 6 = ab923eb4 a37f
ffff8e67c26db6c0 2920342867 C Co:2:005:0 0 6 >
ffff8e67c26db6c0 2920343053 S Co:2:005:0 s 40 b9 0000 0000 0004 4 = 09006606
ffff8e67c26db6c0 2920345485 C Co:2:005:0 0 4 >
ffff8e67c26db6c0 2920345573 S Ii:2:005:3 -115:1 3 <
ffff8e67c26db6c0 2920346910 C Ii:2:005:3 0:1 3 = 100000
ffff8e67c26db6c0 2920347064 S Ci:2:005:0 s c0 bc 0800 0016 0002 2 <
ffff8e67c26db6c0 2920349536 C Ci:2:005:0 0 2 = 0900
ffff8e67c26db6c0 2920349605 S Ci:2:005:0 s c0 bc 0900 001c 0002 2 <
ffff8e67c26db6c0 2920352232 C Ci:2:005:0 0 2 = 2f6f
ffff8e67c26db6c0 2920352391 S Ci:2:005:0 s c0 bc 0800 23be 0002 2 <
ffff8e67c26db6c0 2920354872 C Ci:2:005:0 0 2 = 0000
ffff8e67c26db6c0 2920355051 S Co:2:005:0 s 40 bc 0900 0014 0002 2 = d09e
ffff8e67c26db6c0 2920357609 C Co:2:005:0 0 2 >
ffff8e67c26db6c0 2920357726 S Ci:2:005:0 s c0 bc 0900 001c 0002 2 <
ffff8e67c26db6c0 2920360257 C Ci:2:005:0 0 2 = 2f6f
ffff8e67c26db6c0 2920360417 S Co:2:005:0 s 40 b9 0000 0000 0004 4 = 09016638
ffff8e67c26db6c0 2920363001 C Co:2:005:0 0 4 >
ffff8e67c26db6c0 2920363110 S Ii:2:005:3 -115:1 3 <
ffff8e67c26db6c0 2920364396 C Ii:2:005:3 0:1 3 = 100000
ffff8e67c26db6c0 2920364486 S Ci:2:005:0 s c0 bc 0800 0016 0002 2 <
ffff8e67c26db6c0 2920367118 C Ci:2:005:0 0 2 = 0900
ffff8e67c26db6c0 2920367363 S Ci:2:005:0 s c0 bc 0900 001c 0002 2 <
ffff8e67c26db6c0 2920369745 C Ci:2:005:0 0 2 = 2f6f
ffff8e67c26db6c0 2920369927 S Ci:2:005:0 s c0 bc 0800 23be 003a 58 <
ffff8e67c26db6c0 2920372356 C Ci:2:005:0 0 58 = 0000e95c cf42b528 9b0e81f4 67da4dc0 33a6198c ff72e558 cb3eb124 970a7df0
ffff8e67c26db6c0 2920372550 S Co:2:005:0 s 40 bc 0800 00c0 0006 6 = ab923eb4 db7f
ffff8e67c26db6c0 2920374991 C Co:2:005:0 0 6 >
ffff8e67c26db6c0 2920375178 S Co:2:005:0 s 40 b9 0000 0000 0004 4 = 09006606
ffff8e67c26db6c0 2920377782 C Co:2:005:0 0 4 >
ffff8e67c26db6c0 2920378045 S Ii:2:005:3 -115:1 3 <
ffff8e67c26db6c0 2920379118 C Ii:2:005:3 0:1 3 = 100000
ffff8e67c26db6c0 2920379182 S Ci:2:005:0 s c0 bc 0800 0016 0002 2 <
ffff8e67c26db6c0 2920381771 C Ci:2:005:0 0 2 = 0900
ffff8e67c26db6c0 2920381963 S Ci:2:005:0 s c0 bc 0900 001c 0002 2 <
ffff8e67c26db6c0 2920384458 C Ci:2:005:0 0 2 = 2f6f
ffff8e67c26db6c0 2920384526 S Ci:2:005:0 s c0 bc 0800 23be 0002 2 <
ffff8e67c26db6c0 2920387091 C Ci:2:005:0 0 2 = 0000
ffff8e67c26db6c0 2920387293 S Co:2:005:0 s 40 bc 0900 0014 0002 2 = d09e
ffff8e67c26db6c0 2920389913 C Co:2:005:0 0 2 >
ffff8e67c26db6c0 2920390052 S Ci:2:005:0 s c0 bc 0900 001c 0002 2 <
ffff8e67c26db6c0 2920392642 C Ci:2:005:0 0 2 = 2f6f
ffff8e67c26db6c0 2920392712 S Co:2:005:0 s 40 b9 0000 0000 0004 4 = 09016638
ffff8e67c26db6c0 2920395249 C Co:2:005:0 0 4 >
ffff8e67c26db6c0 2920395467 S Ii:2:005:3 -115:1 3 <
ffff8e67c26db6c0 2920396608 C Ii:2:005:3 0:1 3 = 100000
ffff8e67c26db6c0 2920396793 S Ci:2:005:0 s c0 bc 0800 0016 0002 2 <
ffff8e67c26db6c0 2920399264 C Ci:2:005:0 0 2 = 0900
ffff8e67c26db6c0 2920399358 S Ci:2:005:0 s c0 bc 0900 001c 0002 2 <
ffff8e67c26db6c0 2920402022 C Ci:2:005:0 0 2 = 2f6f
ffff8e67c26db6c0 2920402111 S Ci:2:005:0 s c0 bc 0800 23be 003a 58 <
ffff8e67c26db6c0 2920404724 C Ci:2:005:0 0 58 = 0000e95c cf42b528 9b0e81f4 67da4dc0 33a6198c ff72e558 cb3eb124 970a7df0
ffff8e67c26db6c0 2920404915 S Co:2:005:0 s 40 bc 0800 00c0 0006 6 = ab923eb4 137c
ffff8e67c26db6c0 2920407462 C Co:2:005:0 0 6 >
ffff8e67c26db6c0 2920407654 S Co:2:005:0 s 40 b9 0000 0000 0004 4 = 09006606
ffff8e67c26db6c0 2920410128 C Co:2:005:0 0 4 >
ffff8e67c26db6c0 2920410261 S Ii:2:005:3 -115:1 3 <
ffff8e67c26db6c0 2920411536 C Ii:2:005:3 0:1 3 = 100000
ffff8e67c26db6c0 2920411664 S Ci:2:005:0 s c0 bc 0800 0016 0002 2 <
ffff8e67c26db6c0 2920414255 C Ci:2:005:0 0 2 = 0900
ffff8e67c26db6c0 2920414484 S Ci:2:005:0 s c0 bc 0900 001c 0002 2 <
ffff8e67c26db6c0 2920416968 C Ci:2:005:0 0 2 = 2f6f
ffff8e67c26db6c0 2920417159 S Ci:2:005:0 s c0 bc 0800 23be 0002 2 <
ffff8e67c26db6c0 2920419722 C Ci:2:005:0 0 2 = 0000
ffff8e67c26db6c0 2920419933 S Co:2:005:0 s 40 bc 0900 0014 0002 2 = d09e
ffff8e67c26db6c0 2920422482 C Co:2:005:0 0 2 >
ffff8e67c26db6c0 2920422651 S Ci:2:005:0 s c0 bc 0900 001c 0002 2 <
ffff8e67c26db6c0 2920425099 C Ci:2:005:0 0 2 = 2f6f
ffff8e67c26db6c0 2920425166 S Co:2:005:0 s 40 b9 0000 0000 0004 4 = 09016638
ffff8e67c26db6c0 2920427890 C Co:2:005:0 0 4 >
ffff8e67c26db6c0 2920428109 S Ii:2:005:3 -115:1 3 <
ffff8e67c26db6c0 2920429227 C Ii:2:005:3 0:1 3 = 100000
ffff8e67c26db6c0 2920429310 S Ci:2:005:0 s c0 bc 0800 0016 0002 2 <
ffff8e67c26db6c0 2920431866 C Ci:2:005:0 0 2 = 0900
ffff8e67c26db6c0 2920432115 S Ci:2:005:0 s c0 bc 0900 001c 0002 2 <
ffff8e67c26db6c0 2920434482 C Ci:2:005:0 0 2 = 2f6f
ffff8e67c26db6c0 2920434679 S Ci:2:005:0 s c0 bc 0800 23be 003a 58 <
ffff8e67c26db6c0 2920437095 C Ci:2:005:0 0 58 = 0000e95c cf42b528 9b0e81f4 67da4dc0 33a6198c ff72e558 cb3eb124 970a7df0
ffff8e67c26db6c0 2920437303 S Co:2:005:0 s 40 bc 0800 00c0 0006 6 = ab923eb4 4b7c
ffff8e67c26db6c0 2920439755 C Co:2:005:0 0 6 >
ffff8e67c26db6c0 2920439951 S Co:2:005:0 s 40 b9 0000 0000 0004 4 = 09006606
ffff8e67c26db6c0 2920442477 C Co:2:005:0 0 4 >
ffff8e67c26db6c0 2920442652 S Ii:2:005:3 -115:1 3 <
ffff8e67c26db6c0 2920443847 C Ii:2:005:3 0:1 3 = 100000
ffff8e67c26db6c0 2920444101 S Ci:2:005:0 s c0 bc 0800 0016 0002 2 <
ffff8e67c26db6c0 2920446496 C Ci:2:005:0 0 2 = 0900
ffff8e67c26db6c0 2920446600 S Ci:2:005:0 s c0 bc 0900 001c 0002 2 <
ffff8e67c26db6c0 2920449112 C Ci:2:005:0 0 2 = 2f6f
ffff8e67c26db6c0 2920449296 S Ci:2:005:0 s c0 bc 0800 23be 0002 2 <
ffff8e67c26db6c0 2920451954 C Ci:2:005:0 0 2 = 0000
ffff8e67c26db6c0 2920452147 S Co:2:005:0 s 40 bc 0900 0014 0002 2 = d09e
ffff8e67c26db6c0 2920454614 C Co:2:005:0 0 2 >
ffff8e67c26db6c0 2920454804 S Ci:2:005:0 s c0 bc 0900 001c 0002 2 <
ffff8e67c26db6c0 2920457368 C Ci:2:005:0 0 2 = 2f6f
ffff8e67c26db6c0 2920457530 S Co:2:005:0 s 40 b9 0000 0000 0004 4 = 09016638
ffff8e67c26db6c0 2920460084 C Co:2:005:0 0 4 >
ffff8e67c26db6c0 2920460285 S Ii:2:005:3 -115:1 3 <
ffff8e67c26db6c0 2920461504 C Ii:2:005:3 0:1 3 = 100000
ffff8e67c26db6c0 2920461679 S Ci:2:005:0 s c0 bc 0800 0016 0002 2 <
ffff8e67c26db6c0 2920464293 C Ci:2:005:0 0 2 = 0900
ffff8e67c26db6c0 2920464376 S Ci:2:005:0 s c0 bc 0900 001c 0002 2 <
ffff8e67c26db6c0 2920467037 C Ci:2:005:0 0 2 = 2f6f
ffff8e67c26db6c0 2920467147 S Ci:2:005:0 s c0 bc 0800 23be 003a 58 <
ffff8e67c26db6c0 2920469668 C Ci:2:005:0 0 58 = 0000e95c cf42b528 9b0e81f4 67da4dc0 33a6198c ff72e558 cb3eb124 970a7df0
ffff8e67c26db6c0 2920470040 S Co:2:005:0 s 40 bc 0800 00c0 0006 6 = ab923eb4 837c
ffff8e67c26db6c0 2920472335 C Co:2:005:0 0 6 >
ffff8e67c26db6c0 2920472588 S Co:2:005:0 s 40 b9 0000 0000 0004 4 = 09006606
ffff8e67c26db6c0 2920474978 C Co:2:005:0 0 4 >
ffff8e67c26db6c0 2920475153 S Ii:2:005:3 -115:1 3 <
ffff8e67c26db6c0 2920476353 C Ii:2:005:3 0:1 3 = 100000
ffff8e67c26db6c0 2920476526 S Ci:2:005:0 s c0 bc 0800 0016 0002 2 <
ffff8e67c26db6c0 2920479120 C Ci:2:005:0 0 2 = 0900
ffff8e67c26db6c0 2920479231 S Ci:2:005:0 s c0 bc 0900 001c 0002 2 <
ffff8e67c26db6c0 2920481859 C Ci:2:005:0 0 2 = 2f6f
ffff8e67c26db6c0 2920482078 S Ci:2:005:0 s c0 bc 0800 23be 0002 2 <
ffff8e67c26db6c0 2920484584 C Ci:2:005:0 0 2 = 0000
ffff8e67c26db6c0 2920484775 S Co:2:005:0 s 40 bc 0900 0014 0002 2 = d09e
ffff8e67c26db6c0 2920487254 C Co:2:005:0 0 2 >
ffff8e67c26db6c0 2920487344 S Ci:2:005:0 s c0 bc 0900 001c 0002 2 <
ffff8e67c26db6c0 2920490032 C Ci:2:005:0 0 2 = 2f6f
ffff8e67c26db6c0 2920490141 S Co:2:005:0 s 40 b9 0000 0000 0004 4 = 09016638
ffff8e67c26db6c0 2920492764 C Co:2:005:0 0 4 >
ffff8e67c26db6c0 2920492881 S Ii:2:005:3 -115:1 3 <
ffff8e67c26db6c0 2920494116 C Ii:2:005:3 0:1 3 = 100000
ffff8e67c26db6c0 2920494250 S Ci:2:005:0 s c0 bc 0800 0016 0002 2 <
ffff8e67c26db6c0 2920496716 C Ci:2:005:0 0 2 = 0900
ffff8e67c26db6c0 2920497042 S Ci:2:005:0 s c0 bc 0900 001c 0002 2 <
ffff8e67c26db6c0 2920499491 C Ci:2:005:0 0 2 = 2f6f
ffff8e67c26db6c0 2920499683 S Ci:2:005:0 s c0 bc 0800 23be 003a 58 <
ffff8e67c26db6c0 2920502228 C Ci:2:005:0 0 58 = 0000e95c cf42b528 9b0e81f4 67da4dc0 33a6198c ff72e558 cb3eb124 970a7df0
ffff8e67c26db6c0 2920502415 S Co:2:005:0 s 40 bc 0800 00c0 0006 6 = ab923eb4 bb7c
ffff8e67c26db6c0 2920504983 C Co:2:005:0 0 6 >
ffff8e67c26db6c0 2920505168 S Co:2:005:0 s 40 b9 0000 0000 0004 4 = 09006606
ffff8e67c26db6c0 2920507768 C Co:2:005:0 0 4 >
ffff8e67c26db6c0 2920507865 S Ii:2:005:3 -115:1 3 <
ffff8e67c26db6c0 2920509089 C Ii:2:005:3 0:1 3 = 100000
ffff8e67c26db6c0 2920509289 S Ci:2:005:0 s c0 bc 0800 0016 0002 2 <
ffff8e67c26db6c0 2920512074 C Ci:2:005:0 0 2 = 0900
ffff8e67c26db6c0 2920512171 S Ci:2:005:0 s c0 bc 0900 001c 0002 2 <
ffff8e67c26db6c0 2920514733 C Ci:2:005:0 0 2 = 2f6f
ffff8e67c26db6c0 2920514907 S Ci:2:005:0 s c0 bc 0800 23be 0002 2 <
ffff8e67c26db6c0 2920517333 C Ci:2:005:0 0 2 = 0000
ffff8e67c4a97480 2920518385 S Co:2:005:0 s 40 bc 0900 0014 0002 2 = d09e
ffff8e67c4a97480 2920520010 C Co:2:005:0 0 2 >
ffff8e67c4a97480 2920520078 S Ci:2:005:0 s c0 bc 0900 001c 0002 2 <
ffff8e67c4a97480 2920522771 C Ci:2:005:0 0 2 = 2f6f
ffff8e67c4a97480 2920522835 S Co:2:005:0 s 40 b9 0000 0000 0004 4 = 09016638
ffff8e67c4a97480 2920525306 C Co:2:005:0 0 4 >
ffff8e67c4a97480 2920525366 S Ii:2:005:3 -115:1 3 <
ffff8e67c4a97480 2920526510 C Ii:2:005:3 0:1 3 = 100000
ffff8e67c4a97480 2920526570 S Ci:2:005:0 s c0 bc 0800 0016 0002 2 <
ffff8e67c4a97480 2920529264 C Ci:2:005:0 0 2 = 0900
ffff8e67c4a97480 2920529328 S Ci:2:005:0 s c0 bc 0900 001c 0002 2 <
ffff8e67c4a97480 2920531783 C Ci:2:005:0 0 2 = 2f6f
ffff8e67c4a97480 2920531848 S Ci:2:005:0 s c0 bc 0800 23be 003a 58 <
ffff8e67c4a97480 2920534338 C Ci:2:005:0 0 58 = 0000e95c cf42b528 9b0e81f4 67da4dc0 33a6198c ff72e558 cb3eb124 970a7df0
ffff8e67c4a97480 2920534401 S Co:2:005:0 s 40 bc 0800 00c0 0006 6 = ab923eb4 f37c
ffff8e67c4a97480 2920537136 C Co:2:005:0 0 6 >
ffff8e67c4a97480 2920537197 S Co:2:005:0 s 40 b9 0000 0000 0004 4 = 09006606
ffff8e67c4a97480 2920539895 C Co:2:005:0 0 4 >
ffff8e67c4a97480 2920539955 S Ii:2:005:3 -115:1 3 <
ffff8e67c4a97480 2920541285 C Ii:2:005:3 0:1 3 = 100000
ffff8e67c4a97480 2920541343 S Ci:2:005:0 s c0 bc 0800 0016 0002 2 <
ffff8e67c4a97480 2920543962 C Ci:2:005:0 0 2 = 0900
ffff8e67c4a97480 2920544026 S Ci:2:005:0 s c0 bc 0900 001c 0002 2 <
ffff8e67c4a97480 2920546672 C Ci:2:005:0 0 2 = 2f6f
ffff8e67c4a97480 2920546736 S Ci:2:005:0 s c0 bc 0800 23be 0002 2 <
ffff8e67c4a97480 2920549439 C Ci:2:005:0 0 2 = 0000
ffff8e67c4a97480 2920549503 S Co:2:005:0 s 40 bc 0900 0014 0002 2 = d09e
ffff8e67c4a97480 2920552230 C Co:2:005:0 0 2 >
ffff8e67c4a97480 2920552289 S Ci:2:005:0 s c0 bc 0900 001c 0002 2 <
ffff8e67c4a97480 2920554996 C Ci:2:005:0 0 2 = 2f6f
ffff8e67c4a97480 2920555062 S Co:2:005:0 s 40 b9 0000 0000 0004 4 = 09016638
ffff8e67c4a97480 2920557741 C Co:2:005:0 0 4 >
ffff8e67c4a97480 2920557799 S Ii:2:005:3 -115:1 3 <
ffff8e67c4a97480 2920558989 C Ii:2:005:3 0:1 3 = 100000
ffff8e67c4a97480 2920559095 S Ci:2:005:0 s c0 bc 0800 0016 0002 2 <
ffff8e67c4a97480 2920561747 C Ci:2:005:0 0 2 = 0900
ffff8e67c4a97480 2920561800 S Ci:2:005:0 s c0 bc 0900 001c 0002 2 <
ffff8e67c4a97480 2920564492 C Ci:2:005:0 0 2 = 2f6f
ffff8e67c4a97480 2920564547 S Ci:2:005:0 s c0 bc 0800 23be 003a 58 <
ffff8e67c4a97480 2920567121 C Ci:2:005:0 0 58 = 0000e95c cf42b528 9b0e81f4 67da4dc0 33a6198c ff72e558 cb3eb124 970a7df0
ffff8e67c4a97480 2920567178 S Co:2:005:0 s 40 bc 0800 00c0 0006 6 = ab923eb4 2b7d
ffff8e67c4a97480 2920569914 C Co:2:005:0 0 6 >
ffff8e67c4a97480 2920569976 S Co:2:005:0 s 40 b9 0000 0000 0004 4 = 09006606
ffff8e67c4a97480 2920572677 C Co:2:005:0 0 4 >
ffff8e67c4a97480 2920572737 S Ii:2:005:3 -115:1 3 <
ffff8e67c4a97480 2920573962 C Ii:2:005:3 0:1 3 = 100000
ffff8e67c4a97480 2920574021 S Ci:2:005:0 s c0 bc 0800 0016 0002 2 <
ffff8e67c4a97480 2920576682 C Ci:2:005:0 0 2 = 0900
ffff8e67c4a97480 2920576745 S Ci:2:005:0 s c0 bc 0900 001c 0002 2 <
ffff8e67c4a97480 2920579448 C Ci:2:005:0 0 2 = 2f6f
ffff8e67c4a97480 2920579500 S Ci:2:005:0 s c0 bc 0800 23be 0002 2 <
ffff8e67c4a97480 2920582113 C Ci:2:005:0 0 2 = 0000
ffff8e67c4a97480 2920582223 S Co:2:005:0 s 40 bc 0900 0014 0002 2 = d09e
ffff8e67c4a97480 2920584940 C Co:2:005:0 0 2 >
ffff8e67c4a97480 2920584998 S Ci:2:005:0 s c0 bc 0900 001c 0002 2 <
ffff8e67c4a97480 2920587642 C Ci:2:005:0 0 2 = 2f6f
ffff8e67c4a97480 2920587742 S Co:2:005:0 s 40 b9 0000 0000 0004 4 = 09016638
ffff8e67c4a97480 2920590417 C Co:2:005:0 0 4 >
ffff8e67c4a97480 2920590471 S Ii:2:005:3 -115:1 3 <
ffff8e67c4a97480 2920591754 C Ii:2:005:3 0:1 3 = 100000
ffff8e67c4a97480 2920591850 S Ci:2:005:0 s c0 bc 0800 0016 0002 2 <
ffff8e67c4a97480 2920594556 C Ci:2:005:0 0 2 = 0900
ffff8e67c4a97480 2920594656 S Ci:2:005:0 s c0 bc 0900 001c 0002 2 <
ffff8e67c4a97480 2920597254 C Ci:2:005:0 0 2 = 2f6f
ffff8e67c4a97480 2920597305 S Ci:2:005:0 s c0 bc 0800 23be 003a 58 <
ffff8e67c4a97480 2920599901 C Ci:2:005:0 0 58 = 0000e95c cf42b528 9b0e81f4 67da4dc0 33a6198c ff72e558 cb3eb124 970a7df0
ffff8e67c4a97480 2920599999 S Co:2:005:0 s 40 bc 0800 00c0 0006 6 = ab923eb4 637d
ffff8e67c4a97480 2920602658 C Co:2:005:0 0 6 >
ffff8e67c4a97480 2920602755 S Co:2:005:0 s 40 b9 0000 0000 0004 4 = 09006606
ffff8e67c4a97480 2920605483 C Co:2:005:0 0 4 >
ffff8e67c4a97480 2920605579 S Ii:2:005:3 -115:1 3 <
ffff8e67c4a97480 2920606768 C Ii:2:005:3 0:1 3 = 100000
ffff8e67c4a97480 2920606824 S Ci:2:005:0 s c0 bc 0800 0016 0002 2 <
ffff8e67c4a97480 2920609561 C Ci:2:005:0 0 2 = 0900
ffff8e67c4a97480 2920609660 S Ci:2:005:0 s c0 bc 0900 001c 0002 2 <
ffff8e67c4a97480 2920612251 C Ci:2:005:0 0 2 = 2f6f
ffff8e67c4a97480 2920612343 S Ci:2:005:0 s c0 bc 0800 23be 0002 2 <
ffff8e67c4a97480 2920614901 C Ci:2:005:0 0 2 = 0000
ffff8e67c4a97480 2920614952 S Co:2:005:0 s 40 bc 0900 0014 0002 2 = d09e
ffff8e67c4a97480 2920617662 C Co:2:005:0 0 2 >
ffff8e67c4a97480 2920617759 S Ci:2:005:0 s c0 bc 0900 001c 0002 2 <
ffff8e67c4a97480 2920620414 C Ci:2:005:0 0 2 = 2f6f
ffff8e67c4a97480 2920620473 S Co:2:005:0 s 40 b9 0000 0000 0004 4 = 09016638
ffff8e67c4a97480 2920623179 C Co:2:005:0 0 4 >
ffff8e67f59f0b40 2920623267 S Ii:2:005:3 -115:1 3 <
ffff8e67f59f0b40 2920624507 C Ii:2:005:3 0:1 3 = 100000
ffff8e67f59f0b40 2920624657 S Ci:2:005:0 s c0 bc 0800 0016 0002 2 <
ffff8e67f59f0b40 2920627295 C Ci:2:005:0 0 2 = 0900
ffff8e67f59f0b40 2920627453 S Ci:2:005:0 s c0 bc 0900 001c 0002 2 <
ffff8e67f59f0b40 2920629993 C Ci:2:005:0 0 2 = 2f6f
ffff8e67f59f0b40 2920630179 S Ci:2:005:0 s c0 bc 0800 23be 003a 58 <
ffff8e67f59f0b40 2920632693 C Ci:2:005:0 0 58 = 0000e95c cf42b528 9b0e81f4 67da4dc0 33a6198c ff72e558 cb3eb124 970a7df0
ffff8e67f59f0b40 2920632854 S Co:2:005:0 s 40 bc 0800 00c0 0006 6 = ab923eb4 9b7d
ffff8e67f59f0b40 2920635475 C Co:2:005:0 0 6 >
ffff8e67f59f0b40 2920635638 S Co:2:005:0 s 40 b9 0000 0000 0004 4 = 09006606
ffff8e67f59f0b40 2920638132 C Co:2:005:0 0 4 >
ffff8e67f59f0b40 2920638295 S Ii:2:005:3 -115:1 3 <
ffff8e67f59f0b40 2920639451 C Ii:2:005:3 0:1 3 = 100000
ffff8e67f59f0b40 2920639620 S Ci:2:005:0 s c0 bc 0800 0016 0002 2 <
ffff8e67f59f0b40 2920642305 C Ci:2:005:0 0 2 = 0900
ffff8e67f59f0b40 2920642495 S Ci:2:005:0 s c0 bc 0900 001c 0002 2 <
ffff8e67f59f0b40 2920645077 C Ci:2:005:0 0 2 = 2f6f
ffff8e67f59f0b40 2920645155 S Ci:2:005:0 s c0 bc 0800 23be 0002 2 <
ffff8e67f59f0b40 2920647792 C Ci:2:005:0 0 2 = 0000
ffff8e67f59f0b40 2920647983 S Co:2:005:0 s 40 bc 0900 0014 0002 2 = d09e
ffff8e67f59f0b40 2920650577 C Co:2:005:0 0 2 >
ffff8e67f59f0b40 2920650742 S Ci:2:005:0 s c0 bc 0900 001c 0002 2 <
ffff8e67f59f0b40 2920653316 C Ci:2:005:0 0 2 = 2f6f
ffff8e67f59f0b40 2920653457 S Co:2:005:0 s 40 b9 0000 0000 0004 4 = 09016638
ffff8e67f59f0b40 2920656019 C Co:2:005:0 0 4 >
ffff8e67f59f0b40 2920656173 S Ii:2:005:3 -115:1 3 <
ffff8e67f59f0b40 2920657405 C Ii:2:005:3 0:1 3 = 100000
ffff8e67f59f0b40 2920657585 S Ci:2:005:0 s c0 bc 0800 0016 0002 2 <
ffff8e67f59f0b40 2920660316 C Ci:2:005:0 0 2 = 0900
ffff8e67f59f0b40 2920660410 S Ci:2:005:0 s c0 bc 0900 001c 0002 2 <
ffff8e67f59f0b40 2920662984 C Ci:2:005:0 0 2 = 2f6f
ffff8e67f59f0b40 2920663139 S Ci:2:005:0 s c0 bc 0800 23be 003a 58 <
ffff8e67f59f0b40 2920665607 C Ci:2:005:0 0 58 = 0000e95c cf42b528 9b0e81f4 67da4dc0 33a6198c ff72e558 cb3eb124 970a7df0
ffff8e67f59f0b40 2920665833 S Co:2:005:0 s 40 bc 0800 00c0 0006 6 = ab923eb4 d37d
ffff8e67f59f0b40 2920668421 C Co:2:005:0 0 6 >
ffff8e67f59f0b40 2920668611 S Co:2:005:0 s 40 b9 0000 0000 0004 4 = 09006606
ffff8e67f59f0b40 2920671220 C Co:2:005:0 0 4 >
ffff8e67f59f0b40 2920671286 S Ii:2:005:3 -115:1 3 <
ffff8e67f59f0b40 2920672443 C Ii:2:005:3 0:1 3 = 100000
ffff8e67f59f0b40 2920672598 S Ci:2:005:0 s c0 bc 0800 0016 0002 2 <
ffff8e67f59f0b40 2920675319 C Ci:2:005:0 0 2 = 0900
ffff8e67f59f0b40 2920675429 S Ci:2:005:0 s c0 bc 0900 001c 0002 2 <
ffff8e67f59f0b40 2920678115 C Ci:2:005:0 0 2 = 2f6f
ffff8e67f59f0b40 2920678268 S Ci:2:005:0 s c0 bc 0800 23be 0002 2 <
ffff8e67f59f0b40 2920680771 C Ci:2:005:0 0 2 = 0000
ffff8e67f59f0b40 2920680900 S Co:2:005:0 s 40 bc 0900 0014 0002 2 = d09e
ffff8e67f59f0b40 2920683549 C Co:2:005:0 0 2 >
ffff8e67f59f0b40 2920683744 S Ci:2:005:0 s c0 bc 0900 001c 0002 2 <
ffff8e67f59f0b40 2920686330 C Ci:2:005:0 0 2 = 2f6f
ffff8e67f59f0b40 2920686409 S Co:2:005:0 s 40 b9 0000 0000 0004 4 = 09016638
ffff8e67f59f0b40 2920688979 C Co:2:005:0 0 4 >
ffff8e67f59f0b40 2920689073 S Ii:2:005:3 -115:1 3 <
ffff8e67f59f0b40 2920690397 C Ii:2:005:3 0:1 3 = 100000
ffff8e67f59f0b40 2920690469 S Ci:2:005:0 s c0 bc 0800 0016 0002 2 <
ffff8e67f59f0b40 2920693047 C Ci:2:005:0 0 2 = 0900
ffff8e67f59f0b40 2920693262 S Ci:2:005:0 s c0 bc 0900 001c 0002 2 <
ffff8e67f59f0b40 2920695862 C Ci:2:005:0 0 2 = 2f6f
ffff8e67f59f0b40 2920696053 S Ci:2:005:0 s c0 bc 0800 23be 003a 58 <
ffff8e67f59f0b40 2920698546 C Ci:2:005:0 0 58 = 0000e95c cf42b528 9b0e81f4 67da4dc0 33a6198c ff72e558 cb3eb124 970a7df0
ffff8e67f59f0b40 2920698739 S Co:2:005:0 s 40 bc 0800 00c0 0006 6 = ab923eb4 0b7a
ffff8e67f59f0b40 2920701289 C Co:2:005:0 0 6 >
ffff8e67f59f0b40 2920701396 S Co:2:005:0 s 40 b9 0000 0000 0004 4 = 09006606
ffff8e67f59f0b40 2920704081 C Co:2:005:0 0 4 >
ffff8e67f59f0b40 2920704178 S Ii:2:005:3 -115:1 3 <
ffff8e67f59f0b40 2920705447 C Ii:2:005:3 0:1 3 = 100000
ffff8e67f59f0b40 2920705546 S Ci:2:005:0 s c0 bc 0800 0016 0002 2 <
ffff8e67f59f0b40 2920708215 C Ci:2:005:0 0 2 = 0900
ffff8e67f59f0b40 2920708286 S Ci:2:005:0 s c0 bc 0900 001c 0002 2 <
ffff8e67f59f0b40 2920710926 C Ci:2:005:0 0 2 = 2f6f
ffff8e67f59f0b40 2920711120 S Ci:2:005:0 s c0 bc 0800 23be 0002 2 <
ffff8e67f59f0b40 2920713655 C Ci:2:005:0 0 2 = 0000
ffff8e67f59f0b40 2920713851 S Co:2:005:0 s 40 bc 0900 0014 0002 2 = d09e
ffff8e67f59f0b40 2920716446 C Co:2:005:0 0 2 >
ffff8e67f59f0b40 2920716543 S Ci:2:005:0 s c0 bc 0900 001c 0002 2 <
ffff8e67f59f0b40 2920718988 C Ci:2:005:0 0 2 = 2f6f
ffff8e67f59f0b40 2920719172 S Co:2:005:0 s 40 b9 0000 0000 0004 4 = 09016638
ffff8e67f59f0b40 2920721762 C Co:2:005:0 0 4 >
ffff8e67f59f0b40 2920721954 S Ii:2:005:3 -115:1 3 <
ffff8e67f59f0b40 2920723043 C Ii:2:005:3 0:1 3 = 100000
ffff8e67f59f0b40 2920723221 S Ci:2:005:0 s c0 bc 0800 0016 0002 2 <
ffff8e67f59f0b40 2920725820 C Ci:2:005:0 0 2 = 0900
ffff8e67f59f0b40 2920726063 S Ci:2:005:0 s c0 bc 0900 001c 0002 2 <
ffff8e67f59f0b40 2920728377 C Ci:2:005:0 0 2 = 2f6f
ffff8e67f59f0b40 2920728564 S Ci:2:005:0 s c0 bc 0800 23be 003a 58 <
ffff8e67f59f0b40 2920731051 C Ci:2:005:0 0 58 = 0000e95c cf42b528 9b0e81f4 67da4dc0 33a6198c ff72e558 cb3eb124 970a7df0
ffff8e67f59f0b40 2920731256 S Co:2:005:0 s 40 bc 0800 00c0 0006 6 = ab923eb4 437a
ffff8e67f59f0b40 2920733752 C Co:2:005:0 0 6 >
ffff8e67f59f0b40 2920733927 S Co:2:005:0 s 40 b9 0000 0000 0004 4 = 09006606
ffff8e67f59f0b40 2920736491 C Co:2:005:0 0 4 >
ffff8e67f59f0b40 2920736683 S Ii:2:005:3 -115:1 3 <
ffff8e67f59f0b40 2920737794 C Ii:2:005:3 0:1 3 = 100000
ffff8e67f59f0b40 2920737908 S Ci:2:005:0 s c0 bc 0800 0016 0002 2 <
ffff8e67f59f0b40 2920740520 C Ci:2:005:0 0 2 = 0900
ffff8e67f59f0b40 2920740678 S Ci:2:005:0 s c0 bc 0900 001c 0002 2 <
ffff8e67f59f0b40 2920743250 C Ci:2:005:0 0 2 = 2f6f
ffff8e67f59f0b40 2920743375 S Ci:2:005:0 s c0 bc 0800 23be 0002 2 <
ffff8e67f59f0b40 2920745827 C Ci:2:005:0 0 2 = 0000
ffff8e67f59f0b40 2920746056 S Co:2:005:0 s 40 bc 0900 0014 0002 2 = d09e
ffff8e67f59f0b40 2920748507 C Co:2:005:0 0 2 >
ffff8e67f59f0b40 2920748620 S Ci:2:005:0 s c0 bc 0900 001c 0002 2 <
ffff8e67f59f0b40 2920751163 C Ci:2:005:0 0 2 = 2f6f
ffff8e67f59f0b40 2920751324 S Co:2:005:0 s 40 b9 0000 0000 0004 4 = 09016638
ffff8e67f59f0b40 2920753858 C Co:2:005:0 0 4 >
ffff8e67f59f0b40 2920754014 S Ii:2:005:3 -115:1 3 <
ffff8e67f59f0b40 2920755221 C Ii:2:005:3 0:1 3 = 100000
ffff8e67f59f0b40 2920755309 S Ci:2:005:0 s c0 bc 0800 0016 0002 2 <
ffff8e67f59f0b40 2920757894 C Ci:2:005:0 0 2 = 0900
ffff8e67f59f0b40 2920757994 S Ci:2:005:0 s c0 bc 0900 001c 0002 2 <
ffff8e67f59f0b40 2920760787 C Ci:2:005:0 0 2 = 2f6f
ffff8e67f59f0b40 2920761042 S Ci:2:005:0 s c0 bc 0800 23be 003a 58 <
ffff8e67f59f0b40 2920763329 C Ci:2:005:0 0 58 = 0000e95c cf42b528 9b0e81f4 67da4dc0 33a6198c ff72e558 cb3eb124 970a7df0
ffff8e67f59f0b40 2920763488 S Co:2:005:0 s 40 bc 0800 00c0 0006 6 = ab923eb4 7b7a
ffff8e67f59f0b40 2920765980 C Co:2:005:0 0 6 >
ffff8e67f59f0b40 2920766139 S Co:2:005:0 s 40 b9 0000 0000 0004 4 = 09006606
ffff8e67f59f0b40 2920768653 C Co:2:005:0 0 4 >
ffff8e67f59f0b40 2920768722 S Ii:2:005:3 -115:1 3 <
ffff8e67f59f0b40 2920769926 C Ii:2:005:3 0:1 3 = 100000
ffff8e67f59f0b40 2920770103 S Ci:2:005:0 s c0 bc 0800 0016 0002 2 <
ffff8e67f59f0b40 2920772784 C Ci:2:005:0 0 2 = 0900
ffff8e67f59f0b40 2920772895 S Ci:2:005:0 s c0 bc 0900 001c 0002 2 <
ffff8e67f59f0b40 2920775428 C Ci:2:005:0 0 2 = 2f6f
ffff8e67f59f0b40 2920775601 S Ci:2:005:0 s c0 bc 0800 23be 0002 2 <
ffff8e67f59f0b40 2920778087 C Ci:2:005:0 0 2 = 0000
ffff8e67f59f0b40 2920778267 S Co:2:005:0 s 40 bc 0900 0014 0002 2 = d09e
ffff8e67f59f0b40 2920780911 C Co:2:005:0 0 2 >
ffff8e67f59f0b40 2920781095 S Ci:2:005:0 s c0 bc 0900 001c 0002 2 <
ffff8e67f59f0b40 2920783716 C Ci:2:005:0 0 2 = 2f6f
ffff8e67f59f0b40 2920783809 S Co:2:005:0 s 40 b9 0000 0000 0004 4 = 09016638
ffff8e67f59f0b40 2920786363 C Co:2:005:0 0 4 >
ffff8e67f59f0b40 2920786506 S Ii:2:005:3 -115:1 3 <
ffff8e67f59f0b40 2920787652 C Ii:2:005:3 0:1 3 = 100000
ffff8e67f59f0b40 2920787723 S Ci:2:005:0 s c0 bc 0800 0016 0002 2 <
ffff8e67f59f0b40 2920790413 C Ci:2:005:0 0 2 = 0900
ffff8e67f59f0b40 2920790603 S Ci:2:005:0 s c0 bc 0900 001c 0002 2 <
ffff8e67f59f0b40 2920792988 C Ci:2:005:0 0 2 = 2f6f
ffff8e67f59f0b40 2920793119 S Ci:2:005:0 s c0 bc 0800 23be 003a 58 <
ffff8e67f59f0b40 2920795580 C Ci:2:005:0 0 58 = 0000e95c cf42b528 9b0e81f4 67da4dc0 33a6198c ff72e558 cb3eb124 970a7df0
ffff8e67f59f0b40 2920795782 S Co:2:005:0 s 40 bc 0800 00c0 0006 6 = ab923eb4 b37a
ffff8e67f59f0b40 2920798281 C Co:2:005:0 0 6 >
ffff8e67f59f0b40 2920798418 S Co:2:005:0 s 40 b9 0000 0000 0004 4 = 09006606
ffff8e67f59f0b40 2920800973 C Co:2:005:0 0 4 >
ffff8e67f59f0b40 2920801145 S Ii:2:005:3 -115:1 3 <
ffff8e67f59f0b40 2920802279 C Ii:2:005:3 0:1 3 = 100000
ffff8e67f59f0b40 2920802367 S Ci:2:005:0 s c0 bc 0800 0016 0002 2 <
ffff8e67f59f0b40 2920804994 C Ci:2:005:0 0 2 = 0900
ffff8e67f59f0b40 2920805128 S Ci:2:005:0 s c0 bc 0900 001c 0002 2 <
ffff8e67f59f0b40 2920807641 C Ci:2:005:0 0 2 = 2f6f
ffff8e67f59f0b40 2920807835 S Ci:2:005:0 s c0 bc 0800 23be 0002 2 <
ffff8e67f59f0b40 2920810161 C Ci:2:005:0 0 2 = 0000
ffff8e67f59f0b40 2920810348 S Co:2:005:0 s 40 bc 0900 0014 0002 2 = d09e
ffff8e67f59f0b40 2920812901 C Co:2:005:0 0 2 >
ffff8e67f59f0b40 2920813081 S Ci:2:005:0 s c0 bc 0900 001c 0002 2 <
ffff8e67f59f0b40 2920815537 C Ci:2:005:0 0 2 = 2f6f
ffff8e67f59f0b40 2920815598 S Co:2:005:0 s 40 b9 0000 0000 0004 4 = 09016638
ffff8e67f59f0b40 2920818225 C Co:2:005:0 0 4 >
ffff8e67f59f0b40 2920818359 S Ii:2:005:3 -115:1 3 <
ffff8e67f59f0b40 2920819565 C Ii:2:005:3 0:1 3 = 100000
ffff8e67f59f0b40 2920819664 S Ci:2:005:0 s c0 bc 0800 0016 0002 2 <
ffff8e67f59f0b40 2920822422 C Ci:2:005:0 0 2 = 0900
ffff8e67f59f0b40 2920822544 S Ci:2:005:0 s c0 bc 0900 001c 0002 2 <
ffff8e67f59f0b40 2920825028 C Ci:2:005:0 0 2 = 2f6f
ffff8e67f59f0b40 2920825170 S Ci:2:005:0 s c0 bc 0800 23be 003a 58 <
ffff8e67f59f0b40 2920827689 C Ci:2:005:0 0 58 = 0000e95c cf42b528 9b0e81f4 67da4dc0 33a6198c ff72e558 cb3eb124 970a7df0
ffff8e67f59f0b40 2920827802 S Co:2:005:0 s 40 bc 0800 00c0 0006 6 = ab923eb4 eb7a
ffff8e67f59f0b40 2920830360 C Co:2:005:0 0 6 >
ffff8e67f59f0b40 2920830521 S Co:2:005:0 s 40 b9 0000 0000 0004 4 = 09006606
ffff8e67f59f0b40 2920833062 C Co:2:005:0 0 4 >
ffff8e67f59f0b40 2920833251 S Ii:2:005:3 -115:1 3 <
ffff8e67f59f0b40 2920834370 C Ii:2:005:3 0:1 3 = 100000
ffff8e67f59f0b40 2920834550 S Ci:2:005:0 s c0 bc 0800 0016 0002 2 <
ffff8e67f59f0b40 2920837186 C Ci:2:005:0 0 2 = 0900
ffff8e67f59f0b40 2920837374 S Ci:2:005:0 s c0 bc 0900 001c 0002 2 <
ffff8e67f59f0b40 2920839909 C Ci:2:005:0 0 2 = 2f6f
ffff8e67f59f0b40 2920840080 S Ci:2:005:0 s c0 bc 0800 23be 0002 2 <
ffff8e67f59f0b40 2920842580 C Ci:2:005:0 0 2 = 0000
ffff8e67f59f0b40 2920842761 S Co:2:005:0 s 40 bc 0900 0014 0002 2 = d09e
ffff8e67f59f0b40 2920845246 C Co:2:005:0 0 2 >
ffff8e67f59f0b40 2920845300 S Ci:2:005:0 s c0 bc 0900 001c 0002 2 <
ffff8e67f59f0b40 2920847898 C Ci:2:005:0 0 2 = 2f6f
ffff8e67f59f0b40 2920848104 S Co:2:005:0 s 40 b9 0000 0000 0004 4 = 09016638
ffff8e67f59f0b40 2920850517 C Co:2:005:0 0 4 >
ffff8e67f59f0b40 2920850705 S Ii:2:005:3 -115:1 3 <
ffff8e67f59f0b40 2920851811 C Ii:2:005:3 0:1 3 = 100000
ffff8e67f59f0b40 2920852057 S Ci:2:005:0 s c0 bc 0800 0016 0002 2 <
ffff8e67f59f0b40 2920854545 C Ci:2:005:0 0 2 = 0900
ffff8e67f59f0b40 2920854617 S Ci:2:005:0 s c0 bc 0900 001c 0002 2 <
ffff8e67f59f0b40 2920857170 C Ci:2:005:0 0 2 = 2f6f
ffff8e67f59f0b40 2920857302 S Ci:2:005:0 s c0 bc 0800 23be 003a 58 <
ffff8e67f59f0b40 2920859873 C Ci:2:005:0 0 58 = 0000e95c cf42b528 9b0e81f4 67da4dc0 33a6198c ff72e558 cb3eb124 970a7df0
ffff8e67f59f0b40 2920860097 S Co:2:005:0 s 40 bc 0800 00c0 0006 6 = ab923eb4 237b
ffff8e67f59f0b40 2920862603 C Co:2:005:0 0 6 >
ffff8e67f59f0b40 2920862785 S Co:2:005:0 s 40 b9 0000 0000 0004 4 = 09006606
ffff8e67f59f0b40 2920865211 C Co:2:005:0 0 4 >
ffff8e67f59f0b40 2920865392 S Ii:2:005:3 -115:1 3 <
ffff8e67f59f0b40 2920866595 C Ii:2:005:3 0:1 3 = 100000
ffff8e67f59f0b40 2920866772 S Ci:2:005:0 s c0 bc 0800 0016 0002 2 <
ffff8e67f59f0b40 2920869494 C Ci:2:005:0 0 2 = 0900
ffff8e67f59f0b40 2920869603 S Ci:2:005:0 s c0 bc 0900 001c 0002 2 <
ffff8e67f59f0b40 2920872204 C Ci:2:005:0 0 2 = 2f6f
ffff8e67f59f0b40 2920872277 S Ci:2:005:0 s c0 bc 0800 23be 0002 2 <
ffff8e67f59f0b40 2920874904 C Ci:2:005:0 0 2 = 0000
ffff8e67f59f0b40 2920875109 S Co:2:005:0 s 40 bc 0900 0014 0002 2 = d09e
ffff8e67f59f0b40 2920877629 C Co:2:005:0 0 2 >
ffff8e67f59f0b40 2920877840 S Ci:2:005:0 s c0 bc 0900 001c 0002 2 <
ffff8e67f59f0b40 2920880344 C Ci:2:005:0 0 2 = 2f6f
ffff8e67f59f0b40 2920880560 S Co:2:005:0 s 40 b9 0000 0000 0004 4 = 09016638
ffff8e67f59f0b40 2920883138 C Co:2:005:0 0 4 >
ffff8e67f59f0b40 2920883311 S Ii:2:005:3 -115:1 3 <
ffff8e67f59f0b40 2920884535 C Ii:2:005:3 0:1 3 = 100000
ffff8e67f59f0b40 2920884591 S Ci:2:005:0 s c0 bc 0800 0016 0002 2 <
ffff8e67f59f0b40 2920887293 C Ci:2:005:0 0 2 = 0900
ffff8e67f59f0b40 2920887461 S Ci:2:005:0 s c0 bc 0900 001c 0002 2 <
ffff8e67f59f0b40 2920889963 C Ci:2:005:0 0 2 = 2f6f
ffff8e67f59f0b40 2920890146 S Ci:2:005:0 s c0 bc 0800 23be 003a 58 <
ffff8e67f59f0b40 2920892748 C Ci:2:005:0 0 58 = 0000e95c cf42b528 9b0e81f4 67da4dc0 33a6198c ff72e558 cb3eb124 970a7df0
ffff8e67f59f0b40 2920892931 S Co:2:005:0 s 40 bc 0800 00c0 0006 6 = ab923eb4 5b7b
ffff8e67f59f0b40 2920895522 C Co:2:005:0 0 6 >
ffff8e67f59f0b40 2920895701 S Co:2:005:0 s 40 b9 0000 0000 0004 4 = 09006606
ffff8e67f59f0b40 2920898316 C Co:2:005:0 0 4 >
ffff8e67f59f0b40 2920898382 S Ii:2:005:3 -115:1 3 <
ffff8e67f59f0b40 2920899596 C Ii:2:005:3 0:1 3 = 100000
ffff8e67f59f0b40 2920899745 S Ci:2:005:0 s c0 bc 0800 0016 0002 2 <
ffff8e67f59f0b40 2920902431 C Ci:2:005:0 0 2 = 0900
ffff8e67f59f0b40 2920902590 S Ci:2:005:0 s c0 bc 0900 001c 0002 2 <
ffff8e67f59f0b40 2920905174 C Ci:2:005:0 0 2 = 2f6f
ffff8e67f59f0b40 2920905255 S Ci:2:005:0 s c0 bc 0800 23be 0002 2 <
ffff8e67f59f0b40 2920907871 C Ci:2:005:0 0 2 = 0000
ffff8e67f59f0b40 2920908074 S Co:2:005:0 s 40 bc 0900 0014 0002 2 = d09e
ffff8e67f59f0b40 2920910637 C Co:2:005:0 0 2 >
ffff8e67f59f0b40 2920910814 S Ci:2:005:0 s c0 bc 0900 001c 0002 2 <
ffff8e67f59f0b40 2920913418 C Ci:2:005:0 0 2 = 2f6f
ffff8e67f59f0b40 2920913585 S Co:2:005:0 s 40 b9 0000 0000 0004 4 = 09016638
ffff8e67f59f0b40 2920916142 C Co:2:005:0 0 4 >
ffff8e67f59f0b40 2920916340 S Ii:2:005:3 -115:1 3 <
ffff8e67f59f0b40 2920917572 C Ii:2:005:3 0:1 3 = 100000
ffff8e67f59f0b40 2920917716 S Ci:2:005:0 s c0 bc 0800 0016 0002 2 <
ffff8e67f59f0b40 2920920205 C Ci:2:005:0 0 2 = 0900
ffff8e67f59f0b40 2920920289 S Ci:2:005:0 s c0 bc 0900 001c 0002 2 <
ffff8e67f59f0b40 2920922845 C Ci:2:005:0 0 2 = 2f6f
ffff8e67f59f0b40 2920923036 S Ci:2:005:0 s c0 bc 0800 23be 003a 58 <
ffff8e67f59f0b40 2920925612 C Ci:2:005:0 0 58 = 0000e95c cf42b528 9b0e81f4 67da4dc0 33a6198c ff72e558 cb3eb124 970a7df0
ffff8e67f59f0b40 2920925799 S Co:2:005:0 s 40 bc 0800 00c0 0006 6 = ab923eb4 937b
ffff8e67f59f0b40 2920928394 C Co:2:005:0 0 6 >
ffff8e67f59f0b40 2920928583 S Co:2:005:0 s 40 b9 0000 0000 0004 4 = 09006606
ffff8e67f59f0b40 2920931163 C Co:2:005:0 0 4 >
ffff8e67f59f0b40 2920931276 S Ii:2:005:3 -115:1 3 <
ffff8e67f59f0b40 2920932479 C Ii:2:005:3 0:1 3 = 100000
ffff8e67f59f0b40 2920932574 S Ci:2:005:0 s c0 bc 0800 0016 0002 2 <
ffff8e67f59f0b40 2920935221 C Ci:2:005:0 0 2 = 0900
ffff8e67f59f0b40 2920935391 S Ci:2:005:0 s c0 bc 0900 001c 0002 2 <
ffff8e67f59f0b40 2920937901 C Ci:2:005:0 0 2 = 2f6f
ffff8e67f59f0b40 2920938068 S Ci:2:005:0 s c0 bc 0800 23be 0002 2 <
ffff8e67f59f0b40 2920940603 C Ci:2:005:0 0 2 = 0000
ffff8e67f59f0b40 2920940796 S Co:2:005:0 s 40 bc 0900 0014 0002 2 = d09e
ffff8e67f59f0b40 2920943389 C Co:2:005:0 0 2 >
ffff8e67f59f0b40 2920943576 S Ci:2:005:0 s c0 bc 0900 001c 0002 2 <
ffff8e67f59f0b40 2920946206 C Ci:2:005:0 0 2 = 2f6f
ffff8e67f59f0b40 2920946302 S Co:2:005:0 s 40 b9 0000 0000 0004 4 = 09016638
ffff8e67f59f0b40 2920948858 C Co:2:005:0 0 4 >
ffff8e67f59f0b40 2920949101 S Ii:2:005:3 -115:1 3 <
ffff8e67f59f0b40 2920950206 C Ii:2:005:3 0:1 3 = 100000
ffff8e67f59f0b40 2920950310 S Ci:2:005:0 s c0 bc 0800 0016 0002 2 <
ffff8e67f59f0b40 2920953078 C Ci:2:005:0 0 2 = 0900
ffff8e67f59f0b40 2920953221 S Ci:2:005:0 s c0 bc 0900 001c 0002 2 <
ffff8e67f59f0b40 2920955802 C Ci:2:005:0 0 2 = 2f6f
ffff8e67f59f0b40 2920956065 S Ci:2:005:0 s c0 bc 0800 23be 003a 58 <
ffff8e67f59f0b40 2920958502 C Ci:2:005:0 0 58 = 0000e95c cf42b528 9b0e81f4 67da4dc0 33a6198c ff72e558 cb3eb124 970a7df0
ffff8e67f59f0b40 2920958578 S Co:2:005:0 s 40 bc 0800 00c0 0006 6 = ab923eb4 cb7b
ffff8e67f59f0b40 2920961279 C Co:2:005:0 0 6 >
ffff8e67f59f0b40 2920961449 S Co:2:005:0 s 40 b9 0000 0000 0004 4 = 09006606
ffff8e67f59f0b40 2920964061 C Co:2:005:0 0 4 >
ffff8e67f59f0b40 2920964168 S Ii:2:005:3 -115:1 3 <
ffff8e67f59f0b40 2920965408 C Ii:2:005:3 0:1 3 = 100000
ffff8e67f59f0b40 2920965585 S Ci:2:005:0 s c0 bc 0800 0016 0002 2 <
ffff8e67f59f0b40 2920968152 C Ci:2:005:0 0 2 = 0900
ffff8e67f59f0b40 2920968345 S Ci:2:005:0 s c0 bc 0900 001c 0002 2 <
ffff8e67f59f0b40 2920970867 C Ci:2:005:0 0 2 = 2f6f
ffff8e67f59f0b40 2920971067 S Ci:2:005:0 s c0 bc 0800 23be 0002 2 <
ffff8e67f59f0b40 2920973619 C Ci:2:005:0 0 2 = 0000
ffff8e67f59f0b40 2920973817 S Co:2:005:0 s 40 bc 0900 0014 0002 2 = d09e
ffff8e67f59f0b40 2920976408 C Co:2:005:0 0 2 >
ffff8e67f59f0b40 2920976571 S Ci:2:005:0 s c0 bc 0900 001c 0002 2 <
ffff8e67f59f0b40 2920979149 C Ci:2:005:0 0 2 = 2f6f
ffff8e67f59f0b40 2920979346 S Co:2:005:0 s 40 b9 0000 0000 0004 4 = 09016638
ffff8e67f59f0b40 2920981954 C Co:2:005:0 0 4 >
ffff8e67f59f0b40 2920982118 S Ii:2:005:3 -115:1 3 <
ffff8e67f59f0b40 2920983282 C Ii:2:005:3 0:1 3 = 100000
ffff8e67f59f0b40 2920983397 S Ci:2:005:0 s c0 bc 0800 0016 0002 2 <
ffff8e67f59f0b40 2920986028 C Ci:2:005:0 0 2 = 0900
ffff8e67f59f0b40 2920986151 S Ci:2:005:0 s c0 bc 0900 001c 0002 2 <
ffff8e67f59f0b40 2920988797 C Ci:2:005:0 0 2 = 2f6f
ffff8e67f59f0b40 2920988995 S Ci:2:005:0 s c0 bc 0800 23be 003a 58 <
ffff8e67f59f0b40 2920991537 C Ci:2:005:0 0 58 = 0000e95c cf42b528 9b0e81f4 67da4dc0 33a6198c ff72e558 cb3eb124 970a7df0
ffff8e67f59f0b40 2920991703 S Co:2:005:0 s 40 bc 0800 00c0 0006 6 = ab923eb4 0378
ffff8e67f59f0b40 2920994263 C Co:2:005:0 0 6 >
ffff8e67f59f0b40 2920994416 S Co:2:005:0 s 40 b9 0000 0000 0004 4 = 09006606
ffff8e67f59f0b40 2920997062 C Co:2:005:0 0 4 >
ffff8e67f59f0b40 2920997201 S Ii:2:005:3 -115:1 3 <
ffff8e67f59f0b40 2920998347 C Ii:2:005:3 0:1 3 = 100000
ffff8e67f59f0b40 2920998504 S Ci:2:005:0 s c0 bc 0800 0016 0002 2 <
ffff8e67f59f0b40 2921001326 C Ci:2:005:0 0 2 = 0900
ffff8e67f59f0b40 2921001479 S Ci:2:005:0 s c0 bc 0900 001c 0002 2 <
ffff8e67f59f0b40 2921003863 C Ci:2:005:0 0 2 = 2f6f
ffff8e67f59f0b40 2921004070 S Ci:2:005:0 s c0 bc 0800 23be 0002 2 <
ffff8e67f59f0b40 2921006617 C Ci:2:005:0 0 2 = 0000
ffff8e67f59f0b40 2921006759 S Co:2:005:0 s 40 bc 0900 0014 0002 2 = d09e
ffff8e67f59f0b40 2921009392 C Co:2:005:0 0 2 >
ffff8e67f59f0b40 2921009581 S Ci:2:005:0 s c0 bc 0900 001c 0002 2 <
ffff8e67f59f0b40 2921012137 C Ci:2:005:0 0 2 = 2f6f
ffff8e67f59f0b40 2921012252 S Co:2:005:0 s 40 b9 0000 0000 0004 4 = 09016638
ffff8e67f59f0b40 2921014958 C Co:2:005:0 0 4 >
ffff8e67f59f0b40 2921015146 S Ii:2:005:3 -115:1 3 <
ffff8e67f59f0b40 2921016220 C Ii:2:005:3 0:1 3 = 100000
ffff8e67f59f0b40 2921016312 S Ci:2:005:0 s c0 bc 0800 0016 0002 2 <
ffff8e67f59f0b40 2921018984 C Ci:2:005:0 0 2 = 0900
ffff8e67f59f0b40 2921019082 S Ci:2:005:0 s c0 bc 0900 001c 0002 2 <
ffff8e67f59f0b40 2921021652 C Ci:2:005:0 0 2 = 2f6f
ffff8e67f59f0b40 2921021841 S Ci:2:005:0 s c0 bc 0800 23be 003a 58 <
ffff8e67f59f0b40 2921024320 C Ci:2:005:0 0 58 = 0000e95c cf42b528 9b0e81f4 67da4dc0 33a6198c ff72e558 cb3eb124 970a7df0
ffff8e67f59f0b40 2921024514 S Co:2:005:0 s 40 bc 0800 00c0 0006 6 = ab923eb4 3b78
ffff8e67f59f0b40 2921027163 C Co:2:005:0 0 6 >
ffff8e67f59f0b40 2921027356 S Co:2:005:0 s 40 b9 0000 0000 0004 4 = 09006606
ffff8e67f59f0b40 2921029875 C Co:2:005:0 0 4 >
ffff8e67f59f0b40 2921030086 S Ii:2:005:3 -115:1 3 <
ffff8e67f59f0b40 2921031218 C Ii:2:005:3 0:1 3 = 100000
ffff8e67f59f0b40 2921031313 S Ci:2:005:0 s c0 bc 0800 0016 0002 2 <
ffff8e67f59f0b40 2921034039 C Ci:2:005:0 0 2 = 0900
ffff8e67f59f0b40 2921034134 S Ci:2:005:0 s c0 bc 0900 001c 0002 2 <
ffff8e67f59f0b40 2921036731 C Ci:2:005:0 0 2 = 2f6f
ffff8e67f59f0b40 2921036915 S Ci:2:005:0 s c0 bc 0800 23be 0002 2 <
ffff8e67f59f0b40 2921039521 C Ci:2:005:0 0 2 = 0000
ffff8e67f59f0b40 2921039710 S Co:2:005:0 s 40 bc 0900 0014 0002 2 = d09e
ffff8e67f59f0b40 2921042276 C Co:2:005:0 0 2 >
ffff8e67f59f0b40 2921042442 S Ci:2:005:0 s c0 bc 0900 001c 0002 2 <
ffff8e67f59f0b40 2921044917 C Ci:2:005:0 0 2 = 2f6f
ffff8e67f59f0b40 2921045126 S Co:2:005:0 s 40 b9 0000 0000 0004 4 = 09016638
ffff8e67f59f0b40 2921047554 C Co:2:005:0 0 4 >
ffff8e67f59f0b40 2921047732 S Ii:2:005:3 -115:1 3 <
ffff8e67f59f0b40 2921048899 C Ii:2:005:3 0:1 3 = 100000
ffff8e67f59f0b40 2921049095 S Ci:2:005:0 s c0 bc 0800 0016 0002 2 <
ffff8e67f59f0b40 2921051770 C Ci:2:005:0 0 2 = 0900
ffff8e67f59f0b40 2921051955 S Ci:2:005:0 s c0 bc 0900 001c 0002 2 <
ffff8e67f59f0b40 2921054515 C Ci:2:005:0 0 2 = 2f6f
ffff8e67f59f0b40 2921054683 S Ci:2:005:0 s c0 bc 0800 23be 003a 58 <
ffff8e67f59f0b40 2921057201 C Ci:2:005:0 0 58 = 0000e95c cf42b528 9b0e81f4 67da4dc0 33a6198c ff72e558 cb3eb124 970a7df0
ffff8e67f59f0b40 2921057414 S Co:2:005:0 s 40 bc 0800 00c0 0006 6 = ab923eb4 7378
ffff8e67f59f0b40 2921059911 C Co:2:005:0 0 6 >
ffff8e67f59f0b40 2921060104 S Co:2:005:0 s 40 b9 0000 0000 0004 4 = 09006606
ffff8e67f59f0b40 2921062646 C Co:2:005:0 0 4 >
ffff8e67f59f0b40 2921062746 S Ii:2:005:3 -115:1 3 <
ffff8e67f59f0b40 2921064012 C Ii:2:005:3 0:1 3 = 100000
ffff8e67f59f0b40 2921064081 S Ci:2:005:0 s c0 bc 0800 0016 0002 2 <
ffff8e67f59f0b40 2921066775 C Ci:2:005:0 0 2 = 0900
ffff8e67f59f0b40 2921066941 S Ci:2:005:0 s c0 bc 0900 001c 0002 2 <
ffff8e67f59f0b40 2921069509 C Ci:2:005:0 0 2 = 2f6f
ffff8e67f59f0b40 2921069648 S Ci:2:005:0 s c0 bc 0800 23be 0002 2 <
ffff8e67f59f0b40 2921072202 C Ci:2:005:0 0 2 = 0000
ffff8e67f59f0b40 2921072364 S Co:2:005:0 s 40 bc 0900 0014 0002 2 = d09e
ffff8e67f59f0b40 2921075049 C Co:2:005:0 0 2 >
ffff8e67f59f0b40 2921075201 S Ci:2:005:0 s c0 bc 0900 001c 0002 2 <
ffff8e67f59f0b40 2921077810 C Ci:2:005:0 0 2 = 2f6f
ffff8e67f59f0b40 2921078068 S Co:2:005:0 s 40 b9 0000 0000 0004 4 = 09016638
ffff8e67f59f0b40 2921080547 C Co:2:005:0 0 4 >
ffff8e67f59f0b40 2921080639 S Ii:2:005:3 -115:1 3 <
ffff8e67f59f0b40 2921081948 C Ii:2:005:3 0:1 3 = 100000
ffff8e67f59f0b40 2921082105 S Ci:2:005:0 s c0 bc 0800 0016 0002 2 <
ffff8e67f59f0b40 2921084668 C Ci:2:005:0 0 2 = 0900
ffff8e67f59f0b40 2921084845 S Ci:2:005:0 s c0 bc 0900 001c 0002 2 <
ffff8e67f59f0b40 2921087381 C Ci:2:005:0 0 2 = 2f6f
ffff8e67f59f0b40 2921087498 S Ci:2:005:0 s c0 bc 0800 23be 003a 58 <
ffff8e67f59f0b40 2921090069 C Ci:2:005:0 0 58 = 0000e95c cf42b528 9b0e81f4 67da4dc0 33a6198c ff72e558 cb3eb124 970a7df0
ffff8e67f59f0b40 2921090266 S Co:2:005:0 s 40 bc 0800 00c0 0006 6 = ab923eb4 ab78
ffff8e67f59f0b40 2921092864 C Co:2:005:0 0 6 >
ffff8e67f59f0b40 2921093053 S Co:2:005:0 s 40 b9 0000 0000 0004 4 = 09006606
ffff8e67f59f0b40 2921095589 C Co:2:005:0 0 4 >
ffff8e67f59f0b40 2921095778 S Ii:2:005:3 -115:1 3 <
ffff8e67f59f0b40 2921097040 C Ii:2:005:3 0:1 3 = 100000
ffff8e67f59f0b40 2921097211 S Ci:2:005:0 s c0 bc 0800 0016 0002 2 <
ffff8e67f59f0b40 2921099884 C Ci:2:005:0 0 2 = 0900
ffff8e67f59f0b40 2921100110 S Ci:2:005:0 s c0 bc 0900 001c 0002 2 <
ffff8e67f59f0b40 2921102648 C Ci:2:005:0 0 2 = 2f6f
ffff8e67f59f0b40 2921102818 S Ci:2:005:0 s c0 bc 0800 23be 0002 2 <
ffff8e67f59f0b40 2921105351 C Ci:2:005:0 0 2 = 0000
ffff8e67f59f0b40 2921105543 S Co:2:005:0 s 40 bc 0900 0014 0002 2 = d09e
ffff8e67f59f0b40 2921108123 C Co:2:005:0 0 2 >
ffff8e67f59f0b40 2921108337 S Ci:2:005:0 s c0 bc 0900 001c 0002 2 <
ffff8e67f59f0b40 2921110935 C Ci:2:005:0 0 2 = 2f6f
ffff8e67f59f0b40 2921111084 S Co:2:005:0 s 40 b9 0000 0000 0004 4 = 09016638
ffff8e67f59f0b40 2921113644 C Co:2:005:0 0 4 >
ffff8e67f59f0b40 2921113903 S Ii:2:005:3 -115:1 3 <
ffff8e67f59f0b40 2921114962 C Ii:2:005:3 0:1 3 = 100000
ffff8e67f59f0b40 2921115149 S Ci:2:005:0 s c0 bc 0800 0016 0002 2 <
ffff8e67f59f0b40 2921117760 C Ci:2:005:0 0 2 = 0900
ffff8e67f59f0b40 2921117972 S Ci:2:005:0 s c0 bc 0900 001c 0002 2 <
ffff8e67f59f0b40 2921120534 C Ci:2:005:0 0 2 = 2f6f
ffff8e67f59f0b40 2921120732 S Ci:2:005:0 s c0 bc 0800 23be 003a 58 <
ffff8e67f59f0b40 2921123284 C Ci:2:005:0 0 58 = 0000e95c cf42b528 9b0e81f4 67da4dc0 33a6198c ff72e558 cb3eb124 970a7df0
ffff8e67f59f0b40 2921123417 S Co:2:005:0 s 40 bc 0800 00c0 0006 6 = ab923eb4 e378
ffff8e67f59f0b40 2921126025 C Co:2:005:0 0 6 >
ffff8e67f59f0b40 2921126225 S Co:2:005:0 s 40 b9 0000 0000 0004 4 = 09006606
ffff8e67f59f0b40 2921128809 C Co:2:005:0 0 4 >
ffff8e67f59f0b40 2921129063 S Ii:2:005:3 -115:1 3 <
ffff8e67f59f0b40 2921130055 C Ii:2:005:3 0:1 3 = 100000
ffff8e67f59f0b40 2921130174 S Ci:2:005:0 s c0 bc 0800 0016 0002 2 <
ffff8e67f59f0b40 2921132732 C Ci:2:005:0 0 2 = 0900
ffff8e67f59f0b40 2921132927 S Ci:2:005:0 s c0 bc 0900 001c 0002 2 <
ffff8e67f59f0b40 2921135427 C Ci:2:005:0 0 2 = 2f6f
ffff8e67f59f0b40 2921135610 S Ci:2:005:0 s c0 bc 0800 23be 0002 2 <
ffff8e67f59f0b40 2921138248 C Ci:2:005:0 0 2 = 0000
ffff8e67f59f0b40 2921138414 S Co:2:005:0 s 40 bc 0900 0014 0002 2 = d09e
ffff8e67f59f0b40 2921141046 C Co:2:005:0 0 2 >
ffff8e67f59f0b40 2921141179 S Ci:2:005:0 s c0 bc 0900 001c 0002 2 <
ffff8e67f59f0b40 2921143747 C Ci:2:005:0 0 2 = 2f6f
ffff8e67f59f0b40 2921143850 S Co:2:005:0 s 40 b9 0000 0000 0004 4 = 09016638
ffff8e67f59f0b40 2921146530 C Co:2:005:0 0 4 >
ffff8e67f59f0b40 2921146720 S Ii:2:005:3 -115:1 3 <
ffff8e67f59f0b40 2921147872 C Ii:2:005:3 0:1 3 = 100000
ffff8e67f59f0b40 2921147973 S Ci:2:005:0 s c0 bc 0800 0016 0002 2 <
ffff8e67f59f0b40 2921150638 C Ci:2:005:0 0 2 = 0900
ffff8e67f59f0b40 2921150861 S Ci:2:005:0 s c0 bc 0900 001c 0002 2 <
ffff8e67f59f0b40 2921153409 C Ci:2:005:0 0 2 = 2f6f
ffff8e67f59f0b40 2921153563 S Ci:2:005:0 s c0 bc 0800 23be 003a 58 <
ffff8e67f59f0b40 2921156151 C Ci:2:005:0 0 58 = 0000e95c cf42b528 9b0e81f4 67da4dc0 33a6198c ff72e558 cb3eb124 970a7df0
ffff8e67f59f0b40 2921156354 S Co:2:005:0 s 40 bc 0800 00c0 0006 6 = ab923eb4 1b79
ffff8e67f59f0b40 2921158863 C Co:2:005:0 0 6 >
ffff8e67f59f0b40 2921159080 S Co:2:005:0 s 40 b9 0000 0000 0004 4 = 09006606
ffff8e67f59f0b40 2921161648 C Co:2:005:0 0 4 >
ffff8e67f59f0b40 2921161939 S Ii:2:005:3 -115:1 3 <
ffff8e67f59f0b40 2921162989 C Ii:2:005:3 0:1 3 = 100000
ffff8e67f59f0b40 2921163137 S Ci:2:005:0 s c0 bc 0800 0016 0002 2 <
ffff8e67f59f0b40 2921165810 C Ci:2:005:0 0 2 = 0900
ffff8e67f59f0b40 2921166034 S Ci:2:005:0 s c0 bc 0900 001c 0002 2 <
ffff8e67f59f0b40 2921168548 C Ci:2:005:0 0 2 = 2f6f
ffff8e67f59f0b40 2921168620 S Ci:2:005:0 s c0 bc 0800 23be 0002 2 <
ffff8e67f59f0b40 2921171194 C Ci:2:005:0 0 2 = 0000
ffff8e67f59f0b40 2921171386 S Co:2:005:0 s 40 bc 0900 0014 0002 2 = d09e
ffff8e67f59f0b40 2921174050 C Co:2:005:0 0 2 >
ffff8e67f59f0b40 2921174164 S Ci:2:005:0 s c0 bc 0900 001c 0002 2 <
ffff8e67f59f0b40 2921176801 C Ci:2:005:0 0 2 = 2f6f
ffff8e67f59f0b40 2921177070 S Co:2:005:0 s 40 b9 0000 0000 0004 4 = 09016638
ffff8e67f59f0b40 2921179529 C Co:2:005:0 0 4 >
ffff8e67f59f0b40 2921179596 S Ii:2:005:3 -115:1 3 <
ffff8e67f59f0b40 2921180830 C Ii:2:005:3 0:1 3 = 100000
ffff8e67f59f0b40 2921181054 S Ci:2:005:0 s c0 bc 0800 0016 0002 2 <
ffff8e67f59f0b40 2921183679 C Ci:2:005:0 0 2 = 0900
ffff8e67f59f0b40 2921183764 S Ci:2:005:0 s c0 bc 0900 001c 0002 2 <
ffff8e67f59f0b40 2921186334 C Ci:2:005:0 0 2 = 2f6f
ffff8e67f59f0b40 2921186446 S Ci:2:005:0 s c0 bc 0800 23be 003a 58 <
ffff8e67f59f0b40 2921189079 C Ci:2:005:0 0 58 = 0000e95c cf42b528 9b0e81f4 67da4dc0 33a6198c ff72e558 cb3eb124 970a7df0
ffff8e67f59f0b40 2921189198 S Co:2:005:0 s 40 bc 0800 00c0 0006 6 = ab923eb4 5379
ffff8e67f59f0b40 2921191823 C Co:2:005:0 0 6 >
ffff8e67f59f0b40 2921192085 S Co:2:005:0 s 40 b9 0000 0000 0004 4 = 09006606
ffff8e67f59f0b40 2921194619 C Co:2:005:0 0 4 >
ffff8e67f59f0b40 2921194810 S Ii:2:005:3 -115:1 3 <
ffff8e67f59f0b40 2921195959 C Ii:2:005:3 0:1 3 = 100000
ffff8e67f59f0b40 2921196149 S Ci:2:005:0 s c0 bc 0800 0016 0002 2 <
ffff8e67f59f0b40 2921198774 C Ci:2:005:0 0 2 = 0900
ffff8e67f59f0b40 2921198905 S Ci:2:005:0 s c0 bc 0900 001c 0002 2 <
ffff8e67f59f0b40 2921201533 C Ci:2:005:0 0 2 = 2f6f
ffff8e67f59f0b40 2921201717 S Ci:2:005:0 s c0 bc 0800 23be 0002 2 <
ffff8e67f59f0b40 2921204177 C Ci:2:005:0 0 2 = 0000
ffff8e67f59f0b40 2921204414 S Co:2:005:0 s 40 bc 0900 0014 0002 2 = d09e
ffff8e67f59f0b40 2921206899 C Co:2:005:0 0 2 >
ffff8e67f59f0b40 2921207067 S Ci:2:005:0 s c0 bc 0900 001c 0002 2 <
ffff8e67f59f0b40 2921209647 C Ci:2:005:0 0 2 = 2f6f
ffff8e67f59f0b40 2921209719 S Co:2:005:0 s 40 b9 0000 0000 0004 4 = 09016638
ffff8e67f59f0b40 2921212329 C Co:2:005:0 0 4 >
ffff8e67f59f0b40 2921212537 S Ii:2:005:3 -115:1 3 <
ffff8e67f59f0b40 2921213594 C Ii:2:005:3 0:1 3 = 100000
ffff8e67f59f0b40 2921213787 S Ci:2:005:0 s c0 bc 0800 0016 0002 2 <
ffff8e67f59f0b40 2921216407 C Ci:2:005:0 0 2 = 0900
ffff8e67f59f0b40 2921216552 S Ci:2:005:0 s c0 bc 0900 001c 0002 2 <
ffff8e67f59f0b40 2921219157 C Ci:2:005:0 0 2 = 2f6f
ffff8e67f59f0b40 2921219289 S Ci:2:005:0 s c0 bc 0800 23be 003a 58 <
ffff8e67f59f0b40 2921221929 C Ci:2:005:0 0 58 = 0000e95c cf42b528 9b0e81f4 67da4dc0 33a6198c ff72e558 cb3eb124 970a7df0
ffff8e67f59f0b40 2921222107 S Co:2:005:0 s 40 bc 0800 00c0 0006 6 = ab923eb4 8b79
ffff8e67f59f0b40 2921224546 C Co:2:005:0 0 6 >
ffff8e67f59f0b40 2921224736 S Co:2:005:0 s 40 b9 0000 0000 0004 4 = 09006606
ffff8e67f59f0b40 2921227409 C Co:2:005:0 0 4 >
ffff8e67f59f0b40 2921227469 S Ii:2:005:3 -115:1 3 <
ffff8e67f59f0b40 2921228699 C Ii:2:005:3 0:1 3 = 100000
ffff8e67f59f0b40 2921228814 S Ci:2:005:0 s c0 bc 0800 0016 0002 2 <
ffff8e67f59f0b40 2921231561 C Ci:2:005:0 0 2 = 0900
ffff8e67f59f0b40 2921231633 S Ci:2:005:0 s c0 bc 0900 001c 0002 2 <
ffff8e67f59f0b40 2921234257 C Ci:2:005:0 0 2 = 2f6f
ffff8e67f59f0b40 2921234442 S Ci:2:005:0 s c0 bc 0800 23be 0002 2 <
ffff8e67f59f0b40 2921236899 C Ci:2:005:0 0 2 = 0000
ffff8e67f59f0b40 2921237094 S Co:2:005:0 s 40 bc 0900 0014 0002 2 = d09e
ffff8e67f59f0b40 2921239635 C Co:2:005:0 0 2 >
ffff8e67f59f0b40 2921239737 S Ci:2:005:0 s c0 bc 0900 001c 0002 2 <
ffff8e67f59f0b40 2921242329 C Ci:2:005:0 0 2 = 2f6f
ffff8e67f59f0b40 2921242549 S Co:2:005:0 s 40 b9 0000 0000 0004 4 = 09016638
ffff8e67f59f0b40 2921245028 C Co:2:005:0 0 4 >
ffff8e67f59f0b40 2921245208 S Ii:2:005:3 -115:1 3 <
ffff8e67f59f0b40 2921246385 C Ii:2:005:3 0:1 3 = 100000
ffff8e67f59f0b40 2921246510 S Ci:2:005:0 s c0 bc 0800 0016 0002 2 <
ffff8e67f59f0b40 2921249148 C Ci:2:005:0 0 2 = 0900
ffff8e67f59f0b40 2921249269 S Ci:2:005:0 s c0 bc 0900 001c 0002 2 <
ffff8e67f59f0b40 2921251895 C Ci:2:005:0 0 2 = 2f6f
ffff8e67f59f0b40 2921252036 S Ci:2:005:0 s c0 bc 0800 23be 003a 58 <
ffff8e67f59f0b40 2921254605 C Ci:2:005:0 0 58 = 0000e95c cf42b528 9b0e81f4 67da4dc0 33a6198c ff72e558 cb3eb124 970a7df0
ffff8e67f59f0b40 2921254703 S Co:2:005:0 s 40 bc 0800 00c0 0006 6 = ab923eb4 c379
ffff8e67f59f0b40 2921257237 C Co:2:005:0 0 6 >
ffff8e67f59f0b40 2921257423 S Co:2:005:0 s 40 b9 0000 0000 0004 4 = 09006606
ffff8e67f59f0b40 2921260035 C Co:2:005:0 0 4 >
ffff8e67f59f0b40 2921260151 S Ii:2:005:3 -115:1 3 <
ffff8e67f59f0b40 2921261368 C Ii:2:005:3 0:1 3 = 100000
ffff8e67f59f0b40 2921261440 S Ci:2:005:0 s c0 bc 0800 0016 0002 2 <
ffff8e67f59f0b40 2921264002 C Ci:2:005:0 0 2 = 0900
ffff8e67f59f0b40 2921264071 S Ci:2:005:0 s c0 bc 0900 001c 0002 2 <
ffff8e67f59f0b40 2921266701 C Ci:2:005:0 0 2 = 2f6f
ffff8e67f59f0b40 2921266896 S Ci:2:005:0 s c0 bc 0800 23be 0002 2 <
ffff8e67f59f0b40 2921269586 C Ci:2:005:0 0 2 = 0000
ffff8e67f59f0b40 2921269752 S Co:2:005:0 s 40 bc 0900 0014 0002 2 = d09e
ffff8e67f59f0b40 2921272363 C Co:2:005:0 0 2 >
ffff8e67f59f0b40 2921272553 S Ci:2:005:0 s c0 bc 0900 001c 0002 2 <
ffff8e67f59f0b40 2921275148 C Ci:2:005:0 0 2 = 2f6f
ffff8e67f59f0b40 2921275284 S Co:2:005:0 s 40 b9 0000 0000 0004 4 = 09016638
ffff8e67f59f0b40 2921277879 C Co:2:005:0 0 4 >
ffff8e67f59f0b40 2921278101 S Ii:2:005:3 -115:1 3 <
ffff8e67f59f0b40 2921279215 C Ii:2:005:3 0:1 3 = 100000
ffff8e67f59f0b40 2921279282 S Ci:2:005:0 s c0 bc 0800 0016 0002 2 <
ffff8e67f59f0b40 2921281996 C Ci:2:005:0 0 2 = 0900
ffff8e67f59f0b40 2921282210 S Ci:2:005:0 s c0 bc 0900 001c 0002 2 <
ffff8e67f59f0b40 2921284799 C Ci:2:005:0 0 2 = 2f6f
ffff8e67f59f0b40 2921284987 S Ci:2:005:0 s c0 bc 0800 23be 003a 58 <
ffff8e67f59f0b40 2921287485 C Ci:2:005:0 0 58 = 0000e95c cf42b528 9b0e81f4 67da4dc0 33a6198c ff72e558 cb3eb124 970a7df0
ffff8e67f59f0b40 2921287677 S Co:2:005:0 s 40 bc 0800 00c0 0006 6 = aba23eb4 fb79
ffff8e67f59f0b40 2921290212 C Co:2:005:0 0 6 >
ffff8e67f59f0b40 2921290305 S Co:2:005:0 s 40 b9 0000 0000 0004 4 = 09006606
ffff8e67f59f0b40 2921293034 C Co:2:005:0 0 4 >
ffff8e67f59f0b40 2921293135 S Ii:2:005:3 -115:1 3 <
ffff8e67f59f0b40 2921294395 C Ii:2:005:3 0:1 3 = 100000
ffff8e67f59f0b40 2921294527 S Ci:2:005:0 s c0 bc 0800 0016 0002 2 <
ffff8e67f59f0b40 2921297097 C Ci:2:005:0 0 2 = 0900
ffff8e67f59f0b40 2921297283 S Ci:2:005:0 s c0 bc 0900 001c 0002 2 <
ffff8e67f59f0b40 2921299807 C Ci:2:005:0 0 2 = 2f6f
ffff8e67f59f0b40 2921299980 S Ci:2:005:0 s c0 bc 0800 23be 0002 2 <
ffff8e67f59f0b40 2921302536 C Ci:2:005:0 0 2 = 0000
ffff8e67f59f0b40 2921302719 S Co:2:005:0 s 40 bc 0900 0014 0002 2 = d09e
ffff8e67f59f0b40 2921305246 C Co:2:005:0 0 2 >
ffff8e67f59f0b40 2921305362 S Ci:2:005:0 s c0 bc 0900 001c 0002 2 <
ffff8e67f59f0b40 2921308022 C Ci:2:005:0 0 2 = 2f6f
ffff8e67f59f0b40 2921308230 S Co:2:005:0 s 40 b9 0000 0000 0004 4 = 09016608
ffff8e67f59f0b40 2921310701 C Co:2:005:0 0 4 >
ffff8e67f59f0b40 2921310891 S Ii:2:005:3 -115:1 3 <
ffff8e67f59f0b40 2921312059 C Ii:2:005:3 0:1 3 = 100000
ffff8e67f59f0b40 2921312168 S Ci:2:005:0 s c0 bc 0800 0016 0002 2 <
ffff8e67f59f0b40 2921314930 C Ci:2:005:0 0 2 = 0900
ffff8e67f59f0b40 2921315053 S Ci:2:005:0 s c0 bc 0900 001c 0002 2 <
ffff8e67f59f0b40 2921317643 C Ci:2:005:0 0 2 = 2f6f
ffff8e67f59f0b40 2921317714 S Ci:2:005:0 s c0 bc 0800 23be 000a 10 <
ffff8e67f59f0b40 2921320315 C Ci:2:005:0 0 10 = 0000e95c cf42b528 9b0e
ffff8e67f59f0b40 2921320487 S Co:2:005:0 s 40 bc 0800 00c0 0004 4 = aa8d3500
ffff8e67f59f0b40 2921322997 C Co:2:005:0 0 4 >
ffff8e67f59f0b40 2921323203 S Co:2:005:0 s 40 b9 0000 0000 0004 4 = 09006603
ffff8e67f59f0b40 2921325750 C Co:2:005:0 0 4 >
ffff8e67f59f0b40 2921325930 S Ii:2:005:3 -115:1 3 <
ffff8e67f59f0b40 2921327025 C Ii:2:005:3 0:1 3 = 100000
ffff8e67f59f0b40 2921327232 S Ci:2:005:0 s c0 bc 0800 0016 0002 2 <
ffff8e67f59f0b40 2921329912 C Ci:2:005:0 0 2 = 0900
ffff8e67f59f0b40 2921330098 S Ci:2:005:0 s c0 bc 0900 001c 0002 2 <
ffff8e67f59f0b40 2921332629 C Ci:2:005:0 0 2 = 2f6f
ffff8e67f59f0b40 2921332738 S Ci:2:005:0 s c0 bc 0800 23be 0002 2 <
ffff8e67f59f0b40 2921335331 C Ci:2:005:0 0 2 = 0000
ffff8e67f59f0b40 2921335521 S Co:2:005:0 s 40 bc 0900 0014 0002 2 = d09e
ffff8e67f59f0b40 2921338091 C Co:2:005:0 0 2 >
ffff8e67f59f0b40 2921338273 S Ci:2:005:0 s c0 bc 0900 001c 0002 2 <
ffff8e67f59f0b40 2921340912 C Ci:2:005:0 0 2 = 2f6f
ffff8e67f59f0b40 2921341099 S Co:2:005:0 s 40 bc 0800 00c0 0006 6 = aba90fa4 5b00
ffff8e67f59f0b40 2921343531 C Co:2:005:0 0 6 >
ffff8e67f59f0b40 2921343709 S Co:2:005:0 s 40 b9 0000 0000 0004 4 = 09006605
ffff8e67f59f0b40 2921346233 C Co:2:005:0 0 4 >
ffff8e67f59f0b40 2921346384 S Ii:2:005:3 -115:1 3 <
ffff8e67f59f0b40 2921347610 C Ii:2:005:3 0:1 3 = 100000
ffff8e67f59f0b40 2921347744 S Ci:2:005:0 s c0 bc 0800 0016 0002 2 <
ffff8e67f59f0b40 2921350394 C Ci:2:005:0 0 2 = 0900
ffff8e67f59f0b40 2921350492 S Ci:2:005:0 s c0 bc 0900 001c 0002 2 <
ffff8e67f59f0b40 2921353089 C Ci:2:005:0 0 2 = 2f6f
ffff8e67f59f0b40 2921353164 S Ci:2:005:0 s c0 bc 0800 23be 0002 2 <
ffff8e67f59f0b40 2921355820 C Ci:2:005:0 0 2 = 0000
ffff8e67f59f0b40 2921356070 S Co:2:005:0 s 40 bc 0900 0014 0002 2 = d09e
ffff8e67f59f0b40 2921358612 C Co:2:005:0 0 2 >
ffff8e67f59f0b40 2921358695 S Ci:2:005:0 s c0 bc 0900 001c 0002 2 <
ffff8e67f59f0b40 2921361370 C Ci:2:005:0 0 2 = 2f6f
ffff8e67f59f0b40 2921361562 S Co:2:005:0 s 40 b9 0000 0000 0004 4 = 09016603
ffff8e67f59f0b40 2921364096 C Co:2:005:0 0 4 >
ffff8e67f59f0b40 2921364302 S Ii:2:005:3 -115:1 3 <
ffff8e67f59f0b40 2921365521 C Ii:2:005:3 0:1 3 = 100000
ffff8e67f59f0b40 2921365624 S Ci:2:005:0 s c0 bc 0800 0016 0002 2 <
ffff8e67f59f0b40 2921368254 C Ci:2:005:0 0 2 = 0900
ffff8e67f59f0b40 2921368388 S Ci:2:005:0 s c0 bc 0900 001c 0002 2 <
ffff8e67f59f0b40 2921370850 C Ci:2:005:0 0 2 = 2f6f
ffff8e67f59f0b40 2921371103 S Ci:2:005:0 s c0 bc 0800 23be 0006 6 <
ffff8e67f59f0b40 2921373553 C Ci:2:005:0 0 6 = 000078e0 4542
ffff8e67f59f0b40 2921373740 S Co:2:005:0 s 40 bc 0900 0014 0002 2 = d09e
ffff8e67f59f0b40 2921376368 C Co:2:005:0 0 2 >
ffff8e67f59f0b40 2921376558 S Co:2:005:0 s 40 bc 0900 0018 0002 2 = 000e
ffff8e67f59f0b40 2921379133 C Co:2:005:0 0 2 >
ffff8e67f59f0b40 2921379271 S Ci:2:005:0 s c0 bc 0900 0014 0002 2 <
ffff8e67f59f0b40 2921381834 C Ci:2:005:0 0 2 = d09e
ffff8e67f59f0b40 2921382045 S Ci:2:005:0 s c0 bc 0900 0018 0002 2 <
ffff8e67f59f0b40 2921384614 C Ci:2:005:0 0 2 = 000e
ffff8e67f59f0b40 2921384799 S Co:2:005:0 s 40 bc 0001 1574 0008 8 = 00000000 80000000
ffff8e67f59f0b40 2921387393 C Co:2:005:0 0 8 >
ffff8e67f59f0b40 2921387495 S Co:2:005:0 s 40 bc 0001 1574 0008 8 = 00030000 001f0000
ffff8e67f59f0b40 2921390073 C Co:2:005:0 0 8 >
ffff8e67f59f0b40 2921390221 S Co:2:005:0 s 40 bc 0001 1104 0008 8 = 02580000 ffff0000
ffff8e67f59f0b40 2921392754 C Co:2:005:0 0 8 >
ffff8e67f59f0b40 2921392934 S Co:2:005:0 s 40 bc 0001 1104 0008 8 = 00000000 0000ffff
ffff8e67f59f0b40 2921395510 C Co:2:005:0 0 8 >
ffff8e67f59f0b40 2921395675 S Co:2:005:0 s 40 bc 0001 1510 0008 8 = 00200000 00200000
ffff8e67f59f0b40 2921398225 C Co:2:005:0 0 8 >
ffff8e67f59f0b40 2921398410 S Co:2:005:0 s 40 bc 0001 1518 0008 8 = 00030000 00ff0000
ffff8e67f59f0b40 2921400806 C Co:2:005:0 0 8 >
ffff8e67f59f0b40 2921401053 S Co:2:005:0 s 40 bc 0001 1518 0008 8 = 02000000 ff000000
ffff8e67f59f0b40 2921403607 C Co:2:005:0 0 8 >
ffff8e67f59f0b40 2921403671 S Co:2:005:0 s 40 bc 0001 1510 0008 8 = 00000000 00080000
ffff8e67f59f0b40 2921406389 C Co:2:005:0 0 8 >
ffff8e67f59f0b40 2921406572 S Co:2:005:0 s 40 bc 0001 1514 0008 8 = 00000000 07000000
ffff8e67f59f0b40 2921409092 C Co:2:005:0 0 8 >
ffff8e67f59f0b40 2921409276 S Co:2:005:0 s 40 bc 0001 1510 0008 8 = 00000000 00030000
ffff8e67f59f0b40 2921411897 C Co:2:005:0 0 8 >
ffff8e67f59f0b40 2921412065 S Co:2:005:0 s 40 bc 0001 1530 0008 8 = 00000000 0000ffff
ffff8e67f59f0b40 2921414597 C Co:2:005:0 0 8 >
ffff8e67f59f0b40 2921414685 S Co:2:005:0 s 40 bc 0001 1534 0008 8 = 00000000 ffff0000
ffff8e67f59f0b40 2921417358 C Co:2:005:0 0 8 >
ffff8e67f59f0b40 2921417546 S Co:2:005:0 s 40 bc 0001 1534 0008 8 = 00000000 0000ffff
ffff8e67f59f0b40 2921420116 C Co:2:005:0 0 8 >
ffff8e67f59f0b40 2921420297 S Co:2:005:0 s 40 bc 0001 1538 0008 8 = 00000000 ffff0000
ffff8e67f59f0b40 2921422866 C Co:2:005:0 0 8 >
ffff8e67f59f0b40 2921423066 S Co:2:005:0 s 40 bc 0001 152c 0008 8 = 00000000 ffff0000
ffff8e67f59f0b40 2921425591 C Co:2:005:0 0 8 >
ffff8e67f59f0b40 2921425782 S Co:2:005:0 s 40 bc 0001 152c 0008 8 = 00000000 0000ffff
ffff8e67f59f0b40 2921428410 C Co:2:005:0 0 8 >
ffff8e67f59f0b40 2921428496 S Co:2:005:0 s 40 bc 0001 1000 0008 8 = 00000000 00000002
ffff8e67f59f0b40 2921431122 C Co:2:005:0 0 8 >
ffff8e67f59f0b40 2921431292 S Co:2:005:0 s 40 bc 0001 1584 0008 8 = 00000000 ffff0000
ffff8e67f59f0b40 2921433860 C Co:2:005:0 0 8 >
ffff8e67f59f0b40 2921434079 S Co:2:005:0 s 40 bc 0001 1584 0008 8 = 00000000 0000ffff
ffff8e67f59f0b40 2921436578 C Co:2:005:0 0 8 >
ffff8e67f59f0b40 2921436769 S Co:2:005:0 s 40 bc 0001 1588 0008 8 = 00000000 ffff0000
ffff8e67f59f0b40 2921439377 C Co:2:005:0 0 8 >
ffff8e67f59f0b40 2921439499 S Co:2:005:0 s 40 bc 0001 1518 0008 8 = 00000000 0000ffff
ffff8e67f59f0b40 2921441917 C Co:2:005:0 0 8 >
ffff8e67f59f0b40 2921442019 S Co:2:005:0 s 40 bc 0001 151c 0008 8 = 00000000 ffff0000
ffff8e67f59f0b40 2921444599 C Co:2:005:0 0 8 >
ffff8e67f59f0b40 2921444794 S Co:2:005:0 s 40 bc 0001 151c 0008 8 = 00000000 001f0000
ffff8e67f59f0b40 2921447387 C Co:2:005:0 0 8 >
ffff8e67f59f0b40 2921447553 S Co:2:005:0 s 40 bc 0001 1524 0008 8 = 00000100 0000ff00
ffff8e67f59f0b40 2921450119 C Co:2:005:0 0 8 >
ffff8e67f59f0b40 2921450209 S Co:2:005:0 s 40 bc 0001 1524 0008 8 = 00000000 000000ff
ffff8e67f59f0b40 2921452819 C Co:2:005:0 0 8 >
ffff8e67f59f0b40 2921453071 S Co:2:005:0 s 40 bc 0001 1a00 0008 8 = 00000000 00000003
ffff8e67f59f0b40 2921455598 C Co:2:005:0 0 8 >
ffff8e67f59f0b40 2921455686 S Co:2:005:0 s 40 bc 0001 1a14 0008 8 = 00000000 00000001
ffff8e67f59f0b40 2921458290 C Co:2:005:0 0 8 >
ffff8e67f59f0b40 2921458480 S Co:2:005:0 s 40 bc 0001 1a14 0008 8 = 00000000 00000006
ffff8e67f59f0b40 2921460986 C Co:2:005:0 0 8 >
ffff8e67f59f0b40 2921461156 S Co:2:005:0 s 40 bc 0001 1a14 0008 8 = 00000000 00000008
ffff8e67f59f0b40 2921463748 C Co:2:005:0 0 8 >
ffff8e67f59f0b40 2921463873 S Co:2:005:0 s 40 bc 0001 1a14 0008 8 = 00000010 00000010
ffff8e67f59f0b40 2921466483 C Co:2:005:0 0 8 >
ffff8e67f59f0b40 2921466563 S Co:2:005:0 s 40 bc 0001 1a14 0008 8 = 00000000 00000060
ffff8e67f59f0b40 2921469260 C Co:2:005:0 0 8 >
ffff8e67f59f0b40 2921469329 S Co:2:005:0 s 40 bc 0001 1a04 0008 8 = 01400000 ffff0000
ffff8e67f59f0b40 2921471930 C Co:2:005:0 0 8 >
ffff8e67f59f0b40 2921472118 S Co:2:005:0 s 40 bc 0001 1580 0008 8 = 10000000 10000000
ffff8e67f59f0b40 2921474724 C Co:2:005:0 0 8 >
ffff8e67f59f0b40 2921474942 S Co:2:005:0 s 40 bc 0001 1580 0008 8 = 00060000 00ff0000
ffff8e67f59f0b40 2921477486 C Co:2:005:0 0 8 >
ffff8e67f59f0b40 2921477662 S Co:2:005:0 s 40 bc 0001 1580 0008 8 = 00000100 0000ff00
ffff8e67f59f0b40 2921480264 C Co:2:005:0 0 8 >
ffff8e67f59f0b40 2921480446 S Co:2:005:0 s 40 bc 0001 1580 0008 8 = 00000006 000000ff
ffff8e67f59f0b40 2921483026 C Co:2:005:0 0 8 >
ffff8e67f59f0b40 2921483148 S Co:2:005:0 s 40 bc 0001 157c 0008 8 = 00000000 00000001
ffff8e67f59f0b40 2921485736 C Co:2:005:0 0 8 >
ffff8e67f59f0b40 2921485904 S Co:2:005:0 s 40 bc 0001 157c 0008 8 = 00001000 00001000
ffff8e67f59f0b40 2921488475 C Co:2:005:0 0 8 >
ffff8e67f59f0b40 2921488668 S Co:2:005:0 s 40 bc 0001 157c 0008 8 = 00000050 00000070
ffff8e67f59f0b40 2921491251 C Co:2:005:0 0 8 >
ffff8e67f59f0b40 2921491373 S Co:2:005:0 s 40 bc 0001 157c 0008 8 = 00000000 00000001
ffff8e67f59f0b40 2921494013 C Co:2:005:0 0 8 >
ffff8e67f59f0b40 2921494118 S Co:2:005:0 s 40 bc 0001 1674 0008 8 = 00000000 80000000
ffff8e67f59f0b40 2921496716 C Co:2:005:0 0 8 >
ffff8e67c6eea6c0 2921497080 S Co:2:005:0 s 40 bc 0001 1674 0008 8 = 00030000 001f0000
ffff8e67c6eea6c0 2921499384 C Co:2:005:0 0 8 >
ffff8e67c4a97d80 2921499448 S Co:2:005:0 s 40 bc 0001 1244 0008 8 = 02580000 ffff0000
ffff8e67c4a97d80 2921502070 C Co:2:005:0 0 8 >
ffff8e67c4a97d80 2921502130 S Co:2:005:0 s 40 bc 0001 1244 0008 8 = 00000000 0000ffff
ffff8e67c4a97d80 2921504860 C Co:2:005:0 0 8 >
ffff8e67c4a97d80 2921504922 S Co:2:005:0 s 40 bc 0001 1610 0008 8 = 00200000 00200000
ffff8e67c4a97d80 2921507585 C Co:2:005:0 0 8 >
ffff8e67c4a97d80 2921507645 S Co:2:005:0 s 40 bc 0001 1618 0008 8 = 00030000 00ff0000
ffff8e67c4a97d80 2921510486 C Co:2:005:0 0 8 >
ffff8e67c4a97d80 2921510548 S Co:2:005:0 s 40 bc 0001 1618 0008 8 = 02000000 ff000000
ffff8e67c4a97d80 2921513261 C Co:2:005:0 0 8 >
ffff8e67c4a97d80 2921513336 S Co:2:005:0 s 40 bc 0001 1610 0008 8 = 00000000 00080000
ffff8e67c4a97d80 2921516013 C Co:2:005:0 0 8 >
ffff8e67c4a97d80 2921516074 S Co:2:005:0 s 40 bc 0001 1610 0008 8 = 00000000 00030000
ffff8e67c4a97d80 2921518681 C Co:2:005:0 0 8 >
ffff8e67c4a97d80 2921518764 S Co:2:005:0 s 40 bc 0001 1614 0008 8 = 00000000 07000000
ffff8e67c4a97d80 2921521460 C Co:2:005:0 0 8 >
ffff8e67c4a97d80 2921521522 S Co:2:005:0 s 40 bc 0001 1630 0008 8 = 00000000 0000ffff
ffff8e67c4a97d80 2921524220 C Co:2:005:0 0 8 >
ffff8e67c4a97d80 2921524280 S Co:2:005:0 s 40 bc 0001 1634 0008 8 = 00000000 ffff0000
ffff8e67c4a97d80 2921526852 C Co:2:005:0 0 8 >
ffff8e67c4a97d80 2921526912 S Co:2:005:0 s 40 bc 0001 1634 0008 8 = 00000000 0000ffff
ffff8e67c4a97d80 2921529591 C Co:2:005:0 0 8 >
ffff8e67c4a97d80 2921529653 S Co:2:005:0 s 40 bc 0001 1638 0008 8 = 00000000 ffff0000
ffff8e67c4a97d80 2921532347 C Co:2:005:0 0 8 >
ffff8e67c4a97d80 2921532428 S Co:2:005:0 s 40 bc 0001 1638 0008 8 = 00000000 0000ffff
ffff8e67c4a97d80 2921535022 C Co:2:005:0 0 8 >
ffff8e67c4a97d80 2921535091 S Co:2:005:0 s 40 bc 0001 162c 0008 8 = 00000000 ffff0000
ffff8e67c4a97d80 2921537740 C Co:2:005:0 0 8 >
ffff8e67c4a97d80 2921537802 S Co:2:005:0 s 40 bc 0001 162c 0008 8 = 00000000 0000ffff
ffff8e67c4a97d80 2921540414 C Co:2:005:0 0 8 >
ffff8e67c4a97d80 2921540474 S Co:2:005:0 s 40 bc 0001 1504 0008 8 = 00020000 00030000
ffff8e67c4a97d80 2921543035 C Co:2:005:0 0 8 >
ffff8e67c4a97d80 2921543099 S Co:2:005:0 s 40 bc 0001 1618 0008 8 = 00000000 0000ffff
ffff8e67c4a97d80 2921545662 C Co:2:005:0 0 8 >
ffff8e67c4a97d80 2921545724 S Co:2:005:0 s 40 bc 0001 161c 0008 8 = 00000000 ffff0000
ffff8e67c4a97d80 2921548234 C Co:2:005:0 0 8 >
ffff8e67c4a97d80 2921548284 S Co:2:005:0 s 40 bc 0001 161c 0008 8 = 00000000 001f0000
ffff8e67c4a97d80 2921550946 C Co:2:005:0 0 8 >
ffff8e67c4a97d80 2921551004 S Co:2:005:0 s 40 bc 0001 1624 0008 8 = 00000100 0000ff00
ffff8e67c4a97d80 2921553419 C Co:2:005:0 0 8 >
ffff8e67c4a97d80 2921564955 S Co:2:005:0 s 40 bc 0001 1624 0008 8 = 0000001f 000000ff
ffff8e67c4a97d80 2921567116 C Co:2:005:0 0 8 >
ffff8e67c4a97d80 2921567204 S Co:2:005:0 s 40 bc 0001 1684 0008 8 = 00000000 ffff0000
ffff8e67c4a97d80 2921569860 C Co:2:005:0 0 8 >
ffff8e67c4a97d80 2921569921 S Co:2:005:0 s 40 bc 0001 1684 0008 8 = 00000000 0000ffff
ffff8e67c4a97d80 2921572612 C Co:2:005:0 0 8 >
ffff8e67c4a97d80 2921572663 S Co:2:005:0 s 40 bc 0001 1688 0008 8 = 00000000 ffff0000
ffff8e67c4a97d80 2921575326 C Co:2:005:0 0 8 >
ffff8e67c4a97d80 2921575381 S Co:2:005:0 s 40 bc 0001 1a24 0008 8 = 00000000 00000001
ffff8e67c4a97d80 2921577948 C Co:2:005:0 0 8 >
ffff8e67c4a97d80 2921577999 S Co:2:005:0 s 40 bc 0001 1a34 0008 8 = 00000000 00000001
ffff8e67c4a97d80 2921580624 C Co:2:005:0 0 8 >
ffff8e67c4a97d80 2921580680 S Co:2:005:0 s 40 bc 0001 1a34 0008 8 = 00000000 00000006
ffff8e67c4a97d80 2921583331 C Co:2:005:0 0 8 >
ffff8e67c4a97d80 2921583399 S Co:2:005:0 s 40 bc 0001 1a34 0008 8 = 00000000 00000008
ffff8e67c4a97d80 2921586128 C Co:2:005:0 0 8 >
ffff8e67c4a97d80 2921586255 S Co:2:005:0 s 40 bc 0001 1a34 0008 8 = 00000010 00000010
ffff8e67c4a97d80 2921588861 C Co:2:005:0 0 8 >
ffff8e67c4a97d80 2921588916 S Co:2:005:0 s 40 bc 0001 1a34 0008 8 = 00000000 00000060
ffff8e67c4a97d80 2921591572 C Co:2:005:0 0 8 >
ffff8e67c4a97d80 2921591627 S Co:2:005:0 s 40 bc 0001 1a24 0008 8 = 01400000 ffff0000
ffff8e67c4a97d80 2921594205 C Co:2:005:0 0 8 >
ffff8e67c4a97d80 2921594257 S Co:2:005:0 s 40 bc 0001 1680 0008 8 = 10000000 10000000
ffff8e67c4a97d80 2921596856 C Co:2:005:0 0 8 >
ffff8e67c4a97d80 2921596908 S Co:2:005:0 s 40 bc 0001 1680 0008 8 = 00060000 00ff0000
ffff8e67c4a97d80 2921599453 C Co:2:005:0 0 8 >
ffff8e67c4a97d80 2921599501 S Co:2:005:0 s 40 bc 0001 1680 0008 8 = 00000100 0000ff00
ffff8e67c4a97d80 2921602071 C Co:2:005:0 0 8 >
ffff8e67c4a97d80 2921602121 S Co:2:005:0 s 40 bc 0001 1680 0008 8 = 00000006 000000ff
ffff8e67c4a97d80 2921604896 C Co:2:005:0 0 8 >
ffff8e67c4a97d80 2921604945 S Co:2:005:0 s 40 bc 0001 167c 0008 8 = 00000000 00000001
ffff8e67c4a97d80 2921607583 C Co:2:005:0 0 8 >
ffff8e67c4a97d80 2921607633 S Co:2:005:0 s 40 bc 0001 167c 0008 8 = 00001000 00001000
ffff8e67c4a97d80 2921610201 C Co:2:005:0 0 8 >
ffff8e67c4a97d80 2921610246 S Co:2:005:0 s 40 bc 0001 167c 0008 8 = 00000050 00000070
ffff8e67c4a97d80 2921612840 C Co:2:005:0 0 8 >
ffff8e67c4a97d80 2921612888 S Co:2:005:0 s 40 bc 0001 167c 0008 8 = 00000000 00000001
ffff8e67c4a97d80 2921615568 C Co:2:005:0 0 8 >
ffff8e67c4a97d80 2921615617 S Co:2:005:0 s 40 bc 0001 1008 0008 8 = 00000000 0000f000
ffff8e67c4a97d80 2921618202 C Co:2:005:0 0 8 >
ffff8e67c4a97d80 2921618247 S Co:2:005:0 s 40 bc 0001 1008 0008 8 = 00000000 00000f00
ffff8e67c4a97d80 2921620832 C Co:2:005:0 0 8 >
ffff8e67c4a97d80 2921620871 S Co:2:005:0 s 40 bc 0001 1008 0008 8 = 00000010 000000f0
ffff8e67c4a97d80 2921623551 C Co:2:005:0 0 8 >
ffff8e67c4a97d80 2921623590 S Co:2:005:0 s 40 bc 0001 100c 0008 8 = 00200000 00f00000
ffff8e67c4a97d80 2921626179 C Co:2:005:0 0 8 >
ffff8e67c4a97d80 2921626219 S Co:2:005:0 s 40 bc 0001 100c 0008 8 = 30000000 f0000000
ffff8e67c4a97d80 2921628832 C Co:2:005:0 0 8 >
ffff8e67c4a97d80 2921628872 S Co:2:005:0 s 40 bc 0001 1008 0008 8 = 00000000 0000000f
ffff8e67c4a97d80 2921631417 C Co:2:005:0 0 8 >
ffff8e67c4a97d80 2921631457 S Co:2:005:0 s 40 bc 0001 100c 0008 8 = 00000000 000f0000
ffff8e67c4a97d80 2921634038 C Co:2:005:0 0 8 >
ffff8e67c4a97d80 2921634075 S Co:2:005:0 s 40 bc 0001 100c 0008 8 = 00000000 0f000000
ffff8e67c4a97d80 2921636687 C Co:2:005:0 0 8 >
ffff8e67c4a97d80 2921636724 S Co:2:005:0 s 40 bc 0001 1a08 0008 8 = 00080000 00080000
ffff8e67c4a97d80 2921639268 C Co:2:005:0 0 8 >
ffff8e67c4a97d80 2921639304 S Co:2:005:0 s 40 b8 0000 0000 0004 4 = 04a00000
ffff8e67c4a97d80 2921641911 C Co:2:005:0 0 4 >
ffff8e67c4a97d80 2921641954 S Co:2:005:0 s 40 bc 0800 00c0 0004 4 = 8989fd00
ffff8e67c4a97d80 2921644529 C Co:2:005:0 0 4 >
ffff8e67c4a97d80 2921644561 S Co:2:005:0 s 40 b9 0000 0000 0004 4 = 09006603
ffff8e67c4a97d80 2921647152 C Co:2:005:0 0 4 >
ffff8e67c4a97d80 2921647196 S Ii:2:005:3 -115:1 3 <
ffff8e67c4a97d80 2921648358 C Ii:2:005:3 0:1 3 = 100000
ffff8e67c4a97d80 2921648391 S Ci:2:005:0 s c0 bc 0800 0016 0002 2 <
ffff8e67c4a97d80 2921651036 C Ci:2:005:0 0 2 = 0900
ffff8e67c4a97d80 2921651074 S Ci:2:005:0 s c0 bc 0900 001c 0002 2 <
ffff8e67c4a97d80 2921653652 C Ci:2:005:0 0 2 = 2f6f
ffff8e67c4a97d80 2921653684 S Ci:2:005:0 s c0 bc 0800 23be 0002 2 <
ffff8e67c4a97d80 2921656261 C Ci:2:005:0 0 2 = 0000
ffff8e67c4a97d80 2921656295 S Co:2:005:0 s 40 bc 0900 0014 0002 2 = d09e
ffff8e67c4a97d80 2921658901 C Co:2:005:0 0 2 >
ffff8e67c4a97d80 2921658936 S Ci:2:005:0 s c0 bc 0900 001c 0002 2 <
ffff8e67c4a97d80 2921661536 C Ci:2:005:0 0 2 = 2f6f
ffff8e67c4a97d80 2921661588 S Co:2:005:0 s 40 b9 0000 0000 0004 4 = 09016601
ffff8e67c4a97d80 2921664145 C Co:2:005:0 0 4 >
ffff8e67c4a97d80 2921664189 S Ii:2:005:3 -115:1 3 <
ffff8e67c4a97d80 2921665354 C Ii:2:005:3 0:1 3 = 100000
ffff8e67c4a97d80 2921665399 S Ci:2:005:0 s c0 bc 0800 0016 0002 2 <
ffff8e67c4a97d80 2921668026 C Ci:2:005:0 0 2 = 0900
ffff8e67c4a97d80 2921668058 S Ci:2:005:0 s c0 bc 0900 001c 0002 2 <
ffff8e67c4a97d80 2921670671 C Ci:2:005:0 0 2 = 2f6f
ffff8e67c4a97d80 2921670705 S Ci:2:005:0 s c0 bc 0800 23be 0004 4 <
ffff8e67c4a97d80 2921673280 C Ci:2:005:0 0 4 = 00006ee0
ffff8e67c4a97d80 2921673320 S Co:2:005:0 s 40 bc 0800 00c0 0004 4 = 8989f800
ffff8e67c4a97d80 2921675890 C Co:2:005:0 0 4 >
ffff8e67c4a97d80 2921675918 S Co:2:005:0 s 40 b9 0000 0000 0004 4 = 09006603
ffff8e67c4a97d80 2921678615 C Co:2:005:0 0 4 >
ffff8e67c4a97d80 2921678647 S Ii:2:005:3 -115:1 3 <
ffff8e67c4a97d80 2921679855 C Ii:2:005:3 0:1 3 = 100000
ffff8e67c4a97d80 2921679884 S Ci:2:005:0 s c0 bc 0800 0016 0002 2 <
ffff8e67c4a97d80 2921682546 C Ci:2:005:0 0 2 = 0900
ffff8e67c4a97d80 2921682579 S Ci:2:005:0 s c0 bc 0900 001c 0002 2 <
ffff8e67c4a97d80 2921685152 C Ci:2:005:0 0 2 = 2f6f
ffff8e67c4a97d80 2921685225 S Ci:2:005:0 s c0 bc 0800 23be 0002 2 <
ffff8e67c4a97d80 2921687815 C Ci:2:005:0 0 2 = 0000
ffff8e67c4a97d80 2921687846 S Co:2:005:0 s 40 bc 0900 0014 0002 2 = d09e
ffff8e67c4a97d80 2921690381 C Co:2:005:0 0 2 >
ffff8e67c4a97d80 2921690423 S Ci:2:005:0 s c0 bc 0900 001c 0002 2 <
ffff8e67c4a97d80 2921693021 C Ci:2:005:0 0 2 = 2f6f
ffff8e67c4a97d80 2921693055 S Co:2:005:0 s 40 b9 0000 0000 0004 4 = 09016601
ffff8e67c4a97d80 2921695664 C Co:2:005:0 0 4 >
ffff8e67c4a97d80 2921695695 S Ii:2:005:3 -115:1 3 <
ffff8e67c4a97d80 2921696984 C Ii:2:005:3 0:1 3 = 100000
ffff8e67c4a97d80 2921697102 S Ci:2:005:0 s c0 bc 0800 0016 0002 2 <
ffff8e67c4a97d80 2921699671 C Ci:2:005:0 0 2 = 0900
ffff8e67c4a97d80 2921699705 S Ci:2:005:0 s c0 bc 0900 001c 0002 2 <
ffff8e67c4a97d80 2921702262 C Ci:2:005:0 0 2 = 2f6f
ffff8e67c4a97d80 2921702294 S Ci:2:005:0 s c0 bc 0800 23be 0004 4 <
ffff8e67c4a97d80 2921704901 C Ci:2:005:0 0 4 = 0000cce0
ffff8e67c4a97d80 2921704934 S Co:2:005:0 s 40 bc 0800 00c0 0002 2 = 0328
ffff8e67c4a97d80 2921707538 C Co:2:005:0 0 2 >
ffff8e67c4a97d80 2921707570 S Co:2:005:0 s 40 b9 0000 0000 0004 4 = 09008802
ffff8e67c4a97d80 2921710130 C Co:2:005:0 0 4 >
ffff8e67c4a97d80 2921710157 S Ii:2:005:3 -115:1 3 <
ffff8e67c4a97d80 2921711474 C Ii:2:005:3 0:1 3 = 100000
ffff8e67c4a97d80 2921711502 S Ci:2:005:0 s c0 bc 0800 0016 0002 2 <
ffff8e67c4a97d80 2921714140 C Ci:2:005:0 0 2 = 0900
ffff8e67c4a97d80 2921714178 S Ci:2:005:0 s c0 bc 0900 001c 0002 2 <
ffff8e67c4a97d80 2921716787 C Ci:2:005:0 0 2 = 2f6f
ffff8e67c4a97d80 2921716816 S Ci:2:005:0 s c0 bc 0800 23be 0002 2 <
ffff8e67c4a97d80 2921719434 C Ci:2:005:0 0 2 = 0000
ffff8e67c4a97d80 2921719510 S Co:2:005:0 s 40 bc 0900 0014 0002 2 = d09e
ffff8e67c4a97d80 2921722012 C Co:2:005:0 0 2 >
ffff8e67c4a97d80 2921722051 S Ci:2:005:0 s c0 bc 0900 001c 0002 2 <
ffff8e67c4a97d80 2921724664 C Ci:2:005:0 0 2 = 2f6f
ffff8e67c4a97d80 2921724698 S Co:2:005:0 s 40 bc 0800 00c0 0004 4 = 9dcd3f00
ffff8e67c4a97d80 2921727250 C Co:2:005:0 0 4 >
ffff8e67c4a97d80 2921727281 S Co:2:005:0 s 40 b9 0000 0000 0004 4 = 09006603
ffff8e67c4a97d80 2921729885 C Co:2:005:0 0 4 >
ffff8e67c4a97d80 2921729916 S Ii:2:005:3 -115:1 3 <
ffff8e67c4a97d80 2921731138 C Ii:2:005:3 0:1 3 = 100000
ffff8e67c4a97d80 2921731175 S Ci:2:005:0 s c0 bc 0800 0016 0002 2 <
ffff8e67c4a97d80 2921733793 C Ci:2:005:0 0 2 = 0900
ffff8e67c4a97d80 2921733822 S Ci:2:005:0 s c0 bc 0900 001c 0002 2 <
ffff8e67c4a97d80 2921736422 C Ci:2:005:0 0 2 = 2f6f
ffff8e67c4a97d80 2921736450 S Ci:2:005:0 s c0 bc 0800 23be 0002 2 <
ffff8e67c4a97d80 2921739017 C Ci:2:005:0 0 2 = 0000
ffff8e67c4a97d80 2921739049 S Co:2:005:0 s 40 bc 0900 0014 0002 2 = d09e
ffff8e67c4a97d80 2921741653 C Co:2:005:0 0 2 >
ffff8e67c4a97d80 2921741682 S Ci:2:005:0 s c0 bc 0900 001c 0002 2 <
ffff8e67c4a97d80 2921744250 C Ci:2:005:0 0 2 = 2f6f
ffff8e67c4a97d80 2921744280 S Co:2:005:0 s 40 b9 0000 0000 0004 4 = 09016601
ffff8e67c4a97d80 2921746887 C Co:2:005:0 0 4 >
ffff8e67c4a97d80 2921746919 S Ii:2:005:3 -115:1 3 <
ffff8e67c4a97d80 2921748105 C Ii:2:005:3 0:1 3 = 100000
ffff8e67c4a97d80 2921748134 S Ci:2:005:0 s c0 bc 0800 0016 0002 2 <
ffff8e67c4a97d80 2921750786 C Ci:2:005:0 0 2 = 0900
ffff8e67c4a97d80 2921750816 S Ci:2:005:0 s c0 bc 0900 001c 0002 2 <
ffff8e67c4a97d80 2921753392 C Ci:2:005:0 0 2 = 2f6f
ffff8e67c4a97d80 2921753423 S Ci:2:005:0 s c0 bc 0800 23be 0004 4 <
ffff8e67c4a97d80 2921756146 C Ci:2:005:0 0 4 = 0000b0e0
ffff8e67c4a97d80 2921756226 S Co:2:005:0 s 40 bc 0800 00c0 0002 2 = 00cc
ffff8e67c4a97d80 2921758775 C Co:2:005:0 0 2 >
ffff8e67c4a97d80 2921758806 S Co:2:005:0 s 40 b9 0000 0000 0004 4 = 09009c02
ffff8e67c4a97d80 2921761380 C Co:2:005:0 0 4 >
ffff8e67c4a97d80 2921761408 S Ii:2:005:3 -115:1 3 <
ffff8e67c4a97d80 2921762598 C Ii:2:005:3 0:1 3 = 100000
ffff8e67c4a97d80 2921762627 S Ci:2:005:0 s c0 bc 0800 0016 0002 2 <
ffff8e67c4a97d80 2921765256 C Ci:2:005:0 0 2 = 0900
ffff8e67c4a97d80 2921765286 S Ci:2:005:0 s c0 bc 0900 001c 0002 2 <
ffff8e67c4a97d80 2921767900 C Ci:2:005:0 0 2 = 2f6f
ffff8e67c4a97d80 2921767930 S Ci:2:005:0 s c0 bc 0800 23be 0002 2 <
ffff8e67c4a97d80 2921770523 C Ci:2:005:0 0 2 = 0000
ffff8e67c4a97d80 2921770553 S Co:2:005:0 s 40 bc 0900 0014 0002 2 = d09e
ffff8e67c4a97d80 2921773135 C Co:2:005:0 0 2 >
ffff8e67c4a97d80 2921773177 S Ci:2:005:0 s c0 bc 0900 001c 0002 2 <
ffff8e67c4a97d80 2921775793 C Ci:2:005:0 0 2 = 2f6f
ffff8e67c4a97d80 2921775830 S Co:2:005:0 s 40 bc 0800 00c0 0002 2 = b333
ffff8e67c4a97d80 2921778377 C Co:2:005:0 0 2 >
ffff8e67c4a97d80 2921778405 S Co:2:005:0 s 40 b9 0000 0000 0004 4 = 09009c02
ffff8e67c4a97d80 2921781012 C Co:2:005:0 0 4 >
ffff8e67c4a97d80 2921781042 S Ii:2:005:3 -115:1 3 <
ffff8e67c4a97d80 2921782236 C Ii:2:005:3 0:1 3 = 100000
ffff8e67c4a97d80 2921782265 S Ci:2:005:0 s c0 bc 0800 0016 0002 2 <
ffff8e67c4a97d80 2921782787 C Ci:2:005:0 0 2 = 0900
ffff8e67c4a97d80 2921782818 S Ci:2:005:0 s c0 bc 0900 001c 0002 2 <
ffff8e67c4a97d80 2921785380 C Ci:2:005:0 0 2 = 2f6f
ffff8e67c4a97d80 2921785409 S Ci:2:005:0 s c0 bc 0800 23be 0002 2 <
ffff8e67c4a97d80 2921788010 C Ci:2:005:0 0 2 = 0000
ffff8e67c4a97d80 2921788040 S Co:2:005:0 s 40 bc 0900 0014 0002 2 = d09e
ffff8e67c4a97d80 2921790651 C Co:2:005:0 0 2 >
ffff8e67c4a97d80 2921790680 S Ci:2:005:0 s c0 bc 0900 001c 0002 2 <
ffff8e67c4a97d80 2921793256 C Ci:2:005:0 0 2 = 2f6f
ffff8e67c4a97d80 2921793292 S Co:2:005:0 s 40 bc 0800 00c0 0004 4 = 9dcd3f00
ffff8e67c4a97d80 2921795878 C Co:2:005:0 0 4 >
ffff8e67c4a97d80 2921795906 S Co:2:005:0 s 40 b9 0000 0000 0004 4 = 09006603
ffff8e67c4a97d80 2921798534 C Co:2:005:0 0 4 >
ffff8e67c4a97d80 2921798566 S Ii:2:005:3 -115:1 3 <
ffff8e67c4a97d80 2921799850 C Ii:2:005:3 0:1 3 = 100000
ffff8e67c4a97d80 2921799879 S Ci:2:005:0 s c0 bc 0800 0016 0002 2 <
ffff8e67c4a97d80 2921802539 C Ci:2:005:0 0 2 = 0900
ffff8e67c4a97d80 2921802571 S Ci:2:005:0 s c0 bc 0900 001c 0002 2 <
ffff8e67c4a97d80 2921805139 C Ci:2:005:0 0 2 = 2f6f
ffff8e67c4a97d80 2921805181 S Ci:2:005:0 s c0 bc 0800 23be 0002 2 <
ffff8e67c4a97d80 2921807959 C Ci:2:005:0 0 2 = 0000
ffff8e67c4a97d80 2921808044 S Co:2:005:0 s 40 bc 0900 0014 0002 2 = d09e
ffff8e67c4a97d80 2921810496 C Co:2:005:0 0 2 >
ffff8e67c4a97d80 2921810547 S Ci:2:005:0 s c0 bc 0900 001c 0002 2 <
ffff8e67c4a97d80 2921813220 C Ci:2:005:0 0 2 = 2f6f
ffff8e67c4a97d80 2921813253 S Co:2:005:0 s 40 b9 0000 0000 0004 4 = 09016601
ffff8e67c4a97d80 2921815977 C Co:2:005:0 0 4 >
ffff8e67c4a97d80 2921816037 S Ii:2:005:3 -115:1 3 <
ffff8e67c4a97d80 2921817220 C Ii:2:005:3 0:1 3 = 100000
ffff8e67c4a97d80 2921817304 S Ci:2:005:0 s c0 bc 0800 0016 0002 2 <
ffff8e67c4a97d80 2921819966 C Ci:2:005:0 0 2 = 0900
ffff8e67c4a97d80 2921820030 S Ci:2:005:0 s c0 bc 0900 001c 0002 2 <
ffff8e67c4a97d80 2921822650 C Ci:2:005:0 0 2 = 2f6f
ffff8e67c4a97d80 2921822714 S Ci:2:005:0 s c0 bc 0800 23be 0004 4 <
ffff8e67c4a97d80 2921825253 C Ci:2:005:0 0 4 = 0000b2e0
ffff8e67c4a97d80 2921825318 S Co:2:005:0 s 40 bc 0800 00c0 0002 2 = 00ce
ffff8e67c4a97d80 2921827922 C Co:2:005:0 0 2 >
ffff8e67c4a97d80 2921827983 S Co:2:005:0 s 40 b9 0000 0000 0004 4 = 09009c02
ffff8e67c4a97d80 2921830655 C Co:2:005:0 0 4 >
ffff8e67c4a97d80 2921830718 S Ii:2:005:3 -115:1 3 <
ffff8e67c4a97d80 2921831928 C Ii:2:005:3 0:1 3 = 100000
ffff8e67c4a97d80 2921831986 S Ci:2:005:0 s c0 bc 0800 0016 0002 2 <
ffff8e67c4a97d80 2921834644 C Ci:2:005:0 0 2 = 0900
ffff8e67c4a97d80 2921834690 S Ci:2:005:0 s c0 bc 0900 001c 0002 2 <
ffff8e67c4a97d80 2921837457 C Ci:2:005:0 0 2 = 2f6f
ffff8e67c4a97d80 2921837513 S Ci:2:005:0 s c0 bc 0800 23be 0002 2 <
ffff8e67c4a97d80 2921840131 C Ci:2:005:0 0 2 = 0000
ffff8e67c4a97d80 2921840177 S Co:2:005:0 s 40 bc 0900 0014 0002 2 = d09e
ffff8e67c4a97d80 2921842952 C Co:2:005:0 0 2 >
ffff8e67c4a97d80 2921843014 S Ci:2:005:0 s c0 bc 0900 001c 0002 2 <
ffff8e67c4a97d80 2921845694 C Ci:2:005:0 0 2 = 2f6f
ffff8e67c4a97d80 2921845747 S Co:2:005:0 s 40 bc 0800 00c0 0002 2 = 2733
ffff8e67c4a97d80 2921848430 C Co:2:005:0 0 2 >
ffff8e67c4a97d80 2921848477 S Co:2:005:0 s 40 b9 0000 0000 0004 4 = 09009c02
ffff8e67c4a97d80 2921851181 C Co:2:005:0 0 4 >
ffff8e67c4a97d80 2921851241 S Ii:2:005:3 -115:1 3 <
ffff8e67c4a97d80 2921852526 C Ii:2:005:3 0:1 3 = 100000
ffff8e67c4a97d80 2921852576 S Ci:2:005:0 s c0 bc 0800 0016 0002 2 <
ffff8e67c4a97d80 2921855337 C Ci:2:005:0 0 2 = 0900
ffff8e67c4a97d80 2921855389 S Ci:2:005:0 s c0 bc 0900 001c 0002 2 <
ffff8e67c4a97d80 2921857997 C Ci:2:005:0 0 2 = 2f6f
ffff8e67c4a97d80 2921858048 S Ci:2:005:0 s c0 bc 0800 23be 0002 2 <
ffff8e67c4a97d80 2921860781 C Ci:2:005:0 0 2 = 0000
ffff8e67c4a97d80 2921860876 S Co:2:005:0 s 40 bc 0900 0014 0002 2 = d09e
ffff8e67c4a97d80 2921863509 C Co:2:005:0 0 2 >
ffff8e67c4a97d80 2921863561 S Ci:2:005:0 s c0 bc 0900 001c 0002 2 <
ffff8e67c4a97d80 2921866203 C Ci:2:005:0 0 2 = 2f6f
ffff8e67c4a97d80 2921866271 S Co:2:005:0 s 40 bc 0800 00c0 0004 4 = 9dcd3f00
ffff8e67c4a97d80 2921868895 C Co:2:005:0 0 4 >
ffff8e67c4a97d80 2921868951 S Co:2:005:0 s 40 b9 0000 0000 0004 4 = 09006603
ffff8e67c4a97d80 2921871696 C Co:2:005:0 0 4 >
ffff8e67c4a97d80 2921871748 S Ii:2:005:3 -115:1 3 <
ffff8e67c4a97d80 2921873017 C Ii:2:005:3 0:1 3 = 100000
ffff8e67c4a97d80 2921873076 S Ci:2:005:0 s c0 bc 0800 0016 0002 2 <
ffff8e67c4a97d80 2921875801 C Ci:2:005:0 0 2 = 0900
ffff8e67c4a97d80 2921875861 S Ci:2:005:0 s c0 bc 0900 001c 0002 2 <
ffff8e67c4a97d80 2921878565 C Ci:2:005:0 0 2 = 2f6f
ffff8e67c4a97d80 2921878621 S Ci:2:005:0 s c0 bc 0800 23be 0002 2 <
ffff8e67c4a97d80 2921881258 C Ci:2:005:0 0 2 = 0000
ffff8e67c4a97d80 2921881368 S Co:2:005:0 s 40 bc 0900 0014 0002 2 = d09e
ffff8e67c4a97d80 2921883980 C Co:2:005:0 0 2 >
ffff8e67c4a97d80 2921884095 S Ci:2:005:0 s c0 bc 0900 001c 0002 2 <
ffff8e67c4a97d80 2921886712 C Ci:2:005:0 0 2 = 2f6f
ffff8e67c4a97d80 2921886777 S Co:2:005:0 s 40 b9 0000 0000 0004 4 = 09016601
ffff8e67c4a97d80 2921889427 C Co:2:005:0 0 4 >
ffff8e67c4a97d80 2921889486 S Ii:2:005:3 -115:1 3 <
ffff8e67c4a97d80 2921890756 C Ii:2:005:3 0:1 3 = 100000
ffff8e67c4a97d80 2921890818 S Ci:2:005:0 s c0 bc 0800 0016 0002 2 <
ffff8e67c4a97d80 2921893554 C Ci:2:005:0 0 2 = 0900
ffff8e67c4a97d80 2921893618 S Ci:2:005:0 s c0 bc 0900 001c 0002 2 <
ffff8e67c4a97d80 2921896259 C Ci:2:005:0 0 2 = 2f6f
ffff8e67c4a97d80 2921896315 S Ci:2:005:0 s c0 bc 0800 23be 0004 4 <
ffff8e67c4a97d80 2921898907 C Ci:2:005:0 0 4 = 0000b0e0
ffff8e67c4a97d80 2921898966 S Co:2:005:0 s 40 bc 0800 00c0 0002 2 = 00cc
ffff8e67c4a97d80 2921901618 C Co:2:005:0 0 2 >
ffff8e67c4a97d80 2921901671 S Co:2:005:0 s 40 b9 0000 0000 0004 4 = 09009c02
ffff8e67c4a97d80 2921904293 C Co:2:005:0 0 4 >
ffff8e67c4a97d80 2921904354 S Ii:2:005:3 -115:1 3 <
ffff8e67c4a97d80 2921905630 C Ii:2:005:3 0:1 3 = 100000
ffff8e67c4a97d80 2921905691 S Ci:2:005:0 s c0 bc 0800 0016 0002 2 <
ffff8e67c4a97d80 2921908438 C Ci:2:005:0 0 2 = 0900
ffff8e67c4a97d80 2921908502 S Ci:2:005:0 s c0 bc 0900 001c 0002 2 <
ffff8e67c4a97d80 2921911221 C Ci:2:005:0 0 2 = 2f6f
ffff8e67c4a97d80 2921911274 S Ci:2:005:0 s c0 bc 0800 23be 0002 2 <
ffff8e67c4a97d80 2921913935 C Ci:2:005:0 0 2 = 0000
ffff8e67c4a97d80 2921913993 S Co:2:005:0 s 40 bc 0900 0014 0002 2 = d09e
ffff8e67c4a97d80 2921916619 C Co:2:005:0 0 2 >
ffff8e67c4a97d80 2921916680 S Ci:2:005:0 s c0 bc 0900 001c 0002 2 <
ffff8e67c4a97d80 2921919377 C Ci:2:005:0 0 2 = 2f6f
ffff8e67c4a97d80 2921919440 S Co:2:005:0 s 40 bc 0800 00c0 0004 4 = 9dcd6e00
ffff8e67c4a97d80 2921921902 C Co:2:005:0 0 4 >
ffff8e67c4a97d80 2921921952 S Co:2:005:0 s 40 b9 0000 0000 0004 4 = 09006603
ffff8e67c4a97d80 2921924672 C Co:2:005:0 0 4 >
ffff8e67c4a97d80 2921924732 S Ii:2:005:3 -115:1 3 <
ffff8e67c4a97d80 2921926047 C Ii:2:005:3 0:1 3 = 100000
ffff8e67c4a97d80 2921926110 S Ci:2:005:0 s c0 bc 0800 0016 0002 2 <
ffff8e67c4a97d80 2921928910 C Ci:2:005:0 0 2 = 0900
ffff8e67c4a97d80 2921928972 S Ci:2:005:0 s c0 bc 0900 001c 0002 2 <
ffff8e67c4a97d80 2921931689 C Ci:2:005:0 0 2 = 2f6f
ffff8e67c4a97d80 2921931758 S Ci:2:005:0 s c0 bc 0800 23be 0002 2 <
ffff8e67c4a97d80 2921934356 C Ci:2:005:0 0 2 = 0000
ffff8e67c4a97d80 2921934415 S Co:2:005:0 s 40 bc 0900 0014 0002 2 = d09e
ffff8e67c4a97d80 2921937040 C Co:2:005:0 0 2 >
ffff8e67c4a97d80 2921937104 S Ci:2:005:0 s c0 bc 0900 001c 0002 2 <
ffff8e67c4a97d80 2921939770 C Ci:2:005:0 0 2 = 2f6f
ffff8e67c4a97d80 2921939833 S Co:2:005:0 s 40 b9 0000 0000 0004 4 = 09016601
ffff8e67c4a97d80 2921942505 C Co:2:005:0 0 4 >
ffff8e67c4a97d80 2921942565 S Ii:2:005:3 -115:1 3 <
ffff8e67c4a97d80 2921943888 C Ii:2:005:3 0:1 3 = 100000
ffff8e67c4a97d80 2921943951 S Ci:2:005:0 s c0 bc 0800 0016 0002 2 <
ffff8e67c4a97d80 2921946673 C Ci:2:005:0 0 2 = 0900
ffff8e67c4a97d80 2921946737 S Ci:2:005:0 s c0 bc 0900 001c 0002 2 <
ffff8e67c4a97d80 2921949431 C Ci:2:005:0 0 2 = 2f6f
ffff8e67c4a97d80 2921949487 S Ci:2:005:0 s c0 bc 0800 23be 0004 4 <
ffff8e67c4a97d80 2921952180 C Ci:2:005:0 0 4 = 0000b1e0
ffff8e67c4a97d80 2921952246 S Co:2:005:0 s 40 bc 0800 00c0 0002 2 = 51cc
ffff8e67c4a97d80 2921954896 C Co:2:005:0 0 2 >
ffff8e67c4a97d80 2921954978 S Co:2:005:0 s 40 b9 0000 0000 0004 4 = 09009c02
ffff8e67c4a97d80 2921957615 C Co:2:005:0 0 4 >
ffff8e67c4a97d80 2921957700 S Ii:2:005:3 -115:1 3 <
ffff8e67c4a97d80 2921958948 C Ii:2:005:3 0:1 3 = 100000
ffff8e67c4a97d80 2921959035 S Ci:2:005:0 s c0 bc 0800 0016 0002 2 <
ffff8e67c4a97d80 2921961627 C Ci:2:005:0 0 2 = 0900
ffff8e67c4a97d80 2921961715 S Ci:2:005:0 s c0 bc 0900 001c 0002 2 <
ffff8e67c4a97d80 2921964373 C Ci:2:005:0 0 2 = 2f6f
ffff8e67c4a97d80 2921964447 S Ci:2:005:0 s c0 bc 0800 23be 0002 2 <
ffff8e67c4a97d80 2921967106 C Ci:2:005:0 0 2 = 0000
ffff8e67c4a97d80 2921967212 S Co:2:005:0 s 40 bc 0900 0014 0002 2 = d09e
ffff8e67c4a97d80 2921969602 C Co:2:005:0 0 2 >
ffff8e67c4a97d80 2921969688 S Ci:2:005:0 s c0 bc 0900 001c 0002 2 <
ffff8e67c4a97d80 2921972263 C Ci:2:005:0 0 2 = 2f6f
ffff8e67c4a97d80 2921972353 S Co:2:005:0 s 40 bc 0900 0014 0002 2 = d19e
ffff8e67c4a97d80 2921974898 C Co:2:005:0 0 2 >
ffff8e67c4a97d80 2921974986 S Co:2:005:0 s 40 bc 0900 0018 0002 2 = 010e
ffff8e67c4a97d80 2921977617 C Co:2:005:0 0 2 >
ffff8e67c4a97d80 2921977690 S Ci:2:005:0 s c0 bc 0900 0014 0002 2 <
ffff8e67c4a97d80 2921980262 C Ci:2:005:0 0 2 = d19e
ffff8e67c4a97d80 2921980347 S Ci:2:005:0 s c0 bc 0900 0018 0002 2 <
ffff8e67c4a97d80 2921982933 C Ci:2:005:0 0 2 = 010e
ffff8e67c4a97d80 2921983020 S Co:2:005:0 s 40 bc 0900 0014 0002 2 = d19e
ffff8e67c4a97d80 2921985615 C Co:2:005:0 0 2 >
ffff8e67c4a97d80 2921985701 S Co:2:005:0 s 40 bc 0900 0018 0002 2 = 010e
ffff8e67c4a97d80 2921988260 C Co:2:005:0 0 2 >
ffff8e67c4a97d80 2921988344 S Ci:2:005:0 s c0 bc 0900 0014 0002 2 <
ffff8e67c4a97d80 2921990884 C Ci:2:005:0 0 2 = d19e
ffff8e67c4a97d80 2921990970 S Ci:2:005:0 s c0 bc 0900 0018 0002 2 <
ffff8e67c4a97d80 2921993527 C Ci:2:005:0 0 2 = 010e
ffff8e67c4a97d80 2921993613 S Co:2:005:0 s 40 bc 0900 0014 0002 2 = d39e
ffff8e67c4a97d80 2921996258 C Co:2:005:0 0 2 >
ffff8e67c4a97d80 2921996345 S Co:2:005:0 s 40 bc 0900 0018 0002 2 = 030e
ffff8e67c4a97d80 2921999125 C Co:2:005:0 0 2 >
ffff8e67c4a97d80 2921999228 S Ci:2:005:0 s c0 bc 0900 0014 0002 2 <
ffff8e67c4a97d80 2922001912 C Ci:2:005:0 0 2 = d39e
ffff8e67c4a97d80 2922001994 S Ci:2:005:0 s c0 bc 0900 0018 0002 2 <
ffff8e67c4a97d80 2922004638 C Ci:2:005:0 0 2 = 030e
ffff8e67c4a97d80 2922004726 S Co:2:005:0 s 40 bc 0800 00c0 0004 4 = 94413700
ffff8e67c4a97d80 2922007359 C Co:2:005:0 0 4 >
ffff8e67c4a97d80 2922007437 S Co:2:005:0 s 40 b9 0000 0000 0004 4 = 09006603
ffff8e67c4a97d80 2922009991 C Co:2:005:0 0 4 >
ffff8e67c4a97d80 2922010094 S Ii:2:005:3 -115:1 3 <
ffff8e67c4a97d80 2922011314 C Ii:2:005:3 0:1 3 = 100000
ffff8e67c4a97d80 2922011396 S Ci:2:005:0 s c0 bc 0800 0016 0002 2 <
ffff8e67c4a97d80 2922014041 C Ci:2:005:0 0 2 = 0900
ffff8e67c4a97d80 2922014147 S Ci:2:005:0 s c0 bc 0900 001c 0002 2 <
ffff8e67c4a97d80 2922016725 C Ci:2:005:0 0 2 = 2f6f
ffff8e67c4a97d80 2922016799 S Ci:2:005:0 s c0 bc 0800 23be 0002 2 <
ffff8e67c4a97d80 2922019336 C Ci:2:005:0 0 2 = 0000
ffff8e67c4a97d80 2922019408 S Co:2:005:0 s 40 bc 0900 0014 0002 2 = d39e
ffff8e67c4a97d80 2922021963 C Co:2:005:0 0 2 >
ffff8e67c4a97d80 2922022079 S Ci:2:005:0 s c0 bc 0900 001c 0002 2 <
ffff8e67c4a97d80 2922024607 C Ci:2:005:0 0 2 = 2f6f
ffff8e67c4a97d80 2922024666 S Co:2:005:0 s 40 bc 0800 00c0 0004 4 = 944aaf00
ffff8e67c4a97d80 2922027328 C Co:2:005:0 0 4 >
ffff8e67c4a97d80 2922027391 S Co:2:005:0 s 40 b9 0000 0000 0004 4 = 09006603
ffff8e67c4a97d80 2922029943 C Co:2:005:0 0 4 >
ffff8e67c4a97d80 2922030005 S Ii:2:005:3 -115:1 3 <
ffff8e67c4a97d80 2922031113 C Ii:2:005:3 0:1 3 = 100000
ffff8e67c4a97d80 2922031190 S Ci:2:005:0 s c0 bc 0800 0016 0002 2 <
ffff8e67c4a97d80 2922033858 C Ci:2:005:0 0 2 = 0900
ffff8e67c4a97d80 2922033922 S Ci:2:005:0 s c0 bc 0900 001c 0002 2 <
ffff8e67c4a97d80 2922036425 C Ci:2:005:0 0 2 = 2f6f
ffff8e67c4a97d80 2922036483 S Ci:2:005:0 s c0 bc 0800 23be 0002 2 <
ffff8e67c4a97d80 2922039053 C Ci:2:005:0 0 2 = 0000
ffff8e67c4a97d80 2922039111 S Co:2:005:0 s 40 bc 0900 0014 0002 2 = d39e
ffff8e67c4a97d80 2922041822 C Co:2:005:0 0 2 >
ffff8e67c4a97d80 2922041878 S Ci:2:005:0 s c0 bc 0900 001c 0002 2 <
ffff8e67c4a97d80 2922044421 C Ci:2:005:0 0 2 = 2f6f
ffff8e67c4a97d80 2922044482 S Co:2:005:0 s 40 bc 0800 00c0 0004 4 = 944baf00
ffff8e67c4a97d80 2922047043 C Co:2:005:0 0 4 >
ffff8e67c4a97d80 2922047113 S Co:2:005:0 s 40 b9 0000 0000 0004 4 = 09006603
ffff8e67c4a97d80 2922049677 C Co:2:005:0 0 4 >
ffff8e67c4a97d80 2922049727 S Ii:2:005:3 -115:1 3 <
ffff8e67c4a97d80 2922050996 C Ii:2:005:3 0:1 3 = 100000
ffff8e67c4a97d80 2922051065 S Ci:2:005:0 s c0 bc 0800 0016 0002 2 <
ffff8e67c4a97d80 2922053701 C Ci:2:005:0 0 2 = 0900
ffff8e67c4a97d80 2922053756 S Ci:2:005:0 s c0 bc 0900 001c 0002 2 <
ffff8e67c4a97d80 2922056289 C Ci:2:005:0 0 2 = 2f6f
ffff8e67c4a97d80 2922056339 S Ci:2:005:0 s c0 bc 0800 23be 0002 2 <
ffff8e67c4a97d80 2922058912 C Ci:2:005:0 0 2 = 0000
ffff8e67c4a97d80 2922058964 S Co:2:005:0 s 40 bc 0900 0014 0002 2 = d39e
ffff8e67c4a97d80 2922061566 C Co:2:005:0 0 2 >
ffff8e67c4a97d80 2922061608 S Ci:2:005:0 s c0 bc 0900 001c 0002 2 <
ffff8e67c4a97d80 2922064150 C Ci:2:005:0 0 2 = 2f6f
ffff8e67c4a97d80 2922064210 S Co:2:005:0 s 40 bc 0800 00c0 0004 4 = 8989fa00
ffff8e67c4a97d80 2922066798 C Co:2:005:0 0 4 >
ffff8e67c4a97d80 2922066846 S Co:2:005:0 s 40 b9 0000 0000 0004 4 = 09006603
ffff8e67c4a97d80 2922069382 C Co:2:005:0 0 4 >
ffff8e67c4a97d80 2922069427 S Ii:2:005:3 -115:1 3 <
ffff8e67c4a97d80 2922070609 C Ii:2:005:3 0:1 3 = 100000
ffff8e67c4a97d80 2922070656 S Ci:2:005:0 s c0 bc 0800 0016 0002 2 <
ffff8e67c4a97d80 2922073467 C Ci:2:005:0 0 2 = 0900
ffff8e67c4a97d80 2922073533 S Ci:2:005:0 s c0 bc 0900 001c 0002 2 <
ffff8e67c4a97d80 2922076109 C Ci:2:005:0 0 2 = 2f6f
ffff8e67c4a97d80 2922076187 S Ci:2:005:0 s c0 bc 0800 23be 0002 2 <
ffff8e67c4a97d80 2922078886 C Ci:2:005:0 0 2 = 0000
ffff8e67c4a97d80 2922078954 S Co:2:005:0 s 40 bc 0900 0014 0002 2 = d39e
ffff8e67c4a97d80 2922081656 C Co:2:005:0 0 2 >
ffff8e67c4a97d80 2922081719 S Ci:2:005:0 s c0 bc 0900 001c 0002 2 <
ffff8e67c4a97d80 2922084409 C Ci:2:005:0 0 2 = 2f6f
ffff8e67c4a97d80 2922084473 S Co:2:005:0 s 40 b9 0000 0000 0004 4 = 09016601
ffff8e67c4a97d80 2922087207 C Co:2:005:0 0 4 >
ffff8e67c4a97d80 2922087263 S Ii:2:005:3 -115:1 3 <
ffff8e67c4a97d80 2922088434 C Ii:2:005:3 0:1 3 = 100000
ffff8e67c4a97d80 2922088492 S Ci:2:005:0 s c0 bc 0800 0016 0002 2 <
ffff8e67c4a97d80 2922091298 C Ci:2:005:0 0 2 = 0900
ffff8e67c4a97d80 2922091362 S Ci:2:005:0 s c0 bc 0900 001c 0002 2 <
ffff8e67c4a97d80 2922093886 C Ci:2:005:0 0 2 = 2f6f
ffff8e67c4a97d80 2922093951 S Ci:2:005:0 s c0 bc 0800 23be 0004 4 <
ffff8e67c4a97d80 2922096614 C Ci:2:005:0 0 4 = 000016e0
ffff8e67c4a97d80 2922096683 S Co:2:005:0 s 40 bc 0800 00c0 0002 2 = 078a
ffff8e67c4a97d80 2922099271 C Co:2:005:0 0 2 >
ffff8e67c4a97d80 2922099332 S Co:2:005:0 s 40 b9 0000 0000 0004 4 = 09008802
ffff8e67c4a97d80 2922102027 C Co:2:005:0 0 4 >
ffff8e67c4a97d80 2922102081 S Ii:2:005:3 -115:1 3 <
ffff8e67c4a97d80 2922103509 C Ii:2:005:3 0:1 3 = 100000
ffff8e67c4a97d80 2922103572 S Ci:2:005:0 s c0 bc 0800 0016 0002 2 <
ffff8e67c4a97d80 2922106379 C Ci:2:005:0 0 2 = 0900
ffff8e67c4a97d80 2922106443 S Ci:2:005:0 s c0 bc 0900 001c 0002 2 <
ffff8e67c4a97d80 2922108980 C Ci:2:005:0 0 2 = 2f6f
ffff8e67c4a97d80 2922109036 S Ci:2:005:0 s c0 bc 0800 23be 0002 2 <
ffff8e67c4a97d80 2922111762 C Ci:2:005:0 0 2 = 0000
ffff8e67c4a97d80 2922111822 S Co:2:005:0 s 40 bc 0900 0014 0002 2 = d39e
ffff8e67c4a97d80 2922114540 C Co:2:005:0 0 2 >
ffff8e67c4a97d80 2922114601 S Ci:2:005:0 s c0 bc 0900 001c 0002 2 <
ffff8e67c4a97d80 2922117284 C Ci:2:005:0 0 2 = 2f6f
ffff8e67c4a97d80 2922117351 S Co:2:005:0 s 40 bc 0800 00c0 0002 2 = 089b
ffff8e67c4a97d80 2922120033 C Co:2:005:0 0 2 >
ffff8e67c4a97d80 2922120093 S Co:2:005:0 s 40 b9 0000 0000 0004 4 = 09008802
ffff8e67c4a97d80 2922122778 C Co:2:005:0 0 4 >
ffff8e67c4a97d80 2922122839 S Ii:2:005:3 -115:1 3 <
ffff8e67c4a97d80 2922124052 C Ii:2:005:3 0:1 3 = 100000
ffff8e67c4a97d80 2922124113 S Ci:2:005:0 s c0 bc 0800 0016 0002 2 <
ffff8e67c4a97d80 2922126938 C Ci:2:005:0 0 2 = 0900
ffff8e67c4a97d80 2922127000 S Ci:2:005:0 s c0 bc 0900 001c 0002 2 <
ffff8e67c4a97d80 2922129610 C Ci:2:005:0 0 2 = 2f6f
ffff8e67c4a97d80 2922129670 S Ci:2:005:0 s c0 bc 0800 23be 0002 2 <
ffff8e67c4a97d80 2922132357 C Ci:2:005:0 0 2 = 0000
ffff8e67c4a97d80 2922132412 S Co:2:005:0 s 40 bc 0900 0014 0002 2 = d39e
ffff8e67c4a97d80 2922135146 C Co:2:005:0 0 2 >
ffff8e67c4a97d80 2922135219 S Ci:2:005:0 s c0 bc 0900 001c 0002 2 <
ffff8e67c4a97d80 2922137940 C Ci:2:005:0 0 2 = 2f6f
ffff8e67c4a97d80 2922138006 S Co:2:005:0 s 40 bc 0800 00c0 0002 2 = 097a
ffff8e67c4a97d80 2922140681 C Co:2:005:0 0 2 >
ffff8e67c4a97d80 2922140740 S Co:2:005:0 s 40 b9 0000 0000 0004 4 = 09008802
ffff8e67c4a97d80 2922143395 C Co:2:005:0 0 4 >
ffff8e67c4a97d80 2922143455 S Ii:2:005:3 -115:1 3 <
ffff8e67c4a97d80 2922144736 C Ii:2:005:3 0:1 3 = 100000
ffff8e67c4a97d80 2922144797 S Ci:2:005:0 s c0 bc 0800 0016 0002 2 <
ffff8e67c4a97d80 2922147531 C Ci:2:005:0 0 2 = 0900
ffff8e67c4a97d80 2922147595 S Ci:2:005:0 s c0 bc 0900 001c 0002 2 <
ffff8e67c4a97d80 2922150238 C Ci:2:005:0 0 2 = 2f6f
ffff8e67c4a97d80 2922150294 S Ci:2:005:0 s c0 bc 0800 23be 0002 2 <
ffff8e67c4a97d80 2922152995 C Ci:2:005:0 0 2 = 0000
ffff8e67c4a97d80 2922153109 S Co:2:005:0 s 40 bc 0900 0014 0002 2 = d39e
ffff8e67c4a97d80 2922155792 C Co:2:005:0 0 2 >
ffff8e67c4a97d80 2922155855 S Ci:2:005:0 s c0 bc 0900 001c 0002 2 <
ffff8e67c4a97d80 2922158524 C Ci:2:005:0 0 2 = 2f6f
ffff8e67c4a97d80 2922158590 S Co:2:005:0 s 40 bc 0800 00c0 0002 2 = 2888
ffff8e67c4a97d80 2922161268 C Co:2:005:0 0 2 >
ffff8e67c4a97d80 2922161328 S Co:2:005:0 s 40 b9 0000 0000 0004 4 = 09008802
ffff8e67c4a97d80 2922164072 C Co:2:005:0 0 4 >
ffff8e67c4a97d80 2922164128 S Ii:2:005:3 -115:1 3 <
ffff8e67c4a97d80 2922165320 C Ii:2:005:3 0:1 3 = 100000
ffff8e67c4a97d80 2922165382 S Ci:2:005:0 s c0 bc 0800 0016 0002 2 <
ffff8e67c4a97d80 2922168028 C Ci:2:005:0 0 2 = 0900
ffff8e67c4a97d80 2922168093 S Ci:2:005:0 s c0 bc 0900 001c 0002 2 <
ffff8e67c4a97d80 2922170751 C Ci:2:005:0 0 2 = 2f6f
ffff8e67c4a97d80 2922170812 S Ci:2:005:0 s c0 bc 0800 23be 0002 2 <
ffff8e67c4a97d80 2922173514 C Ci:2:005:0 0 2 = 0000
ffff8e67c4a97d80 2922173567 S Co:2:005:0 s 40 bc 0900 0014 0002 2 = d39e
ffff8e67c4a97d80 2922176282 C Co:2:005:0 0 2 >
ffff8e67c4a97d80 2922176343 S Ci:2:005:0 s c0 bc 0900 001c 0002 2 <
ffff8e67c4a97d80 2922179065 C Ci:2:005:0 0 2 = 2f6f
ffff8e67c4a97d80 2922179132 S Co:2:005:0 s 40 bc 0800 00c0 0004 4 = 8989fd00
ffff8e67c4a97d80 2922181803 C Co:2:005:0 0 4 >
ffff8e67c4a97d80 2922181863 S Co:2:005:0 s 40 b9 0000 0000 0004 4 = 09006603
ffff8e67c4a97d80 2922184469 C Co:2:005:0 0 4 >
ffff8e67c4a97d80 2922184525 S Ii:2:005:3 -115:1 3 <
ffff8e67c4a97d80 2922185886 C Ii:2:005:3 0:1 3 = 100000
ffff8e67c4a97d80 2922185948 S Ci:2:005:0 s c0 bc 0800 0016 0002 2 <
ffff8e67c4a97d80 2922188641 C Ci:2:005:0 0 2 = 0900
ffff8e67c4a97d80 2922188704 S Ci:2:005:0 s c0 bc 0900 001c 0002 2 <
ffff8e67c4a97d80 2922191370 C Ci:2:005:0 0 2 = 2f6f
ffff8e67c4a97d80 2922191423 S Ci:2:005:0 s c0 bc 0800 23be 0002 2 <
ffff8e67c4a97d80 2922194023 C Ci:2:005:0 0 2 = 0000
ffff8e67c4a97d80 2922194089 S Co:2:005:0 s 40 bc 0900 0014 0002 2 = d39e
ffff8e67c4a97d80 2922196798 C Co:2:005:0 0 2 >
ffff8e67c4a97d80 2922196861 S Ci:2:005:0 s c0 bc 0900 001c 0002 2 <
ffff8e67c4a97d80 2922199472 C Ci:2:005:0 0 2 = 2f6f
ffff8e67c4a97d80 2922199536 S Co:2:005:0 s 40 b9 0000 0000 0004 4 = 09016601
ffff8e67c4a97d80 2922202237 C Co:2:005:0 0 4 >
ffff8e67c4a97d80 2922202290 S Ii:2:005:3 -115:1 3 <
ffff8e67c4a97d80 2922203613 C Ii:2:005:3 0:1 3 = 100000
ffff8e67c4a97d80 2922203676 S Ci:2:005:0 s c0 bc 0800 0016 0002 2 <
ffff8e67c4a97d80 2922206406 C Ci:2:005:0 0 2 = 0900
ffff8e67c4a97d80 2922206470 S Ci:2:005:0 s c0 bc 0900 001c 0002 2 <
ffff8e67c4a97d80 2922209165 C Ci:2:005:0 0 2 = 2f6f
ffff8e67c4a97d80 2922209221 S Ci:2:005:0 s c0 bc 0800 23be 0004 4 <
ffff8e67c4a97d80 2922211912 C Ci:2:005:0 0 4 = 00006ee0
ffff8e67c4a97d80 2922211972 S Co:2:005:0 s 40 bc 0800 00c0 0002 2 = 0608
ffff8e67c4a97d80 2922214656 C Co:2:005:0 0 2 >
ffff8e67c4a97d80 2922214714 S Co:2:005:0 s 40 b9 0000 0000 0004 4 = 09008802
ffff8e67c4a97d80 2922217382 C Co:2:005:0 0 4 >
ffff8e67c4a97d80 2922217443 S Ii:2:005:3 -115:1 3 <
ffff8e67c4a97d80 2922218729 C Ii:2:005:3 0:1 3 = 100000
ffff8e67c4a97d80 2922218790 S Ci:2:005:0 s c0 bc 0800 0016 0002 2 <
ffff8e67c4a97d80 2922221520 C Ci:2:005:0 0 2 = 0900
ffff8e67c4a97d80 2922221584 S Ci:2:005:0 s c0 bc 0900 001c 0002 2 <
ffff8e67c4a97d80 2922224244 C Ci:2:005:0 0 2 = 2f6f
ffff8e67c4a97d80 2922224300 S Ci:2:005:0 s c0 bc 0800 23be 0002 2 <
ffff8e67c4a97d80 2922227000 C Ci:2:005:0 0 2 = 0000
ffff8e67c4a97d80 2922227053 S Co:2:005:0 s 40 bc 0900 0014 0002 2 = d39e
ffff8e67c4a97d80 2922229751 C Co:2:005:0 0 2 >
ffff8e67c4a97d80 2922229814 S Ci:2:005:0 s c0 bc 0900 001c 0002 2 <
ffff8e67c4a97d80 2922232596 C Ci:2:005:0 0 2 = 2f6f
ffff8e67c4a97d80 2922232662 S Co:2:005:0 s 40 bc 0800 00c0 0004 4 = 8989e700
ffff8e67c4a97d80 2922235264 C Co:2:005:0 0 4 >
ffff8e67c4a97d80 2922235323 S Co:2:005:0 s 40 b9 0000 0000 0004 4 = 09006603
ffff8e67c4a97d80 2922238043 C Co:2:005:0 0 4 >
ffff8e67c4a97d80 2922238105 S Ii:2:005:3 -115:1 3 <
ffff8e67c4a97d80 2922239319 C Ii:2:005:3 0:1 3 = 100000
ffff8e67c4a97d80 2922239381 S Ci:2:005:0 s c0 bc 0800 0016 0002 2 <
ffff8e67c4a97d80 2922242023 C Ci:2:005:0 0 2 = 0900
ffff8e67c4a97d80 2922242088 S Ci:2:005:0 s c0 bc 0900 001c 0002 2 <
ffff8e67c4a97d80 2922244749 C Ci:2:005:0 0 2 = 2f6f
ffff8e67c4a97d80 2922244809 S Ci:2:005:0 s c0 bc 0800 23be 0002 2 <
ffff8e67c4a97d80 2922247618 C Ci:2:005:0 0 2 = 0000
ffff8e67c4a97d80 2922247681 S Co:2:005:0 s 40 bc 0900 0014 0002 2 = d39e
ffff8e67c4a97d80 2922250252 C Co:2:005:0 0 2 >
ffff8e67c4a97d80 2922250314 S Ci:2:005:0 s c0 bc 0900 001c 0002 2 <
ffff8e67c4a97d80 2922253018 C Ci:2:005:0 0 2 = 2f6f
ffff8e67c4a97d80 2922253084 S Co:2:005:0 s 40 b9 0000 0000 0004 4 = 09016601
ffff8e67c4a97d80 2922255766 C Co:2:005:0 0 4 >
ffff8e67c4a97d80 2922255825 S Ii:2:005:3 -115:1 3 <
ffff8e67c4a97d80 2922257099 C Ii:2:005:3 0:1 3 = 100000
ffff8e67c4a97d80 2922257175 S Ci:2:005:0 s c0 bc 0800 0016 0002 2 <
ffff8e67c4a97d80 2922259895 C Ci:2:005:0 0 2 = 0900
ffff8e67c4a97d80 2922259959 S Ci:2:005:0 s c0 bc 0900 001c 0002 2 <
ffff8e67c4a97d80 2922262592 C Ci:2:005:0 0 2 = 2f6f
ffff8e67c4a97d80 2922262653 S Ci:2:005:0 s c0 bc 0800 23be 0004 4 <
ffff8e67c4a97d80 2922265256 C Ci:2:005:0 0 4 = 0000f9e0
ffff8e67c4a97d80 2922265330 S Co:2:005:0 s 40 bc 0800 00c0 0004 4 = 99898b00
ffff8e67c4a97d80 2922268004 C Co:2:005:0 0 4 >
ffff8e67c4a97d80 2922268082 S Co:2:005:0 s 40 b9 0000 0000 0004 4 = 09006603
ffff8e67c4a97d80 2922270785 C Co:2:005:0 0 4 >
ffff8e67c4a97d80 2922270846 S Ii:2:005:3 -115:1 3 <
ffff8e67c4a97d80 2922272043 C Ii:2:005:3 0:1 3 = 100000
ffff8e67c4a97d80 2922272103 S Ci:2:005:0 s c0 bc 0800 0016 0002 2 <
ffff8e67c4a97d80 2922274937 C Ci:2:005:0 0 2 = 0900
ffff8e67c4a97d80 2922275001 S Ci:2:005:0 s c0 bc 0900 001c 0002 2 <
ffff8e67c4a97d80 2922277604 C Ci:2:005:0 0 2 = 2f6f
ffff8e67c4a97d80 2922277668 S Ci:2:005:0 s c0 bc 0800 23be 0002 2 <
ffff8e67c4a97d80 2922280444 C Ci:2:005:0 0 2 = 0000
ffff8e67c4a97d80 2922280505 S Co:2:005:0 s 40 bc 0900 0014 0002 2 = d39e
ffff8e67c4a97d80 2922283148 C Co:2:005:0 0 2 >
ffff8e67c4a97d80 2922283223 S Ci:2:005:0 s c0 bc 0900 001c 0002 2 <
ffff8e67c4a97d80 2922285969 C Ci:2:005:0 0 2 = 2f6f
ffff8e67c4a97d80 2922286033 S Co:2:005:0 s 40 b9 0000 0000 0004 4 = 09016601
ffff8e67c4a97d80 2922288632 C Co:2:005:0 0 4 >
ffff8e67c4a97d80 2922288691 S Ii:2:005:3 -115:1 3 <
ffff8e67c4a97d80 2922289974 C Ii:2:005:3 0:1 3 = 100000
ffff8e67c4a97d80 2922290035 S Ci:2:005:0 s c0 bc 0800 0016 0002 2 <
ffff8e67c4a97d80 2922292814 C Ci:2:005:0 0 2 = 0900
ffff8e67c4a97d80 2922292874 S Ci:2:005:0 s c0 bc 0900 001c 0002 2 <
ffff8e67c4a97d80 2922295466 C Ci:2:005:0 0 2 = 2f6f
ffff8e67c4a97d80 2922295522 S Ci:2:005:0 s c0 bc 0800 23be 0004 4 <
ffff8e67c4a97d80 2922298134 C Ci:2:005:0 0 4 = 00006ee0
ffff8e67c4a97d80 2922298209 S Co:2:005:0 s 40 bc 0800 00c0 0002 2 = 70d0
ffff8e67c4a97d80 2922300852 C Co:2:005:0 0 2 >
ffff8e67c4a97d80 2922300912 S Co:2:005:0 s 40 b9 0000 0000 0004 4 = 09009802
ffff8e67c4a97d80 2922303627 C Co:2:005:0 0 4 >
ffff8e67c4a97d80 2922303688 S Ii:2:005:3 -115:1 3 <
ffff8e67c4a97d80 2922304921 C Ii:2:005:3 0:1 3 = 100000
ffff8e67c4a97d80 2922304980 S Ci:2:005:0 s c0 bc 0800 0016 0002 2 <
ffff8e67c4a97d80 2922307784 C Ci:2:005:0 0 2 = 0900
ffff8e67c4a97d80 2922307847 S Ci:2:005:0 s c0 bc 0900 001c 0002 2 <
ffff8e67c4a97d80 2922310521 C Ci:2:005:0 0 2 = 2f6f
ffff8e67c4a97d80 2922310578 S Ci:2:005:0 s c0 bc 0800 23be 0002 2 <
ffff8e67c4a97d80 2922313218 C Ci:2:005:0 0 2 = 0000
ffff8e67c4a97d80 2922313327 S Co:2:005:0 s 40 bc 0900 0014 0002 2 = d39e
ffff8e67c4a97d80 2922316060 C Co:2:005:0 0 2 >
ffff8e67c4a97d80 2922316112 S Ci:2:005:0 s c0 bc 0900 001c 0002 2 <
ffff8e67c4a97d80 2922318730 C Ci:2:005:0 0 2 = 2f6f
ffff8e67c4a97d80 2922319434 S Co:2:005:0 s 40 bc 0800 00c0 0002 2 = 0f88
ffff8e67c4a97d80 2922321495 C Co:2:005:0 0 2 >
ffff8e67c4a97d80 2922321556 S Co:2:005:0 s 40 b9 0000 0000 0004 4 = 09009802
ffff8e67c4a97d80 2922324287 C Co:2:005:0 0 4 >
ffff8e67c4a97d80 2922324349 S Ii:2:005:3 -115:1 3 <
ffff8e67c4a97d80 2922325639 C Ii:2:005:3 0:1 3 = 100000
ffff8e67c4a97d80 2922325701 S Ci:2:005:0 s c0 bc 0800 0016 0002 2 <
ffff8e67c4a97d80 2922328394 C Ci:2:005:0 0 2 = 0900
ffff8e67c4a97d80 2922328457 S Ci:2:005:0 s c0 bc 0900 001c 0002 2 <
ffff8e67c4a97d80 2922331083 C Ci:2:005:0 0 2 = 2f6f
ffff8e67c4a97d80 2922331138 S Ci:2:005:0 s c0 bc 0800 23be 0002 2 <
ffff8e67c4a97d80 2922333872 C Ci:2:005:0 0 2 = 0000
ffff8e67c4a97d80 2922333932 S Co:2:005:0 s 40 bc 0900 0014 0002 2 = d39e
ffff8e67c4a97d80 2922336632 C Co:2:005:0 0 2 >
ffff8e67c4a97d80 2922336694 S Ci:2:005:0 s c0 bc 0900 001c 0002 2 <
ffff8e67c4a97d80 2922339398 C Ci:2:005:0 0 2 = 2f6f
ffff8e67c4a97d80 2922339464 S Co:2:005:0 s 40 bc 0800 00c0 0002 2 = 9068
ffff8e67c4a97d80 2922342176 C Co:2:005:0 0 2 >
ffff8e67c4a97d80 2922342233 S Co:2:005:0 s 40 b9 0000 0000 0004 4 = 09009802
ffff8e67c4a97d80 2922344921 C Co:2:005:0 0 4 >
ffff8e67c4a97d80 2922344981 S Ii:2:005:3 -115:1 3 <
ffff8e67c4a97d80 2922346181 C Ii:2:005:3 0:1 3 = 100000
ffff8e67c4a97d80 2922346237 S Ci:2:005:0 s c0 bc 0800 0016 0002 2 <
ffff8e67c4a97d80 2922348895 C Ci:2:005:0 0 2 = 0900
ffff8e67c4a97d80 2922348959 S Ci:2:005:0 s c0 bc 0900 001c 0002 2 <
ffff8e67c4a97d80 2922351619 C Ci:2:005:0 0 2 = 2f6f
ffff8e67c4a97d80 2922351680 S Ci:2:005:0 s c0 bc 0800 23be 0002 2 <
ffff8e67c4a97d80 2922354368 C Ci:2:005:0 0 2 = 0000
ffff8e67c4a97d80 2922354430 S Co:2:005:0 s 40 bc 0900 0014 0002 2 = d39e
ffff8e67c4a97d80 2922357121 C Co:2:005:0 0 2 >
ffff8e67c4a97d80 2922357189 S Ci:2:005:0 s c0 bc 0900 001c 0002 2 <
ffff8e67c4a97d80 2922359878 C Ci:2:005:0 0 2 = 2f6f
ffff8e67c4a97d80 2922359944 S Co:2:005:0 s 40 bc 0800 00c0 0002 2 = 91bf
ffff8e67c4a97d80 2922362635 C Co:2:005:0 0 2 >
ffff8e67c4a97d80 2922362695 S Co:2:005:0 s 40 b9 0000 0000 0004 4 = 09009802
ffff8e67c4a97d80 2922365367 C Co:2:005:0 0 4 >
ffff8e67c4a97d80 2922365427 S Ii:2:005:3 -115:1 3 <
ffff8e67c4a97d80 2922366719 C Ii:2:005:3 0:1 3 = 100000
ffff8e67c4a97d80 2922366780 S Ci:2:005:0 s c0 bc 0800 0016 0002 2 <
ffff8e67c4a97d80 2922369654 C Ci:2:005:0 0 2 = 0900
ffff8e67c4a97d80 2922369713 S Ci:2:005:0 s c0 bc 0900 001c 0002 2 <
ffff8e67c4a97d80 2922372365 C Ci:2:005:0 0 2 = 2f6f
ffff8e67c4a97d80 2922372421 S Ci:2:005:0 s c0 bc 0800 23be 0002 2 <
ffff8e67c4a97d80 2922375110 C Ci:2:005:0 0 2 = 0000
ffff8e67c4a97d80 2922375185 S Co:2:005:0 s 40 bc 0900 0014 0002 2 = d39e
ffff8e67c4a97d80 2922377860 C Co:2:005:0 0 2 >
ffff8e67c4a97d80 2922377923 S Ci:2:005:0 s c0 bc 0900 001c 0002 2 <
ffff8e67c4a97d80 2922380538 C Ci:2:005:0 0 2 = 2f6f
ffff8e67c4a97d80 2922380616 S Co:2:005:0 s 40 bc 0800 00c0 0002 2 = 95ab
ffff8e67c4a97d80 2922383258 C Co:2:005:0 0 2 >
ffff8e67c4a97d80 2922383318 S Co:2:005:0 s 40 b9 0000 0000 0004 4 = 09009802
ffff8e67c4a97d80 2922386033 C Co:2:005:0 0 4 >
ffff8e67c4a97d80 2922386095 S Ii:2:005:3 -115:1 3 <
ffff8e67c4a97d80 2922387317 C Ii:2:005:3 0:1 3 = 100000
ffff8e67c4a97d80 2922387378 S Ci:2:005:0 s c0 bc 0800 0016 0002 2 <
ffff8e67c4a97d80 2922390017 C Ci:2:005:0 0 2 = 0900
ffff8e67c4a97d80 2922390082 S Ci:2:005:0 s c0 bc 0900 001c 0002 2 <
ffff8e67c4a97d80 2922392754 C Ci:2:005:0 0 2 = 2f6f
ffff8e67c4a97d80 2922392810 S Ci:2:005:0 s c0 bc 0800 23be 0002 2 <
ffff8e67c4a97d80 2922395483 C Ci:2:005:0 0 2 = 0000
ffff8e67c4a97d80 2922395546 S Co:2:005:0 s 40 bc 0900 0014 0002 2 = d39e
ffff8e67c4a97d80 2922398118 C Co:2:005:0 0 2 >
ffff8e67c4a97d80 2922398194 S Ci:2:005:0 s c0 bc 0900 001c 0002 2 <
ffff8e67c4a97d80 2922400813 C Ci:2:005:0 0 2 = 2f6f
ffff8e67c4a97d80 2922400931 S Co:2:005:0 s 40 bc 0800 00c0 0002 2 = 9617
ffff8e67c4a97d80 2922403566 C Co:2:005:0 0 2 >
ffff8e67c4a97d80 2922403616 S Co:2:005:0 s 40 b9 0000 0000 0004 4 = 09009802
ffff8e67c4a97d80 2922406242 C Co:2:005:0 0 4 >
ffff8e67c4a97d80 2922406303 S Ii:2:005:3 -115:1 3 <
ffff8e67c4a97d80 2922407587 C Ii:2:005:3 0:1 3 = 100000
ffff8e67c4a97d80 2922407649 S Ci:2:005:0 s c0 bc 0800 0016 0002 2 <
ffff8e67c4a97d80 2922410377 C Ci:2:005:0 0 2 = 0900
ffff8e67c4a97d80 2922410442 S Ci:2:005:0 s c0 bc 0900 001c 0002 2 <
ffff8e67c4a97d80 2922413080 C Ci:2:005:0 0 2 = 2f6f
ffff8e67c4a97d80 2922413136 S Ci:2:005:0 s c0 bc 0800 23be 0002 2 <
ffff8e67c4a97d80 2922415920 C Ci:2:005:0 0 2 = 0000
ffff8e67c4a97d80 2922416092 S Co:2:005:0 s 40 bc 0900 0014 0002 2 = d39e
ffff8e67c4a97d80 2922418656 C Co:2:005:0 0 2 >
ffff8e67c4a97d80 2922418717 S Ci:2:005:0 s c0 bc 0900 001c 0002 2 <
ffff8e67c4a97d80 2922421397 C Ci:2:005:0 0 2 = 2f6f
ffff8e67c4a97d80 2922421463 S Co:2:005:0 s 40 bc 0800 00c0 0002 2 = 9788
ffff8e67c4a97d80 2922424135 C Co:2:005:0 0 2 >
ffff8e67c4a97d80 2922424208 S Co:2:005:0 s 40 b9 0000 0000 0004 4 = 09009802
ffff8e67c4a97d80 2922426872 C Co:2:005:0 0 4 >
ffff8e67c4a97d80 2922426932 S Ii:2:005:3 -115:1 3 <
ffff8e67c4a97d80 2922428160 C Ii:2:005:3 0:1 3 = 100000
ffff8e67c4a97d80 2922428216 S Ci:2:005:0 s c0 bc 0800 0016 0002 2 <
ffff8e67c4a97d80 2922430982 C Ci:2:005:0 0 2 = 0900
ffff8e67c4a97d80 2922431045 S Ci:2:005:0 s c0 bc 0900 001c 0002 2 <
ffff8e67c4a97d80 2922433704 C Ci:2:005:0 0 2 = 2f6f
ffff8e67c4a97d80 2922433765 S Ci:2:005:0 s c0 bc 0800 23be 0002 2 <
ffff8e67c4a97d80 2922436416 C Ci:2:005:0 0 2 = 0000
ffff8e67c4a97d80 2922436477 S Co:2:005:0 s 40 bc 0900 0014 0002 2 = d39e
ffff8e67c4a97d80 2922439093 C Co:2:005:0 0 2 >
ffff8e67c4a97d80 2922439181 S Ci:2:005:0 s c0 bc 0900 001c 0002 2 <
ffff8e67c4a97d80 2922441906 C Ci:2:005:0 0 2 = 2f6f
ffff8e67c4a97d80 2922441972 S Co:2:005:0 s 40 bc 0800 00c0 0002 2 = a08c
ffff8e67c4a97d80 2922444638 C Co:2:005:0 0 2 >
ffff8e67c4a97d80 2922444695 S Co:2:005:0 s 40 b9 0000 0000 0004 4 = 09009802
ffff8e67c4a97d80 2922447383 C Co:2:005:0 0 4 >
ffff8e67c4a97d80 2922447444 S Ii:2:005:3 -115:1 3 <
ffff8e67c4a97d80 2922448658 C Ii:2:005:3 0:1 3 = 100000
ffff8e67c4a97d80 2922448717 S Ci:2:005:0 s c0 bc 0800 0016 0002 2 <
ffff8e67c4a97d80 2922451498 C Ci:2:005:0 0 2 = 0900
ffff8e67c4a97d80 2922451561 S Ci:2:005:0 s c0 bc 0900 001c 0002 2 <
ffff8e67c4a97d80 2922454204 C Ci:2:005:0 0 2 = 2f6f
ffff8e67c4a97d80 2922454256 S Ci:2:005:0 s c0 bc 0800 23be 0002 2 <
ffff8e67c4a97d80 2922456996 C Ci:2:005:0 0 2 = 0000
ffff8e67c4a97d80 2922457058 S Co:2:005:0 s 40 bc 0900 0014 0002 2 = d39e
ffff8e67c4a97d80 2922459774 C Co:2:005:0 0 2 >
ffff8e67c4a97d80 2922459832 S Ci:2:005:0 s c0 bc 0900 001c 0002 2 <
ffff8e67c4a97d80 2922462507 C Ci:2:005:0 0 2 = 2f6f
ffff8e67c4a97d80 2922462608 S Co:2:005:0 s 40 bc 0800 00c0 0002 2 = a1f8
ffff8e67c4a97d80 2922465276 C Co:2:005:0 0 2 >
ffff8e67c4a97d80 2922465330 S Co:2:005:0 s 40 b9 0000 0000 0004 4 = 09009802
ffff8e67c4a97d80 2922468012 C Co:2:005:0 0 4 >
ffff8e67c4a97d80 2922468109 S Ii:2:005:3 -115:1 3 <
ffff8e67c4a97d80 2922469269 C Ii:2:005:3 0:1 3 = 100000
ffff8e67c4a97d80 2922469361 S Ci:2:005:0 s c0 bc 0800 0016 0002 2 <
ffff8e67c4a97d80 2922472001 C Ci:2:005:0 0 2 = 0900
ffff8e67c4a97d80 2922472059 S Ci:2:005:0 s c0 bc 0900 001c 0002 2 <
ffff8e67c4a97d80 2922474757 C Ci:2:005:0 0 2 = 2f6f
ffff8e67c4a97d80 2922474864 S Ci:2:005:0 s c0 bc 0800 23be 0002 2 <
ffff8e67c4a97d80 2922477475 C Ci:2:005:0 0 2 = 0000
ffff8e67c4a97d80 2922477573 S Co:2:005:0 s 40 bc 0900 0014 0002 2 = d39e
ffff8e67c4a97d80 2922480112 C Co:2:005:0 0 2 >
ffff8e67c4a97d80 2922480183 S Ci:2:005:0 s c0 bc 0900 001c 0002 2 <
ffff8e67c4a97d80 2922482790 C Ci:2:005:0 0 2 = 2f6f
ffff8e67c4a97d80 2922482851 S Co:2:005:0 s 40 bc 0800 00c0 0002 2 = a282
ffff8e67c4a97d80 2922485350 C Co:2:005:0 0 2 >
ffff8e67c4a97d80 2922485404 S Co:2:005:0 s 40 b9 0000 0000 0004 4 = 09009802
ffff8e67c4a97d80 2922487954 C Co:2:005:0 0 4 >
ffff8e67c4a97d80 2922488012 S Ii:2:005:3 -115:1 3 <
ffff8e67c4a97d80 2922489133 C Ii:2:005:3 0:1 3 = 100000
ffff8e67c4a97d80 2922489196 S Ci:2:005:0 s c0 bc 0800 0016 0002 2 <
ffff8e67c4a97d80 2922491803 C Ci:2:005:0 0 2 = 0900
ffff8e67c4a97d80 2922491862 S Ci:2:005:0 s c0 bc 0900 001c 0002 2 <
ffff8e67c4a97d80 2922494361 C Ci:2:005:0 0 2 = 2f6f
ffff8e67c4a97d80 2922494395 S Ci:2:005:0 s c0 bc 0800 23be 0002 2 <
ffff8e67c4a97d80 2922497142 C Ci:2:005:0 0 2 = 0000
ffff8e67c4a97d80 2922497204 S Co:2:005:0 s 40 bc 0900 0014 0002 2 = d39e
ffff8e67c4a97d80 2922499771 C Co:2:005:0 0 2 >
ffff8e67c4a97d80 2922499806 S Ci:2:005:0 s c0 bc 0900 001c 0002 2 <
ffff8e67c4a97d80 2922502402 C Ci:2:005:0 0 2 = 2f6f
ffff8e67c4a97d80 2922502462 S Co:2:005:0 s 40 bc 0800 00c0 0002 2 = a359
ffff8e67c4a97d80 2922505015 C Co:2:005:0 0 2 >
ffff8e67c4a97d80 2922505071 S Co:2:005:0 s 40 b9 0000 0000 0004 4 = 09009802
ffff8e67c4a97d80 2922507662 C Co:2:005:0 0 4 >
ffff8e67c4a97d80 2922507695 S Ii:2:005:3 -115:1 3 <
ffff8e67c4a97d80 2922508940 C Ii:2:005:3 0:1 3 = 100000
ffff8e67c4a97d80 2922508995 S Ci:2:005:0 s c0 bc 0800 0016 0002 2 <
ffff8e67c4a97d80 2922511670 C Ci:2:005:0 0 2 = 0900
ffff8e67c4a97d80 2922511729 S Ci:2:005:0 s c0 bc 0900 001c 0002 2 <
ffff8e67c4a97d80 2922514222 C Ci:2:005:0 0 2 = 2f6f
ffff8e67c4a97d80 2922514252 S Ci:2:005:0 s c0 bc 0800 23be 0002 2 <
ffff8e67c4a97d80 2922516769 C Ci:2:005:0 0 2 = 0000
ffff8e67c4a97d80 2922516827 S Co:2:005:0 s 40 bc 0900 0014 0002 2 = d39e
ffff8e67c4a97d80 2922519420 C Co:2:005:0 0 2 >
ffff8e67c4a97d80 2922519454 S Ci:2:005:0 s c0 bc 0900 001c 0002 2 <
ffff8e67c4a97d80 2922521913 C Ci:2:005:0 0 2 = 2f6f
ffff8e67c4a97d80 2922522012 S Co:2:005:0 s 40 bc 0800 00c0 0004 4 = 99898900
ffff8e67c4a97d80 2922524622 C Co:2:005:0 0 4 >
ffff8e67c4a97d80 2922524674 S Co:2:005:0 s 40 b9 0000 0000 0004 4 = 09006603
ffff8e67c4a97d80 2922527152 C Co:2:005:0 0 4 >
ffff8e67c4a97d80 2922527176 S Ii:2:005:3 -115:1 3 <
ffff8e67c4a97d80 2922528426 C Ii:2:005:3 0:1 3 = 100000
ffff8e67c4a97d80 2922528478 S Ci:2:005:0 s c0 bc 0800 0016 0002 2 <
ffff8e67c4a97d80 2922531272 C Ci:2:005:0 0 2 = 0900
ffff8e67c4a97d80 2922531335 S Ci:2:005:0 s c0 bc 0900 001c 0002 2 <
ffff8e67c4a97d80 2922533870 C Ci:2:005:0 0 2 = 2f6f
ffff8e67c4a97d80 2922533901 S Ci:2:005:0 s c0 bc 0800 23be 0002 2 <
ffff8e67c4a97d80 2922536508 C Ci:2:005:0 0 2 = 0000
ffff8e67c4a97d80 2922536562 S Co:2:005:0 s 40 bc 0900 0014 0002 2 = d39e
ffff8e67c4a97d80 2922539118 C Co:2:005:0 0 2 >
ffff8e67c4a97d80 2922539159 S Ci:2:005:0 s c0 bc 0900 001c 0002 2 <
ffff8e67c4a97d80 2922541750 C Ci:2:005:0 0 2 = 2f6f
ffff8e67c4a97d80 2922541804 S Co:2:005:0 s 40 b9 0000 0000 0004 4 = 09016601
ffff8e67c4a97d80 2922544345 C Co:2:005:0 0 4 >
ffff8e67c4a97d80 2922544397 S Ii:2:005:3 -115:1 3 <
ffff8e67c4a97d80 2922545692 C Ii:2:005:3 0:1 3 = 100000
ffff8e67c4a97d80 2922545736 S Ci:2:005:0 s c0 bc 0800 0016 0002 2 <
ffff8e67c4a97d80 2922548385 C Ci:2:005:0 0 2 = 0900
ffff8e67c4a97d80 2922548450 S Ci:2:005:0 s c0 bc 0900 001c 0002 2 <
ffff8e67c4a97d80 2922551095 C Ci:2:005:0 0 2 = 2f6f
ffff8e67c4a97d80 2922551207 S Ci:2:005:0 s c0 bc 0800 23be 0004 4 <
ffff8e67c4a97d80 2922553858 C Ci:2:005:0 0 4 = 00006ee0
ffff8e67c4a97d80 2922553911 S Co:2:005:0 s 40 bc 0800 00c0 0002 2 = 7288
ffff8e67c4a97d80 2922556569 C Co:2:005:0 0 2 >
ffff8e67c4a97d80 2922556664 S Co:2:005:0 s 40 b9 0000 0000 0004 4 = 09009802
ffff8e67c4a97d80 2922559213 C Co:2:005:0 0 4 >
ffff8e67c4a97d80 2922559268 S Ii:2:005:3 -115:1 3 <
ffff8e67c4a97d80 2922560583 C Ii:2:005:3 0:1 3 = 100000
ffff8e67c4a97d80 2922560678 S Ci:2:005:0 s c0 bc 0800 0016 0002 2 <
ffff8e67c4a97d80 2922563353 C Ci:2:005:0 0 2 = 0900
ffff8e67c4a97d80 2922563451 S Ci:2:005:0 s c0 bc 0900 001c 0002 2 <
ffff8e67c4a97d80 2922565992 C Ci:2:005:0 0 2 = 2f6f
ffff8e67c4a97d80 2922566043 S Ci:2:005:0 s c0 bc 0800 23be 0002 2 <
ffff8e67c4a97d80 2922568682 C Ci:2:005:0 0 2 = 0000
ffff8e67c4a97d80 2922568768 S Co:2:005:0 s 40 bc 0900 0014 0002 2 = d39e
ffff8e67c4a97d80 2922571469 C Co:2:005:0 0 2 >
ffff8e67c4a97d80 2922571564 S Ci:2:005:0 s c0 bc 0900 001c 0002 2 <
ffff8e67c4a97d80 2922574200 C Ci:2:005:0 0 2 = 2f6f
ffff8e67c4a97d80 2922574259 S Co:2:005:0 s 40 bc 0800 00c0 0002 2 = c089
ffff8e67c4a97d80 2922576858 C Co:2:005:0 0 2 >
ffff8e67c26db0c0 2922576943 S Co:2:005:0 s 40 b9 0000 0000 0004 4 = 09009802
ffff8e67c26db0c0 2922579596 C Co:2:005:0 0 4 >
ffff8e67c26db0c0 2922579740 S Ii:2:005:3 -115:1 3 <
ffff8e67c26db0c0 2922580891 C Ii:2:005:3 0:1 3 = 100000
ffff8e67c26db0c0 2922581083 S Ci:2:005:0 s c0 bc 0800 0016 0002 2 <
ffff8e67c26db0c0 2922583754 C Ci:2:005:0 0 2 = 0900
ffff8e67c26db0c0 2922583863 S Ci:2:005:0 s c0 bc 0900 001c 0002 2 <
ffff8e67c26db0c0 2922586449 C Ci:2:005:0 0 2 = 2f6f
ffff8e67c26db0c0 2922586646 S Ci:2:005:0 s c0 bc 0800 23be 0002 2 <
ffff8e67c26db0c0 2922589108 C Ci:2:005:0 0 2 = 0000
ffff8e67c26db0c0 2922589238 S Co:2:005:0 s 40 bc 0900 0014 0002 2 = d39e
ffff8e67c26db0c0 2922591870 C Co:2:005:0 0 2 >
ffff8e67c26db0c0 2922591950 S Ci:2:005:0 s c0 bc 0900 001c 0002 2 <
ffff8e67c26db0c0 2922594566 C Ci:2:005:0 0 2 = 2f6f
ffff8e67c26db0c0 2922594730 S Co:2:005:0 s 40 bc 0800 00c0 0002 2 = 6198
ffff8e67c26db0c0 2922597377 C Co:2:005:0 0 2 >
ffff8e67c26db0c0 2922597546 S Co:2:005:0 s 40 b9 0000 0000 0004 4 = 09009802
ffff8e67c26db0c0 2922599974 C Co:2:005:0 0 4 >
ffff8e67c26db0c0 2922600113 S Ii:2:005:3 -115:1 3 <
ffff8e67c26db0c0 2922601263 C Ii:2:005:3 0:1 3 = 100000
ffff8e67c26db0c0 2922601420 S Ci:2:005:0 s c0 bc 0800 0016 0002 2 <
ffff8e67c26db0c0 2922603928 C Ci:2:005:0 0 2 = 0900
ffff8e67c26db0c0 2922604116 S Ci:2:005:0 s c0 bc 0900 001c 0002 2 <
ffff8e67c26db0c0 2922606592 C Ci:2:005:0 0 2 = 2f6f
ffff8e67c26db0c0 2922606752 S Ci:2:005:0 s c0 bc 0800 23be 0002 2 <
ffff8e67c26db0c0 2922609382 C Ci:2:005:0 0 2 = 0000
ffff8e67c26db0c0 2922609505 S Co:2:005:0 s 40 bc 0900 0014 0002 2 = d39e
ffff8e67c26db0c0 2922611946 C Co:2:005:0 0 2 >
ffff8e67c26db0c0 2922612128 S Ci:2:005:0 s c0 bc 0900 001c 0002 2 <
ffff8e67c26db0c0 2922614604 C Ci:2:005:0 0 2 = 2f6f
ffff8e67c26db0c0 2922614706 S Co:2:005:0 s 40 bc 0800 00c0 0002 2 = 6389
ffff8e67c26db0c0 2922617241 C Co:2:005:0 0 2 >
ffff8e67c26db0c0 2922617381 S Co:2:005:0 s 40 b9 0000 0000 0004 4 = 09009802
ffff8e67c26db0c0 2922619978 C Co:2:005:0 0 4 >
ffff8e67c26db0c0 2922620137 S Ii:2:005:3 -115:1 3 <
ffff8e67c26db0c0 2922621327 C Ii:2:005:3 0:1 3 = 100000
ffff8e67c26db0c0 2922621471 S Ci:2:005:0 s c0 bc 0800 0016 0002 2 <
ffff8e67c26db0c0 2922624110 C Ci:2:005:0 0 2 = 0900
ffff8e67c26db0c0 2922624284 S Ci:2:005:0 s c0 bc 0900 001c 0002 2 <
ffff8e67c26db0c0 2922626840 C Ci:2:005:0 0 2 = 2f6f
ffff8e67c26db0c0 2922626997 S Ci:2:005:0 s c0 bc 0800 23be 0002 2 <
ffff8e67c26db0c0 2922629630 C Ci:2:005:0 0 2 = 0000
ffff8e67c26db0c0 2922629772 S Co:2:005:0 s 40 bc 0900 0014 0002 2 = d39e
ffff8e67c26db0c0 2922632337 C Co:2:005:0 0 2 >
ffff8e67c26db0c0 2922632494 S Ci:2:005:0 s c0 bc 0900 001c 0002 2 <
ffff8e67c26db0c0 2922634992 C Ci:2:005:0 0 2 = 2f6f
ffff8e67f59f09c0 2922636272 S Co:2:005:0 s 40 bc 0800 00c0 0002 2 = 6496
ffff8e67f59f09c0 2922637678 C Co:2:005:0 0 2 >
ffff8e67f59f09c0 2922637872 S Co:2:005:0 s 40 b9 0000 0000 0004 4 = 09009802
ffff8e67f59f09c0 2922640276 C Co:2:005:0 0 4 >
ffff8e67f59f09c0 2922640397 S Ii:2:005:3 -115:1 3 <
ffff8e67f59f09c0 2922641515 C Ii:2:005:3 0:1 3 = 100000
ffff8e67f59f09c0 2922641662 S Ci:2:005:0 s c0 bc 0800 0016 0002 2 <
ffff8e67f59f09c0 2922644313 C Ci:2:005:0 0 2 = 0900
ffff8e67f59f09c0 2922644469 S Ci:2:005:0 s c0 bc 0900 001c 0002 2 <
ffff8e67f59f09c0 2922646963 C Ci:2:005:0 0 2 = 2f6f
ffff8e67f59f09c0 2922647121 S Ci:2:005:0 s c0 bc 0800 23be 0002 2 <
ffff8e67f59f09c0 2922649580 C Ci:2:005:0 0 2 = 0000
ffff8e67f59f09c0 2922649703 S Co:2:005:0 s 40 bc 0900 0014 0002 2 = d39e
ffff8e67f59f09c0 2922652349 C Co:2:005:0 0 2 >
ffff8e67f59f09c0 2922652500 S Ci:2:005:0 s c0 bc 0900 001c 0002 2 <
ffff8e67f59f09c0 2922654967 C Ci:2:005:0 0 2 = 2f6f
ffff8e67f59f09c0 2922655133 S Co:2:005:0 s 40 bc 0800 00c0 0002 2 = 6588
ffff8e67f59f09c0 2922657692 C Co:2:005:0 0 2 >
ffff8e67f59f09c0 2922657843 S Co:2:005:0 s 40 b9 0000 0000 0004 4 = 09009802
ffff8e67f59f09c0 2922660348 C Co:2:005:0 0 4 >
ffff8e67f59f09c0 2922660495 S Ii:2:005:3 -115:1 3 <
ffff8e67f59f09c0 2922661703 C Ii:2:005:3 0:1 3 = 100000
ffff8e67f59f09c0 2922661818 S Ci:2:005:0 s c0 bc 0800 0016 0002 2 <
ffff8e67f59f09c0 2922664463 C Ci:2:005:0 0 2 = 0900
ffff8e67f59f09c0 2922664583 S Ci:2:005:0 s c0 bc 0900 001c 0002 2 <
ffff8e67f59f09c0 2922667209 C Ci:2:005:0 0 2 = 2f6f
ffff8e67f59f09c0 2922667362 S Ci:2:005:0 s c0 bc 0800 23be 0002 2 <
ffff8e67f59f09c0 2922669917 C Ci:2:005:0 0 2 = 0000
ffff8e67f59f09c0 2922670077 S Co:2:005:0 s 40 bc 0900 0014 0002 2 = d39e
ffff8e67f59f09c0 2922672573 C Co:2:005:0 0 2 >
ffff8e67f59f09c0 2922672723 S Ci:2:005:0 s c0 bc 0900 001c 0002 2 <
ffff8e67f59f09c0 2922675219 C Ci:2:005:0 0 2 = 2f6f
ffff8e67f59f09c0 2922675379 S Co:2:005:0 s 40 bc 0800 00c0 0004 4 = 9989ff00
ffff8e67f59f09c0 2922677964 C Co:2:005:0 0 4 >
ffff8e67f59f09c0 2922678104 S Co:2:005:0 s 40 b9 0000 0000 0004 4 = 09006603
ffff8e67f59f09c0 2922680561 C Co:2:005:0 0 4 >
ffff8e67f59f09c0 2922680716 S Ii:2:005:3 -115:1 3 <
ffff8e67f59f09c0 2922681903 C Ii:2:005:3 0:1 3 = 100000
ffff8e67f59f09c0 2922682077 S Ci:2:005:0 s c0 bc 0800 0016 0002 2 <
ffff8e67f59f09c0 2922684694 C Ci:2:005:0 0 2 = 0900
ffff8e67f59f09c0 2922684852 S Ci:2:005:0 s c0 bc 0900 001c 0002 2 <
ffff8e67f59f09c0 2922687339 C Ci:2:005:0 0 2 = 2f6f
ffff8e67f59f09c0 2922687497 S Ci:2:005:0 s c0 bc 0800 23be 0002 2 <
ffff8e67f59f09c0 2922689912 C Ci:2:005:0 0 2 = 0000
ffff8e67f59f09c0 2922690067 S Co:2:005:0 s 40 bc 0900 0014 0002 2 = d39e
ffff8e67f59f09c0 2922692551 C Co:2:005:0 0 2 >
ffff8e67f59f09c0 2922692700 S Ci:2:005:0 s c0 bc 0900 001c 0002 2 <
ffff8e67f59f09c0 2922695199 C Ci:2:005:0 0 2 = 2f6f
ffff8e67f59f09c0 2922695308 S Co:2:005:0 s 40 b9 0000 0000 0004 4 = 09016601
ffff8e67f59f09c0 2922697778 C Co:2:005:0 0 4 >
ffff8e67f59f09c0 2922697927 S Ii:2:005:3 -115:1 3 <
ffff8e67f59f09c0 2922699106 C Ii:2:005:3 0:1 3 = 100000
ffff8e67f59f09c0 2922699273 S Ci:2:005:0 s c0 bc 0800 0016 0002 2 <
ffff8e67f59f09c0 2922701935 C Ci:2:005:0 0 2 = 0900
ffff8e67f59f09c0 2922702094 S Ci:2:005:0 s c0 bc 0900 001c 0002 2 <
ffff8e67f59f09c0 2922704529 C Ci:2:005:0 0 2 = 2f6f
ffff8e67f59f09c0 2922704662 S Ci:2:005:0 s c0 bc 0800 23be 0004 4 <
ffff8e67f59f09c0 2922707176 C Ci:2:005:0 0 4 = 000073e0
ffff8e67f59f09c0 2922707307 S Co:2:005:0 s 40 bc 0800 00c0 0002 2 = 048d
ffff8e67f59f09c0 2922709830 C Co:2:005:0 0 2 >
ffff8e67f59f09c0 2922709945 S Co:2:005:0 s 40 b9 0000 0000 0004 4 = 09009802
ffff8e67f59f09c0 2922712506 C Co:2:005:0 0 4 >
ffff8e67f59f09c0 2922712652 S Ii:2:005:3 -115:1 3 <
ffff8e67f59f09c0 2922713865 C Ii:2:005:3 0:1 3 = 100000
ffff8e67f59f09c0 2922714013 S Ci:2:005:0 s c0 bc 0800 0016 0002 2 <
ffff8e67f59f09c0 2922716731 C Ci:2:005:0 0 2 = 0900
ffff8e67f59f09c0 2922716894 S Ci:2:005:0 s c0 bc 0900 001c 0002 2 <
ffff8e67f59f09c0 2922719462 C Ci:2:005:0 0 2 = 2f6f
ffff8e67f59f09c0 2922719615 S Ci:2:005:0 s c0 bc 0800 23be 0002 2 <
ffff8e67f59f09c0 2922722220 C Ci:2:005:0 0 2 = 0000
ffff8e67f59f09c0 2922722379 S Co:2:005:0 s 40 bc 0900 0014 0002 2 = d39e
ffff8e67f59f09c0 2922724858 C Co:2:005:0 0 2 >
ffff8e67f59f09c0 2922725008 S Ci:2:005:0 s c0 bc 0900 001c 0002 2 <
ffff8e67f59f09c0 2922727558 C Ci:2:005:0 0 2 = 2f6f
ffff8e67f59f09c0 2922727712 S Co:2:005:0 s 40 bc 0800 00c0 0002 2 = 6291
ffff8e67f59f09c0 2922730191 C Co:2:005:0 0 2 >
ffff8e67f59f09c0 2922730301 S Co:2:005:0 s 40 b9 0000 0000 0004 4 = 09009802
ffff8e67f59f09c0 2922732895 C Co:2:005:0 0 4 >
ffff8e67f59f09c0 2922733064 S Ii:2:005:3 -115:1 3 <
ffff8e67f59f09c0 2922734220 C Ii:2:005:3 0:1 3 = 100000
ffff8e67f59f09c0 2922734372 S Ci:2:005:0 s c0 bc 0800 0016 0002 2 <
ffff8e67f59f09c0 2922736937 C Ci:2:005:0 0 2 = 0900
ffff8e67f59f09c0 2922737096 S Ci:2:005:0 s c0 bc 0900 001c 0002 2 <
ffff8e67f59f09c0 2922739560 C Ci:2:005:0 0 2 = 2f6f
ffff8e67f59f09c0 2922739716 S Ci:2:005:0 s c0 bc 0800 23be 0002 2 <
ffff8e67f59f09c0 2922742372 C Ci:2:005:0 0 2 = 0000
ffff8e67f59f09c0 2922742525 S Co:2:005:0 s 40 bc 0900 0014 0002 2 = d39e
ffff8e67f59f09c0 2922744918 C Co:2:005:0 0 2 >
ffff8e67f59f09c0 2922745075 S Ci:2:005:0 s c0 bc 0900 001c 0002 2 <
ffff8e67f59f09c0 2922747558 C Ci:2:005:0 0 2 = 2f6f
ffff8e67f59f09c0 2922747713 S Co:2:005:0 s 40 bc 0800 00c0 0004 4 = 9989f500
ffff8e67f59f09c0 2922750154 C Co:2:005:0 0 4 >
ffff8e67f59f09c0 2922750255 S Co:2:005:0 s 40 b9 0000 0000 0004 4 = 09006603
ffff8e67f59f09c0 2922752825 C Co:2:005:0 0 4 >
ffff8e67f59f09c0 2922752972 S Ii:2:005:3 -115:1 3 <
ffff8e67f59f09c0 2922754156 C Ii:2:005:3 0:1 3 = 100000
ffff8e67f59f09c0 2922754287 S Ci:2:005:0 s c0 bc 0800 0016 0002 2 <
ffff8e67f59f09c0 2922756938 C Ci:2:005:0 0 2 = 0900
ffff8e67f59f09c0 2922757096 S Ci:2:005:0 s c0 bc 0900 001c 0002 2 <
ffff8e67f59f09c0 2922759556 C Ci:2:005:0 0 2 = 2f6f
ffff8e67f59f09c0 2922759709 S Ci:2:005:0 s c0 bc 0800 23be 0002 2 <
ffff8e67f59f09c0 2922762373 C Ci:2:005:0 0 2 = 0000
ffff8e67f59f09c0 2922762525 S Co:2:005:0 s 40 bc 0900 0014 0002 2 = d39e
ffff8e67f59f09c0 2922764935 C Co:2:005:0 0 2 >
ffff8e67f59f09c0 2922765079 S Ci:2:005:0 s c0 bc 0900 001c 0002 2 <
ffff8e67f59f09c0 2922767591 C Ci:2:005:0 0 2 = 2f6f
ffff8e67f59f09c0 2922767745 S Co:2:005:0 s 40 b9 0000 0000 0004 4 = 09016601
ffff8e67f59f09c0 2922770323 C Co:2:005:0 0 4 >
ffff8e67f59f09c0 2922770473 S Ii:2:005:3 -115:1 3 <
ffff8e67f59f09c0 2922771507 C Ii:2:005:3 0:1 3 = 100000
ffff8e67f59f09c0 2922771661 S Ci:2:005:0 s c0 bc 0800 0016 0002 2 <
ffff8e67f59f09c0 2922774335 C Ci:2:005:0 0 2 = 0900
ffff8e67f59f09c0 2922774502 S Ci:2:005:0 s c0 bc 0900 001c 0002 2 <
ffff8e67f59f09c0 2922777021 C Ci:2:005:0 0 2 = 2f6f
ffff8e67f59f09c0 2922777215 S Ci:2:005:0 s c0 bc 0800 23be 0004 4 <
ffff8e67f59f09c0 2922779683 C Ci:2:005:0 0 4 = 000062e0
ffff8e67f59f09c0 2922779859 S Co:2:005:0 s 40 bc 0800 00c0 0004 4 = 9989fd00
ffff8e67f59f09c0 2922782414 C Co:2:005:0 0 4 >
ffff8e67f59f09c0 2922782579 S Co:2:005:0 s 40 b9 0000 0000 0004 4 = 09006603
ffff8e67f59f09c0 2922785050 C Co:2:005:0 0 4 >
ffff8e67f59f09c0 2922785227 S Ii:2:005:3 -115:1 3 <
ffff8e67f59f09c0 2922786444 C Ii:2:005:3 0:1 3 = 100000
ffff8e67f59f09c0 2922786562 S Ci:2:005:0 s c0 bc 0800 0016 0002 2 <
ffff8e67f59f09c0 2922789232 C Ci:2:005:0 0 2 = 0900
ffff8e67f59f09c0 2922789352 S Ci:2:005:0 s c0 bc 0900 001c 0002 2 <
ffff8e67f59f09c0 2922791947 C Ci:2:005:0 0 2 = 2f6f
ffff8e67f59f09c0 2922792098 S Ci:2:005:0 s c0 bc 0800 23be 0002 2 <
ffff8e67f59f09c0 2922794746 C Ci:2:005:0 0 2 = 0000
ffff8e67f59f09c0 2922794903 S Co:2:005:0 s 40 bc 0900 0014 0002 2 = d39e
ffff8e67f59f09c0 2922797473 C Co:2:005:0 0 2 >
ffff8e67f59f09c0 2922797632 S Ci:2:005:0 s c0 bc 0900 001c 0002 2 <
ffff8e67f59f09c0 2922800215 C Ci:2:005:0 0 2 = 2f6f
ffff8e67f59f09c0 2922800328 S Co:2:005:0 s 40 b9 0000 0000 0004 4 = 09016601
ffff8e67f59f09c0 2922802847 C Co:2:005:0 0 4 >
ffff8e67f59f09c0 2922803076 S Ii:2:005:3 -115:1 3 <
ffff8e67f59f09c0 2922804108 C Ii:2:005:3 0:1 3 = 100000
ffff8e67f59f09c0 2922804211 S Ci:2:005:0 s c0 bc 0800 0016 0002 2 <
ffff8e67f59f09c0 2922806962 C Ci:2:005:0 0 2 = 0900
ffff8e67f59f09c0 2922807118 S Ci:2:005:0 s c0 bc 0900 001c 0002 2 <
ffff8e67f59f09c0 2922809715 C Ci:2:005:0 0 2 = 2f6f
ffff8e67f59f09c0 2922809869 S Ci:2:005:0 s c0 bc 0800 23be 0004 4 <
ffff8e67f59f09c0 2922812519 C Ci:2:005:0 0 4 = 00006ee0
ffff8e67f59f09c0 2922812680 S Co:2:005:0 s 40 bc 0800 00c0 0004 4 = 9989f500
ffff8e67f59f09c0 2922815248 C Co:2:005:0 0 4 >
ffff8e67f59f09c0 2922815312 S Co:2:005:0 s 40 b9 0000 0000 0004 4 = 09006603
ffff8e67f59f09c0 2922817842 C Co:2:005:0 0 4 >
ffff8e67f59f09c0 2922818004 S Ii:2:005:3 -115:1 3 <
ffff8e67f59f09c0 2922819115 C Ii:2:005:3 0:1 3 = 100000
ffff8e67f59f09c0 2922819314 S Ci:2:005:0 s c0 bc 0800 0016 0002 2 <
ffff8e67f59f09c0 2922822004 C Ci:2:005:0 0 2 = 0900
ffff8e67f59f09c0 2922822112 S Ci:2:005:0 s c0 bc 0900 001c 0002 2 <
ffff8e67f59f09c0 2922824722 C Ci:2:005:0 0 2 = 2f6f
ffff8e67f59f09c0 2922824877 S Ci:2:005:0 s c0 bc 0800 23be 0002 2 <
ffff8e67f59f09c0 2922827496 C Ci:2:005:0 0 2 = 0000
ffff8e67f59f09c0 2922827626 S Co:2:005:0 s 40 bc 0900 0014 0002 2 = d39e
ffff8e67f59f09c0 2922830215 C Co:2:005:0 0 2 >
ffff8e67f59f09c0 2922830345 S Ci:2:005:0 s c0 bc 0900 001c 0002 2 <
ffff8e67f59f09c0 2922833021 C Ci:2:005:0 0 2 = 2f6f
ffff8e67f59f09c0 2922833208 S Co:2:005:0 s 40 b9 0000 0000 0004 4 = 09016601
ffff8e67f59f09c0 2922835772 C Co:2:005:0 0 4 >
ffff8e67f59f09c0 2922835893 S Ii:2:005:3 -115:1 3 <
ffff8e67f59f09c0 2922837020 C Ii:2:005:3 0:1 3 = 100000
ffff8e67f59f09c0 2922837156 S Ci:2:005:0 s c0 bc 0800 0016 0002 2 <
ffff8e67f59f09c0 2922839830 C Ci:2:005:0 0 2 = 0900
ffff8e67f59f09c0 2922839985 S Ci:2:005:0 s c0 bc 0900 001c 0002 2 <
ffff8e67f59f09c0 2922842557 C Ci:2:005:0 0 2 = 2f6f
ffff8e67f59f09c0 2922842707 S Ci:2:005:0 s c0 bc 0800 23be 0004 4 <
ffff8e67f59f09c0 2922845337 C Ci:2:005:0 0 4 = 000062e0
ffff8e67f59f09c0 2922845493 S Co:2:005:0 s 40 bc 0800 00c0 0004 4 = 9989fc00
ffff8e67f59f09c0 2922848080 C Co:2:005:0 0 4 >
ffff8e67f59f09c0 2922848235 S Co:2:005:0 s 40 b9 0000 0000 0004 4 = 09006603
ffff8e67f59f09c0 2922850837 C Co:2:005:0 0 4 >
ffff8e67f59f09c0 2922850986 S Ii:2:005:3 -115:1 3 <
ffff8e67f59f09c0 2922852170 C Ii:2:005:3 0:1 3 = 100000
ffff8e67f59f09c0 2922852248 S Ci:2:005:0 s c0 bc 0800 0016 0002 2 <
ffff8e67f59f09c0 2922854977 C Ci:2:005:0 0 2 = 0900
ffff8e67f59f09c0 2922855150 S Ci:2:005:0 s c0 bc 0900 001c 0002 2 <
ffff8e67f59f09c0 2922857722 C Ci:2:005:0 0 2 = 2f6f
ffff8e67f59f09c0 2922857872 S Ci:2:005:0 s c0 bc 0800 23be 0002 2 <
ffff8e67f59f09c0 2922860469 C Ci:2:005:0 0 2 = 0000
ffff8e67f59f09c0 2922860622 S Co:2:005:0 s 40 bc 0900 0014 0002 2 = d39e
ffff8e67f59f09c0 2922863211 C Co:2:005:0 0 2 >
ffff8e67f59f09c0 2922863359 S Ci:2:005:0 s c0 bc 0900 001c 0002 2 <
ffff8e67f59f09c0 2922866010 C Ci:2:005:0 0 2 = 2f6f
ffff8e67f59f09c0 2922866149 S Co:2:005:0 s 40 b9 0000 0000 0004 4 = 09016601
ffff8e67f59f09c0 2922868737 C Co:2:005:0 0 4 >
ffff8e67f59f09c0 2922868886 S Ii:2:005:3 -115:1 3 <
ffff8e67f59f09c0 2922870044 C Ii:2:005:3 0:1 3 = 100000
ffff8e67f59f09c0 2922870204 S Ci:2:005:0 s c0 bc 0800 0016 0002 2 <
ffff8e67f59f09c0 2922872872 C Ci:2:005:0 0 2 = 0900
ffff8e67f59f09c0 2922873079 S Ci:2:005:0 s c0 bc 0900 001c 0002 2 <
ffff8e67f59f09c0 2922875557 C Ci:2:005:0 0 2 = 2f6f
ffff8e67f59f09c0 2922875713 S Ci:2:005:0 s c0 bc 0800 23be 0004 4 <
ffff8e67f59f09c0 2922878372 C Ci:2:005:0 0 4 = 00006ee0
ffff8e67f59f09c0 2922878513 S Co:2:005:0 s 40 bc 0800 00c0 0004 4 = 9989f300
ffff8e67f59f09c0 2922881069 C Co:2:005:0 0 4 >
ffff8e67f59f09c0 2922881265 S Co:2:005:0 s 40 b9 0000 0000 0004 4 = 09006603
ffff8e67f59f09c0 2922883860 C Co:2:005:0 0 4 >
ffff8e67f59f09c0 2922884010 S Ii:2:005:3 -115:1 3 <
ffff8e67f59f09c0 2922885174 C Ii:2:005:3 0:1 3 = 100000
ffff8e67f59f09c0 2922885240 S Ci:2:005:0 s c0 bc 0800 0016 0002 2 <
ffff8e67f59f09c0 2922888004 C Ci:2:005:0 0 2 = 0900
ffff8e67f59f09c0 2922888128 S Ci:2:005:0 s c0 bc 0900 001c 0002 2 <
ffff8e67f59f09c0 2922890715 C Ci:2:005:0 0 2 = 2f6f
ffff8e67f59f09c0 2922890866 S Ci:2:005:0 s c0 bc 0800 23be 0002 2 <
ffff8e67f59f09c0 2922893506 C Ci:2:005:0 0 2 = 0000
ffff8e67f59f09c0 2922893661 S Co:2:005:0 s 40 bc 0900 0014 0002 2 = d39e
ffff8e67f59f09c0 2922896210 C Co:2:005:0 0 2 >
ffff8e67f59f09c0 2922896315 S Ci:2:005:0 s c0 bc 0900 001c 0002 2 <
ffff8e67f59f09c0 2922898993 C Ci:2:005:0 0 2 = 2f6f
ffff8e67f59f09c0 2922899168 S Co:2:005:0 s 40 b9 0000 0000 0004 4 = 09016601
ffff8e67f59f09c0 2922901713 C Co:2:005:0 0 4 >
ffff8e67f59f09c0 2922901860 S Ii:2:005:3 -115:1 3 <
ffff8e67f59f09c0 2922903010 C Ii:2:005:3 0:1 3 = 100000
ffff8e67f59f09c0 2922903173 S Ci:2:005:0 s c0 bc 0800 0016 0002 2 <
ffff8e67f59f09c0 2922905869 C Ci:2:005:0 0 2 = 0900
ffff8e67f59f09c0 2922906026 S Ci:2:005:0 s c0 bc 0900 001c 0002 2 <
ffff8e67f59f09c0 2922908536 C Ci:2:005:0 0 2 = 2f6f
ffff8e67f59f09c0 2922908690 S Ci:2:005:0 s c0 bc 0800 23be 0004 4 <
ffff8e67f59f09c0 2922911394 C Ci:2:005:0 0 4 = 00007ee0
ffff8e67f59f09c0 2922911547 S Co:2:005:0 s 40 bc 0800 00c0 0002 2 = 0c89
ffff8e67f59f09c0 2922914077 C Co:2:005:0 0 2 >
ffff8e67f59f09c0 2922914230 S Co:2:005:0 s 40 b9 0000 0000 0004 4 = 09009802
ffff8e67f59f09c0 2922916803 C Co:2:005:0 0 4 >
ffff8e67f59f09c0 2922916954 S Ii:2:005:3 -115:1 3 <
ffff8e67f59f09c0 2922918118 C Ii:2:005:3 0:1 3 = 100000
ffff8e67f59f09c0 2922918329 S Ci:2:005:0 s c0 bc 0800 0016 0002 2 <
ffff8e67f59f09c0 2922920982 C Ci:2:005:0 0 2 = 0900
ffff8e67f59f09c0 2922921184 S Ci:2:005:0 s c0 bc 0900 001c 0002 2 <
ffff8e67f59f09c0 2922923771 C Ci:2:005:0 0 2 = 2f6f
ffff8e67f59f09c0 2922923956 S Ci:2:005:0 s c0 bc 0800 23be 0002 2 <
ffff8e67f59f09c0 2922926482 C Ci:2:005:0 0 2 = 0000
ffff8e67f59f09c0 2922926675 S Co:2:005:0 s 40 bc 0900 0014 0002 2 = d39e
ffff8e67f59f09c0 2922929238 C Co:2:005:0 0 2 >
ffff8e67f59f09c0 2922929436 S Ci:2:005:0 s c0 bc 0900 001c 0002 2 <
ffff8e67f59f09c0 2922932025 C Ci:2:005:0 0 2 = 2f6f
ffff8e67f59f09c0 2922932163 S Co:2:005:0 s 40 bc 0800 00c0 0002 2 = 0dc8
ffff8e67f59f09c0 2922934698 C Co:2:005:0 0 2 >
ffff8e67f59f09c0 2922935026 S Co:2:005:0 s 40 b9 0000 0000 0004 4 = 09009802
ffff8e67f59f09c0 2922937467 C Co:2:005:0 0 4 >
ffff8e67f59f09c0 2922937647 S Ii:2:005:3 -115:1 3 <
ffff8e67f59f09c0 2922938799 C Ii:2:005:3 0:1 3 = 100000
ffff8e67f59f09c0 2922938927 S Ci:2:005:0 s c0 bc 0800 0016 0002 2 <
ffff8e67f59f09c0 2922941525 C Ci:2:005:0 0 2 = 0900
ffff8e67f59f09c0 2922941709 S Ci:2:005:0 s c0 bc 0900 001c 0002 2 <
ffff8e67f59f09c0 2922944217 C Ci:2:005:0 0 2 = 2f6f
ffff8e67f59f09c0 2922944321 S Ci:2:005:0 s c0 bc 0800 23be 0002 2 <
ffff8e67f59f09c0 2922946944 C Ci:2:005:0 0 2 = 0000
ffff8e67f59f09c0 2922947187 S Co:2:005:0 s 40 bc 0900 0014 0002 2 = d39e
ffff8e67f59f09c0 2922949740 C Co:2:005:0 0 2 >
ffff8e67f59f09c0 2922949927 S Ci:2:005:0 s c0 bc 0900 001c 0002 2 <
ffff8e67f59f09c0 2922952478 C Ci:2:005:0 0 2 = 2f6f
ffff8e67f59f09c0 2922952595 S Co:2:005:0 s 40 bc 0800 00c0 0004 4 = 9989f500
ffff8e67f59f09c0 2922955233 C Co:2:005:0 0 4 >
ffff8e67f59f09c0 2922955384 S Co:2:005:0 s 40 b9 0000 0000 0004 4 = 09006603
ffff8e67f59f09c0 2922957988 C Co:2:005:0 0 4 >
ffff8e67f59f09c0 2922958076 S Ii:2:005:3 -115:1 3 <
ffff8e67f59f09c0 2922959348 C Ii:2:005:3 0:1 3 = 100000
ffff8e67f59f09c0 2922959499 S Ci:2:005:0 s c0 bc 0800 0016 0002 2 <
ffff8e67f59f09c0 2922962098 C Ci:2:005:0 0 2 = 0900
ffff8e67f59f09c0 2922962227 S Ci:2:005:0 s c0 bc 0900 001c 0002 2 <
ffff8e67f59f09c0 2922964832 C Ci:2:005:0 0 2 = 2f6f
ffff8e67f59f09c0 2922965027 S Ci:2:005:0 s c0 bc 0800 23be 0002 2 <
ffff8e67f59f09c0 2922967587 C Ci:2:005:0 0 2 = 0000
ffff8e67f59f09c0 2922967781 S Co:2:005:0 s 40 bc 0900 0014 0002 2 = d39e
ffff8e67f59f09c0 2922970383 C Co:2:005:0 0 2 >
ffff8e67f59f09c0 2922970547 S Ci:2:005:0 s c0 bc 0900 001c 0002 2 <
ffff8e67f59f09c0 2922973112 C Ci:2:005:0 0 2 = 2f6f
ffff8e67f59f09c0 2922973218 S Co:2:005:0 s 40 b9 0000 0000 0004 4 = 09016601
ffff8e67f59f09c0 2922975862 C Co:2:005:0 0 4 >
ffff8e67f59f09c0 2922975972 S Ii:2:005:3 -115:1 3 <
ffff8e67f59f09c0 2922977178 C Ii:2:005:3 0:1 3 = 100000
ffff8e67f59f09c0 2922977252 S Ci:2:005:0 s c0 bc 0800 0016 0002 2 <
ffff8e67f59f09c0 2922979993 C Ci:2:005:0 0 2 = 0900
ffff8e67f59f09c0 2922980203 S Ci:2:005:0 s c0 bc 0900 001c 0002 2 <
ffff8e67f59f09c0 2922982707 C Ci:2:005:0 0 2 = 2f6f
ffff8e67f59f09c0 2922982939 S Ci:2:005:0 s c0 bc 0800 23be 0004 4 <
ffff8e67f59f09c0 2922985438 C Ci:2:005:0 0 4 = 0000f2e0
ffff8e67f59f09c0 2922985623 S Co:2:005:0 s 40 bc 0800 00c0 0002 2 = 0e75
ffff8e67f59f09c0 2922988214 C Co:2:005:0 0 2 >
ffff8e67f59f09c0 2922988357 S Co:2:005:0 s 40 b9 0000 0000 0004 4 = 09009802
ffff8e67f59f09c0 2922990969 C Co:2:005:0 0 4 >
ffff8e67f59f09c0 2922991172 S Ii:2:005:3 -115:1 3 <
ffff8e67f59f09c0 2922992364 C Ii:2:005:3 0:1 3 = 100000
ffff8e67f59f09c0 2922992479 S Ci:2:005:0 s c0 bc 0800 0016 0002 2 <
ffff8e67f59f09c0 2922995246 C Ci:2:005:0 0 2 = 0900
ffff8e67f59f09c0 2922995327 S Ci:2:005:0 s c0 bc 0900 001c 0002 2 <
ffff8e67f59f09c0 2922997992 C Ci:2:005:0 0 2 = 2f6f
ffff8e67f59f09c0 2922998100 S Ci:2:005:0 s c0 bc 0800 23be 0002 2 <
ffff8e67f59f09c0 2923000796 C Ci:2:005:0 0 2 = 0000
ffff8e67f59f09c0 2923001059 S Co:2:005:0 s 40 bc 0900 0014 0002 2 = d39e
ffff8e67f59f09c0 2923003411 C Co:2:005:0 0 2 >
ffff8e67f59f09c0 2923003599 S Ci:2:005:0 s c0 bc 0900 001c 0002 2 <
ffff8e67f59f09c0 2923006226 C Ci:2:005:0 0 2 = 2f6f
ffff8e67f59f09c0 2923006420 S Co:2:005:0 s 40 bc 0800 00c0 0002 2 = 0e74
ffff8e67f59f09c0 2923008977 C Co:2:005:0 0 2 >
ffff8e67f59f09c0 2923009177 S Co:2:005:0 s 40 b9 0000 0000 0004 4 = 09009802
ffff8e67f59f09c0 2923011758 C Co:2:005:0 0 4 >
ffff8e67f59f09c0 2923011938 S Ii:2:005:3 -115:1 3 <
ffff8e67f59f09c0 2923013065 C Ii:2:005:3 0:1 3 = 100000
ffff8e67f59f09c0 2923013156 S Ci:2:005:0 s c0 bc 0800 0016 0002 2 <
ffff8e67f59f09c0 2923015771 C Ci:2:005:0 0 2 = 0900
ffff8e67f59f09c0 2923015836 S Ci:2:005:0 s c0 bc 0900 001c 0002 2 <
ffff8e67f59f09c0 2923018477 C Ci:2:005:0 0 2 = 2f6f
ffff8e67f59f09c0 2923018676 S Ci:2:005:0 s c0 bc 0800 23be 0002 2 <
ffff8e67f59f09c0 2923021215 C Ci:2:005:0 0 2 = 0000
ffff8e67f59f09c0 2923021404 S Co:2:005:0 s 40 bc 0900 0014 0002 2 = d39e
ffff8e67f59f09c0 2923023973 C Co:2:005:0 0 2 >
ffff8e67f59f09c0 2923024106 S Ci:2:005:0 s c0 bc 0900 001c 0002 2 <
ffff8e67f59f09c0 2923026728 C Ci:2:005:0 0 2 = 2f6f
ffff8e67f59f09c0 2923026954 S Co:2:005:0 s 40 bc 0800 00c0 0004 4 = 9989fd00
ffff8e67f59f09c0 2923029483 C Co:2:005:0 0 4 >
ffff8e67f59f09c0 2923029626 S Co:2:005:0 s 40 b9 0000 0000 0004 4 = 09006603
ffff8e67f59f09c0 2923032232 C Co:2:005:0 0 4 >
ffff8e67f59f09c0 2923032419 S Ii:2:005:3 -115:1 3 <
ffff8e67f59f09c0 2923035788 C Ii:2:005:3 0:1 3 = 100000
ffff8e67f59f09c0 2923035982 S Ci:2:005:0 s c0 bc 0800 0016 0002 2 <
ffff8e67f59f09c0 2923038594 C Ci:2:005:0 0 2 = 0900
ffff8e67f59f09c0 2923038715 S Ci:2:005:0 s c0 bc 0900 001c 0002 2 <
ffff8e67f59f09c0 2923041327 C Ci:2:005:0 0 2 = 2f6f
ffff8e67f59f09c0 2923041515 S Ci:2:005:0 s c0 bc 0800 23be 0002 2 <
ffff8e67f59f09c0 2923044074 C Ci:2:005:0 0 2 = 0000
ffff8e67f59f09c0 2923044262 S Co:2:005:0 s 40 bc 0900 0014 0002 2 = d39e
ffff8e67f59f09c0 2923046869 C Co:2:005:0 0 2 >
ffff8e67f59f09c0 2923047052 S Ci:2:005:0 s c0 bc 0900 001c 0002 2 <
ffff8e67f59f09c0 2923049612 C Ci:2:005:0 0 2 = 2f6f
ffff8e67f59f09c0 2923049796 S Co:2:005:0 s 40 b9 0000 0000 0004 4 = 09016601
ffff8e67f59f09c0 2923052339 C Co:2:005:0 0 4 >
ffff8e67f59f09c0 2923052528 S Ii:2:005:3 -115:1 3 <
ffff8e67f59f09c0 2923053697 C Ii:2:005:3 0:1 3 = 100000
ffff8e67f59f09c0 2923053810 S Ci:2:005:0 s c0 bc 0800 0016 0002 2 <
ffff8e67f59f09c0 2923056506 C Ci:2:005:0 0 2 = 0900
ffff8e67f59f09c0 2923056657 S Ci:2:005:0 s c0 bc 0900 001c 0002 2 <
ffff8e67f59f09c0 2923059200 C Ci:2:005:0 0 2 = 2f6f
ffff8e67f59f09c0 2923059375 S Ci:2:005:0 s c0 bc 0800 23be 0004 4 <
ffff8e67f59f09c0 2923062027 C Ci:2:005:0 0 4 = 00006ee0
ffff8e67f59f09c0 2923062231 S Co:2:005:0 s 40 bc 0800 00c0 0002 2 = 1089
ffff8e67f59f09c0 2923064747 C Co:2:005:0 0 2 >
ffff8e67f59f09c0 2923064934 S Co:2:005:0 s 40 b9 0000 0000 0004 4 = 09009802
ffff8e67f59f09c0 2923067477 C Co:2:005:0 0 4 >
ffff8e67f59f09c0 2923067548 S Ii:2:005:3 -115:1 3 <
ffff8e67f59f09c0 2923068797 C Ii:2:005:3 0:1 3 = 100000
ffff8e67f59f09c0 2923069061 S Ci:2:005:0 s c0 bc 0800 0016 0002 2 <
ffff8e67f59f09c0 2923071568 C Ci:2:005:0 0 2 = 0900
ffff8e67f59f09c0 2923071671 S Ci:2:005:0 s c0 bc 0900 001c 0002 2 <
ffff8e67f59f09c0 2923074391 C Ci:2:005:0 0 2 = 2f6f
ffff8e67f59f09c0 2923074580 S Ci:2:005:0 s c0 bc 0800 23be 0002 2 <
ffff8e67f59f09c0 2923077109 C Ci:2:005:0 0 2 = 0000
ffff8e67f59f09c0 2923077381 S Co:2:005:0 s 40 bc 0900 0014 0002 2 = d39e
ffff8e67f59f09c0 2923079879 C Co:2:005:0 0 2 >
ffff8e67f59f09c0 2923080079 S Ci:2:005:0 s c0 bc 0900 001c 0002 2 <
ffff8e67f59f09c0 2923082556 C Ci:2:005:0 0 2 = 2f6f
ffff8e67f59f09c0 2923082743 S Co:2:005:0 s 40 bc 0800 00c0 0002 2 = 1581
ffff8e67f59f09c0 2923085349 C Co:2:005:0 0 2 >
ffff8e67f59f09c0 2923085516 S Co:2:005:0 s 40 b9 0000 0000 0004 4 = 09009802
ffff8e67f59f09c0 2923088082 C Co:2:005:0 0 4 >
ffff8e67f59f09c0 2923088196 S Ii:2:005:3 -115:1 3 <
ffff8e67f59f09c0 2923089424 C Ii:2:005:3 0:1 3 = 100000
ffff8e67f59f09c0 2923089550 S Ci:2:005:0 s c0 bc 0800 0016 0002 2 <
ffff8e67f59f09c0 2923092259 C Ci:2:005:0 0 2 = 0900
ffff8e67f59f09c0 2923092386 S Ci:2:005:0 s c0 bc 0900 001c 0002 2 <
ffff8e67f59f09c0 2923095016 C Ci:2:005:0 0 2 = 2f6f
ffff8e67f59f09c0 2923095187 S Ci:2:005:0 s c0 bc 0800 23be 0002 2 <
ffff8e67f59f09c0 2923097834 C Ci:2:005:0 0 2 = 0000
ffff8e67f59f09c0 2923098073 S Co:2:005:0 s 40 bc 0900 0014 0002 2 = d39e
ffff8e67f59f09c0 2923100567 C Co:2:005:0 0 2 >
ffff8e67f59f09c0 2923100746 S Ci:2:005:0 s c0 bc 0900 001c 0002 2 <
ffff8e67f59f09c0 2923103354 C Ci:2:005:0 0 2 = 2f6f
ffff8e67f59f09c0 2923103529 S Co:2:005:0 s 40 bc 0800 00c0 0002 2 = 0f88
ffff8e67f59f09c0 2923106017 C Co:2:005:0 0 2 >
ffff8e67f59f09c0 2923106206 S Co:2:005:0 s 40 b9 0000 0000 0004 4 = 09009802
ffff8e67f59f09c0 2923108835 C Co:2:005:0 0 4 >
ffff8e67f59f09c0 2923109093 S Ii:2:005:3 -115:1 3 <
ffff8e67f59f09c0 2923110180 C Ii:2:005:3 0:1 3 = 100000
ffff8e67f59f09c0 2923110271 S Ci:2:005:0 s c0 bc 0800 0016 0002 2 <
ffff8e67f59f09c0 2923112974 C Ci:2:005:0 0 2 = 0900
ffff8e67f59f09c0 2923113175 S Ci:2:005:0 s c0 bc 0900 001c 0002 2 <
ffff8e67f59f09c0 2923115736 C Ci:2:005:0 0 2 = 2f6f
ffff8e67f59f09c0 2923115933 S Ci:2:005:0 s c0 bc 0800 23be 0002 2 <
ffff8e67f59f09c0 2923118412 C Ci:2:005:0 0 2 = 0000
ffff8e67f59f09c0 2923118598 S Co:2:005:0 s 40 bc 0900 0014 0002 2 = d39e
ffff8e67f59f09c0 2923121242 C Co:2:005:0 0 2 >
ffff8e67f59f09c0 2923121391 S Ci:2:005:0 s c0 bc 0900 001c 0002 2 <
ffff8e67f59f09c0 2923123950 C Ci:2:005:0 0 2 = 2f6f
ffff8e67f59f09c0 2923124161 S Co:2:005:0 s 40 bc 0800 00c0 0002 2 = 1089
ffff8e67f59f09c0 2923126696 C Co:2:005:0 0 2 >
ffff8e67f59f09c0 2923126832 S Co:2:005:0 s 40 b9 0000 0000 0004 4 = 09009802
ffff8e67f59f09c0 2923129493 C Co:2:005:0 0 4 >
ffff8e67f59f09c0 2923129561 S Ii:2:005:3 -115:1 3 <
ffff8e67f59f09c0 2923130786 C Ii:2:005:3 0:1 3 = 100000
ffff8e67f59f09c0 2923130959 S Ci:2:005:0 s c0 bc 0800 0016 0002 2 <
ffff8e67f59f09c0 2923133577 C Ci:2:005:0 0 2 = 0900
ffff8e67f59f09c0 2923133758 S Ci:2:005:0 s c0 bc 0900 001c 0002 2 <
ffff8e67f59f09c0 2923136337 C Ci:2:005:0 0 2 = 2f6f
ffff8e67f59f09c0 2923136432 S Ci:2:005:0 s c0 bc 0800 23be 0002 2 <
ffff8e67f59f09c0 2923139061 C Ci:2:005:0 0 2 = 0000
ffff8e67f59f09c0 2923139259 S Co:2:005:0 s 40 bc 0900 0014 0002 2 = d39e
ffff8e67f59f09c0 2923141838 C Co:2:005:0 0 2 >
ffff8e67f59f09c0 2923142037 S Ci:2:005:0 s c0 bc 0900 001c 0002 2 <
ffff8e67f59f09c0 2923144579 C Ci:2:005:0 0 2 = 2f6f
ffff8e67f59f09c0 2923144749 S Co:2:005:0 s 40 bc 0800 00c0 0002 2 = 1581
ffff8e67f59f09c0 2923147317 C Co:2:005:0 0 2 >
ffff8e67f59f09c0 2923147505 S Co:2:005:0 s 40 b9 0000 0000 0004 4 = 09009802
ffff8e67f59f09c0 2923150087 C Co:2:005:0 0 4 >
ffff8e67f59f09c0 2923150235 S Ii:2:005:3 -115:1 3 <
ffff8e67f59f09c0 2923151437 C Ii:2:005:3 0:1 3 = 100000
ffff8e67f59f09c0 2923151580 S Ci:2:005:0 s c0 bc 0800 0016 0002 2 <
ffff8e67f59f09c0 2923154196 C Ci:2:005:0 0 2 = 0900
ffff8e67f59f09c0 2923154370 S Ci:2:005:0 s c0 bc 0900 001c 0002 2 <
ffff8e67f59f09c0 2923156938 C Ci:2:005:0 0 2 = 2f6f
ffff8e67f59f09c0 2923157147 S Ci:2:005:0 s c0 bc 0800 23be 0002 2 <
ffff8e67f59f09c0 2923159718 C Ci:2:005:0 0 2 = 0000
ffff8e67f59f09c0 2923159915 S Co:2:005:0 s 40 bc 0900 0014 0002 2 = d39e
ffff8e67f59f09c0 2923162457 C Co:2:005:0 0 2 >
ffff8e67f59f09c0 2923162628 S Ci:2:005:0 s c0 bc 0900 001c 0002 2 <
ffff8e67f59f09c0 2923165215 C Ci:2:005:0 0 2 = 2f6f
ffff8e67f59f09c0 2923165409 S Co:2:005:0 s 40 bc 0800 00c0 0002 2 = 658a
ffff8e67f59f09c0 2923167974 C Co:2:005:0 0 2 >
ffff8e67f59f09c0 2923168140 S Co:2:005:0 s 40 b9 0000 0000 0004 4 = 09009802
ffff8e67f59f09c0 2923170745 C Co:2:005:0 0 4 >
ffff8e67f59f09c0 2923170935 S Ii:2:005:3 -115:1 3 <
ffff8e67f59f09c0 2923172034 C Ii:2:005:3 0:1 3 = 100000
ffff8e67f59f09c0 2923172223 S Ci:2:005:0 s c0 bc 0800 0016 0002 2 <
ffff8e67f59f09c0 2923174852 C Ci:2:005:0 0 2 = 0900
ffff8e67f59f09c0 2923175074 S Ci:2:005:0 s c0 bc 0900 001c 0002 2 <
ffff8e67f59f09c0 2923177585 C Ci:2:005:0 0 2 = 2f6f
ffff8e67f59f09c0 2923177682 S Ci:2:005:0 s c0 bc 0800 23be 0002 2 <
ffff8e67f59f09c0 2923180334 C Ci:2:005:0 0 2 = 0000
ffff8e67f59f09c0 2923180533 S Co:2:005:0 s 40 bc 0900 0014 0002 2 = d39e
ffff8e67f59f09c0 2923183084 C Co:2:005:0 0 2 >
ffff8e67f59f09c0 2923183235 S Ci:2:005:0 s c0 bc 0900 001c 0002 2 <
ffff8e67f59f09c0 2923185892 C Ci:2:005:0 0 2 = 2f6f
ffff8e67f59f09c0 2923186070 S Co:2:005:0 s 40 bc 0800 00c0 0002 2 = 1089
ffff8e67f59f09c0 2923188559 C Co:2:005:0 0 2 >
ffff8e67f59f09c0 2923188742 S Co:2:005:0 s 40 b9 0000 0000 0004 4 = 09009802
ffff8e67f59f09c0 2923191386 C Co:2:005:0 0 4 >
ffff8e67f59f09c0 2923191566 S Ii:2:005:3 -115:1 3 <
ffff8e67f59f09c0 2923192651 C Ii:2:005:3 0:1 3 = 100000
ffff8e67f59f09c0 2923192832 S Ci:2:005:0 s c0 bc 0800 0016 0002 2 <
ffff8e67f59f09c0 2923195461 C Ci:2:005:0 0 2 = 0900
ffff8e67f59f09c0 2923195535 S Ci:2:005:0 s c0 bc 0900 001c 0002 2 <
ffff8e67f59f09c0 2923198213 C Ci:2:005:0 0 2 = 2f6f
ffff8e67f59f09c0 2923198412 S Ci:2:005:0 s c0 bc 0800 23be 0002 2 <
ffff8e67f59f09c0 2923200978 C Ci:2:005:0 0 2 = 0000
ffff8e67f59f09c0 2923201188 S Co:2:005:0 s 40 bc 0900 0014 0002 2 = d39e
ffff8e67f59f09c0 2923203737 C Co:2:005:0 0 2 >
ffff8e67f59f09c0 2923203852 S Ci:2:005:0 s c0 bc 0900 001c 0002 2 <
ffff8e67f59f09c0 2923206483 C Ci:2:005:0 0 2 = 2f6f
ffff8e67f59f09c0 2923206671 S Co:2:005:0 s 40 bc 0800 00c0 0002 2 = 1128
ffff8e67f59f09c0 2923209120 C Co:2:005:0 0 2 >
ffff8e67f59f09c0 2923209310 S Co:2:005:0 s 40 b9 0000 0000 0004 4 = 09009802
ffff8e67f59f09c0 2923211857 C Co:2:005:0 0 4 >
ffff8e67f59f09c0 2923212083 S Ii:2:005:3 -115:1 3 <
ffff8e67f59f09c0 2923213171 C Ii:2:005:3 0:1 3 = 100000
ffff8e67f59f09c0 2923213238 S Ci:2:005:0 s c0 bc 0800 0016 0002 2 <
ffff8e67f59f09c0 2923215977 C Ci:2:005:0 0 2 = 0900
ffff8e67f59f09c0 2923216183 S Ci:2:005:0 s c0 bc 0900 001c 0002 2 <
ffff8e67f59f09c0 2923218698 C Ci:2:005:0 0 2 = 2f6f
ffff8e67f59f09c0 2923218892 S Ci:2:005:0 s c0 bc 0800 23be 0002 2 <
ffff8e67f59f09c0 2923221418 C Ci:2:005:0 0 2 = 0000
ffff8e67f59f09c0 2923221602 S Co:2:005:0 s 40 bc 0900 0014 0002 2 = d39e
ffff8e67f59f09c0 2923224159 C Co:2:005:0 0 2 >
ffff8e67f59f09c0 2923224332 S Ci:2:005:0 s c0 bc 0900 001c 0002 2 <
ffff8e67f59f09c0 2923226879 C Ci:2:005:0 0 2 = 2f6f
ffff8e67f59f09c0 2923227116 S Co:2:005:0 s 40 bc 0800 00c0 0002 2 = 1288
ffff8e67f59f09c0 2923229560 C Co:2:005:0 0 2 >
ffff8e67f59f09c0 2923229671 S Co:2:005:0 s 40 b9 0000 0000 0004 4 = 09009802
ffff8e67f59f09c0 2923232322 C Co:2:005:0 0 4 >
ffff8e67f59f09c0 2923232513 S Ii:2:005:3 -115:1 3 <
ffff8e67f59f09c0 2923233638 C Ii:2:005:3 0:1 3 = 100000
ffff8e67f59f09c0 2923233747 S Ci:2:005:0 s c0 bc 0800 0016 0002 2 <
ffff8e67f59f09c0 2923236479 C Ci:2:005:0 0 2 = 0900
ffff8e67f59f09c0 2923236650 S Ci:2:005:0 s c0 bc 0900 001c 0002 2 <
ffff8e67f59f09c0 2923239251 C Ci:2:005:0 0 2 = 2f6f
ffff8e67f59f09c0 2923239386 S Ci:2:005:0 s c0 bc 0800 23be 0002 2 <
ffff8e67f59f09c0 2923241938 C Ci:2:005:0 0 2 = 0000
ffff8e67f59f09c0 2923242116 S Co:2:005:0 s 40 bc 0900 0014 0002 2 = d39e
ffff8e67f59f09c0 2923244675 C Co:2:005:0 0 2 >
ffff8e67f59f09c0 2923244866 S Ci:2:005:0 s c0 bc 0900 001c 0002 2 <
ffff8e67f59f09c0 2923247579 C Ci:2:005:0 0 2 = 2f6f
ffff8e67f59f09c0 2923247784 S Co:2:005:0 s 40 bc 0800 00c0 0002 2 = 13a8
ffff8e67f59f09c0 2923250285 C Co:2:005:0 0 2 >
ffff8e67f59f09c0 2923250474 S Co:2:005:0 s 40 b9 0000 0000 0004 4 = 09009802
ffff8e67f59f09c0 2923252984 C Co:2:005:0 0 4 >
ffff8e67f59f09c0 2923253140 S Ii:2:005:3 -115:1 3 <
ffff8e67f59f09c0 2923254295 C Ii:2:005:3 0:1 3 = 100000
ffff8e67f59f09c0 2923254379 S Ci:2:005:0 s c0 bc 0800 0016 0002 2 <
ffff8e67f59f09c0 2923257061 C Ci:2:005:0 0 2 = 0900
ffff8e67f59f09c0 2923257259 S Ci:2:005:0 s c0 bc 0900 001c 0002 2 <
ffff8e67f59f09c0 2923259858 C Ci:2:005:0 0 2 = 2f6f
ffff8e67f59f09c0 2923260080 S Ci:2:005:0 s c0 bc 0800 23be 0002 2 <
ffff8e67f59f09c0 2923262532 C Ci:2:005:0 0 2 = 0000
ffff8e67f59f09c0 2923262720 S Co:2:005:0 s 40 bc 0900 0014 0002 2 = d39e
ffff8e67f59f09c0 2923265274 C Co:2:005:0 0 2 >
ffff8e67f59f09c0 2923265448 S Ci:2:005:0 s c0 bc 0900 001c 0002 2 <
ffff8e67f59f09c0 2923268062 C Ci:2:005:0 0 2 = 2f6f
ffff8e67f59f09c0 2923268258 S Co:2:005:0 s 40 bc 0800 00c0 0002 2 = 1488
ffff8e67f59f09c0 2923270855 C Co:2:005:0 0 2 >
ffff8e67f59f09c0 2923271043 S Co:2:005:0 s 40 b9 0000 0000 0004 4 = 09009802
ffff8e67f59f09c0 2923273557 C Co:2:005:0 0 4 >
ffff8e67f59f09c0 2923273644 S Ii:2:005:3 -115:1 3 <
ffff8e67f59f09c0 2923274845 C Ii:2:005:3 0:1 3 = 100000
ffff8e67f59f09c0 2923275063 S Ci:2:005:0 s c0 bc 0800 0016 0002 2 <
ffff8e67f59f09c0 2923277752 C Ci:2:005:0 0 2 = 0900
ffff8e67f59f09c0 2923277965 S Ci:2:005:0 s c0 bc 0900 001c 0002 2 <
ffff8e67f59f09c0 2923280484 C Ci:2:005:0 0 2 = 2f6f
ffff8e67f59f09c0 2923280641 S Ci:2:005:0 s c0 bc 0800 23be 0002 2 <
ffff8e67f59f09c0 2923283178 C Ci:2:005:0 0 2 = 0000
ffff8e67f59f09c0 2923283347 S Co:2:005:0 s 40 bc 0900 0014 0002 2 = d39e
ffff8e67f59f09c0 2923285927 C Co:2:005:0 0 2 >
ffff8e67f59f09c0 2923286082 S Ci:2:005:0 s c0 bc 0900 001c 0002 2 <
ffff8e67f59f09c0 2923288565 C Ci:2:005:0 0 2 = 2f6f
ffff8e67f59f09c0 2923288801 S Co:2:005:0 s 40 bc 0800 00c0 0002 2 = 158b
ffff8e67f59f09c0 2923291348 C Co:2:005:0 0 2 >
ffff8e67f59f09c0 2923291520 S Co:2:005:0 s 40 b9 0000 0000 0004 4 = 09009802
ffff8e67f59f09c0 2923293913 C Co:2:005:0 0 4 >
ffff8e67f59f09c0 2923294104 S Ii:2:005:3 -115:1 3 <
ffff8e67f59f09c0 2923295293 C Ii:2:005:3 0:1 3 = 100000
ffff8e67f59f09c0 2923295406 S Ci:2:005:0 s c0 bc 0800 0016 0002 2 <
ffff8e67f59f09c0 2923298084 C Ci:2:005:0 0 2 = 0900
ffff8e67f59f09c0 2923298190 S Ci:2:005:0 s c0 bc 0900 001c 0002 2 <
ffff8e67f59f09c0 2923300802 C Ci:2:005:0 0 2 = 2f6f
ffff8e67f59f09c0 2923301056 S Ci:2:005:0 s c0 bc 0800 23be 0002 2 <
ffff8e67f59f09c0 2923303545 C Ci:2:005:0 0 2 = 0000
ffff8e67f59f09c0 2923303736 S Co:2:005:0 s 40 bc 0900 0014 0002 2 = d39e
ffff8e67f59f09c0 2923306307 C Co:2:005:0 0 2 >
ffff8e67f59f09c0 2923306437 S Ci:2:005:0 s c0 bc 0900 001c 0002 2 <
ffff8e67f59f09c0 2923308916 C Ci:2:005:0 0 2 = 2f6f
ffff8e67f59f09c0 2923309115 S Co:2:005:0 s 40 bc 0800 00c0 0004 4 = 9989ed00
ffff8e67f59f09c0 2923311744 C Co:2:005:0 0 4 >
ffff8e67f59f09c0 2923311938 S Co:2:005:0 s 40 b9 0000 0000 0004 4 = 09006603
ffff8e67f59f09c0 2923314442 C Co:2:005:0 0 4 >
ffff8e67f59f09c0 2923314550 S Ii:2:005:3 -115:1 3 <
ffff8e67f59f09c0 2923315811 C Ii:2:005:3 0:1 3 = 100000
ffff8e67f59f09c0 2923316047 S Ci:2:005:0 s c0 bc 0800 0016 0002 2 <
ffff8e67f59f09c0 2923318535 C Ci:2:005:0 0 2 = 0900
ffff8e67f59f09c0 2923318719 S Ci:2:005:0 s c0 bc 0900 001c 0002 2 <
ffff8e67f59f09c0 2923321359 C Ci:2:005:0 0 2 = 2f6f
ffff8e67f59f09c0 2923321486 S Ci:2:005:0 s c0 bc 0800 23be 0002 2 <
ffff8e67f59f09c0 2923324046 C Ci:2:005:0 0 2 = 0000
ffff8e67f59f09c0 2923324240 S Co:2:005:0 s 40 bc 0900 0014 0002 2 = d39e
ffff8e67f59f09c0 2923326811 C Co:2:005:0 0 2 >
ffff8e67f59f09c0 2923327059 S Ci:2:005:0 s c0 bc 0900 001c 0002 2 <
ffff8e67f59f09c0 2923329562 C Ci:2:005:0 0 2 = 2f6f
ffff8e67f59f09c0 2923329729 S Co:2:005:0 s 40 b9 0000 0000 0004 4 = 09016601
ffff8e67f59f09c0 2923332317 C Co:2:005:0 0 4 >
ffff8e67f59f09c0 2923332503 S Ii:2:005:3 -115:1 3 <
ffff8e67f59f09c0 2923333669 C Ii:2:005:3 0:1 3 = 100000
ffff8e67f59f09c0 2923333774 S Ci:2:005:0 s c0 bc 0800 0016 0002 2 <
ffff8e67f59f09c0 2923336472 C Ci:2:005:0 0 2 = 0900
ffff8e67f59f09c0 2923336560 S Ci:2:005:0 s c0 bc 0900 001c 0002 2 <
ffff8e67f59f09c0 2923339221 C Ci:2:005:0 0 2 = 2f6f
ffff8e67f59f09c0 2923339399 S Ci:2:005:0 s c0 bc 0800 23be 0004 4 <
ffff8e67f59f09c0 2923341916 C Ci:2:005:0 0 4 = 00005ce0
ffff8e67f59f09c0 2923342111 S Co:2:005:0 s 40 bc 0800 00c0 0004 4 = 9989ec00
ffff8e67f59f09c0 2923344704 C Co:2:005:0 0 4 >
ffff8e67f59f09c0 2923344875 S Co:2:005:0 s 40 b9 0000 0000 0004 4 = 09006603
ffff8e67f59f09c0 2923347432 C Co:2:005:0 0 4 >
ffff8e67f59f09c0 2923347602 S Ii:2:005:3 -115:1 3 <
ffff8e67f59f09c0 2923348754 C Ii:2:005:3 0:1 3 = 100000
ffff8e67f59f09c0 2923348853 S Ci:2:005:0 s c0 bc 0800 0016 0002 2 <
ffff8e67f59f09c0 2923351566 C Ci:2:005:0 0 2 = 0900
ffff8e67f59f09c0 2923351638 S Ci:2:005:0 s c0 bc 0900 001c 0002 2 <
ffff8e67f59f09c0 2923354312 C Ci:2:005:0 0 2 = 2f6f
ffff8e67f59f09c0 2923354509 S Ci:2:005:0 s c0 bc 0800 23be 0002 2 <
ffff8e67f59f09c0 2923356990 C Ci:2:005:0 0 2 = 0000
ffff8e67f59f09c0 2923357197 S Co:2:005:0 s 40 bc 0900 0014 0002 2 = d39e
ffff8e67f59f09c0 2923359845 C Co:2:005:0 0 2 >
ffff8e67f59f09c0 2923360059 S Ci:2:005:0 s c0 bc 0900 001c 0002 2 <
ffff8e67f59f09c0 2923362568 C Ci:2:005:0 0 2 = 2f6f
ffff8e67f59f09c0 2923362674 S Co:2:005:0 s 40 b9 0000 0000 0004 4 = 09016601
ffff8e67f59f09c0 2923365326 C Co:2:005:0 0 4 >
ffff8e67f59f09c0 2923365441 S Ii:2:005:3 -115:1 3 <
ffff8e67f59f09c0 2923366655 C Ii:2:005:3 0:1 3 = 100000
ffff8e67f59f09c0 2923366851 S Ci:2:005:0 s c0 bc 0800 0016 0002 2 <
ffff8e67f59f09c0 2923369480 C Ci:2:005:0 0 2 = 0900
ffff8e67f59f09c0 2923369614 S Ci:2:005:0 s c0 bc 0900 001c 0002 2 <
ffff8e67f59f09c0 2923372200 C Ci:2:005:0 0 2 = 2f6f
ffff8e67f59f09c0 2923372380 S Ci:2:005:0 s c0 bc 0800 23be 0004 4 <
ffff8e67f59f09c0 2923374783 C Ci:2:005:0 0 4 = 0000a2e0
ffff8e67f59f09c0 2923375059 S Co:2:005:0 s 40 bc 0800 00c0 0004 4 = 9989ec00
ffff8e67f59f09c0 2923377534 C Co:2:005:0 0 4 >
ffff8e67f59f09c0 2923377718 S Co:2:005:0 s 40 b9 0000 0000 0004 4 = 09006603
ffff8e67f59f09c0 2923380309 C Co:2:005:0 0 4 >
ffff8e67f59f09c0 2923380512 S Ii:2:005:3 -115:1 3 <
ffff8e67f59f09c0 2923381652 C Ii:2:005:3 0:1 3 = 100000
ffff8e67f59f09c0 2923381757 S Ci:2:005:0 s c0 bc 0800 0016 0002 2 <
ffff8e67f59f09c0 2923384484 C Ci:2:005:0 0 2 = 0900
ffff8e67f59f09c0 2923384621 S Ci:2:005:0 s c0 bc 0900 001c 0002 2 <
ffff8e67f59f09c0 2923387196 C Ci:2:005:0 0 2 = 2f6f
ffff8e67f59f09c0 2923387369 S Ci:2:005:0 s c0 bc 0800 23be 0002 2 <
ffff8e67f59f09c0 2923389978 C Ci:2:005:0 0 2 = 0000
ffff8e67f59f09c0 2923390191 S Co:2:005:0 s 40 bc 0900 0014 0002 2 = d39e
ffff8e67f59f09c0 2923392719 C Co:2:005:0 0 2 >
ffff8e67f59f09c0 2923392937 S Ci:2:005:0 s c0 bc 0900 001c 0002 2 <
ffff8e67f59f09c0 2923395431 C Ci:2:005:0 0 2 = 2f6f
ffff8e67f59f09c0 2923395569 S Co:2:005:0 s 40 b9 0000 0000 0004 4 = 09016601
ffff8e67f59f09c0 2923398116 C Co:2:005:0 0 4 >
ffff8e67f59f09c0 2923398305 S Ii:2:005:3 -115:1 3 <
ffff8e67f59f09c0 2923399527 C Ii:2:005:3 0:1 3 = 100000
ffff8e67f59f09c0 2923399652 S Ci:2:005:0 s c0 bc 0800 0016 0002 2 <
ffff8e67f59f09c0 2923402323 C Ci:2:005:0 0 2 = 0900
ffff8e67f59f09c0 2923402423 S Ci:2:005:0 s c0 bc 0900 001c 0002 2 <
ffff8e67f59f09c0 2923405089 C Ci:2:005:0 0 2 = 2f6f
ffff8e67f59f09c0 2923405171 S Ci:2:005:0 s c0 bc 0800 23be 0004 4 <
ffff8e67f59f09c0 2923407785 C Ci:2:005:0 0 4 = 00002ce0
ffff8e67f59f09c0 2923408049 S Co:2:005:0 s 40 bc 0800 00c0 0004 4 = 9989ec00
ffff8e67f59f09c0 2923410507 C Co:2:005:0 0 4 >
ffff8e67f59f09c0 2923410691 S Co:2:005:0 s 40 b9 0000 0000 0004 4 = 09006603
ffff8e67f59f09c0 2923413202 C Co:2:005:0 0 4 >
ffff8e67f59f09c0 2923413342 S Ii:2:005:3 -115:1 3 <
ffff8e67f59f09c0 2923414551 C Ii:2:005:3 0:1 3 = 100000
ffff8e67f59f09c0 2923414633 S Ci:2:005:0 s c0 bc 0800 0016 0002 2 <
ffff8e67f59f09c0 2923417349 C Ci:2:005:0 0 2 = 0900
ffff8e67f59f09c0 2923417420 S Ci:2:005:0 s c0 bc 0900 001c 0002 2 <
ffff8e67f59f09c0 2923420082 C Ci:2:005:0 0 2 = 2f6f
ffff8e67f59f09c0 2923420283 S Ci:2:005:0 s c0 bc 0800 23be 0002 2 <
ffff8e67f59f09c0 2923422822 C Ci:2:005:0 0 2 = 0000
ffff8e67f59f09c0 2923423008 S Co:2:005:0 s 40 bc 0900 0014 0002 2 = d39e
ffff8e67f59f09c0 2923425532 C Co:2:005:0 0 2 >
ffff8e67f59f09c0 2923425699 S Ci:2:005:0 s c0 bc 0900 001c 0002 2 <
ffff8e67f59f09c0 2923428129 C Ci:2:005:0 0 2 = 2f6f
ffff8e67f59f09c0 2923428314 S Co:2:005:0 s 40 b9 0000 0000 0004 4 = 09016601
ffff8e67f59f09c0 2923430938 C Co:2:005:0 0 4 >
ffff8e67f59f09c0 2923431112 S Ii:2:005:3 -115:1 3 <
ffff8e67f59f09c0 2923432303 C Ii:2:005:3 0:1 3 = 100000
ffff8e67f59f09c0 2923432382 S Ci:2:005:0 s c0 bc 0800 0016 0002 2 <
ffff8e67f59f09c0 2923435035 C Ci:2:005:0 0 2 = 0900
ffff8e67f59f09c0 2923435231 S Ci:2:005:0 s c0 bc 0900 001c 0002 2 <
ffff8e67f59f09c0 2923437807 C Ci:2:005:0 0 2 = 2f6f
ffff8e67f59f09c0 2923438057 S Ci:2:005:0 s c0 bc 0800 23be 0004 4 <
ffff8e67f59f09c0 2923440508 C Ci:2:005:0 0 4 = 000059e0
ffff8e67f59f09c0 2923440701 S Co:2:005:0 s 40 bc 0800 00c0 0004 4 = 9989ec00
ffff8e67f59f09c0 2923443321 C Co:2:005:0 0 4 >
ffff8e67f59f09c0 2923443508 S Co:2:005:0 s 40 b9 0000 0000 0004 4 = 09006603
ffff8e67f59f09c0 2923446067 C Co:2:005:0 0 4 >
ffff8e67f59f09c0 2923446203 S Ii:2:005:3 -115:1 3 <
ffff8e67f59f09c0 2923447411 C Ii:2:005:3 0:1 3 = 100000
ffff8e67f59f09c0 2923447592 S Ci:2:005:0 s c0 bc 0800 0016 0002 2 <
ffff8e67f59f09c0 2923450199 C Ci:2:005:0 0 2 = 0900
ffff8e67f59f09c0 2923450312 S Ci:2:005:0 s c0 bc 0900 001c 0002 2 <
ffff8e67f59f09c0 2923453003 C Ci:2:005:0 0 2 = 2f6f
ffff8e67f59f09c0 2923453203 S Ci:2:005:0 s c0 bc 0800 23be 0002 2 <
ffff8e67f59f09c0 2923455673 C Ci:2:005:0 0 2 = 0000
ffff8e67f59f09c0 2923455863 S Co:2:005:0 s 40 bc 0900 0014 0002 2 = d39e
ffff8e67f59f09c0 2923458390 C Co:2:005:0 0 2 >
ffff8e67f59f09c0 2923458508 S Ci:2:005:0 s c0 bc 0900 001c 0002 2 <
ffff8e67f59f09c0 2923461075 C Ci:2:005:0 0 2 = 2f6f
ffff8e67f59f09c0 2923461163 S Co:2:005:0 s 40 b9 0000 0000 0004 4 = 09016601
ffff8e67f59f09c0 2923463822 C Co:2:005:0 0 4 >
ffff8e67f59f09c0 2923464065 S Ii:2:005:3 -115:1 3 <
ffff8e67f59f09c0 2923465161 C Ii:2:005:3 0:1 3 = 100000
ffff8e67f59f09c0 2923465225 S Ci:2:005:0 s c0 bc 0800 0016 0002 2 <
ffff8e67f59f09c0 2923467920 C Ci:2:005:0 0 2 = 0900
ffff8e67f59f09c0 2923468113 S Ci:2:005:0 s c0 bc 0900 001c 0002 2 <
ffff8e67f59f09c0 2923470690 C Ci:2:005:0 0 2 = 2f6f
ffff8e67f59f09c0 2923470827 S Ci:2:005:0 s c0 bc 0800 23be 0004 4 <
ffff8e67f59f09c0 2923473444 C Ci:2:005:0 0 4 = 0000dee0
ffff8e67f59f09c0 2923473678 S Co:2:005:0 s 40 bc 0800 00c0 0004 4 = 9989ec00
ffff8e67f59f09c0 2923476139 C Co:2:005:0 0 4 >
ffff8e67f59f09c0 2923476338 S Co:2:005:0 s 40 b9 0000 0000 0004 4 = 09006603
ffff8e67f59f09c0 2923478823 C Co:2:005:0 0 4 >
ffff8e67f59f09c0 2923479075 S Ii:2:005:3 -115:1 3 <
ffff8e67f59f09c0 2923480112 C Ii:2:005:3 0:1 3 = 100000
ffff8e67f59f09c0 2923480226 S Ci:2:005:0 s c0 bc 0800 0016 0002 2 <
ffff8e67f59f09c0 2923482951 C Ci:2:005:0 0 2 = 0900
ffff8e67f59f09c0 2923483162 S Ci:2:005:0 s c0 bc 0900 001c 0002 2 <
ffff8e67f59f09c0 2923485732 C Ci:2:005:0 0 2 = 2f6f
ffff8e67f59f09c0 2923485848 S Ci:2:005:0 s c0 bc 0800 23be 0002 2 <
ffff8e67f59f09c0 2923488433 C Ci:2:005:0 0 2 = 0000
ffff8e67f59f09c0 2923488644 S Co:2:005:0 s 40 bc 0900 0014 0002 2 = d39e
ffff8e67f59f09c0 2923491175 C Co:2:005:0 0 2 >
ffff8e67f59f09c0 2923491237 S Ci:2:005:0 s c0 bc 0900 001c 0002 2 <
ffff8e67f59f09c0 2923493966 C Ci:2:005:0 0 2 = 2f6f
ffff8e67f59f09c0 2923494074 S Co:2:005:0 s 40 b9 0000 0000 0004 4 = 09016601
ffff8e67f59f09c0 2923496702 C Co:2:005:0 0 4 >
ffff8e67f59f09c0 2923496826 S Ii:2:005:3 -115:1 3 <
ffff8e67f59f09c0 2923497968 C Ii:2:005:3 0:1 3 = 100000
ffff8e67f59f09c0 2923498147 S Ci:2:005:0 s c0 bc 0800 0016 0002 2 <
ffff8e67f59f09c0 2923501021 C Ci:2:005:0 0 2 = 0900
ffff8e67f59f09c0 2923501216 S Ci:2:005:0 s c0 bc 0900 001c 0002 2 <
ffff8e67f59f09c0 2923503917 C Ci:2:005:0 0 2 = 2f6f
ffff8e67f59f09c0 2923504136 S Ci:2:005:0 s c0 bc 0800 23be 0004 4 <
ffff8e67f59f09c0 2923506674 C Ci:2:005:0 0 4 = 00002de0
ffff8e67f59f09c0 2923506872 S Co:2:005:0 s 40 bc 0800 00c0 0004 4 = 9989ec00
ffff8e67f59f09c0 2923509368 C Co:2:005:0 0 4 >
ffff8e67f59f09c0 2923509583 S Co:2:005:0 s 40 b9 0000 0000 0004 4 = 09006603
ffff8e67f59f09c0 2923512165 C Co:2:005:0 0 4 >
ffff8e67f59f09c0 2923512335 S Ii:2:005:3 -115:1 3 <
ffff8e67f59f09c0 2923513521 C Ii:2:005:3 0:1 3 = 100000
ffff8e67f59f09c0 2923513640 S Ci:2:005:0 s c0 bc 0800 0016 0002 2 <
ffff8e67f59f09c0 2923516225 C Ci:2:005:0 0 2 = 0900
ffff8e67f59f09c0 2923516294 S Ci:2:005:0 s c0 bc 0900 001c 0002 2 <
ffff8e67f59f09c0 2923518843 C Ci:2:005:0 0 2 = 2f6f
ffff8e67f59f09c0 2923519083 S Ci:2:005:0 s c0 bc 0800 23be 0002 2 <
ffff8e67f59f09c0 2923521617 C Ci:2:005:0 0 2 = 0000
ffff8e67f59f09c0 2923521813 S Co:2:005:0 s 40 bc 0900 0014 0002 2 = d39e
ffff8e67f59f09c0 2923524260 C Co:2:005:0 0 2 >
ffff8e67f59f09c0 2923524392 S Ci:2:005:0 s c0 bc 0900 001c 0002 2 <
ffff8e67f59f09c0 2923526901 C Ci:2:005:0 0 2 = 2f6f
ffff8e67f59f09c0 2923527095 S Co:2:005:0 s 40 b9 0000 0000 0004 4 = 09016601
ffff8e67f59f09c0 2923529632 C Co:2:005:0 0 4 >
ffff8e67f59f09c0 2923529827 S Ii:2:005:3 -115:1 3 <
ffff8e67f59f09c0 2923530990 C Ii:2:005:3 0:1 3 = 100000
ffff8e67f59f09c0 2923531193 S Ci:2:005:0 s c0 bc 0800 0016 0002 2 <
ffff8e67f59f09c0 2923533660 C Ci:2:005:0 0 2 = 0900
ffff8e67f59f09c0 2923533721 S Ci:2:005:0 s c0 bc 0900 001c 0002 2 <
ffff8e67f59f09c0 2923536243 C Ci:2:005:0 0 2 = 2f6f
ffff8e67f59f09c0 2923536414 S Ci:2:005:0 s c0 bc 0800 23be 0004 4 <
ffff8e67f59f09c0 2923538853 C Ci:2:005:0 0 4 = 00003de0
ffff8e67f59f09c0 2923538999 S Co:2:005:0 s 40 bc 0800 00c0 0004 4 = 9989ec00
ffff8e67f59f09c0 2923541614 C Co:2:005:0 0 4 >
ffff8e67f59f09c0 2923541756 S Co:2:005:0 s 40 b9 0000 0000 0004 4 = 09006603
ffff8e67f59f09c0 2923544240 C Co:2:005:0 0 4 >
ffff8e67f59f09c0 2923544405 S Ii:2:005:3 -115:1 3 <
ffff8e67f59f09c0 2923545499 C Ii:2:005:3 0:1 3 = 100000
ffff8e67f59f09c0 2923545774 S Ci:2:005:0 s c0 bc 0800 0016 0002 2 <
ffff8e67f59f09c0 2923548182 C Ci:2:005:0 0 2 = 0900
ffff8e67f59f09c0 2923548288 S Ci:2:005:0 s c0 bc 0900 001c 0002 2 <
ffff8e67f59f09c0 2923550843 C Ci:2:005:0 0 2 = 2f6f
ffff8e67f59f09c0 2923551021 S Ci:2:005:0 s c0 bc 0800 23be 0002 2 <
ffff8e67f59f09c0 2923553524 C Ci:2:005:0 0 2 = 0000
ffff8e67f59f09c0 2923553696 S Co:2:005:0 s 40 bc 0900 0014 0002 2 = d39e
ffff8e67f59f09c0 2923556316 C Co:2:005:0 0 2 >
ffff8e67f59f09c0 2923556429 S Ci:2:005:0 s c0 bc 0900 001c 0002 2 <
ffff8e67f59f09c0 2923559009 C Ci:2:005:0 0 2 = 2f6f
ffff8e67f59f09c0 2923559217 S Co:2:005:0 s 40 b9 0000 0000 0004 4 = 09016601
ffff8e67f59f09c0 2923561791 C Co:2:005:0 0 4 >
ffff8e67f59f09c0 2923562063 S Ii:2:005:3 -115:1 3 <
ffff8e67f59f09c0 2923563107 C Ii:2:005:3 0:1 3 = 100000
ffff8e67f59f09c0 2923563187 S Ci:2:005:0 s c0 bc 0800 0016 0002 2 <
ffff8e67f59f09c0 2923565901 C Ci:2:005:0 0 2 = 0900
ffff8e67f59f09c0 2923566132 S Ci:2:005:0 s c0 bc 0900 001c 0002 2 <
ffff8e67f59f09c0 2923568677 C Ci:2:005:0 0 2 = 2f6f
ffff8e67f59f09c0 2923568794 S Ci:2:005:0 s c0 bc 0800 23be 0004 4 <
ffff8e67f59f09c0 2923571494 C Ci:2:005:0 0 4 = 0000d9e0
ffff8e67f59f09c0 2923571691 S Co:2:005:0 s 40 bc 0800 00c0 0004 4 = 9989ec00
ffff8e67f59f09c0 2923574347 C Co:2:005:0 0 4 >
ffff8e67f59f09c0 2923574457 S Co:2:005:0 s 40 b9 0000 0000 0004 4 = 09006603
ffff8e67f59f09c0 2923577053 C Co:2:005:0 0 4 >
ffff8e67f59f09c0 2923577209 S Ii:2:005:3 -115:1 3 <
ffff8e67f59f09c0 2923578269 C Ii:2:005:3 0:1 3 = 100000
ffff8e67f59f09c0 2923578396 S Ci:2:005:0 s c0 bc 0800 0016 0002 2 <
ffff8e67f59f09c0 2923581009 C Ci:2:005:0 0 2 = 0900
ffff8e67f59f09c0 2923581216 S Ci:2:005:0 s c0 bc 0900 001c 0002 2 <
ffff8e67f59f09c0 2923583814 C Ci:2:005:0 0 2 = 2f6f
ffff8e67f59f09c0 2923584047 S Ci:2:005:0 s c0 bc 0800 23be 0002 2 <
ffff8e67f59f09c0 2923586480 C Ci:2:005:0 0 2 = 0000
ffff8e67f59f09c0 2923586687 S Co:2:005:0 s 40 bc 0900 0014 0002 2 = d39e
ffff8e67f59f09c0 2923589350 C Co:2:005:0 0 2 >
ffff8e67f59f09c0 2923589481 S Ci:2:005:0 s c0 bc 0900 001c 0002 2 <
ffff8e67f59f09c0 2923591919 C Ci:2:005:0 0 2 = 2f6f
ffff8e67f59f09c0 2923592085 S Co:2:005:0 s 40 b9 0000 0000 0004 4 = 09016601
ffff8e67f59f09c0 2923594710 C Co:2:005:0 0 4 >
ffff8e67f59f09c0 2923594986 S Ii:2:005:3 -115:1 3 <
ffff8e67f59f09c0 2923595971 C Ii:2:005:3 0:1 3 = 100000
ffff8e67f59f09c0 2923596185 S Ci:2:005:0 s c0 bc 0800 0016 0002 2 <
ffff8e67f59f09c0 2923598835 C Ci:2:005:0 0 2 = 0900
ffff8e67f59f09c0 2923598921 S Ci:2:005:0 s c0 bc 0900 001c 0002 2 <
ffff8e67f59f09c0 2923601541 C Ci:2:005:0 0 2 = 2f6f
ffff8e67f59f09c0 2923601701 S Ci:2:005:0 s c0 bc 0800 23be 0004 4 <
ffff8e67f59f09c0 2923604328 C Ci:2:005:0 0 4 = 0000c1e0
ffff8e67f59f09c0 2923604502 S Co:2:005:0 s 40 bc 0800 00c0 0004 4 = 9989ec00
ffff8e67f59f09c0 2923607001 C Co:2:005:0 0 4 >
ffff8e67f59f09c0 2923607190 S Co:2:005:0 s 40 b9 0000 0000 0004 4 = 09006603
ffff8e67f59f09c0 2923609686 C Co:2:005:0 0 4 >
ffff8e67f59f09c0 2923609879 S Ii:2:005:3 -115:1 3 <
ffff8e67f59f09c0 2923611097 C Ii:2:005:3 0:1 3 = 100000
ffff8e67f59f09c0 2923611272 S Ci:2:005:0 s c0 bc 0800 0016 0002 2 <
ffff8e67f59f09c0 2923613963 C Ci:2:005:0 0 2 = 0900
ffff8e67f59f09c0 2923614059 S Ci:2:005:0 s c0 bc 0900 001c 0002 2 <
ffff8e67f59f09c0 2923616712 C Ci:2:005:0 0 2 = 2f6f
ffff8e67f59f09c0 2923616825 S Ci:2:005:0 s c0 bc 0800 23be 0002 2 <
ffff8e67f59f09c0 2923619374 C Ci:2:005:0 0 2 = 0000
ffff8e67f59f09c0 2923619559 S Co:2:005:0 s 40 bc 0900 0014 0002 2 = d39e
ffff8e67f59f09c0 2923622004 C Co:2:005:0 0 2 >
ffff8e67f59f09c0 2923622204 S Ci:2:005:0 s c0 bc 0900 001c 0002 2 <
ffff8e67f59f09c0 2923624839 C Ci:2:005:0 0 2 = 2f6f
ffff8e67f59f09c0 2923625050 S Co:2:005:0 s 40 b9 0000 0000 0004 4 = 09016601
ffff8e67f59f09c0 2923627489 C Co:2:005:0 0 4 >
ffff8e67f59f09c0 2923627695 S Ii:2:005:3 -115:1 3 <
ffff8e67f59f09c0 2923628860 C Ii:2:005:3 0:1 3 = 100000
ffff8e67f59f09c0 2923629080 S Ci:2:005:0 s c0 bc 0800 0016 0002 2 <
ffff8e67f59f09c0 2923631705 C Ci:2:005:0 0 2 = 0900
ffff8e67f59f09c0 2923631814 S Ci:2:005:0 s c0 bc 0900 001c 0002 2 <
ffff8e67f59f09c0 2923634417 C Ci:2:005:0 0 2 = 2f6f
ffff8e67f59f09c0 2923634498 S Ci:2:005:0 s c0 bc 0800 23be 0004 4 <
ffff8e67f59f09c0 2923637135 C Ci:2:005:0 0 4 = 000011e0
ffff8e67f59f09c0 2923637222 S Co:2:005:0 s 40 bc 0800 00c0 0004 4 = 9989ec00
ffff8e67f59f09c0 2923639880 C Co:2:005:0 0 4 >
ffff8e67f59f09c0 2923640072 S Co:2:005:0 s 40 b9 0000 0000 0004 4 = 09006603
ffff8e67f59f09c0 2923642548 C Co:2:005:0 0 4 >
ffff8e67f59f09c0 2923642716 S Ii:2:005:3 -115:1 3 <
ffff8e67f59f09c0 2923643838 C Ii:2:005:3 0:1 3 = 100000
ffff8e67f59f09c0 2923644039 S Ci:2:005:0 s c0 bc 0800 0016 0002 2 <
ffff8e67f59f09c0 2923646649 C Ci:2:005:0 0 2 = 0900
ffff8e67f59f09c0 2923646785 S Ci:2:005:0 s c0 bc 0900 001c 0002 2 <
ffff8e67f59f09c0 2923649419 C Ci:2:005:0 0 2 = 2f6f
ffff8e67f59f09c0 2923649660 S Ci:2:005:0 s c0 bc 0800 23be 0002 2 <
ffff8e67f59f09c0 2923652201 C Ci:2:005:0 0 2 = 0000
ffff8e67f59f09c0 2923652370 S Co:2:005:0 s 40 bc 0900 0014 0002 2 = d39e
ffff8e67f59f09c0 2923654916 C Co:2:005:0 0 2 >
ffff8e67f59f09c0 2923655134 S Ci:2:005:0 s c0 bc 0900 001c 0002 2 <
ffff8e67f59f09c0 2923657660 C Ci:2:005:0 0 2 = 2f6f
ffff8e67f59f09c0 2923657731 S Co:2:005:0 s 40 b9 0000 0000 0004 4 = 09016601
ffff8e67f59f09c0 2923660355 C Co:2:005:0 0 4 >
ffff8e67f59f09c0 2923660549 S Ii:2:005:3 -115:1 3 <
ffff8e67f59f09c0 2923661655 C Ii:2:005:3 0:1 3 = 100000
ffff8e67f59f09c0 2923661784 S Ci:2:005:0 s c0 bc 0800 0016 0002 2 <
ffff8e67f59f09c0 2923664440 C Ci:2:005:0 0 2 = 0900
ffff8e67f59f09c0 2923664506 S Ci:2:005:0 s c0 bc 0900 001c 0002 2 <
ffff8e67f59f09c0 2923667173 C Ci:2:005:0 0 2 = 2f6f
ffff8e67f59f09c0 2923667401 S Ci:2:005:0 s c0 bc 0800 23be 0004 4 <
ffff8e67f59f09c0 2923669877 C Ci:2:005:0 0 4 = 00005de0
ffff8e67f59f09c0 2923670087 S Co:2:005:0 s 40 bc 0800 00c0 0004 4 = 9989ec00
ffff8e67f59f09c0 2923672623 C Co:2:005:0 0 4 >
ffff8e67f59f09c0 2923672710 S Co:2:005:0 s 40 b9 0000 0000 0004 4 = 09006603
ffff8e67f59f09c0 2923675302 C Co:2:005:0 0 4 >
ffff8e67f59f09c0 2923675488 S Ii:2:005:3 -115:1 3 <
ffff8e67f59f09c0 2923676604 C Ii:2:005:3 0:1 3 = 100000
ffff8e67f59f09c0 2923676710 S Ci:2:005:0 s c0 bc 0800 0016 0002 2 <
ffff8e67f59f09c0 2923679452 C Ci:2:005:0 0 2 = 0900
ffff8e67f59f09c0 2923679617 S Ci:2:005:0 s c0 bc 0900 001c 0002 2 <
ffff8e67f59f09c0 2923682125 C Ci:2:005:0 0 2 = 2f6f
ffff8e67f59f09c0 2923682336 S Ci:2:005:0 s c0 bc 0800 23be 0002 2 <
ffff8e67f59f09c0 2923684869 C Ci:2:005:0 0 2 = 0000
ffff8e67f59f09c0 2923685074 S Co:2:005:0 s 40 bc 0900 0014 0002 2 = d39e
ffff8e67f59f09c0 2923687604 C Co:2:005:0 0 2 >
ffff8e67f59f09c0 2923687787 S Ci:2:005:0 s c0 bc 0900 001c 0002 2 <
ffff8e67f59f09c0 2923690418 C Ci:2:005:0 0 2 = 2f6f
ffff8e67f59f09c0 2923690614 S Co:2:005:0 s 40 b9 0000 0000 0004 4 = 09016601
ffff8e67f59f09c0 2923693293 C Co:2:005:0 0 4 >
ffff8e67f59f09c0 2923693490 S Ii:2:005:3 -115:1 3 <
ffff8e67f59f09c0 2923694569 C Ii:2:005:3 0:1 3 = 100000
ffff8e67f59f09c0 2923694737 S Ci:2:005:0 s c0 bc 0800 0016 0002 2 <
ffff8e67f59f09c0 2923697497 C Ci:2:005:0 0 2 = 0900
ffff8e67f59f09c0 2923697692 S Ci:2:005:0 s c0 bc 0900 001c 0002 2 <
ffff8e67f59f09c0 2923700346 C Ci:2:005:0 0 2 = 2f6f
ffff8e67f59f09c0 2923700481 S Ci:2:005:0 s c0 bc 0800 23be 0004 4 <
ffff8e67f59f09c0 2923702909 C Ci:2:005:0 0 4 = 00008de0
ffff8e67f59f09c0 2923703108 S Co:2:005:0 s 40 bc 0800 00c0 0004 4 = 9989ec00
ffff8e67f59f09c0 2923705659 C Co:2:005:0 0 4 >
ffff8e67f59f09c0 2923705777 S Co:2:005:0 s 40 b9 0000 0000 0004 4 = 09006603
ffff8e67f59f09c0 2923708461 C Co:2:005:0 0 4 >
ffff8e67f59f09c0 2923708677 S Ii:2:005:3 -115:1 3 <
ffff8e67f59f09c0 2923709693 C Ii:2:005:3 0:1 3 = 100000
ffff8e67f59f09c0 2923709881 S Ci:2:005:0 s c0 bc 0800 0016 0002 2 <
ffff8e67f59f09c0 2923712525 C Ci:2:005:0 0 2 = 0900
ffff8e67f59f09c0 2923712707 S Ci:2:005:0 s c0 bc 0900 001c 0002 2 <
ffff8e67f59f09c0 2923715324 C Ci:2:005:0 0 2 = 2f6f
ffff8e67f59f09c0 2923715495 S Ci:2:005:0 s c0 bc 0800 23be 0002 2 <
ffff8e67f59f09c0 2923717895 C Ci:2:005:0 0 2 = 0000
ffff8e67f59f09c0 2923718129 S Co:2:005:0 s 40 bc 0900 0014 0002 2 = d39e
ffff8e67f59f09c0 2923720675 C Co:2:005:0 0 2 >
ffff8e67f59f09c0 2923720760 S Ci:2:005:0 s c0 bc 0900 001c 0002 2 <
ffff8e67f59f09c0 2923723442 C Ci:2:005:0 0 2 = 2f6f
ffff8e67f59f09c0 2923723534 S Co:2:005:0 s 40 b9 0000 0000 0004 4 = 09016601
ffff8e67f59f09c0 2923726192 C Co:2:005:0 0 4 >
ffff8e67f59f09c0 2923726273 S Ii:2:005:3 -115:1 3 <
ffff8e67f59f09c0 2923727392 C Ii:2:005:3 0:1 3 = 100000
ffff8e67f59f09c0 2923727563 S Ci:2:005:0 s c0 bc 0800 0016 0002 2 <
ffff8e67f59f09c0 2923730330 C Ci:2:005:0 0 2 = 0900
ffff8e67f59f09c0 2923730443 S Ci:2:005:0 s c0 bc 0900 001c 0002 2 <
ffff8e67f59f09c0 2923733053 C Ci:2:005:0 0 2 = 2f6f
ffff8e67f59f09c0 2923733210 S Ci:2:005:0 s c0 bc 0800 23be 0004 4 <
ffff8e67f59f09c0 2923735809 C Ci:2:005:0 0 4 = 000059e0
ffff8e67f59f09c0 2923736041 S Co:2:005:0 s 40 bc 0800 00c0 0004 4 = 9989ec00
ffff8e67f59f09c0 2923738489 C Co:2:005:0 0 4 >
ffff8e67f59f09c0 2923738653 S Co:2:005:0 s 40 b9 0000 0000 0004 4 = 09006603
ffff8e67f59f09c0 2923741171 C Co:2:005:0 0 4 >
ffff8e67f59f09c0 2923741337 S Ii:2:005:3 -115:1 3 <
ffff8e67f59f09c0 2923742452 C Ii:2:005:3 0:1 3 = 100000
ffff8e67f59f09c0 2923742642 S Ci:2:005:0 s c0 bc 0800 0016 0002 2 <
ffff8e67f59f09c0 2923745329 C Ci:2:005:0 0 2 = 0900
ffff8e67f59f09c0 2923745464 S Ci:2:005:0 s c0 bc 0900 001c 0002 2 <
ffff8e67f59f09c0 2923748051 C Ci:2:005:0 0 2 = 2f6f
ffff8e67f59f09c0 2923748208 S Ci:2:005:0 s c0 bc 0800 23be 0002 2 <
ffff8e67f59f09c0 2923750790 C Ci:2:005:0 0 2 = 0000
ffff8e67f59f09c0 2923751072 S Co:2:005:0 s 40 bc 0900 0014 0002 2 = d39e
ffff8e67f59f09c0 2923753597 C Co:2:005:0 0 2 >
ffff8e67f59f09c0 2923753776 S Ci:2:005:0 s c0 bc 0900 001c 0002 2 <
ffff8e67f59f09c0 2923756341 C Ci:2:005:0 0 2 = 2f6f
ffff8e67f59f09c0 2923756458 S Co:2:005:0 s 40 b9 0000 0000 0004 4 = 09016601
ffff8e67f59f09c0 2923758902 C Co:2:005:0 0 4 >
ffff8e67f59f09c0 2923759132 S Ii:2:005:3 -115:1 3 <
ffff8e67f59f09c0 2923760217 C Ii:2:005:3 0:1 3 = 100000
ffff8e67f59f09c0 2923760402 S Ci:2:005:0 s c0 bc 0800 0016 0002 2 <
ffff8e67f59f09c0 2923762889 C Ci:2:005:0 0 2 = 0900
ffff8e67f59f09c0 2923763127 S Ci:2:005:0 s c0 bc 0900 001c 0002 2 <
ffff8e67f59f09c0 2923765671 C Ci:2:005:0 0 2 = 2f6f
ffff8e67f59f09c0 2923765782 S Ci:2:005:0 s c0 bc 0800 23be 0004 4 <
ffff8e67f59f09c0 2923768415 C Ci:2:005:0 0 4 = 000080e0
ffff8e67f59f09c0 2923768611 S Co:2:005:0 s 40 bc 0800 00c0 0004 4 = 9989ec00
ffff8e67f59f09c0 2923771147 C Co:2:005:0 0 4 >
ffff8e67f59f09c0 2923771316 S Co:2:005:0 s 40 b9 0000 0000 0004 4 = 09006603
ffff8e67f59f09c0 2923773935 C Co:2:005:0 0 4 >
ffff8e67f59f09c0 2923774072 S Ii:2:005:3 -115:1 3 <
ffff8e67f59f09c0 2923775294 C Ii:2:005:3 0:1 3 = 100000
ffff8e67f59f09c0 2923775358 S Ci:2:005:0 s c0 bc 0800 0016 0002 2 <
ffff8e67f59f09c0 2923778104 C Ci:2:005:0 0 2 = 0900
ffff8e67f59f09c0 2923778279 S Ci:2:005:0 s c0 bc 0900 001c 0002 2 <
ffff8e67f59f09c0 2923780757 C Ci:2:005:0 0 2 = 2f6f
ffff8e67f59f09c0 2923780954 S Ci:2:005:0 s c0 bc 0800 23be 0002 2 <
ffff8e67f59f09c0 2923783452 C Ci:2:005:0 0 2 = 0000
ffff8e67f59f09c0 2923783651 S Co:2:005:0 s 40 bc 0900 0014 0002 2 = d39e
ffff8e67f59f09c0 2923786146 C Co:2:005:0 0 2 >
ffff8e67f59f09c0 2923786257 S Ci:2:005:0 s c0 bc 0900 001c 0002 2 <
ffff8e67f59f09c0 2923788763 C Ci:2:005:0 0 2 = 2f6f
ffff8e67f59f09c0 2923788956 S Co:2:005:0 s 40 b9 0000 0000 0004 4 = 09016601
ffff8e67f59f09c0 2923791473 C Co:2:005:0 0 4 >
ffff8e67f59f09c0 2923791632 S Ii:2:005:3 -115:1 3 <
ffff8e67f59f09c0 2923792861 C Ii:2:005:3 0:1 3 = 100000
ffff8e67f59f09c0 2923793032 S Ci:2:005:0 s c0 bc 0800 0016 0002 2 <
ffff8e67f59f09c0 2923795669 C Ci:2:005:0 0 2 = 0900
ffff8e67f59f09c0 2923795742 S Ci:2:005:0 s c0 bc 0900 001c 0002 2 <
ffff8e67f59f09c0 2923798357 C Ci:2:005:0 0 2 = 2f6f
ffff8e67f59f09c0 2923798553 S Ci:2:005:0 s c0 bc 0800 23be 0004 4 <
ffff8e67f59f09c0 2923801097 C Ci:2:005:0 0 4 = 000021e0
ffff8e67f59f09c0 2923801341 S Co:2:005:0 s 40 bc 0800 00c0 0004 4 = 9989ec00
ffff8e67f59f09c0 2923803893 C Co:2:005:0 0 4 >
ffff8e67f59f09c0 2923804075 S Co:2:005:0 s 40 b9 0000 0000 0004 4 = 09006603
ffff8e67f59f09c0 2923806595 C Co:2:005:0 0 4 >
ffff8e67f59f09c0 2923806781 S Ii:2:005:3 -115:1 3 <
ffff8e67f59f09c0 2923807987 C Ii:2:005:3 0:1 3 = 100000
ffff8e67f59f09c0 2923808081 S Ci:2:005:0 s c0 bc 0800 0016 0002 2 <
ffff8e67f59f09c0 2923810708 C Ci:2:005:0 0 2 = 0900
ffff8e67f59f09c0 2923811053 S Ci:2:005:0 s c0 bc 0900 001c 0002 2 <
ffff8e67f59f09c0 2923813473 C Ci:2:005:0 0 2 = 2f6f
ffff8e67f59f09c0 2923813667 S Ci:2:005:0 s c0 bc 0800 23be 0002 2 <
ffff8e67f59f09c0 2923816244 C Ci:2:005:0 0 2 = 0000
ffff8e67f59f09c0 2923816416 S Co:2:005:0 s 40 bc 0900 0014 0002 2 = d39e
ffff8e67f59f09c0 2923818923 C Co:2:005:0 0 2 >
ffff8e67f59f09c0 2923819123 S Ci:2:005:0 s c0 bc 0900 001c 0002 2 <
ffff8e67f59f09c0 2923821603 C Ci:2:005:0 0 2 = 2f6f
ffff8e67f59f09c0 2923821805 S Co:2:005:0 s 40 b9 0000 0000 0004 4 = 09016601
ffff8e67f59f09c0 2923824275 C Co:2:005:0 0 4 >
ffff8e67f59f09c0 2923824394 S Ii:2:005:3 -115:1 3 <
ffff8e67f59f09c0 2923825646 C Ii:2:005:3 0:1 3 = 100000
ffff8e67f59f09c0 2923825773 S Ci:2:005:0 s c0 bc 0800 0016 0002 2 <
ffff8e67f59f09c0 2923828392 C Ci:2:005:0 0 2 = 0900
ffff8e67f59f09c0 2923828586 S Ci:2:005:0 s c0 bc 0900 001c 0002 2 <
ffff8e67f59f09c0 2923831151 C Ci:2:005:0 0 2 = 2f6f
ffff8e67f59f09c0 2923831283 S Ci:2:005:0 s c0 bc 0800 23be 0004 4 <
ffff8e67f59f09c0 2923833915 C Ci:2:005:0 0 4 = 00007ee0
ffff8e67f59f09c0 2923834127 S Co:2:005:0 s 40 bc 0800 00c0 0004 4 = 9989ec00
ffff8e67f59f09c0 2923836654 C Co:2:005:0 0 4 >
ffff8e67f59f09c0 2923836934 S Co:2:005:0 s 40 b9 0000 0000 0004 4 = 09006603
ffff8e67f59f09c0 2923839403 C Co:2:005:0 0 4 >
ffff8e67f59f09c0 2923839594 S Ii:2:005:3 -115:1 3 <
ffff8e67f59f09c0 2923840774 C Ii:2:005:3 0:1 3 = 100000
ffff8e67f59f09c0 2923840908 S Ci:2:005:0 s c0 bc 0800 0016 0002 2 <
ffff8e67f59f09c0 2923843500 C Ci:2:005:0 0 2 = 0900
ffff8e67f59f09c0 2923843685 S Ci:2:005:0 s c0 bc 0900 001c 0002 2 <
ffff8e67f59f09c0 2923846319 C Ci:2:005:0 0 2 = 2f6f
ffff8e67f59f09c0 2923846452 S Ci:2:005:0 s c0 bc 0800 23be 0002 2 <
ffff8e67f59f09c0 2923848966 C Ci:2:005:0 0 2 = 0000
ffff8e67f59f09c0 2923849173 S Co:2:005:0 s 40 bc 0900 0014 0002 2 = d39e
ffff8e67f59f09c0 2923851777 C Co:2:005:0 0 2 >
ffff8e67f59f09c0 2923851970 S Ci:2:005:0 s c0 bc 0900 001c 0002 2 <
ffff8e67f59f09c0 2923854500 C Ci:2:005:0 0 2 = 2f6f
ffff8e67f59f09c0 2923854665 S Co:2:005:0 s 40 b9 0000 0000 0004 4 = 09016601
ffff8e67f59f09c0 2923857219 C Co:2:005:0 0 4 >
ffff8e67f59f09c0 2923857409 S Ii:2:005:3 -115:1 3 <
ffff8e67f59f09c0 2923858637 C Ii:2:005:3 0:1 3 = 100000
ffff8e67f59f09c0 2923858758 S Ci:2:005:0 s c0 bc 0800 0016 0002 2 <
ffff8e67f59f09c0 2923861375 C Ci:2:005:0 0 2 = 0900
ffff8e67f59f09c0 2923861489 S Ci:2:005:0 s c0 bc 0900 001c 0002 2 <
ffff8e67f59f09c0 2923864181 C Ci:2:005:0 0 2 = 2f6f
ffff8e67f59f09c0 2923864276 S Ci:2:005:0 s c0 bc 0800 23be 0004 4 <
ffff8e67f59f09c0 2923866860 C Ci:2:005:0 0 4 = 00004ae0
ffff8e67f59f09c0 2923867093 S Co:2:005:0 s 40 bc 0800 00c0 0004 4 = 9989ec00
ffff8e67f59f09c0 2923869590 C Co:2:005:0 0 4 >
ffff8e67f59f09c0 2923869770 S Co:2:005:0 s 40 b9 0000 0000 0004 4 = 09006603
ffff8e67f59f09c0 2923872272 C Co:2:005:0 0 4 >
ffff8e67f59f09c0 2923872355 S Ii:2:005:3 -115:1 3 <
ffff8e67f59f09c0 2923873597 C Ii:2:005:3 0:1 3 = 100000
ffff8e67f59f09c0 2923873668 S Ci:2:005:0 s c0 bc 0800 0016 0002 2 <
ffff8e67f59f09c0 2923876395 C Ci:2:005:0 0 2 = 0900
ffff8e67f59f09c0 2923876565 S Ci:2:005:0 s c0 bc 0900 001c 0002 2 <
ffff8e67f59f09c0 2923879138 C Ci:2:005:0 0 2 = 2f6f
ffff8e67f59f09c0 2923879309 S Ci:2:005:0 s c0 bc 0800 23be 0002 2 <
ffff8e67f59f09c0 2923881908 C Ci:2:005:0 0 2 = 0000
ffff8e67f59f09c0 2923882134 S Co:2:005:0 s 40 bc 0900 0014 0002 2 = d39e
ffff8e67f59f09c0 2923884611 C Co:2:005:0 0 2 >
ffff8e67f59f09c0 2923884723 S Ci:2:005:0 s c0 bc 0900 001c 0002 2 <
ffff8e67f59f09c0 2923887221 C Ci:2:005:0 0 2 = 2f6f
ffff8e67f59f09c0 2923887436 S Co:2:005:0 s 40 b9 0000 0000 0004 4 = 09016601
ffff8e67f59f09c0 2923889931 C Co:2:005:0 0 4 >
ffff8e67f59f09c0 2923890102 S Ii:2:005:3 -115:1 3 <
ffff8e67f59f09c0 2923891255 C Ii:2:005:3 0:1 3 = 100000
ffff8e67f59f09c0 2923891372 S Ci:2:005:0 s c0 bc 0800 0016 0002 2 <
ffff8e67f59f09c0 2923894010 C Ci:2:005:0 0 2 = 0900
ffff8e67f59f09c0 2923894204 S Ci:2:005:0 s c0 bc 0900 001c 0002 2 <
ffff8e67f59f09c0 2923896725 C Ci:2:005:0 0 2 = 2f6f
ffff8e67f59f09c0 2923896911 S Ci:2:005:0 s c0 bc 0800 23be 0004 4 <
ffff8e67f59f09c0 2923899377 C Ci:2:005:0 0 4 = 000091e0
ffff8e67f59f09c0 2923899571 S Co:2:005:0 s 40 bc 0800 00c0 0004 4 = 9989ec00
ffff8e67f59f09c0 2923902131 C Co:2:005:0 0 4 >
ffff8e67f59f09c0 2923902261 S Co:2:005:0 s 40 b9 0000 0000 0004 4 = 09006603
ffff8e67f59f09c0 2923904889 C Co:2:005:0 0 4 >
ffff8e67f59f09c0 2923905124 S Ii:2:005:3 -115:1 3 <
ffff8e67f59f09c0 2923906237 C Ii:2:005:3 0:1 3 = 100000
ffff8e67f59f09c0 2923906334 S Ci:2:005:0 s c0 bc 0800 0016 0002 2 <
ffff8e67f59f09c0 2923909011 C Ci:2:005:0 0 2 = 0900
ffff8e67f59f09c0 2923909132 S Ci:2:005:0 s c0 bc 0900 001c 0002 2 <
ffff8e67f59f09c0 2923911750 C Ci:2:005:0 0 2 = 2f6f
ffff8e67f59f09c0 2923911942 S Ci:2:005:0 s c0 bc 0800 23be 0002 2 <
ffff8e67f59f09c0 2923914493 C Ci:2:005:0 0 2 = 0000
ffff8e67f59f09c0 2923914686 S Co:2:005:0 s 40 bc 0900 0014 0002 2 = d39e
ffff8e67f59f09c0 2923917261 C Co:2:005:0 0 2 >
ffff8e67f59f09c0 2923917454 S Ci:2:005:0 s c0 bc 0900 001c 0002 2 <
ffff8e67f59f09c0 2923920006 C Ci:2:005:0 0 2 = 2f6f
ffff8e67f59f09c0 2923920222 S Co:2:005:0 s 40 b9 0000 0000 0004 4 = 09016601
ffff8e67f59f09c0 2923922787 C Co:2:005:0 0 4 >
ffff8e67f59f09c0 2923922977 S Ii:2:005:3 -115:1 3 <
ffff8e67f59f09c0 2923924101 C Ii:2:005:3 0:1 3 = 100000
ffff8e67f59f09c0 2923924266 S Ci:2:005:0 s c0 bc 0800 0016 0002 2 <
ffff8e67f59f09c0 2923926932 C Ci:2:005:0 0 2 = 0900
ffff8e67f59f09c0 2923927050 S Ci:2:005:0 s c0 bc 0900 001c 0002 2 <
ffff8e67f59f09c0 2923929695 C Ci:2:005:0 0 2 = 2f6f
ffff8e67f59f09c0 2923929908 S Ci:2:005:0 s c0 bc 0800 23be 0004 4 <
ffff8e67f59f09c0 2923932325 C Ci:2:005:0 0 4 = 0000fde0
ffff8e67f59f09c0 2923932493 S Co:2:005:0 s 40 bc 0800 00c0 0004 4 = 9989ec00
ffff8e67f59f09c0 2923935080 C Co:2:005:0 0 4 >
ffff8e67f59f09c0 2923935261 S Co:2:005:0 s 40 b9 0000 0000 0004 4 = 09006603
ffff8e67f59f09c0 2923937922 C Co:2:005:0 0 4 >
ffff8e67f59f09c0 2923938066 S Ii:2:005:3 -115:1 3 <
ffff8e67f59f09c0 2923939263 C Ii:2:005:3 0:1 3 = 100000
ffff8e67f59f09c0 2923939381 S Ci:2:005:0 s c0 bc 0800 0016 0002 2 <
ffff8e67f59f09c0 2923941944 C Ci:2:005:0 0 2 = 0900
ffff8e67f59f09c0 2923942101 S Ci:2:005:0 s c0 bc 0900 001c 0002 2 <
ffff8e67f59f09c0 2923944617 C Ci:2:005:0 0 2 = 2f6f
ffff8e67f59f09c0 2923944840 S Ci:2:005:0 s c0 bc 0800 23be 0002 2 <
ffff8e67f59f09c0 2923947306 C Ci:2:005:0 0 2 = 0000
ffff8e67f59f09c0 2923947431 S Co:2:005:0 s 40 bc 0900 0014 0002 2 = d39e
ffff8e67f59f09c0 2923950137 C Co:2:005:0 0 2 >
ffff8e67f59f09c0 2923950226 S Ci:2:005:0 s c0 bc 0900 001c 0002 2 <
ffff8e67f59f09c0 2923952883 C Ci:2:005:0 0 2 = 2f6f
ffff8e67f59f09c0 2923953099 S Co:2:005:0 s 40 b9 0000 0000 0004 4 = 09016601
ffff8e67f59f09c0 2923955612 C Co:2:005:0 0 4 >
ffff8e67f59f09c0 2923955799 S Ii:2:005:3 -115:1 3 <
ffff8e67f59f09c0 2923956980 C Ii:2:005:3 0:1 3 = 100000
ffff8e67f59f09c0 2923957091 S Ci:2:005:0 s c0 bc 0800 0016 0002 2 <
ffff8e67f59f09c0 2923959808 C Ci:2:005:0 0 2 = 0900
ffff8e67f59f09c0 2923959913 S Ci:2:005:0 s c0 bc 0900 001c 0002 2 <
ffff8e67f59f09c0 2923962490 C Ci:2:005:0 0 2 = 2f6f
ffff8e67f59f09c0 2923962680 S Ci:2:005:0 s c0 bc 0800 23be 0004 4 <
ffff8e67f59f09c0 2923965219 C Ci:2:005:0 0 4 = 0000b1e0
ffff8e67f59f09c0 2923965327 S Co:2:005:0 s 40 bc 0800 00c0 0004 4 = 9989ec00
ffff8e67f59f09c0 2923967880 C Co:2:005:0 0 4 >
ffff8e67f59f09c0 2923968099 S Co:2:005:0 s 40 b9 0000 0000 0004 4 = 09006603
ffff8e67f59f09c0 2923970591 C Co:2:005:0 0 4 >
ffff8e67f59f09c0 2923970759 S Ii:2:005:3 -115:1 3 <
ffff8e67f59f09c0 2923971950 C Ii:2:005:3 0:1 3 = 100000
ffff8e67f59f09c0 2923972078 S Ci:2:005:0 s c0 bc 0800 0016 0002 2 <
ffff8e67f59f09c0 2923974765 C Ci:2:005:0 0 2 = 0900
ffff8e67f59f09c0 2923974935 S Ci:2:005:0 s c0 bc 0900 001c 0002 2 <
ffff8e67f59f09c0 2923977421 C Ci:2:005:0 0 2 = 2f6f
ffff8e67f59f09c0 2923977619 S Ci:2:005:0 s c0 bc 0800 23be 0002 2 <
ffff8e67f59f09c0 2923980119 C Ci:2:005:0 0 2 = 0000
ffff8e67f59f09c0 2923980312 S Co:2:005:0 s 40 bc 0900 0014 0002 2 = d39e
ffff8e67f59f09c0 2923982902 C Co:2:005:0 0 2 >
ffff8e67f59f09c0 2923982983 S Ci:2:005:0 s c0 bc 0900 001c 0002 2 <
ffff8e67f59f09c0 2923985665 C Ci:2:005:0 0 2 = 2f6f
ffff8e67f59f09c0 2923985908 S Co:2:005:0 s 40 b9 0000 0000 0004 4 = 09016601
ffff8e67f59f09c0 2923988354 C Co:2:005:0 0 4 >
ffff8e67f59f09c0 2923988558 S Ii:2:005:3 -115:1 3 <
ffff8e67f59f09c0 2923989757 C Ii:2:005:3 0:1 3 = 100000
ffff8e67f59f09c0 2923989837 S Ci:2:005:0 s c0 bc 0800 0016 0002 2 <
ffff8e67f59f09c0 2923992508 C Ci:2:005:0 0 2 = 0900
ffff8e67f59f09c0 2923992685 S Ci:2:005:0 s c0 bc 0900 001c 0002 2 <
ffff8e67f59f09c0 2923995249 C Ci:2:005:0 0 2 = 2f6f
ffff8e67f59f09c0 2923995474 S Ci:2:005:0 s c0 bc 0800 23be 0004 4 <
ffff8e67f59f09c0 2923997991 C Ci:2:005:0 0 4 = 000078e0
ffff8e67f59f09c0 2923998190 S Co:2:005:0 s 40 bc 0800 00c0 0004 4 = 9989ec00
ffff8e67f59f09c0 2924000771 C Co:2:005:0 0 4 >
ffff8e67f59f09c0 2924000952 S Co:2:005:0 s 40 b9 0000 0000 0004 4 = 09006603
ffff8e67f59f09c0 2924003452 C Co:2:005:0 0 4 >
ffff8e67f59f09c0 2924003640 S Ii:2:005:3 -115:1 3 <
ffff8e67f59f09c0 2924004784 C Ii:2:005:3 0:1 3 = 100000
ffff8e67f59f09c0 2924004971 S Ci:2:005:0 s c0 bc 0800 0016 0002 2 <
ffff8e67f59f09c0 2924007684 C Ci:2:005:0 0 2 = 0900
ffff8e67f59f09c0 2924007852 S Ci:2:005:0 s c0 bc 0900 001c 0002 2 <
ffff8e67f59f09c0 2924010494 C Ci:2:005:0 0 2 = 2f6f
ffff8e67f59f09c0 2924010574 S Ci:2:005:0 s c0 bc 0800 23be 0002 2 <
ffff8e67f59f09c0 2924013229 C Ci:2:005:0 0 2 = 0000
ffff8e67f59f09c0 2924013414 S Co:2:005:0 s 40 bc 0900 0014 0002 2 = d39e
ffff8e67f59f09c0 2924015984 C Co:2:005:0 0 2 >
ffff8e67f59f09c0 2924016206 S Ci:2:005:0 s c0 bc 0900 001c 0002 2 <
ffff8e67f59f09c0 2924018713 C Ci:2:005:0 0 2 = 2f6f
ffff8e67f59f09c0 2924018833 S Co:2:005:0 s 40 b9 0000 0000 0004 4 = 09016601
ffff8e67f59f09c0 2924021275 C Co:2:005:0 0 4 >
ffff8e67f59f09c0 2924021467 S Ii:2:005:3 -115:1 3 <
ffff8e67f59f09c0 2924022685 C Ii:2:005:3 0:1 3 = 100000
ffff8e67f59f09c0 2924022884 S Ci:2:005:0 s c0 bc 0800 0016 0002 2 <
ffff8e67f59f09c0 2924025561 C Ci:2:005:0 0 2 = 0900
ffff8e67f59f09c0 2924025749 S Ci:2:005:0 s c0 bc 0900 001c 0002 2 <
ffff8e67f59f09c0 2924028201 C Ci:2:005:0 0 2 = 2f6f
ffff8e67f59f09c0 2924028387 S Ci:2:005:0 s c0 bc 0800 23be 0004 4 <
ffff8e67f59f09c0 2924031019 C Ci:2:005:0 0 4 = 000003e0
ffff8e67f59f09c0 2924031180 S Co:2:005:0 s 40 bc 0800 00c0 0004 4 = 9989ec00
ffff8e67f59f09c0 2924033752 C Co:2:005:0 0 4 >
ffff8e67f59f09c0 2924033894 S Co:2:005:0 s 40 b9 0000 0000 0004 4 = 09006603
ffff8e67f59f09c0 2924036473 C Co:2:005:0 0 4 >
ffff8e67f59f09c0 2924036634 S Ii:2:005:3 -115:1 3 <
ffff8e67f59f09c0 2924037816 C Ii:2:005:3 0:1 3 = 100000
ffff8e67f59f09c0 2924037892 S Ci:2:005:0 s c0 bc 0800 0016 0002 2 <
ffff8e67f59f09c0 2924040627 C Ci:2:005:0 0 2 = 0900
ffff8e67f59f09c0 2924040788 S Ci:2:005:0 s c0 bc 0900 001c 0002 2 <
ffff8e67f59f09c0 2924043400 C Ci:2:005:0 0 2 = 2f6f
ffff8e67f59f09c0 2924043505 S Ci:2:005:0 s c0 bc 0800 23be 0002 2 <
ffff8e67f59f09c0 2924046085 C Ci:2:005:0 0 2 = 0000
ffff8e67f59f09c0 2924046306 S Co:2:005:0 s 40 bc 0900 0014 0002 2 = d39e
ffff8e67f59f09c0 2924048724 C Co:2:005:0 0 2 >
ffff8e67f59f09c0 2924048941 S Ci:2:005:0 s c0 bc 0900 001c 0002 2 <
ffff8e67f59f09c0 2924051374 C Ci:2:005:0 0 2 = 2f6f
ffff8e67f59f09c0 2924051538 S Co:2:005:0 s 40 b9 0000 0000 0004 4 = 09016601
ffff8e67f59f09c0 2924054019 C Co:2:005:0 0 4 >
ffff8e67f59f09c0 2924054185 S Ii:2:005:3 -115:1 3 <
ffff8e67f59f09c0 2924055329 C Ii:2:005:3 0:1 3 = 100000
ffff8e67f59f09c0 2924055396 S Ci:2:005:0 s c0 bc 0800 0016 0002 2 <
ffff8e67f59f09c0 2924058054 C Ci:2:005:0 0 2 = 0900
ffff8e67f59f09c0 2924058198 S Ci:2:005:0 s c0 bc 0900 001c 0002 2 <
ffff8e67f59f09c0 2924060844 C Ci:2:005:0 0 2 = 2f6f
ffff8e67f59f09c0 2924060986 S Ci:2:005:0 s c0 bc 0800 23be 0004 4 <
ffff8e67f59f09c0 2924063386 C Ci:2:005:0 0 4 = 000091e0
ffff8e67f59f09c0 2924063590 S Co:2:005:0 s 40 bc 0800 00c0 0004 4 = 9989ec00
ffff8e67f59f09c0 2924066045 C Co:2:005:0 0 4 >
ffff8e67f59f09c0 2924066138 S Co:2:005:0 s 40 b9 0000 0000 0004 4 = 09006603
ffff8e67f59f09c0 2924068737 C Co:2:005:0 0 4 >
ffff8e67f59f09c0 2924068921 S Ii:2:005:3 -115:1 3 <
ffff8e67f59f09c0 2924070054 C Ii:2:005:3 0:1 3 = 100000
ffff8e67f59f09c0 2924070213 S Ci:2:005:0 s c0 bc 0800 0016 0002 2 <
ffff8e67f59f09c0 2924072785 C Ci:2:005:0 0 2 = 0900
ffff8e67f59f09c0 2924072905 S Ci:2:005:0 s c0 bc 0900 001c 0002 2 <
ffff8e67f59f09c0 2924075228 C Ci:2:005:0 0 2 = 2f6f
ffff8e67f59f09c0 2924075382 S Ci:2:005:0 s c0 bc 0800 23be 0002 2 <
ffff8e67f59f09c0 2924077906 C Ci:2:005:0 0 2 = 0000
ffff8e67f59f09c0 2924078088 S Co:2:005:0 s 40 bc 0900 0014 0002 2 = d39e
ffff8e67f59f09c0 2924080495 C Co:2:005:0 0 2 >
ffff8e67f59f09c0 2924080632 S Ci:2:005:0 s c0 bc 0900 001c 0002 2 <
ffff8e67f59f09c0 2924083120 C Ci:2:005:0 0 2 = 2f6f
ffff8e67f59f09c0 2924083284 S Co:2:005:0 s 40 b9 0000 0000 0004 4 = 09016601
ffff8e67f59f09c0 2924085981 C Co:2:005:0 0 4 >
ffff8e67f59f09c0 2924086074 S Ii:2:005:3 -115:1 3 <
ffff8e67f59f09c0 2924087143 C Ii:2:005:3 0:1 3 = 100000
ffff8e67f59f09c0 2924087256 S Ci:2:005:0 s c0 bc 0800 0016 0002 2 <
ffff8e67f59f09c0 2924089887 C Ci:2:005:0 0 2 = 0900
ffff8e67f59f09c0 2924090068 S Ci:2:005:0 s c0 bc 0900 001c 0002 2 <
ffff8e67f59f09c0 2924092585 C Ci:2:005:0 0 2 = 2f6f
ffff8e67f59f09c0 2924092668 S Ci:2:005:0 s c0 bc 0800 23be 0004 4 <
ffff8e67f59f09c0 2924095139 C Ci:2:005:0 0 4 = 0000f4e0
ffff8e67f59f09c0 2924095287 S Co:2:005:0 s 40 bc 0800 00c0 0004 4 = 9989ec00
ffff8e67f59f09c0 2924097919 C Co:2:005:0 0 4 >
ffff8e67f59f09c0 2924098117 S Co:2:005:0 s 40 b9 0000 0000 0004 4 = 09006603
ffff8e67f59f09c0 2924100656 C Co:2:005:0 0 4 >
ffff8e67f59f09c0 2924100808 S Ii:2:005:3 -115:1 3 <
ffff8e67f59f09c0 2924101905 C Ii:2:005:3 0:1 3 = 100000
ffff8e67f59f09c0 2924102092 S Ci:2:005:0 s c0 bc 0800 0016 0002 2 <
ffff8e67f59f09c0 2924104623 C Ci:2:005:0 0 2 = 0900
ffff8e67f59f09c0 2924104779 S Ci:2:005:0 s c0 bc 0900 001c 0002 2 <
ffff8e67f59f09c0 2924107372 C Ci:2:005:0 0 2 = 2f6f
ffff8e67f59f09c0 2924107468 S Ci:2:005:0 s c0 bc 0800 23be 0002 2 <
ffff8e67f59f09c0 2924109875 C Ci:2:005:0 0 2 = 0000
ffff8e67f59f09c0 2924110056 S Co:2:005:0 s 40 bc 0900 0014 0002 2 = d39e
ffff8e67f59f09c0 2924112539 C Co:2:005:0 0 2 >
ffff8e67f59f09c0 2924112694 S Ci:2:005:0 s c0 bc 0900 001c 0002 2 <
ffff8e67f59f09c0 2924115230 C Ci:2:005:0 0 2 = 2f6f
ffff8e67f59f09c0 2924115323 S Co:2:005:0 s 40 b9 0000 0000 0004 4 = 09016601
ffff8e67f59f09c0 2924117733 C Co:2:005:0 0 4 >
ffff8e67f59f09c0 2924117899 S Ii:2:005:3 -115:1 3 <
ffff8e67f59f09c0 2924119090 C Ii:2:005:3 0:1 3 = 100000
ffff8e67f59f09c0 2924119295 S Ci:2:005:0 s c0 bc 0800 0016 0002 2 <
ffff8e67f59f09c0 2924121924 C Ci:2:005:0 0 2 = 0900
ffff8e67f59f09c0 2924122113 S Ci:2:005:0 s c0 bc 0900 001c 0002 2 <
ffff8e67f59f09c0 2924124622 C Ci:2:005:0 0 2 = 2f6f
ffff8e67f59f09c0 2924124753 S Ci:2:005:0 s c0 bc 0800 23be 0004 4 <
ffff8e67f59f09c0 2924127321 C Ci:2:005:0 0 4 = 0000b8e0
ffff8e67f59f09c0 2924127494 S Co:2:005:0 s 40 bc 0800 00c0 0004 4 = 9989ec00
ffff8e67f59f09c0 2924130076 C Co:2:005:0 0 4 >
ffff8e67f59f09c0 2924130173 S Co:2:005:0 s 40 b9 0000 0000 0004 4 = 09006603
ffff8e67f59f09c0 2924132869 C Co:2:005:0 0 4 >
ffff8e67f59f09c0 2924132985 S Ii:2:005:3 -115:1 3 <
ffff8e67f59f09c0 2924134249 C Ii:2:005:3 0:1 3 = 100000
ffff8e67f59f09c0 2924134306 S Ci:2:005:0 s c0 bc 0800 0016 0002 2 <
ffff8e67f59f09c0 2924137082 C Ci:2:005:0 0 2 = 0900
ffff8e67f59f09c0 2924137198 S Ci:2:005:0 s c0 bc 0900 001c 0002 2 <
ffff8e67f59f09c0 2924139696 C Ci:2:005:0 0 2 = 2f6f
ffff8e67f59f09c0 2924139930 S Ci:2:005:0 s c0 bc 0800 23be 0002 2 <
ffff8e67f59f09c0 2924142437 C Ci:2:005:0 0 2 = 0000
ffff8e67f59f09c0 2924142594 S Co:2:005:0 s 40 bc 0900 0014 0002 2 = d39e
ffff8e67f59f09c0 2924145218 C Co:2:005:0 0 2 >
ffff8e67f59f09c0 2924145314 S Ci:2:005:0 s c0 bc 0900 001c 0002 2 <
ffff8e67f59f09c0 2924147878 C Ci:2:005:0 0 2 = 2f6f
ffff8e67f59f09c0 2924148034 S Co:2:005:0 s 40 b9 0000 0000 0004 4 = 09016601
ffff8e67f59f09c0 2924150670 C Co:2:005:0 0 4 >
ffff8e67f59f09c0 2924150757 S Ii:2:005:3 -115:1 3 <
ffff8e67f59f09c0 2924151946 C Ii:2:005:3 0:1 3 = 100000
ffff8e67f59f09c0 2924152128 S Ci:2:005:0 s c0 bc 0800 0016 0002 2 <
ffff8e67f59f09c0 2924154734 C Ci:2:005:0 0 2 = 0900
ffff8e67f59f09c0 2924154893 S Ci:2:005:0 s c0 bc 0900 001c 0002 2 <
ffff8e67f59f09c0 2924157465 C Ci:2:005:0 0 2 = 2f6f
ffff8e67f59f09c0 2924157546 S Ci:2:005:0 s c0 bc 0800 23be 0004 4 <
ffff8e67f59f09c0 2924160177 C Ci:2:005:0 0 4 = 000051e0
ffff8e67f59f09c0 2924160350 S Co:2:005:0 s 40 bc 0800 00c0 0004 4 = 9989ec00
ffff8e67f59f09c0 2924162970 C Co:2:005:0 0 4 >
ffff8e67f59f09c0 2924163140 S Co:2:005:0 s 40 b9 0000 0000 0004 4 = 09006603
ffff8e67f59f09c0 2924165783 C Co:2:005:0 0 4 >
ffff8e67f59f09c0 2924166013 S Ii:2:005:3 -115:1 3 <
ffff8e67f59f09c0 2924167110 C Ii:2:005:3 0:1 3 = 100000
ffff8e67f59f09c0 2924167248 S Ci:2:005:0 s c0 bc 0800 0016 0002 2 <
ffff8e67f59f09c0 2924169840 C Ci:2:005:0 0 2 = 0900
ffff8e67f59f09c0 2924169997 S Ci:2:005:0 s c0 bc 0900 001c 0002 2 <
ffff8e67f59f09c0 2924172529 C Ci:2:005:0 0 2 = 2f6f
ffff8e67f59f09c0 2924172623 S Ci:2:005:0 s c0 bc 0800 23be 0002 2 <
ffff8e67f59f09c0 2924175226 C Ci:2:005:0 0 2 = 0000
ffff8e67f59f09c0 2924175384 S Co:2:005:0 s 40 bc 0900 0014 0002 2 = d39e
ffff8e67f59f09c0 2924178000 C Co:2:005:0 0 2 >
ffff8e67f59f09c0 2924178180 S Ci:2:005:0 s c0 bc 0900 001c 0002 2 <
ffff8e67f59f09c0 2924180778 C Ci:2:005:0 0 2 = 2f6f
ffff8e67f59f09c0 2924180955 S Co:2:005:0 s 40 b9 0000 0000 0004 4 = 09016601
ffff8e67f59f09c0 2924183494 C Co:2:005:0 0 4 >
ffff8e67f59f09c0 2924183601 S Ii:2:005:3 -115:1 3 <
ffff8e67f59f09c0 2924184971 C Ii:2:005:3 0:1 3 = 100000
ffff8e67f59f09c0 2924185135 S Ci:2:005:0 s c0 bc 0800 0016 0002 2 <
ffff8e67f59f09c0 2924187639 C Ci:2:005:0 0 2 = 0900
ffff8e67f59f09c0 2924187739 S Ci:2:005:0 s c0 bc 0900 001c 0002 2 <
ffff8e67f59f09c0 2924190404 C Ci:2:005:0 0 2 = 2f6f
ffff8e67f59f09c0 2924190499 S Ci:2:005:0 s c0 bc 0800 23be 0004 4 <
ffff8e67f59f09c0 2924193036 C Ci:2:005:0 0 4 = 0000d2e0
ffff8e67f59f09c0 2924193208 S Co:2:005:0 s 40 bc 0800 00c0 0004 4 = 9989ec00
ffff8e67f59f09c0 2924195864 C Co:2:005:0 0 4 >
ffff8e67f59f09c0 2924196093 S Co:2:005:0 s 40 b9 0000 0000 0004 4 = 09006603
ffff8e67f59f09c0 2924198572 C Co:2:005:0 0 4 >
ffff8e67f59f09c0 2924198669 S Ii:2:005:3 -115:1 3 <
ffff8e67f59f09c0 2924199867 C Ii:2:005:3 0:1 3 = 100000
ffff8e67f59f09c0 2924200006 S Ci:2:005:0 s c0 bc 0800 0016 0002 2 <
ffff8e67f59f09c0 2924202657 C Ci:2:005:0 0 2 = 0900
ffff8e67f59f09c0 2924202768 S Ci:2:005:0 s c0 bc 0900 001c 0002 2 <
ffff8e67f59f09c0 2924205391 C Ci:2:005:0 0 2 = 2f6f
ffff8e67f59f09c0 2924205551 S Ci:2:005:0 s c0 bc 0800 23be 0002 2 <
ffff8e67f59f09c0 2924208070 C Ci:2:005:0 0 2 = 0000
ffff8e67f59f09c0 2924208230 S Co:2:005:0 s 40 bc 0900 0014 0002 2 = d39e
ffff8e67f59f09c0 2924210973 C Co:2:005:0 0 2 >
ffff8e67f59f09c0 2924211122 S Ci:2:005:0 s c0 bc 0900 001c 0002 2 <
ffff8e67f59f09c0 2924213680 C Ci:2:005:0 0 2 = 2f6f
ffff8e67f59f09c0 2924213839 S Co:2:005:0 s 40 b9 0000 0000 0004 4 = 09016601
ffff8e67f59f09c0 2924216359 C Co:2:005:0 0 4 >
ffff8e67f59f09c0 2924216516 S Ii:2:005:3 -115:1 3 <
ffff8e67f59f09c0 2924217799 C Ii:2:005:3 0:1 3 = 100000
ffff8e67f59f09c0 2924217957 S Ci:2:005:0 s c0 bc 0800 0016 0002 2 <
ffff8e67f59f09c0 2924220640 C Ci:2:005:0 0 2 = 0900
ffff8e67f59f09c0 2924220737 S Ci:2:005:0 s c0 bc 0900 001c 0002 2 <
ffff8e67f59f09c0 2924223348 C Ci:2:005:0 0 2 = 2f6f
ffff8e67f59f09c0 2924223412 S Ci:2:005:0 s c0 bc 0800 23be 0004 4 <
ffff8e67f59f09c0 2924226006 C Ci:2:005:0 0 4 = 000083e0
ffff8e67f59f09c0 2924226180 S Co:2:005:0 s 40 bc 0800 00c0 0004 4 = 9989ec00
ffff8e67f59f09c0 2924228747 C Co:2:005:0 0 4 >
ffff8e67f59f09c0 2924228933 S Co:2:005:0 s 40 b9 0000 0000 0004 4 = 09006603
ffff8e67f59f09c0 2924231469 C Co:2:005:0 0 4 >
ffff8e67f59f09c0 2924231625 S Ii:2:005:3 -115:1 3 <
ffff8e67f59f09c0 2924232800 C Ii:2:005:3 0:1 3 = 100000
ffff8e67f59f09c0 2924232868 S Ci:2:005:0 s c0 bc 0800 0016 0002 2 <
ffff8e67f59f09c0 2924235549 C Ci:2:005:0 0 2 = 0900
ffff8e67f59f09c0 2924235708 S Ci:2:005:0 s c0 bc 0900 001c 0002 2 <
ffff8e67f59f09c0 2924238352 C Ci:2:005:0 0 2 = 2f6f
ffff8e67f59f09c0 2924238447 S Ci:2:005:0 s c0 bc 0800 23be 0002 2 <
ffff8e67f59f09c0 2924241026 C Ci:2:005:0 0 2 = 0000
ffff8e67f59f09c0 2924241192 S Co:2:005:0 s 40 bc 0900 0014 0002 2 = d39e
ffff8e67f59f09c0 2924243827 C Co:2:005:0 0 2 >
ffff8e67f59f09c0 2924243917 S Ci:2:005:0 s c0 bc 0900 001c 0002 2 <
ffff8e67f59f09c0 2924246443 C Ci:2:005:0 0 2 = 2f6f
ffff8e67f59f09c0 2924246507 S Co:2:005:0 s 40 b9 0000 0000 0004 4 = 09016601
ffff8e67f59f09c0 2924249001 C Co:2:005:0 0 4 >
ffff8e67f59f09c0 2924249181 S Ii:2:005:3 -115:1 3 <
ffff8e67f59f09c0 2924250351 C Ii:2:005:3 0:1 3 = 100000
ffff8e67f59f09c0 2924250424 S Ci:2:005:0 s c0 bc 0800 0016 0002 2 <
ffff8e67f59f09c0 2924252880 C Ci:2:005:0 0 2 = 0900
ffff8e67f59f09c0 2924253080 S Ci:2:005:0 s c0 bc 0900 001c 0002 2 <
ffff8e67f59f09c0 2924255553 C Ci:2:005:0 0 2 = 2f6f
ffff8e67f59f09c0 2924255726 S Ci:2:005:0 s c0 bc 0800 23be 0004 4 <
ffff8e67f59f09c0 2924258288 C Ci:2:005:0 0 4 = 000091e0
ffff8e67f59f09c0 2924258472 S Co:2:005:0 s 40 bc 0800 00c0 0004 4 = 9989ec00
ffff8e67f59f09c0 2924260945 C Co:2:005:0 0 4 >
ffff8e67f59f09c0 2924261131 S Co:2:005:0 s 40 b9 0000 0000 0004 4 = 09006603
ffff8e67f59f09c0 2924263604 C Co:2:005:0 0 4 >
ffff8e67f59f09c0 2924263679 S Ii:2:005:3 -115:1 3 <
ffff8e67f59f09c0 2924264787 C Ii:2:005:3 0:1 3 = 100000
ffff8e67f59f09c0 2924264953 S Ci:2:005:0 s c0 bc 0800 0016 0002 2 <
ffff8e67f59f09c0 2924267616 C Ci:2:005:0 0 2 = 0900
ffff8e67f59f09c0 2924267800 S Ci:2:005:0 s c0 bc 0900 001c 0002 2 <
ffff8e67f59f09c0 2924270223 C Ci:2:005:0 0 2 = 2f6f
ffff8e67f59f09c0 2924270306 S Ci:2:005:0 s c0 bc 0800 23be 0002 2 <
ffff8e67f59f09c0 2924272889 C Ci:2:005:0 0 2 = 0000
ffff8e67f59f09c0 2924273075 S Co:2:005:0 s 40 bc 0900 0014 0002 2 = d39e
ffff8e67f59f09c0 2924275574 C Co:2:005:0 0 2 >
ffff8e67f59f09c0 2924275735 S Ci:2:005:0 s c0 bc 0900 001c 0002 2 <
ffff8e67f59f09c0 2924278234 C Ci:2:005:0 0 2 = 2f6f
ffff8e67f59f09c0 2924278391 S Co:2:005:0 s 40 b9 0000 0000 0004 4 = 09016601
ffff8e67f59f09c0 2924280839 C Co:2:005:0 0 4 >
ffff8e67f59f09c0 2924281074 S Ii:2:005:3 -115:1 3 <
ffff8e67f59f09c0 2924282142 C Ii:2:005:3 0:1 3 = 100000
ffff8e67f59f09c0 2924282297 S Ci:2:005:0 s c0 bc 0800 0016 0002 2 <
ffff8e67f59f09c0 2924285010 C Ci:2:005:0 0 2 = 0900
ffff8e67f59f09c0 2924285106 S Ci:2:005:0 s c0 bc 0900 001c 0002 2 <
ffff8e67f59f09c0 2924287665 C Ci:2:005:0 0 2 = 2f6f
ffff8e67f59f09c0 2924287785 S Ci:2:005:0 s c0 bc 0800 23be 0004 4 <
ffff8e67f59f09c0 2924290254 C Ci:2:005:0 0 4 = 000089e0
ffff8e67f59f09c0 2924290414 S Co:2:005:0 s 40 bc 0800 00c0 0004 4 = 9989ec00
ffff8e67f59f09c0 2924292898 C Co:2:005:0 0 4 >
ffff8e67f59f09c0 2924293081 S Co:2:005:0 s 40 b9 0000 0000 0004 4 = 09006603
ffff8e67f59f09c0 2924295611 C Co:2:005:0 0 4 >
ffff8e67f59f09c0 2924295704 S Ii:2:005:3 -115:1 3 <
ffff8e67f59f09c0 2924296882 C Ii:2:005:3 0:1 3 = 100000
ffff8e67f59f09c0 2924297042 S Ci:2:005:0 s c0 bc 0800 0016 0002 2 <
ffff8e67f59f09c0 2924299480 C Ci:2:005:0 0 2 = 0900
ffff8e67f59f09c0 2924299641 S Ci:2:005:0 s c0 bc 0900 001c 0002 2 <
ffff8e67f59f09c0 2924302231 C Ci:2:005:0 0 2 = 2f6f
ffff8e67f59f09c0 2924302321 S Ci:2:005:0 s c0 bc 0800 23be 0002 2 <
ffff8e67f59f09c0 2924304866 C Ci:2:005:0 0 2 = 0000
ffff8e67f59f09c0 2924305113 S Co:2:005:0 s 40 bc 0900 0014 0002 2 = d39e
ffff8e67f59f09c0 2924307544 C Co:2:005:0 0 2 >
ffff8e67f59f09c0 2924307703 S Ci:2:005:0 s c0 bc 0900 001c 0002 2 <
ffff8e67f59f09c0 2924310205 C Ci:2:005:0 0 2 = 2f6f
ffff8e67f59f09c0 2924310306 S Co:2:005:0 s 40 b9 0000 0000 0004 4 = 09016601
ffff8e67f59f09c0 2924312936 C Co:2:005:0 0 4 >
ffff8e67f59f09c0 2924313156 S Ii:2:005:3 -115:1 3 <
ffff8e67f59f09c0 2924314280 C Ii:2:005:3 0:1 3 = 100000
ffff8e67f59f09c0 2924314438 S Ci:2:005:0 s c0 bc 0800 0016 0002 2 <
ffff8e67f59f09c0 2924317115 C Ci:2:005:0 0 2 = 0900
ffff8e67f59f09c0 2924317253 S Ci:2:005:0 s c0 bc 0900 001c 0002 2 <
ffff8e67f59f09c0 2924319831 C Ci:2:005:0 0 2 = 2f6f
ffff8e67f59f09c0 2924320028 S Ci:2:005:0 s c0 bc 0800 23be 0004 4 <
ffff8e67f59f09c0 2924322543 C Ci:2:005:0 0 4 = 000087e0
ffff8e67f59f09c0 2924322731 S Co:2:005:0 s 40 bc 0800 00c0 0004 4 = 9989ec00
ffff8e67f59f09c0 2924325234 C Co:2:005:0 0 4 >
ffff8e67f59f09c0 2924325325 S Co:2:005:0 s 40 b9 0000 0000 0004 4 = 09006603
ffff8e67f59f09c0 2924327879 C Co:2:005:0 0 4 >
ffff8e67f59f09c0 2924328084 S Ii:2:005:3 -115:1 3 <
ffff8e67f59f09c0 2924329221 C Ii:2:005:3 0:1 3 = 100000
ffff8e67f59f09c0 2924329294 S Ci:2:005:0 s c0 bc 0800 0016 0002 2 <
ffff8e67f59f09c0 2924331883 C Ci:2:005:0 0 2 = 0900
ffff8e67f59f09c0 2924332064 S Ci:2:005:0 s c0 bc 0900 001c 0002 2 <
ffff8e67f59f09c0 2924334569 C Ci:2:005:0 0 2 = 2f6f
ffff8e67f59f09c0 2924334765 S Ci:2:005:0 s c0 bc 0800 23be 0002 2 <
ffff8e67f59f09c0 2924337336 C Ci:2:005:0 0 2 = 0000
ffff8e67f59f09c0 2924337520 S Co:2:005:0 s 40 bc 0900 0014 0002 2 = d39e
ffff8e67f59f09c0 2924340064 C Co:2:005:0 0 2 >
ffff8e67f59f09c0 2924340253 S Ci:2:005:0 s c0 bc 0900 001c 0002 2 <
ffff8e67f59f09c0 2924342747 C Ci:2:005:0 0 2 = 2f6f
ffff8e67f59f09c0 2924342991 S Co:2:005:0 s 40 b9 0000 0000 0004 4 = 09016601
ffff8e67f59f09c0 2924345354 C Co:2:005:0 0 4 >
ffff8e67f59f09c0 2924345530 S Ii:2:005:3 -115:1 3 <
ffff8e67f59f09c0 2924346824 C Ii:2:005:3 0:1 3 = 100000
ffff8e67f59f09c0 2924346938 S Ci:2:005:0 s c0 bc 0800 0016 0002 2 <
ffff8e67f59f09c0 2924349606 C Ci:2:005:0 0 2 = 0900
ffff8e67f59f09c0 2924349838 S Ci:2:005:0 s c0 bc 0900 001c 0002 2 <
ffff8e67f59f09c0 2924352340 C Ci:2:005:0 0 2 = 2f6f
ffff8e67f59f09c0 2924352458 S Ci:2:005:0 s c0 bc 0800 23be 0004 4 <
ffff8e67f59f09c0 2924355051 C Ci:2:005:0 0 4 = 000087e0
ffff8e67f59f09c0 2924355248 S Co:2:005:0 s 40 bc 0800 00c0 0004 4 = 9989ec00
ffff8e67f59f09c0 2924357860 C Co:2:005:0 0 4 >
ffff8e67f59f09c0 2924358075 S Co:2:005:0 s 40 b9 0000 0000 0004 4 = 09006603
ffff8e67f59f09c0 2924360591 C Co:2:005:0 0 4 >
ffff8e67f59f09c0 2924360701 S Ii:2:005:3 -115:1 3 <
ffff8e67f59f09c0 2924361906 C Ii:2:005:3 0:1 3 = 100000
ffff8e67f59f09c0 2924362084 S Ci:2:005:0 s c0 bc 0800 0016 0002 2 <
ffff8e67f59f09c0 2924364750 C Ci:2:005:0 0 2 = 0900
ffff8e67f59f09c0 2924364895 S Ci:2:005:0 s c0 bc 0900 001c 0002 2 <
ffff8e67f59f09c0 2924367510 C Ci:2:005:0 0 2 = 2f6f
ffff8e67f59f09c0 2924367589 S Ci:2:005:0 s c0 bc 0800 23be 0002 2 <
ffff8e67f59f09c0 2924370211 C Ci:2:005:0 0 2 = 0000
ffff8e67f59f09c0 2924370398 S Co:2:005:0 s 40 bc 0900 0014 0002 2 = d39e
ffff8e67f59f09c0 2924372978 C Co:2:005:0 0 2 >
ffff8e67f59f09c0 2924373129 S Ci:2:005:0 s c0 bc 0900 001c 0002 2 <
ffff8e67f59f09c0 2924375734 C Ci:2:005:0 0 2 = 2f6f
ffff8e67f59f09c0 2924376041 S Co:2:005:0 s 40 b9 0000 0000 0004 4 = 09016601
ffff8e67f59f09c0 2924378416 C Co:2:005:0 0 4 >
ffff8e67f59f09c0 2924378506 S Ii:2:005:3 -115:1 3 <
ffff8e67f59f09c0 2924379778 C Ii:2:005:3 0:1 3 = 100000
ffff8e67f59f09c0 2924380008 S Ci:2:005:0 s c0 bc 0800 0016 0002 2 <
ffff8e67f59f09c0 2924382590 C Ci:2:005:0 0 2 = 0900
ffff8e67f59f09c0 2924382809 S Ci:2:005:0 s c0 bc 0900 001c 0002 2 <
ffff8e67f59f09c0 2924385368 C Ci:2:005:0 0 2 = 2f6f
ffff8e67f59f09c0 2924385504 S Ci:2:005:0 s c0 bc 0800 23be 0004 4 <
ffff8e67f59f09c0 2924388054 C Ci:2:005:0 0 4 = 0000b1e0
ffff8e67f59f09c0 2924388245 S Co:2:005:0 s 40 bc 0800 00c0 0002 2 = 1089
ffff8e67f59f09c0 2924390830 C Co:2:005:0 0 2 >
ffff8e67f59f09c0 2924390983 S Co:2:005:0 s 40 b9 0000 0000 0004 4 = 09009802
ffff8e67f59f09c0 2924393553 C Co:2:005:0 0 4 >
ffff8e67f59f09c0 2924393713 S Ii:2:005:3 -115:1 3 <
ffff8e67f59f09c0 2924394910 C Ii:2:005:3 0:1 3 = 100000
ffff8e67f59f09c0 2924395113 S Ci:2:005:0 s c0 bc 0800 0016 0002 2 <
ffff8e67f59f09c0 2924397766 C Ci:2:005:0 0 2 = 0900
ffff8e67f59f09c0 2924398011 S Ci:2:005:0 s c0 bc 0900 001c 0002 2 <
ffff8e67f59f09c0 2924400491 C Ci:2:005:0 0 2 = 2f6f
ffff8e67f59f09c0 2924400607 S Ci:2:005:0 s c0 bc 0800 23be 0002 2 <
ffff8e67f59f09c0 2924403173 C Ci:2:005:0 0 2 = 0000
ffff8e67f59f09c0 2924403311 S Co:2:005:0 s 40 bc 0900 0014 0002 2 = d39e
ffff8e67f59f09c0 2924405997 C Co:2:005:0 0 2 >
ffff8e67f59f09c0 2924406188 S Ci:2:005:0 s c0 bc 0900 001c 0002 2 <
ffff8e67f59f09c0 2924408751 C Ci:2:005:0 0 2 = 2f6f
ffff8e67f59f09c0 2924408946 S Co:2:005:0 s 40 bc 0800 00c0 0002 2 = 1581
ffff8e67f59f09c0 2924411436 C Co:2:005:0 0 2 >
ffff8e67f59f09c0 2924411630 S Co:2:005:0 s 40 b9 0000 0000 0004 4 = 09009802
ffff8e67f59f09c0 2924414137 C Co:2:005:0 0 4 >
ffff8e67f59f09c0 2924414247 S Ii:2:005:3 -115:1 3 <
ffff8e67f59f09c0 2924415627 C Ii:2:005:3 0:1 3 = 100000
ffff8e67f59f09c0 2924415813 S Ci:2:005:0 s c0 bc 0800 0016 0002 2 <
ffff8e67f59f09c0 2924418446 C Ci:2:005:0 0 2 = 0900
ffff8e67f59f09c0 2924418579 S Ci:2:005:0 s c0 bc 0900 001c 0002 2 <
ffff8e67f59f09c0 2924421103 C Ci:2:005:0 0 2 = 2f6f
ffff8e67f59f09c0 2924421275 S Ci:2:005:0 s c0 bc 0800 23be 0002 2 <
ffff8e67f59f09c0 2924423848 C Ci:2:005:0 0 2 = 0000
ffff8e67f59f09c0 2924424074 S Co:2:005:0 s 40 bc 0900 0014 0002 2 = d39e
ffff8e67f59f09c0 2924426582 C Co:2:005:0 0 2 >
ffff8e67f59f09c0 2924426693 S Ci:2:005:0 s c0 bc 0900 001c 0002 2 <
ffff8e67f59f09c0 2924429364 C Ci:2:005:0 0 2 = 2f6f
ffff8e67f59f09c0 2924429437 S Co:2:005:0 s 40 bc 0800 00c0 0002 2 = 658a
ffff8e67f59f09c0 2924432026 C Co:2:005:0 0 2 >
ffff8e67f59f09c0 2924432238 S Co:2:005:0 s 40 b9 0000 0000 0004 4 = 09009802
ffff8e67f59f09c0 2924434846 C Co:2:005:0 0 4 >
ffff8e67f59f09c0 2924435009 S Ii:2:005:3 -115:1 3 <
ffff8e67f59f09c0 2924436190 C Ii:2:005:3 0:1 3 = 100000
ffff8e67f59f09c0 2924436292 S Ci:2:005:0 s c0 bc 0800 0016 0002 2 <
ffff8e67f59f09c0 2924438957 C Ci:2:005:0 0 2 = 0900
ffff8e67f59f09c0 2924439067 S Ci:2:005:0 s c0 bc 0900 001c 0002 2 <
ffff8e67f59f09c0 2924441651 C Ci:2:005:0 0 2 = 2f6f
ffff8e67f59f09c0 2924441720 S Ci:2:005:0 s c0 bc 0800 23be 0002 2 <
ffff8e67f59f09c0 2924444232 C Ci:2:005:0 0 2 = 0000
ffff8e67f59f09c0 2924444392 S Co:2:005:0 s 40 bc 0900 0014 0002 2 = d39e
ffff8e67f59f09c0 2924446915 C Co:2:005:0 0 2 >
ffff8e67f59f09c0 2924447149 S Ci:2:005:0 s c0 bc 0900 001c 0002 2 <
ffff8e67f59f09c0 2924449621 C Ci:2:005:0 0 2 = 2f6f
ffff8e67f59f09c0 2924449818 S Co:2:005:0 s 40 bc 0800 00c0 0002 2 = 1089
ffff8e67f59f09c0 2924452314 C Co:2:005:0 0 2 >
ffff8e67f59f09c0 2924452503 S Co:2:005:0 s 40 b9 0000 0000 0004 4 = 09009802
ffff8e67f59f09c0 2924455167 C Co:2:005:0 0 4 >
ffff8e67f59f09c0 2924455274 S Ii:2:005:3 -115:1 3 <
ffff8e67f59f09c0 2924456551 C Ii:2:005:3 0:1 3 = 100000
ffff8e67f59f09c0 2924456629 S Ci:2:005:0 s c0 bc 0800 0016 0002 2 <
ffff8e67f59f09c0 2924459290 C Ci:2:005:0 0 2 = 0900
ffff8e67f59f09c0 2924459388 S Ci:2:005:0 s c0 bc 0900 001c 0002 2 <
ffff8e67f59f09c0 2924461913 C Ci:2:005:0 0 2 = 2f6f
ffff8e67f59f09c0 2924462144 S Ci:2:005:0 s c0 bc 0800 23be 0002 2 <
ffff8e67f59f09c0 2924464693 C Ci:2:005:0 0 2 = 0000
ffff8e67f59f09c0 2924464882 S Co:2:005:0 s 40 bc 0900 0014 0002 2 = d39e
ffff8e67f59f09c0 2924467453 C Co:2:005:0 0 2 >
ffff8e67f59f09c0 2924467516 S Ci:2:005:0 s c0 bc 0900 001c 0002 2 <
ffff8e67f59f09c0 2924470213 C Ci:2:005:0 0 2 = 2f6f
ffff8e67f59f09c0 2924470401 S Co:2:005:0 s 40 bc 0800 00c0 0002 2 = 1128
ffff8e67f59f09c0 2924472979 C Co:2:005:0 0 2 >
ffff8e67f59f09c0 2924473109 S Co:2:005:0 s 40 b9 0000 0000 0004 4 = 09009802
ffff8e67f59f09c0 2924475853 C Co:2:005:0 0 4 >
ffff8e67f59f09c0 2924475963 S Ii:2:005:3 -115:1 3 <
ffff8e67f59f09c0 2924477199 C Ii:2:005:3 0:1 3 = 100000
ffff8e67f59f09c0 2924477283 S Ci:2:005:0 s c0 bc 0800 0016 0002 2 <
ffff8e67f59f09c0 2924479865 C Ci:2:005:0 0 2 = 0900
ffff8e67f59f09c0 2924480032 S Ci:2:005:0 s c0 bc 0900 001c 0002 2 <
ffff8e67f59f09c0 2924482619 C Ci:2:005:0 0 2 = 2f6f
ffff8e67f59f09c0 2924482708 S Ci:2:005:0 s c0 bc 0800 23be 0002 2 <
ffff8e67f59f09c0 2924485298 C Ci:2:005:0 0 2 = 0000
ffff8e67f59f09c0 2924485485 S Co:2:005:0 s 40 bc 0900 0014 0002 2 = d39e
ffff8e67f59f09c0 2924488068 C Co:2:005:0 0 2 >
ffff8e67f59f09c0 2924488266 S Ci:2:005:0 s c0 bc 0900 001c 0002 2 <
ffff8e67f59f09c0 2924490893 C Ci:2:005:0 0 2 = 2f6f
ffff8e67f59f09c0 2924491003 S Co:2:005:0 s 40 bc 0800 00c0 0002 2 = 12a8
ffff8e67f59f09c0 2924493556 C Co:2:005:0 0 2 >
ffff8e67f59f09c0 2924493742 S Co:2:005:0 s 40 b9 0000 0000 0004 4 = 09009802
ffff8e67f59f09c0 2924496290 C Co:2:005:0 0 4 >
ffff8e67f59f09c0 2924496379 S Ii:2:005:3 -115:1 3 <
ffff8e67f59f09c0 2924497696 C Ii:2:005:3 0:1 3 = 100000
ffff8e67f59f09c0 2924497776 S Ci:2:005:0 s c0 bc 0800 0016 0002 2 <
ffff8e67f59f09c0 2924500496 C Ci:2:005:0 0 2 = 0900
ffff8e67f59f09c0 2924500605 S Ci:2:005:0 s c0 bc 0900 001c 0002 2 <
ffff8e67f59f09c0 2924503233 C Ci:2:005:0 0 2 = 2f6f
ffff8e67f59f09c0 2924503427 S Ci:2:005:0 s c0 bc 0800 23be 0002 2 <
ffff8e67f59f09c0 2924505943 C Ci:2:005:0 0 2 = 0000
ffff8e67f59f09c0 2924506150 S Co:2:005:0 s 40 bc 0900 0014 0002 2 = d39e
ffff8e67f59f09c0 2924508789 C Co:2:005:0 0 2 >
ffff8e67f59f09c0 2924508948 S Ci:2:005:0 s c0 bc 0900 001c 0002 2 <
ffff8e67f59f09c0 2924511512 C Ci:2:005:0 0 2 = 2f6f
ffff8e67f59f09c0 2924511682 S Co:2:005:0 s 40 bc 0800 00c0 0002 2 = 13a8
ffff8e67f59f09c0 2924514245 C Co:2:005:0 0 2 >
ffff8e67f59f09c0 2924514400 S Co:2:005:0 s 40 b9 0000 0000 0004 4 = 09009802
ffff8e67f59f09c0 2924516844 C Co:2:005:0 0 4 >
ffff8e67f59f09c0 2924517032 S Ii:2:005:3 -115:1 3 <
ffff8e67f59f09c0 2924518210 C Ii:2:005:3 0:1 3 = 100000
ffff8e67f59f09c0 2924518319 S Ci:2:005:0 s c0 bc 0800 0016 0002 2 <
ffff8e67f59f09c0 2924521060 C Ci:2:005:0 0 2 = 0900
ffff8e67f59f09c0 2924521257 S Ci:2:005:0 s c0 bc 0900 001c 0002 2 <
ffff8e67f59f09c0 2924523839 C Ci:2:005:0 0 2 = 2f6f
ffff8e67f59f09c0 2924524055 S Ci:2:005:0 s c0 bc 0800 23be 0002 2 <
ffff8e67f59f09c0 2924526553 C Ci:2:005:0 0 2 = 0000
ffff8e67f59f09c0 2924526745 S Co:2:005:0 s 40 bc 0900 0014 0002 2 = d39e
ffff8e67f59f09c0 2924529321 C Co:2:005:0 0 2 >
ffff8e67f59f09c0 2924529513 S Ci:2:005:0 s c0 bc 0900 001c 0002 2 <
ffff8e67f59f09c0 2924531934 C Ci:2:005:0 0 2 = 2f6f
ffff8e67f59f09c0 2924532112 S Co:2:005:0 s 40 bc 0800 00c0 0002 2 = 1488
ffff8e67f59f09c0 2924534658 C Co:2:005:0 0 2 >
ffff8e67f59f09c0 2924534818 S Co:2:005:0 s 40 b9 0000 0000 0004 4 = 09009802
ffff8e67f59f09c0 2924537364 C Co:2:005:0 0 4 >
ffff8e67f59f09c0 2924537545 S Ii:2:005:3 -115:1 3 <
ffff8e67f59f09c0 2924538799 C Ii:2:005:3 0:1 3 = 100000
ffff8e67f59f09c0 2924538905 S Ci:2:005:0 s c0 bc 0800 0016 0002 2 <
ffff8e67f59f09c0 2924541611 C Ci:2:005:0 0 2 = 0900
ffff8e67f59f09c0 2924541806 S Ci:2:005:0 s c0 bc 0900 001c 0002 2 <
ffff8e67f59f09c0 2924544342 C Ci:2:005:0 0 2 = 2f6f
ffff8e67f59f09c0 2924544550 S Ci:2:005:0 s c0 bc 0800 23be 0002 2 <
ffff8e67f59f09c0 2924547013 C Ci:2:005:0 0 2 = 0000
ffff8e67f59f09c0 2924547188 S Co:2:005:0 s 40 bc 0900 0014 0002 2 = d39e
ffff8e67f59f09c0 2924549753 C Co:2:005:0 0 2 >
ffff8e67f59f09c0 2924549924 S Ci:2:005:0 s c0 bc 0900 001c 0002 2 <
ffff8e67f59f09c0 2924552463 C Ci:2:005:0 0 2 = 2f6f
ffff8e67f59f09c0 2924552638 S Co:2:005:0 s 40 bc 0800 00c0 0002 2 = 158b
ffff8e67f59f09c0 2924555181 C Co:2:005:0 0 2 >
ffff8e67f59f09c0 2924555406 S Co:2:005:0 s 40 b9 0000 0000 0004 4 = 09009802
ffff8e67f59f09c0 2924557883 C Co:2:005:0 0 4 >
ffff8e67f59f09c0 2924558073 S Ii:2:005:3 -115:1 3 <
ffff8e67f59f09c0 2924559167 C Ii:2:005:3 0:1 3 = 100000
ffff8e67f59f09c0 2924559382 S Ci:2:005:0 s c0 bc 0800 0016 0002 2 <
ffff8e67f59f09c0 2924561834 C Ci:2:005:0 0 2 = 0900
ffff8e67f59f09c0 2924562025 S Ci:2:005:0 s c0 bc 0900 001c 0002 2 <
ffff8e67f59f09c0 2924564460 C Ci:2:005:0 0 2 = 2f6f
ffff8e67f59f09c0 2924564675 S Ci:2:005:0 s c0 bc 0800 23be 0002 2 <
ffff8e67f59f09c0 2924567181 C Ci:2:005:0 0 2 = 0000
ffff8e67f59f09c0 2924567352 S Co:2:005:0 s 40 bc 0900 0014 0002 2 = d39e
ffff8e67f59f09c0 2924569806 C Co:2:005:0 0 2 >
ffff8e67f59f09c0 2924570010 S Ci:2:005:0 s c0 bc 0900 001c 0002 2 <
ffff8e67f59f09c0 2924572457 C Ci:2:005:0 0 2 = 2f6f
ffff8e67f59f09c0 2924572767 S Co:2:005:0 s 40 bc 0800 00c0 0004 4 = 9989ed00
ffff8e67f59f09c0 2924575067 C Co:2:005:0 0 4 >
ffff8e67f59f09c0 2924575290 S Co:2:005:0 s 40 b9 0000 0000 0004 4 = 09006603
ffff8e67f59f09c0 2924577850 C Co:2:005:0 0 4 >
ffff8e67f59f09c0 2924578101 S Ii:2:005:3 -115:1 3 <
ffff8e67f59f09c0 2924579211 C Ii:2:005:3 0:1 3 = 100000
ffff8e67f59f09c0 2924579320 S Ci:2:005:0 s c0 bc 0800 0016 0002 2 <
ffff8e67f59f09c0 2924581966 C Ci:2:005:0 0 2 = 0900
ffff8e67f59f09c0 2924582161 S Ci:2:005:0 s c0 bc 0900 001c 0002 2 <
ffff8e67f59f09c0 2924584713 C Ci:2:005:0 0 2 = 2f6f
ffff8e67f59f09c0 2924585051 S Ci:2:005:0 s c0 bc 0800 23be 0002 2 <
ffff8e67f59f09c0 2924587493 C Ci:2:005:0 0 2 = 0000
ffff8e67f59f09c0 2924587660 S Co:2:005:0 s 40 bc 0900 0014 0002 2 = d39e
ffff8e67f59f09c0 2924590187 C Co:2:005:0 0 2 >
ffff8e67f59f09c0 2924590482 S Ci:2:005:0 s c0 bc 0900 001c 0002 2 <
ffff8e67f59f09c0 2924592831 C Ci:2:005:0 0 2 = 2f6f
ffff8e67f59f09c0 2924593029 S Co:2:005:0 s 40 b9 0000 0000 0004 4 = 09016601
ffff8e67f59f09c0 2924595440 C Co:2:005:0 0 4 >
ffff8e67f59f09c0 2924595693 S Ii:2:005:3 -115:1 3 <
ffff8e67f59f09c0 2924596778 C Ii:2:005:3 0:1 3 = 100000
ffff8e67f59f09c0 2924596970 S Ci:2:005:0 s c0 bc 0800 0016 0002 2 <
ffff8e67f59f09c0 2924599489 C Ci:2:005:0 0 2 = 0900
ffff8e67f59f09c0 2924599708 S Ci:2:005:0 s c0 bc 0900 001c 0002 2 <
ffff8e67f59f09c0 2924602209 C Ci:2:005:0 0 2 = 2f6f
ffff8e67f59f09c0 2924602425 S Ci:2:005:0 s c0 bc 0800 23be 0004 4 <
ffff8e67f59f09c0 2924604830 C Ci:2:005:0 0 4 = 00007ce0
ffff8e67f59f09c0 2924605119 S Co:2:005:0 s 40 bc 0800 00c0 0004 4 = 9989ec00
ffff8e67f59f09c0 2924607480 C Co:2:005:0 0 4 >
ffff8e67f59f09c0 2924607703 S Co:2:005:0 s 40 b9 0000 0000 0004 4 = 09006603
ffff8e67f59f09c0 2924610197 C Co:2:005:0 0 4 >
ffff8e67f59f09c0 2924610372 S Ii:2:005:3 -115:1 3 <
ffff8e67f59f09c0 2924611517 C Ii:2:005:3 0:1 3 = 100000
ffff8e67f59f09c0 2924611660 S Ci:2:005:0 s c0 bc 0800 0016 0002 2 <
ffff8e67f59f09c0 2924614333 C Ci:2:005:0 0 2 = 0900
ffff8e67f59f09c0 2924614552 S Ci:2:005:0 s c0 bc 0900 001c 0002 2 <
ffff8e67f59f09c0 2924617078 C Ci:2:005:0 0 2 = 2f6f
ffff8e67f59f09c0 2924617332 S Ci:2:005:0 s c0 bc 0800 23be 0002 2 <
ffff8e67f59f09c0 2924619822 C Ci:2:005:0 0 2 = 0000
ffff8e67f59f09c0 2924619987 S Co:2:005:0 s 40 bc 0900 0014 0002 2 = d39e
ffff8e67f59f09c0 2924622592 C Co:2:005:0 0 2 >
ffff8e67f59f09c0 2924622890 S Ci:2:005:0 s c0 bc 0900 001c 0002 2 <
ffff8e67f59f09c0 2924625283 C Ci:2:005:0 0 2 = 2f6f
ffff8e67f59f09c0 2924625405 S Co:2:005:0 s 40 b9 0000 0000 0004 4 = 09016601
ffff8e67f59f09c0 2924627907 C Co:2:005:0 0 4 >
ffff8e67f59f09c0 2924628190 S Ii:2:005:3 -115:1 3 <
ffff8e67f59f09c0 2924629243 C Ii:2:005:3 0:1 3 = 100000
ffff8e67f59f09c0 2924629398 S Ci:2:005:0 s c0 bc 0800 0016 0002 2 <
ffff8e67f59f09c0 2924631950 C Ci:2:005:0 0 2 = 0900
ffff8e67f59f09c0 2924632106 S Ci:2:005:0 s c0 bc 0900 001c 0002 2 <
ffff8e67f59f09c0 2924634717 C Ci:2:005:0 0 2 = 2f6f
ffff8e67f59f09c0 2924635075 S Ci:2:005:0 s c0 bc 0800 23be 0004 4 <
ffff8e67f59f09c0 2924637433 C Ci:2:005:0 0 4 = 0000a2e0
ffff8e67f59f09c0 2924637592 S Co:2:005:0 s 40 bc 0800 00c0 0004 4 = 9989ec00
ffff8e67f59f09c0 2924640190 C Co:2:005:0 0 4 >
ffff8e67f59f09c0 2924640478 S Co:2:005:0 s 40 b9 0000 0000 0004 4 = 09006603
ffff8e67f59f09c0 2924642800 C Co:2:005:0 0 4 >
ffff8e67f59f09c0 2924642998 S Ii:2:005:3 -115:1 3 <
ffff8e67f59f09c0 2924644130 C Ii:2:005:3 0:1 3 = 100000
ffff8e67f59f09c0 2924644275 S Ci:2:005:0 s c0 bc 0800 0016 0002 2 <
ffff8e67f59f09c0 2924646848 C Ci:2:005:0 0 2 = 0900
ffff8e67f59f09c0 2924647065 S Ci:2:005:0 s c0 bc 0900 001c 0002 2 <
ffff8e67f59f09c0 2924649585 C Ci:2:005:0 0 2 = 2f6f
ffff8e67f59f09c0 2924649739 S Ci:2:005:0 s c0 bc 0800 23be 0002 2 <
ffff8e67f59f09c0 2924652283 C Ci:2:005:0 0 2 = 0000
ffff8e67f59f09c0 2924652502 S Co:2:005:0 s 40 bc 0900 0014 0002 2 = d39e
ffff8e67f59f09c0 2924654917 C Co:2:005:0 0 2 >
ffff8e67f59f09c0 2924655119 S Ci:2:005:0 s c0 bc 0900 001c 0002 2 <
ffff8e67f59f09c0 2924657581 C Ci:2:005:0 0 2 = 2f6f
ffff8e67f59f09c0 2924657729 S Co:2:005:0 s 40 b9 0000 0000 0004 4 = 09016601
ffff8e67f59f09c0 2924660264 C Co:2:005:0 0 4 >
ffff8e67f59f09c0 2924660418 S Ii:2:005:3 -115:1 3 <
ffff8e67f59f09c0 2924661465 C Ii:2:005:3 0:1 3 = 100000
ffff8e67f59f09c0 2924661616 S Ci:2:005:0 s c0 bc 0800 0016 0002 2 <
ffff8e67f59f09c0 2924664176 C Ci:2:005:0 0 2 = 0900
ffff8e67f59f09c0 2924664337 S Ci:2:005:0 s c0 bc 0900 001c 0002 2 <
ffff8e67f59f09c0 2924666793 C Ci:2:005:0 0 2 = 2f6f
ffff8e67f59f09c0 2924667074 S Ci:2:005:0 s c0 bc 0800 23be 0004 4 <
ffff8e67f59f09c0 2924669425 C Ci:2:005:0 0 4 = 00002ce0
ffff8e67f59f09c0 2924669567 S Co:2:005:0 s 40 bc 0800 00c0 0004 4 = 9989ec00
ffff8e67f59f09c0 2924672032 C Co:2:005:0 0 4 >
ffff8e67f59f09c0 2924672210 S Co:2:005:0 s 40 b9 0000 0000 0004 4 = 09006603
ffff8e67f59f09c0 2924674681 C Co:2:005:0 0 4 >
ffff8e67f59f09c0 2924674798 S Ii:2:005:3 -115:1 3 <
ffff8e67f59f09c0 2924675964 C Ii:2:005:3 0:1 3 = 100000
ffff8e67f59f09c0 2924676147 S Ci:2:005:0 s c0 bc 0800 0016 0002 2 <
ffff8e67f59f09c0 2924678693 C Ci:2:005:0 0 2 = 0900
ffff8e67f59f09c0 2924678861 S Ci:2:005:0 s c0 bc 0900 001c 0002 2 <
ffff8e67f59f09c0 2924681414 C Ci:2:005:0 0 2 = 2f6f
ffff8e67f59f09c0 2924681588 S Ci:2:005:0 s c0 bc 0800 23be 0002 2 <
ffff8e67f59f09c0 2924684029 C Ci:2:005:0 0 2 = 0000
ffff8e67f59f09c0 2924684209 S Co:2:005:0 s 40 bc 0900 0014 0002 2 = d39e
ffff8e67f59f09c0 2924686664 C Co:2:005:0 0 2 >
ffff8e67f59f09c0 2924686823 S Ci:2:005:0 s c0 bc 0900 001c 0002 2 <
ffff8e67f59f09c0 2924689245 C Ci:2:005:0 0 2 = 2f6f
ffff8e67f59f09c0 2924689414 S Co:2:005:0 s 40 b9 0000 0000 0004 4 = 09016601
ffff8e67f59f09c0 2924691877 C Co:2:005:0 0 4 >
ffff8e67f59f09c0 2924691981 S Ii:2:005:3 -115:1 3 <
ffff8e67f59f09c0 2924693096 C Ii:2:005:3 0:1 3 = 100000
ffff8e67f59f09c0 2924693231 S Ci:2:005:0 s c0 bc 0800 0016 0002 2 <
ffff8e67f59f09c0 2924695675 C Ci:2:005:0 0 2 = 0900
ffff8e67f59f09c0 2924695812 S Ci:2:005:0 s c0 bc 0900 001c 0002 2 <
ffff8e67f59f09c0 2924698258 C Ci:2:005:0 0 2 = 2f6f
ffff8e67f59f09c0 2924698412 S Ci:2:005:0 s c0 bc 0800 23be 0004 4 <
ffff8e67f59f09c0 2924700904 C Ci:2:005:0 0 4 = 000059e0
ffff8e67f59f09c0 2924701072 S Co:2:005:0 s 40 bc 0800 00c0 0004 4 = 9989ec00
ffff8e67f59f09c0 2924703530 C Co:2:005:0 0 4 >
ffff8e67f59f09c0 2924703711 S Co:2:005:0 s 40 b9 0000 0000 0004 4 = 09006603
ffff8e67f59f09c0 2924706186 C Co:2:005:0 0 4 >
ffff8e67f59f09c0 2924706225 S Ii:2:005:3 -115:1 3 <
ffff8e67f59f09c0 2924707346 C Ii:2:005:3 0:1 3 = 100000
ffff8e67f59f09c0 2924707472 S Ci:2:005:0 s c0 bc 0800 0016 0002 2 <
ffff8e67f59f09c0 2924710017 C Ci:2:005:0 0 2 = 0900
ffff8e67f59f09c0 2924710176 S Ci:2:005:0 s c0 bc 0900 001c 0002 2 <
ffff8e67f59f09c0 2924712648 C Ci:2:005:0 0 2 = 2f6f
ffff8e67f59f09c0 2924712775 S Ci:2:005:0 s c0 bc 0800 23be 0002 2 <
ffff8e67f59f09c0 2924715250 C Ci:2:005:0 0 2 = 0000
ffff8e67f59f09c0 2924715413 S Co:2:005:0 s 40 bc 0900 0014 0002 2 = d39e
ffff8e67f59f09c0 2924717926 C Co:2:005:0 0 2 >
ffff8e67f59f09c0 2924718107 S Ci:2:005:0 s c0 bc 0900 001c 0002 2 <
ffff8e67f59f09c0 2924720683 C Ci:2:005:0 0 2 = 2f6f
ffff8e67f59f09c0 2924721039 S Co:2:005:0 s 40 b9 0000 0000 0004 4 = 09016601
ffff8e67f59f09c0 2924723243 C Co:2:005:0 0 4 >
ffff8e67f59f09c0 2924723366 S Ii:2:005:3 -115:1 3 <
ffff8e67f59f09c0 2924724466 C Ii:2:005:3 0:1 3 = 100000
ffff8e67f59f09c0 2924724634 S Ci:2:005:0 s c0 bc 0800 0016 0002 2 <
ffff8e67f59f09c0 2924727143 C Ci:2:005:0 0 2 = 0900
ffff8e67f59f09c0 2924727296 S Ci:2:005:0 s c0 bc 0900 001c 0002 2 <
ffff8e67f59f09c0 2924729790 C Ci:2:005:0 0 2 = 2f6f
ffff8e67f59f09c0 2924729898 S Ci:2:005:0 s c0 bc 0800 23be 0004 4 <
ffff8e67f59f09c0 2924732407 C Ci:2:005:0 0 4 = 0000dee0
ffff8e67f59f09c0 2924732549 S Co:2:005:0 s 40 bc 0800 00c0 0004 4 = 9989ec00
ffff8e67f59f09c0 2924734997 C Co:2:005:0 0 4 >
ffff8e67f59f09c0 2924735129 S Co:2:005:0 s 40 b9 0000 0000 0004 4 = 09006603
ffff8e67f59f09c0 2924737638 C Co:2:005:0 0 4 >
ffff8e67f59f09c0 2924737892 S Ii:2:005:3 -115:1 3 <
ffff8e67f59f09c0 2924738823 C Ii:2:005:3 0:1 3 = 100000
ffff8e67f59f09c0 2924738969 S Ci:2:005:0 s c0 bc 0800 0016 0002 2 <
ffff8e67f59f09c0 2924741521 C Ci:2:005:0 0 2 = 0900
ffff8e67f59f09c0 2924741656 S Ci:2:005:0 s c0 bc 0900 001c 0002 2 <
ffff8e67f59f09c0 2924744130 C Ci:2:005:0 0 2 = 2f6f
ffff8e67f59f09c0 2924744272 S Ci:2:005:0 s c0 bc 0800 23be 0002 2 <
ffff8e67f59f09c0 2924746641 C Ci:2:005:0 0 2 = 0000
ffff8e67f59f09c0 2924746795 S Co:2:005:0 s 40 bc 0900 0014 0002 2 = d39e
ffff8e67f59f09c0 2924749230 C Co:2:005:0 0 2 >
ffff8e67f59f09c0 2924749364 S Ci:2:005:0 s c0 bc 0900 001c 0002 2 <
ffff8e67f59f09c0 2924751877 C Ci:2:005:0 0 2 = 2f6f
ffff8e67f59f09c0 2924751983 S Co:2:005:0 s 40 b9 0000 0000 0004 4 = 09016601
ffff8e67f59f09c0 2924754620 C Co:2:005:0 0 4 >
ffff8e67f59f09c0 2924754751 S Ii:2:005:3 -115:1 3 <
ffff8e67f59f09c0 2924755829 C Ii:2:005:3 0:1 3 = 100000
ffff8e67f59f09c0 2924755943 S Ci:2:005:0 s c0 bc 0800 0016 0002 2 <
ffff8e67f59f09c0 2924758515 C Ci:2:005:0 0 2 = 0900
ffff8e67f59f09c0 2924758666 S Ci:2:005:0 s c0 bc 0900 001c 0002 2 <
ffff8e67f59f09c0 2924761129 C Ci:2:005:0 0 2 = 2f6f
ffff8e67f59f09c0 2924761264 S Ci:2:005:0 s c0 bc 0800 23be 0004 4 <
ffff8e67f59f09c0 2924763766 C Ci:2:005:0 0 4 = 00002de0
ffff8e67f59f09c0 2924763963 S Co:2:005:0 s 40 bc 0800 00c0 0004 4 = 9989ec00
ffff8e67f59f09c0 2924766364 C Co:2:005:0 0 4 >
ffff8e67f59f09c0 2924766479 S Co:2:005:0 s 40 b9 0000 0000 0004 4 = 09006603
ffff8e67f59f09c0 2924768987 C Co:2:005:0 0 4 >
ffff8e67f59f09c0 2924769149 S Ii:2:005:3 -115:1 3 <
ffff8e67f59f09c0 2924770186 C Ii:2:005:3 0:1 3 = 100000
ffff8e67f59f09c0 2924770343 S Ci:2:005:0 s c0 bc 0800 0016 0002 2 <
ffff8e67f59f09c0 2924772868 C Ci:2:005:0 0 2 = 0900
ffff8e67f59f09c0 2924773051 S Ci:2:005:0 s c0 bc 0900 001c 0002 2 <
ffff8e67f59f09c0 2924775580 C Ci:2:005:0 0 2 = 2f6f
ffff8e67f59f09c0 2924775692 S Ci:2:005:0 s c0 bc 0800 23be 0002 2 <
ffff8e67f59f09c0 2924778184 C Ci:2:005:0 0 2 = 0000
ffff8e67f59f09c0 2924778299 S Co:2:005:0 s 40 bc 0900 0014 0002 2 = d39e
ffff8e67f59f09c0 2924780693 C Co:2:005:0 0 2 >
ffff8e67f59f09c0 2924780824 S Ci:2:005:0 s c0 bc 0900 001c 0002 2 <
ffff8e67f59f09c0 2924783329 C Ci:2:005:0 0 2 = 2f6f
ffff8e67f59f09c0 2924783465 S Co:2:005:0 s 40 b9 0000 0000 0004 4 = 09016601
ffff8e67f59f09c0 2924785945 C Co:2:005:0 0 4 >
ffff8e67f59f09c0 2924786089 S Ii:2:005:3 -115:1 3 <
ffff8e67f59f09c0 2924787197 C Ii:2:005:3 0:1 3 = 100000
ffff8e67f59f09c0 2924787298 S Ci:2:005:0 s c0 bc 0800 0016 0002 2 <
ffff8e67f59f09c0 2924789828 C Ci:2:005:0 0 2 = 0900
ffff8e67f59f09c0 2924789977 S Ci:2:005:0 s c0 bc 0900 001c 0002 2 <
ffff8e67f59f09c0 2924792454 C Ci:2:005:0 0 2 = 2f6f
ffff8e67f59f09c0 2924792542 S Ci:2:005:0 s c0 bc 0800 23be 0004 4 <
ffff8e67f59f09c0 2924795077 C Ci:2:005:0 0 4 = 00003de0
ffff8e67f59f09c0 2924795160 S Co:2:005:0 s 40 bc 0800 00c0 0004 4 = 9989ec00
ffff8e67f59f09c0 2924797712 C Co:2:005:0 0 4 >
ffff8e67f59f09c0 2924797848 S Co:2:005:0 s 40 b9 0000 0000 0004 4 = 09006603
ffff8e67f59f09c0 2924800336 C Co:2:005:0 0 4 >
ffff8e67f59f09c0 2924800421 S Ii:2:005:3 -115:1 3 <
ffff8e67f59f09c0 2924801561 C Ii:2:005:3 0:1 3 = 100000
ffff8e67f59f09c0 2924801667 S Ci:2:005:0 s c0 bc 0800 0016 0002 2 <
ffff8e67f59f09c0 2924804181 C Ci:2:005:0 0 2 = 0900
ffff8e67f59f09c0 2924804294 S Ci:2:005:0 s c0 bc 0900 001c 0002 2 <
ffff8e67f59f09c0 2924806699 C Ci:2:005:0 0 2 = 2f6f
ffff8e67f59f09c0 2924806794 S Ci:2:005:0 s c0 bc 0800 23be 0002 2 <
ffff8e67f59f09c0 2924809326 C Ci:2:005:0 0 2 = 0000
ffff8e67f59f09c0 2924809435 S Co:2:005:0 s 40 bc 0900 0014 0002 2 = d39e
ffff8e67f59f09c0 2924811939 C Co:2:005:0 0 2 >
ffff8e67f59f09c0 2924812037 S Ci:2:005:0 s c0 bc 0900 001c 0002 2 <
ffff8e67f59f09c0 2924814598 C Ci:2:005:0 0 2 = 2f6f
ffff8e67f59f09c0 2924814710 S Co:2:005:0 s 40 b9 0000 0000 0004 4 = 09016601
ffff8e67f59f09c0 2924817193 C Co:2:005:0 0 4 >
ffff8e67f59f09c0 2924817255 S Ii:2:005:3 -115:1 3 <
ffff8e67f59f09c0 2924818446 C Ii:2:005:3 0:1 3 = 100000
ffff8e67f59f09c0 2924818586 S Ci:2:005:0 s c0 bc 0800 0016 0002 2 <
ffff8e67f59f09c0 2924821076 C Ci:2:005:0 0 2 = 0900
ffff8e67f59f09c0 2924821231 S Ci:2:005:0 s c0 bc 0900 001c 0002 2 <
ffff8e67f59f09c0 2924823697 C Ci:2:005:0 0 2 = 2f6f
ffff8e67f59f09c0 2924823823 S Ci:2:005:0 s c0 bc 0800 23be 0004 4 <
ffff8e67f59f09c0 2924826325 C Ci:2:005:0 0 4 = 0000d9e0
ffff8e67f59f09c0 2924826438 S Co:2:005:0 s 40 bc 0800 00c0 0004 4 = 9989ec00
ffff8e67f59f09c0 2924828937 C Co:2:005:0 0 4 >
ffff8e67f59f09c0 2924829062 S Co:2:005:0 s 40 b9 0000 0000 0004 4 = 09006603
ffff8e67f59f09c0 2924831463 C Co:2:005:0 0 4 >
ffff8e67f59f09c0 2924831572 S Ii:2:005:3 -115:1 3 <
ffff8e67f59f09c0 2924832681 C Ii:2:005:3 0:1 3 = 100000
ffff8e67f59f09c0 2924832789 S Ci:2:005:0 s c0 bc 0800 0016 0002 2 <
ffff8e67f59f09c0 2924835325 C Ci:2:005:0 0 2 = 0900
ffff8e67f59f09c0 2924835436 S Ci:2:005:0 s c0 bc 0900 001c 0002 2 <
ffff8e67f59f09c0 2924837949 C Ci:2:005:0 0 2 = 2f6f
ffff8e67f59f09c0 2924838064 S Ci:2:005:0 s c0 bc 0800 23be 0002 2 <
ffff8e67f59f09c0 2924840594 C Ci:2:005:0 0 2 = 0000
ffff8e67f59f09c0 2924840706 S Co:2:005:0 s 40 bc 0900 0014 0002 2 = d39e
ffff8e67f59f09c0 2924843209 C Co:2:005:0 0 2 >
ffff8e67f59f09c0 2924843343 S Ci:2:005:0 s c0 bc 0900 001c 0002 2 <
ffff8e67f59f09c0 2924845709 C Ci:2:005:0 0 2 = 2f6f
ffff8e67f59f09c0 2924845837 S Co:2:005:0 s 40 b9 0000 0000 0004 4 = 09016601
ffff8e67f59f09c0 2924848486 C Co:2:005:0 0 4 >
ffff8e67f59f09c0 2924848642 S Ii:2:005:3 -115:1 3 <
ffff8e67f59f09c0 2924849889 C Ii:2:005:3 0:1 3 = 100000
ffff8e67f59f09c0 2924849945 S Ci:2:005:0 s c0 bc 0800 0016 0002 2 <
ffff8e67f59f09c0 2924852535 C Ci:2:005:0 0 2 = 0900
ffff8e67f59f09c0 2924852683 S Ci:2:005:0 s c0 bc 0900 001c 0002 2 <
ffff8e67f59f09c0 2924855128 C Ci:2:005:0 0 2 = 2f6f
ffff8e67f59f09c0 2924855184 S Ci:2:005:0 s c0 bc 0800 23be 0004 4 <
ffff8e67f59f09c0 2924857724 C Ci:2:005:0 0 4 = 0000c1e0
ffff8e67f59f09c0 2924857861 S Co:2:005:0 s 40 bc 0800 00c0 0004 4 = 9989ec00
ffff8e67f59f09c0 2924860343 C Co:2:005:0 0 4 >
ffff8e67f59f09c0 2924860500 S Co:2:005:0 s 40 b9 0000 0000 0004 4 = 09006603
ffff8e67f59f09c0 2924863042 C Co:2:005:0 0 4 >
ffff8e67f59f09c0 2924863100 S Ii:2:005:3 -115:1 3 <
ffff8e67f59f09c0 2924864352 C Ii:2:005:3 0:1 3 = 100000
ffff8e67f59f09c0 2924864397 S Ci:2:005:0 s c0 bc 0800 0016 0002 2 <
ffff8e67f59f09c0 2924867010 C Ci:2:005:0 0 2 = 0900
ffff8e67f59f09c0 2924867176 S Ci:2:005:0 s c0 bc 0900 001c 0002 2 <
ffff8e67f59f09c0 2924869702 C Ci:2:005:0 0 2 = 2f6f
ffff8e67f59f09c0 2924869751 S Ci:2:005:0 s c0 bc 0800 23be 0002 2 <
ffff8e67f59f09c0 2924872307 C Ci:2:005:0 0 2 = 0000
ffff8e67f59f09c0 2924872497 S Co:2:005:0 s 40 bc 0900 0014 0002 2 = d39e
ffff8e67f59f09c0 2924874929 C Co:2:005:0 0 2 >
ffff8e67f59f09c0 2924875148 S Ci:2:005:0 s c0 bc 0900 001c 0002 2 <
ffff8e67f59f09c0 2924877704 C Ci:2:005:0 0 2 = 2f6f
ffff8e67f59f09c0 2924877797 S Co:2:005:0 s 40 b9 0000 0000 0004 4 = 09016601
ffff8e67f59f09c0 2924880328 C Co:2:005:0 0 4 >
ffff8e67f59f09c0 2924880476 S Ii:2:005:3 -115:1 3 <
ffff8e67f59f09c0 2924881602 C Ii:2:005:3 0:1 3 = 100000
ffff8e67f59f09c0 2924881657 S Ci:2:005:0 s c0 bc 0800 0016 0002 2 <
ffff8e67f59f09c0 2924884320 C Ci:2:005:0 0 2 = 0900
ffff8e67f59f09c0 2924884395 S Ci:2:005:0 s c0 bc 0900 001c 0002 2 <
ffff8e67f59f09c0 2924886991 C Ci:2:005:0 0 2 = 2f6f
ffff8e67f59f09c0 2924887137 S Ci:2:005:0 s c0 bc 0800 23be 0004 4 <
ffff8e67f59f09c0 2924889673 C Ci:2:005:0 0 4 = 000011e0
ffff8e67f59f09c0 2924889884 S Co:2:005:0 s 40 bc 0800 00c0 0004 4 = 9989ec00
ffff8e67f59f09c0 2924892405 C Co:2:005:0 0 4 >
ffff8e67f59f09c0 2924892566 S Co:2:005:0 s 40 b9 0000 0000 0004 4 = 09006603
ffff8e67f59f09c0 2924894872 C Co:2:005:0 0 4 >
ffff8e67f59f09c0 2924895049 S Ii:2:005:3 -115:1 3 <
ffff8e67f59f09c0 2924896187 C Ii:2:005:3 0:1 3 = 100000
ffff8e67f59f09c0 2924896299 S Ci:2:005:0 s c0 bc 0800 0016 0002 2 <
ffff8e67f59f09c0 2924899000 C Ci:2:005:0 0 2 = 0900
ffff8e67f59f09c0 2924899149 S Ci:2:005:0 s c0 bc 0900 001c 0002 2 <
ffff8e67f59f09c0 2924901582 C Ci:2:005:0 0 2 = 2f6f
ffff8e67f59f09c0 2924901687 S Ci:2:005:0 s c0 bc 0800 23be 0002 2 <
ffff8e67f59f09c0 2924904058 C Ci:2:005:0 0 2 = 0000
ffff8e67f59f09c0 2924904245 S Co:2:005:0 s 40 bc 0900 0014 0002 2 = d39e
ffff8e67f59f09c0 2924906773 C Co:2:005:0 0 2 >
ffff8e67f59f09c0 2924906941 S Ci:2:005:0 s c0 bc 0900 001c 0002 2 <
ffff8e67f59f09c0 2924909445 C Ci:2:005:0 0 2 = 2f6f
ffff8e67f59f09c0 2924909605 S Co:2:005:0 s 40 b9 0000 0000 0004 4 = 09016601
ffff8e67f59f09c0 2924912046 C Co:2:005:0 0 4 >
ffff8e67f59f09c0 2924912204 S Ii:2:005:3 -115:1 3 <
ffff8e67f59f09c0 2924913402 C Ii:2:005:3 0:1 3 = 100000
ffff8e67f59f09c0 2924913467 S Ci:2:005:0 s c0 bc 0800 0016 0002 2 <
ffff8e67f59f09c0 2924915999 C Ci:2:005:0 0 2 = 0900
ffff8e67f59f09c0 2924916167 S Ci:2:005:0 s c0 bc 0900 001c 0002 2 <
ffff8e67f59f09c0 2924918855 C Ci:2:005:0 0 2 = 2f6f
ffff8e67f59f09c0 2924919071 S Ci:2:005:0 s c0 bc 0800 23be 0004 4 <
ffff8e67f59f09c0 2924921444 C Ci:2:005:0 0 4 = 00005de0
ffff8e67f59f09c0 2924921619 S Co:2:005:0 s 40 bc 0800 00c0 0004 4 = 9989ec00
ffff8e67f59f09c0 2924924065 C Co:2:005:0 0 4 >
ffff8e67f59f09c0 2924924230 S Co:2:005:0 s 40 b9 0000 0000 0004 4 = 09006603
ffff8e67f59f09c0 2924926779 C Co:2:005:0 0 4 >
ffff8e67f59f09c0 2924926855 S Ii:2:005:3 -115:1 3 <
ffff8e67f59f09c0 2924928069 C Ii:2:005:3 0:1 3 = 100000
ffff8e67f59f09c0 2924928149 S Ci:2:005:0 s c0 bc 0800 0016 0002 2 <
ffff8e67f59f09c0 2924930746 C Ci:2:005:0 0 2 = 0900
ffff8e67f59f09c0 2924930906 S Ci:2:005:0 s c0 bc 0900 001c 0002 2 <
ffff8e67f59f09c0 2924933411 C Ci:2:005:0 0 2 = 2f6f
ffff8e67f59f09c0 2924933571 S Ci:2:005:0 s c0 bc 0800 23be 0002 2 <
ffff8e67f59f09c0 2924935955 C Ci:2:005:0 0 2 = 0000
ffff8e67f59f09c0 2924936122 S Co:2:005:0 s 40 bc 0900 0014 0002 2 = d39e
ffff8e67f59f09c0 2924938587 C Co:2:005:0 0 2 >
ffff8e67f59f09c0 2924938744 S Ci:2:005:0 s c0 bc 0900 001c 0002 2 <
ffff8e67f59f09c0 2924941356 C Ci:2:005:0 0 2 = 2f6f
ffff8e67f59f09c0 2924941515 S Co:2:005:0 s 40 b9 0000 0000 0004 4 = 09016601
ffff8e67f59f09c0 2924943983 C Co:2:005:0 0 4 >
ffff8e67f59f09c0 2924944151 S Ii:2:005:3 -115:1 3 <
ffff8e67f59f09c0 2924945380 C Ii:2:005:3 0:1 3 = 100000
ffff8e67f59f09c0 2924945446 S Ci:2:005:0 s c0 bc 0800 0016 0002 2 <
ffff8e67f59f09c0 2924947957 C Ci:2:005:0 0 2 = 0900
ffff8e67f59f09c0 2924948102 S Ci:2:005:0 s c0 bc 0900 001c 0002 2 <
ffff8e67f59f09c0 2924950639 C Ci:2:005:0 0 2 = 2f6f
ffff8e67f59f09c0 2924950722 S Ci:2:005:0 s c0 bc 0800 23be 0004 4 <
ffff8e67f59f09c0 2924953317 C Ci:2:005:0 0 4 = 00008de0
ffff8e67f59f09c0 2924953480 S Co:2:005:0 s 40 bc 0800 00c0 0004 4 = 9989ec00
ffff8e67f59f09c0 2924955980 C Co:2:005:0 0 4 >
ffff8e67f59f09c0 2924956150 S Co:2:005:0 s 40 b9 0000 0000 0004 4 = 09006603
ffff8e67f59f09c0 2924958683 C Co:2:005:0 0 4 >
ffff8e67f59f09c0 2924958773 S Ii:2:005:3 -115:1 3 <
ffff8e67f59f09c0 2924959959 C Ii:2:005:3 0:1 3 = 100000
ffff8e67f59f09c0 2924960070 S Ci:2:005:0 s c0 bc 0800 0016 0002 2 <
ffff8e67f59f09c0 2924962635 C Ci:2:005:0 0 2 = 0900
ffff8e67f59f09c0 2924962755 S Ci:2:005:0 s c0 bc 0900 001c 0002 2 <
ffff8e67f59f09c0 2924965254 C Ci:2:005:0 0 2 = 2f6f
ffff8e67f59f09c0 2924965372 S Ci:2:005:0 s c0 bc 0800 23be 0002 2 <
ffff8e67f59f09c0 2924967847 C Ci:2:005:0 0 2 = 0000
ffff8e67f59f09c0 2924968038 S Co:2:005:0 s 40 bc 0900 0014 0002 2 = d39e
ffff8e67f59f09c0 2924970508 C Co:2:005:0 0 2 >
ffff8e67f59f09c0 2924970668 S Ci:2:005:0 s c0 bc 0900 001c 0002 2 <
ffff8e67f59f09c0 2924973121 C Ci:2:005:0 0 2 = 2f6f
ffff8e67f59f09c0 2924973236 S Co:2:005:0 s 40 b9 0000 0000 0004 4 = 09016601
ffff8e67f59f09c0 2924975737 C Co:2:005:0 0 4 >
ffff8e67f59f09c0 2924975888 S Ii:2:005:3 -115:1 3 <
ffff8e67f59f09c0 2924977131 C Ii:2:005:3 0:1 3 = 100000
ffff8e67f59f09c0 2924977202 S Ci:2:005:0 s c0 bc 0800 0016 0002 2 <
ffff8e67f59f09c0 2924979908 C Ci:2:005:0 0 2 = 0900
ffff8e67f59f09c0 2924980105 S Ci:2:005:0 s c0 bc 0900 001c 0002 2 <
ffff8e67f59f09c0 2924982639 C Ci:2:005:0 0 2 = 2f6f
ffff8e67f59f09c0 2924982733 S Ci:2:005:0 s c0 bc 0800 23be 0004 4 <
ffff8e67f59f09c0 2924985352 C Ci:2:005:0 0 4 = 000059e0
ffff8e67f59f09c0 2924985517 S Co:2:005:0 s 40 bc 0800 00c0 0004 4 = 9989ec00
ffff8e67f59f09c0 2924988177 C Co:2:005:0 0 4 >
ffff8e67f59f09c0 2924988264 S Co:2:005:0 s 40 b9 0000 0000 0004 4 = 09006603
ffff8e67f59f09c0 2924990950 C Co:2:005:0 0 4 >
ffff8e67f59f09c0 2924991070 S Ii:2:005:3 -115:1 3 <
ffff8e67f59f09c0 2924992339 C Ii:2:005:3 0:1 3 = 100000
ffff8e67f59f09c0 2924992458 S Ci:2:005:0 s c0 bc 0800 0016 0002 2 <
ffff8e67f59f09c0 2924995028 C Ci:2:005:0 0 2 = 0900
ffff8e67f59f09c0 2924995150 S Ci:2:005:0 s c0 bc 0900 001c 0002 2 <
ffff8e67f59f09c0 2924997672 C Ci:2:005:0 0 2 = 2f6f
ffff8e67f59f09c0 2924997788 S Ci:2:005:0 s c0 bc 0800 23be 0002 2 <
ffff8e67f59f09c0 2925000507 C Ci:2:005:0 0 2 = 0000
ffff8e67f59f09c0 2925000668 S Co:2:005:0 s 40 bc 0900 0014 0002 2 = d39e
ffff8e67f59f09c0 2925003292 C Co:2:005:0 0 2 >
ffff8e67f59f09c0 2925003357 S Ci:2:005:0 s c0 bc 0900 001c 0002 2 <
ffff8e67f59f09c0 2925005932 C Ci:2:005:0 0 2 = 2f6f
ffff8e67f59f09c0 2925006133 S Co:2:005:0 s 40 b9 0000 0000 0004 4 = 09016601
ffff8e67f59f09c0 2925008704 C Co:2:005:0 0 4 >
ffff8e67f59f09c0 2925008860 S Ii:2:005:3 -115:1 3 <
ffff8e67f59f09c0 2925010048 C Ii:2:005:3 0:1 3 = 100000
ffff8e67f59f09c0 2925010149 S Ci:2:005:0 s c0 bc 0800 0016 0002 2 <
ffff8e67f59f09c0 2925012828 C Ci:2:005:0 0 2 = 0900
ffff8e67f59f09c0 2925013027 S Ci:2:005:0 s c0 bc 0900 001c 0002 2 <
ffff8e67f59f09c0 2925015617 C Ci:2:005:0 0 2 = 2f6f
ffff8e67f59f09c0 2925015688 S Ci:2:005:0 s c0 bc 0800 23be 0004 4 <
ffff8e67f59f09c0 2925018174 C Ci:2:005:0 0 4 = 000080e0
ffff8e67f59f09c0 2925018335 S Co:2:005:0 s 40 bc 0800 00c0 0004 4 = 9989ec00
ffff8e67f59f09c0 2925020849 C Co:2:005:0 0 4 >
ffff8e67f59f09c0 2925021005 S Co:2:005:0 s 40 b9 0000 0000 0004 4 = 09006603
ffff8e67f59f09c0 2925023418 C Co:2:005:0 0 4 >
ffff8e67f59f09c0 2925023581 S Ii:2:005:3 -115:1 3 <
ffff8e67f59f09c0 2925024644 C Ii:2:005:3 0:1 3 = 100000
ffff8e67f59f09c0 2925024799 S Ci:2:005:0 s c0 bc 0800 0016 0002 2 <
ffff8e67f59f09c0 2925027358 C Ci:2:005:0 0 2 = 0900
ffff8e67f59f09c0 2925027446 S Ci:2:005:0 s c0 bc 0900 001c 0002 2 <
ffff8e67f59f09c0 2925030050 C Ci:2:005:0 0 2 = 2f6f
ffff8e67f59f09c0 2925030122 S Ci:2:005:0 s c0 bc 0800 23be 0002 2 <
ffff8e67f59f09c0 2925032748 C Ci:2:005:0 0 2 = 0000
ffff8e67f59f09c0 2925032864 S Co:2:005:0 s 40 bc 0900 0014 0002 2 = d39e
ffff8e67f59f09c0 2925035501 C Co:2:005:0 0 2 >
ffff8e67f59f09c0 2925035630 S Ci:2:005:0 s c0 bc 0900 001c 0002 2 <
ffff8e67f59f09c0 2925038337 C Ci:2:005:0 0 2 = 2f6f
ffff8e67f59f09c0 2925038428 S Co:2:005:0 s 40 b9 0000 0000 0004 4 = 09016601
ffff8e67f59f09c0 2925040969 C Co:2:005:0 0 4 >
ffff8e67f59f09c0 2925041160 S Ii:2:005:3 -115:1 3 <
ffff8e67f59f09c0 2925042253 C Ii:2:005:3 0:1 3 = 100000
ffff8e67f59f09c0 2925042418 S Ci:2:005:0 s c0 bc 0800 0016 0002 2 <
ffff8e67f59f09c0 2925044963 C Ci:2:005:0 0 2 = 0900
ffff8e67f59f09c0 2925045154 S Ci:2:005:0 s c0 bc 0900 001c 0002 2 <
ffff8e67f59f09c0 2925047740 C Ci:2:005:0 0 2 = 2f6f
ffff8e67f59f09c0 2925047897 S Ci:2:005:0 s c0 bc 0800 23be 0004 4 <
ffff8e67f59f09c0 2925050539 C Ci:2:005:0 0 4 = 000021e0
ffff8e67f59f09c0 2925050701 S Co:2:005:0 s 40 bc 0800 00c0 0004 4 = 9989ec00
ffff8e67f59f09c0 2925053281 C Co:2:005:0 0 4 >
ffff8e67f59f09c0 2925053388 S Co:2:005:0 s 40 b9 0000 0000 0004 4 = 09006603
ffff8e67f59f09c0 2925056011 C Co:2:005:0 0 4 >
ffff8e67f59f09c0 2925056149 S Ii:2:005:3 -115:1 3 <
ffff8e67f59f09c0 2925057275 C Ii:2:005:3 0:1 3 = 100000
ffff8e67f59f09c0 2925057386 S Ci:2:005:0 s c0 bc 0800 0016 0002 2 <
ffff8e67f59f09c0 2925060091 C Ci:2:005:0 0 2 = 0900
ffff8e67f59f09c0 2925060192 S Ci:2:005:0 s c0 bc 0900 001c 0002 2 <
ffff8e67f59f09c0 2925062877 C Ci:2:005:0 0 2 = 2f6f
ffff8e67f59f09c0 2925063036 S Ci:2:005:0 s c0 bc 0800 23be 0002 2 <
ffff8e67f59f09c0 2925065466 C Ci:2:005:0 0 2 = 0000
ffff8e67f59f09c0 2925065598 S Co:2:005:0 s 40 bc 0900 0014 0002 2 = d39e
ffff8e67f59f09c0 2925068260 C Co:2:005:0 0 2 >
ffff8e67f59f09c0 2925068413 S Ci:2:005:0 s c0 bc 0900 001c 0002 2 <
ffff8e67f59f09c0 2925070978 C Ci:2:005:0 0 2 = 2f6f
ffff8e67f59f09c0 2925071105 S Co:2:005:0 s 40 b9 0000 0000 0004 4 = 09016601
ffff8e67f59f09c0 2925073601 C Co:2:005:0 0 4 >
ffff8e67f59f09c0 2925073753 S Ii:2:005:3 -115:1 3 <
ffff8e67f59f09c0 2925074945 C Ii:2:005:3 0:1 3 = 100000
ffff8e67f59f09c0 2925075129 S Ci:2:005:0 s c0 bc 0800 0016 0002 2 <
ffff8e67f59f09c0 2925077778 C Ci:2:005:0 0 2 = 0900
ffff8e67f59f09c0 2925077920 S Ci:2:005:0 s c0 bc 0900 001c 0002 2 <
ffff8e67f59f09c0 2925080434 C Ci:2:005:0 0 2 = 2f6f
ffff8e67f59f09c0 2925080593 S Ci:2:005:0 s c0 bc 0800 23be 0004 4 <
ffff8e67f59f09c0 2925083092 C Ci:2:005:0 0 4 = 00007ee0
ffff8e67f59f09c0 2925083219 S Co:2:005:0 s 40 bc 0800 00c0 0004 4 = 9989ec00
ffff8e67f59f09c0 2925085951 C Co:2:005:0 0 4 >
ffff8e67f59f09c0 2925086116 S Co:2:005:0 s 40 b9 0000 0000 0004 4 = 09006603
ffff8e67f59f09c0 2925088714 C Co:2:005:0 0 4 >
ffff8e67f59f09c0 2925088789 S Ii:2:005:3 -115:1 3 <
ffff8e67f59f09c0 2925089939 C Ii:2:005:3 0:1 3 = 100000
ffff8e67f59f09c0 2925090135 S Ci:2:005:0 s c0 bc 0800 0016 0002 2 <
ffff8e67f59f09c0 2925092800 C Ci:2:005:0 0 2 = 0900
ffff8e67f59f09c0 2925092893 S Ci:2:005:0 s c0 bc 0900 001c 0002 2 <
ffff8e67f59f09c0 2925095578 C Ci:2:005:0 0 2 = 2f6f
ffff8e67f59f09c0 2925095731 S Ci:2:005:0 s c0 bc 0800 23be 0002 2 <
ffff8e67f59f09c0 2925098214 C Ci:2:005:0 0 2 = 0000
ffff8e67f59f09c0 2925098375 S Co:2:005:0 s 40 bc 0900 0014 0002 2 = d39e
ffff8e67f59f09c0 2925100864 C Co:2:005:0 0 2 >
ffff8e67f59f09c0 2925101092 S Ci:2:005:0 s c0 bc 0900 001c 0002 2 <
ffff8e67f59f09c0 2925103561 C Ci:2:005:0 0 2 = 2f6f
ffff8e67f59f09c0 2925103661 S Co:2:005:0 s 40 b9 0000 0000 0004 4 = 09016601
ffff8e67f59f09c0 2925106254 C Co:2:005:0 0 4 >
ffff8e67f59f09c0 2925106406 S Ii:2:005:3 -115:1 3 <
ffff8e67f59f09c0 2925107671 C Ii:2:005:3 0:1 3 = 100000
ffff8e67f59f09c0 2925107755 S Ci:2:005:0 s c0 bc 0800 0016 0002 2 <
ffff8e67f59f09c0 2925110459 C Ci:2:005:0 0 2 = 0900
ffff8e67f59f09c0 2925110552 S Ci:2:005:0 s c0 bc 0900 001c 0002 2 <
ffff8e67f59f09c0 2925113212 C Ci:2:005:0 0 2 = 2f6f
ffff8e67f59f09c0 2925113307 S Ci:2:005:0 s c0 bc 0800 23be 0004 4 <
ffff8e67f59f09c0 2925115858 C Ci:2:005:0 0 4 = 00004ae0
ffff8e67f59f09c0 2925115989 S Co:2:005:0 s 40 bc 0800 00c0 0004 4 = 9989ec00
ffff8e67f59f09c0 2925118670 C Co:2:005:0 0 4 >
ffff8e67f59f09c0 2925118825 S Co:2:005:0 s 40 b9 0000 0000 0004 4 = 09006603
ffff8e67f59f09c0 2925121413 C Co:2:005:0 0 4 >
ffff8e67f59f09c0 2925121586 S Ii:2:005:3 -115:1 3 <
ffff8e67f59f09c0 2925122670 C Ii:2:005:3 0:1 3 = 100000
ffff8e67f59f09c0 2925122798 S Ci:2:005:0 s c0 bc 0800 0016 0002 2 <
ffff8e67f59f09c0 2925125503 C Ci:2:005:0 0 2 = 0900
ffff8e67f59f09c0 2925125670 S Ci:2:005:0 s c0 bc 0900 001c 0002 2 <
ffff8e67f59f09c0 2925128309 C Ci:2:005:0 0 2 = 2f6f
ffff8e67f59f09c0 2925128416 S Ci:2:005:0 s c0 bc 0800 23be 0002 2 <
ffff8e67f59f09c0 2925130955 C Ci:2:005:0 0 2 = 0000
ffff8e67f59f09c0 2925131114 S Co:2:005:0 s 40 bc 0900 0014 0002 2 = d39e
ffff8e67f59f09c0 2925133817 C Co:2:005:0 0 2 >
ffff8e67f59f09c0 2925134086 S Ci:2:005:0 s c0 bc 0900 001c 0002 2 <
ffff8e67f59f09c0 2925136449 C Ci:2:005:0 0 2 = 2f6f
ffff8e67f59f09c0 2925136529 S Co:2:005:0 s 40 b9 0000 0000 0004 4 = 09016601
ffff8e67f59f09c0 2925139093 C Co:2:005:0 0 4 >
ffff8e67f59f09c0 2925139199 S Ii:2:005:3 -115:1 3 <
ffff8e67f59f09c0 2925140440 C Ii:2:005:3 0:1 3 = 100000
ffff8e67f59f09c0 2925140529 S Ci:2:005:0 s c0 bc 0800 0016 0002 2 <
ffff8e67f59f09c0 2925143194 C Ci:2:005:0 0 2 = 0900
ffff8e67f59f09c0 2925143353 S Ci:2:005:0 s c0 bc 0900 001c 0002 2 <
ffff8e67f59f09c0 2925145980 C Ci:2:005:0 0 2 = 2f6f
ffff8e67f59f09c0 2925146147 S Ci:2:005:0 s c0 bc 0800 23be 0004 4 <
ffff8e67f59f09c0 2925148575 C Ci:2:005:0 0 4 = 000091e0
ffff8e67f59f09c0 2925148732 S Co:2:005:0 s 40 bc 0800 00c0 0004 4 = 9989ec00
ffff8e67f59f09c0 2925151348 C Co:2:005:0 0 4 >
ffff8e67f59f09c0 2925151518 S Co:2:005:0 s 40 b9 0000 0000 0004 4 = 09006603
ffff8e67f59f09c0 2925154102 C Co:2:005:0 0 4 >
ffff8e67f59f09c0 2925154203 S Ii:2:005:3 -115:1 3 <
ffff8e67f59f09c0 2925155374 C Ii:2:005:3 0:1 3 = 100000
ffff8e67f59f09c0 2925155477 S Ci:2:005:0 s c0 bc 0800 0016 0002 2 <
ffff8e67f59f09c0 2925158065 C Ci:2:005:0 0 2 = 0900
ffff8e67f59f09c0 2925158162 S Ci:2:005:0 s c0 bc 0900 001c 0002 2 <
ffff8e67f59f09c0 2925160792 C Ci:2:005:0 0 2 = 2f6f
ffff8e67f59f09c0 2925160907 S Ci:2:005:0 s c0 bc 0800 23be 0002 2 <
ffff8e67f59f09c0 2925163435 C Ci:2:005:0 0 2 = 0000
ffff8e67f59f09c0 2925163628 S Co:2:005:0 s 40 bc 0900 0014 0002 2 = d39e
ffff8e67f59f09c0 2925166120 C Co:2:005:0 0 2 >
ffff8e67f59f09c0 2925166242 S Ci:2:005:0 s c0 bc 0900 001c 0002 2 <
ffff8e67f59f09c0 2925168830 C Ci:2:005:0 0 2 = 2f6f
ffff8e67f59f09c0 2925169092 S Co:2:005:0 s 40 b9 0000 0000 0004 4 = 09016601
ffff8e67f59f09c0 2925171587 C Co:2:005:0 0 4 >
ffff8e67f59f09c0 2925171738 S Ii:2:005:3 -115:1 3 <
ffff8e67f59f09c0 2925172896 C Ii:2:005:3 0:1 3 = 100000
ffff8e67f59f09c0 2925173085 S Ci:2:005:0 s c0 bc 0800 0016 0002 2 <
ffff8e67f59f09c0 2925175714 C Ci:2:005:0 0 2 = 0900
ffff8e67f59f09c0 2925175862 S Ci:2:005:0 s c0 bc 0900 001c 0002 2 <
ffff8e67f59f09c0 2925178565 C Ci:2:005:0 0 2 = 2f6f
ffff8e67f59f09c0 2925178718 S Ci:2:005:0 s c0 bc 0800 23be 0004 4 <
ffff8e67f59f09c0 2925181147 C Ci:2:005:0 0 4 = 0000fde0
ffff8e67f59f09c0 2925181302 S Co:2:005:0 s 40 bc 0800 00c0 0004 4 = 9989ec00
ffff8e67f59f09c0 2925183803 C Co:2:005:0 0 4 >
ffff8e67f59f09c0 2925183958 S Co:2:005:0 s 40 b9 0000 0000 0004 4 = 09006603
ffff8e67f59f09c0 2925186457 C Co:2:005:0 0 4 >
ffff8e67f59f09c0 2925186613 S Ii:2:005:3 -115:1 3 <
ffff8e67f59f09c0 2925187730 C Ii:2:005:3 0:1 3 = 100000
ffff8e67f59f09c0 2925187883 S Ci:2:005:0 s c0 bc 0800 0016 0002 2 <
ffff8e67f59f09c0 2925190461 C Ci:2:005:0 0 2 = 0900
ffff8e67f59f09c0 2925190626 S Ci:2:005:0 s c0 bc 0900 001c 0002 2 <
ffff8e67f59f09c0 2925193066 C Ci:2:005:0 0 2 = 2f6f
ffff8e67f59f09c0 2925193183 S Ci:2:005:0 s c0 bc 0800 23be 0002 2 <
ffff8e67f59f09c0 2925195683 C Ci:2:005:0 0 2 = 0000
ffff8e67f59f09c0 2925195841 S Co:2:005:0 s 40 bc 0900 0014 0002 2 = d39e
ffff8e67f59f09c0 2925198344 C Co:2:005:0 0 2 >
ffff8e67f59f09c0 2925198511 S Ci:2:005:0 s c0 bc 0900 001c 0002 2 <
ffff8e67f59f09c0 2925201037 C Ci:2:005:0 0 2 = 2f6f
ffff8e67f59f09c0 2925201195 S Co:2:005:0 s 40 b9 0000 0000 0004 4 = 09016601
ffff8e67f59f09c0 2925203742 C Co:2:005:0 0 4 >
ffff8e67f59f09c0 2925203896 S Ii:2:005:3 -115:1 3 <
ffff8e67f59f09c0 2925205002 C Ii:2:005:3 0:1 3 = 100000
ffff8e67f59f09c0 2925205164 S Ci:2:005:0 s c0 bc 0800 0016 0002 2 <
ffff8e67f59f09c0 2925207679 C Ci:2:005:0 0 2 = 0900
ffff8e67f59f09c0 2925207838 S Ci:2:005:0 s c0 bc 0900 001c 0002 2 <
ffff8e67f59f09c0 2925210285 C Ci:2:005:0 0 2 = 2f6f
ffff8e67f59f09c0 2925210438 S Ci:2:005:0 s c0 bc 0800 23be 0004 4 <
ffff8e67f59f09c0 2925212961 C Ci:2:005:0 0 4 = 0000b1e0
ffff8e67f59f09c0 2925213143 S Co:2:005:0 s 40 bc 0800 00c0 0004 4 = 9989ec00
ffff8e67f59f09c0 2925215604 C Co:2:005:0 0 4 >
ffff8e67f59f09c0 2925215757 S Co:2:005:0 s 40 b9 0000 0000 0004 4 = 09006603
ffff8e67f59f09c0 2925218328 C Co:2:005:0 0 4 >
ffff8e67f59f09c0 2925218476 S Ii:2:005:3 -115:1 3 <
ffff8e67f59f09c0 2925219498 C Ii:2:005:3 0:1 3 = 100000
ffff8e67f59f09c0 2925219648 S Ci:2:005:0 s c0 bc 0800 0016 0002 2 <
ffff8e67f59f09c0 2925222189 C Ci:2:005:0 0 2 = 0900
ffff8e67f59f09c0 2925222345 S Ci:2:005:0 s c0 bc 0900 001c 0002 2 <
ffff8e67f59f09c0 2925224810 C Ci:2:005:0 0 2 = 2f6f
ffff8e67f59f09c0 2925224925 S Ci:2:005:0 s c0 bc 0800 23be 0002 2 <
ffff8e67f59f09c0 2925227526 C Ci:2:005:0 0 2 = 0000
ffff8e67f59f09c0 2925227647 S Co:2:005:0 s 40 bc 0900 0014 0002 2 = d39e
ffff8e67f59f09c0 2925230228 C Co:2:005:0 0 2 >
ffff8e67f59f09c0 2925230391 S Ci:2:005:0 s c0 bc 0900 001c 0002 2 <
ffff8e67f59f09c0 2925232802 C Ci:2:005:0 0 2 = 2f6f
ffff8e67f59f09c0 2925232953 S Co:2:005:0 s 40 b9 0000 0000 0004 4 = 09016601
ffff8e67f59f09c0 2925235398 C Co:2:005:0 0 4 >
ffff8e67f59f09c0 2925235546 S Ii:2:005:3 -115:1 3 <
ffff8e67f59f09c0 2925236629 C Ii:2:005:3 0:1 3 = 100000
ffff8e67f59f09c0 2925236780 S Ci:2:005:0 s c0 bc 0800 0016 0002 2 <
ffff8e67f59f09c0 2925239336 C Ci:2:005:0 0 2 = 0900
ffff8e67f59f09c0 2925239485 S Ci:2:005:0 s c0 bc 0900 001c 0002 2 <
ffff8e67f59f09c0 2925241893 C Ci:2:005:0 0 2 = 2f6f
ffff8e67f59f09c0 2925242105 S Ci:2:005:0 s c0 bc 0800 23be 0004 4 <
ffff8e67f59f09c0 2925244614 C Ci:2:005:0 0 4 = 000078e0
ffff8e67f59f09c0 2925244770 S Co:2:005:0 s 40 bc 0800 00c0 0004 4 = 9989ec00
ffff8e67f59f09c0 2925247337 C Co:2:005:0 0 4 >
ffff8e67f59f09c0 2925247488 S Co:2:005:0 s 40 b9 0000 0000 0004 4 = 09006603
ffff8e67f59f09c0 2925250018 C Co:2:005:0 0 4 >
ffff8e67f59f09c0 2925250172 S Ii:2:005:3 -115:1 3 <
ffff8e67f59f09c0 2925251182 C Ii:2:005:3 0:1 3 = 100000
ffff8e67f59f09c0 2925251274 S Ci:2:005:0 s c0 bc 0800 0016 0002 2 <
ffff8e67f59f09c0 2925253992 C Ci:2:005:0 0 2 = 0900
ffff8e67f59f09c0 2925254162 S Ci:2:005:0 s c0 bc 0900 001c 0002 2 <
ffff8e67f59f09c0 2925256516 C Ci:2:005:0 0 2 = 2f6f
ffff8e67f59f09c0 2925256667 S Ci:2:005:0 s c0 bc 0800 23be 0002 2 <
ffff8e67f59f09c0 2925259148 C Ci:2:005:0 0 2 = 0000
ffff8e67f59f09c0 2925259316 S Co:2:005:0 s 40 bc 0900 0014 0002 2 = d39e
ffff8e67f59f09c0 2925261782 C Co:2:005:0 0 2 >
ffff8e67f59f09c0 2925261933 S Ci:2:005:0 s c0 bc 0900 001c 0002 2 <
ffff8e67f59f09c0 2925264433 C Ci:2:005:0 0 2 = 2f6f
ffff8e67f59f09c0 2925264587 S Co:2:005:0 s 40 b9 0000 0000 0004 4 = 09016601
ffff8e67f59f09c0 2925267088 C Co:2:005:0 0 4 >
ffff8e67f59f09c0 2925267186 S Ii:2:005:3 -115:1 3 <
ffff8e67f59f09c0 2925268330 C Ii:2:005:3 0:1 3 = 100000
ffff8e67f59f09c0 2925268490 S Ci:2:005:0 s c0 bc 0800 0016 0002 2 <
ffff8e67f59f09c0 2925271104 C Ci:2:005:0 0 2 = 0900
ffff8e67f59f09c0 2925271235 S Ci:2:005:0 s c0 bc 0900 001c 0002 2 <
ffff8e67f59f09c0 2925273680 C Ci:2:005:0 0 2 = 2f6f
ffff8e67f59f09c0 2925273832 S Ci:2:005:0 s c0 bc 0800 23be 0004 4 <
ffff8e67f59f09c0 2925276273 C Ci:2:005:0 0 4 = 000003e0
ffff8e67f59f09c0 2925276428 S Co:2:005:0 s 40 bc 0800 00c0 0004 4 = 9989ec00
ffff8e67f59f09c0 2925279014 C Co:2:005:0 0 4 >
ffff8e67f59f09c0 2925279177 S Co:2:005:0 s 40 b9 0000 0000 0004 4 = 09006603
ffff8e67f59f09c0 2925281660 C Co:2:005:0 0 4 >
ffff8e67f59f09c0 2925281807 S Ii:2:005:3 -115:1 3 <
ffff8e67f59f09c0 2925282958 C Ii:2:005:3 0:1 3 = 100000
ffff8e67f59f09c0 2925283130 S Ci:2:005:0 s c0 bc 0800 0016 0002 2 <
ffff8e67f59f09c0 2925285763 C Ci:2:005:0 0 2 = 0900
ffff8e67f59f09c0 2925285909 S Ci:2:005:0 s c0 bc 0900 001c 0002 2 <
ffff8e67f59f09c0 2925288400 C Ci:2:005:0 0 2 = 2f6f
ffff8e67f59f09c0 2925288555 S Ci:2:005:0 s c0 bc 0800 23be 0002 2 <
ffff8e67f59f09c0 2925291009 C Ci:2:005:0 0 2 = 0000
ffff8e67f59f09c0 2925291168 S Co:2:005:0 s 40 bc 0900 0014 0002 2 = d39e
ffff8e67f59f09c0 2925293728 C Co:2:005:0 0 2 >
ffff8e67f59f09c0 2925293889 S Ci:2:005:0 s c0 bc 0900 001c 0002 2 <
ffff8e67f59f09c0 2925296429 C Ci:2:005:0 0 2 = 2f6f
ffff8e67f59f09c0 2925296585 S Co:2:005:0 s 40 b9 0000 0000 0004 4 = 09016601
ffff8e67f59f09c0 2925299027 C Co:2:005:0 0 4 >
ffff8e67f59f09c0 2925299178 S Ii:2:005:3 -115:1 3 <
ffff8e67f59f09c0 2925300204 C Ii:2:005:3 0:1 3 = 100000
ffff8e67f59f09c0 2925300295 S Ci:2:005:0 s c0 bc 0800 0016 0002 2 <
ffff8e67f59f09c0 2925303095 C Ci:2:005:0 0 2 = 0900
ffff8e67f59f09c0 2925303239 S Ci:2:005:0 s c0 bc 0900 001c 0002 2 <
ffff8e67f59f09c0 2925305800 C Ci:2:005:0 0 2 = 2f6f
ffff8e67f59f09c0 2925305967 S Ci:2:005:0 s c0 bc 0800 23be 0004 4 <
ffff8e67f59f09c0 2925308334 C Ci:2:005:0 0 4 = 000091e0
ffff8e67f59f09c0 2925308493 S Co:2:005:0 s 40 bc 0800 00c0 0004 4 = 9989ec00
ffff8e67f59f09c0 2925311101 C Co:2:005:0 0 4 >
ffff8e67f59f09c0 2925311241 S Co:2:005:0 s 40 b9 0000 0000 0004 4 = 09006603
ffff8e67f59f09c0 2925313721 C Co:2:005:0 0 4 >
ffff8e67f59f09c0 2925313876 S Ii:2:005:3 -115:1 3 <
ffff8e67f59f09c0 2925314967 C Ii:2:005:3 0:1 3 = 100000
ffff8e67f59f09c0 2925315140 S Ci:2:005:0 s c0 bc 0800 0016 0002 2 <
ffff8e67f59f09c0 2925317738 C Ci:2:005:0 0 2 = 0900
ffff8e67f59f09c0 2925317899 S Ci:2:005:0 s c0 bc 0900 001c 0002 2 <
ffff8e67f59f09c0 2925320395 C Ci:2:005:0 0 2 = 2f6f
ffff8e67f59f09c0 2925320557 S Ci:2:005:0 s c0 bc 0800 23be 0002 2 <
ffff8e67f59f09c0 2925323048 C Ci:2:005:0 0 2 = 0000
ffff8e67f59f09c0 2925323193 S Co:2:005:0 s 40 bc 0900 0014 0002 2 = d39e
ffff8e67f59f09c0 2925325855 C Co:2:005:0 0 2 >
ffff8e67f59f09c0 2925325971 S Ci:2:005:0 s c0 bc 0900 001c 0002 2 <
ffff8e67f59f09c0 2925328551 C Ci:2:005:0 0 2 = 2f6f
ffff8e67f59f09c0 2925328706 S Co:2:005:0 s 40 b9 0000 0000 0004 4 = 09016601
ffff8e67f59f09c0 2925331196 C Co:2:005:0 0 4 >
ffff8e67f59f09c0 2925331366 S Ii:2:005:3 -115:1 3 <
ffff8e67f59f09c0 2925332446 C Ii:2:005:3 0:1 3 = 100000
ffff8e67f59f09c0 2925332603 S Ci:2:005:0 s c0 bc 0800 0016 0002 2 <
ffff8e67f59f09c0 2925335245 C Ci:2:005:0 0 2 = 0900
ffff8e67f59f09c0 2925335402 S Ci:2:005:0 s c0 bc 0900 001c 0002 2 <
ffff8e67f59f09c0 2925337794 C Ci:2:005:0 0 2 = 2f6f
ffff8e67f59f09c0 2925337904 S Ci:2:005:0 s c0 bc 0800 23be 0004 4 <
ffff8e67f59f09c0 2925340378 C Ci:2:005:0 0 4 = 0000f4e0
ffff8e67f59f09c0 2925340533 S Co:2:005:0 s 40 bc 0800 00c0 0004 4 = 9989ec00
ffff8e67f59f09c0 2925343061 C Co:2:005:0 0 4 >
ffff8e67f59f09c0 2925343231 S Co:2:005:0 s 40 b9 0000 0000 0004 4 = 09006603
ffff8e67f59f09c0 2925345759 C Co:2:005:0 0 4 >
ffff8e67f59f09c0 2925345910 S Ii:2:005:3 -115:1 3 <
ffff8e67f59f09c0 2925346957 C Ii:2:005:3 0:1 3 = 100000
ffff8e67f59f09c0 2925347128 S Ci:2:005:0 s c0 bc 0800 0016 0002 2 <
ffff8e67f59f09c0 2925349704 C Ci:2:005:0 0 2 = 0900
ffff8e67f59f09c0 2925349857 S Ci:2:005:0 s c0 bc 0900 001c 0002 2 <
ffff8e67f59f09c0 2925352389 C Ci:2:005:0 0 2 = 2f6f
ffff8e67f59f09c0 2925352515 S Ci:2:005:0 s c0 bc 0800 23be 0002 2 <
ffff8e67f59f09c0 2925355013 C Ci:2:005:0 0 2 = 0000
ffff8e67f59f09c0 2925355168 S Co:2:005:0 s 40 bc 0900 0014 0002 2 = d39e
ffff8e67f59f09c0 2925357719 C Co:2:005:0 0 2 >
ffff8e67f59f09c0 2925357870 S Ci:2:005:0 s c0 bc 0900 001c 0002 2 <
ffff8e67f59f09c0 2925360447 C Ci:2:005:0 0 2 = 2f6f
ffff8e67f59f09c0 2925360604 S Co:2:005:0 s 40 b9 0000 0000 0004 4 = 09016601
ffff8e67f59f09c0 2925363036 C Co:2:005:0 0 4 >
ffff8e67f59f09c0 2925363191 S Ii:2:005:3 -115:1 3 <
ffff8e67f59f09c0 2925364355 C Ii:2:005:3 0:1 3 = 100000
ffff8e67f59f09c0 2925364504 S Ci:2:005:0 s c0 bc 0800 0016 0002 2 <
ffff8e67f59f09c0 2925367093 C Ci:2:005:0 0 2 = 0900
ffff8e67f59f09c0 2925367216 S Ci:2:005:0 s c0 bc 0900 001c 0002 2 <
ffff8e67f59f09c0 2925369670 C Ci:2:005:0 0 2 = 2f6f
ffff8e67f59f09c0 2925369825 S Ci:2:005:0 s c0 bc 0800 23be 0004 4 <
ffff8e67f59f09c0 2925372301 C Ci:2:005:0 0 4 = 0000b8e0
ffff8e67f59f09c0 2925372475 S Co:2:005:0 s 40 bc 0800 00c0 0004 4 = 9989ec00
ffff8e67f59f09c0 2925374910 C Co:2:005:0 0 4 >
ffff8e67f59f09c0 2925375083 S Co:2:005:0 s 40 b9 0000 0000 0004 4 = 09006603
ffff8e67f59f09c0 2925377595 C Co:2:005:0 0 4 >
ffff8e67f59f09c0 2925377742 S Ii:2:005:3 -115:1 3 <
ffff8e67f59f09c0 2925378835 C Ii:2:005:3 0:1 3 = 100000
ffff8e67f59f09c0 2925378987 S Ci:2:005:0 s c0 bc 0800 0016 0002 2 <
ffff8e67f59f09c0 2925381624 C Ci:2:005:0 0 2 = 0900
ffff8e67f59f09c0 2925381787 S Ci:2:005:0 s c0 bc 0900 001c 0002 2 <
ffff8e67f59f09c0 2925384269 C Ci:2:005:0 0 2 = 2f6f
ffff8e67f59f09c0 2925384450 S Ci:2:005:0 s c0 bc 0800 23be 0002 2 <
ffff8e67f59f09c0 2925386917 C Ci:2:005:0 0 2 = 0000
ffff8e67f59f09c0 2925387100 S Co:2:005:0 s 40 bc 0900 0014 0002 2 = d39e
ffff8e67f59f09c0 2925389587 C Co:2:005:0 0 2 >
ffff8e67f59f09c0 2925389737 S Ci:2:005:0 s c0 bc 0900 001c 0002 2 <
ffff8e67f59f09c0 2925392156 C Ci:2:005:0 0 2 = 2f6f
ffff8e67f59f09c0 2925392306 S Co:2:005:0 s 40 b9 0000 0000 0004 4 = 09016601
ffff8e67f59f09c0 2925394857 C Co:2:005:0 0 4 >
ffff8e67f59f09c0 2925394979 S Ii:2:005:3 -115:1 3 <
ffff8e67f59f09c0 2925396131 C Ii:2:005:3 0:1 3 = 100000
ffff8e67f59f09c0 2925396177 S Ci:2:005:0 s c0 bc 0800 0016 0002 2 <
ffff8e67f59f09c0 2925398822 C Ci:2:005:0 0 2 = 0900
ffff8e67f59f09c0 2925398977 S Ci:2:005:0 s c0 bc 0900 001c 0002 2 <
ffff8e67f59f09c0 2925401423 C Ci:2:005:0 0 2 = 2f6f
ffff8e67f59f09c0 2925401574 S Ci:2:005:0 s c0 bc 0800 23be 0004 4 <
ffff8e67f59f09c0 2925403999 C Ci:2:005:0 0 4 = 000051e0
ffff8e67f59f09c0 2925404160 S Co:2:005:0 s 40 bc 0800 00c0 0004 4 = 9989ec00
ffff8e67f59f09c0 2925406652 C Co:2:005:0 0 4 >
ffff8e67f59f09c0 2925406802 S Co:2:005:0 s 40 b9 0000 0000 0004 4 = 09006603
ffff8e67f59f09c0 2925409321 C Co:2:005:0 0 4 >
ffff8e67f59f09c0 2925409484 S Ii:2:005:3 -115:1 3 <
ffff8e67f59f09c0 2925410608 C Ii:2:005:3 0:1 3 = 100000
ffff8e67f59f09c0 2925410756 S Ci:2:005:0 s c0 bc 0800 0016 0002 2 <
ffff8e67f59f09c0 2925413292 C Ci:2:005:0 0 2 = 0900
ffff8e67f59f09c0 2925413443 S Ci:2:005:0 s c0 bc 0900 001c 0002 2 <
ffff8e67f59f09c0 2925415881 C Ci:2:005:0 0 2 = 2f6f
ffff8e67f59f09c0 2925416091 S Ci:2:005:0 s c0 bc 0800 23be 0002 2 <
ffff8e67f59f09c0 2925418551 C Ci:2:005:0 0 2 = 0000
ffff8e67f59f09c0 2925418704 S Co:2:005:0 s 40 bc 0900 0014 0002 2 = d39e
ffff8e67f59f09c0 2925421307 C Co:2:005:0 0 2 >
ffff8e67f59f09c0 2925421459 S Ci:2:005:0 s c0 bc 0900 001c 0002 2 <
ffff8e67f59f09c0 2925423915 C Ci:2:005:0 0 2 = 2f6f
ffff8e67f59f09c0 2925424091 S Co:2:005:0 s 40 b9 0000 0000 0004 4 = 09016601
ffff8e67f59f09c0 2925426594 C Co:2:005:0 0 4 >
ffff8e67f59f09c0 2925426747 S Ii:2:005:3 -115:1 3 <
ffff8e67f59f09c0 2925427861 C Ii:2:005:3 0:1 3 = 100000
ffff8e67f59f09c0 2925428014 S Ci:2:005:0 s c0 bc 0800 0016 0002 2 <
ffff8e67f59f09c0 2925430575 C Ci:2:005:0 0 2 = 0900
ffff8e67f59f09c0 2925430728 S Ci:2:005:0 s c0 bc 0900 001c 0002 2 <
ffff8e67f59f09c0 2925433246 C Ci:2:005:0 0 2 = 2f6f
ffff8e67f59f09c0 2925433409 S Ci:2:005:0 s c0 bc 0800 23be 0004 4 <
ffff8e67f59f09c0 2925435906 C Ci:2:005:0 0 4 = 0000d2e0
ffff8e67f59f09c0 2925436099 S Co:2:005:0 s 40 bc 0800 00c0 0004 4 = 9989ec00
ffff8e67f59f09c0 2925438659 C Co:2:005:0 0 4 >
ffff8e67f59f09c0 2925438801 S Co:2:005:0 s 40 b9 0000 0000 0004 4 = 09006603
ffff8e67f59f09c0 2925441240 C Co:2:005:0 0 4 >
ffff8e67f59f09c0 2925441400 S Ii:2:005:3 -115:1 3 <
ffff8e67f59f09c0 2925442450 C Ii:2:005:3 0:1 3 = 100000
ffff8e67f59f09c0 2925442611 S Ci:2:005:0 s c0 bc 0800 0016 0002 2 <
ffff8e67f59f09c0 2925445193 C Ci:2:005:0 0 2 = 0900
ffff8e67f59f09c0 2925445348 S Ci:2:005:0 s c0 bc 0900 001c 0002 2 <
ffff8e67f59f09c0 2925447753 C Ci:2:005:0 0 2 = 2f6f
ffff8e67f59f09c0 2925447905 S Ci:2:005:0 s c0 bc 0800 23be 0002 2 <
ffff8e67f59f09c0 2925450355 C Ci:2:005:0 0 2 = 0000
ffff8e67f59f09c0 2925450510 S Co:2:005:0 s 40 bc 0900 0014 0002 2 = d39e
ffff8e67f59f09c0 2925453027 C Co:2:005:0 0 2 >
ffff8e67f59f09c0 2925453184 S Ci:2:005:0 s c0 bc 0900 001c 0002 2 <
ffff8e67f59f09c0 2925455695 C Ci:2:005:0 0 2 = 2f6f
ffff8e67f59f09c0 2925455849 S Co:2:005:0 s 40 b9 0000 0000 0004 4 = 09016601
ffff8e67f59f09c0 2925458366 C Co:2:005:0 0 4 >
ffff8e67f59f09c0 2925458516 S Ii:2:005:3 -115:1 3 <
ffff8e67f59f09c0 2925459611 C Ii:2:005:3 0:1 3 = 100000
ffff8e67f59f09c0 2925459727 S Ci:2:005:0 s c0 bc 0800 0016 0002 2 <
ffff8e67f59f09c0 2925462316 C Ci:2:005:0 0 2 = 0900
ffff8e67f59f09c0 2925462472 S Ci:2:005:0 s c0 bc 0900 001c 0002 2 <
ffff8e67f59f09c0 2925464874 C Ci:2:005:0 0 2 = 2f6f
ffff8e67f59f09c0 2925465090 S Ci:2:005:0 s c0 bc 0800 23be 0004 4 <
ffff8e67f59f09c0 2925467552 C Ci:2:005:0 0 4 = 000083e0
ffff8e67f59f09c0 2925467679 S Co:2:005:0 s 40 bc 0800 00c0 0004 4 = 9989ec00
ffff8e67f59f09c0 2925470178 C Co:2:005:0 0 4 >
ffff8e67f59f09c0 2925470329 S Co:2:005:0 s 40 b9 0000 0000 0004 4 = 09006603
ffff8e67f59f09c0 2925472934 C Co:2:005:0 0 4 >
ffff8e67f59f09c0 2925473087 S Ii:2:005:3 -115:1 3 <
ffff8e67f59f09c0 2925474176 C Ii:2:005:3 0:1 3 = 100000
ffff8e67f59f09c0 2925474330 S Ci:2:005:0 s c0 bc 0800 0016 0002 2 <
ffff8e67f59f09c0 2925476869 C Ci:2:005:0 0 2 = 0900
ffff8e67f59f09c0 2925477088 S Ci:2:005:0 s c0 bc 0900 001c 0002 2 <
ffff8e67f59f09c0 2925479502 C Ci:2:005:0 0 2 = 2f6f
ffff8e67f59f09c0 2925479655 S Ci:2:005:0 s c0 bc 0800 23be 0002 2 <
ffff8e67f59f09c0 2925482107 C Ci:2:005:0 0 2 = 0000
ffff8e67f59f09c0 2925482281 S Co:2:005:0 s 40 bc 0900 0014 0002 2 = d39e
ffff8e67f59f09c0 2925484751 C Co:2:005:0 0 2 >
ffff8e67f59f09c0 2925484908 S Ci:2:005:0 s c0 bc 0900 001c 0002 2 <
ffff8e67f59f09c0 2925487438 C Ci:2:005:0 0 2 = 2f6f
ffff8e67f59f09c0 2925487613 S Co:2:005:0 s 40 b9 0000 0000 0004 4 = 09016601
ffff8e67f59f09c0 2925490025 C Co:2:005:0 0 4 >
ffff8e67f59f09c0 2925490181 S Ii:2:005:3 -115:1 3 <
ffff8e67f59f09c0 2925491309 C Ii:2:005:3 0:1 3 = 100000
ffff8e67f59f09c0 2925491467 S Ci:2:005:0 s c0 bc 0800 0016 0002 2 <
ffff8e67f59f09c0 2925494076 C Ci:2:005:0 0 2 = 0900
ffff8e67f59f09c0 2925494253 S Ci:2:005:0 s c0 bc 0900 001c 0002 2 <
ffff8e67f59f09c0 2925496927 C Ci:2:005:0 0 2 = 2f6f
ffff8e67f59f09c0 2925497120 S Ci:2:005:0 s c0 bc 0800 23be 0004 4 <
ffff8e67f59f09c0 2925499533 C Ci:2:005:0 0 4 = 000091e0
ffff8e67f59f09c0 2925499691 S Co:2:005:0 s 40 bc 0800 00c0 0004 4 = 9989ec00
ffff8e67f59f09c0 2925502188 C Co:2:005:0 0 4 >
ffff8e67f59f09c0 2925502344 S Co:2:005:0 s 40 b9 0000 0000 0004 4 = 09006603
ffff8e67f59f09c0 2925504834 C Co:2:005:0 0 4 >
ffff8e67f59f09c0 2925504986 S Ii:2:005:3 -115:1 3 <
ffff8e67f59f09c0 2925506081 C Ii:2:005:3 0:1 3 = 100000
ffff8e67f59f09c0 2925506268 S Ci:2:005:0 s c0 bc 0800 0016 0002 2 <
ffff8e67f59f09c0 2925508775 C Ci:2:005:0 0 2 = 0900
ffff8e67f59f09c0 2925508930 S Ci:2:005:0 s c0 bc 0900 001c 0002 2 <
ffff8e67f59f09c0 2925511399 C Ci:2:005:0 0 2 = 2f6f
ffff8e67f59f09c0 2925511553 S Ci:2:005:0 s c0 bc 0800 23be 0002 2 <
ffff8e67f59f09c0 2925514002 C Ci:2:005:0 0 2 = 0000
ffff8e67f59f09c0 2925514161 S Co:2:005:0 s 40 bc 0900 0014 0002 2 = d39e
ffff8e67f59f09c0 2925516707 C Co:2:005:0 0 2 >
ffff8e67f59f09c0 2925516833 S Ci:2:005:0 s c0 bc 0900 001c 0002 2 <
ffff8e67f59f09c0 2925519288 C Ci:2:005:0 0 2 = 2f6f
ffff8e67f59f09c0 2925519406 S Co:2:005:0 s 40 b9 0000 0000 0004 4 = 09016601
ffff8e67f59f09c0 2925521926 C Co:2:005:0 0 4 >
ffff8e67f59f09c0 2925522098 S Ii:2:005:3 -115:1 3 <
ffff8e67f59f09c0 2925523191 C Ii:2:005:3 0:1 3 = 100000
ffff8e67f59f09c0 2925523272 S Ci:2:005:0 s c0 bc 0800 0016 0002 2 <
ffff8e67f59f09c0 2925525942 C Ci:2:005:0 0 2 = 0900
ffff8e67f59f09c0 2925526108 S Ci:2:005:0 s c0 bc 0900 001c 0002 2 <
ffff8e67f59f09c0 2925528532 C Ci:2:005:0 0 2 = 2f6f
ffff8e67f59f09c0 2925528684 S Ci:2:005:0 s c0 bc 0800 23be 0004 4 <
ffff8e67f59f09c0 2925531174 C Ci:2:005:0 0 4 = 000089e0
ffff8e67f59f09c0 2925531289 S Co:2:005:0 s 40 bc 0800 00c0 0004 4 = 9989ec00
ffff8e67f59f09c0 2925533745 C Co:2:005:0 0 4 >
ffff8e67f59f09c0 2925533911 S Co:2:005:0 s 40 b9 0000 0000 0004 4 = 09006603
ffff8e67f59f09c0 2925536420 C Co:2:005:0 0 4 >
ffff8e67f59f09c0 2925536581 S Ii:2:005:3 -115:1 3 <
ffff8e67f59f09c0 2925537710 C Ii:2:005:3 0:1 3 = 100000
ffff8e67f59f09c0 2925537870 S Ci:2:005:0 s c0 bc 0800 0016 0002 2 <
ffff8e67f59f09c0 2925540469 C Ci:2:005:0 0 2 = 0900
ffff8e67f59f09c0 2925540609 S Ci:2:005:0 s c0 bc 0900 001c 0002 2 <
ffff8e67f59f09c0 2925543033 C Ci:2:005:0 0 2 = 2f6f
ffff8e67f59f09c0 2925543209 S Ci:2:005:0 s c0 bc 0800 23be 0002 2 <
ffff8e67f59f09c0 2925545732 C Ci:2:005:0 0 2 = 0000
ffff8e67f59f09c0 2925545901 S Co:2:005:0 s 40 bc 0900 0014 0002 2 = d39e
ffff8e67f59f09c0 2925548416 C Co:2:005:0 0 2 >
ffff8e67f59f09c0 2925548587 S Ci:2:005:0 s c0 bc 0900 001c 0002 2 <
ffff8e67f59f09c0 2925551078 C Ci:2:005:0 0 2 = 2f6f
ffff8e67f59f09c0 2925551219 S Co:2:005:0 s 40 b9 0000 0000 0004 4 = 09016601
ffff8e67f59f09c0 2925553849 C Co:2:005:0 0 4 >
ffff8e67f59f09c0 2925554011 S Ii:2:005:3 -115:1 3 <
ffff8e67f59f09c0 2925555169 C Ii:2:005:3 0:1 3 = 100000
ffff8e67f59f09c0 2925555235 S Ci:2:005:0 s c0 bc 0800 0016 0002 2 <
ffff8e67f59f09c0 2925557861 C Ci:2:005:0 0 2 = 0900
ffff8e67f59f09c0 2925558086 S Ci:2:005:0 s c0 bc 0900 001c 0002 2 <
ffff8e67f59f09c0 2925560611 C Ci:2:005:0 0 2 = 2f6f
ffff8e67f59f09c0 2925560777 S Ci:2:005:0 s c0 bc 0800 23be 0004 4 <
ffff8e67f59f09c0 2925563160 C Ci:2:005:0 0 4 = 000087e0
ffff8e67f59f09c0 2925563303 S Co:2:005:0 s 40 bc 0800 00c0 0004 4 = 9989ec00
ffff8e67f59f09c0 2925565919 C Co:2:005:0 0 4 >
ffff8e67f59f09c0 2925566107 S Co:2:005:0 s 40 b9 0000 0000 0004 4 = 09006603
ffff8e67f59f09c0 2925568621 C Co:2:005:0 0 4 >
ffff8e67f59f09c0 2925568771 S Ii:2:005:3 -115:1 3 <
ffff8e67f59f09c0 2925569854 C Ii:2:005:3 0:1 3 = 100000
ffff8e67f59f09c0 2925570020 S Ci:2:005:0 s c0 bc 0800 0016 0002 2 <
ffff8e67f59f09c0 2925572628 C Ci:2:005:0 0 2 = 0900
ffff8e67f59f09c0 2925572783 S Ci:2:005:0 s c0 bc 0900 001c 0002 2 <
ffff8e67f59f09c0 2925575285 C Ci:2:005:0 0 2 = 2f6f
ffff8e67f59f09c0 2925575436 S Ci:2:005:0 s c0 bc 0800 23be 0002 2 <
ffff8e67f59f09c0 2925577916 C Ci:2:005:0 0 2 = 0000
ffff8e67f59f09c0 2925578093 S Co:2:005:0 s 40 bc 0900 0014 0002 2 = d39e
ffff8e67f59f09c0 2925580587 C Co:2:005:0 0 2 >
ffff8e67f59f09c0 2925580709 S Ci:2:005:0 s c0 bc 0900 001c 0002 2 <
ffff8e67f59f09c0 2925583367 C Ci:2:005:0 0 2 = 2f6f
ffff8e67f59f09c0 2925583522 S Co:2:005:0 s 40 b9 0000 0000 0004 4 = 09016601
ffff8e67f59f09c0 2925586117 C Co:2:005:0 0 4 >
ffff8e67f59f09c0 2925586174 S Ii:2:005:3 -115:1 3 <
ffff8e67f59f09c0 2925587347 C Ii:2:005:3 0:1 3 = 100000
ffff8e67f59f09c0 2925587502 S Ci:2:005:0 s c0 bc 0800 0016 0002 2 <
ffff8e67f59f09c0 2925590185 C Ci:2:005:0 0 2 = 0900
ffff8e67f59f09c0 2925590337 S Ci:2:005:0 s c0 bc 0900 001c 0002 2 <
ffff8e67f59f09c0 2925592816 C Ci:2:005:0 0 2 = 2f6f
ffff8e67f59f09c0 2925592981 S Ci:2:005:0 s c0 bc 0800 23be 0004 4 <
ffff8e67f59f09c0 2925595552 C Ci:2:005:0 0 4 = 000087e0
ffff8e67f59f09c0 2925595709 S Co:2:005:0 s 40 bc 0800 00c0 0004 4 = 9989ec00
ffff8e67f59f09c0 2925598388 C Co:2:005:0 0 4 >
ffff8e67f59f09c0 2925598547 S Co:2:005:0 s 40 b9 0000 0000 0004 4 = 09006603
ffff8e67f59f09c0 2925601108 C Co:2:005:0 0 4 >
ffff8e67f59f09c0 2925601221 S Ii:2:005:3 -115:1 3 <
ffff8e67f59f09c0 2925602383 C Ii:2:005:3 0:1 3 = 100000
ffff8e67f59f09c0 2925602537 S Ci:2:005:0 s c0 bc 0800 0016 0002 2 <
ffff8e67f59f09c0 2925605268 C Ci:2:005:0 0 2 = 0900
ffff8e67f59f09c0 2925605422 S Ci:2:005:0 s c0 bc 0900 001c 0002 2 <
ffff8e67f59f09c0 2925607790 C Ci:2:005:0 0 2 = 2f6f
ffff8e67f59f09c0 2925607906 S Ci:2:005:0 s c0 bc 0800 23be 0002 2 <
ffff8e67f59f09c0 2925610625 C Ci:2:005:0 0 2 = 0000
ffff8e67f59f09c0 2925610775 S Co:2:005:0 s 40 bc 0900 0014 0002 2 = d39e
ffff8e67f59f09c0 2925613369 C Co:2:005:0 0 2 >
ffff8e67f59f09c0 2925613521 S Ci:2:005:0 s c0 bc 0900 001c 0002 2 <
ffff8e67f59f09c0 2925616108 C Ci:2:005:0 0 2 = 2f6f
ffff8e67f59f09c0 2925616225 S Co:2:005:0 s 40 b9 0000 0000 0004 4 = 09016601
ffff8e67f59f09c0 2925618872 C Co:2:005:0 0 4 >
ffff8e67f59f09c0 2925619024 S Ii:2:005:3 -115:1 3 <
ffff8e67f59f09c0 2925620168 C Ii:2:005:3 0:1 3 = 100000
ffff8e67f59f09c0 2925620226 S Ci:2:005:0 s c0 bc 0800 0016 0002 2 <
ffff8e67f59f09c0 2925622871 C Ci:2:005:0 0 2 = 0900
ffff8e67f59f09c0 2925623080 S Ci:2:005:0 s c0 bc 0900 001c 0002 2 <
ffff8e67f59f09c0 2925625541 C Ci:2:005:0 0 2 = 2f6f
ffff8e67f59f09c0 2925625693 S Ci:2:005:0 s c0 bc 0800 23be 0004 4 <
ffff8e67f59f09c0 2925628279 C Ci:2:005:0 0 4 = 0000b1e0
ffff8e67f59f09c0 2925628454 S Co:2:005:0 s 40 bc 0800 00c0 0002 2 = 1089
ffff8e67f59f09c0 2925630982 C Co:2:005:0 0 2 >
ffff8e67f59f09c0 2925631123 S Co:2:005:0 s 40 b9 0000 0000 0004 4 = 09009802
ffff8e67f59f09c0 2925633739 C Co:2:005:0 0 4 >
ffff8e67f59f09c0 2925633890 S Ii:2:005:3 -115:1 3 <
ffff8e67f59f09c0 2925634970 C Ii:2:005:3 0:1 3 = 100000
ffff8e67f59f09c0 2925635133 S Ci:2:005:0 s c0 bc 0800 0016 0002 2 <
ffff8e67f59f09c0 2925637908 C Ci:2:005:0 0 2 = 0900
ffff8e67c4a97f00 2925638099 S Ci:2:005:0 s c0 bc 0900 001c 0002 2 <
ffff8e67c4a97f00 2925640577 C Ci:2:005:0 0 2 = 2f6f
ffff8e67c4a97f00 2925640665 S Ci:2:005:0 s c0 bc 0800 23be 0002 2 <
ffff8e67c4a97f00 2925643304 C Ci:2:005:0 0 2 = 0000
ffff8e67c4a97f00 2925643384 S Co:2:005:0 s 40 bc 0900 0014 0002 2 = d39e
ffff8e67c4a97f00 2925646005 C Co:2:005:0 0 2 >
ffff8e67c26db300 2925646188 S Ci:2:005:0 s c0 bc 0900 001c 0002 2 <
ffff8e67c26db300 2925648805 C Ci:2:005:0 0 2 = 2f6f
ffff8e67c26db300 2925648932 S Co:2:005:0 s 40 bc 0800 00c0 0002 2 = 1581
ffff8e67c26db300 2925651565 C Co:2:005:0 0 2 >
ffff8e67c26db300 2925651687 S Co:2:005:0 s 40 b9 0000 0000 0004 4 = 09009802
ffff8e67c26db300 2925654157 C Co:2:005:0 0 4 >
ffff8e67c26db300 2925654278 S Ii:2:005:3 -115:1 3 <
ffff8e67c26db300 2925655499 C Ii:2:005:3 0:1 3 = 100000
ffff8e67c26db300 2925655620 S Ci:2:005:0 s c0 bc 0800 0016 0002 2 <
ffff8e67c26db300 2925658300 C Ci:2:005:0 0 2 = 0900
ffff8e67c26db300 2925658426 S Ci:2:005:0 s c0 bc 0900 001c 0002 2 <
ffff8e67c26db300 2925660893 C Ci:2:005:0 0 2 = 2f6f
ffff8e67c26db300 2925661016 S Ci:2:005:0 s c0 bc 0800 23be 0002 2 <
ffff8e67c26db300 2925663611 C Ci:2:005:0 0 2 = 0000
ffff8e67c26db300 2925663738 S Co:2:005:0 s 40 bc 0900 0014 0002 2 = d39e
ffff8e67c26db300 2925666283 C Co:2:005:0 0 2 >
ffff8e67c26db300 2925666407 S Ci:2:005:0 s c0 bc 0900 001c 0002 2 <
ffff8e67c26db300 2925668926 C Ci:2:005:0 0 2 = 2f6f
ffff8e67c26db300 2925669140 S Co:2:005:0 s 40 bc 0800 00c0 0002 2 = 658a
ffff8e67c26db300 2925671562 C Co:2:005:0 0 2 >
ffff8e67c26db300 2925671684 S Co:2:005:0 s 40 b9 0000 0000 0004 4 = 09009802
ffff8e67c26db300 2925674280 C Co:2:005:0 0 4 >
ffff8e67c26db300 2925674401 S Ii:2:005:3 -115:1 3 <
ffff8e67c26db300 2925675515 C Ii:2:005:3 0:1 3 = 100000
ffff8e67c26db300 2925675636 S Ci:2:005:0 s c0 bc 0800 0016 0002 2 <
ffff8e67c26db300 2925678167 C Ci:2:005:0 0 2 = 0900
ffff8e67c26db300 2925678292 S Ci:2:005:0 s c0 bc 0900 001c 0002 2 <
ffff8e67c26db300 2925680797 C Ci:2:005:0 0 2 = 2f6f
ffff8e67c26db300 2925680920 S Ci:2:005:0 s c0 bc 0800 23be 0002 2 <
ffff8e67c26db300 2925683570 C Ci:2:005:0 0 2 = 0000
ffff8e67c26db300 2925683695 S Co:2:005:0 s 40 bc 0900 0014 0002 2 = d39e
ffff8e67c26db300 2925686327 C Co:2:005:0 0 2 >
ffff8e67c26db300 2925686449 S Ci:2:005:0 s c0 bc 0900 001c 0002 2 <
ffff8e67c26db300 2925688927 C Ci:2:005:0 0 2 = 2f6f
ffff8e67c26db300 2925689161 S Co:2:005:0 s 40 bc 0800 00c0 0002 2 = 1089
ffff8e67c26db300 2925691596 C Co:2:005:0 0 2 >
ffff8e67c26db300 2925691722 S Co:2:005:0 s 40 b9 0000 0000 0004 4 = 09009802
ffff8e67c26db300 2925694278 C Co:2:005:0 0 4 >
ffff8e67c26db300 2925694405 S Ii:2:005:3 -115:1 3 <
ffff8e67c26db300 2925695506 C Ii:2:005:3 0:1 3 = 100000
ffff8e67c26db300 2925695636 S Ci:2:005:0 s c0 bc 0800 0016 0002 2 <
ffff8e67c26db300 2925698287 C Ci:2:005:0 0 2 = 0900
ffff8e67c26db300 2925698417 S Ci:2:005:0 s c0 bc 0900 001c 0002 2 <
ffff8e67c26db300 2925700891 C Ci:2:005:0 0 2 = 2f6f
ffff8e67c26db300 2925701095 S Ci:2:005:0 s c0 bc 0800 23be 0002 2 <
ffff8e67c26db300 2925703577 C Ci:2:005:0 0 2 = 0000
ffff8e67c26db300 2925703711 S Co:2:005:0 s 40 bc 0900 0014 0002 2 = d39e
ffff8e67c26db300 2925706279 C Co:2:005:0 0 2 >
ffff8e67c26db300 2925706408 S Ci:2:005:0 s c0 bc 0900 001c 0002 2 <
ffff8e67c26db300 2925708920 C Ci:2:005:0 0 2 = 2f6f
ffff8e67c26db300 2925709134 S Co:2:005:0 s 40 bc 0800 00c0 0002 2 = 1128
ffff8e67c26db300 2925711539 C Co:2:005:0 0 2 >
ffff8e67c26db300 2925711669 S Co:2:005:0 s 40 b9 0000 0000 0004 4 = 09009802
ffff8e67c26db300 2925714287 C Co:2:005:0 0 4 >
ffff8e67c26db300 2925714414 S Ii:2:005:3 -115:1 3 <
ffff8e67c26db300 2925715514 C Ii:2:005:3 0:1 3 = 100000
ffff8e67c26db300 2925715643 S Ci:2:005:0 s c0 bc 0800 0016 0002 2 <
ffff8e67c26db300 2925718167 C Ci:2:005:0 0 2 = 0900
ffff8e67c26db300 2925718297 S Ci:2:005:0 s c0 bc 0900 001c 0002 2 <
ffff8e67c26db300 2925720799 C Ci:2:005:0 0 2 = 2f6f
ffff8e67c26db300 2925720927 S Ci:2:005:0 s c0 bc 0800 23be 0002 2 <
ffff8e67c26db300 2925723563 C Ci:2:005:0 0 2 = 0000
ffff8e67c26db300 2925723694 S Co:2:005:0 s 40 bc 0900 0014 0002 2 = d39e
ffff8e67c26db300 2925726291 C Co:2:005:0 0 2 >
ffff8e67c26db300 2925726419 S Ci:2:005:0 s c0 bc 0900 001c 0002 2 <
ffff8e67c26db300 2925728883 C Ci:2:005:0 0 2 = 2f6f
ffff8e67c26db300 2925729095 S Co:2:005:0 s 40 bc 0800 00c0 0002 2 = 12c8
ffff8e67c26db300 2925731534 C Co:2:005:0 0 2 >
ffff8e67c26db300 2925731660 S Co:2:005:0 s 40 b9 0000 0000 0004 4 = 09009802
ffff8e67c26db300 2925734149 C Co:2:005:0 0 4 >
ffff8e67c26db300 2925734275 S Ii:2:005:3 -115:1 3 <
ffff8e67c26db300 2925735542 C Ii:2:005:3 0:1 3 = 100000
ffff8e67c26db300 2925735668 S Ci:2:005:0 s c0 bc 0800 0016 0002 2 <
ffff8e67c26db300 2925738433 C Ci:2:005:0 0 2 = 0900
ffff8e67c26db300 2925738563 S Ci:2:005:0 s c0 bc 0900 001c 0002 2 <
ffff8e67c26db300 2925741012 C Ci:2:005:0 0 2 = 2f6f
ffff8e67c26db300 2925741155 S Ci:2:005:0 s c0 bc 0800 23be 0002 2 <
ffff8e67c26db300 2925743792 C Ci:2:005:0 0 2 = 0000
ffff8e67c26db300 2925743928 S Co:2:005:0 s 40 bc 0900 0014 0002 2 = d39e
ffff8e67c26db300 2925746521 C Co:2:005:0 0 2 >
ffff8e67c26db300 2925746650 S Ci:2:005:0 s c0 bc 0900 001c 0002 2 <
ffff8e67c26db300 2925749162 C Ci:2:005:0 0 2 = 2f6f
ffff8e67c26db300 2925749295 S Co:2:005:0 s 40 bc 0800 00c0 0002 2 = 13a8
ffff8e67c26db300 2925751915 C Co:2:005:0 0 2 >
ffff8e67c26db300 2925752122 S Co:2:005:0 s 40 b9 0000 0000 0004 4 = 09009802
ffff8e67c26db300 2925754524 C Co:2:005:0 0 4 >
ffff8e67c26db300 2925754651 S Ii:2:005:3 -115:1 3 <
ffff8e67c26db300 2925755879 C Ii:2:005:3 0:1 3 = 100000
ffff8e67c26db300 2925756007 S Ci:2:005:0 s c0 bc 0800 0016 0002 2 <
ffff8e67c26db300 2925758727 C Ci:2:005:0 0 2 = 0900
ffff8e67c26db300 2925758859 S Ci:2:005:0 s c0 bc 0900 001c 0002 2 <
ffff8e67c26db300 2925761387 C Ci:2:005:0 0 2 = 2f6f
ffff8e67c26db300 2925761517 S Ci:2:005:0 s c0 bc 0800 23be 0002 2 <
ffff8e67c26db300 2925764077 C Ci:2:005:0 0 2 = 0000
ffff8e67c26db300 2925764205 S Co:2:005:0 s 40 bc 0900 0014 0002 2 = d39e
ffff8e67c26db300 2925766649 C Co:2:005:0 0 2 >
ffff8e67c26db300 2925766779 S Ci:2:005:0 s c0 bc 0900 001c 0002 2 <
ffff8e67c26db300 2925769289 C Ci:2:005:0 0 2 = 2f6f
ffff8e67c26db300 2925769424 S Co:2:005:0 s 40 bc 0800 00c0 0002 2 = 1488
ffff8e67c26db300 2925771898 C Co:2:005:0 0 2 >
ffff8e67c26db300 2925772101 S Co:2:005:0 s 40 b9 0000 0000 0004 4 = 09009802
ffff8e67c26db300 2925774548 C Co:2:005:0 0 4 >
ffff8e67c26db300 2925774674 S Ii:2:005:3 -115:1 3 <
ffff8e67c26db300 2925775696 C Ii:2:005:3 0:1 3 = 100000
ffff8e67c26db300 2925775821 S Ci:2:005:0 s c0 bc 0800 0016 0002 2 <
ffff8e67c26db300 2925778579 C Ci:2:005:0 0 2 = 0900
ffff8e67c26db300 2925778705 S Ci:2:005:0 s c0 bc 0900 001c 0002 2 <
ffff8e67c26db300 2925781287 C Ci:2:005:0 0 2 = 2f6f
ffff8e67c26db300 2925781456 S Ci:2:005:0 s c0 bc 0800 23be 0002 2 <
ffff8e67c26db300 2925784008 C Ci:2:005:0 0 2 = 0000
ffff8e67c26db300 2925784219 S Co:2:005:0 s 40 bc 0900 0014 0002 2 = d39e
ffff8e67c26db300 2925786631 C Co:2:005:0 0 2 >
ffff8e67c26db300 2925786786 S Ci:2:005:0 s c0 bc 0900 001c 0002 2 <
ffff8e67c26db300 2925789419 C Ci:2:005:0 0 2 = 2f6f
ffff8e67c26db300 2925789582 S Co:2:005:0 s 40 bc 0800 00c0 0002 2 = 158b
ffff8e67c26db300 2925792024 C Co:2:005:0 0 2 >
ffff8e67c26db300 2925792160 S Co:2:005:0 s 40 b9 0000 0000 0004 4 = 09009802
ffff8e67c26db300 2925794681 C Co:2:005:0 0 4 >
ffff8e67c26db300 2925794838 S Ii:2:005:3 -115:1 3 <
ffff8e67c26db300 2925795986 C Ii:2:005:3 0:1 3 = 100000
ffff8e67c26db300 2925796154 S Ci:2:005:0 s c0 bc 0800 0016 0002 2 <
ffff8e67c26db300 2925798803 C Ci:2:005:0 0 2 = 0900
ffff8e67c26db300 2925798990 S Ci:2:005:0 s c0 bc 0900 001c 0002 2 <
ffff8e67c26db300 2925801538 C Ci:2:005:0 0 2 = 2f6f
ffff8e67c26db300 2925801696 S Ci:2:005:0 s c0 bc 0800 23be 0002 2 <
ffff8e67c26db300 2925804287 C Ci:2:005:0 0 2 = 0000
ffff8e67c26db300 2925804469 S Co:2:005:0 s 40 bc 0900 0014 0002 2 = d39e
ffff8e67c26db300 2925806891 C Co:2:005:0 0 2 >
ffff8e67c26db300 2925807015 S Ci:2:005:0 s c0 bc 0900 001c 0002 2 <
ffff8e67c26db300 2925809535 C Ci:2:005:0 0 2 = 2f6f
ffff8e67c26db300 2925809666 S Co:2:005:0 s 40 bc 0800 00c0 0004 4 = 9989ed00
ffff8e67c26db300 2925812122 C Co:2:005:0 0 4 >
ffff8e67c26db300 2925812288 S Co:2:005:0 s 40 b9 0000 0000 0004 4 = 09006603
ffff8e67c26db300 2925814896 C Co:2:005:0 0 4 >
ffff8e67c26db300 2925815083 S Ii:2:005:3 -115:1 3 <
ffff8e67c26db300 2925816179 C Ii:2:005:3 0:1 3 = 100000
ffff8e67c26db300 2925816276 S Ci:2:005:0 s c0 bc 0800 0016 0002 2 <
ffff8e67c26db300 2925818915 C Ci:2:005:0 0 2 = 0900
ffff8e67c26db300 2925819096 S Ci:2:005:0 s c0 bc 0900 001c 0002 2 <
ffff8e67c26db300 2925821532 C Ci:2:005:0 0 2 = 2f6f
ffff8e67c26db300 2925821693 S Ci:2:005:0 s c0 bc 0800 23be 0002 2 <
ffff8e67c26db300 2925824288 C Ci:2:005:0 0 2 = 0000
ffff8e67c26db300 2925824449 S Co:2:005:0 s 40 bc 0900 0014 0002 2 = d39e
ffff8e67c26db300 2925827017 C Co:2:005:0 0 2 >
ffff8e67c26db300 2925827178 S Ci:2:005:0 s c0 bc 0900 001c 0002 2 <
ffff8e67c26db300 2925829692 C Ci:2:005:0 0 2 = 2f6f
ffff8e67c26db300 2925829858 S Co:2:005:0 s 40 b9 0000 0000 0004 4 = 09016601
ffff8e67c26db300 2925832402 C Co:2:005:0 0 4 >
ffff8e67c26db300 2925832558 S Ii:2:005:3 -115:1 3 <
ffff8e67c26db300 2925833749 C Ii:2:005:3 0:1 3 = 100000
ffff8e67c26db300 2925833907 S Ci:2:005:0 s c0 bc 0800 0016 0002 2 <
ffff8e67c26db300 2925836400 C Ci:2:005:0 0 2 = 0900
ffff8e67c26db300 2925836560 S Ci:2:005:0 s c0 bc 0900 001c 0002 2 <
ffff8e67c26db300 2925839010 C Ci:2:005:0 0 2 = 2f6f
ffff8e67c26db300 2925839182 S Ci:2:005:0 s c0 bc 0800 23be 0004 4 <
ffff8e67c26db300 2925841780 C Ci:2:005:0 0 4 = 00007ce0
ffff8e67c26db300 2925841961 S Co:2:005:0 s 40 bc 0800 00c0 0004 4 = 9989ec00
ffff8e67c26db300 2925844518 C Co:2:005:0 0 4 >
ffff8e67c26db300 2925844676 S Co:2:005:0 s 40 b9 0000 0000 0004 4 = 09006603
ffff8e67c26db300 2925847145 C Co:2:005:0 0 4 >
ffff8e67c26db300 2925847307 S Ii:2:005:3 -115:1 3 <
ffff8e67c26db300 2925848495 C Ii:2:005:3 0:1 3 = 100000
ffff8e67c26db300 2925848654 S Ci:2:005:0 s c0 bc 0800 0016 0002 2 <
ffff8e67c26db300 2925851281 C Ci:2:005:0 0 2 = 0900
ffff8e67c26db300 2925851439 S Ci:2:005:0 s c0 bc 0900 001c 0002 2 <
ffff8e67c26db300 2925853870 C Ci:2:005:0 0 2 = 2f6f
ffff8e67c26db300 2925854098 S Ci:2:005:0 s c0 bc 0800 23be 0002 2 <
ffff8e67c26db300 2925856572 C Ci:2:005:0 0 2 = 0000
ffff8e67c26db300 2925856733 S Co:2:005:0 s 40 bc 0900 0014 0002 2 = d39e
ffff8e67c26db300 2925859274 C Co:2:005:0 0 2 >
ffff8e67c26db300 2925859432 S Ci:2:005:0 s c0 bc 0900 001c 0002 2 <
ffff8e67c26db300 2925861919 C Ci:2:005:0 0 2 = 2f6f
ffff8e67c26db300 2925862100 S Co:2:005:0 s 40 b9 0000 0000 0004 4 = 09016601
ffff8e67c26db300 2925864687 C Co:2:005:0 0 4 >
ffff8e67c26db300 2925864848 S Ii:2:005:3 -115:1 3 <
ffff8e67c26db300 2925865985 C Ii:2:005:3 0:1 3 = 100000
ffff8e67c26db300 2925866149 S Ci:2:005:0 s c0 bc 0800 0016 0002 2 <
ffff8e67c26db300 2925868814 C Ci:2:005:0 0 2 = 0900
ffff8e67c26db300 2925868974 S Ci:2:005:0 s c0 bc 0900 001c 0002 2 <
ffff8e67c26db300 2925871494 C Ci:2:005:0 0 2 = 2f6f
ffff8e67c26db300 2925871657 S Ci:2:005:0 s c0 bc 0800 23be 0004 4 <
ffff8e67c26db300 2925874135 C Ci:2:005:0 0 4 = 0000a2e0
ffff8e67c26db300 2925874312 S Co:2:005:0 s 40 bc 0800 00c0 0004 4 = 9989ec00
ffff8e67c26db300 2925876886 C Co:2:005:0 0 4 >
ffff8e67c26db300 2925877082 S Co:2:005:0 s 40 b9 0000 0000 0004 4 = 09006603
ffff8e67c26db300 2925879523 C Co:2:005:0 0 4 >
ffff8e67c26db300 2925879681 S Ii:2:005:3 -115:1 3 <
ffff8e67c26db300 2925880829 C Ii:2:005:3 0:1 3 = 100000
ffff8e67c26db300 2925880987 S Ci:2:005:0 s c0 bc 0800 0016 0002 2 <
ffff8e67c26db300 2925883689 C Ci:2:005:0 0 2 = 0900
ffff8e67c26db300 2925883851 S Ci:2:005:0 s c0 bc 0900 001c 0002 2 <
ffff8e67c26db300 2925886400 C Ci:2:005:0 0 2 = 2f6f
ffff8e67c26db300 2925886559 S Ci:2:005:0 s c0 bc 0800 23be 0002 2 <
ffff8e67c26db300 2925889005 C Ci:2:005:0 0 2 = 0000
ffff8e67c26db300 2925889223 S Co:2:005:0 s 40 bc 0900 0014 0002 2 = d39e
ffff8e67c26db300 2925891790 C Co:2:005:0 0 2 >
ffff8e67c26db300 2925891946 S Ci:2:005:0 s c0 bc 0900 001c 0002 2 <
ffff8e67c26db300 2925894525 C Ci:2:005:0 0 2 = 2f6f
ffff8e67c26db300 2925894686 S Co:2:005:0 s 40 b9 0000 0000 0004 4 = 09016601
ffff8e67c26db300 2925897191 C Co:2:005:0 0 4 >
ffff8e67c26db300 2925897348 S Ii:2:005:3 -115:1 3 <
ffff8e67c26db300 2925898483 C Ii:2:005:3 0:1 3 = 100000
ffff8e67c26db300 2925898641 S Ci:2:005:0 s c0 bc 0800 0016 0002 2 <
ffff8e67c26db300 2925901288 C Ci:2:005:0 0 2 = 0900
ffff8e67c26db300 2925901473 S Ci:2:005:0 s c0 bc 0900 001c 0002 2 <
ffff8e67c26db300 2925903872 C Ci:2:005:0 0 2 = 2f6f
ffff8e67c26db300 2925904089 S Ci:2:005:0 s c0 bc 0800 23be 0004 4 <
ffff8e67c26db300 2925906579 C Ci:2:005:0 0 4 = 00002ce0
ffff8e67c26db300 2925906746 S Co:2:005:0 s 40 bc 0800 00c0 0004 4 = 9989ec00
ffff8e67c26db300 2925909229 C Co:2:005:0 0 4 >
ffff8e67c26db300 2925909385 S Co:2:005:0 s 40 b9 0000 0000 0004 4 = 09006603
ffff8e67c26db300 2925911859 C Co:2:005:0 0 4 >
ffff8e67c26db300 2925912012 S Ii:2:005:3 -115:1 3 <
ffff8e67c26db300 2925913179 C Ii:2:005:3 0:1 3 = 100000
ffff8e67c26db300 2925913248 S Ci:2:005:0 s c0 bc 0800 0016 0002 2 <
ffff8e67c26db300 2925915920 C Ci:2:005:0 0 2 = 0900
ffff8e67c26db300 2925916109 S Ci:2:005:0 s c0 bc 0900 001c 0002 2 <
ffff8e67c26db300 2925918527 C Ci:2:005:0 0 2 = 2f6f
ffff8e67c26db300 2925918686 S Ci:2:005:0 s c0 bc 0800 23be 0002 2 <
ffff8e67c26db300 2925921243 C Ci:2:005:0 0 2 = 0000
ffff8e67c26db300 2925921401 S Co:2:005:0 s 40 bc 0900 0014 0002 2 = d39e
ffff8e67c26db300 2925923852 C Co:2:005:0 0 2 >
ffff8e67c26db300 2925924010 S Ci:2:005:0 s c0 bc 0900 001c 0002 2 <
ffff8e67c26db300 2925926573 C Ci:2:005:0 0 2 = 2f6f
ffff8e67c26db300 2925926736 S Co:2:005:0 s 40 b9 0000 0000 0004 4 = 09016601
ffff8e67c26db300 2925929220 C Co:2:005:0 0 4 >
ffff8e67c26db300 2925929389 S Ii:2:005:3 -115:1 3 <
ffff8e67c26db300 2925930455 C Ii:2:005:3 0:1 3 = 100000
ffff8e67c26db300 2925930623 S Ci:2:005:0 s c0 bc 0800 0016 0002 2 <
ffff8e67c26db300 2925933276 C Ci:2:005:0 0 2 = 0900
ffff8e67c26db300 2925933436 S Ci:2:005:0 s c0 bc 0900 001c 0002 2 <
ffff8e67c26db300 2925935901 C Ci:2:005:0 0 2 = 2f6f
ffff8e67c26db300 2925936086 S Ci:2:005:0 s c0 bc 0800 23be 0004 4 <
ffff8e67c26db300 2925938569 C Ci:2:005:0 0 4 = 000059e0
ffff8e67c26db300 2925938733 S Co:2:005:0 s 40 bc 0800 00c0 0004 4 = 9989ec00
ffff8e67c26db300 2925941243 C Co:2:005:0 0 4 >
ffff8e67c26db300 2925941411 S Co:2:005:0 s 40 b9 0000 0000 0004 4 = 09006603
ffff8e67c26db300 2925943852 C Co:2:005:0 0 4 >
ffff8e67c26db300 2925944009 S Ii:2:005:3 -115:1 3 <
ffff8e67c26db300 2925945162 C Ii:2:005:3 0:1 3 = 100000
ffff8e67c26db300 2925945253 S Ci:2:005:0 s c0 bc 0800 0016 0002 2 <
ffff8e67c26db300 2925948025 C Ci:2:005:0 0 2 = 0900
ffff8e67c26db300 2925948210 S Ci:2:005:0 s c0 bc 0900 001c 0002 2 <
ffff8e67c26db300 2925950782 C Ci:2:005:0 0 2 = 2f6f
ffff8e67c26db300 2925950958 S Ci:2:005:0 s c0 bc 0800 23be 0002 2 <
ffff8e67c26db300 2925953546 C Ci:2:005:0 0 2 = 0000
ffff8e67c26db300 2925953707 S Co:2:005:0 s 40 bc 0900 0014 0002 2 = d39e
ffff8e67c26db300 2925956261 C Co:2:005:0 0 2 >
ffff8e67c26db300 2925956421 S Ci:2:005:0 s c0 bc 0900 001c 0002 2 <
ffff8e67c26db300 2925958897 C Ci:2:005:0 0 2 = 2f6f
ffff8e67c26db300 2925959091 S Co:2:005:0 s 40 b9 0000 0000 0004 4 = 09016601
ffff8e67c26db300 2925961564 C Co:2:005:0 0 4 >
ffff8e67c26db300 2925961757 S Ii:2:005:3 -115:1 3 <
ffff8e67c26db300 2925962840 C Ii:2:005:3 0:1 3 = 100000
ffff8e67c26db300 2925963000 S Ci:2:005:0 s c0 bc 0800 0016 0002 2 <
ffff8e67c26db300 2925965479 C Ci:2:005:0 0 2 = 0900
ffff8e67c26db300 2925965639 S Ci:2:005:0 s c0 bc 0900 001c 0002 2 <
ffff8e67c26db300 2925968145 C Ci:2:005:0 0 2 = 2f6f
ffff8e67c26db300 2925968305 S Ci:2:005:0 s c0 bc 0800 23be 0004 4 <
ffff8e67c26db300 2925970858 C Ci:2:005:0 0 4 = 0000dee0
ffff8e67c26db300 2925971071 S Co:2:005:0 s 40 bc 0800 00c0 0004 4 = 9989ec00
ffff8e67c26db300 2925973537 C Co:2:005:0 0 4 >
ffff8e67c26db300 2925973693 S Co:2:005:0 s 40 b9 0000 0000 0004 4 = 09006603
ffff8e67c26db300 2925976190 C Co:2:005:0 0 4 >
ffff8e67c26db300 2925976355 S Ii:2:005:3 -115:1 3 <
ffff8e67c26db300 2925977567 C Ii:2:005:3 0:1 3 = 100000
ffff8e67c26db300 2925977720 S Ci:2:005:0 s c0 bc 0800 0016 0002 2 <
ffff8e67c26db300 2925980371 C Ci:2:005:0 0 2 = 0900
ffff8e67c26db300 2925980530 S Ci:2:005:0 s c0 bc 0900 001c 0002 2 <
ffff8e67c26db300 2925983150 C Ci:2:005:0 0 2 = 2f6f
ffff8e67c26db300 2925983307 S Ci:2:005:0 s c0 bc 0800 23be 0002 2 <
ffff8e67c26db300 2925985749 C Ci:2:005:0 0 2 = 0000
ffff8e67c26db300 2925985907 S Co:2:005:0 s 40 bc 0900 0014 0002 2 = d39e
ffff8e67c26db300 2925988502 C Co:2:005:0 0 2 >
ffff8e67c26db300 2925988696 S Ci:2:005:0 s c0 bc 0900 001c 0002 2 <
ffff8e67c26db300 2925991224 C Ci:2:005:0 0 2 = 2f6f
ffff8e67c26db300 2925991380 S Co:2:005:0 s 40 b9 0000 0000 0004 4 = 09016601
ffff8e67c26db300 2925993925 C Co:2:005:0 0 4 >
ffff8e67c26db300 2925994066 S Ii:2:005:3 -115:1 3 <
ffff8e67c26db300 2925995164 C Ii:2:005:3 0:1 3 = 100000
ffff8e67c26db300 2925995259 S Ci:2:005:0 s c0 bc 0800 0016 0002 2 <
ffff8e67c26db300 2925997896 C Ci:2:005:0 0 2 = 0900
ffff8e67c26db300 2925998089 S Ci:2:005:0 s c0 bc 0900 001c 0002 2 <
ffff8e67c26db300 2926000520 C Ci:2:005:0 0 2 = 2f6f
ffff8e67c26db300 2926000679 S Ci:2:005:0 s c0 bc 0800 23be 0004 4 <
ffff8e67c26db300 2926003259 C Ci:2:005:0 0 4 = 00002de0
ffff8e67c26db300 2926003419 S Co:2:005:0 s 40 bc 0800 00c0 0004 4 = 9989ec00
ffff8e67c26db300 2926005875 C Co:2:005:0 0 4 >
ffff8e67c26db300 2926006082 S Co:2:005:0 s 40 b9 0000 0000 0004 4 = 09006603
ffff8e67c26db300 2926008475 C Co:2:005:0 0 4 >
ffff8e67c26db300 2926008631 S Ii:2:005:3 -115:1 3 <
ffff8e67c26db300 2926009819 C Ii:2:005:3 0:1 3 = 100000
ffff8e67c26db300 2926009973 S Ci:2:005:0 s c0 bc 0800 0016 0002 2 <
ffff8e67c26db300 2926012675 C Ci:2:005:0 0 2 = 0900
ffff8e67c26db300 2926012843 S Ci:2:005:0 s c0 bc 0900 001c 0002 2 <
ffff8e67c26db300 2926015393 C Ci:2:005:0 0 2 = 2f6f
ffff8e67c26db300 2926015553 S Ci:2:005:0 s c0 bc 0800 23be 0002 2 <
ffff8e67c26db300 2926018016 C Ci:2:005:0 0 2 = 0000
ffff8e67c26db300 2926018183 S Co:2:005:0 s 40 bc 0900 0014 0002 2 = d39e
ffff8e67c26db300 2926020721 C Co:2:005:0 0 2 >
ffff8e67c26db300 2926020879 S Ci:2:005:0 s c0 bc 0900 001c 0002 2 <
ffff8e67c26db300 2926023344 C Ci:2:005:0 0 2 = 2f6f
ffff8e67c26db300 2926023504 S Co:2:005:0 s 40 b9 0000 0000 0004 4 = 09016601
ffff8e67c26db300 2926025967 C Co:2:005:0 0 4 >
ffff8e67c26db300 2926026138 S Ii:2:005:3 -115:1 3 <
ffff8e67c26db300 2926027168 C Ii:2:005:3 0:1 3 = 100000
ffff8e67c26db300 2926027256 S Ci:2:005:0 s c0 bc 0800 0016 0002 2 <
ffff8e67c26db300 2926029821 C Ci:2:005:0 0 2 = 0900
ffff8e67c26db300 2926029983 S Ci:2:005:0 s c0 bc 0900 001c 0002 2 <
ffff8e67c26db300 2926032473 C Ci:2:005:0 0 2 = 2f6f
ffff8e67c26db300 2926032634 S Ci:2:005:0 s c0 bc 0800 23be 0004 4 <
ffff8e67c26db300 2926035105 C Ci:2:005:0 0 4 = 00003de0
ffff8e67c26db300 2926035278 S Co:2:005:0 s 40 bc 0800 00c0 0004 4 = 9989ec00
ffff8e67c26db300 2926037740 C Co:2:005:0 0 4 >
ffff8e67c26db300 2926037894 S Co:2:005:0 s 40 b9 0000 0000 0004 4 = 09006603
ffff8e67c26db300 2926040301 C Co:2:005:0 0 4 >
ffff8e67c26db300 2926040437 S Ii:2:005:3 -115:1 3 <
ffff8e67c26db300 2926041648 C Ii:2:005:3 0:1 3 = 100000
ffff8e67c26db300 2926041805 S Ci:2:005:0 s c0 bc 0800 0016 0002 2 <
ffff8e67c26db300 2926044366 C Ci:2:005:0 0 2 = 0900
ffff8e67c26db300 2926044535 S Ci:2:005:0 s c0 bc 0900 001c 0002 2 <
ffff8e67c26db300 2926046950 C Ci:2:005:0 0 2 = 2f6f
ffff8e67c26db300 2926047129 S Ci:2:005:0 s c0 bc 0800 23be 0002 2 <
ffff8e67c26db300 2926049587 C Ci:2:005:0 0 2 = 0000
ffff8e67c26db300 2926049744 S Co:2:005:0 s 40 bc 0900 0014 0002 2 = d39e
ffff8e67c26db300 2926052149 C Co:2:005:0 0 2 >
ffff8e67c26db300 2926052309 S Ci:2:005:0 s c0 bc 0900 001c 0002 2 <
ffff8e67c26db300 2926054854 C Ci:2:005:0 0 2 = 2f6f
ffff8e67c26db300 2926055012 S Co:2:005:0 s 40 b9 0000 0000 0004 4 = 09016601
ffff8e67c26db300 2926057491 C Co:2:005:0 0 4 >
ffff8e67c26db300 2926057648 S Ii:2:005:3 -115:1 3 <
ffff8e67c26db300 2926058807 C Ii:2:005:3 0:1 3 = 100000
ffff8e67c26db300 2926058965 S Ci:2:005:0 s c0 bc 0800 0016 0002 2 <
ffff8e67c26db300 2926061465 C Ci:2:005:0 0 2 = 0900
ffff8e67c26db300 2926061622 S Ci:2:005:0 s c0 bc 0900 001c 0002 2 <
ffff8e67c26db300 2926064103 C Ci:2:005:0 0 2 = 2f6f
ffff8e67c26db300 2926064277 S Ci:2:005:0 s c0 bc 0800 23be 0004 4 <
ffff8e67c26db300 2926066724 C Ci:2:005:0 0 4 = 0000d9e0
ffff8e67c26db300 2926066887 S Co:2:005:0 s 40 bc 0800 00c0 0004 4 = 9989ec00
ffff8e67c26db300 2926069308 C Co:2:005:0 0 4 >
ffff8e67c26db300 2926069479 S Co:2:005:0 s 40 b9 0000 0000 0004 4 = 09006603
ffff8e67c26db300 2926071952 C Co:2:005:0 0 4 >
ffff8e67c26db300 2926072126 S Ii:2:005:3 -115:1 3 <
ffff8e67c26db300 2926073123 C Ii:2:005:3 0:1 3 = 100000
ffff8e67c26db300 2926073283 S Ci:2:005:0 s c0 bc 0800 0016 0002 2 <
ffff8e67c26db300 2926075841 C Ci:2:005:0 0 2 = 0900
ffff8e67c26db300 2926076001 S Ci:2:005:0 s c0 bc 0900 001c 0002 2 <
ffff8e67c26db300 2926078505 C Ci:2:005:0 0 2 = 2f6f
ffff8e67c26db300 2926078667 S Ci:2:005:0 s c0 bc 0800 23be 0002 2 <
ffff8e67c26db300 2926081070 C Ci:2:005:0 0 2 = 0000
ffff8e67c26db300 2926081243 S Co:2:005:0 s 40 bc 0900 0014 0002 2 = d39e
ffff8e67c26db300 2926083738 C Co:2:005:0 0 2 >
ffff8e67c26db300 2926083897 S Ci:2:005:0 s c0 bc 0900 001c 0002 2 <
ffff8e67c26db300 2926086342 C Ci:2:005:0 0 2 = 2f6f
ffff8e67c26db300 2926086500 S Co:2:005:0 s 40 b9 0000 0000 0004 4 = 09016601
ffff8e67c26db300 2926088956 C Co:2:005:0 0 4 >
ffff8e67c26db300 2926089137 S Ii:2:005:3 -115:1 3 <
ffff8e67c26db300 2926090196 C Ii:2:005:3 0:1 3 = 100000
ffff8e67c26db300 2926090261 S Ci:2:005:0 s c0 bc 0800 0016 0002 2 <
ffff8e67c26db300 2926092841 C Ci:2:005:0 0 2 = 0900
ffff8e67c26db300 2926093002 S Ci:2:005:0 s c0 bc 0900 001c 0002 2 <
ffff8e67c26db300 2926095437 C Ci:2:005:0 0 2 = 2f6f
ffff8e67c26db300 2926095593 S Ci:2:005:0 s c0 bc 0800 23be 0004 4 <
ffff8e67c26db300 2926098072 C Ci:2:005:0 0 4 = 0000c1e0
ffff8e67c26db300 2926098248 S Co:2:005:0 s 40 bc 0800 00c0 0004 4 = 9989ec00
ffff8e67c26db300 2926100702 C Co:2:005:0 0 4 >
ffff8e67c26db300 2926100891 S Co:2:005:0 s 40 b9 0000 0000 0004 4 = 09006603
ffff8e67c26db300 2926103330 C Co:2:005:0 0 4 >
ffff8e67c26db300 2926103485 S Ii:2:005:3 -115:1 3 <
ffff8e67c26db300 2926104536 C Ii:2:005:3 0:1 3 = 100000
ffff8e67c26db300 2926104705 S Ci:2:005:0 s c0 bc 0800 0016 0002 2 <
ffff8e67c26db300 2926107238 C Ci:2:005:0 0 2 = 0900
ffff8e67c26db300 2926107396 S Ci:2:005:0 s c0 bc 0900 001c 0002 2 <
ffff8e67c26db300 2926109848 C Ci:2:005:0 0 2 = 2f6f
ffff8e67c26db300 2926110010 S Ci:2:005:0 s c0 bc 0800 23be 0002 2 <
ffff8e67c26db300 2926112465 C Ci:2:005:0 0 2 = 0000
ffff8e67c26db300 2926112624 S Co:2:005:0 s 40 bc 0900 0014 0002 2 = d39e
ffff8e67c26db300 2926115088 C Co:2:005:0 0 2 >
ffff8e67c26db300 2926115254 S Ci:2:005:0 s c0 bc 0900 001c 0002 2 <
ffff8e67c26db300 2926117744 C Ci:2:005:0 0 2 = 2f6f
ffff8e67c26db300 2926117904 S Co:2:005:0 s 40 b9 0000 0000 0004 4 = 09016601
ffff8e67c26db300 2926120314 C Co:2:005:0 0 4 >
ffff8e67c26db300 2926120478 S Ii:2:005:3 -115:1 3 <
ffff8e67c26db300 2926121557 C Ii:2:005:3 0:1 3 = 100000
ffff8e67c26db300 2926121713 S Ci:2:005:0 s c0 bc 0800 0016 0002 2 <
ffff8e67c26db300 2926124240 C Ci:2:005:0 0 2 = 0900
ffff8e67c26db300 2926124399 S Ci:2:005:0 s c0 bc 0900 001c 0002 2 <
ffff8e67c26db300 2926126807 C Ci:2:005:0 0 2 = 2f6f
ffff8e67c26db300 2926126965 S Ci:2:005:0 s c0 bc 0800 23be 0004 4 <
ffff8e67c26db300 2926129421 C Ci:2:005:0 0 4 = 000011e0
ffff8e67c26db300 2926129633 S Co:2:005:0 s 40 bc 0800 00c0 0004 4 = 9989ec00
ffff8e67c26db300 2926132102 C Co:2:005:0 0 4 >
ffff8e67c26db300 2926132272 S Co:2:005:0 s 40 b9 0000 0000 0004 4 = 09006603
ffff8e67c26db300 2926134733 C Co:2:005:0 0 4 >
ffff8e67c26db300 2926134888 S Ii:2:005:3 -115:1 3 <
ffff8e67c26db300 2926136006 C Ii:2:005:3 0:1 3 = 100000
ffff8e67c26db300 2926136167 S Ci:2:005:0 s c0 bc 0800 0016 0002 2 <
ffff8e67c26db300 2926138678 C Ci:2:005:0 0 2 = 0900
ffff8e67c26db300 2926138884 S Ci:2:005:0 s c0 bc 0900 001c 0002 2 <
ffff8e67c26db300 2926141320 C Ci:2:005:0 0 2 = 2f6f
ffff8e67c26db300 2926141477 S Ci:2:005:0 s c0 bc 0800 23be 0002 2 <
ffff8e67c26db300 2926144094 C Ci:2:005:0 0 2 = 0000
ffff8e67c26db300 2926144272 S Co:2:005:0 s 40 bc 0900 0014 0002 2 = d39e
ffff8e67c26db300 2926146825 C Co:2:005:0 0 2 >
ffff8e67c26db300 2926146986 S Ci:2:005:0 s c0 bc 0900 001c 0002 2 <
ffff8e67c26db300 2926149464 C Ci:2:005:0 0 2 = 2f6f
ffff8e67c26db300 2926149624 S Co:2:005:0 s 40 b9 0000 0000 0004 4 = 09016601
ffff8e67c26db300 2926152090 C Co:2:005:0 0 4 >
ffff8e67c26db300 2926152266 S Ii:2:005:3 -115:1 3 <
ffff8e67c26db300 2926153353 C Ii:2:005:3 0:1 3 = 100000
ffff8e67c26db300 2926153520 S Ci:2:005:0 s c0 bc 0800 0016 0002 2 <
ffff8e67c26db300 2926155963 C Ci:2:005:0 0 2 = 0900
ffff8e67c26db300 2926156143 S Ci:2:005:0 s c0 bc 0900 001c 0002 2 <
ffff8e67c26db300 2926158586 C Ci:2:005:0 0 2 = 2f6f
ffff8e67c26db300 2926158747 S Ci:2:005:0 s c0 bc 0800 23be 0004 4 <
ffff8e67c26db300 2926161223 C Ci:2:005:0 0 4 = 00005de0
ffff8e67c26db300 2926161387 S Co:2:005:0 s 40 bc 0800 00c0 0004 4 = 9989ec00
ffff8e67c26db300 2926163820 C Co:2:005:0 0 4 >
ffff8e67c26db300 2926163976 S Co:2:005:0 s 40 b9 0000 0000 0004 4 = 09006603
ffff8e67c26db300 2926166480 C Co:2:005:0 0 4 >
ffff8e67c26db300 2926166638 S Ii:2:005:3 -115:1 3 <
ffff8e67c26db300 2926167765 C Ii:2:005:3 0:1 3 = 100000
ffff8e67c26db300 2926167921 S Ci:2:005:0 s c0 bc 0800 0016 0002 2 <
ffff8e67c26db300 2926170468 C Ci:2:005:0 0 2 = 0900
ffff8e67c26db300 2926170661 S Ci:2:005:0 s c0 bc 0900 001c 0002 2 <
ffff8e67c26db300 2926173115 C Ci:2:005:0 0 2 = 2f6f
ffff8e67c26db300 2926173289 S Ci:2:005:0 s c0 bc 0800 23be 0002 2 <
ffff8e67c26db300 2926175735 C Ci:2:005:0 0 2 = 0000
ffff8e67c26db300 2926175893 S Co:2:005:0 s 40 bc 0900 0014 0002 2 = d39e
ffff8e67c26db300 2926178322 C Co:2:005:0 0 2 >
ffff8e67c26db300 2926178493 S Ci:2:005:0 s c0 bc 0900 001c 0002 2 <
ffff8e67c26db300 2926180956 C Ci:2:005:0 0 2 = 2f6f
ffff8e67c26db300 2926181130 S Co:2:005:0 s 40 b9 0000 0000 0004 4 = 09016601
ffff8e67c26db300 2926183611 C Co:2:005:0 0 4 >
ffff8e67c26db300 2926183767 S Ii:2:005:3 -115:1 3 <
ffff8e67c26db300 2926184925 C Ii:2:005:3 0:1 3 = 100000
ffff8e67c26db300 2926185108 S Ci:2:005:0 s c0 bc 0800 0016 0002 2 <
ffff8e67c26db300 2926187587 C Ci:2:005:0 0 2 = 0900
ffff8e67c26db300 2926187744 S Ci:2:005:0 s c0 bc 0900 001c 0002 2 <
ffff8e67c26db300 2926190204 C Ci:2:005:0 0 2 = 2f6f
ffff8e67c26db300 2926190357 S Ci:2:005:0 s c0 bc 0800 23be 0004 4 <
ffff8e67c26db300 2926192796 C Ci:2:005:0 0 4 = 00008de0
ffff8e67c26db300 2926192958 S Co:2:005:0 s 40 bc 0800 00c0 0004 4 = 9989ec00
ffff8e67c26db300 2926195506 C Co:2:005:0 0 4 >
ffff8e67c26db300 2926195666 S Co:2:005:0 s 40 b9 0000 0000 0004 4 = 09006603
ffff8e67c26db300 2926198096 C Co:2:005:0 0 4 >
ffff8e67c26db300 2926198271 S Ii:2:005:3 -115:1 3 <
ffff8e67c26db300 2926199256 C Ii:2:005:3 0:1 3 = 100000
ffff8e67c26db300 2926199412 S Ci:2:005:0 s c0 bc 0800 0016 0002 2 <
ffff8e67c26db300 2926201961 C Ci:2:005:0 0 2 = 0900
ffff8e67c26db300 2926202141 S Ci:2:005:0 s c0 bc 0900 001c 0002 2 <
ffff8e67c26db300 2926204588 C Ci:2:005:0 0 2 = 2f6f
ffff8e67c26db300 2926204750 S Ci:2:005:0 s c0 bc 0800 23be 0002 2 <
ffff8e67c26db300 2926207226 C Ci:2:005:0 0 2 = 0000
ffff8e67c26db300 2926207384 S Co:2:005:0 s 40 bc 0900 0014 0002 2 = d39e
ffff8e67c26db300 2926209816 C Co:2:005:0 0 2 >
ffff8e67c26db300 2926209975 S Ci:2:005:0 s c0 bc 0900 001c 0002 2 <
ffff8e67c26db300 2926212488 C Ci:2:005:0 0 2 = 2f6f
ffff8e67c26db300 2926212648 S Co:2:005:0 s 40 b9 0000 0000 0004 4 = 09016601
ffff8e67c26db300 2926215036 C Co:2:005:0 0 4 >
ffff8e67c26db300 2926215211 S Ii:2:005:3 -115:1 3 <
ffff8e67c26db300 2926216272 C Ii:2:005:3 0:1 3 = 100000
ffff8e67c26db300 2926216446 S Ci:2:005:0 s c0 bc 0800 0016 0002 2 <
ffff8e67c26db300 2926218955 C Ci:2:005:0 0 2 = 0900
ffff8e67c26db300 2926219133 S Ci:2:005:0 s c0 bc 0900 001c 0002 2 <
ffff8e67c26db300 2926221541 C Ci:2:005:0 0 2 = 2f6f
ffff8e67c26db300 2926221701 S Ci:2:005:0 s c0 bc 0800 23be 0004 4 <
ffff8e67c26db300 2926224223 C Ci:2:005:0 0 4 = 000059e0
ffff8e67c26db300 2926224400 S Co:2:005:0 s 40 bc 0800 00c0 0004 4 = 9989ec00
ffff8e67c26db300 2926226811 C Co:2:005:0 0 4 >
ffff8e67c26db300 2926226969 S Co:2:005:0 s 40 b9 0000 0000 0004 4 = 09006603
ffff8e67c26db300 2926229476 C Co:2:005:0 0 4 >
ffff8e67c26db300 2926229608 S Ii:2:005:3 -115:1 3 <
ffff8e67c26db300 2926230763 C Ii:2:005:3 0:1 3 = 100000
ffff8e67c26db300 2926230933 S Ci:2:005:0 s c0 bc 0800 0016 0002 2 <
ffff8e67c26db300 2926233459 C Ci:2:005:0 0 2 = 0900
ffff8e67c26db300 2926233615 S Ci:2:005:0 s c0 bc 0900 001c 0002 2 <
ffff8e67c26db300 2926236233 C Ci:2:005:0 0 2 = 2f6f
ffff8e67c26db300 2926236391 S Ci:2:005:0 s c0 bc 0800 23be 0002 2 <
ffff8e67c26db300 2926238828 C Ci:2:005:0 0 2 = 0000
ffff8e67c26db300 2926238987 S Co:2:005:0 s 40 bc 0900 0014 0002 2 = d39e
ffff8e67c26db300 2926241438 C Co:2:005:0 0 2 >
ffff8e67c26db300 2926241595 S Ci:2:005:0 s c0 bc 0900 001c 0002 2 <
ffff8e67c26db300 2926244094 C Ci:2:005:0 0 2 = 2f6f
ffff8e67c26db300 2926244265 S Co:2:005:0 s 40 b9 0000 0000 0004 4 = 09016601
ffff8e67c26db300 2926246667 C Co:2:005:0 0 4 >
ffff8e67c26db300 2926246832 S Ii:2:005:3 -115:1 3 <
ffff8e67c26db300 2926247905 C Ii:2:005:3 0:1 3 = 100000
ffff8e67c26db300 2926248091 S Ci:2:005:0 s c0 bc 0800 0016 0002 2 <
ffff8e67c26db300 2926250579 C Ci:2:005:0 0 2 = 0900
ffff8e67c26db300 2926250737 S Ci:2:005:0 s c0 bc 0900 001c 0002 2 <
ffff8e67c26db300 2926253216 C Ci:2:005:0 0 2 = 2f6f
ffff8e67c26db300 2926253375 S Ci:2:005:0 s c0 bc 0800 23be 0004 4 <
ffff8e67c26db300 2926255798 C Ci:2:005:0 0 4 = 000080e0
ffff8e67c26db300 2926255962 S Co:2:005:0 s 40 bc 0800 00c0 0004 4 = 9989ec00
ffff8e67c26db300 2926258445 C Co:2:005:0 0 4 >
ffff8e67c26db300 2926258602 S Co:2:005:0 s 40 b9 0000 0000 0004 4 = 09006603
ffff8e67c26db300 2926261080 C Co:2:005:0 0 4 >
ffff8e67c26db300 2926261256 S Ii:2:005:3 -115:1 3 <
ffff8e67c26db300 2926262248 C Ii:2:005:3 0:1 3 = 100000
ffff8e67c26db300 2926262406 S Ci:2:005:0 s c0 bc 0800 0016 0002 2 <
ffff8e67c26db300 2926264947 C Ci:2:005:0 0 2 = 0900
ffff8e67c26db300 2926265126 S Ci:2:005:0 s c0 bc 0900 001c 0002 2 <
ffff8e67c26db300 2926267582 C Ci:2:005:0 0 2 = 2f6f
ffff8e67c26db300 2926267742 S Ci:2:005:0 s c0 bc 0800 23be 0002 2 <
ffff8e67c26db300 2926270197 C Ci:2:005:0 0 2 = 0000
ffff8e67c26db300 2926270356 S Co:2:005:0 s 40 bc 0900 0014 0002 2 = d39e
ffff8e67c26db300 2926272784 C Co:2:005:0 0 2 >
ffff8e67c26db300 2926272994 S Ci:2:005:0 s c0 bc 0900 001c 0002 2 <
ffff8e67c26db300 2926275488 C Ci:2:005:0 0 2 = 2f6f
ffff8e67c26db300 2926275647 S Co:2:005:0 s 40 b9 0000 0000 0004 4 = 09016601
ffff8e67c26db300 2926278082 C Co:2:005:0 0 4 >
ffff8e67c26db300 2926278242 S Ii:2:005:3 -115:1 3 <
ffff8e67c26db300 2926279314 C Ii:2:005:3 0:1 3 = 100000
ffff8e67c26db300 2926279438 S Ci:2:005:0 s c0 bc 0800 0016 0002 2 <
ffff8e67c26db300 2926281962 C Ci:2:005:0 0 2 = 0900
ffff8e67c26db300 2926282143 S Ci:2:005:0 s c0 bc 0900 001c 0002 2 <
ffff8e67c26db300 2926284567 C Ci:2:005:0 0 2 = 2f6f
ffff8e67c26db300 2926284740 S Ci:2:005:0 s c0 bc 0800 23be 0004 4 <
ffff8e67c26db300 2926287213 C Ci:2:005:0 0 4 = 000021e0
ffff8e67c26db300 2926287378 S Co:2:005:0 s 40 bc 0800 00c0 0004 4 = 9989ec00
ffff8e67c26db300 2926289810 C Co:2:005:0 0 4 >
ffff8e67c26db300 2926289964 S Co:2:005:0 s 40 b9 0000 0000 0004 4 = 09006603
ffff8e67c26db300 2926292450 C Co:2:005:0 0 4 >
ffff8e67c26db300 2926292618 S Ii:2:005:3 -115:1 3 <
ffff8e67c26db300 2926293627 C Ii:2:005:3 0:1 3 = 100000
ffff8e67c26db300 2926293782 S Ci:2:005:0 s c0 bc 0800 0016 0002 2 <
ffff8e67c26db300 2926296321 C Ci:2:005:0 0 2 = 0900
ffff8e67c26db300 2926296478 S Ci:2:005:0 s c0 bc 0900 001c 0002 2 <
ffff8e67c26db300 2926298919 C Ci:2:005:0 0 2 = 2f6f
ffff8e67c26db300 2926299099 S Ci:2:005:0 s c0 bc 0800 23be 0002 2 <
ffff8e67c26db300 2926301600 C Ci:2:005:0 0 2 = 0000
ffff8e67c26db300 2926301724 S Co:2:005:0 s 40 bc 0900 0014 0002 2 = d39e
ffff8e67c26db300 2926304224 C Co:2:005:0 0 2 >
ffff8e67c26db300 2926304350 S Ci:2:005:0 s c0 bc 0900 001c 0002 2 <
ffff8e67c26db300 2926306830 C Ci:2:005:0 0 2 = 2f6f
ffff8e67c26db300 2926306957 S Co:2:005:0 s 40 b9 0000 0000 0004 4 = 09016601
ffff8e67c26db300 2926309430 C Co:2:005:0 0 4 >
ffff8e67c26db300 2926309558 S Ii:2:005:3 -115:1 3 <
ffff8e67c26db300 2926310751 C Ii:2:005:3 0:1 3 = 100000
ffff8e67c26db300 2926310875 S Ci:2:005:0 s c0 bc 0800 0016 0002 2 <
ffff8e67c26db300 2926313455 C Ci:2:005:0 0 2 = 0900
ffff8e67c26db300 2926313578 S Ci:2:005:0 s c0 bc 0900 001c 0002 2 <
ffff8e67c26db300 2926316085 C Ci:2:005:0 0 2 = 2f6f
ffff8e67c26db300 2926316214 S Ci:2:005:0 s c0 bc 0800 23be 0004 4 <
ffff8e67c26db300 2926318709 C Ci:2:005:0 0 4 = 00007ee0
ffff8e67c26db300 2926318844 S Co:2:005:0 s 40 bc 0800 00c0 0004 4 = 9989ec00
ffff8e67c26db300 2926321303 C Co:2:005:0 0 4 >
ffff8e67c26db300 2926321457 S Co:2:005:0 s 40 b9 0000 0000 0004 4 = 09006603
ffff8e67c26db300 2926323957 C Co:2:005:0 0 4 >
ffff8e67c26db300 2926324129 S Ii:2:005:3 -115:1 3 <
ffff8e67c26db300 2926325310 C Ii:2:005:3 0:1 3 = 100000
ffff8e67c26db300 2926325447 S Ci:2:005:0 s c0 bc 0800 0016 0002 2 <
ffff8e67c26db300 2926327941 C Ci:2:005:0 0 2 = 0900
ffff8e67c26db300 2926328120 S Ci:2:005:0 s c0 bc 0900 001c 0002 2 <
ffff8e67c26db300 2926330575 C Ci:2:005:0 0 2 = 2f6f
ffff8e67c26db300 2926330700 S Ci:2:005:0 s c0 bc 0800 23be 0002 2 <
ffff8e67c26db300 2926333164 C Ci:2:005:0 0 2 = 0000
ffff8e67c26db300 2926333352 S Co:2:005:0 s 40 bc 0900 0014 0002 2 = d39e
ffff8e67c26db300 2926335806 C Co:2:005:0 0 2 >
ffff8e67c26db300 2926335934 S Ci:2:005:0 s c0 bc 0900 001c 0002 2 <
ffff8e67c26db300 2926338478 C Ci:2:005:0 0 2 = 2f6f
ffff8e67c26db300 2926338607 S Co:2:005:0 s 40 b9 0000 0000 0004 4 = 09016601
ffff8e67c26db300 2926341033 C Co:2:005:0 0 4 >
ffff8e67c26db300 2926341180 S Ii:2:005:3 -115:1 3 <
ffff8e67c26db300 2926342339 C Ii:2:005:3 0:1 3 = 100000
ffff8e67c26db300 2926342470 S Ci:2:005:0 s c0 bc 0800 0016 0002 2 <
ffff8e67c26db300 2926345144 C Ci:2:005:0 0 2 = 0900
ffff8e67c26db300 2926345272 S Ci:2:005:0 s c0 bc 0900 001c 0002 2 <
ffff8e67c26db300 2926347847 C Ci:2:005:0 0 2 = 2f6f
ffff8e67c26db300 2926347980 S Ci:2:005:0 s c0 bc 0800 23be 0004 4 <
ffff8e67c26db300 2926350666 C Ci:2:005:0 0 4 = 00004ae0
ffff8e67c26db300 2926350800 S Co:2:005:0 s 40 bc 0800 00c0 0004 4 = 9989ec00
ffff8e67c26db300 2926353349 C Co:2:005:0 0 4 >
ffff8e67c26db300 2926353475 S Co:2:005:0 s 40 b9 0000 0000 0004 4 = 09006603
ffff8e67c26db300 2926355993 C Co:2:005:0 0 4 >
ffff8e67c26db300 2926356129 S Ii:2:005:3 -115:1 3 <
ffff8e67c26db300 2926357360 C Ii:2:005:3 0:1 3 = 100000
ffff8e67c26db300 2926357481 S Ci:2:005:0 s c0 bc 0800 0016 0002 2 <
ffff8e67c26db300 2926360109 C Ci:2:005:0 0 2 = 0900
ffff8e67c26db300 2926360248 S Ci:2:005:0 s c0 bc 0900 001c 0002 2 <
ffff8e67c26db300 2926362755 C Ci:2:005:0 0 2 = 2f6f
ffff8e67c26db300 2926362889 S Ci:2:005:0 s c0 bc 0800 23be 0002 2 <
ffff8e67c26db300 2926365507 C Ci:2:005:0 0 2 = 0000
ffff8e67c26db300 2926365636 S Co:2:005:0 s 40 bc 0900 0014 0002 2 = d39e
ffff8e67c26db300 2926368260 C Co:2:005:0 0 2 >
ffff8e67c26db300 2926368414 S Ci:2:005:0 s c0 bc 0900 001c 0002 2 <
ffff8e67c26db300 2926370858 C Ci:2:005:0 0 2 = 2f6f
ffff8e67c26db300 2926371053 S Co:2:005:0 s 40 b9 0000 0000 0004 4 = 09016601
ffff8e67c26db300 2926373652 C Co:2:005:0 0 4 >
ffff8e67c26db300 2926373784 S Ii:2:005:3 -115:1 3 <
ffff8e67c26db300 2926374978 C Ii:2:005:3 0:1 3 = 100000
ffff8e67c26db300 2926375146 S Ci:2:005:0 s c0 bc 0800 0016 0002 2 <
ffff8e67c26db300 2926377819 C Ci:2:005:0 0 2 = 0900
ffff8e67c26db300 2926377952 S Ci:2:005:0 s c0 bc 0900 001c 0002 2 <
ffff8e67c26db300 2926380467 C Ci:2:005:0 0 2 = 2f6f
ffff8e67c26db300 2926380591 S Ci:2:005:0 s c0 bc 0800 23be 0004 4 <
ffff8e67c26db300 2926383257 C Ci:2:005:0 0 4 = 000091e0
ffff8e67c26db300 2926383442 S Co:2:005:0 s 40 bc 0800 00c0 0004 4 = 9989ec00
ffff8e67c26db300 2926386003 C Co:2:005:0 0 4 >
ffff8e67c26db300 2926386137 S Co:2:005:0 s 40 b9 0000 0000 0004 4 = 09006603
ffff8e67c26db300 2926388770 C Co:2:005:0 0 4 >
ffff8e67c26db300 2926388899 S Ii:2:005:3 -115:1 3 <
ffff8e67c26db300 2926390072 C Ii:2:005:3 0:1 3 = 100000
ffff8e67c26db300 2926390196 S Ci:2:005:0 s c0 bc 0800 0016 0002 2 <
ffff8e67c26db300 2926392918 C Ci:2:005:0 0 2 = 0900
ffff8e67c26db300 2926393109 S Ci:2:005:0 s c0 bc 0900 001c 0002 2 <
ffff8e67c26db300 2926395625 C Ci:2:005:0 0 2 = 2f6f
ffff8e67c26db300 2926395758 S Ci:2:005:0 s c0 bc 0800 23be 0002 2 <
ffff8e67c26db300 2926398383 C Ci:2:005:0 0 2 = 0000
ffff8e67c26db300 2926398511 S Co:2:005:0 s 40 bc 0900 0014 0002 2 = d39e
ffff8e67c26db300 2926401109 C Co:2:005:0 0 2 >
ffff8e67c26db300 2926401274 S Ci:2:005:0 s c0 bc 0900 001c 0002 2 <
ffff8e67c26db300 2926403777 C Ci:2:005:0 0 2 = 2f6f
ffff8e67c26db300 2926403909 S Co:2:005:0 s 40 b9 0000 0000 0004 4 = 09016601
ffff8e67c26db300 2926406498 C Co:2:005:0 0 4 >
ffff8e67c26db300 2926406621 S Ii:2:005:3 -115:1 3 <
ffff8e67c26db300 2926407804 C Ii:2:005:3 0:1 3 = 100000
ffff8e67c26db300 2926407913 S Ci:2:005:0 s c0 bc 0800 0016 0002 2 <
ffff8e67c26db300 2926410660 C Ci:2:005:0 0 2 = 0900
ffff8e67c26db300 2926410786 S Ci:2:005:0 s c0 bc 0900 001c 0002 2 <
ffff8e67c26db300 2926413364 C Ci:2:005:0 0 2 = 2f6f
ffff8e67c26db300 2926413489 S Ci:2:005:0 s c0 bc 0800 23be 0004 4 <
ffff8e67c26db300 2926415997 C Ci:2:005:0 0 4 = 0000fde0
ffff8e67c26db300 2926416154 S Co:2:005:0 s 40 bc 0800 00c0 0004 4 = 9989ec00
ffff8e67c26db300 2926418736 C Co:2:005:0 0 4 >
ffff8e67c26db300 2926418854 S Co:2:005:0 s 40 b9 0000 0000 0004 4 = 09006603
ffff8e67c26db300 2926421343 C Co:2:005:0 0 4 >
ffff8e67c26db300 2926421495 S Ii:2:005:3 -115:1 3 <
ffff8e67c26db300 2926422683 C Ii:2:005:3 0:1 3 = 100000
ffff8e67c26db300 2926422807 S Ci:2:005:0 s c0 bc 0800 0016 0002 2 <
ffff8e67c26db300 2926425604 C Ci:2:005:0 0 2 = 0900
ffff8e67c26db300 2926425730 S Ci:2:005:0 s c0 bc 0900 001c 0002 2 <
ffff8e67c26db300 2926428253 C Ci:2:005:0 0 2 = 2f6f
ffff8e67c26db300 2926428406 S Ci:2:005:0 s c0 bc 0800 23be 0002 2 <
ffff8e67c26db300 2926430874 C Ci:2:005:0 0 2 = 0000
ffff8e67c26db300 2926431005 S Co:2:005:0 s 40 bc 0900 0014 0002 2 = d39e
ffff8e67c26db300 2926433634 C Co:2:005:0 0 2 >
ffff8e67c26db300 2926433761 S Ci:2:005:0 s c0 bc 0900 001c 0002 2 <
ffff8e67c26db300 2926436323 C Ci:2:005:0 0 2 = 2f6f
ffff8e67c26db300 2926436446 S Co:2:005:0 s 40 b9 0000 0000 0004 4 = 09016601
ffff8e67c26db300 2926438983 C Co:2:005:0 0 4 >
ffff8e67c26db300 2926439110 S Ii:2:005:3 -115:1 3 <
ffff8e67c26db300 2926440351 C Ii:2:005:3 0:1 3 = 100000
ffff8e67c26db300 2926440473 S Ci:2:005:0 s c0 bc 0800 0016 0002 2 <
ffff8e67c26db300 2926442995 C Ci:2:005:0 0 2 = 0900
ffff8e67c26db300 2926443130 S Ci:2:005:0 s c0 bc 0900 001c 0002 2 <
ffff8e67c26db300 2926445756 C Ci:2:005:0 0 2 = 2f6f
ffff8e67c26db300 2926445877 S Ci:2:005:0 s c0 bc 0800 23be 0004 4 <
ffff8e67c26db300 2926448497 C Ci:2:005:0 0 4 = 0000b1e0
ffff8e67c26db300 2926448626 S Co:2:005:0 s 40 bc 0800 00c0 0004 4 = 9989ec00
ffff8e67c26db300 2926451201 C Co:2:005:0 0 4 >
ffff8e67c26db300 2926451362 S Co:2:005:0 s 40 b9 0000 0000 0004 4 = 09006603
ffff8e67c26db300 2926453989 C Co:2:005:0 0 4 >
ffff8e67c26db300 2926454127 S Ii:2:005:3 -115:1 3 <
ffff8e67c26db300 2926455347 C Ii:2:005:3 0:1 3 = 100000
ffff8e67c26db300 2926455465 S Ci:2:005:0 s c0 bc 0800 0016 0002 2 <
ffff8e67c26db300 2926458008 C Ci:2:005:0 0 2 = 0900
ffff8e67c26db300 2926458138 S Ci:2:005:0 s c0 bc 0900 001c 0002 2 <
ffff8e67c26db300 2926460742 C Ci:2:005:0 0 2 = 2f6f
ffff8e67c26db300 2926460870 S Ci:2:005:0 s c0 bc 0800 23be 0002 2 <
ffff8e67c26db300 2926463564 C Ci:2:005:0 0 2 = 0000
ffff8e67c26db300 2926463690 S Co:2:005:0 s 40 bc 0900 0014 0002 2 = d39e
ffff8e67c26db300 2926466264 C Co:2:005:0 0 2 >
ffff8e67c26db300 2926466418 S Ci:2:005:0 s c0 bc 0900 001c 0002 2 <
ffff8e67c26db300 2926468871 C Ci:2:005:0 0 2 = 2f6f
ffff8e67c26db300 2926468997 S Co:2:005:0 s 40 b9 0000 0000 0004 4 = 09016601
ffff8e67c26db300 2926471642 C Co:2:005:0 0 4 >
ffff8e67c26db300 2926471767 S Ii:2:005:3 -115:1 3 <
ffff8e67c26db300 2926472918 C Ii:2:005:3 0:1 3 = 100000
ffff8e67c26db300 2926473104 S Ci:2:005:0 s c0 bc 0800 0016 0002 2 <
ffff8e67c26db300 2926475769 C Ci:2:005:0 0 2 = 0900
ffff8e67c26db300 2926475896 S Ci:2:005:0 s c0 bc 0900 001c 0002 2 <
ffff8e67c26db300 2926478514 C Ci:2:005:0 0 2 = 2f6f
ffff8e67c26db300 2926478649 S Ci:2:005:0 s c0 bc 0800 23be 0004 4 <
ffff8e67c26db300 2926481259 C Ci:2:005:0 0 4 = 000078e0
ffff8e67c26db300 2926481417 S Co:2:005:0 s 40 bc 0800 00c0 0004 4 = 9989ec00
ffff8e67c26db300 2926484110 C Co:2:005:0 0 4 >
ffff8e67c26db300 2926484241 S Co:2:005:0 s 40 b9 0000 0000 0004 4 = 09006603
ffff8e67c26db300 2926486892 C Co:2:005:0 0 4 >
ffff8e67c26db300 2926487021 S Ii:2:005:3 -115:1 3 <
ffff8e67c26db300 2926488166 C Ii:2:005:3 0:1 3 = 100000
ffff8e67c26db300 2926488272 S Ci:2:005:0 s c0 bc 0800 0016 0002 2 <
ffff8e67c26db300 2926490959 C Ci:2:005:0 0 2 = 0900
ffff8e67c26db300 2926491126 S Ci:2:005:0 s c0 bc 0900 001c 0002 2 <
ffff8e67c26db300 2926493800 C Ci:2:005:0 0 2 = 2f6f
ffff8e67c26db300 2926493941 S Ci:2:005:0 s c0 bc 0800 23be 0002 2 <
ffff8e67c26db300 2926496466 C Ci:2:005:0 0 2 = 0000
ffff8e67c26db300 2926496589 S Co:2:005:0 s 40 bc 0900 0014 0002 2 = d39e
ffff8e67c26db300 2926499194 C Co:2:005:0 0 2 >
ffff8e67c26db300 2926499345 S Ci:2:005:0 s c0 bc 0900 001c 0002 2 <
ffff8e67c26db300 2926501827 C Ci:2:005:0 0 2 = 2f6f
ffff8e67c26db300 2926501953 S Co:2:005:0 s 40 b9 0000 0000 0004 4 = 09016601
ffff8e67c26db300 2926504603 C Co:2:005:0 0 4 >
ffff8e67c26db300 2926504726 S Ii:2:005:3 -115:1 3 <
ffff8e67c26db300 2926505959 C Ii:2:005:3 0:1 3 = 100000
ffff8e67c26db300 2926506128 S Ci:2:005:0 s c0 bc 0800 0016 0002 2 <
ffff8e67c26db300 2926508765 C Ci:2:005:0 0 2 = 0900
ffff8e67c26db300 2926508892 S Ci:2:005:0 s c0 bc 0900 001c 0002 2 <
ffff8e67c26db300 2926511456 C Ci:2:005:0 0 2 = 2f6f
ffff8e67c26db300 2926511576 S Ci:2:005:0 s c0 bc 0800 23be 0004 4 <
ffff8e67c26db300 2926514266 C Ci:2:005:0 0 4 = 000003e0
ffff8e67c26db300 2926514435 S Co:2:005:0 s 40 bc 0800 00c0 0004 4 = 9989ec00
ffff8e67c26db300 2926516982 C Co:2:005:0 0 4 >
ffff8e67c26db300 2926517116 S Co:2:005:0 s 40 b9 0000 0000 0004 4 = 09006603
ffff8e67c26db300 2926519790 C Co:2:005:0 0 4 >
ffff8e67c26db300 2926519910 S Ii:2:005:3 -115:1 3 <
ffff8e67c26db300 2926521085 C Ii:2:005:3 0:1 3 = 100000
ffff8e67c26db300 2926521219 S Ci:2:005:0 s c0 bc 0800 0016 0002 2 <
ffff8e67c26db300 2926523928 C Ci:2:005:0 0 2 = 0900
ffff8e67c26db300 2926524097 S Ci:2:005:0 s c0 bc 0900 001c 0002 2 <
ffff8e67c26db300 2926526620 C Ci:2:005:0 0 2 = 2f6f
ffff8e67c26db300 2926526728 S Ci:2:005:0 s c0 bc 0800 23be 0002 2 <
ffff8e67c26db300 2926529367 C Ci:2:005:0 0 2 = 0000
ffff8e67c26db300 2926529477 S Co:2:005:0 s 40 bc 0900 0014 0002 2 = d39e
ffff8e67c26db300 2926532188 C Co:2:005:0 0 2 >
ffff8e67c26db300 2926532324 S Ci:2:005:0 s c0 bc 0900 001c 0002 2 <
ffff8e67c26db300 2926534900 C Ci:2:005:0 0 2 = 2f6f
ffff8e67c26db300 2926535115 S Co:2:005:0 s 40 b9 0000 0000 0004 4 = 09016601
ffff8e67c26db300 2926537781 C Co:2:005:0 0 4 >
ffff8e67c26db300 2926537908 S Ii:2:005:3 -115:1 3 <
ffff8e67c26db300 2926539051 C Ii:2:005:3 0:1 3 = 100000
ffff8e67c26db300 2926539154 S Ci:2:005:0 s c0 bc 0800 0016 0002 2 <
ffff8e67c26db300 2926541930 C Ci:2:005:0 0 2 = 0900
ffff8e67c26db300 2926542109 S Ci:2:005:0 s c0 bc 0900 001c 0002 2 <
ffff8e67c26db300 2926544675 C Ci:2:005:0 0 2 = 2f6f
ffff8e67c26db300 2926544844 S Ci:2:005:0 s c0 bc 0800 23be 0004 4 <
ffff8e67c26db300 2926547403 C Ci:2:005:0 0 4 = 000091e0
ffff8e67c26db300 2926547570 S Co:2:005:0 s 40 bc 0800 00c0 0004 4 = 9989ec00
ffff8e67c26db300 2926550067 C Co:2:005:0 0 4 >
ffff8e67c26db300 2926550176 S Co:2:005:0 s 40 b9 0000 0000 0004 4 = 09006603
ffff8e67c26db300 2926552898 C Co:2:005:0 0 4 >
ffff8e67c26db300 2926553099 S Ii:2:005:3 -115:1 3 <
ffff8e67c26db300 2926554291 C Ii:2:005:3 0:1 3 = 100000
ffff8e67c26db300 2926554395 S Ci:2:005:0 s c0 bc 0800 0016 0002 2 <
ffff8e67c26db300 2926557138 C Ci:2:005:0 0 2 = 0900
ffff8e67c26db300 2926557265 S Ci:2:005:0 s c0 bc 0900 001c 0002 2 <
ffff8e67c26db300 2926559826 C Ci:2:005:0 0 2 = 2f6f
ffff8e67c26db300 2926559942 S Ci:2:005:0 s c0 bc 0800 23be 0002 2 <
ffff8e67c26db300 2926562437 C Ci:2:005:0 0 2 = 0000
ffff8e67c26db300 2926562558 S Co:2:005:0 s 40 bc 0900 0014 0002 2 = d39e
ffff8e67c26db300 2926565176 C Co:2:005:0 0 2 >
ffff8e67c26db300 2926565304 S Ci:2:005:0 s c0 bc 0900 001c 0002 2 <
ffff8e67c26db300 2926567852 C Ci:2:005:0 0 2 = 2f6f
ffff8e67c26db300 2926567971 S Co:2:005:0 s 40 b9 0000 0000 0004 4 = 09016601
ffff8e67c26db300 2926570579 C Co:2:005:0 0 4 >
ffff8e67c26db300 2926570697 S Ii:2:005:3 -115:1 3 <
ffff8e67c26db300 2926571915 C Ii:2:005:3 0:1 3 = 100000
ffff8e67c26db300 2926572091 S Ci:2:005:0 s c0 bc 0800 0016 0002 2 <
ffff8e67c26db300 2926574730 C Ci:2:005:0 0 2 = 0900
ffff8e67c26db300 2926574848 S Ci:2:005:0 s c0 bc 0900 001c 0002 2 <
ffff8e67c26db300 2926577483 C Ci:2:005:0 0 2 = 2f6f
ffff8e67c26db300 2926577600 S Ci:2:005:0 s c0 bc 0800 23be 0004 4 <
ffff8e67c26db300 2926580289 C Ci:2:005:0 0 4 = 0000f4e0
ffff8e67c26db300 2926580419 S Co:2:005:0 s 40 bc 0800 00c0 0004 4 = 9989ec00
ffff8e67c26db300 2926582970 C Co:2:005:0 0 4 >
ffff8e67c26db300 2926583112 S Co:2:005:0 s 40 b9 0000 0000 0004 4 = 09006603
ffff8e67c26db300 2926585741 C Co:2:005:0 0 4 >
ffff8e67c26db300 2926585861 S Ii:2:005:3 -115:1 3 <
ffff8e67c26db300 2926587052 C Ii:2:005:3 0:1 3 = 100000
ffff8e67c26db300 2926587153 S Ci:2:005:0 s c0 bc 0800 0016 0002 2 <
ffff8e67c26db300 2926589833 C Ci:2:005:0 0 2 = 0900
ffff8e67c26db300 2926589956 S Ci:2:005:0 s c0 bc 0900 001c 0002 2 <
ffff8e67c26db300 2926592519 C Ci:2:005:0 0 2 = 2f6f
ffff8e67c26db300 2926592682 S Ci:2:005:0 s c0 bc 0800 23be 0002 2 <
ffff8e67c26db300 2926595289 C Ci:2:005:0 0 2 = 0000
ffff8e67c26db300 2926595442 S Co:2:005:0 s 40 bc 0900 0014 0002 2 = d39e
ffff8e67c26db300 2926597991 C Co:2:005:0 0 2 >
ffff8e67c26db300 2926598146 S Ci:2:005:0 s c0 bc 0900 001c 0002 2 <
ffff8e67c26db300 2926600778 C Ci:2:005:0 0 2 = 2f6f
ffff8e67c26db300 2926600933 S Co:2:005:0 s 40 b9 0000 0000 0004 4 = 09016601
ffff8e67c26db300 2926603478 C Co:2:005:0 0 4 >
ffff8e67c26db300 2926603627 S Ii:2:005:3 -115:1 3 <
ffff8e67c26db300 2926604834 C Ii:2:005:3 0:1 3 = 100000
ffff8e67c26db300 2926604989 S Ci:2:005:0 s c0 bc 0800 0016 0002 2 <
ffff8e67c26db300 2926607663 C Ci:2:005:0 0 2 = 0900
ffff8e67c26db300 2926607816 S Ci:2:005:0 s c0 bc 0900 001c 0002 2 <
ffff8e67c26db300 2926610368 C Ci:2:005:0 0 2 = 2f6f
ffff8e67c26db300 2926610539 S Ci:2:005:0 s c0 bc 0800 23be 0004 4 <
ffff8e67c26db300 2926613126 C Ci:2:005:0 0 4 = 0000b8e0
ffff8e67c26db300 2926613293 S Co:2:005:0 s 40 bc 0800 00c0 0004 4 = 9989ec00
