ffff8e67c26db300 2926615863 C Co:2:005:0 0 4 >
ffff8e67c26db300 2926616017 S Co:2:005:0 s 40 b9 0000 0000 0004 4 = 09006603
ffff8e67c26db300 2926618630 C Co:2:005:0 0 4 >
ffff8e67c26db300 2926618780 S Ii:2:005:3 -115:1 3 <
ffff8e67c26db300 2926619932 C Ii:2:005:3 0:1 3 = 100000
ffff8e67c26db300 2926620107 S Ci:2:005:0 s c0 bc 0800 0016 0002 2 <
ffff8e67c26db300 2926622820 C Ci:2:005:0 0 2 = 0900
ffff8e67c26db300 2926623010 S Ci:2:005:0 s c0 bc 0900 001c 0002 2 <
ffff8e67c26db300 2926625534 C Ci:2:005:0 0 2 = 2f6f
ffff8e67c26db300 2926625705 S Ci:2:005:0 s c0 bc 0800 23be 0002 2 <
ffff8e67c26db300 2926628223 C Ci:2:005:0 0 2 = 0000
ffff8e67c26db300 2926628373 S Co:2:005:0 s 40 bc 0900 0014 0002 2 = d39e
ffff8e67c26db300 2926630921 C Co:2:005:0 0 2 >
ffff8e67c26db300 2926631094 S Ci:2:005:0 s c0 bc 0900 001c 0002 2 <
ffff8e67c26db300 2926633639 C Ci:2:005:0 0 2 = 2f6f
ffff8e67c26db300 2926633782 S Co:2:005:0 s 40 b9 0000 0000 0004 4 = 09016601
ffff8e67c26db300 2926636467 C Co:2:005:0 0 4 >
ffff8e67c26db300 2926636619 S Ii:2:005:3 -115:1 3 <
ffff8e67c26db300 2926637829 C Ii:2:005:3 0:1 3 = 100000
ffff8e67c26db300 2926637984 S Ci:2:005:0 s c0 bc 0800 0016 0002 2 <
ffff8e67c26db300 2926640648 C Ci:2:005:0 0 2 = 0900
ffff8e67c26db300 2926640778 S Ci:2:005:0 s c0 bc 0900 001c 0002 2 <
ffff8e67c26db300 2926643277 C Ci:2:005:0 0 2 = 2f6f
ffff8e67c26db300 2926643406 S Ci:2:005:0 s c0 bc 0800 23be 0004 4 <
ffff8e67c26db300 2926645994 C Ci:2:005:0 0 4 = 000051e0
ffff8e67c4a979c0 2926647125 S Co:2:005:0 s 40 bc 0800 00c0 0004 4 = 9989ec00
ffff8e67c4a979c0 2926648663 C Co:2:005:0 0 4 >
ffff8e67c4a979c0 2926648756 S Co:2:005:0 s 40 b9 0000 0000 0004 4 = 09006603
ffff8e67c4a979c0 2926651381 C Co:2:005:0 0 4 >
ffff8e67c4a979c0 2926651436 S Ii:2:005:3 -115:1 3 <
ffff8e67c4a979c0 2926652717 C Ii:2:005:3 0:1 3 = 100000
ffff8e67c4a979c0 2926652813 S Ci:2:005:0 s c0 bc 0800 0016 0002 2 <
ffff8e67c4a979c0 2926655524 C Ci:2:005:0 0 2 = 0900
ffff8e67c6eea000 2926655610 S Ci:2:005:0 s c0 bc 0900 001c 0002 2 <
ffff8e67c6eea000 2926658283 C Ci:2:005:0 0 2 = 2f6f
ffff8e67c6eea000 2926658382 S Ci:2:005:0 s c0 bc 0800 23be 0002 2 <
ffff8e67c6eea000 2926660964 C Ci:2:005:0 0 2 = 0000
ffff8e67c6eea000 2926661132 S Co:2:005:0 s 40 bc 0900 0014 0002 2 = d39e
ffff8e67c6eea000 2926663813 C Co:2:005:0 0 2 >
ffff8e67c6eea000 2926664060 S Ci:2:005:0 s c0 bc 0900 001c 0002 2 <
ffff8e67c6eea000 2926666536 C Ci:2:005:0 0 2 = 2f6f
ffff8e67c6eea000 2926666693 S Co:2:005:0 s 40 b9 0000 0000 0004 4 = 09016601
ffff8e67c6eea000 2926669256 C Co:2:005:0 0 4 >
ffff8e67c6eea000 2926669407 S Ii:2:005:3 -115:1 3 <
ffff8e67c6eea000 2926670542 C Ii:2:005:3 0:1 3 = 100000
ffff8e67c6eea000 2926670703 S Ci:2:005:0 s c0 bc 0800 0016 0002 2 <
ffff8e67c6eea000 2926673357 C Ci:2:005:0 0 2 = 0900
ffff8e67c6eea000 2926673511 S Ci:2:005:0 s c0 bc 0900 001c 0002 2 <
ffff8e67c6eea000 2926676095 C Ci:2:005:0 0 2 = 2f6f
ffff8e67c6eea000 2926676205 S Ci:2:005:0 s c0 bc 0800 23be 0004 4 <
ffff8e67c6eea000 2926678892 C Ci:2:005:0 0 4 = 0000d2e0
ffff8e67c6eea000 2926679064 S Co:2:005:0 s 40 bc 0800 00c0 0004 4 = 9989ec00
ffff8e67c6eea000 2926681643 C Co:2:005:0 0 4 >
ffff8e67c6eea000 2926681799 S Co:2:005:0 s 40 b9 0000 0000 0004 4 = 09006603
ffff8e67c6eea000 2926684371 C Co:2:005:0 0 4 >
ffff8e67c6eea000 2926684528 S Ii:2:005:3 -115:1 3 <
ffff8e67c6eea000 2926685743 C Ii:2:005:3 0:1 3 = 100000
ffff8e67c6eea000 2926685898 S Ci:2:005:0 s c0 bc 0800 0016 0002 2 <
ffff8e67c6eea000 2926688512 C Ci:2:005:0 0 2 = 0900
ffff8e67c6eea000 2926688677 S Ci:2:005:0 s c0 bc 0900 001c 0002 2 <
ffff8e67c6eea000 2926691206 C Ci:2:005:0 0 2 = 2f6f
ffff8e67c6eea000 2926691358 S Ci:2:005:0 s c0 bc 0800 23be 0002 2 <
ffff8e67c6eea000 2926693971 C Ci:2:005:0 0 2 = 0000
ffff8e67c6eea000 2926694130 S Co:2:005:0 s 40 bc 0900 0014 0002 2 = d39e
ffff8e67c6eea000 2926696690 C Co:2:005:0 0 2 >
ffff8e67c6eea000 2926696842 S Ci:2:005:0 s c0 bc 0900 001c 0002 2 <
ffff8e67c6eea000 2926699497 C Ci:2:005:0 0 2 = 2f6f
ffff8e67c6eea000 2926699652 S Co:2:005:0 s 40 b9 0000 0000 0004 4 = 09016601
ffff8e67c6eea000 2926702252 C Co:2:005:0 0 4 >
ffff8e67c6eea000 2926702408 S Ii:2:005:3 -115:1 3 <
ffff8e67c6eea000 2926703592 C Ii:2:005:3 0:1 3 = 100000
ffff8e67c6eea000 2926703777 S Ci:2:005:0 s c0 bc 0800 0016 0002 2 <
ffff8e67c6eea000 2926706434 C Ci:2:005:0 0 2 = 0900
ffff8e67c6eea000 2926706593 S Ci:2:005:0 s c0 bc 0900 001c 0002 2 <
ffff8e67c6eea000 2926709103 C Ci:2:005:0 0 2 = 2f6f
ffff8e67c6eea000 2926709272 S Ci:2:005:0 s c0 bc 0800 23be 0004 4 <
ffff8e67c6eea000 2926711997 C Ci:2:005:0 0 4 = 000083e0
ffff8e67c6eea000 2926712161 S Co:2:005:0 s 40 bc 0800 00c0 0004 4 = 9989ec00
ffff8e67c6eea000 2926714635 C Co:2:005:0 0 4 >
ffff8e67c6eea000 2926714794 S Co:2:005:0 s 40 b9 0000 0000 0004 4 = 09006603
ffff8e67c6eea000 2926717377 C Co:2:005:0 0 4 >
ffff8e67c6eea000 2926717491 S Ii:2:005:3 -115:1 3 <
ffff8e67c6eea000 2926718671 C Ii:2:005:3 0:1 3 = 100000
ffff8e67c6eea000 2926718852 S Ci:2:005:0 s c0 bc 0800 0016 0002 2 <
ffff8e67c6eea000 2926721472 C Ci:2:005:0 0 2 = 0900
ffff8e67c6eea000 2926721624 S Ci:2:005:0 s c0 bc 0900 001c 0002 2 <
ffff8e67c6eea000 2926724215 C Ci:2:005:0 0 2 = 2f6f
ffff8e67c6eea000 2926724368 S Ci:2:005:0 s c0 bc 0800 23be 0002 2 <
ffff8e67c6eea000 2926727012 C Ci:2:005:0 0 2 = 0000
ffff8e67c6eea000 2926727207 S Co:2:005:0 s 40 bc 0900 0014 0002 2 = d39e
ffff8e67c6eea000 2926729721 C Co:2:005:0 0 2 >
ffff8e67c6eea000 2926729874 S Ci:2:005:0 s c0 bc 0900 001c 0002 2 <
ffff8e67c6eea000 2926732521 C Ci:2:005:0 0 2 = 2f6f
ffff8e67c6eea000 2926732657 S Co:2:005:0 s 40 b9 0000 0000 0004 4 = 09016601
ffff8e67c6eea000 2926735246 C Co:2:005:0 0 4 >
ffff8e67c6eea000 2926735394 S Ii:2:005:3 -115:1 3 <
ffff8e67c6eea000 2926736527 C Ii:2:005:3 0:1 3 = 100000
ffff8e67c6eea000 2926736690 S Ci:2:005:0 s c0 bc 0800 0016 0002 2 <
ffff8e67c6eea000 2926739506 C Ci:2:005:0 0 2 = 0900
ffff8e67c6eea000 2926739660 S Ci:2:005:0 s c0 bc 0900 001c 0002 2 <
ffff8e67c6eea000 2926742199 C Ci:2:005:0 0 2 = 2f6f
ffff8e67c6eea000 2926742352 S Ci:2:005:0 s c0 bc 0800 23be 0004 4 <
ffff8e67c6eea000 2926744956 C Ci:2:005:0 0 4 = 000091e0
ffff8e67c6eea000 2926745134 S Co:2:005:0 s 40 bc 0800 00c0 0004 4 = 9989ec00
ffff8e67c6eea000 2926747736 C Co:2:005:0 0 4 >
ffff8e67c6eea000 2926747884 S Co:2:005:0 s 40 b9 0000 0000 0004 4 = 09006603
ffff8e67c6eea000 2926750475 C Co:2:005:0 0 4 >
ffff8e67c6eea000 2926750626 S Ii:2:005:3 -115:1 3 <
ffff8e67c6eea000 2926751858 C Ii:2:005:3 0:1 3 = 100000
ffff8e67c6eea000 2926752042 S Ci:2:005:0 s c0 bc 0800 0016 0002 2 <
ffff8e67c6eea000 2926754658 C Ci:2:005:0 0 2 = 0900
ffff8e67c6eea000 2926754810 S Ci:2:005:0 s c0 bc 0900 001c 0002 2 <
ffff8e67c6eea000 2926757385 C Ci:2:005:0 0 2 = 2f6f
ffff8e67c6eea000 2926757498 S Ci:2:005:0 s c0 bc 0800 23be 0002 2 <
ffff8e67c6eea000 2926760209 C Ci:2:005:0 0 2 = 0000
ffff8e67c6eea000 2926760371 S Co:2:005:0 s 40 bc 0900 0014 0002 2 = d39e
ffff8e67c6eea000 2926762878 C Co:2:005:0 0 2 >
ffff8e67c6eea000 2926763062 S Ci:2:005:0 s c0 bc 0900 001c 0002 2 <
ffff8e67c6eea000 2926765658 C Ci:2:005:0 0 2 = 2f6f
ffff8e67c6eea000 2926765812 S Co:2:005:0 s 40 b9 0000 0000 0004 4 = 09016601
ffff8e67c6eea000 2926768396 C Co:2:005:0 0 4 >
ffff8e67c6eea000 2926768558 S Ii:2:005:3 -115:1 3 <
ffff8e67c6eea000 2926769794 C Ii:2:005:3 0:1 3 = 100000
ffff8e67c6eea000 2926769948 S Ci:2:005:0 s c0 bc 0800 0016 0002 2 <
ffff8e67c6eea000 2926772642 C Ci:2:005:0 0 2 = 0900
ffff8e67c6eea000 2926772794 S Ci:2:005:0 s c0 bc 0900 001c 0002 2 <
ffff8e67c6eea000 2926775360 C Ci:2:005:0 0 2 = 2f6f
ffff8e67c6eea000 2926775485 S Ci:2:005:0 s c0 bc 0800 23be 0004 4 <
ffff8e67c6eea000 2926778084 C Ci:2:005:0 0 4 = 000089e0
ffff8e67c6eea000 2926778249 S Co:2:005:0 s 40 bc 0800 00c0 0004 4 = 9989ec00
ffff8e67c6eea000 2926780859 C Co:2:005:0 0 4 >
ffff8e67c6eea000 2926780961 S Co:2:005:0 s 40 b9 0000 0000 0004 4 = 09006603
ffff8e67c6eea000 2926783666 C Co:2:005:0 0 4 >
ffff8e67c6eea000 2926783800 S Ii:2:005:3 -115:1 3 <
ffff8e67c6eea000 2926785129 C Ii:2:005:3 0:1 3 = 100000
ffff8e67c6eea000 2926785281 S Ci:2:005:0 s c0 bc 0800 0016 0002 2 <
ffff8e67c6eea000 2926787864 C Ci:2:005:0 0 2 = 0900
ffff8e67c6eea000 2926788076 S Ci:2:005:0 s c0 bc 0900 001c 0002 2 <
ffff8e67c6eea000 2926790612 C Ci:2:005:0 0 2 = 2f6f
ffff8e67c6eea000 2926790764 S Ci:2:005:0 s c0 bc 0800 23be 0002 2 <
ffff8e67c6eea000 2926793332 C Ci:2:005:0 0 2 = 0000
ffff8e67c6eea000 2926793484 S Co:2:005:0 s 40 bc 0900 0014 0002 2 = d39e
ffff8e67c6eea000 2926796072 C Co:2:005:0 0 2 >
ffff8e67c6eea000 2926796221 S Ci:2:005:0 s c0 bc 0900 001c 0002 2 <
ffff8e67c6eea000 2926798912 C Ci:2:005:0 0 2 = 2f6f
ffff8e67c6eea000 2926799083 S Co:2:005:0 s 40 b9 0000 0000 0004 4 = 09016601
ffff8e67c6eea000 2926801609 C Co:2:005:0 0 4 >
ffff8e67c6eea000 2926801773 S Ii:2:005:3 -115:1 3 <
ffff8e67c6eea000 2926802914 C Ii:2:005:3 0:1 3 = 100000
ffff8e67c6eea000 2926803084 S Ci:2:005:0 s c0 bc 0800 0016 0002 2 <
ffff8e67c6eea000 2926805780 C Ci:2:005:0 0 2 = 0900
ffff8e67c6eea000 2926805935 S Ci:2:005:0 s c0 bc 0900 001c 0002 2 <
ffff8e67c6eea000 2926808560 C Ci:2:005:0 0 2 = 2f6f
ffff8e67c6eea000 2926808725 S Ci:2:005:0 s c0 bc 0800 23be 0004 4 <
ffff8e67c6eea000 2926811249 C Ci:2:005:0 0 4 = 000087e0
ffff8e67c6eea000 2926811407 S Co:2:005:0 s 40 bc 0800 00c0 0004 4 = 9989ec00
ffff8e67c6eea000 2926813975 C Co:2:005:0 0 4 >
ffff8e67c6eea000 2926814147 S Co:2:005:0 s 40 b9 0000 0000 0004 4 = 09006603
ffff8e67c6eea000 2926816684 C Co:2:005:0 0 4 >
ffff8e67c6eea000 2926816844 S Ii:2:005:3 -115:1 3 <
ffff8e67c6eea000 2926818054 C Ii:2:005:3 0:1 3 = 100000
ffff8e67c6eea000 2926818187 S Ci:2:005:0 s c0 bc 0800 0016 0002 2 <
ffff8e67c6eea000 2926820820 C Ci:2:005:0 0 2 = 0900
ffff8e67c6eea000 2926820998 S Ci:2:005:0 s c0 bc 0900 001c 0002 2 <
ffff8e67c6eea000 2926823581 C Ci:2:005:0 0 2 = 2f6f
ffff8e67c6eea000 2926823764 S Ci:2:005:0 s c0 bc 0800 23be 0002 2 <
ffff8e67c6eea000 2926826396 C Ci:2:005:0 0 2 = 0000
ffff8e67c6eea000 2926826549 S Co:2:005:0 s 40 bc 0900 0014 0002 2 = d39e
ffff8e67c6eea000 2926829069 C Co:2:005:0 0 2 >
ffff8e67c6eea000 2926829217 S Ci:2:005:0 s c0 bc 0900 001c 0002 2 <
ffff8e67c6eea000 2926831984 C Ci:2:005:0 0 2 = 2f6f
ffff8e67c6eea000 2926832138 S Co:2:005:0 s 40 b9 0000 0000 0004 4 = 09016601
ffff8e67c6eea000 2926834763 C Co:2:005:0 0 4 >
ffff8e67c6eea000 2926834935 S Ii:2:005:3 -115:1 3 <
ffff8e67c6eea000 2926836059 C Ii:2:005:3 0:1 3 = 100000
ffff8e67c6eea000 2926836213 S Ci:2:005:0 s c0 bc 0800 0016 0002 2 <
ffff8e67c6eea000 2926838828 C Ci:2:005:0 0 2 = 0900
ffff8e67c6eea000 2926838952 S Ci:2:005:0 s c0 bc 0900 001c 0002 2 <
ffff8e67c6eea000 2926841637 C Ci:2:005:0 0 2 = 2f6f
ffff8e67c6eea000 2926841789 S Ci:2:005:0 s c0 bc 0800 23be 0004 4 <
ffff8e67c6eea000 2926844383 C Ci:2:005:0 0 4 = 000087e0
ffff8e67c6eea000 2926844541 S Co:2:005:0 s 40 bc 0800 00c0 0004 4 = 9989ec00
ffff8e67c6eea000 2926847107 C Co:2:005:0 0 4 >
ffff8e67c6eea000 2926847261 S Co:2:005:0 s 40 b9 0000 0000 0004 4 = 09006603
ffff8e67c6eea000 2926849812 C Co:2:005:0 0 4 >
ffff8e67c6eea000 2926849962 S Ii:2:005:3 -115:1 3 <
ffff8e67c6eea000 2926851156 C Ii:2:005:3 0:1 3 = 100000
ffff8e67c6eea000 2926851234 S Ci:2:005:0 s c0 bc 0800 0016 0002 2 <
ffff8e67c6eea000 2926853987 C Ci:2:005:0 0 2 = 0900
ffff8e67c6eea000 2926854141 S Ci:2:005:0 s c0 bc 0900 001c 0002 2 <
ffff8e67c6eea000 2926856726 C Ci:2:005:0 0 2 = 2f6f
ffff8e67c6eea000 2926856883 S Ci:2:005:0 s c0 bc 0800 23be 0002 2 <
ffff8e67c6eea000 2926859451 C Ci:2:005:0 0 2 = 0000
ffff8e67c6eea000 2926859531 S Co:2:005:0 s 40 bc 0900 0014 0002 2 = d39e
ffff8e67c6eea000 2926862241 C Co:2:005:0 0 2 >
ffff8e67c6eea000 2926862399 S Ci:2:005:0 s c0 bc 0900 001c 0002 2 <
ffff8e67c6eea000 2926864950 C Ci:2:005:0 0 2 = 2f6f
ffff8e67c6eea000 2926865129 S Co:2:005:0 s 40 b9 0000 0000 0004 4 = 09016601
ffff8e67c6eea000 2926867794 C Co:2:005:0 0 4 >
ffff8e67c6eea000 2926867961 S Ii:2:005:3 -115:1 3 <
ffff8e67c6eea000 2926869163 C Ii:2:005:3 0:1 3 = 100000
ffff8e67c6eea000 2926869267 S Ci:2:005:0 s c0 bc 0800 0016 0002 2 <
ffff8e67c6eea000 2926872078 C Ci:2:005:0 0 2 = 0900
ffff8e67c6eea000 2926872199 S Ci:2:005:0 s c0 bc 0900 001c 0002 2 <
ffff8e67c6eea000 2926874744 C Ci:2:005:0 0 2 = 2f6f
ffff8e67c6eea000 2926874895 S Ci:2:005:0 s c0 bc 0800 23be 0004 4 <
ffff8e67c6eea000 2926877449 C Ci:2:005:0 0 4 = 0000b1e0
ffff8e67c6eea000 2926877609 S Co:2:005:0 s 40 bc 0800 00c0 0002 2 = 1089
ffff8e67c6eea000 2926880159 C Co:2:005:0 0 2 >
ffff8e67c6eea000 2926880332 S Co:2:005:0 s 40 b9 0000 0000 0004 4 = 09009802
ffff8e67c6eea000 2926882940 C Co:2:005:0 0 4 >
ffff8e67c6eea000 2926883104 S Ii:2:005:3 -115:1 3 <
ffff8e67c6eea000 2926884364 C Ii:2:005:3 0:1 3 = 100000
ffff8e67c6eea000 2926884508 S Ci:2:005:0 s c0 bc 0800 0016 0002 2 <
ffff8e67c6eea000 2926887108 C Ci:2:005:0 0 2 = 0900
ffff8e67c6eea000 2926887273 S Ci:2:005:0 s c0 bc 0900 001c 0002 2 <
ffff8e67c6eea000 2926889743 C Ci:2:005:0 0 2 = 2f6f
ffff8e67c6eea000 2926889900 S Ci:2:005:0 s c0 bc 0800 23be 0002 2 <
ffff8e67c6eea000 2926892436 C Ci:2:005:0 0 2 = 0000
ffff8e67c6eea000 2926892598 S Co:2:005:0 s 40 bc 0900 0014 0002 2 = d39e
ffff8e67c6eea000 2926895236 C Co:2:005:0 0 2 >
ffff8e67c6eea000 2926895386 S Ci:2:005:0 s c0 bc 0900 001c 0002 2 <
ffff8e67c6eea000 2926897911 C Ci:2:005:0 0 2 = 2f6f
ffff8e67c6eea000 2926897995 S Co:2:005:0 s 40 bc 0800 00c0 0002 2 = 1581
ffff8e67c6eea000 2926900718 C Co:2:005:0 0 2 >
ffff8e67c6eea000 2926900865 S Co:2:005:0 s 40 b9 0000 0000 0004 4 = 09009802
ffff8e67c6eea000 2926903478 C Co:2:005:0 0 4 >
ffff8e67c6eea000 2926903668 S Ii:2:005:3 -115:1 3 <
ffff8e67c6eea000 2926904770 C Ii:2:005:3 0:1 3 = 100000
ffff8e67c6eea000 2926904937 S Ci:2:005:0 s c0 bc 0800 0016 0002 2 <
ffff8e67c6eea000 2926907647 C Ci:2:005:0 0 2 = 0900
ffff8e67c6eea000 2926907802 S Ci:2:005:0 s c0 bc 0900 001c 0002 2 <
ffff8e67c6eea000 2926910387 C Ci:2:005:0 0 2 = 2f6f
ffff8e67c6eea000 2926910567 S Ci:2:005:0 s c0 bc 0800 23be 0002 2 <
ffff8e67c6eea000 2926913080 C Ci:2:005:0 0 2 = 0000
ffff8e67c6eea000 2926913194 S Co:2:005:0 s 40 bc 0900 0014 0002 2 = d39e
ffff8e67c6eea000 2926915880 C Co:2:005:0 0 2 >
ffff8e67c6eea000 2926916079 S Ci:2:005:0 s c0 bc 0900 001c 0002 2 <
ffff8e67c6eea000 2926918685 C Ci:2:005:0 0 2 = 2f6f
ffff8e67c6eea000 2926918883 S Co:2:005:0 s 40 bc 0800 00c0 0002 2 = 658a
ffff8e67c6eea000 2926921302 C Co:2:005:0 0 2 >
ffff8e67c6eea000 2926921475 S Co:2:005:0 s 40 b9 0000 0000 0004 4 = 09009802
ffff8e67c6eea000 2926924098 C Co:2:005:0 0 4 >
ffff8e67c6eea000 2926924261 S Ii:2:005:3 -115:1 3 <
ffff8e67c6eea000 2926925528 C Ii:2:005:3 0:1 3 = 100000
ffff8e67c6eea000 2926925636 S Ci:2:005:0 s c0 bc 0800 0016 0002 2 <
ffff8e67c6eea000 2926928372 C Ci:2:005:0 0 2 = 0900
ffff8e67c6eea000 2926928540 S Ci:2:005:0 s c0 bc 0900 001c 0002 2 <
ffff8e67c6eea000 2926931077 C Ci:2:005:0 0 2 = 2f6f
ffff8e67c6eea000 2926931185 S Ci:2:005:0 s c0 bc 0800 23be 0002 2 <
ffff8e67c6eea000 2926933823 C Ci:2:005:0 0 2 = 0000
ffff8e67c6eea000 2926933921 S Co:2:005:0 s 40 bc 0900 0014 0002 2 = d39e
ffff8e67c6eea000 2926936678 C Co:2:005:0 0 2 >
ffff8e67c6eea000 2926936782 S Ci:2:005:0 s c0 bc 0900 001c 0002 2 <
ffff8e67c6eea000 2926939456 C Ci:2:005:0 0 2 = 2f6f
ffff8e67c6eea000 2926939615 S Co:2:005:0 s 40 bc 0800 00c0 0002 2 = 1089
ffff8e67c6eea000 2926942173 C Co:2:005:0 0 2 >
ffff8e67c6eea000 2926942324 S Co:2:005:0 s 40 b9 0000 0000 0004 4 = 09009802
ffff8e67c6eea000 2926944759 C Co:2:005:0 0 4 >
ffff8e67c6eea000 2926944899 S Ii:2:005:3 -115:1 3 <
ffff8e67c6eea000 2926946156 C Ii:2:005:3 0:1 3 = 100000
ffff8e67c6eea000 2926946272 S Ci:2:005:0 s c0 bc 0800 0016 0002 2 <
ffff8e67c6eea000 2926948924 C Ci:2:005:0 0 2 = 0900
ffff8e67c6eea000 2926949109 S Ci:2:005:0 s c0 bc 0900 001c 0002 2 <
ffff8e67c6eea000 2926951727 C Ci:2:005:0 0 2 = 2f6f
ffff8e67c6eea000 2926951873 S Ci:2:005:0 s c0 bc 0800 23be 0002 2 <
ffff8e67c6eea000 2926954377 C Ci:2:005:0 0 2 = 0000
ffff8e67c6eea000 2926954530 S Co:2:005:0 s 40 bc 0900 0014 0002 2 = d39e
ffff8e67c6eea000 2926957160 C Co:2:005:0 0 2 >
ffff8e67c6eea000 2926957315 S Ci:2:005:0 s c0 bc 0900 001c 0002 2 <
ffff8e67c6eea000 2926959839 C Ci:2:005:0 0 2 = 2f6f
ffff8e67c6eea000 2926960007 S Co:2:005:0 s 40 bc 0800 00c0 0002 2 = 1128
ffff8e67c6eea000 2926962536 C Co:2:005:0 0 2 >
ffff8e67c6eea000 2926962689 S Co:2:005:0 s 40 b9 0000 0000 0004 4 = 09009802
ffff8e67c6eea000 2926965129 C Co:2:005:0 0 4 >
ffff8e67c6eea000 2926965280 S Ii:2:005:3 -115:1 3 <
ffff8e67c6eea000 2926966319 C Ii:2:005:3 0:1 3 = 100000
ffff8e67c6eea000 2926966464 S Ci:2:005:0 s c0 bc 0800 0016 0002 2 <
ffff8e67c6eea000 2926969092 C Ci:2:005:0 0 2 = 0900
ffff8e67c6eea000 2926969204 S Ci:2:005:0 s c0 bc 0900 001c 0002 2 <
ffff8e67c6eea000 2926971693 C Ci:2:005:0 0 2 = 2f6f
ffff8e67c6eea000 2926971848 S Ci:2:005:0 s c0 bc 0800 23be 0002 2 <
ffff8e67c6eea000 2926974381 C Ci:2:005:0 0 2 = 0000
ffff8e67c6eea000 2926974536 S Co:2:005:0 s 40 bc 0900 0014 0002 2 = d39e
ffff8e67c6eea000 2926977216 C Co:2:005:0 0 2 >
ffff8e67c6eea000 2926977359 S Ci:2:005:0 s c0 bc 0900 001c 0002 2 <
ffff8e67c6eea000 2926979821 C Ci:2:005:0 0 2 = 2f6f
ffff8e67c6eea000 2926979952 S Co:2:005:0 s 40 bc 0800 00c0 0002 2 = 12e8
ffff8e67c6eea000 2926982604 C Co:2:005:0 0 2 >
ffff8e67c6eea000 2926982754 S Co:2:005:0 s 40 b9 0000 0000 0004 4 = 09009802
ffff8e67c6eea000 2926985313 C Co:2:005:0 0 4 >
ffff8e67c6eea000 2926985473 S Ii:2:005:3 -115:1 3 <
ffff8e67c6eea000 2926986686 C Ii:2:005:3 0:1 3 = 100000
ffff8e67c6eea000 2926986804 S Ci:2:005:0 s c0 bc 0800 0016 0002 2 <
ffff8e67c6eea000 2926989444 C Ci:2:005:0 0 2 = 0900
ffff8e67c6eea000 2926989601 S Ci:2:005:0 s c0 bc 0900 001c 0002 2 <
ffff8e67c6eea000 2926992269 C Ci:2:005:0 0 2 = 2f6f
ffff8e67c6eea000 2926992445 S Ci:2:005:0 s c0 bc 0800 23be 0002 2 <
ffff8e67c6eea000 2926995044 C Ci:2:005:0 0 2 = 0000
ffff8e67c6eea000 2926995176 S Co:2:005:0 s 40 bc 0900 0014 0002 2 = d39e
ffff8e67c6eea000 2926997683 C Co:2:005:0 0 2 >
ffff8e67c6eea000 2926997840 S Ci:2:005:0 s c0 bc 0900 001c 0002 2 <
ffff8e67c6eea000 2927000458 C Ci:2:005:0 0 2 = 2f6f
ffff8e67c6eea000 2927000610 S Co:2:005:0 s 40 bc 0800 00c0 0002 2 = 13a8
ffff8e67c6eea000 2927003149 C Co:2:005:0 0 2 >
ffff8e67c6eea000 2927003293 S Co:2:005:0 s 40 b9 0000 0000 0004 4 = 09009802
ffff8e67c6eea000 2927005824 C Co:2:005:0 0 4 >
ffff8e67c6eea000 2927005937 S Ii:2:005:3 -115:1 3 <
ffff8e67c6eea000 2927007152 C Ii:2:005:3 0:1 3 = 100000
ffff8e67c6eea000 2927007255 S Ci:2:005:0 s c0 bc 0800 0016 0002 2 <
ffff8e67c6eea000 2927009917 C Ci:2:005:0 0 2 = 0900
ffff8e67c6eea000 2927010101 S Ci:2:005:0 s c0 bc 0900 001c 0002 2 <
ffff8e67c6eea000 2927012713 C Ci:2:005:0 0 2 = 2f6f
ffff8e67c6eea000 2927012840 S Ci:2:005:0 s c0 bc 0800 23be 0002 2 <
ffff8e67c6eea000 2927015385 C Ci:2:005:0 0 2 = 0000
ffff8e67c6eea000 2927015542 S Co:2:005:0 s 40 bc 0900 0014 0002 2 = d39e
ffff8e67c6eea000 2927018178 C Co:2:005:0 0 2 >
ffff8e67c6eea000 2927018287 S Ci:2:005:0 s c0 bc 0900 001c 0002 2 <
ffff8e67c6eea000 2927020871 C Ci:2:005:0 0 2 = 2f6f
ffff8e67c6eea000 2927020992 S Co:2:005:0 s 40 bc 0800 00c0 0002 2 = 1488
ffff8e67c6eea000 2927023621 C Co:2:005:0 0 2 >
ffff8e67c6eea000 2927023706 S Co:2:005:0 s 40 b9 0000 0000 0004 4 = 09009802
ffff8e67c6eea000 2927026340 C Co:2:005:0 0 4 >
ffff8e67c6eea000 2927026483 S Ii:2:005:3 -115:1 3 <
ffff8e67c6eea000 2927027620 C Ii:2:005:3 0:1 3 = 100000
ffff8e67c6eea000 2927027772 S Ci:2:005:0 s c0 bc 0800 0016 0002 2 <
ffff8e67c6eea000 2927030414 C Ci:2:005:0 0 2 = 0900
ffff8e67c6eea000 2927030567 S Ci:2:005:0 s c0 bc 0900 001c 0002 2 <
ffff8e67c6eea000 2927033050 C Ci:2:005:0 0 2 = 2f6f
ffff8e67c6eea000 2927033202 S Ci:2:005:0 s c0 bc 0800 23be 0002 2 <
ffff8e67c6eea000 2927035805 C Ci:2:005:0 0 2 = 0000
ffff8e67c6eea000 2927035960 S Co:2:005:0 s 40 bc 0900 0014 0002 2 = d39e
ffff8e67c6eea000 2927038588 C Co:2:005:0 0 2 >
ffff8e67c6eea000 2927038738 S Ci:2:005:0 s c0 bc 0900 001c 0002 2 <
ffff8e67c6eea000 2927041372 C Ci:2:005:0 0 2 = 2f6f
ffff8e67c6eea000 2927041542 S Co:2:005:0 s 40 bc 0800 00c0 0002 2 = 158b
ffff8e67c6eea000 2927044065 C Co:2:005:0 0 2 >
ffff8e67c6eea000 2927044175 S Co:2:005:0 s 40 b9 0000 0000 0004 4 = 09009802
ffff8e67c6eea000 2927046731 C Co:2:005:0 0 4 >
ffff8e67c6eea000 2927046880 S Ii:2:005:3 -115:1 3 <
ffff8e67c6eea000 2927048142 C Ii:2:005:3 0:1 3 = 100000
ffff8e67c6eea000 2927048254 S Ci:2:005:0 s c0 bc 0800 0016 0002 2 <
ffff8e67c6eea000 2927050774 C Ci:2:005:0 0 2 = 0900
ffff8e67c6eea000 2927050932 S Ci:2:005:0 s c0 bc 0900 001c 0002 2 <
ffff8e67c6eea000 2927053530 C Ci:2:005:0 0 2 = 2f6f
ffff8e67c6eea000 2927053673 S Ci:2:005:0 s c0 bc 0800 23be 0002 2 <
ffff8e67c6eea000 2927056278 C Ci:2:005:0 0 2 = 0000
ffff8e67c6eea000 2927056453 S Co:2:005:0 s 40 bc 0900 0014 0002 2 = d39e
ffff8e67c6eea000 2927059035 C Co:2:005:0 0 2 >
ffff8e67c6eea000 2927059193 S Ci:2:005:0 s c0 bc 0900 001c 0002 2 <
ffff8e67c6eea000 2927061759 C Ci:2:005:0 0 2 = 2f6f
ffff8e67c6eea000 2927061917 S Co:2:005:0 s 40 bc 0800 00c0 0004 4 = 9989ed00
ffff8e67c6eea000 2927064455 C Co:2:005:0 0 4 >
ffff8e67c6eea000 2927064554 S Co:2:005:0 s 40 b9 0000 0000 0004 4 = 09006603
ffff8e67c6eea000 2927067217 C Co:2:005:0 0 4 >
ffff8e67c6eea000 2927067368 S Ii:2:005:3 -115:1 3 <
ffff8e67c6eea000 2927068511 C Ii:2:005:3 0:1 3 = 100000
ffff8e67c6eea000 2927068661 S Ci:2:005:0 s c0 bc 0800 0016 0002 2 <
ffff8e67c6eea000 2927071311 C Ci:2:005:0 0 2 = 0900
ffff8e67c6eea000 2927071464 S Ci:2:005:0 s c0 bc 0900 001c 0002 2 <
ffff8e67c6eea000 2927074038 C Ci:2:005:0 0 2 = 2f6f
ffff8e67c6eea000 2927074196 S Ci:2:005:0 s c0 bc 0800 23be 0002 2 <
ffff8e67c6eea000 2927076687 C Ci:2:005:0 0 2 = 0000
ffff8e67c6eea000 2927076813 S Co:2:005:0 s 40 bc 0900 0014 0002 2 = d39e
ffff8e67c6eea000 2927079424 C Co:2:005:0 0 2 >
ffff8e67c6eea000 2927079578 S Ci:2:005:0 s c0 bc 0900 001c 0002 2 <
ffff8e67c6eea000 2927082071 C Ci:2:005:0 0 2 = 2f6f
ffff8e67c6eea000 2927082246 S Co:2:005:0 s 40 b9 0000 0000 0004 4 = 09016601
ffff8e67c6eea000 2927084813 C Co:2:005:0 0 4 >
ffff8e67c6eea000 2927084981 S Ii:2:005:3 -115:1 3 <
ffff8e67c6eea000 2927086158 C Ii:2:005:3 0:1 3 = 100000
ffff8e67c6eea000 2927086240 S Ci:2:005:0 s c0 bc 0800 0016 0002 2 <
ffff8e67c6eea000 2927088965 C Ci:2:005:0 0 2 = 0900
ffff8e67c6eea000 2927089161 S Ci:2:005:0 s c0 bc 0900 001c 0002 2 <
ffff8e67c6eea000 2927091677 C Ci:2:005:0 0 2 = 2f6f
ffff8e67c6eea000 2927091833 S Ci:2:005:0 s c0 bc 0800 23be 0004 4 <
ffff8e67c6eea000 2927094377 C Ci:2:005:0 0 4 = 00007ce0
ffff8e67c6eea000 2927094536 S Co:2:005:0 s 40 bc 0800 00c0 0004 4 = 9989ec00
ffff8e67c6eea000 2927097186 C Co:2:005:0 0 4 >
ffff8e67c6eea000 2927097345 S Co:2:005:0 s 40 b9 0000 0000 0004 4 = 09006603
ffff8e67c6eea000 2927099786 C Co:2:005:0 0 4 >
ffff8e67c6eea000 2927099935 S Ii:2:005:3 -115:1 3 <
ffff8e67c6eea000 2927101141 C Ii:2:005:3 0:1 3 = 100000
ffff8e67c6eea000 2927101295 S Ci:2:005:0 s c0 bc 0800 0016 0002 2 <
ffff8e67c6eea000 2927104059 C Ci:2:005:0 0 2 = 0900
ffff8e67c6eea000 2927104143 S Ci:2:005:0 s c0 bc 0900 001c 0002 2 <
ffff8e67c6eea000 2927106715 C Ci:2:005:0 0 2 = 2f6f
ffff8e67c6eea000 2927106823 S Ci:2:005:0 s c0 bc 0800 23be 0002 2 <
ffff8e67c6eea000 2927109371 C Ci:2:005:0 0 2 = 0000
ffff8e67c6eea000 2927109500 S Co:2:005:0 s 40 bc 0900 0014 0002 2 = d39e
ffff8e67c6eea000 2927112145 C Co:2:005:0 0 2 >
ffff8e67c6eea000 2927112255 S Ci:2:005:0 s c0 bc 0900 001c 0002 2 <
ffff8e67c6eea000 2927114905 C Ci:2:005:0 0 2 = 2f6f
ffff8e67c6eea000 2927115104 S Co:2:005:0 s 40 b9 0000 0000 0004 4 = 09016601
ffff8e67c6eea000 2927117717 C Co:2:005:0 0 4 >
ffff8e67c6eea000 2927117868 S Ii:2:005:3 -115:1 3 <
ffff8e67c6eea000 2927119009 C Ii:2:005:3 0:1 3 = 100000
ffff8e67c6eea000 2927119170 S Ci:2:005:0 s c0 bc 0800 0016 0002 2 <
ffff8e67c6eea000 2927121773 C Ci:2:005:0 0 2 = 0900
ffff8e67c6eea000 2927121932 S Ci:2:005:0 s c0 bc 0900 001c 0002 2 <
ffff8e67c6eea000 2927124554 C Ci:2:005:0 0 2 = 2f6f
ffff8e67c6eea000 2927124706 S Ci:2:005:0 s c0 bc 0800 23be 0004 4 <
ffff8e67c6eea000 2927127300 C Ci:2:005:0 0 4 = 0000a2e0
ffff8e67c6eea000 2927127483 S Co:2:005:0 s 40 bc 0800 00c0 0004 4 = 9989ec00
ffff8e67c6eea000 2927130092 C Co:2:005:0 0 4 >
ffff8e67c6eea000 2927130195 S Co:2:005:0 s 40 b9 0000 0000 0004 4 = 09006603
ffff8e67c6eea000 2927132839 C Co:2:005:0 0 4 >
ffff8e67c6eea000 2927132963 S Ii:2:005:3 -115:1 3 <
ffff8e67c6eea000 2927134142 C Ii:2:005:3 0:1 3 = 100000
ffff8e67c6eea000 2927134292 S Ci:2:005:0 s c0 bc 0800 0016 0002 2 <
ffff8e67c6eea000 2927136939 C Ci:2:005:0 0 2 = 0900
ffff8e67c6eea000 2927137114 S Ci:2:005:0 s c0 bc 0900 001c 0002 2 <
ffff8e67c6eea000 2927139700 C Ci:2:005:0 0 2 = 2f6f
ffff8e67c6eea000 2927139829 S Ci:2:005:0 s c0 bc 0800 23be 0002 2 <
ffff8e67c6eea000 2927142379 C Ci:2:005:0 0 2 = 0000
ffff8e67c6eea000 2927142545 S Co:2:005:0 s 40 bc 0900 0014 0002 2 = d39e
ffff8e67c6eea000 2927145099 C Co:2:005:0 0 2 >
ffff8e67c6eea000 2927145234 S Ci:2:005:0 s c0 bc 0900 001c 0002 2 <
ffff8e67c6eea000 2927147705 C Ci:2:005:0 0 2 = 2f6f
ffff8e67c6eea000 2927147862 S Co:2:005:0 s 40 b9 0000 0000 0004 4 = 09016601
ffff8e67c6eea000 2927150419 C Co:2:005:0 0 4 >
ffff8e67c6eea000 2927150590 S Ii:2:005:3 -115:1 3 <
ffff8e67c6eea000 2927151767 C Ii:2:005:3 0:1 3 = 100000
ffff8e67c6eea000 2927151928 S Ci:2:005:0 s c0 bc 0800 0016 0002 2 <
ffff8e67c6eea000 2927154580 C Ci:2:005:0 0 2 = 0900
ffff8e67c6eea000 2927154717 S Ci:2:005:0 s c0 bc 0900 001c 0002 2 <
ffff8e67c6eea000 2927157289 C Ci:2:005:0 0 2 = 2f6f
ffff8e67c6eea000 2927157444 S Ci:2:005:0 s c0 bc 0800 23be 0004 4 <
ffff8e67c6eea000 2927160170 C Ci:2:005:0 0 4 = 00002ce0
ffff8e67c6eea000 2927160321 S Co:2:005:0 s 40 bc 0800 00c0 0004 4 = 9989ec00
ffff8e67c6eea000 2927162925 C Co:2:005:0 0 4 >
ffff8e67c6eea000 2927163094 S Co:2:005:0 s 40 b9 0000 0000 0004 4 = 09006603
ffff8e67c6eea000 2927165632 C Co:2:005:0 0 4 >
ffff8e67c6eea000 2927165754 S Ii:2:005:3 -115:1 3 <
ffff8e67c6eea000 2927166837 C Ii:2:005:3 0:1 3 = 100000
ffff8e67c6eea000 2927166991 S Ci:2:005:0 s c0 bc 0800 0016 0002 2 <
ffff8e67c6eea000 2927169580 C Ci:2:005:0 0 2 = 0900
ffff8e67c6eea000 2927169734 S Ci:2:005:0 s c0 bc 0900 001c 0002 2 <
ffff8e67c6eea000 2927172302 C Ci:2:005:0 0 2 = 2f6f
ffff8e67c6eea000 2927172435 S Ci:2:005:0 s c0 bc 0800 23be 0002 2 <
ffff8e67c6eea000 2927175100 C Ci:2:005:0 0 2 = 0000
ffff8e67c6eea000 2927175220 S Co:2:005:0 s 40 bc 0900 0014 0002 2 = d39e
ffff8e67c6eea000 2927177791 C Co:2:005:0 0 2 >
ffff8e67c6eea000 2927177946 S Ci:2:005:0 s c0 bc 0900 001c 0002 2 <
ffff8e67c6eea000 2927180432 C Ci:2:005:0 0 2 = 2f6f
ffff8e67c6eea000 2927180587 S Co:2:005:0 s 40 b9 0000 0000 0004 4 = 09016601
ffff8e67c6eea000 2927183163 C Co:2:005:0 0 4 >
ffff8e67c6eea000 2927183311 S Ii:2:005:3 -115:1 3 <
ffff8e67c6eea000 2927184493 C Ii:2:005:3 0:1 3 = 100000
ffff8e67c6eea000 2927184618 S Ci:2:005:0 s c0 bc 0800 0016 0002 2 <
ffff8e67c6eea000 2927187441 C Ci:2:005:0 0 2 = 0900
ffff8e67c6eea000 2927187606 S Ci:2:005:0 s c0 bc 0900 001c 0002 2 <
ffff8e67c6eea000 2927190031 C Ci:2:005:0 0 2 = 2f6f
ffff8e67c6eea000 2927190202 S Ci:2:005:0 s c0 bc 0800 23be 0004 4 <
ffff8e67c6eea000 2927192761 C Ci:2:005:0 0 4 = 000059e0
ffff8e67c6eea000 2927192925 S Co:2:005:0 s 40 bc 0800 00c0 0004 4 = 9989ec00
ffff8e67c6eea000 2927195409 C Co:2:005:0 0 4 >
ffff8e67c6eea000 2927195554 S Co:2:005:0 s 40 b9 0000 0000 0004 4 = 09006603
ffff8e67c6eea000 2927198000 C Co:2:005:0 0 4 >
ffff8e67c6eea000 2927198154 S Ii:2:005:3 -115:1 3 <
ffff8e67c6eea000 2927199380 C Ii:2:005:3 0:1 3 = 100000
ffff8e67c6eea000 2927199535 S Ci:2:005:0 s c0 bc 0800 0016 0002 2 <
ffff8e67c6eea000 2927202064 C Ci:2:005:0 0 2 = 0900
ffff8e67c6eea000 2927202177 S Ci:2:005:0 s c0 bc 0900 001c 0002 2 <
ffff8e67c6eea000 2927204797 C Ci:2:005:0 0 2 = 2f6f
ffff8e67c6eea000 2927204957 S Ci:2:005:0 s c0 bc 0800 23be 0002 2 <
ffff8e67c6eea000 2927207633 C Ci:2:005:0 0 2 = 0000
ffff8e67c6eea000 2927207761 S Co:2:005:0 s 40 bc 0900 0014 0002 2 = d39e
ffff8e67c6eea000 2927210278 C Co:2:005:0 0 2 >
ffff8e67c6eea000 2927210429 S Ci:2:005:0 s c0 bc 0900 001c 0002 2 <
ffff8e67c6eea000 2927213066 C Ci:2:005:0 0 2 = 2f6f
ffff8e67c6eea000 2927213177 S Co:2:005:0 s 40 b9 0000 0000 0004 4 = 09016601
ffff8e67c6eea000 2927215696 C Co:2:005:0 0 4 >
ffff8e67c6eea000 2927215849 S Ii:2:005:3 -115:1 3 <
ffff8e67c6eea000 2927217045 C Ii:2:005:3 0:1 3 = 100000
ffff8e67c6eea000 2927217163 S Ci:2:005:0 s c0 bc 0800 0016 0002 2 <
ffff8e67c6eea000 2927219794 C Ci:2:005:0 0 2 = 0900
ffff8e67c6eea000 2927219955 S Ci:2:005:0 s c0 bc 0900 001c 0002 2 <
ffff8e67c6eea000 2927222387 C Ci:2:005:0 0 2 = 2f6f
ffff8e67c6eea000 2927222545 S Ci:2:005:0 s c0 bc 0800 23be 0004 4 <
ffff8e67c6eea000 2927225155 C Ci:2:005:0 0 4 = 0000dee0
ffff8e67c6eeae40 2927225242 S Co:2:005:0 s 40 bc 0800 00c0 0004 4 = 9989ec00
ffff8e67c6eeae40 2927227909 C Co:2:005:0 0 4 >
ffff8e67c6eeae40 2927228082 S Co:2:005:0 s 40 b9 0000 0000 0004 4 = 09006603
ffff8e67c6eeae40 2927230529 C Co:2:005:0 0 4 >
ffff8e67c6eeae40 2927230691 S Ii:2:005:3 -115:1 3 <
ffff8e67c6eeae40 2927231845 C Ii:2:005:3 0:1 3 = 100000
ffff8e67c6eeae40 2927231959 S Ci:2:005:0 s c0 bc 0800 0016 0002 2 <
ffff8e67c6eeae40 2927234669 C Ci:2:005:0 0 2 = 0900
ffff8e67c6eeae40 2927234809 S Ci:2:005:0 s c0 bc 0900 001c 0002 2 <
ffff8e67c6eeae40 2927237393 C Ci:2:005:0 0 2 = 2f6f
ffff8e67c6eeae40 2927237541 S Ci:2:005:0 s c0 bc 0800 23be 0002 2 <
ffff8e67c6eeae40 2927240195 C Ci:2:005:0 0 2 = 0000
ffff8e67c6eeae40 2927240305 S Co:2:005:0 s 40 bc 0900 0014 0002 2 = d39e
ffff8e67c6eeae40 2927243073 C Co:2:005:0 0 2 >
ffff8e67c6eeae40 2927243192 S Ci:2:005:0 s c0 bc 0900 001c 0002 2 <
ffff8e67c6eeae40 2927245745 C Ci:2:005:0 0 2 = 2f6f
ffff8e67c6eeae40 2927245902 S Co:2:005:0 s 40 b9 0000 0000 0004 4 = 09016601
ffff8e67c6eeae40 2927248373 C Co:2:005:0 0 4 >
ffff8e67c6eeae40 2927248524 S Ii:2:005:3 -115:1 3 <
ffff8e67c6eeae40 2927249829 C Ii:2:005:3 0:1 3 = 100000
ffff8e67c6eeae40 2927249981 S Ci:2:005:0 s c0 bc 0800 0016 0002 2 <
ffff8e67c6eeae40 2927252699 C Ci:2:005:0 0 2 = 0900
ffff8e67c6eeae40 2927252856 S Ci:2:005:0 s c0 bc 0900 001c 0002 2 <
ffff8e67c6eeae40 2927255394 C Ci:2:005:0 0 2 = 2f6f
ffff8e67c6eeae40 2927255551 S Ci:2:005:0 s c0 bc 0800 23be 0004 4 <
ffff8e67c6eeae40 2927258184 C Ci:2:005:0 0 4 = 00002de0
ffff8e67c6eeae40 2927258340 S Co:2:005:0 s 40 bc 0800 00c0 0004 4 = 9989ec00
ffff8e67c6eeae40 2927260769 C Co:2:005:0 0 4 >
ffff8e67c6eeae40 2927260925 S Co:2:005:0 s 40 b9 0000 0000 0004 4 = 09006603
ffff8e67c6eeae40 2927263399 C Co:2:005:0 0 4 >
ffff8e67c6eeae40 2927263558 S Ii:2:005:3 -115:1 3 <
ffff8e67c6eeae40 2927264723 C Ii:2:005:3 0:1 3 = 100000
ffff8e67c6eeae40 2927264874 S Ci:2:005:0 s c0 bc 0800 0016 0002 2 <
ffff8e67c6eeae40 2927267547 C Ci:2:005:0 0 2 = 0900
ffff8e67c6eeae40 2927267708 S Ci:2:005:0 s c0 bc 0900 001c 0002 2 <
ffff8e67c6eeae40 2927270405 C Ci:2:005:0 0 2 = 2f6f
ffff8e67c6eeae40 2927270480 S Ci:2:005:0 s c0 bc 0800 23be 0002 2 <
ffff8e67c6eeae40 2927273042 C Ci:2:005:0 0 2 = 0000
ffff8e67c6eeae40 2927273164 S Co:2:005:0 s 40 bc 0900 0014 0002 2 = d39e
ffff8e67c6eeae40 2927275708 C Co:2:005:0 0 2 >
ffff8e67c6eeae40 2927275852 S Ci:2:005:0 s c0 bc 0900 001c 0002 2 <
ffff8e67c6eeae40 2927278423 C Ci:2:005:0 0 2 = 2f6f
ffff8e67c6eeae40 2927278564 S Co:2:005:0 s 40 b9 0000 0000 0004 4 = 09016601
ffff8e67c6eeae40 2927281030 C Co:2:005:0 0 4 >
ffff8e67c6eeae40 2927281162 S Ii:2:005:3 -115:1 3 <
ffff8e67c6eeae40 2927282434 C Ii:2:005:3 0:1 3 = 100000
ffff8e67c6eeae40 2927282575 S Ci:2:005:0 s c0 bc 0800 0016 0002 2 <
ffff8e67c6eeae40 2927285161 C Ci:2:005:0 0 2 = 0900
ffff8e67c6eeae40 2927285316 S Ci:2:005:0 s c0 bc 0900 001c 0002 2 <
ffff8e67c6eeae40 2927287893 C Ci:2:005:0 0 2 = 2f6f
ffff8e67c6eeae40 2927288073 S Ci:2:005:0 s c0 bc 0800 23be 0004 4 <
ffff8e67c6eeae40 2927290694 C Ci:2:005:0 0 4 = 00003de0
ffff8e67c6eeae40 2927290853 S Co:2:005:0 s 40 bc 0800 00c0 0004 4 = 9989ec00
ffff8e67c6eeae40 2927293403 C Co:2:005:0 0 4 >
ffff8e67c6eeae40 2927293554 S Co:2:005:0 s 40 b9 0000 0000 0004 4 = 09006603
ffff8e67c6eeae40 2927296063 C Co:2:005:0 0 4 >
ffff8e67c6eeae40 2927296177 S Ii:2:005:3 -115:1 3 <
ffff8e67c6eeae40 2927297376 C Ii:2:005:3 0:1 3 = 100000
ffff8e67c6eeae40 2927297528 S Ci:2:005:0 s c0 bc 0800 0016 0002 2 <
ffff8e67c6eeae40 2927300168 C Ci:2:005:0 0 2 = 0900
ffff8e67c6eeae40 2927300321 S Ci:2:005:0 s c0 bc 0900 001c 0002 2 <
ffff8e67c6eeae40 2927302883 C Ci:2:005:0 0 2 = 2f6f
ffff8e67c6eeae40 2927303094 S Ci:2:005:0 s c0 bc 0800 23be 0002 2 <
ffff8e67c6eeae40 2927305693 C Ci:2:005:0 0 2 = 0000
ffff8e67c6eeae40 2927305846 S Co:2:005:0 s 40 bc 0900 0014 0002 2 = d39e
ffff8e67c6eeae40 2927308420 C Co:2:005:0 0 2 >
ffff8e67c6eeae40 2927308589 S Ci:2:005:0 s c0 bc 0900 001c 0002 2 <
ffff8e67c6eeae40 2927311030 C Ci:2:005:0 0 2 = 2f6f
ffff8e67c6eeae40 2927311181 S Co:2:005:0 s 40 b9 0000 0000 0004 4 = 09016601
ffff8e67c6eeae40 2927313690 C Co:2:005:0 0 4 >
ffff8e67c6eeae40 2927313840 S Ii:2:005:3 -115:1 3 <
ffff8e67c6eeae40 2927314961 C Ii:2:005:3 0:1 3 = 100000
ffff8e67c6eeae40 2927315124 S Ci:2:005:0 s c0 bc 0800 0016 0002 2 <
ffff8e67c6eeae40 2927317798 C Ci:2:005:0 0 2 = 0900
ffff8e67c6eeae40 2927317952 S Ci:2:005:0 s c0 bc 0900 001c 0002 2 <
ffff8e67c6eeae40 2927320540 C Ci:2:005:0 0 2 = 2f6f
ffff8e67c6eeae40 2927320693 S Ci:2:005:0 s c0 bc 0800 23be 0004 4 <
ffff8e67c6eeae40 2927323360 C Ci:2:005:0 0 4 = 0000d9e0
ffff8e67c6eeae40 2927323439 S Co:2:005:0 s 40 bc 0800 00c0 0004 4 = 9989ec00
ffff8e67c6eeae40 2927325902 C Co:2:005:0 0 4 >
ffff8e67c6eeae40 2927326075 S Co:2:005:0 s 40 b9 0000 0000 0004 4 = 09006603
ffff8e67c6eeae40 2927328587 C Co:2:005:0 0 4 >
ffff8e67c6eeae40 2927328738 S Ii:2:005:3 -115:1 3 <
ffff8e67c6eeae40 2927329843 C Ii:2:005:3 0:1 3 = 100000
ffff8e67c6eeae40 2927329998 S Ci:2:005:0 s c0 bc 0800 0016 0002 2 <
ffff8e67c6eeae40 2927332690 C Ci:2:005:0 0 2 = 0900
ffff8e67c6eeae40 2927332845 S Ci:2:005:0 s c0 bc 0900 001c 0002 2 <
ffff8e67c6eeae40 2927335418 C Ci:2:005:0 0 2 = 2f6f
ffff8e67c6eeae40 2927335573 S Ci:2:005:0 s c0 bc 0800 23be 0002 2 <
ffff8e67c6eeae40 2927338175 C Ci:2:005:0 0 2 = 0000
ffff8e67c6eeae40 2927338330 S Co:2:005:0 s 40 bc 0900 0014 0002 2 = d39e
ffff8e67c6eeae40 2927340871 C Co:2:005:0 0 2 >
ffff8e67c6eeae40 2927341077 S Ci:2:005:0 s c0 bc 0900 001c 0002 2 <
ffff8e67c6eeae40 2927343563 C Ci:2:005:0 0 2 = 2f6f
ffff8e67c6eeae40 2927343717 S Co:2:005:0 s 40 b9 0000 0000 0004 4 = 09016601
ffff8e67c6eeae40 2927346304 C Co:2:005:0 0 4 >
ffff8e67c6eeae40 2927346455 S Ii:2:005:3 -115:1 3 <
ffff8e67c6eeae40 2927347618 C Ii:2:005:3 0:1 3 = 100000
ffff8e67c6eeae40 2927347774 S Ci:2:005:0 s c0 bc 0800 0016 0002 2 <
ffff8e67c6eeae40 2927350444 C Ci:2:005:0 0 2 = 0900
ffff8e67c6eeae40 2927350600 S Ci:2:005:0 s c0 bc 0900 001c 0002 2 <
ffff8e67c6eeae40 2927353194 C Ci:2:005:0 0 2 = 2f6f
ffff8e67c6eeae40 2927353345 S Ci:2:005:0 s c0 bc 0800 23be 0004 4 <
ffff8e67c6eeae40 2927355815 C Ci:2:005:0 0 4 = 0000c1e0
ffff8e67c6eeae40 2927355974 S Co:2:005:0 s 40 bc 0800 00c0 0004 4 = 9989ec00
ffff8e67c6eeae40 2927358561 C Co:2:005:0 0 4 >
ffff8e67c6eeae40 2927358715 S Co:2:005:0 s 40 b9 0000 0000 0004 4 = 09006603
ffff8e67c6eeae40 2927361273 C Co:2:005:0 0 4 >
ffff8e67c6eeae40 2927361425 S Ii:2:005:3 -115:1 3 <
ffff8e67c6eeae40 2927362631 C Ii:2:005:3 0:1 3 = 100000
ffff8e67c6eeae40 2927362785 S Ci:2:005:0 s c0 bc 0800 0016 0002 2 <
ffff8e67c6eeae40 2927365287 C Ci:2:005:0 0 2 = 0900
ffff8e67c6eeae40 2927365442 S Ci:2:005:0 s c0 bc 0900 001c 0002 2 <
ffff8e67c6eeae40 2927368044 C Ci:2:005:0 0 2 = 2f6f
ffff8e67c6eeae40 2927368224 S Ci:2:005:0 s c0 bc 0800 23be 0002 2 <
ffff8e67c6eeae40 2927370652 C Ci:2:005:0 0 2 = 0000
ffff8e67c6eeae40 2927370823 S Co:2:005:0 s 40 bc 0900 0014 0002 2 = d39e
ffff8e67c6eeae40 2927373387 C Co:2:005:0 0 2 >
ffff8e67c6eeae40 2927373540 S Ci:2:005:0 s c0 bc 0900 001c 0002 2 <
ffff8e67c6eeae40 2927376057 C Ci:2:005:0 0 2 = 2f6f
ffff8e67c6eeae40 2927376124 S Co:2:005:0 s 40 b9 0000 0000 0004 4 = 09016601
ffff8e67c6eeae40 2927378817 C Co:2:005:0 0 4 >
ffff8e67c6eeae40 2927378968 S Ii:2:005:3 -115:1 3 <
ffff8e67c6eeae40 2927380124 C Ii:2:005:3 0:1 3 = 100000
ffff8e67c6eeae40 2927380238 S Ci:2:005:0 s c0 bc 0800 0016 0002 2 <
ffff8e67c6eeae40 2927382913 C Ci:2:005:0 0 2 = 0900
ffff8e67c6eeae40 2927383091 S Ci:2:005:0 s c0 bc 0900 001c 0002 2 <
ffff8e67c6eeae40 2927385663 C Ci:2:005:0 0 2 = 2f6f
ffff8e67c6eeae40 2927385823 S Ci:2:005:0 s c0 bc 0800 23be 0004 4 <
ffff8e67c6eeae40 2927388442 C Ci:2:005:0 0 4 = 000011e0
ffff8e67c6eeae40 2927388600 S Co:2:005:0 s 40 bc 0800 00c0 0004 4 = 9989ec00
ffff8e67c6eeae40 2927391142 C Co:2:005:0 0 4 >
ffff8e67c6eeae40 2927391294 S Co:2:005:0 s 40 b9 0000 0000 0004 4 = 09006603
ffff8e67c6eeae40 2927393770 C Co:2:005:0 0 4 >
ffff8e67c6eeae40 2927393924 S Ii:2:005:3 -115:1 3 <
ffff8e67c6eeae40 2927395121 C Ii:2:005:3 0:1 3 = 100000
ffff8e67c6eeae40 2927395273 S Ci:2:005:0 s c0 bc 0800 0016 0002 2 <
ffff8e67c6eeae40 2927397907 C Ci:2:005:0 0 2 = 0900
ffff8e67c6eeae40 2927398085 S Ci:2:005:0 s c0 bc 0900 001c 0002 2 <
ffff8e67c6eeae40 2927400701 C Ci:2:005:0 0 2 = 2f6f
ffff8e67c6eeae40 2927400864 S Ci:2:005:0 s c0 bc 0800 23be 0002 2 <
ffff8e67c6eeae40 2927403428 C Ci:2:005:0 0 2 = 0000
ffff8e67c6eeae40 2927403586 S Co:2:005:0 s 40 bc 0900 0014 0002 2 = d39e
ffff8e67c6eeae40 2927406165 C Co:2:005:0 0 2 >
ffff8e67c6eeae40 2927406321 S Ci:2:005:0 s c0 bc 0900 001c 0002 2 <
ffff8e67c6eeae40 2927408811 C Ci:2:005:0 0 2 = 2f6f
ffff8e67c6eeae40 2927408965 S Co:2:005:0 s 40 b9 0000 0000 0004 4 = 09016601
ffff8e67c6eeae40 2927411560 C Co:2:005:0 0 4 >
ffff8e67c6eeae40 2927411713 S Ii:2:005:3 -115:1 3 <
ffff8e67c6eeae40 2927412875 C Ii:2:005:3 0:1 3 = 100000
ffff8e67c6eeae40 2927413088 S Ci:2:005:0 s c0 bc 0800 0016 0002 2 <
ffff8e67c6eeae40 2927415557 C Ci:2:005:0 0 2 = 0900
ffff8e67c6eeae40 2927415714 S Ci:2:005:0 s c0 bc 0900 001c 0002 2 <
ffff8e67c6eeae40 2927418284 C Ci:2:005:0 0 2 = 2f6f
ffff8e67c6eeae40 2927418441 S Ci:2:005:0 s c0 bc 0800 23be 0004 4 <
ffff8e67c6eeae40 2927420869 C Ci:2:005:0 0 4 = 00005de0
ffff8e67c6eeae40 2927421085 S Co:2:005:0 s 40 bc 0800 00c0 0004 4 = 9989ec00
ffff8e67c6eeae40 2927423677 C Co:2:005:0 0 4 >
ffff8e67c6eeae40 2927423828 S Co:2:005:0 s 40 b9 0000 0000 0004 4 = 09006603
ffff8e67c6eeae40 2927426412 C Co:2:005:0 0 4 >
ffff8e67c4a97840 2927426532 S Ii:2:005:3 -115:1 3 <
ffff8e67c4a97840 2927427740 C Ii:2:005:3 0:1 3 = 100000
ffff8e67c4a97840 2927427837 S Ci:2:005:0 s c0 bc 0800 0016 0002 2 <
ffff8e67c4a97840 2927430499 C Ci:2:005:0 0 2 = 0900
ffff8e67c4a97840 2927430607 S Ci:2:005:0 s c0 bc 0900 001c 0002 2 <
ffff8e67c4a97840 2927433276 C Ci:2:005:0 0 2 = 2f6f
ffff8e67c4a97840 2927433326 S Ci:2:005:0 s c0 bc 0800 23be 0002 2 <
ffff8e67c4a97840 2927435976 C Ci:2:005:0 0 2 = 0000
ffff8e67c4a97840 2927436085 S Co:2:005:0 s 40 bc 0900 0014 0002 2 = d39e
ffff8e67c4a97840 2927438772 C Co:2:005:0 0 2 >
ffff8e67c4a97840 2927438829 S Ci:2:005:0 s c0 bc 0900 001c 0002 2 <
ffff8e67c4a97840 2927441403 C Ci:2:005:0 0 2 = 2f6f
ffff8e67c4a97840 2927441502 S Co:2:005:0 s 40 b9 0000 0000 0004 4 = 09016601
ffff8e67c4a97840 2927444039 C Co:2:005:0 0 4 >
ffff8e67c4a97840 2927444094 S Ii:2:005:3 -115:1 3 <
ffff8e67c4a97840 2927445388 C Ii:2:005:3 0:1 3 = 100000
ffff8e67c4a97840 2927445485 S Ci:2:005:0 s c0 bc 0800 0016 0002 2 <
ffff8e67c4a97840 2927448189 C Ci:2:005:0 0 2 = 0900
ffff8e67c4a97840 2927448288 S Ci:2:005:0 s c0 bc 0900 001c 0002 2 <
ffff8e67c4a97840 2927450735 C Ci:2:005:0 0 2 = 2f6f
ffff8e67c4a97840 2927450792 S Ci:2:005:0 s c0 bc 0800 23be 0004 4 <
ffff8e67c4a97840 2927453601 C Ci:2:005:0 0 4 = 00008de0
ffff8e67c4a97840 2927453690 S Co:2:005:0 s 40 bc 0800 00c0 0004 4 = 9989ec00
ffff8e67c4a97840 2927456265 C Co:2:005:0 0 4 >
ffff8e67c4a97840 2927456320 S Co:2:005:0 s 40 b9 0000 0000 0004 4 = 09006603
ffff8e67c4a97840 2927459036 C Co:2:005:0 0 4 >
ffff8e67c4a97840 2927459132 S Ii:2:005:3 -115:1 3 <
ffff8e67c4a97840 2927460380 C Ii:2:005:3 0:1 3 = 100000
ffff8e67c4a97840 2927460476 S Ci:2:005:0 s c0 bc 0800 0016 0002 2 <
ffff8e67c4a97840 2927463193 C Ci:2:005:0 0 2 = 0900
ffff8e67c4a97840 2927463291 S Ci:2:005:0 s c0 bc 0900 001c 0002 2 <
ffff8e67c4a97840 2927465867 C Ci:2:005:0 0 2 = 2f6f
ffff8e67c4a97840 2927465924 S Ci:2:005:0 s c0 bc 0800 23be 0002 2 <
ffff8e67c4a97840 2927468689 C Ci:2:005:0 0 2 = 0000
ffff8e67c4a97840 2927468787 S Co:2:005:0 s 40 bc 0900 0014 0002 2 = d39e
ffff8e67c4a97840 2927471390 C Co:2:005:0 0 2 >
ffff8e67c4a97840 2927471447 S Ci:2:005:0 s c0 bc 0900 001c 0002 2 <
ffff8e67c4a97840 2927474127 C Ci:2:005:0 0 2 = 2f6f
ffff8e67c4a97840 2927474225 S Co:2:005:0 s 40 b9 0000 0000 0004 4 = 09016601
ffff8e67c4a97840 2927476873 C Co:2:005:0 0 4 >
ffff8e67c4a97840 2927476962 S Ii:2:005:3 -115:1 3 <
ffff8e67c4a97840 2927478233 C Ii:2:005:3 0:1 3 = 100000
ffff8e67c4a97840 2927478330 S Ci:2:005:0 s c0 bc 0800 0016 0002 2 <
ffff8e67c4a97840 2927481033 C Ci:2:005:0 0 2 = 0900
ffff8e67c4a97840 2927481080 S Ci:2:005:0 s c0 bc 0900 001c 0002 2 <
ffff8e67c4a97840 2927483806 C Ci:2:005:0 0 2 = 2f6f
ffff8e67c4a97840 2927483905 S Ci:2:005:0 s c0 bc 0800 23be 0004 4 <
ffff8e67c4a97840 2927486554 C Ci:2:005:0 0 4 = 000059e0
ffff8e67c4a97840 2927486615 S Co:2:005:0 s 40 bc 0800 00c0 0004 4 = 9989ec00
ffff8e67c4a97840 2927489317 C Co:2:005:0 0 4 >
ffff8e67c4a97840 2927489397 S Co:2:005:0 s 40 b9 0000 0000 0004 4 = 09006603
ffff8e67c4a97840 2927492026 C Co:2:005:0 0 4 >
ffff8e67c4a97840 2927492111 S Ii:2:005:3 -115:1 3 <
ffff8e67c4a97840 2927493345 C Ii:2:005:3 0:1 3 = 100000
ffff8e67c4a97840 2927493394 S Ci:2:005:0 s c0 bc 0800 0016 0002 2 <
ffff8e67c4a97840 2927496214 C Ci:2:005:0 0 2 = 0900
ffff8e67c4a97840 2927496259 S Ci:2:005:0 s c0 bc 0900 001c 0002 2 <
ffff8e67c4a97840 2927498988 C Ci:2:005:0 0 2 = 2f6f
ffff8e67c4a97840 2927499051 S Ci:2:005:0 s c0 bc 0800 23be 0002 2 <
ffff8e67c4a97840 2927501698 C Ci:2:005:0 0 2 = 0000
ffff8e67c4a97840 2927501803 S Co:2:005:0 s 40 bc 0900 0014 0002 2 = d39e
ffff8e67c4a97840 2927504359 C Co:2:005:0 0 2 >
ffff8e67c4a97840 2927504446 S Ci:2:005:0 s c0 bc 0900 001c 0002 2 <
ffff8e67c4a97840 2927507185 C Ci:2:005:0 0 2 = 2f6f
ffff8e67c4a97840 2927507245 S Co:2:005:0 s 40 b9 0000 0000 0004 4 = 09016601
ffff8e67c4a97840 2927509901 C Co:2:005:0 0 4 >
ffff8e67c4a97840 2927509995 S Ii:2:005:3 -115:1 3 <
ffff8e67c4a97840 2927511212 C Ii:2:005:3 0:1 3 = 100000
ffff8e67c4a97840 2927511304 S Ci:2:005:0 s c0 bc 0800 0016 0002 2 <
ffff8e67c4a97840 2927514024 C Ci:2:005:0 0 2 = 0900
ffff8e67c4a97840 2927514184 S Ci:2:005:0 s c0 bc 0900 001c 0002 2 <
ffff8e67c4a97840 2927516753 C Ci:2:005:0 0 2 = 2f6f
ffff8e67c4a97840 2927516810 S Ci:2:005:0 s c0 bc 0800 23be 0004 4 <
ffff8e67c4a97840 2927519473 C Ci:2:005:0 0 4 = 000080e0
ffff8e67c4a97840 2927519548 S Co:2:005:0 s 40 bc 0800 00c0 0004 4 = 9989ec00
ffff8e67c4a97840 2927522124 C Co:2:005:0 0 4 >
ffff8e67c4a97840 2927522225 S Co:2:005:0 s 40 b9 0000 0000 0004 4 = 09006603
ffff8e67c4a97840 2927524774 C Co:2:005:0 0 4 >
ffff8e67c4a97840 2927524869 S Ii:2:005:3 -115:1 3 <
ffff8e67c4a97840 2927526085 C Ii:2:005:3 0:1 3 = 100000
ffff8e67c4a97840 2927526141 S Ci:2:005:0 s c0 bc 0800 0016 0002 2 <
ffff8e67c4a97840 2927528682 C Ci:2:005:0 0 2 = 0900
ffff8e67c4a97840 2927528869 S Ci:2:005:0 s c0 bc 0900 001c 0002 2 <
ffff8e67c4a97840 2927531426 C Ci:2:005:0 0 2 = 2f6f
ffff8e67c4a97840 2927531480 S Ci:2:005:0 s c0 bc 0800 23be 0002 2 <
ffff8e67c4a97840 2927534279 C Ci:2:005:0 0 2 = 0000
ffff8e67c4a97840 2927534391 S Co:2:005:0 s 40 bc 0900 0014 0002 2 = d39e
ffff8e67c4a97840 2927537028 C Co:2:005:0 0 2 >
ffff8e67c4a97840 2927537123 S Ci:2:005:0 s c0 bc 0900 001c 0002 2 <
ffff8e67c4a97840 2927539643 C Ci:2:005:0 0 2 = 2f6f
ffff8e67c4a97840 2927539696 S Co:2:005:0 s 40 b9 0000 0000 0004 4 = 09016601
ffff8e67c4a97840 2927542185 C Co:2:005:0 0 4 >
ffff8e67c4a97840 2927542279 S Ii:2:005:3 -115:1 3 <
ffff8e67c4a97840 2927543493 C Ii:2:005:3 0:1 3 = 100000
ffff8e67c4a97840 2927543605 S Ci:2:005:0 s c0 bc 0800 0016 0002 2 <
ffff8e67c4a97840 2927546281 C Ci:2:005:0 0 2 = 0900
ffff8e67c4a97840 2927546341 S Ci:2:005:0 s c0 bc 0900 001c 0002 2 <
ffff8e67c4a97840 2927549044 C Ci:2:005:0 0 2 = 2f6f
ffff8e67c4a97840 2927549131 S Ci:2:005:0 s c0 bc 0800 23be 0004 4 <
ffff8e67c4a97840 2927551794 C Ci:2:005:0 0 4 = 000021e0
ffff8e67c4a97840 2927551897 S Co:2:005:0 s 40 bc 0800 00c0 0004 4 = 9989ec00
ffff8e67c4a97840 2927554434 C Co:2:005:0 0 4 >
ffff8e67c4a97840 2927554476 S Co:2:005:0 s 40 b9 0000 0000 0004 4 = 09006603
ffff8e67c4a97840 2927557233 C Co:2:005:0 0 4 >
ffff8e67c4a97840 2927557351 S Ii:2:005:3 -115:1 3 <
ffff8e67c4a97840 2927558512 C Ii:2:005:3 0:1 3 = 100000
ffff8e67c4a97840 2927558560 S Ci:2:005:0 s c0 bc 0800 0016 0002 2 <
ffff8e67c4a97840 2927561308 C Ci:2:005:0 0 2 = 0900
ffff8e67c4a97840 2927561418 S Ci:2:005:0 s c0 bc 0900 001c 0002 2 <
ffff8e67c4a97840 2927564055 C Ci:2:005:0 0 2 = 2f6f
ffff8e67c4a97840 2927564108 S Ci:2:005:0 s c0 bc 0800 23be 0002 2 <
ffff8e67c4a97840 2927566758 C Ci:2:005:0 0 2 = 0000
ffff8e67c4a97840 2927566840 S Co:2:005:0 s 40 bc 0900 0014 0002 2 = d39e
ffff8e67c4a97840 2927569508 C Co:2:005:0 0 2 >
ffff8e67c4a97840 2927569591 S Ci:2:005:0 s c0 bc 0900 001c 0002 2 <
ffff8e67c4a97840 2927572187 C Ci:2:005:0 0 2 = 2f6f
ffff8e67c4a97840 2927572212 S Co:2:005:0 s 40 b9 0000 0000 0004 4 = 09016601
ffff8e67c4a97840 2927574904 C Co:2:005:0 0 4 >
ffff8e67c4a97840 2927574945 S Ii:2:005:3 -115:1 3 <
ffff8e67c4a97840 2927576243 C Ii:2:005:3 0:1 3 = 100000
ffff8e67c4a97840 2927576290 S Ci:2:005:0 s c0 bc 0800 0016 0002 2 <
ffff8e67c4a97840 2927578907 C Ci:2:005:0 0 2 = 0900
ffff8e67c4a97840 2927578935 S Ci:2:005:0 s c0 bc 0900 001c 0002 2 <
ffff8e67c4a97840 2927581559 C Ci:2:005:0 0 2 = 2f6f
ffff8e67c4a97840 2927581619 S Ci:2:005:0 s c0 bc 0800 23be 0004 4 <
ffff8e67c4a97840 2927584304 C Ci:2:005:0 0 4 = 00007ee0
ffff8e67c4a97840 2927584333 S Co:2:005:0 s 40 bc 0800 00c0 0004 4 = 9989ec00
ffff8e67c4a97840 2927586903 C Co:2:005:0 0 4 >
ffff8e67c4a97840 2927586949 S Co:2:005:0 s 40 b9 0000 0000 0004 4 = 09006603
ffff8e67c4a97840 2927589530 C Co:2:005:0 0 4 >
ffff8e67c4a97840 2927589571 S Ii:2:005:3 -115:1 3 <
ffff8e67c4a97840 2927590865 C Ii:2:005:3 0:1 3 = 100000
ffff8e67c4a97840 2927590907 S Ci:2:005:0 s c0 bc 0800 0016 0002 2 <
ffff8e67c4a97840 2927593621 C Ci:2:005:0 0 2 = 0900
ffff8e67c4a97840 2927593651 S Ci:2:005:0 s c0 bc 0900 001c 0002 2 <
ffff8e67c4a97840 2927596235 C Ci:2:005:0 0 2 = 2f6f
ffff8e67c4a97840 2927596278 S Ci:2:005:0 s c0 bc 0800 23be 0002 2 <
ffff8e67c4a97840 2927598865 C Ci:2:005:0 0 2 = 0000
ffff8e67c4a97840 2927598911 S Co:2:005:0 s 40 bc 0900 0014 0002 2 = d39e
ffff8e67c4a97840 2927601666 C Co:2:005:0 0 2 >
ffff8e67c4a97840 2927601704 S Ci:2:005:0 s c0 bc 0900 001c 0002 2 <
ffff8e67c4a97840 2927604269 C Ci:2:005:0 0 2 = 2f6f
ffff8e67c4a97840 2927604332 S Co:2:005:0 s 40 b9 0000 0000 0004 4 = 09016601
ffff8e67c4a97840 2927606886 C Co:2:005:0 0 4 >
ffff8e67c4a97840 2927606951 S Ii:2:005:3 -115:1 3 <
ffff8e67c4a97840 2927608281 C Ii:2:005:3 0:1 3 = 100000
ffff8e67c4a97840 2927608642 S Ci:2:005:0 s c0 bc 0800 0016 0002 2 <
ffff8e67c4a97840 2927611034 C Ci:2:005:0 0 2 = 0900
ffff8e67c4a97840 2927611076 S Ci:2:005:0 s c0 bc 0900 001c 0002 2 <
ffff8e67c4a97840 2927613683 C Ci:2:005:0 0 2 = 2f6f
ffff8e67c4a97840 2927613724 S Ci:2:005:0 s c0 bc 0800 23be 0004 4 <
ffff8e67c4a97840 2927616391 C Ci:2:005:0 0 4 = 00004ae0
ffff8e67c4a97840 2927616431 S Co:2:005:0 s 40 bc 0800 00c0 0004 4 = 9989ec00
ffff8e67c4a97840 2927619034 C Co:2:005:0 0 4 >
ffff8e67c4a97840 2927619073 S Co:2:005:0 s 40 b9 0000 0000 0004 4 = 09006603
ffff8e67c4a97840 2927621671 C Co:2:005:0 0 4 >
ffff8e67c4a97840 2927621711 S Ii:2:005:3 -115:1 3 <
ffff8e67c4a97840 2927623019 C Ii:2:005:3 0:1 3 = 100000
ffff8e67c4a97840 2927623063 S Ci:2:005:0 s c0 bc 0800 0016 0002 2 <
ffff8e67c4a97840 2927625671 C Ci:2:005:0 0 2 = 0900
ffff8e67c4a97840 2927625704 S Ci:2:005:0 s c0 bc 0900 001c 0002 2 <
ffff8e67c4a97840 2927628439 C Ci:2:005:0 0 2 = 2f6f
ffff8e67c4a97840 2927628474 S Ci:2:005:0 s c0 bc 0800 23be 0002 2 <
ffff8e67c4a97840 2927631169 C Ci:2:005:0 0 2 = 0000
ffff8e67c4a97840 2927631201 S Co:2:005:0 s 40 bc 0900 0014 0002 2 = d39e
ffff8e67c4a97840 2927633900 C Co:2:005:0 0 2 >
ffff8e67c4a97840 2927633934 S Ci:2:005:0 s c0 bc 0900 001c 0002 2 <
ffff8e67c4a97840 2927636559 C Ci:2:005:0 0 2 = 2f6f
ffff8e67c4a97840 2927636596 S Co:2:005:0 s 40 b9 0000 0000 0004 4 = 09016601
ffff8e67c4a97840 2927639276 C Co:2:005:0 0 4 >
ffff8e67c4a97840 2927639310 S Ii:2:005:3 -115:1 3 <
ffff8e67c4a97840 2927640614 C Ii:2:005:3 0:1 3 = 100000
ffff8e67c4a97840 2927640646 S Ci:2:005:0 s c0 bc 0800 0016 0002 2 <
ffff8e67c4a97840 2927643273 C Ci:2:005:0 0 2 = 0900
ffff8e67c4a97840 2927643309 S Ci:2:005:0 s c0 bc 0900 001c 0002 2 <
ffff8e67c4a97840 2927645905 C Ci:2:005:0 0 2 = 2f6f
ffff8e67c4a97840 2927645936 S Ci:2:005:0 s c0 bc 0800 23be 0004 4 <
ffff8e67c4a97840 2927648677 C Ci:2:005:0 0 4 = 000091e0
ffff8e67c26dbe40 2927649045 S Co:2:005:0 s 40 bc 0800 00c0 0004 4 = 9989ec00
ffff8e67c26dbe40 2927651357 C Co:2:005:0 0 4 >
ffff8e67c26dbe40 2927651409 S Co:2:005:0 s 40 b9 0000 0000 0004 4 = 09006603
ffff8e67c26dbe40 2927654032 C Co:2:005:0 0 4 >
ffff8e67c26dbe40 2927654195 S Ii:2:005:3 -115:1 3 <
ffff8e67c26dbe40 2927655334 C Ii:2:005:3 0:1 3 = 100000
ffff8e67c26dbe40 2927655481 S Ci:2:005:0 s c0 bc 0800 0016 0002 2 <
ffff8e67c26dbe40 2927658034 C Ci:2:005:0 0 2 = 0900
ffff8e67c26dbe40 2927658187 S Ci:2:005:0 s c0 bc 0900 001c 0002 2 <
ffff8e67c26dbe40 2927660651 C Ci:2:005:0 0 2 = 2f6f
ffff8e67c26dbe40 2927660832 S Ci:2:005:0 s c0 bc 0800 23be 0002 2 <
ffff8e67c26dbe40 2927663270 C Ci:2:005:0 0 2 = 0000
ffff8e67c26dbe40 2927663400 S Co:2:005:0 s 40 bc 0900 0014 0002 2 = d39e
ffff8e67c26dbe40 2927665899 C Co:2:005:0 0 2 >
ffff8e67c26dbe40 2927666020 S Ci:2:005:0 s c0 bc 0900 001c 0002 2 <
ffff8e67c26dbe40 2927668548 C Ci:2:005:0 0 2 = 2f6f
ffff8e67c26dbe40 2927668689 S Co:2:005:0 s 40 b9 0000 0000 0004 4 = 09016601
ffff8e67c26dbe40 2927671271 C Co:2:005:0 0 4 >
ffff8e67c26dbe40 2927671425 S Ii:2:005:3 -115:1 3 <
ffff8e67c26dbe40 2927672614 C Ii:2:005:3 0:1 3 = 100000
ffff8e67c26dbe40 2927672729 S Ci:2:005:0 s c0 bc 0800 0016 0002 2 <
ffff8e67c26dbe40 2927675271 C Ci:2:005:0 0 2 = 0900
ffff8e67c26dbe40 2927675418 S Ci:2:005:0 s c0 bc 0900 001c 0002 2 <
ffff8e67c26dbe40 2927677892 C Ci:2:005:0 0 2 = 2f6f
ffff8e67c26dbe40 2927678061 S Ci:2:005:0 s c0 bc 0800 23be 0004 4 <
ffff8e67c26dbe40 2927680688 C Ci:2:005:0 0 4 = 0000fde0
ffff8e67c26dbe40 2927680794 S Co:2:005:0 s 40 bc 0800 00c0 0004 4 = 9989ec00
ffff8e67c26dbe40 2927683396 C Co:2:005:0 0 4 >
ffff8e67c26dbe40 2927683541 S Co:2:005:0 s 40 b9 0000 0000 0004 4 = 09006603
ffff8e67c26dbe40 2927686049 C Co:2:005:0 0 4 >
ffff8e67c26dbe40 2927686178 S Ii:2:005:3 -115:1 3 <
ffff8e67c26dbe40 2927687348 C Ii:2:005:3 0:1 3 = 100000
ffff8e67c26dbe40 2927687468 S Ci:2:005:0 s c0 bc 0800 0016 0002 2 <
ffff8e67c26dbe40 2927690034 C Ci:2:005:0 0 2 = 0900
ffff8e67c26dbe40 2927690181 S Ci:2:005:0 s c0 bc 0900 001c 0002 2 <
ffff8e67c26dbe40 2927692670 C Ci:2:005:0 0 2 = 2f6f
ffff8e67c26dbe40 2927692797 S Ci:2:005:0 s c0 bc 0800 23be 0002 2 <
ffff8e67c26dbe40 2927695395 C Ci:2:005:0 0 2 = 0000
ffff8e67c26dbe40 2927695522 S Co:2:005:0 s 40 bc 0900 0014 0002 2 = d39e
ffff8e67c26dbe40 2927698028 C Co:2:005:0 0 2 >
ffff8e67c26dbe40 2927698159 S Ci:2:005:0 s c0 bc 0900 001c 0002 2 <
ffff8e67c26dbe40 2927700632 C Ci:2:005:0 0 2 = 2f6f
ffff8e67c26dbe40 2927700728 S Co:2:005:0 s 40 b9 0000 0000 0004 4 = 09016601
ffff8e67c26dbe40 2927703267 C Co:2:005:0 0 4 >
ffff8e67c26dbe40 2927703418 S Ii:2:005:3 -115:1 3 <
ffff8e67c26dbe40 2927704599 C Ii:2:005:3 0:1 3 = 100000
ffff8e67c26dbe40 2927704728 S Ci:2:005:0 s c0 bc 0800 0016 0002 2 <
ffff8e67c26dbe40 2927707274 C Ci:2:005:0 0 2 = 0900
ffff8e67c26dbe40 2927707415 S Ci:2:005:0 s c0 bc 0900 001c 0002 2 <
ffff8e67c26dbe40 2927709898 C Ci:2:005:0 0 2 = 2f6f
ffff8e67c26dbe40 2927710082 S Ci:2:005:0 s c0 bc 0800 23be 0004 4 <
ffff8e67c26dbe40 2927712642 C Ci:2:005:0 0 4 = 0000b1e0
ffff8e67c26dbe40 2927712758 S Co:2:005:0 s 40 bc 0800 00c0 0004 4 = 9989ec00
ffff8e67c26dbe40 2927715257 C Co:2:005:0 0 4 >
ffff8e67c26dbe40 2927715386 S Co:2:005:0 s 40 b9 0000 0000 0004 4 = 09006603
ffff8e67c26dbe40 2927717893 C Co:2:005:0 0 4 >
ffff8e67c26dbe40 2927718059 S Ii:2:005:3 -115:1 3 <
ffff8e67c26dbe40 2927719218 C Ii:2:005:3 0:1 3 = 100000
ffff8e67c26dbe40 2927719363 S Ci:2:005:0 s c0 bc 0800 0016 0002 2 <
ffff8e67c26dbe40 2927721900 C Ci:2:005:0 0 2 = 0900
ffff8e67c26dbe40 2927722023 S Ci:2:005:0 s c0 bc 0900 001c 0002 2 <
ffff8e67c26dbe40 2927724666 C Ci:2:005:0 0 2 = 2f6f
ffff8e67c26dbe40 2927724824 S Ci:2:005:0 s c0 bc 0800 23be 0002 2 <
ffff8e67c26dbe40 2927727394 C Ci:2:005:0 0 2 = 0000
ffff8e67c26dbe40 2927727547 S Co:2:005:0 s 40 bc 0900 0014 0002 2 = d39e
ffff8e67c26dbe40 2927730023 C Co:2:005:0 0 2 >
ffff8e67c26dbe40 2927730141 S Ci:2:005:0 s c0 bc 0900 001c 0002 2 <
ffff8e67c26dbe40 2927732641 C Ci:2:005:0 0 2 = 2f6f
ffff8e67c26dbe40 2927732807 S Co:2:005:0 s 40 b9 0000 0000 0004 4 = 09016601
ffff8e67c26dbe40 2927735423 C Co:2:005:0 0 4 >
ffff8e67c26dbe40 2927735559 S Ii:2:005:3 -115:1 3 <
ffff8e67c26dbe40 2927736711 C Ii:2:005:3 0:1 3 = 100000
ffff8e67c26dbe40 2927736844 S Ci:2:005:0 s c0 bc 0800 0016 0002 2 <
ffff8e67c26dbe40 2927739399 C Ci:2:005:0 0 2 = 0900
ffff8e67c26dbe40 2927739553 S Ci:2:005:0 s c0 bc 0900 001c 0002 2 <
ffff8e67c26dbe40 2927742027 C Ci:2:005:0 0 2 = 2f6f
ffff8e67c26dbe40 2927742149 S Ci:2:005:0 s c0 bc 0800 23be 0004 4 <
ffff8e67c26dbe40 2927744821 C Ci:2:005:0 0 4 = 000078e0
ffff8e67c26dbe40 2927744974 S Co:2:005:0 s 40 bc 0800 00c0 0004 4 = 9989ec00
ffff8e67c26dbe40 2927747391 C Co:2:005:0 0 4 >
ffff8e67c26dbe40 2927747501 S Co:2:005:0 s 40 b9 0000 0000 0004 4 = 09006603
ffff8e67c26dbe40 2927750019 C Co:2:005:0 0 4 >
ffff8e67c26dbe40 2927750165 S Ii:2:005:3 -115:1 3 <
ffff8e67c26dbe40 2927751221 C Ii:2:005:3 0:1 3 = 100000
ffff8e67c26dbe40 2927751351 S Ci:2:005:0 s c0 bc 0800 0016 0002 2 <
ffff8e67c26dbe40 2927753971 C Ci:2:005:0 0 2 = 0900
ffff8e67c26dbe40 2927754103 S Ci:2:005:0 s c0 bc 0900 001c 0002 2 <
ffff8e67c26dbe40 2927756645 C Ci:2:005:0 0 2 = 2f6f
ffff8e67c26dbe40 2927756793 S Ci:2:005:0 s c0 bc 0800 23be 0002 2 <
ffff8e67c26dbe40 2927759246 C Ci:2:005:0 0 2 = 0000
ffff8e67c26dbe40 2927759365 S Co:2:005:0 s 40 bc 0900 0014 0002 2 = d39e
ffff8e67c26dbe40 2927761852 C Co:2:005:0 0 2 >
ffff8e67c26dbe40 2927761957 S Ci:2:005:0 s c0 bc 0900 001c 0002 2 <
ffff8e67c26dbe40 2927764524 C Ci:2:005:0 0 2 = 2f6f
ffff8e67c26dbe40 2927764681 S Co:2:005:0 s 40 b9 0000 0000 0004 4 = 09016601
ffff8e67c26dbe40 2927767134 C Co:2:005:0 0 4 >
ffff8e67c26dbe40 2927767249 S Ii:2:005:3 -115:1 3 <
ffff8e67c26dbe40 2927768507 C Ii:2:005:3 0:1 3 = 100000
ffff8e67c26dbe40 2927768642 S Ci:2:005:0 s c0 bc 0800 0016 0002 2 <
ffff8e67c26dbe40 2927771265 C Ci:2:005:0 0 2 = 0900
ffff8e67c26dbe40 2927771445 S Ci:2:005:0 s c0 bc 0900 001c 0002 2 <
ffff8e67c26dbe40 2927773896 C Ci:2:005:0 0 2 = 2f6f
ffff8e67c26dbe40 2927774029 S Ci:2:005:0 s c0 bc 0800 23be 0004 4 <
ffff8e67c26dbe40 2927776472 C Ci:2:005:0 0 4 = 000003e0
ffff8e67c26dbe40 2927776617 S Co:2:005:0 s 40 bc 0800 00c0 0004 4 = 9989ec00
ffff8e67c26dbe40 2927779103 C Co:2:005:0 0 4 >
ffff8e67c26dbe40 2927779227 S Co:2:005:0 s 40 b9 0000 0000 0004 4 = 09006603
ffff8e67c26dbe40 2927781725 C Co:2:005:0 0 4 >
ffff8e67c26dbe40 2927781857 S Ii:2:005:3 -115:1 3 <
ffff8e67c26dbe40 2927782965 C Ii:2:005:3 0:1 3 = 100000
ffff8e67c26dbe40 2927783123 S Ci:2:005:0 s c0 bc 0800 0016 0002 2 <
ffff8e67c26dbe40 2927785772 C Ci:2:005:0 0 2 = 0900
ffff8e67c26dbe40 2927785979 S Ci:2:005:0 s c0 bc 0900 001c 0002 2 <
ffff8e67c26dbe40 2927788443 C Ci:2:005:0 0 2 = 2f6f
ffff8e67c26dbe40 2927788633 S Ci:2:005:0 s c0 bc 0800 23be 0002 2 <
ffff8e67c26dbe40 2927791078 C Ci:2:005:0 0 2 = 0000
ffff8e67c26dbe40 2927791272 S Co:2:005:0 s 40 bc 0900 0014 0002 2 = d39e
ffff8e67c26dbe40 2927793773 C Co:2:005:0 0 2 >
ffff8e67c26dbe40 2927793932 S Ci:2:005:0 s c0 bc 0900 001c 0002 2 <
ffff8e67c26dbe40 2927796451 C Ci:2:005:0 0 2 = 2f6f
ffff8e67c26dbe40 2927796685 S Co:2:005:0 s 40 b9 0000 0000 0004 4 = 09016601
ffff8e67c26dbe40 2927799135 C Co:2:005:0 0 4 >
ffff8e67c26dbe40 2927799260 S Ii:2:005:3 -115:1 3 <
ffff8e67c26dbe40 2927800467 C Ii:2:005:3 0:1 3 = 100000
ffff8e67c26dbe40 2927800647 S Ci:2:005:0 s c0 bc 0800 0016 0002 2 <
ffff8e67c26dbe40 2927803281 C Ci:2:005:0 0 2 = 0900
ffff8e67c26dbe40 2927803473 S Ci:2:005:0 s c0 bc 0900 001c 0002 2 <
ffff8e67c26dbe40 2927806044 C Ci:2:005:0 0 2 = 2f6f
ffff8e67c26dbe40 2927806120 S Ci:2:005:0 s c0 bc 0800 23be 0004 4 <
ffff8e67c26dbe40 2927808814 C Ci:2:005:0 0 4 = 000091e0
ffff8e67c26dbe40 2927809073 S Co:2:005:0 s 40 bc 0800 00c0 0004 4 = 9989ec00
ffff8e67c26dbe40 2927811518 C Co:2:005:0 0 4 >
ffff8e67c26dbe40 2927811669 S Co:2:005:0 s 40 b9 0000 0000 0004 4 = 09006603
ffff8e67c26dbe40 2927814302 C Co:2:005:0 0 4 >
ffff8e67c26dbe40 2927814525 S Ii:2:005:3 -115:1 3 <
ffff8e67c26dbe40 2927815640 C Ii:2:005:3 0:1 3 = 100000
ffff8e67c26dbe40 2927815749 S Ci:2:005:0 s c0 bc 0800 0016 0002 2 <
ffff8e67c26dbe40 2927818427 C Ci:2:005:0 0 2 = 0900
ffff8e67c26dbe40 2927818601 S Ci:2:005:0 s c0 bc 0900 001c 0002 2 <
ffff8e67c26dbe40 2927821107 C Ci:2:005:0 0 2 = 2f6f
ffff8e67c26dbe40 2927821338 S Ci:2:005:0 s c0 bc 0800 23be 0002 2 <
ffff8e67c26dbe40 2927823905 C Ci:2:005:0 0 2 = 0000
ffff8e67c26dbe40 2927824163 S Co:2:005:0 s 40 bc 0900 0014 0002 2 = d39e
ffff8e67c26dbe40 2927826552 C Co:2:005:0 0 2 >
ffff8e67c26dbe40 2927826640 S Ci:2:005:0 s c0 bc 0900 001c 0002 2 <
ffff8e67c26dbe40 2927829260 C Ci:2:005:0 0 2 = 2f6f
ffff8e67c26dbe40 2927829371 S Co:2:005:0 s 40 b9 0000 0000 0004 4 = 09016601
ffff8e67c26dbe40 2927831867 C Co:2:005:0 0 4 >
ffff8e67c26dbe40 2927832110 S Ii:2:005:3 -115:1 3 <
ffff8e67c26dbe40 2927833130 C Ii:2:005:3 0:1 3 = 100000
ffff8e67c26dbe40 2927833260 S Ci:2:005:0 s c0 bc 0800 0016 0002 2 <
ffff8e67c26dbe40 2927835865 C Ci:2:005:0 0 2 = 0900
ffff8e67c26dbe40 2927836067 S Ci:2:005:0 s c0 bc 0900 001c 0002 2 <
ffff8e67c26dbe40 2927838492 C Ci:2:005:0 0 2 = 2f6f
ffff8e67c26dbe40 2927838630 S Ci:2:005:0 s c0 bc 0800 23be 0004 4 <
ffff8e67c26dbe40 2927841146 C Ci:2:005:0 0 4 = 0000f4e0
ffff8e67c26dbe40 2927841360 S Co:2:005:0 s 40 bc 0800 00c0 0004 4 = 9989ec00
ffff8e67c26dbe40 2927843719 C Co:2:005:0 0 4 >
ffff8e67c26dbe40 2927843875 S Co:2:005:0 s 40 b9 0000 0000 0004 4 = 09006603
ffff8e67c26dbe40 2927846361 C Co:2:005:0 0 4 >
ffff8e67c26dbe40 2927846495 S Ii:2:005:3 -115:1 3 <
ffff8e67c26dbe40 2927847619 C Ii:2:005:3 0:1 3 = 100000
ffff8e67c26dbe40 2927847733 S Ci:2:005:0 s c0 bc 0800 0016 0002 2 <
ffff8e67c26dbe40 2927850369 C Ci:2:005:0 0 2 = 0900
ffff8e67c26dbe40 2927850533 S Ci:2:005:0 s c0 bc 0900 001c 0002 2 <
ffff8e67c26dbe40 2927852938 C Ci:2:005:0 0 2 = 2f6f
ffff8e67c26dbe40 2927853117 S Ci:2:005:0 s c0 bc 0800 23be 0002 2 <
ffff8e67c26dbe40 2927855642 C Ci:2:005:0 0 2 = 0000
ffff8e67c26dbe40 2927855805 S Co:2:005:0 s 40 bc 0900 0014 0002 2 = d39e
ffff8e67c26dbe40 2927858388 C Co:2:005:0 0 2 >
ffff8e67c26dbe40 2927858583 S Ci:2:005:0 s c0 bc 0900 001c 0002 2 <
ffff8e67c26dbe40 2927860977 C Ci:2:005:0 0 2 = 2f6f
ffff8e67c26dbe40 2927861175 S Co:2:005:0 s 40 b9 0000 0000 0004 4 = 09016601
ffff8e67c26dbe40 2927863635 C Co:2:005:0 0 4 >
ffff8e67c26dbe40 2927863790 S Ii:2:005:3 -115:1 3 <
ffff8e67c26dbe40 2927864933 C Ii:2:005:3 0:1 3 = 100000
ffff8e67c26dbe40 2927865143 S Ci:2:005:0 s c0 bc 0800 0016 0002 2 <
ffff8e67c26dbe40 2927867647 C Ci:2:005:0 0 2 = 0900
ffff8e67c26dbe40 2927867773 S Ci:2:005:0 s c0 bc 0900 001c 0002 2 <
ffff8e67c26dbe40 2927870328 C Ci:2:005:0 0 2 = 2f6f
ffff8e67c26dbe40 2927870519 S Ci:2:005:0 s c0 bc 0800 23be 0004 4 <
ffff8e67c26dbe40 2927873107 C Ci:2:005:0 0 4 = 0000b8e0
ffff8e67c26dbe40 2927873294 S Co:2:005:0 s 40 bc 0800 00c0 0004 4 = 9989ec00
ffff8e67c26dbe40 2927875791 C Co:2:005:0 0 4 >
ffff8e67c26dbe40 2927875975 S Co:2:005:0 s 40 b9 0000 0000 0004 4 = 09006603
ffff8e67c26dbe40 2927878455 C Co:2:005:0 0 4 >
ffff8e67c26dbe40 2927878600 S Ii:2:005:3 -115:1 3 <
ffff8e67c26dbe40 2927879785 C Ii:2:005:3 0:1 3 = 100000
ffff8e67c26dbe40 2927879921 S Ci:2:005:0 s c0 bc 0800 0016 0002 2 <
ffff8e67c26dbe40 2927882537 C Ci:2:005:0 0 2 = 0900
ffff8e67c26dbe40 2927882679 S Ci:2:005:0 s c0 bc 0900 001c 0002 2 <
ffff8e67c26dbe40 2927885278 C Ci:2:005:0 0 2 = 2f6f
ffff8e67c26dbe40 2927885481 S Ci:2:005:0 s c0 bc 0800 23be 0002 2 <
ffff8e67c26dbe40 2927887971 C Ci:2:005:0 0 2 = 0000
ffff8e67c26dbe40 2927888123 S Co:2:005:0 s 40 bc 0900 0014 0002 2 = d39e
ffff8e67c26dbe40 2927890703 C Co:2:005:0 0 2 >
ffff8e67c26dbe40 2927890863 S Ci:2:005:0 s c0 bc 0900 001c 0002 2 <
ffff8e67c26dbe40 2927893401 C Ci:2:005:0 0 2 = 2f6f
ffff8e67c26dbe40 2927893534 S Co:2:005:0 s 40 b9 0000 0000 0004 4 = 09016601
ffff8e67c26dbe40 2927896044 C Co:2:005:0 0 4 >
ffff8e67c26dbe40 2927896174 S Ii:2:005:3 -115:1 3 <
ffff8e67c26dbe40 2927897362 C Ii:2:005:3 0:1 3 = 100000
ffff8e67c26dbe40 2927897486 S Ci:2:005:0 s c0 bc 0800 0016 0002 2 <
ffff8e67c26dbe40 2927900145 C Ci:2:005:0 0 2 = 0900
ffff8e67c26dbe40 2927900346 S Ci:2:005:0 s c0 bc 0900 001c 0002 2 <
ffff8e67c26dbe40 2927902698 C Ci:2:005:0 0 2 = 2f6f
ffff8e67c26dbe40 2927902859 S Ci:2:005:0 s c0 bc 0800 23be 0004 4 <
ffff8e67c26dbe40 2927905497 C Ci:2:005:0 0 4 = 000051e0
ffff8e67c26dbe40 2927905637 S Co:2:005:0 s 40 bc 0800 00c0 0004 4 = 9989ec00
ffff8e67c26dbe40 2927908118 C Co:2:005:0 0 4 >
ffff8e67c26dbe40 2927908263 S Co:2:005:0 s 40 b9 0000 0000 0004 4 = 09006603
ffff8e67c26dbe40 2927910696 C Co:2:005:0 0 4 >
ffff8e67c26dbe40 2927910838 S Ii:2:005:3 -115:1 3 <
ffff8e67c26dbe40 2927911971 C Ii:2:005:3 0:1 3 = 100000
ffff8e67c26dbe40 2927912087 S Ci:2:005:0 s c0 bc 0800 0016 0002 2 <
ffff8e67c26dbe40 2927914721 C Ci:2:005:0 0 2 = 0900
ffff8e67c26dbe40 2927914859 S Ci:2:005:0 s c0 bc 0900 001c 0002 2 <
ffff8e67c26dbe40 2927917305 C Ci:2:005:0 0 2 = 2f6f
ffff8e67c26dbe40 2927917431 S Ci:2:005:0 s c0 bc 0800 23be 0002 2 <
ffff8e67c26dbe40 2927919964 C Ci:2:005:0 0 2 = 0000
ffff8e67c26dbe40 2927920159 S Co:2:005:0 s 40 bc 0900 0014 0002 2 = d39e
ffff8e67c26dbe40 2927922864 C Co:2:005:0 0 2 >
ffff8e67c26dbe40 2927923097 S Ci:2:005:0 s c0 bc 0900 001c 0002 2 <
ffff8e67c26dbe40 2927925686 C Ci:2:005:0 0 2 = 2f6f
ffff8e67c26dbe40 2927925849 S Co:2:005:0 s 40 b9 0000 0000 0004 4 = 09016601
ffff8e67c26dbe40 2927928291 C Co:2:005:0 0 4 >
ffff8e67c26dbe40 2927928483 S Ii:2:005:3 -115:1 3 <
ffff8e67c26dbe40 2927929530 C Ii:2:005:3 0:1 3 = 100000
ffff8e67c26dbe40 2927929649 S Ci:2:005:0 s c0 bc 0800 0016 0002 2 <
ffff8e67c26dbe40 2927932228 C Ci:2:005:0 0 2 = 0900
ffff8e67c26dbe40 2927932394 S Ci:2:005:0 s c0 bc 0900 001c 0002 2 <
ffff8e67c26dbe40 2927934945 C Ci:2:005:0 0 2 = 2f6f
ffff8e67c26dbe40 2927935122 S Ci:2:005:0 s c0 bc 0800 23be 0004 4 <
ffff8e67c26dbe40 2927937705 C Ci:2:005:0 0 4 = 0000d2e0
ffff8e67c26dbe40 2927937888 S Co:2:005:0 s 40 bc 0800 00c0 0004 4 = 9989ec00
ffff8e67c26dbe40 2927940449 C Co:2:005:0 0 4 >
ffff8e67c26dbe40 2927940585 S Co:2:005:0 s 40 b9 0000 0000 0004 4 = 09006603
ffff8e67c26dbe40 2927943181 C Co:2:005:0 0 4 >
ffff8e67c26dbe40 2927943308 S Ii:2:005:3 -115:1 3 <
ffff8e67c26dbe40 2927944340 C Ii:2:005:3 0:1 3 = 100000
ffff8e67c26dbe40 2927944498 S Ci:2:005:0 s c0 bc 0800 0016 0002 2 <
ffff8e67c26dbe40 2927947126 C Ci:2:005:0 0 2 = 0900
ffff8e67c26dbe40 2927947296 S Ci:2:005:0 s c0 bc 0900 001c 0002 2 <
ffff8e67c26dbe40 2927949709 C Ci:2:005:0 0 2 = 2f6f
ffff8e67c26dbe40 2927949829 S Ci:2:005:0 s c0 bc 0800 23be 0002 2 <
ffff8e67c26dbe40 2927952379 C Ci:2:005:0 0 2 = 0000
ffff8e67c26dbe40 2927952541 S Co:2:005:0 s 40 bc 0900 0014 0002 2 = d39e
ffff8e67c26dbe40 2927955087 C Co:2:005:0 0 2 >
ffff8e67c26dbe40 2927955264 S Ci:2:005:0 s c0 bc 0900 001c 0002 2 <
ffff8e67c26dbe40 2927957744 C Ci:2:005:0 0 2 = 2f6f
ffff8e67c26dbe40 2927957903 S Co:2:005:0 s 40 b9 0000 0000 0004 4 = 09016601
ffff8e67c26dbe40 2927960474 C Co:2:005:0 0 4 >
ffff8e67c26dbe40 2927960710 S Ii:2:005:3 -115:1 3 <
ffff8e67c26dbe40 2927961805 C Ii:2:005:3 0:1 3 = 100000
ffff8e67c26dbe40 2927961958 S Ci:2:005:0 s c0 bc 0800 0016 0002 2 <
ffff8e67c26dbe40 2927964598 C Ci:2:005:0 0 2 = 0900
ffff8e67c26dbe40 2927964750 S Ci:2:005:0 s c0 bc 0900 001c 0002 2 <
ffff8e67c26dbe40 2927967380 C Ci:2:005:0 0 2 = 2f6f
ffff8e67c26dbe40 2927967535 S Ci:2:005:0 s c0 bc 0800 23be 0004 4 <
ffff8e67c26dbe40 2927970153 C Ci:2:005:0 0 4 = 000083e0
ffff8e67c26dbe40 2927970307 S Co:2:005:0 s 40 bc 0800 00c0 0004 4 = 9989ec00
ffff8e67c26dbe40 2927972818 C Co:2:005:0 0 4 >
ffff8e67c26dbe40 2927972947 S Co:2:005:0 s 40 b9 0000 0000 0004 4 = 09006603
ffff8e67c26dbe40 2927975484 C Co:2:005:0 0 4 >
ffff8e67c26dbe40 2927975646 S Ii:2:005:3 -115:1 3 <
ffff8e67c26dbe40 2927976927 C Ii:2:005:3 0:1 3 = 100000
ffff8e67c26dbe40 2927977107 S Ci:2:005:0 s c0 bc 0800 0016 0002 2 <
ffff8e67c26dbe40 2927979679 C Ci:2:005:0 0 2 = 0900
ffff8e67c26dbe40 2927979831 S Ci:2:005:0 s c0 bc 0900 001c 0002 2 <
ffff8e67c26dbe40 2927982312 C Ci:2:005:0 0 2 = 2f6f
ffff8e67c26dbe40 2927982429 S Ci:2:005:0 s c0 bc 0800 23be 0002 2 <
ffff8e67c26dbe40 2927985085 C Ci:2:005:0 0 2 = 0000
ffff8e67c26dbe40 2927985223 S Co:2:005:0 s 40 bc 0900 0014 0002 2 = d39e
ffff8e67c26dbe40 2927987737 C Co:2:005:0 0 2 >
ffff8e67c26dbe40 2927987930 S Ci:2:005:0 s c0 bc 0900 001c 0002 2 <
ffff8e67c26dbe40 2927990509 C Ci:2:005:0 0 2 = 2f6f
ffff8e67c26dbe40 2927990703 S Co:2:005:0 s 40 b9 0000 0000 0004 4 = 09016601
ffff8e67c26dbe40 2927993278 C Co:2:005:0 0 4 >
ffff8e67c26dbe40 2927993430 S Ii:2:005:3 -115:1 3 <
ffff8e67c26dbe40 2927994510 C Ii:2:005:3 0:1 3 = 100000
ffff8e67c26dbe40 2927994665 S Ci:2:005:0 s c0 bc 0800 0016 0002 2 <
ffff8e67c26dbe40 2927997258 C Ci:2:005:0 0 2 = 0900
ffff8e67c26dbe40 2927997412 S Ci:2:005:0 s c0 bc 0900 001c 0002 2 <
ffff8e67c26dbe40 2928000008 C Ci:2:005:0 0 2 = 2f6f
ffff8e67c26dbe40 2928000152 S Ci:2:005:0 s c0 bc 0800 23be 0004 4 <
ffff8e67c26dbe40 2928002759 C Ci:2:005:0 0 4 = 000091e0
ffff8e67c26dbe40 2928002882 S Co:2:005:0 s 40 bc 0800 00c0 0004 4 = 9989ec00
ffff8e67c26dbe40 2928005342 C Co:2:005:0 0 4 >
ffff8e67c26dbe40 2928005422 S Co:2:005:0 s 40 b9 0000 0000 0004 4 = 09006603
ffff8e67c26dbe40 2928008079 C Co:2:005:0 0 4 >
ffff8e67c26dbe40 2928008276 S Ii:2:005:3 -115:1 3 <
ffff8e67c26dbe40 2928009453 C Ii:2:005:3 0:1 3 = 100000
ffff8e67c26dbe40 2928009621 S Ci:2:005:0 s c0 bc 0800 0016 0002 2 <
ffff8e67c26dbe40 2928012220 C Ci:2:005:0 0 2 = 0900
ffff8e67c26dbe40 2928012385 S Ci:2:005:0 s c0 bc 0900 001c 0002 2 <
ffff8e67c26dbe40 2928014801 C Ci:2:005:0 0 2 = 2f6f
ffff8e67c26dbe40 2928014957 S Ci:2:005:0 s c0 bc 0800 23be 0002 2 <
ffff8e67c26dbe40 2928017488 C Ci:2:005:0 0 2 = 0000
ffff8e67c26dbe40 2928017648 S Co:2:005:0 s 40 bc 0900 0014 0002 2 = d39e
ffff8e67c26dbe40 2928020157 C Co:2:005:0 0 2 >
ffff8e67c26dbe40 2928020282 S Ci:2:005:0 s c0 bc 0900 001c 0002 2 <
ffff8e67c26dbe40 2928022813 C Ci:2:005:0 0 2 = 2f6f
ffff8e67c26dbe40 2928022918 S Co:2:005:0 s 40 b9 0000 0000 0004 4 = 09016601
ffff8e67c26dbe40 2928025483 C Co:2:005:0 0 4 >
ffff8e67c26dbe40 2928025576 S Ii:2:005:3 -115:1 3 <
ffff8e67c26dbe40 2928026795 C Ii:2:005:3 0:1 3 = 100000
ffff8e67c26dbe40 2928026955 S Ci:2:005:0 s c0 bc 0800 0016 0002 2 <
ffff8e67c26dbe40 2928029583 C Ci:2:005:0 0 2 = 0900
ffff8e67c26dbe40 2928029745 S Ci:2:005:0 s c0 bc 0900 001c 0002 2 <
ffff8e67c26dbe40 2928032184 C Ci:2:005:0 0 2 = 2f6f
ffff8e67c26dbe40 2928032358 S Ci:2:005:0 s c0 bc 0800 23be 0004 4 <
ffff8e67c26dbe40 2928034799 C Ci:2:005:0 0 4 = 000089e0
ffff8e67c26dbe40 2928034963 S Co:2:005:0 s 40 bc 0800 00c0 0004 4 = 9989ec00
ffff8e67c26dbe40 2928037440 C Co:2:005:0 0 4 >
ffff8e67c26dbe40 2928037595 S Co:2:005:0 s 40 b9 0000 0000 0004 4 = 09006603
ffff8e67c26dbe40 2928040185 C Co:2:005:0 0 4 >
ffff8e67c26dbe40 2928040374 S Ii:2:005:3 -115:1 3 <
ffff8e67c26dbe40 2928041502 C Ii:2:005:3 0:1 3 = 100000
ffff8e67c26dbe40 2928041624 S Ci:2:005:0 s c0 bc 0800 0016 0002 2 <
ffff8e67c26dbe40 2928044209 C Ci:2:005:0 0 2 = 0900
ffff8e67c26dbe40 2928044320 S Ci:2:005:0 s c0 bc 0900 001c 0002 2 <
ffff8e67c26dbe40 2928046798 C Ci:2:005:0 0 2 = 2f6f
ffff8e67c26dbe40 2928046957 S Ci:2:005:0 s c0 bc 0800 23be 0002 2 <
ffff8e67c26dbe40 2928049467 C Ci:2:005:0 0 2 = 0000
ffff8e67c26dbe40 2928049630 S Co:2:005:0 s 40 bc 0900 0014 0002 2 = d39e
ffff8e67c26dbe40 2928052090 C Co:2:005:0 0 2 >
ffff8e67c26dbe40 2928052248 S Ci:2:005:0 s c0 bc 0900 001c 0002 2 <
ffff8e67c26dbe40 2928054762 C Ci:2:005:0 0 2 = 2f6f
ffff8e67c26dbe40 2928054935 S Co:2:005:0 s 40 b9 0000 0000 0004 4 = 09016601
ffff8e67c26dbe40 2928057458 C Co:2:005:0 0 4 >
ffff8e67c26dbe40 2928057614 S Ii:2:005:3 -115:1 3 <
ffff8e67c26dbe40 2928058831 C Ii:2:005:3 0:1 3 = 100000
ffff8e67c26dbe40 2928059001 S Ci:2:005:0 s c0 bc 0800 0016 0002 2 <
ffff8e67c26dbe40 2928061654 C Ci:2:005:0 0 2 = 0900
ffff8e67c26dbe40 2928061814 S Ci:2:005:0 s c0 bc 0900 001c 0002 2 <
ffff8e67c26dbe40 2928064338 C Ci:2:005:0 0 2 = 2f6f
ffff8e67c26dbe40 2928064491 S Ci:2:005:0 s c0 bc 0800 23be 0004 4 <
ffff8e67c26dbe40 2928067147 C Ci:2:005:0 0 4 = 000087e0
ffff8e67c26dbe40 2928067322 S Co:2:005:0 s 40 bc 0800 00c0 0004 4 = 9989ec00
ffff8e67c26dbe40 2928069858 C Co:2:005:0 0 4 >
ffff8e67c26dbe40 2928070034 S Co:2:005:0 s 40 b9 0000 0000 0004 4 = 09006603
ffff8e67c26dbe40 2928072689 C Co:2:005:0 0 4 >
ffff8e67c26dbe40 2928072825 S Ii:2:005:3 -115:1 3 <
ffff8e67c26dbe40 2928074032 C Ii:2:005:3 0:1 3 = 100000
ffff8e67c26dbe40 2928074196 S Ci:2:005:0 s c0 bc 0800 0016 0002 2 <
ffff8e67c26dbe40 2928076879 C Ci:2:005:0 0 2 = 0900
ffff8e67c26dbe40 2928077076 S Ci:2:005:0 s c0 bc 0900 001c 0002 2 <
ffff8e67c26dbe40 2928079707 C Ci:2:005:0 0 2 = 2f6f
ffff8e67c26dbe40 2928079876 S Ci:2:005:0 s c0 bc 0800 23be 0002 2 <
ffff8e67c26dbe40 2928082367 C Ci:2:005:0 0 2 = 0000
ffff8e67c26dbe40 2928082523 S Co:2:005:0 s 40 bc 0900 0014 0002 2 = d39e
ffff8e67c26dbe40 2928085108 C Co:2:005:0 0 2 >
ffff8e67c26dbe40 2928085267 S Ci:2:005:0 s c0 bc 0900 001c 0002 2 <
ffff8e67c26dbe40 2928087749 C Ci:2:005:0 0 2 = 2f6f
ffff8e67c26dbe40 2928087916 S Co:2:005:0 s 40 b9 0000 0000 0004 4 = 09016601
ffff8e67c26dbe40 2928090490 C Co:2:005:0 0 4 >
ffff8e67c26dbe40 2928090593 S Ii:2:005:3 -115:1 3 <
ffff8e67c26dbe40 2928091689 C Ii:2:005:3 0:1 3 = 100000
ffff8e67c26dbe40 2928091813 S Ci:2:005:0 s c0 bc 0800 0016 0002 2 <
ffff8e67c26dbe40 2928094626 C Ci:2:005:0 0 2 = 0900
ffff8e67c26dbe40 2928094781 S Ci:2:005:0 s c0 bc 0900 001c 0002 2 <
ffff8e67c26dbe40 2928097371 C Ci:2:005:0 0 2 = 2f6f
ffff8e67c26dbe40 2928097524 S Ci:2:005:0 s c0 bc 0800 23be 0004 4 <
ffff8e67c26dbe40 2928100125 C Ci:2:005:0 0 4 = 000087e0
ffff8e67c26dbe40 2928100251 S Co:2:005:0 s 40 bc 0800 00c0 0004 4 = 9989ec00
ffff8e67c26dbe40 2928102856 C Co:2:005:0 0 4 >
ffff8e67c26dbe40 2928103022 S Co:2:005:0 s 40 b9 0000 0000 0004 4 = 09006603
ffff8e67c26dbe40 2928105637 C Co:2:005:0 0 4 >
ffff8e67c26dbe40 2928105804 S Ii:2:005:3 -115:1 3 <
ffff8e67c26dbe40 2928106891 C Ii:2:005:3 0:1 3 = 100000
ffff8e67c26dbe40 2928107059 S Ci:2:005:0 s c0 bc 0800 0016 0002 2 <
ffff8e67c26dbe40 2928109691 C Ci:2:005:0 0 2 = 0900
ffff8e67c26dbe40 2928109832 S Ci:2:005:0 s c0 bc 0900 001c 0002 2 <
ffff8e67c26dbe40 2928112372 C Ci:2:005:0 0 2 = 2f6f
ffff8e67c26dbe40 2928112524 S Ci:2:005:0 s c0 bc 0800 23be 0002 2 <
ffff8e67c26dbe40 2928115114 C Ci:2:005:0 0 2 = 0000
ffff8e67c26dbe40 2928115268 S Co:2:005:0 s 40 bc 0900 0014 0002 2 = d39e
ffff8e67c26dbe40 2928117869 C Co:2:005:0 0 2 >
ffff8e67c26dbe40 2928118091 S Ci:2:005:0 s c0 bc 0900 001c 0002 2 <
ffff8e67c26dbe40 2928120613 C Ci:2:005:0 0 2 = 2f6f
ffff8e67c26dbe40 2928120768 S Co:2:005:0 s 40 b9 0000 0000 0004 4 = 09016601
ffff8e67c26dbe40 2928123333 C Co:2:005:0 0 4 >
ffff8e67c26dbe40 2928123483 S Ii:2:005:3 -115:1 3 <
ffff8e67c26dbe40 2928124716 C Ii:2:005:3 0:1 3 = 100000
ffff8e67c26dbe40 2928124874 S Ci:2:005:0 s c0 bc 0800 0016 0002 2 <
ffff8e67c26dbe40 2928127488 C Ci:2:005:0 0 2 = 0900
ffff8e67c26dbe40 2928127629 S Ci:2:005:0 s c0 bc 0900 001c 0002 2 <
ffff8e67c26dbe40 2928130179 C Ci:2:005:0 0 2 = 2f6f
ffff8e67c26dbe40 2928130283 S Ci:2:005:0 s c0 bc 0800 23be 0004 4 <
ffff8e67c26dbe40 2928132963 C Ci:2:005:0 0 4 = 0000b1e0
ffff8e67c26dbe40 2928133114 S Co:2:005:0 s 40 bc 0800 00c0 0004 4 = 9989fd00
ffff8e67c26dbe40 2928135759 C Co:2:005:0 0 4 >
ffff8e67c26dbe40 2928135927 S Co:2:005:0 s 40 b9 0000 0000 0004 4 = 09006603
ffff8e67c26dbe40 2928138551 C Co:2:005:0 0 4 >
ffff8e67c26dbe40 2928138712 S Ii:2:005:3 -115:1 3 <
ffff8e67c26dbe40 2928139920 C Ii:2:005:3 0:1 3 = 100000
ffff8e67c26dbe40 2928140088 S Ci:2:005:0 s c0 bc 0800 0016 0002 2 <
ffff8e67c26dbe40 2928142792 C Ci:2:005:0 0 2 = 0900
ffff8e67c26dbe40 2928142963 S Ci:2:005:0 s c0 bc 0900 001c 0002 2 <
ffff8e67c26dbe40 2928145458 C Ci:2:005:0 0 2 = 2f6f
ffff8e67c26dbe40 2928145653 S Ci:2:005:0 s c0 bc 0800 23be 0002 2 <
ffff8e67c26dbe40 2928148241 C Ci:2:005:0 0 2 = 0000
ffff8e67c26dbe40 2928148394 S Co:2:005:0 s 40 bc 0900 0014 0002 2 = d39e
ffff8e67c26dbe40 2928150976 C Co:2:005:0 0 2 >
ffff8e67c26dbe40 2928151151 S Ci:2:005:0 s c0 bc 0900 001c 0002 2 <
ffff8e67c26dbe40 2928153766 C Ci:2:005:0 0 2 = 2f6f
ffff8e67c26dbe40 2928153921 S Co:2:005:0 s 40 b9 0000 0000 0004 4 = 09016601
ffff8e67c26dbe40 2928156428 C Co:2:005:0 0 4 >
ffff8e67c26dbe40 2928156555 S Ii:2:005:3 -115:1 3 <
ffff8e67c26dbe40 2928157817 C Ii:2:005:3 0:1 3 = 100000
ffff8e67c26dbe40 2928157938 S Ci:2:005:0 s c0 bc 0800 0016 0002 2 <
ffff8e67c26dbe40 2928160647 C Ci:2:005:0 0 2 = 0900
ffff8e67c26dbe40 2928160802 S Ci:2:005:0 s c0 bc 0900 001c 0002 2 <
ffff8e67c26dbe40 2928163325 C Ci:2:005:0 0 2 = 2f6f
ffff8e67c26dbe40 2928163476 S Ci:2:005:0 s c0 bc 0800 23be 0004 4 <
ffff8e67c26dbe40 2928166104 C Ci:2:005:0 0 4 = 00006ae0
ffff8e67c26dbe40 2928166312 S Co:2:005:0 s 40 bc 0800 00c0 0002 2 = 1089
ffff8e67c26dbe40 2928168841 C Co:2:005:0 0 2 >
ffff8e67c26dbe40 2928169015 S Co:2:005:0 s 40 b9 0000 0000 0004 4 = 09009802
ffff8e67c26dbe40 2928171554 C Co:2:005:0 0 4 >
ffff8e67c26dbe40 2928171689 S Ii:2:005:3 -115:1 3 <
ffff8e67c26dbe40 2928172904 C Ii:2:005:3 0:1 3 = 100000
ffff8e67c26dbe40 2928173093 S Ci:2:005:0 s c0 bc 0800 0016 0002 2 <
ffff8e67c26dbe40 2928175866 C Ci:2:005:0 0 2 = 0900
ffff8e67c26dbe40 2928176055 S Ci:2:005:0 s c0 bc 0900 001c 0002 2 <
ffff8e67c26dbe40 2928178591 C Ci:2:005:0 0 2 = 2f6f
ffff8e67c26dbe40 2928178773 S Ci:2:005:0 s c0 bc 0800 23be 0002 2 <
ffff8e67c26dbe40 2928181338 C Ci:2:005:0 0 2 = 0000
ffff8e67c26dbe40 2928181538 S Co:2:005:0 s 40 bc 0900 0014 0002 2 = d39e
ffff8e67c26dbe40 2928184154 C Co:2:005:0 0 2 >
ffff8e67c26dbe40 2928184298 S Ci:2:005:0 s c0 bc 0900 001c 0002 2 <
ffff8e67c26dbe40 2928186814 C Ci:2:005:0 0 2 = 2f6f
ffff8e67c4a97000 2928186873 S Co:2:005:0 s 40 bc 0800 00c0 0002 2 = 1581
ffff8e67c4a97000 2928189585 C Co:2:005:0 0 2 >
ffff8e67c4a97000 2928189651 S Co:2:005:0 s 40 b9 0000 0000 0004 4 = 09009802
ffff8e67c4a97000 2928192181 C Co:2:005:0 0 4 >
ffff8e67c4a97000 2928192238 S Ii:2:005:3 -115:1 3 <
ffff8e67c4a97000 2928193602 C Ii:2:005:3 0:1 3 = 100000
ffff8e67c4a97000 2928193661 S Ci:2:005:0 s c0 bc 0800 0016 0002 2 <
ffff8e67c4a97000 2928196391 C Ci:2:005:0 0 2 = 0900
ffff8e67c4a97000 2928196453 S Ci:2:005:0 s c0 bc 0900 001c 0002 2 <
ffff8e67c4a97000 2928199111 C Ci:2:005:0 0 2 = 2f6f
ffff8e67c4a97000 2928199166 S Ci:2:005:0 s c0 bc 0800 23be 0002 2 <
ffff8e67c4a97000 2928201827 C Ci:2:005:0 0 2 = 0000
ffff8e67c4a97000 2928201891 S Co:2:005:0 s 40 bc 0900 0014 0002 2 = d39e
ffff8e67c4a97000 2928204597 C Co:2:005:0 0 2 >
ffff8e67c4a97000 2928204660 S Ci:2:005:0 s c0 bc 0900 001c 0002 2 <
ffff8e67c4a97000 2928207366 C Ci:2:005:0 0 2 = 2f6f
ffff8e67c4a97000 2928207430 S Co:2:005:0 s 40 bc 0800 00c0 0002 2 = 0f88
ffff8e67c4a97000 2928210089 C Co:2:005:0 0 2 >
ffff8e67c4a97000 2928210148 S Co:2:005:0 s 40 b9 0000 0000 0004 4 = 09009802
ffff8e67c4a97000 2928212847 C Co:2:005:0 0 4 >
ffff8e67c4a97000 2928212907 S Ii:2:005:3 -115:1 3 <
ffff8e67c4a97000 2928214208 C Ii:2:005:3 0:1 3 = 100000
ffff8e67c4a97000 2928214267 S Ci:2:005:0 s c0 bc 0800 0016 0002 2 <
ffff8e67c4a97000 2928216994 C Ci:2:005:0 0 2 = 0900
ffff8e67c4a97000 2928217067 S Ci:2:005:0 s c0 bc 0900 001c 0002 2 <
ffff8e67c4a97000 2928219744 C Ci:2:005:0 0 2 = 2f6f
ffff8e67c4a97000 2928219807 S Ci:2:005:0 s c0 bc 0800 23be 0002 2 <
ffff8e67c4a97000 2928222497 C Ci:2:005:0 0 2 = 0000
ffff8e67c4a97000 2928222560 S Co:2:005:0 s 40 bc 0900 0014 0002 2 = d39e
ffff8e67c4a97000 2928225224 C Co:2:005:0 0 2 >
ffff8e67c4a97000 2928225286 S Ci:2:005:0 s c0 bc 0900 001c 0002 2 <
ffff8e67c4a97000 2928228001 C Ci:2:005:0 0 2 = 2f6f
ffff8e67c4a97000 2928228082 S Co:2:005:0 s 40 bc 0800 00c0 0002 2 = 1089
ffff8e67c4a97000 2928230726 C Co:2:005:0 0 2 >
ffff8e67c4a97000 2928230800 S Co:2:005:0 s 40 b9 0000 0000 0004 4 = 09009802
ffff8e67c4a97000 2928233537 C Co:2:005:0 0 4 >
ffff8e67c4a97000 2928233597 S Ii:2:005:3 -115:1 3 <
ffff8e67c4a97000 2928234814 C Ii:2:005:3 0:1 3 = 100000
ffff8e67c4a97000 2928234875 S Ci:2:005:0 s c0 bc 0800 0016 0002 2 <
ffff8e67c4a97000 2928237613 C Ci:2:005:0 0 2 = 0900
ffff8e67c4a97000 2928237677 S Ci:2:005:0 s c0 bc 0900 001c 0002 2 <
ffff8e67c4a97000 2928240338 C Ci:2:005:0 0 2 = 2f6f
ffff8e67c4a97000 2928240460 S Ci:2:005:0 s c0 bc 0800 23be 0002 2 <
ffff8e67c4a97000 2928243136 C Ci:2:005:0 0 2 = 0000
ffff8e67c4a97000 2928243202 S Co:2:005:0 s 40 bc 0900 0014 0002 2 = d39e
ffff8e67c4a97000 2928245977 C Co:2:005:0 0 2 >
ffff8e67c4a97000 2928246083 S Ci:2:005:0 s c0 bc 0900 001c 0002 2 <
ffff8e67c4a97000 2928248587 C Ci:2:005:0 0 2 = 2f6f
ffff8e67c4a97000 2928248642 S Co:2:005:0 s 40 bc 0800 00c0 0002 2 = 1581
ffff8e67c4a97000 2928251343 C Co:2:005:0 0 2 >
ffff8e67c4a97000 2928251404 S Co:2:005:0 s 40 b9 0000 0000 0004 4 = 09009802
ffff8e67c4a97000 2928254111 C Co:2:005:0 0 4 >
ffff8e67c4a97000 2928254171 S Ii:2:005:3 -115:1 3 <
ffff8e67c4a97000 2928255318 C Ii:2:005:3 0:1 3 = 100000
ffff8e67c4a97000 2928255377 S Ci:2:005:0 s c0 bc 0800 0016 0002 2 <
ffff8e67c4a97000 2928258191 C Ci:2:005:0 0 2 = 0900
ffff8e67c4a97000 2928258255 S Ci:2:005:0 s c0 bc 0900 001c 0002 2 <
ffff8e67c4a97000 2928260907 C Ci:2:005:0 0 2 = 2f6f
ffff8e67c4a97000 2928260970 S Ci:2:005:0 s c0 bc 0800 23be 0002 2 <
ffff8e67c4a97000 2928263820 C Ci:2:005:0 0 2 = 0000
ffff8e67c4a97000 2928263883 S Co:2:005:0 s 40 bc 0900 0014 0002 2 = d39e
ffff8e67c4a97000 2928266470 C Co:2:005:0 0 2 >
ffff8e67c4a97000 2928266532 S Ci:2:005:0 s c0 bc 0900 001c 0002 2 <
ffff8e67c4a97000 2928269226 C Ci:2:005:0 0 2 = 2f6f
ffff8e67c4a97000 2928269292 S Co:2:005:0 s 40 bc 0800 00c0 0002 2 = 658a
ffff8e67c4a97000 2928272006 C Co:2:005:0 0 2 >
ffff8e67c4a97000 2928272094 S Co:2:005:0 s 40 b9 0000 0000 0004 4 = 09009802
ffff8e67c4a97000 2928274770 C Co:2:005:0 0 4 >
ffff8e67c4a97000 2928274831 S Ii:2:005:3 -115:1 3 <
ffff8e67c4a97000 2928276076 C Ii:2:005:3 0:1 3 = 100000
ffff8e67c4a97000 2928276138 S Ci:2:005:0 s c0 bc 0800 0016 0002 2 <
ffff8e67c4a97000 2928278852 C Ci:2:005:0 0 2 = 0900
ffff8e67c4a97000 2928278904 S Ci:2:005:0 s c0 bc 0900 001c 0002 2 <
ffff8e67c4a97000 2928281568 C Ci:2:005:0 0 2 = 2f6f
ffff8e67c4a97000 2928281618 S Ci:2:005:0 s c0 bc 0800 23be 0002 2 <
ffff8e67c4a97000 2928284378 C Ci:2:005:0 0 2 = 0000
ffff8e67c4a97000 2928284438 S Co:2:005:0 s 40 bc 0900 0014 0002 2 = d39e
ffff8e67c4a97000 2928287095 C Co:2:005:0 0 2 >
ffff8e67c4a97000 2928287157 S Ci:2:005:0 s c0 bc 0900 001c 0002 2 <
ffff8e67c4a97000 2928289709 C Ci:2:005:0 0 2 = 2f6f
ffff8e67c4a97000 2928289775 S Co:2:005:0 s 40 bc 0800 00c0 0002 2 = 1089
ffff8e67c4a97000 2928292472 C Co:2:005:0 0 2 >
ffff8e67c4a97000 2928292532 S Co:2:005:0 s 40 b9 0000 0000 0004 4 = 09009802
ffff8e67c4a97000 2928295169 C Co:2:005:0 0 4 >
ffff8e67c4a97000 2928295230 S Ii:2:005:3 -115:1 3 <
ffff8e67c4a97000 2928296582 C Ii:2:005:3 0:1 3 = 100000
ffff8e67c4a97000 2928296642 S Ci:2:005:0 s c0 bc 0800 0016 0002 2 <
ffff8e67c4a97000 2928299417 C Ci:2:005:0 0 2 = 0900
ffff8e67c4a97000 2928299486 S Ci:2:005:0 s c0 bc 0900 001c 0002 2 <
ffff8e67c4a97000 2928302093 C Ci:2:005:0 0 2 = 2f6f
ffff8e67c4a97000 2928302149 S Ci:2:005:0 s c0 bc 0800 23be 0002 2 <
ffff8e67c4a97000 2928304881 C Ci:2:005:0 0 2 = 0000
ffff8e67c4a97000 2928305002 S Co:2:005:0 s 40 bc 0900 0014 0002 2 = d39e
ffff8e67c4a97000 2928307599 C Co:2:005:0 0 2 >
ffff8e67c4a97000 2928307688 S Ci:2:005:0 s c0 bc 0900 001c 0002 2 <
ffff8e67c4a97000 2928310258 C Ci:2:005:0 0 2 = 2f6f
ffff8e67c4a97000 2928310326 S Co:2:005:0 s 40 bc 0800 00c0 0002 2 = 1128
ffff8e67c4a97000 2928312942 C Co:2:005:0 0 2 >
ffff8e67c4a97000 2928313011 S Co:2:005:0 s 40 b9 0000 0000 0004 4 = 09009802
ffff8e67c4a97000 2928315744 C Co:2:005:0 0 4 >
ffff8e67c4a97000 2928315798 S Ii:2:005:3 -115:1 3 <
ffff8e67c4a97000 2928317039 C Ii:2:005:3 0:1 3 = 100000
ffff8e67c4a97000 2928317092 S Ci:2:005:0 s c0 bc 0800 0016 0002 2 <
ffff8e67c4a97000 2928319854 C Ci:2:005:0 0 2 = 0900
ffff8e67c4a97000 2928319918 S Ci:2:005:0 s c0 bc 0900 001c 0002 2 <
ffff8e67c4a97000 2928322688 C Ci:2:005:0 0 2 = 2f6f
ffff8e67c4a97000 2928322747 S Ci:2:005:0 s c0 bc 0800 23be 0002 2 <
ffff8e67c4a97000 2928325383 C Ci:2:005:0 0 2 = 0000
ffff8e67c4a97000 2928325447 S Co:2:005:0 s 40 bc 0900 0014 0002 2 = d39e
ffff8e67c4a97000 2928328109 C Co:2:005:0 0 2 >
ffff8e67c4a97000 2928328172 S Ci:2:005:0 s c0 bc 0900 001c 0002 2 <
ffff8e67c4a97000 2928330850 C Ci:2:005:0 0 2 = 2f6f
ffff8e67c4a97000 2928330937 S Co:2:005:0 s 40 bc 0800 00c0 0002 2 = 1208
ffff8e67c4a97000 2928333475 C Co:2:005:0 0 2 >
ffff8e67c4a97000 2928333536 S Co:2:005:0 s 40 b9 0000 0000 0004 4 = 09009802
ffff8e67c4a97000 2928336180 C Co:2:005:0 0 4 >
ffff8e67c4a97000 2928336240 S Ii:2:005:3 -115:1 3 <
ffff8e67c4a97000 2928337555 C Ii:2:005:3 0:1 3 = 100000
ffff8e67c4a97000 2928337617 S Ci:2:005:0 s c0 bc 0800 0016 0002 2 <
ffff8e67c4a97000 2928340269 C Ci:2:005:0 0 2 = 0900
ffff8e67c4a97000 2928340333 S Ci:2:005:0 s c0 bc 0900 001c 0002 2 <
ffff8e67c4a97000 2928342969 C Ci:2:005:0 0 2 = 2f6f
ffff8e67c4a97000 2928343035 S Ci:2:005:0 s c0 bc 0800 23be 0002 2 <
ffff8e67c4a97000 2928345728 C Ci:2:005:0 0 2 = 0000
ffff8e67c4a97000 2928345781 S Co:2:005:0 s 40 bc 0900 0014 0002 2 = d39e
ffff8e67c4a97000 2928348450 C Co:2:005:0 0 2 >
ffff8e67c4a97000 2928348493 S Ci:2:005:0 s c0 bc 0900 001c 0002 2 <
ffff8e67c4a97000 2928351093 C Ci:2:005:0 0 2 = 2f6f
ffff8e67c4a97000 2928351159 S Co:2:005:0 s 40 bc 0800 00c0 0002 2 = 13a8
ffff8e67c4a97000 2928353748 C Co:2:005:0 0 2 >
ffff8e67c4a97000 2928353807 S Co:2:005:0 s 40 b9 0000 0000 0004 4 = 09009802
ffff8e67c4a97000 2928356461 C Co:2:005:0 0 4 >
ffff8e67c4a97000 2928356521 S Ii:2:005:3 -115:1 3 <
ffff8e67c4a97000 2928357809 C Ii:2:005:3 0:1 3 = 100000
ffff8e67c4a97000 2928357870 S Ci:2:005:0 s c0 bc 0800 0016 0002 2 <
ffff8e67c4a97000 2928360639 C Ci:2:005:0 0 2 = 0900
ffff8e67c4a97000 2928360702 S Ci:2:005:0 s c0 bc 0900 001c 0002 2 <
ffff8e67c4a97000 2928363325 C Ci:2:005:0 0 2 = 2f6f
ffff8e67c4a97000 2928363381 S Ci:2:005:0 s c0 bc 0800 23be 0002 2 <
ffff8e67c4a97000 2928366064 C Ci:2:005:0 0 2 = 0000
ffff8e67c4a97000 2928366178 S Co:2:005:0 s 40 bc 0900 0014 0002 2 = d39e
ffff8e67c4a97000 2928368892 C Co:2:005:0 0 2 >
ffff8e67c4a97000 2928368951 S Ci:2:005:0 s c0 bc 0900 001c 0002 2 <
ffff8e67c4a97000 2928371640 C Ci:2:005:0 0 2 = 2f6f
ffff8e67c4a97000 2928371706 S Co:2:005:0 s 40 bc 0800 00c0 0002 2 = 1488
ffff8e67c4a97000 2928374347 C Co:2:005:0 0 2 >
ffff8e67c4a97000 2928374406 S Co:2:005:0 s 40 b9 0000 0000 0004 4 = 09009802
ffff8e67c4a97000 2928377082 C Co:2:005:0 0 4 >
ffff8e67c4a97000 2928377143 S Ii:2:005:3 -115:1 3 <
ffff8e67c4a97000 2928378393 C Ii:2:005:3 0:1 3 = 100000
ffff8e67c4a97000 2928378445 S Ci:2:005:0 s c0 bc 0800 0016 0002 2 <
ffff8e67c4a97000 2928381152 C Ci:2:005:0 0 2 = 0900
ffff8e67c4a97000 2928381216 S Ci:2:005:0 s c0 bc 0900 001c 0002 2 <
ffff8e67c4a97000 2928383942 C Ci:2:005:0 0 2 = 2f6f
ffff8e67c4a97000 2928384019 S Ci:2:005:0 s c0 bc 0800 23be 0002 2 <
ffff8e67c4a97000 2928386793 C Ci:2:005:0 0 2 = 0000
ffff8e67c4a97000 2928386855 S Co:2:005:0 s 40 bc 0900 0014 0002 2 = d39e
ffff8e67c4a97000 2928389608 C Co:2:005:0 0 2 >
ffff8e67c4a97000 2928389671 S Ci:2:005:0 s c0 bc 0900 001c 0002 2 <
ffff8e67c4a97000 2928392348 C Ci:2:005:0 0 2 = 2f6f
ffff8e67c4a97000 2928392415 S Co:2:005:0 s 40 bc 0800 00c0 0002 2 = 158b
ffff8e67c4a97000 2928395093 C Co:2:005:0 0 2 >
ffff8e67c4a97000 2928395153 S Co:2:005:0 s 40 b9 0000 0000 0004 4 = 09009802
ffff8e67c4a97000 2928397834 C Co:2:005:0 0 4 >
ffff8e67c4a97000 2928397894 S Ii:2:005:3 -115:1 3 <
ffff8e67c4a97000 2928399159 C Ii:2:005:3 0:1 3 = 100000
ffff8e67c4a97000 2928399214 S Ci:2:005:0 s c0 bc 0800 0016 0002 2 <
ffff8e67c4a97000 2928401959 C Ci:2:005:0 0 2 = 0900
ffff8e67c4a97000 2928402036 S Ci:2:005:0 s c0 bc 0900 001c 0002 2 <
ffff8e67c4a97000 2928404731 C Ci:2:005:0 0 2 = 2f6f
ffff8e67c4a97000 2928404805 S Ci:2:005:0 s c0 bc 0800 23be 0002 2 <
ffff8e67c4a97000 2928407433 C Ci:2:005:0 0 2 = 0000
ffff8e67c4a97000 2928407494 S Co:2:005:0 s 40 bc 0900 0014 0002 2 = d39e
ffff8e67c4a97000 2928410204 C Co:2:005:0 0 2 >
ffff8e67c4a97000 2928410267 S Ci:2:005:0 s c0 bc 0900 001c 0002 2 <
ffff8e67c4a97000 2928412843 C Ci:2:005:0 0 2 = 2f6f
ffff8e67c4a97000 2928412911 S Co:2:005:0 s 40 bc 0800 00c0 0004 4 = 9989ed00
ffff8e67c4a97000 2928415632 C Co:2:005:0 0 4 >
ffff8e67c4a97000 2928415692 S Co:2:005:0 s 40 b9 0000 0000 0004 4 = 09006603
ffff8e67c4a97000 2928418331 C Co:2:005:0 0 4 >
ffff8e67c4a97000 2928418392 S Ii:2:005:3 -115:1 3 <
ffff8e67c4a97000 2928419670 C Ii:2:005:3 0:1 3 = 100000
ffff8e67c4a97000 2928419731 S Ci:2:005:0 s c0 bc 0800 0016 0002 2 <
ffff8e67c4a97000 2928422470 C Ci:2:005:0 0 2 = 0900
ffff8e67c4a97000 2928422534 S Ci:2:005:0 s c0 bc 0900 001c 0002 2 <
ffff8e67c4a97000 2928425221 C Ci:2:005:0 0 2 = 2f6f
ffff8e67c4a97000 2928425276 S Ci:2:005:0 s c0 bc 0800 23be 0002 2 <
ffff8e67c4a97000 2928427960 C Ci:2:005:0 0 2 = 0000
ffff8e67c4a97000 2928428001 S Co:2:005:0 s 40 bc 0900 0014 0002 2 = d39e
ffff8e67c4a97000 2928430691 C Co:2:005:0 0 2 >
ffff8e67c4a97000 2928430753 S Ci:2:005:0 s c0 bc 0900 001c 0002 2 <
ffff8e67c4a97000 2928433462 C Ci:2:005:0 0 2 = 2f6f
ffff8e67c4a97000 2928433526 S Co:2:005:0 s 40 b9 0000 0000 0004 4 = 09016601
ffff8e67c4a97000 2928436217 C Co:2:005:0 0 4 >
ffff8e67c4a97000 2928436276 S Ii:2:005:3 -115:1 3 <
ffff8e67c4a97000 2928437542 C Ii:2:005:3 0:1 3 = 100000
ffff8e67c4a97000 2928437605 S Ci:2:005:0 s c0 bc 0800 0016 0002 2 <
ffff8e67c4a97000 2928440348 C Ci:2:005:0 0 2 = 0900
ffff8e67c4a97000 2928440412 S Ci:2:005:0 s c0 bc 0900 001c 0002 2 <
ffff8e67c4a97000 2928443105 C Ci:2:005:0 0 2 = 2f6f
ffff8e67c4a97000 2928443157 S Ci:2:005:0 s c0 bc 0800 23be 0004 4 <
ffff8e67c4a97000 2928445846 C Ci:2:005:0 0 4 = 00007ce0
ffff8e67c4a97000 2928445914 S Co:2:005:0 s 40 bc 0800 00c0 0004 4 = 9989ec00
ffff8e67c4a97000 2928448631 C Co:2:005:0 0 4 >
ffff8e67c4a97000 2928448692 S Co:2:005:0 s 40 b9 0000 0000 0004 4 = 09006603
ffff8e67c4a97000 2928451367 C Co:2:005:0 0 4 >
ffff8e67c4a97000 2928451426 S Ii:2:005:3 -115:1 3 <
ffff8e67c4a97000 2928452670 C Ii:2:005:3 0:1 3 = 100000
ffff8e67c4a97000 2928452732 S Ci:2:005:0 s c0 bc 0800 0016 0002 2 <
ffff8e67c4a97000 2928455481 C Ci:2:005:0 0 2 = 0900
ffff8e67c4a97000 2928455545 S Ci:2:005:0 s c0 bc 0900 001c 0002 2 <
ffff8e67c4a97000 2928458180 C Ci:2:005:0 0 2 = 2f6f
ffff8e67c4a97000 2928458236 S Ci:2:005:0 s c0 bc 0800 23be 0002 2 <
ffff8e67c4a97000 2928460932 C Ci:2:005:0 0 2 = 0000
ffff8e67c4a97000 2928461053 S Co:2:005:0 s 40 bc 0900 0014 0002 2 = d39e
ffff8e67c4a97000 2928463776 C Co:2:005:0 0 2 >
ffff8e67c4a97000 2928463838 S Ci:2:005:0 s c0 bc 0900 001c 0002 2 <
ffff8e67c4a97000 2928466506 C Ci:2:005:0 0 2 = 2f6f
ffff8e67c4a97000 2928466570 S Co:2:005:0 s 40 b9 0000 0000 0004 4 = 09016601
ffff8e67c4a97000 2928469208 C Co:2:005:0 0 4 >
ffff8e67c4a97000 2928469267 S Ii:2:005:3 -115:1 3 <
ffff8e67c4a97000 2928470550 C Ii:2:005:3 0:1 3 = 100000
ffff8e67c4a97000 2928470613 S Ci:2:005:0 s c0 bc 0800 0016 0002 2 <
ffff8e67c4a97000 2928473397 C Ci:2:005:0 0 2 = 0900
ffff8e67c4a97000 2928473460 S Ci:2:005:0 s c0 bc 0900 001c 0002 2 <
ffff8e67c4a97000 2928476026 C Ci:2:005:0 0 2 = 2f6f
ffff8e67c4a97000 2928476119 S Ci:2:005:0 s c0 bc 0800 23be 0004 4 <
ffff8e67c4a97000 2928478809 C Ci:2:005:0 0 4 = 0000a2e0
ffff8e67c4a97000 2928478929 S Co:2:005:0 s 40 bc 0800 00c0 0004 4 = 9989ec00
ffff8e67c4a97000 2928481598 C Co:2:005:0 0 4 >
ffff8e67c4a97000 2928481660 S Co:2:005:0 s 40 b9 0000 0000 0004 4 = 09006603
ffff8e67c4a97000 2928484323 C Co:2:005:0 0 4 >
ffff8e67c4a97000 2928484383 S Ii:2:005:3 -115:1 3 <
ffff8e67c4a97000 2928485687 C Ii:2:005:3 0:1 3 = 100000
ffff8e67c4a97000 2928485748 S Ci:2:005:0 s c0 bc 0800 0016 0002 2 <
ffff8e67c4a97000 2928488469 C Ci:2:005:0 0 2 = 0900
ffff8e67c4a97000 2928488533 S Ci:2:005:0 s c0 bc 0900 001c 0002 2 <
ffff8e67c4a97000 2928491189 C Ci:2:005:0 0 2 = 2f6f
ffff8e67c4a97000 2928491245 S Ci:2:005:0 s c0 bc 0800 23be 0002 2 <
ffff8e67c4a97000 2928493930 C Ci:2:005:0 0 2 = 0000
ffff8e67c4a97000 2928494065 S Co:2:005:0 s 40 bc 0900 0014 0002 2 = d39e
ffff8e67c4a97000 2928496847 C Co:2:005:0 0 2 >
ffff8e67c4a97000 2928496909 S Ci:2:005:0 s c0 bc 0900 001c 0002 2 <
ffff8e67c4a97000 2928499622 C Ci:2:005:0 0 2 = 2f6f
ffff8e67c4a97000 2928499686 S Co:2:005:0 s 40 b9 0000 0000 0004 4 = 09016601
ffff8e67c4a97000 2928502350 C Co:2:005:0 0 4 >
ffff8e67c4a97000 2928502408 S Ii:2:005:3 -115:1 3 <
ffff8e67c4a97000 2928503705 C Ii:2:005:3 0:1 3 = 100000
ffff8e67c4a97000 2928503768 S Ci:2:005:0 s c0 bc 0800 0016 0002 2 <
ffff8e67c4a97000 2928506430 C Ci:2:005:0 0 2 = 0900
ffff8e67c4a97000 2928506485 S Ci:2:005:0 s c0 bc 0900 001c 0002 2 <
ffff8e67c4a97000 2928509201 C Ci:2:005:0 0 2 = 2f6f
ffff8e67c4a97000 2928509258 S Ci:2:005:0 s c0 bc 0800 23be 0004 4 <
ffff8e67c4a97000 2928512076 C Ci:2:005:0 0 4 = 00002ce0
ffff8e67c4a97000 2928512142 S Co:2:005:0 s 40 bc 0800 00c0 0004 4 = 9989ec00
ffff8e67c4a97000 2928514717 C Co:2:005:0 0 4 >
ffff8e67c4a97000 2928514779 S Co:2:005:0 s 40 b9 0000 0000 0004 4 = 09006603
ffff8e67c4a97000 2928517438 C Co:2:005:0 0 4 >
ffff8e67c4a97000 2928517499 S Ii:2:005:3 -115:1 3 <
ffff8e67c4a97000 2928518769 C Ii:2:005:3 0:1 3 = 100000
ffff8e67c4a97000 2928518808 S Ci:2:005:0 s c0 bc 0800 0016 0002 2 <
ffff8e67c4a97000 2928521588 C Ci:2:005:0 0 2 = 0900
ffff8e67c4a97000 2928521652 S Ci:2:005:0 s c0 bc 0900 001c 0002 2 <
ffff8e67c4a97000 2928524290 C Ci:2:005:0 0 2 = 2f6f
ffff8e67c4a97000 2928524345 S Ci:2:005:0 s c0 bc 0800 23be 0002 2 <
ffff8e67c4a97000 2928527095 C Ci:2:005:0 0 2 = 0000
ffff8e67c4a97000 2928527157 S Co:2:005:0 s 40 bc 0900 0014 0002 2 = d39e
ffff8e67c4a97000 2928529658 C Co:2:005:0 0 2 >
ffff8e67c4a97000 2928529721 S Ci:2:005:0 s c0 bc 0900 001c 0002 2 <
ffff8e67c4a97000 2928532457 C Ci:2:005:0 0 2 = 2f6f
ffff8e67c4a97000 2928532520 S Co:2:005:0 s 40 b9 0000 0000 0004 4 = 09016601
ffff8e67c4a97000 2928535088 C Co:2:005:0 0 4 >
ffff8e67c4a97000 2928535165 S Ii:2:005:3 -115:1 3 <
ffff8e67c4a97000 2928536373 C Ii:2:005:3 0:1 3 = 100000
ffff8e67c4a97000 2928536433 S Ci:2:005:0 s c0 bc 0800 0016 0002 2 <
ffff8e67c4a97000 2928539089 C Ci:2:005:0 0 2 = 0900
ffff8e67c4a97000 2928539150 S Ci:2:005:0 s c0 bc 0900 001c 0002 2 <
ffff8e67c4a97000 2928541704 C Ci:2:005:0 0 2 = 2f6f
ffff8e67c4a97000 2928541766 S Ci:2:005:0 s c0 bc 0800 23be 0004 4 <
ffff8e67c4a97000 2928544417 C Ci:2:005:0 0 4 = 000059e0
ffff8e67c4a97000 2928544483 S Co:2:005:0 s 40 bc 0800 00c0 0004 4 = 9989ec00
ffff8e67c4a97000 2928547234 C Co:2:005:0 0 4 >
ffff8e67c4a97000 2928547295 S Co:2:005:0 s 40 b9 0000 0000 0004 4 = 09006603
ffff8e67c4a97000 2928549992 C Co:2:005:0 0 4 >
ffff8e67c4a97000 2928550055 S Ii:2:005:3 -115:1 3 <
ffff8e67c4a97000 2928551212 C Ii:2:005:3 0:1 3 = 100000
ffff8e67c4a97000 2928551271 S Ci:2:005:0 s c0 bc 0800 0016 0002 2 <
ffff8e67c4a97000 2928554084 C Ci:2:005:0 0 2 = 0900
ffff8e67c4a97000 2928554147 S Ci:2:005:0 s c0 bc 0900 001c 0002 2 <
ffff8e67c4a97000 2928556815 C Ci:2:005:0 0 2 = 2f6f
ffff8e67c4a97000 2928556859 S Ci:2:005:0 s c0 bc 0800 23be 0002 2 <
ffff8e67c4a97000 2928559459 C Ci:2:005:0 0 2 = 0000
ffff8e67c4a97000 2928559544 S Co:2:005:0 s 40 bc 0900 0014 0002 2 = d39e
ffff8e67c4a97000 2928562141 C Co:2:005:0 0 2 >
ffff8e67c4a97000 2928562203 S Ci:2:005:0 s c0 bc 0900 001c 0002 2 <
ffff8e67c4a97000 2928564783 C Ci:2:005:0 0 2 = 2f6f
ffff8e67c4a97000 2928564846 S Co:2:005:0 s 40 b9 0000 0000 0004 4 = 09016601
ffff8e67c4a97000 2928567441 C Co:2:005:0 0 4 >
ffff8e67c4a97000 2928567500 S Ii:2:005:3 -115:1 3 <
ffff8e67c4a97000 2928568742 C Ii:2:005:3 0:1 3 = 100000
ffff8e67c4a97000 2928568804 S Ci:2:005:0 s c0 bc 0800 0016 0002 2 <
ffff8e67c4a97000 2928571572 C Ci:2:005:0 0 2 = 0900
ffff8e67c4a97000 2928571636 S Ci:2:005:0 s c0 bc 0900 001c 0002 2 <
ffff8e67c4a97000 2928574270 C Ci:2:005:0 0 2 = 2f6f
ffff8e67c4a97000 2928574326 S Ci:2:005:0 s c0 bc 0800 23be 0004 4 <
ffff8e67c4a97000 2928576879 C Ci:2:005:0 0 4 = 0000dee0
ffff8e67c4a97000 2928576939 S Co:2:005:0 s 40 bc 0800 00c0 0004 4 = 9989ec00
ffff8e67c4a97000 2928579534 C Co:2:005:0 0 4 >
ffff8e67c4a97000 2928579584 S Co:2:005:0 s 40 b9 0000 0000 0004 4 = 09006603
ffff8e67c4a97000 2928582270 C Co:2:005:0 0 4 >
ffff8e67c4a97000 2928582331 S Ii:2:005:3 -115:1 3 <
ffff8e67c4a97000 2928583616 C Ii:2:005:3 0:1 3 = 100000
ffff8e67c4a97000 2928583677 S Ci:2:005:0 s c0 bc 0800 0016 0002 2 <
ffff8e67c4a97000 2928586411 C Ci:2:005:0 0 2 = 0900
ffff8e67c4a97000 2928586475 S Ci:2:005:0 s c0 bc 0900 001c 0002 2 <
ffff8e67c4a97000 2928589033 C Ci:2:005:0 0 2 = 2f6f
ffff8e67c4a97000 2928589101 S Ci:2:005:0 s c0 bc 0800 23be 0002 2 <
ffff8e67c4a97000 2928591792 C Ci:2:005:0 0 2 = 0000
ffff8e67c4a97000 2928591848 S Co:2:005:0 s 40 bc 0900 0014 0002 2 = d39e
ffff8e67c4a97000 2928594556 C Co:2:005:0 0 2 >
ffff8e67c4a97000 2928594618 S Ci:2:005:0 s c0 bc 0900 001c 0002 2 <
ffff8e67c4a97000 2928597310 C Ci:2:005:0 0 2 = 2f6f
ffff8e67c4a97000 2928597373 S Co:2:005:0 s 40 b9 0000 0000 0004 4 = 09016601
ffff8e67c4a97000 2928600058 C Co:2:005:0 0 4 >
ffff8e67c4a97000 2928600118 S Ii:2:005:3 -115:1 3 <
ffff8e67c4a97000 2928601359 C Ii:2:005:3 0:1 3 = 100000
ffff8e67c4a97000 2928601421 S Ci:2:005:0 s c0 bc 0800 0016 0002 2 <
ffff8e67c4a97000 2928604149 C Ci:2:005:0 0 2 = 0900
ffff8e67c4a97000 2928604212 S Ci:2:005:0 s c0 bc 0900 001c 0002 2 <
ffff8e67c4a97000 2928606751 C Ci:2:005:0 0 2 = 2f6f
ffff8e67c4a97000 2928606815 S Ci:2:005:0 s c0 bc 0800 23be 0004 4 <
ffff8e67c4a97000 2928609400 C Ci:2:005:0 0 4 = 00002de0
ffff8e67c4a97000 2928609465 S Co:2:005:0 s 40 bc 0800 00c0 0004 4 = 9989ec00
ffff8e67c4a97000 2928612147 C Co:2:005:0 0 4 >
ffff8e67c4a97000 2928612209 S Co:2:005:0 s 40 b9 0000 0000 0004 4 = 09006603
ffff8e67c4a97000 2928614767 C Co:2:005:0 0 4 >
ffff8e67c4a97000 2928614827 S Ii:2:005:3 -115:1 3 <
ffff8e67c4a97000 2928616122 C Ii:2:005:3 0:1 3 = 100000
ffff8e67c4a97000 2928616181 S Ci:2:005:0 s c0 bc 0800 0016 0002 2 <
ffff8e67c4a97000 2928618786 C Ci:2:005:0 0 2 = 0900
ffff8e67c4a97000 2928618850 S Ci:2:005:0 s c0 bc 0900 001c 0002 2 <
ffff8e67c4a97000 2928621408 C Ci:2:005:0 0 2 = 2f6f
ffff8e67c4a97000 2928621472 S Ci:2:005:0 s c0 bc 0800 23be 0002 2 <
ffff8e67c4a97000 2928624138 C Ci:2:005:0 0 2 = 0000
ffff8e67c4a97000 2928624195 S Co:2:005:0 s 40 bc 0900 0014 0002 2 = d39e
ffff8e67c4a97000 2928626796 C Co:2:005:0 0 2 >
ffff8e67c4a97000 2928626858 S Ci:2:005:0 s c0 bc 0900 001c 0002 2 <
ffff8e67c4a97000 2928629518 C Ci:2:005:0 0 2 = 2f6f
ffff8e67c4a97000 2928629615 S Co:2:005:0 s 40 b9 0000 0000 0004 4 = 09016601
ffff8e67c4a97000 2928632242 C Co:2:005:0 0 4 >
ffff8e67c4a97000 2928632298 S Ii:2:005:3 -115:1 3 <
ffff8e67c4a97000 2928633498 C Ii:2:005:3 0:1 3 = 100000
ffff8e67c4a97000 2928633559 S Ci:2:005:0 s c0 bc 0800 0016 0002 2 <
ffff8e67c4a97000 2928636296 C Ci:2:005:0 0 2 = 0900
ffff8e67c4a97000 2928636359 S Ci:2:005:0 s c0 bc 0900 001c 0002 2 <
ffff8e67c4a97000 2928639081 C Ci:2:005:0 0 2 = 2f6f
ffff8e67c4a97000 2928639138 S Ci:2:005:0 s c0 bc 0800 23be 0004 4 <
ffff8e67c4a97000 2928641819 C Ci:2:005:0 0 4 = 00003de0
ffff8e67c4a97000 2928641881 S Co:2:005:0 s 40 bc 0800 00c0 0004 4 = 9989ec00
ffff8e67c4a97000 2928644528 C Co:2:005:0 0 4 >
ffff8e67c4a97000 2928644588 S Co:2:005:0 s 40 b9 0000 0000 0004 4 = 09006603
ffff8e67c4a97000 2928647129 C Co:2:005:0 0 4 >
ffff8e67c4a97000 2928647189 S Ii:2:005:3 -115:1 3 <
ffff8e67c4a97000 2928648481 C Ii:2:005:3 0:1 3 = 100000
ffff8e67c4a97000 2928648542 S Ci:2:005:0 s c0 bc 0800 0016 0002 2 <
ffff8e67c4a97000 2928651285 C Ci:2:005:0 0 2 = 0900
ffff8e67c4a97000 2928651349 S Ci:2:005:0 s c0 bc 0900 001c 0002 2 <
ffff8e67c4a97000 2928654055 C Ci:2:005:0 0 2 = 2f6f
ffff8e67c4a97000 2928654108 S Ci:2:005:0 s c0 bc 0800 23be 0002 2 <
ffff8e67c4a97000 2928656689 C Ci:2:005:0 0 2 = 0000
ffff8e67c4a97000 2928656747 S Co:2:005:0 s 40 bc 0900 0014 0002 2 = d39e
ffff8e67c4a97000 2928659275 C Co:2:005:0 0 2 >
ffff8e67c4a97000 2928659337 S Ci:2:005:0 s c0 bc 0900 001c 0002 2 <
ffff8e67c4a97000 2928661913 C Ci:2:005:0 0 2 = 2f6f
ffff8e67c4a97000 2928661999 S Co:2:005:0 s 40 b9 0000 0000 0004 4 = 09016601
ffff8e67c4a97000 2928664704 C Co:2:005:0 0 4 >
ffff8e67c4a97000 2928664763 S Ii:2:005:3 -115:1 3 <
ffff8e67c4a97000 2928665912 C Ii:2:005:3 0:1 3 = 100000
ffff8e67c4a97000 2928665990 S Ci:2:005:0 s c0 bc 0800 0016 0002 2 <
ffff8e67c4a97000 2928668654 C Ci:2:005:0 0 2 = 0900
ffff8e67c4a97000 2928668716 S Ci:2:005:0 s c0 bc 0900 001c 0002 2 <
ffff8e67c4a97000 2928671247 C Ci:2:005:0 0 2 = 2f6f
ffff8e67c4a97000 2928671302 S Ci:2:005:0 s c0 bc 0800 23be 0004 4 <
ffff8e67c4a97000 2928673874 C Ci:2:005:0 0 4 = 0000d9e0
ffff8e67c4a97000 2928674013 S Co:2:005:0 s 40 bc 0800 00c0 0004 4 = 9989ec00
ffff8e67c4a97000 2928676510 C Co:2:005:0 0 4 >
ffff8e67c4a97000 2928676573 S Co:2:005:0 s 40 b9 0000 0000 0004 4 = 09006603
ffff8e67c4a97000 2928679074 C Co:2:005:0 0 4 >
ffff8e67c4a97000 2928679124 S Ii:2:005:3 -115:1 3 <
ffff8e67c4a97000 2928680326 C Ii:2:005:3 0:1 3 = 100000
ffff8e67c4a97000 2928680386 S Ci:2:005:0 s c0 bc 0800 0016 0002 2 <
ffff8e67c4a97000 2928683002 C Ci:2:005:0 0 2 = 0900
ffff8e67c4a97000 2928683076 S Ci:2:005:0 s c0 bc 0900 001c 0002 2 <
ffff8e67c4a97000 2928685686 C Ci:2:005:0 0 2 = 2f6f
ffff8e67c4a97000 2928685749 S Ci:2:005:0 s c0 bc 0800 23be 0002 2 <
ffff8e67c4a97000 2928688183 C Ci:2:005:0 0 2 = 0000
ffff8e67c4a97000 2928688272 S Co:2:005:0 s 40 bc 0900 0014 0002 2 = d39e
ffff8e67c4a97000 2928690850 C Co:2:005:0 0 2 >
ffff8e67c4a97000 2928690910 S Ci:2:005:0 s c0 bc 0900 001c 0002 2 <
ffff8e67c4a97000 2928693523 C Ci:2:005:0 0 2 = 2f6f
ffff8e67c4a97000 2928693586 S Co:2:005:0 s 40 b9 0000 0000 0004 4 = 09016601
ffff8e67c4a97000 2928696107 C Co:2:005:0 0 4 >
ffff8e67c4a97000 2928696170 S Ii:2:005:3 -115:1 3 <
ffff8e67c4a97000 2928697447 C Ii:2:005:3 0:1 3 = 100000
ffff8e67c4a97000 2928697509 S Ci:2:005:0 s c0 bc 0800 0016 0002 2 <
ffff8e67c4a97000 2928700150 C Ci:2:005:0 0 2 = 0900
ffff8e67c4a97000 2928700213 S Ci:2:005:0 s c0 bc 0900 001c 0002 2 <
ffff8e67c4a97000 2928702760 C Ci:2:005:0 0 2 = 2f6f
ffff8e67c4a97000 2928702824 S Ci:2:005:0 s c0 bc 0800 23be 0004 4 <
ffff8e67c4a97000 2928705419 C Ci:2:005:0 0 4 = 0000c1e0
ffff8e67c4a97000 2928705484 S Co:2:005:0 s 40 bc 0800 00c0 0004 4 = 9989ec00
ffff8e67c4a97000 2928707940 C Co:2:005:0 0 4 >
ffff8e67c4a97000 2928708010 S Co:2:005:0 s 40 b9 0000 0000 0004 4 = 09006603
ffff8e67c4a97000 2928710622 C Co:2:005:0 0 4 >
ffff8e67c4a97000 2928710683 S Ii:2:005:3 -115:1 3 <
ffff8e67c4a97000 2928711908 C Ii:2:005:3 0:1 3 = 100000
ffff8e67c4a97000 2928711966 S Ci:2:005:0 s c0 bc 0800 0016 0002 2 <
ffff8e67c4a97000 2928714648 C Ci:2:005:0 0 2 = 0900
ffff8e67c4a97000 2928714710 S Ci:2:005:0 s c0 bc 0900 001c 0002 2 <
ffff8e67c4a97000 2928717173 C Ci:2:005:0 0 2 = 2f6f
ffff8e67c4a97000 2928717229 S Ci:2:005:0 s c0 bc 0800 23be 0002 2 <
ffff8e67c4a97000 2928719825 C Ci:2:005:0 0 2 = 0000
ffff8e67c4a97000 2928719889 S Co:2:005:0 s 40 bc 0900 0014 0002 2 = d39e
ffff8e67c4a97000 2928722505 C Co:2:005:0 0 2 >
ffff8e67c4a97000 2928722566 S Ci:2:005:0 s c0 bc 0900 001c 0002 2 <
ffff8e67c4a97000 2928725094 C Ci:2:005:0 0 2 = 2f6f
ffff8e67c4a97000 2928725158 S Co:2:005:0 s 40 b9 0000 0000 0004 4 = 09016601
ffff8e67c4a97000 2928727683 C Co:2:005:0 0 4 >
ffff8e67c4a97000 2928727743 S Ii:2:005:3 -115:1 3 <
ffff8e67c4a97000 2928728909 C Ii:2:005:3 0:1 3 = 100000
ffff8e67c4a97000 2928728958 S Ci:2:005:0 s c0 bc 0800 0016 0002 2 <
ffff8e67c4a97000 2928731624 C Ci:2:005:0 0 2 = 0900
ffff8e67c4a97000 2928731686 S Ci:2:005:0 s c0 bc 0900 001c 0002 2 <
ffff8e67c4a97000 2928734215 C Ci:2:005:0 0 2 = 2f6f
ffff8e67c4a97000 2928734271 S Ci:2:005:0 s c0 bc 0800 23be 0004 4 <
ffff8e67c4a97000 2928736819 C Ci:2:005:0 0 4 = 000011e0
ffff8e67c4a97000 2928736883 S Co:2:005:0 s 40 bc 0800 00c0 0004 4 = 9989ec00
ffff8e67c4a97000 2928739498 C Co:2:005:0 0 4 >
ffff8e67c4a97000 2928739559 S Co:2:005:0 s 40 b9 0000 0000 0004 4 = 09006603
ffff8e67c4a97000 2928742085 C Co:2:005:0 0 4 >
ffff8e67c4a97000 2928742145 S Ii:2:005:3 -115:1 3 <
ffff8e67c4a97000 2928743312 C Ii:2:005:3 0:1 3 = 100000
ffff8e67c4a97000 2928743373 S Ci:2:005:0 s c0 bc 0800 0016 0002 2 <
ffff8e67c4a97000 2928746103 C Ci:2:005:0 0 2 = 0900
ffff8e67c4a97000 2928746167 S Ci:2:005:0 s c0 bc 0900 001c 0002 2 <
ffff8e67c4a97000 2928748698 C Ci:2:005:0 0 2 = 2f6f
ffff8e67c4a97000 2928748762 S Ci:2:005:0 s c0 bc 0800 23be 0002 2 <
ffff8e67c4a97000 2928751380 C Ci:2:005:0 0 2 = 0000
ffff8e67c4a97000 2928751445 S Co:2:005:0 s 40 bc 0900 0014 0002 2 = d39e
ffff8e67c4a97000 2928753955 C Co:2:005:0 0 2 >
ffff8e67c4a97000 2928754047 S Ci:2:005:0 s c0 bc 0900 001c 0002 2 <
ffff8e67c4a97000 2928756629 C Ci:2:005:0 0 2 = 2f6f
ffff8e67c4a97000 2928756692 S Co:2:005:0 s 40 b9 0000 0000 0004 4 = 09016601
ffff8e67c4a97000 2928759213 C Co:2:005:0 0 4 >
ffff8e67c4a97000 2928759272 S Ii:2:005:3 -115:1 3 <
ffff8e67c4a97000 2928760445 C Ii:2:005:3 0:1 3 = 100000
ffff8e67c4a97000 2928760506 S Ci:2:005:0 s c0 bc 0800 0016 0002 2 <
ffff8e67c4a97000 2928763129 C Ci:2:005:0 0 2 = 0900
ffff8e67c4a97000 2928763192 S Ci:2:005:0 s c0 bc 0900 001c 0002 2 <
ffff8e67c4a97000 2928765738 C Ci:2:005:0 0 2 = 2f6f
ffff8e67c4a97000 2928765802 S Ci:2:005:0 s c0 bc 0800 23be 0004 4 <
ffff8e67c4a97000 2928768383 C Ci:2:005:0 0 4 = 00005de0
ffff8e67c4a97000 2928768446 S Co:2:005:0 s 40 bc 0800 00c0 0004 4 = 9989ec00
ffff8e67c4a97000 2928770960 C Co:2:005:0 0 4 >
ffff8e67c4a97000 2928771047 S Co:2:005:0 s 40 b9 0000 0000 0004 4 = 09006603
ffff8e67c4a97000 2928773621 C Co:2:005:0 0 4 >
ffff8e67c4a97000 2928773680 S Ii:2:005:3 -115:1 3 <
ffff8e67c4a97000 2928774774 C Ii:2:005:3 0:1 3 = 100000
ffff8e67c4a97000 2928774832 S Ci:2:005:0 s c0 bc 0800 0016 0002 2 <
ffff8e67c4a97000 2928777460 C Ci:2:005:0 0 2 = 0900
ffff8e67c4a97000 2928777523 S Ci:2:005:0 s c0 bc 0900 001c 0002 2 <
ffff8e67c4a97000 2928780085 C Ci:2:005:0 0 2 = 2f6f
ffff8e67c4a97000 2928780137 S Ci:2:005:0 s c0 bc 0800 23be 0002 2 <
ffff8e67c4a97000 2928782793 C Ci:2:005:0 0 2 = 0000
ffff8e67c4a97000 2928782857 S Co:2:005:0 s 40 bc 0900 0014 0002 2 = d39e
ffff8e67c4a97000 2928785493 C Co:2:005:0 0 2 >
ffff8e67c4a97000 2928785554 S Ci:2:005:0 s c0 bc 0900 001c 0002 2 <
ffff8e67c4a97000 2928788157 C Ci:2:005:0 0 2 = 2f6f
ffff8e67c4a97000 2928788219 S Co:2:005:0 s 40 b9 0000 0000 0004 4 = 09016601
ffff8e67c4a97000 2928790898 C Co:2:005:0 0 4 >
ffff8e67c4a97000 2928790958 S Ii:2:005:3 -115:1 3 <
ffff8e67c4a97000 2928792190 C Ii:2:005:3 0:1 3 = 100000
ffff8e67c4a97000 2928792249 S Ci:2:005:0 s c0 bc 0800 0016 0002 2 <
ffff8e67c4a97000 2928795042 C Ci:2:005:0 0 2 = 0900
ffff8e67c4a97000 2928795105 S Ci:2:005:0 s c0 bc 0900 001c 0002 2 <
ffff8e67c4a97000 2928797794 C Ci:2:005:0 0 2 = 2f6f
ffff8e67c4a97000 2928797856 S Ci:2:005:0 s c0 bc 0800 23be 0004 4 <
ffff8e67c4a97000 2928800530 C Ci:2:005:0 0 4 = 00008de0
ffff8e67c4a97000 2928800624 S Co:2:005:0 s 40 bc 0800 00c0 0004 4 = 9989ec00
ffff8e67c4a97000 2928803258 C Co:2:005:0 0 4 >
ffff8e67c4a97000 2928803319 S Co:2:005:0 s 40 b9 0000 0000 0004 4 = 09006603
ffff8e67c4a97000 2928805890 C Co:2:005:0 0 4 >
ffff8e67c4a97000 2928805951 S Ii:2:005:3 -115:1 3 <
ffff8e67c4a97000 2928807183 C Ii:2:005:3 0:1 3 = 100000
ffff8e67c4a97000 2928807235 S Ci:2:005:0 s c0 bc 0800 0016 0002 2 <
ffff8e67c4a97000 2928810021 C Ci:2:005:0 0 2 = 0900
ffff8e67c4a97000 2928810084 S Ci:2:005:0 s c0 bc 0900 001c 0002 2 <
ffff8e67c4a97000 2928812752 C Ci:2:005:0 0 2 = 2f6f
ffff8e67c4a97000 2928812816 S Ci:2:005:0 s c0 bc 0800 23be 0002 2 <
ffff8e67c4a97000 2928815453 C Ci:2:005:0 0 2 = 0000
ffff8e67c4a97000 2928815515 S Co:2:005:0 s 40 bc 0900 0014 0002 2 = d39e
ffff8e67c4a97000 2928818117 C Co:2:005:0 0 2 >
ffff8e67c4a97000 2928818179 S Ci:2:005:0 s c0 bc 0900 001c 0002 2 <
ffff8e67c4a97000 2928820779 C Ci:2:005:0 0 2 = 2f6f
ffff8e67c4a97000 2928820843 S Co:2:005:0 s 40 b9 0000 0000 0004 4 = 09016601
ffff8e67c4a97000 2928823533 C Co:2:005:0 0 4 >
ffff8e67c4a97000 2928823592 S Ii:2:005:3 -115:1 3 <
ffff8e67c4a97000 2928824861 C Ii:2:005:3 0:1 3 = 100000
ffff8e67c4a97000 2928824923 S Ci:2:005:0 s c0 bc 0800 0016 0002 2 <
ffff8e67c4a97000 2928827718 C Ci:2:005:0 0 2 = 0900
ffff8e67c4a97000 2928827782 S Ci:2:005:0 s c0 bc 0900 001c 0002 2 <
ffff8e67c4a97000 2928830385 C Ci:2:005:0 0 2 = 2f6f
ffff8e67c4a97000 2928830441 S Ci:2:005:0 s c0 bc 0800 23be 0004 4 <
ffff8e67c4a97000 2928833148 C Ci:2:005:0 0 4 = 000059e0
ffff8e67c4a97000 2928833204 S Co:2:005:0 s 40 bc 0800 00c0 0004 4 = 9989ec00
ffff8e67c4a97000 2928835883 C Co:2:005:0 0 4 >
ffff8e67c4a97000 2928835944 S Co:2:005:0 s 40 b9 0000 0000 0004 4 = 09006603
ffff8e67c4a97000 2928838581 C Co:2:005:0 0 4 >
ffff8e67c4a97000 2928838642 S Ii:2:005:3 -115:1 3 <
ffff8e67c4a97000 2928839867 C Ii:2:005:3 0:1 3 = 100000
ffff8e67c4a97000 2928839925 S Ci:2:005:0 s c0 bc 0800 0016 0002 2 <
ffff8e67c4a97000 2928842653 C Ci:2:005:0 0 2 = 0900
ffff8e67c4a97000 2928842718 S Ci:2:005:0 s c0 bc 0900 001c 0002 2 <
ffff8e67c4a97000 2928845377 C Ci:2:005:0 0 2 = 2f6f
ffff8e67c4a97000 2928845433 S Ci:2:005:0 s c0 bc 0800 23be 0002 2 <
ffff8e67c4a97000 2928848017 C Ci:2:005:0 0 2 = 0000
ffff8e67c4a97000 2928848074 S Co:2:005:0 s 40 bc 0900 0014 0002 2 = d39e
ffff8e67c4a97000 2928850767 C Co:2:005:0 0 2 >
ffff8e67c4a97000 2928850830 S Ci:2:005:0 s c0 bc 0900 001c 0002 2 <
ffff8e67c4a97000 2928853438 C Ci:2:005:0 0 2 = 2f6f
ffff8e67c4a97000 2928853502 S Co:2:005:0 s 40 b9 0000 0000 0004 4 = 09016601
ffff8e67c4a97000 2928856165 C Co:2:005:0 0 4 >
ffff8e67c4a97000 2928856207 S Ii:2:005:3 -115:1 3 <
ffff8e67c4a97000 2928857526 C Ii:2:005:3 0:1 3 = 100000
ffff8e67c4a97000 2928857589 S Ci:2:005:0 s c0 bc 0800 0016 0002 2 <
ffff8e67c4a97000 2928860299 C Ci:2:005:0 0 2 = 0900
ffff8e67c4a97000 2928860362 S Ci:2:005:0 s c0 bc 0900 001c 0002 2 <
ffff8e67c4a97000 2928863039 C Ci:2:005:0 0 2 = 2f6f
ffff8e67c4a97000 2928863095 S Ci:2:005:0 s c0 bc 0800 23be 0004 4 <
ffff8e67c4a97000 2928865884 C Ci:2:005:0 0 4 = 000080e0
ffff8e67c4a97000 2928865946 S Co:2:005:0 s 40 bc 0800 00c0 0004 4 = 9989ec00
ffff8e67c4a97000 2928868674 C Co:2:005:0 0 4 >
ffff8e67c4a97000 2928868735 S Co:2:005:0 s 40 b9 0000 0000 0004 4 = 09006603
ffff8e67c4a97000 2928871387 C Co:2:005:0 0 4 >
ffff8e67c4a97000 2928871447 S Ii:2:005:3 -115:1 3 <
ffff8e67c4a97000 2928872780 C Ii:2:005:3 0:1 3 = 100000
ffff8e67c4a97000 2928872842 S Ci:2:005:0 s c0 bc 0800 0016 0002 2 <
ffff8e67c4a97000 2928875555 C Ci:2:005:0 0 2 = 0900
ffff8e67c4a97000 2928875619 S Ci:2:005:0 s c0 bc 0900 001c 0002 2 <
ffff8e67c4a97000 2928878278 C Ci:2:005:0 0 2 = 2f6f
ffff8e67c4a97000 2928878334 S Ci:2:005:0 s c0 bc 0800 23be 0002 2 <
ffff8e67c4a97000 2928881020 C Ci:2:005:0 0 2 = 0000
ffff8e67c4a97000 2928881072 S Co:2:005:0 s 40 bc 0900 0014 0002 2 = d39e
ffff8e67c4a97000 2928883664 C Co:2:005:0 0 2 >
ffff8e67c4a97000 2928883723 S Ci:2:005:0 s c0 bc 0900 001c 0002 2 <
ffff8e67c4a97000 2928886428 C Ci:2:005:0 0 2 = 2f6f
ffff8e67c4a97000 2928886490 S Co:2:005:0 s 40 b9 0000 0000 0004 4 = 09016601
ffff8e67c4a97000 2928889122 C Co:2:005:0 0 4 >
ffff8e67c4a97000 2928889181 S Ii:2:005:3 -115:1 3 <
ffff8e67c4a97000 2928890506 C Ii:2:005:3 0:1 3 = 100000
ffff8e67c4a97000 2928890567 S Ci:2:005:0 s c0 bc 0800 0016 0002 2 <
ffff8e67c4a97000 2928893319 C Ci:2:005:0 0 2 = 0900
ffff8e67c4a97000 2928893383 S Ci:2:005:0 s c0 bc 0900 001c 0002 2 <
ffff8e67c4a97000 2928896000 C Ci:2:005:0 0 2 = 2f6f
ffff8e67c4a97000 2928896056 S Ci:2:005:0 s c0 bc 0800 23be 0004 4 <
ffff8e67c4a97000 2928898672 C Ci:2:005:0 0 4 = 000021e0
ffff8e67c4a97000 2928898729 S Co:2:005:0 s 40 bc 0800 00c0 0004 4 = 9989ec00
ffff8e67c4a97000 2928901391 C Co:2:005:0 0 4 >
ffff8e67c4a97000 2928901452 S Co:2:005:0 s 40 b9 0000 0000 0004 4 = 09006603
ffff8e67c4a97000 2928904015 C Co:2:005:0 0 4 >
ffff8e67c4a97000 2928904076 S Ii:2:005:3 -115:1 3 <
ffff8e67c4a97000 2928905419 C Ii:2:005:3 0:1 3 = 100000
ffff8e67c4a97000 2928905481 S Ci:2:005:0 s c0 bc 0800 0016 0002 2 <
ffff8e67c4a97000 2928908115 C Ci:2:005:0 0 2 = 0900
ffff8e67c4a97000 2928908167 S Ci:2:005:0 s c0 bc 0900 001c 0002 2 <
ffff8e67c4a97000 2928910913 C Ci:2:005:0 0 2 = 2f6f
ffff8e67c4a97000 2928910994 S Ci:2:005:0 s c0 bc 0800 23be 0002 2 <
ffff8e67c4a97000 2928913685 C Ci:2:005:0 0 2 = 0000
ffff8e67c4a97000 2928913752 S Co:2:005:0 s 40 bc 0900 0014 0002 2 = d39e
ffff8e67c4a97000 2928916385 C Co:2:005:0 0 2 >
ffff8e67c4a97000 2928916451 S Ci:2:005:0 s c0 bc 0900 001c 0002 2 <
ffff8e67c4a97000 2928919025 C Ci:2:005:0 0 2 = 2f6f
ffff8e67c4a97000 2928919093 S Co:2:005:0 s 40 b9 0000 0000 0004 4 = 09016601
ffff8e67c4a97000 2928921795 C Co:2:005:0 0 4 >
ffff8e67c4a97000 2928921853 S Ii:2:005:3 -115:1 3 <
ffff8e67c4a97000 2928923149 C Ii:2:005:3 0:1 3 = 100000
ffff8e67c4a97000 2928923211 S Ci:2:005:0 s c0 bc 0800 0016 0002 2 <
ffff8e67c4a97000 2928925902 C Ci:2:005:0 0 2 = 0900
ffff8e67c4a97000 2928925982 S Ci:2:005:0 s c0 bc 0900 001c 0002 2 <
ffff8e67c4a97000 2928928650 C Ci:2:005:0 0 2 = 2f6f
ffff8e67c4a97000 2928928708 S Ci:2:005:0 s c0 bc 0800 23be 0004 4 <
ffff8e67c4a97000 2928931386 C Ci:2:005:0 0 4 = 00007ee0
ffff8e67c4a97000 2928931450 S Co:2:005:0 s 40 bc 0800 00c0 0004 4 = 9989ec00
ffff8e67c4a97000 2928934102 C Co:2:005:0 0 4 >
ffff8e67c4a97000 2928934163 S Co:2:005:0 s 40 b9 0000 0000 0004 4 = 09006603
ffff8e67c4a97000 2928936767 C Co:2:005:0 0 4 >
ffff8e67c4a97000 2928936827 S Ii:2:005:3 -115:1 3 <
ffff8e67c4a97000 2928938090 C Ii:2:005:3 0:1 3 = 100000
ffff8e67c4a97000 2928938149 S Ci:2:005:0 s c0 bc 0800 0016 0002 2 <
ffff8e67c4a97000 2928940889 C Ci:2:005:0 0 2 = 0900
ffff8e67c4a97000 2928940952 S Ci:2:005:0 s c0 bc 0900 001c 0002 2 <
ffff8e67c4a97000 2928943693 C Ci:2:005:0 0 2 = 2f6f
ffff8e67c4a97000 2928943757 S Ci:2:005:0 s c0 bc 0800 23be 0002 2 <
ffff8e67c4a97000 2928946405 C Ci:2:005:0 0 2 = 0000
ffff8e67c4a97000 2928946438 S Co:2:005:0 s 40 bc 0900 0014 0002 2 = d39e
ffff8e67c4a97000 2928949137 C Co:2:005:0 0 2 >
ffff8e67c4a97000 2928949199 S Ci:2:005:0 s c0 bc 0900 001c 0002 2 <
ffff8e67c4a97000 2928951764 C Ci:2:005:0 0 2 = 2f6f
ffff8e67c4a97000 2928951828 S Co:2:005:0 s 40 b9 0000 0000 0004 4 = 09016601
ffff8e67c4a97000 2928954517 C Co:2:005:0 0 4 >
ffff8e67c4a97000 2928954576 S Ii:2:005:3 -115:1 3 <
ffff8e67c4a97000 2928955844 C Ii:2:005:3 0:1 3 = 100000
ffff8e67c4a97000 2928955905 S Ci:2:005:0 s c0 bc 0800 0016 0002 2 <
ffff8e67c4a97000 2928958716 C Ci:2:005:0 0 2 = 0900
ffff8e67c4a97000 2928958779 S Ci:2:005:0 s c0 bc 0900 001c 0002 2 <
ffff8e67c4a97000 2928961372 C Ci:2:005:0 0 2 = 2f6f
ffff8e67c4a97000 2928961482 S Ci:2:005:0 s c0 bc 0800 23be 0004 4 <
ffff8e67c4a97000 2928964153 C Ci:2:005:0 0 4 = 00004ae0
ffff8e67c4a97000 2928964221 S Co:2:005:0 s 40 bc 0800 00c0 0004 4 = 9989ec00
ffff8e67c4a97000 2928966881 C Co:2:005:0 0 4 >
ffff8e67c4a97000 2928966942 S Co:2:005:0 s 40 b9 0000 0000 0004 4 = 09006603
ffff8e67c4a97000 2928969686 C Co:2:005:0 0 4 >
ffff8e67c4a97000 2928969745 S Ii:2:005:3 -115:1 3 <
ffff8e67c4a97000 2928970947 C Ii:2:005:3 0:1 3 = 100000
ffff8e67c4a97000 2928971021 S Ci:2:005:0 s c0 bc 0800 0016 0002 2 <
ffff8e67c4a97000 2928973811 C Ci:2:005:0 0 2 = 0900
ffff8e67c4a97000 2928973874 S Ci:2:005:0 s c0 bc 0900 001c 0002 2 <
ffff8e67c4a97000 2928976595 C Ci:2:005:0 0 2 = 2f6f
ffff8e67c4a97000 2928976650 S Ci:2:005:0 s c0 bc 0800 23be 0002 2 <
ffff8e67c4a97000 2928979331 C Ci:2:005:0 0 2 = 0000
ffff8e67c4a97000 2928979392 S Co:2:005:0 s 40 bc 0900 0014 0002 2 = d39e
ffff8e67c4a97000 2928981933 C Co:2:005:0 0 2 >
ffff8e67c4a97000 2928982008 S Ci:2:005:0 s c0 bc 0900 001c 0002 2 <
ffff8e67c4a97000 2928984675 C Ci:2:005:0 0 2 = 2f6f
ffff8e67c4a97000 2928984737 S Co:2:005:0 s 40 b9 0000 0000 0004 4 = 09016601
ffff8e67c4a97000 2928987357 C Co:2:005:0 0 4 >
ffff8e67c4a97000 2928987391 S Ii:2:005:3 -115:1 3 <
ffff8e67c4a97000 2928988710 C Ii:2:005:3 0:1 3 = 100000
ffff8e67c4a97000 2928988772 S Ci:2:005:0 s c0 bc 0800 0016 0002 2 <
ffff8e67c4a97000 2928991545 C Ci:2:005:0 0 2 = 0900
ffff8e67c4a97000 2928991610 S Ci:2:005:0 s c0 bc 0900 001c 0002 2 <
ffff8e67c4a97000 2928994261 C Ci:2:005:0 0 2 = 2f6f
ffff8e67c4a97000 2928994317 S Ci:2:005:0 s c0 bc 0800 23be 0004 4 <
ffff8e67c4a97000 2928997113 C Ci:2:005:0 0 4 = 000091e0
ffff8e67c4a97000 2928997177 S Co:2:005:0 s 40 bc 0800 00c0 0004 4 = 9989ec00
ffff8e67c4a97000 2928999897 C Co:2:005:0 0 4 >
ffff8e67c4a97000 2928999958 S Co:2:005:0 s 40 b9 0000 0000 0004 4 = 09006603
ffff8e67c4a97000 2929002689 C Co:2:005:0 0 4 >
ffff8e67c4a97000 2929002749 S Ii:2:005:3 -115:1 3 <
ffff8e67c4a97000 2929003987 C Ii:2:005:3 0:1 3 = 100000
ffff8e67c4a97000 2929004062 S Ci:2:005:0 s c0 bc 0800 0016 0002 2 <
ffff8e67c4a97000 2929006829 C Ci:2:005:0 0 2 = 0900
ffff8e67c4a97000 2929006892 S Ci:2:005:0 s c0 bc 0900 001c 0002 2 <
ffff8e67c4a97000 2929009538 C Ci:2:005:0 0 2 = 2f6f
ffff8e67c4a97000 2929009599 S Ci:2:005:0 s c0 bc 0800 23be 0002 2 <
ffff8e67c4a97000 2929012306 C Ci:2:005:0 0 2 = 0000
ffff8e67c4a97000 2929012370 S Co:2:005:0 s 40 bc 0900 0014 0002 2 = d39e
ffff8e67c4a97000 2929015057 C Co:2:005:0 0 2 >
ffff8e67c4a97000 2929015119 S Ci:2:005:0 s c0 bc 0900 001c 0002 2 <
ffff8e67c4a97000 2929017645 C Ci:2:005:0 0 2 = 2f6f
ffff8e67c4a97000 2929017708 S Co:2:005:0 s 40 b9 0000 0000 0004 4 = 09016601
ffff8e67c4a97000 2929020378 C Co:2:005:0 0 4 >
ffff8e67c4a97000 2929020439 S Ii:2:005:3 -115:1 3 <
ffff8e67c4a97000 2929021718 C Ii:2:005:3 0:1 3 = 100000
ffff8e67c4a97000 2929021777 S Ci:2:005:0 s c0 bc 0800 0016 0002 2 <
ffff8e67c4a97000 2929024538 C Ci:2:005:0 0 2 = 0900
ffff8e67c4a97000 2929024602 S Ci:2:005:0 s c0 bc 0900 001c 0002 2 <
ffff8e67c4a97000 2929027268 C Ci:2:005:0 0 2 = 2f6f
ffff8e67c4a97000 2929027320 S Ci:2:005:0 s c0 bc 0800 23be 0004 4 <
ffff8e67c4a97000 2929030073 C Ci:2:005:0 0 4 = 0000fde0
ffff8e67c4a97000 2929030137 S Co:2:005:0 s 40 bc 0800 00c0 0004 4 = 9989ec00
ffff8e67c4a97000 2929032779 C Co:2:005:0 0 4 >
ffff8e67c4a97000 2929032840 S Co:2:005:0 s 40 b9 0000 0000 0004 4 = 09006603
ffff8e67c4a97000 2929035485 C Co:2:005:0 0 4 >
ffff8e67c4a97000 2929035545 S Ii:2:005:3 -115:1 3 <
ffff8e67c4a97000 2929036833 C Ii:2:005:3 0:1 3 = 100000
ffff8e67c4a97000 2929036891 S Ci:2:005:0 s c0 bc 0800 0016 0002 2 <
ffff8e67c4a97000 2929039706 C Ci:2:005:0 0 2 = 0900
ffff8e67c4a97000 2929039769 S Ci:2:005:0 s c0 bc 0900 001c 0002 2 <
ffff8e67c4a97000 2929042376 C Ci:2:005:0 0 2 = 2f6f
ffff8e67c4a97000 2929042428 S Ci:2:005:0 s c0 bc 0800 23be 0002 2 <
ffff8e67c4a97000 2929045160 C Ci:2:005:0 0 2 = 0000
ffff8e67c4a97000 2929045221 S Co:2:005:0 s 40 bc 0900 0014 0002 2 = d39e
ffff8e67c4a97000 2929047862 C Co:2:005:0 0 2 >
ffff8e67c4a97000 2929047921 S Ci:2:005:0 s c0 bc 0900 001c 0002 2 <
ffff8e67c4a97000 2929050690 C Ci:2:005:0 0 2 = 2f6f
ffff8e67c4a97000 2929050754 S Co:2:005:0 s 40 b9 0000 0000 0004 4 = 09016601
ffff8e67c4a97000 2929053400 C Co:2:005:0 0 4 >
ffff8e67c4a97000 2929053458 S Ii:2:005:3 -115:1 3 <
ffff8e67c4a97000 2929054738 C Ii:2:005:3 0:1 3 = 100000
ffff8e67c4a97000 2929054800 S Ci:2:005:0 s c0 bc 0800 0016 0002 2 <
ffff8e67c4a97000 2929057541 C Ci:2:005:0 0 2 = 0900
ffff8e67c4a97000 2929057604 S Ci:2:005:0 s c0 bc 0900 001c 0002 2 <
ffff8e67c4a97000 2929060277 C Ci:2:005:0 0 2 = 2f6f
ffff8e67c4a97000 2929060331 S Ci:2:005:0 s c0 bc 0800 23be 0004 4 <
ffff8e67c4a97000 2929063099 C Ci:2:005:0 0 4 = 0000b1e0
ffff8e67c4a97000 2929063162 S Co:2:005:0 s 40 bc 0800 00c0 0004 4 = 9989ec00
ffff8e67c4a97000 2929065748 C Co:2:005:0 0 4 >
ffff8e67c4a97000 2929065828 S Co:2:005:0 s 40 b9 0000 0000 0004 4 = 09006603
ffff8e67c4a97000 2929068495 C Co:2:005:0 0 4 >
ffff8e67c4a97000 2929068556 S Ii:2:005:3 -115:1 3 <
ffff8e67c4a97000 2929069761 C Ii:2:005:3 0:1 3 = 100000
ffff8e67c4a97000 2929069819 S Ci:2:005:0 s c0 bc 0800 0016 0002 2 <
ffff8e67c4a97000 2929072486 C Ci:2:005:0 0 2 = 0900
ffff8e67c4a97000 2929072549 S Ci:2:005:0 s c0 bc 0900 001c 0002 2 <
ffff8e67c4a97000 2929075107 C Ci:2:005:0 0 2 = 2f6f
ffff8e67c4a97000 2929075163 S Ci:2:005:0 s c0 bc 0800 23be 0002 2 <
ffff8e67c4a97000 2929077715 C Ci:2:005:0 0 2 = 0000
ffff8e67c4a97000 2929077771 S Co:2:005:0 s 40 bc 0900 0014 0002 2 = d39e
ffff8e67c4a97000 2929080321 C Co:2:005:0 0 2 >
ffff8e67c4a97000 2929080376 S Ci:2:005:0 s c0 bc 0900 001c 0002 2 <
ffff8e67c4a97000 2929083004 C Ci:2:005:0 0 2 = 2f6f
ffff8e67c4a97000 2929083077 S Co:2:005:0 s 40 b9 0000 0000 0004 4 = 09016601
ffff8e67c4a97000 2929085614 C Co:2:005:0 0 4 >
ffff8e67c4a97000 2929085673 S Ii:2:005:3 -115:1 3 <
ffff8e67c4a97000 2929086914 C Ii:2:005:3 0:1 3 = 100000
ffff8e67c4a97000 2929086994 S Ci:2:005:0 s c0 bc 0800 0016 0002 2 <
ffff8e67c4a97000 2929089795 C Ci:2:005:0 0 2 = 0900
ffff8e67c4a97000 2929089857 S Ci:2:005:0 s c0 bc 0900 001c 0002 2 <
ffff8e67c4a97000 2929092463 C Ci:2:005:0 0 2 = 2f6f
ffff8e67c4a97000 2929092516 S Ci:2:005:0 s c0 bc 0800 23be 0004 4 <
ffff8e67c4a97000 2929095089 C Ci:2:005:0 0 4 = 000078e0
ffff8e67c4a97000 2929095148 S Co:2:005:0 s 40 bc 0800 00c0 0004 4 = 9989ec00
ffff8e67c4a97000 2929097756 C Co:2:005:0 0 4 >
ffff8e67c4a97000 2929097836 S Co:2:005:0 s 40 b9 0000 0000 0004 4 = 09006603
ffff8e67c4a97000 2929100438 C Co:2:005:0 0 4 >
ffff8e67c4a97000 2929100499 S Ii:2:005:3 -115:1 3 <
ffff8e67c4a97000 2929101610 C Ii:2:005:3 0:1 3 = 100000
ffff8e67c4a97000 2929101689 S Ci:2:005:0 s c0 bc 0800 0016 0002 2 <
ffff8e67c4a97000 2929104315 C Ci:2:005:0 0 2 = 0900
ffff8e67c4a97000 2929104392 S Ci:2:005:0 s c0 bc 0900 001c 0002 2 <
ffff8e67c4a97000 2929106920 C Ci:2:005:0 0 2 = 2f6f
ffff8e67c4a97000 2929106993 S Ci:2:005:0 s c0 bc 0800 23be 0002 2 <
ffff8e67c4a97000 2929109655 C Ci:2:005:0 0 2 = 0000
ffff8e67c4a97000 2929109718 S Co:2:005:0 s 40 bc 0900 0014 0002 2 = d39e
ffff8e67c4a97000 2929112317 C Co:2:005:0 0 2 >
ffff8e67c4a97000 2929112378 S Ci:2:005:0 s c0 bc 0900 001c 0002 2 <
ffff8e67c4a97000 2929115001 C Ci:2:005:0 0 2 = 2f6f
ffff8e67c4a97000 2929115088 S Co:2:005:0 s 40 b9 0000 0000 0004 4 = 09016601
ffff8e67c4a97000 2929117593 C Co:2:005:0 0 4 >
ffff8e67c4a97000 2929117652 S Ii:2:005:3 -115:1 3 <
ffff8e67c4a97000 2929118885 C Ii:2:005:3 0:1 3 = 100000
ffff8e67c4a97000 2929118946 S Ci:2:005:0 s c0 bc 0800 0016 0002 2 <
ffff8e67c4a97000 2929121589 C Ci:2:005:0 0 2 = 0900
ffff8e67c4a97000 2929121652 S Ci:2:005:0 s c0 bc 0900 001c 0002 2 <
ffff8e67c4a97000 2929124201 C Ci:2:005:0 0 2 = 2f6f
ffff8e67c4a97000 2929124254 S Ci:2:005:0 s c0 bc 0800 23be 0004 4 <
ffff8e67c4a97000 2929126807 C Ci:2:005:0 0 4 = 000003e0
ffff8e67c4a97000 2929126872 S Co:2:005:0 s 40 bc 0800 00c0 0004 4 = 9989ec00
ffff8e67c4a97000 2929129423 C Co:2:005:0 0 4 >
ffff8e67c4a97000 2929129481 S Co:2:005:0 s 40 b9 0000 0000 0004 4 = 09006603
ffff8e67c4a97000 2929132056 C Co:2:005:0 0 4 >
ffff8e67c4a97000 2929132114 S Ii:2:005:3 -115:1 3 <
ffff8e67c4a97000 2929133416 C Ii:2:005:3 0:1 3 = 100000
ffff8e67c4a97000 2929133475 S Ci:2:005:0 s c0 bc 0800 0016 0002 2 <
ffff8e67c4a97000 2929136182 C Ci:2:005:0 0 2 = 0900
ffff8e67c4a97000 2929136244 S Ci:2:005:0 s c0 bc 0900 001c 0002 2 <
ffff8e67c4a97000 2929138840 C Ci:2:005:0 0 2 = 2f6f
ffff8e67c4a97000 2929138901 S Ci:2:005:0 s c0 bc 0800 23be 0002 2 <
ffff8e67c4a97000 2929141629 C Ci:2:005:0 0 2 = 0000
ffff8e67c4a97000 2929141680 S Co:2:005:0 s 40 bc 0900 0014 0002 2 = d39e
ffff8e67c4a97000 2929144314 C Co:2:005:0 0 2 >
ffff8e67c4a97000 2929144377 S Ci:2:005:0 s c0 bc 0900 001c 0002 2 <
ffff8e67c4a97000 2929146939 C Ci:2:005:0 0 2 = 2f6f
ffff8e67c4a97000 2929147032 S Co:2:005:0 s 40 b9 0000 0000 0004 4 = 09016601
ffff8e67c4a97000 2929149546 C Co:2:005:0 0 4 >
ffff8e67c4a97000 2929149604 S Ii:2:005:3 -115:1 3 <
ffff8e67c4a97000 2929150765 C Ii:2:005:3 0:1 3 = 100000
ffff8e67c4a97000 2929150833 S Ci:2:005:0 s c0 bc 0800 0016 0002 2 <
ffff8e67c4a97000 2929153439 C Ci:2:005:0 0 2 = 0900
ffff8e67c4a97000 2929153502 S Ci:2:005:0 s c0 bc 0900 001c 0002 2 <
ffff8e67c4a97000 2929156053 C Ci:2:005:0 0 2 = 2f6f
ffff8e67c4a97000 2929156107 S Ci:2:005:0 s c0 bc 0800 23be 0004 4 <
ffff8e67c4a97000 2929158680 C Ci:2:005:0 0 4 = 000091e0
ffff8e67c4a97000 2929158735 S Co:2:005:0 s 40 bc 0800 00c0 0004 4 = 9989ec00
ffff8e67c4a97000 2929161308 C Co:2:005:0 0 4 >
ffff8e67c4a97000 2929161368 S Co:2:005:0 s 40 b9 0000 0000 0004 4 = 09006603
ffff8e67c4a97000 2929163928 C Co:2:005:0 0 4 >
ffff8e67c4a97000 2929164008 S Ii:2:005:3 -115:1 3 <
ffff8e67c4a97000 2929165129 C Ii:2:005:3 0:1 3 = 100000
ffff8e67c4a97000 2929165177 S Ci:2:005:0 s c0 bc 0800 0016 0002 2 <
ffff8e67c4a97000 2929167813 C Ci:2:005:0 0 2 = 0900
ffff8e67c4a97000 2929167877 S Ci:2:005:0 s c0 bc 0900 001c 0002 2 <
ffff8e67c4a97000 2929170436 C Ci:2:005:0 0 2 = 2f6f
ffff8e67c4a97000 2929170500 S Ci:2:005:0 s c0 bc 0800 23be 0002 2 <
ffff8e67c4a97000 2929173056 C Ci:2:005:0 0 2 = 0000
ffff8e67c4a97000 2929173110 S Co:2:005:0 s 40 bc 0900 0014 0002 2 = d39e
ffff8e67c4a97000 2929175666 C Co:2:005:0 0 2 >
ffff8e67c4a97000 2929175733 S Ci:2:005:0 s c0 bc 0900 001c 0002 2 <
ffff8e67c4a97000 2929178315 C Ci:2:005:0 0 2 = 2f6f
ffff8e67c4a97000 2929178379 S Co:2:005:0 s 40 b9 0000 0000 0004 4 = 09016601
ffff8e67c4a97000 2929180851 C Co:2:005:0 0 4 >
ffff8e67f59f0c00 2929181346 S Ii:2:005:3 -115:1 3 <
ffff8e67f59f0c00 2929182067 C Ii:2:005:3 0:1 3 = 100000
ffff8e67f59f0c00 2929182254 S Ci:2:005:0 s c0 bc 0800 0016 0002 2 <
ffff8e67f59f0c00 2929184860 C Ci:2:005:0 0 2 = 0900
ffff8e67f59f0c00 2929185097 S Ci:2:005:0 s c0 bc 0900 001c 0002 2 <
ffff8e67f59f0c00 2929187565 C Ci:2:005:0 0 2 = 2f6f
ffff8e67f59f0c00 2929187727 S Ci:2:005:0 s c0 bc 0800 23be 0004 4 <
ffff8e67f59f0c00 2929190214 C Ci:2:005:0 0 4 = 0000f4e0
ffff8e67f59f0c00 2929190382 S Co:2:005:0 s 40 bc 0800 00c0 0004 4 = 9989ec00
ffff8e67f59f0c00 2929193014 C Co:2:005:0 0 4 >
ffff8e67f59f0c00 2929193109 S Co:2:005:0 s 40 b9 0000 0000 0004 4 = 09006603
ffff8e67f59f0c00 2929195667 C Co:2:005:0 0 4 >
ffff8e67f59f0c00 2929195718 S Ii:2:005:3 -115:1 3 <
ffff8e67f59f0c00 2929196934 C Ii:2:005:3 0:1 3 = 100000
ffff8e67f59f0c00 2929197180 S Ci:2:005:0 s c0 bc 0800 0016 0002 2 <
ffff8e67f59f0c00 2929199768 C Ci:2:005:0 0 2 = 0900
ffff8e67f59f0c00 2929199872 S Ci:2:005:0 s c0 bc 0900 001c 0002 2 <
ffff8e67f59f0c00 2929202493 C Ci:2:005:0 0 2 = 2f6f
ffff8e67f59f0c00 2929202564 S Ci:2:005:0 s c0 bc 0800 23be 0002 2 <
ffff8e67f59f0c00 2929205085 C Ci:2:005:0 0 2 = 0000
ffff8e67f59f0c00 2929205251 S Co:2:005:0 s 40 bc 0900 0014 0002 2 = d39e
ffff8e67f59f0c00 2929207937 C Co:2:005:0 0 2 >
ffff8e67f59f0c00 2929208083 S Ci:2:005:0 s c0 bc 0900 001c 0002 2 <
ffff8e67f59f0c00 2929210683 C Ci:2:005:0 0 2 = 2f6f
ffff8e67f59f0c00 2929210906 S Co:2:005:0 s 40 b9 0000 0000 0004 4 = 09016601
ffff8e67f59f0c00 2929213415 C Co:2:005:0 0 4 >
ffff8e67f59f0c00 2929213602 S Ii:2:005:3 -115:1 3 <
ffff8e67f59f0c00 2929214782 C Ii:2:005:3 0:1 3 = 100000
ffff8e67f59f0c00 2929214882 S Ci:2:005:0 s c0 bc 0800 0016 0002 2 <
ffff8e67f59f0c00 2929217551 C Ci:2:005:0 0 2 = 0900
ffff8e67f59f0c00 2929217714 S Ci:2:005:0 s c0 bc 0900 001c 0002 2 <
ffff8e67f59f0c00 2929220299 C Ci:2:005:0 0 2 = 2f6f
ffff8e67f59f0c00 2929220451 S Ci:2:005:0 s c0 bc 0800 23be 0004 4 <
ffff8e67f59f0c00 2929223007 C Ci:2:005:0 0 4 = 0000b8e0
ffff8e67f59f0c00 2929223190 S Co:2:005:0 s 40 bc 0800 00c0 0004 4 = 9989ec00
ffff8e67f59f0c00 2929225737 C Co:2:005:0 0 4 >
ffff8e67f59f0c00 2929225852 S Co:2:005:0 s 40 b9 0000 0000 0004 4 = 09006603
ffff8e67f59f0c00 2929228555 C Co:2:005:0 0 4 >
ffff8e67f59f0c00 2929228626 S Ii:2:005:3 -115:1 3 <
ffff8e67f59f0c00 2929229854 C Ii:2:005:3 0:1 3 = 100000
ffff8e67f59f0c00 2929229995 S Ci:2:005:0 s c0 bc 0800 0016 0002 2 <
ffff8e67f59f0c00 2929232709 C Ci:2:005:0 0 2 = 0900
ffff8e67f59f0c00 2929232792 S Ci:2:005:0 s c0 bc 0900 001c 0002 2 <
ffff8e67f59f0c00 2929235345 C Ci:2:005:0 0 2 = 2f6f
ffff8e67f59f0c00 2929235591 S Ci:2:005:0 s c0 bc 0800 23be 0002 2 <
ffff8e67f59f0c00 2929237973 C Ci:2:005:0 0 2 = 0000
ffff8e67f59f0c00 2929238182 S Co:2:005:0 s 40 bc 0900 0014 0002 2 = d39e
ffff8e67f59f0c00 2929240794 C Co:2:005:0 0 2 >
ffff8e67f59f0c00 2929240981 S Ci:2:005:0 s c0 bc 0900 001c 0002 2 <
ffff8e67f59f0c00 2929243527 C Ci:2:005:0 0 2 = 2f6f
ffff8e67f59f0c00 2929243725 S Co:2:005:0 s 40 b9 0000 0000 0004 4 = 09016601
ffff8e67f59f0c00 2929246390 C Co:2:005:0 0 4 >
ffff8e67f59f0c00 2929246541 S Ii:2:005:3 -115:1 3 <
ffff8e67f59f0c00 2929247708 C Ii:2:005:3 0:1 3 = 100000
ffff8e67f59f0c00 2929247927 S Ci:2:005:0 s c0 bc 0800 0016 0002 2 <
ffff8e67f59f0c00 2929250505 C Ci:2:005:0 0 2 = 0900
ffff8e67f59f0c00 2929250622 S Ci:2:005:0 s c0 bc 0900 001c 0002 2 <
ffff8e67f59f0c00 2929253082 C Ci:2:005:0 0 2 = 2f6f
ffff8e67f59f0c00 2929253248 S Ci:2:005:0 s c0 bc 0800 23be 0004 4 <
ffff8e67f59f0c00 2929255727 C Ci:2:005:0 0 4 = 000051e0
ffff8e67f59f0c00 2929255930 S Co:2:005:0 s 40 bc 0800 00c0 0004 4 = 9989ec00
ffff8e67f59f0c00 2929258513 C Co:2:005:0 0 4 >
ffff8e67f59f0c00 2929258710 S Co:2:005:0 s 40 b9 0000 0000 0004 4 = 09006603
ffff8e67f59f0c00 2929261275 C Co:2:005:0 0 4 >
ffff8e67f59f0c00 2929261368 S Ii:2:005:3 -115:1 3 <
ffff8e67f59f0c00 2929262578 C Ii:2:005:3 0:1 3 = 100000
ffff8e67f59f0c00 2929262663 S Ci:2:005:0 s c0 bc 0800 0016 0002 2 <
ffff8e67f59f0c00 2929265278 C Ci:2:005:0 0 2 = 0900
ffff8e67f59f0c00 2929265348 S Ci:2:005:0 s c0 bc 0900 001c 0002 2 <
ffff8e67f59f0c00 2929268060 C Ci:2:005:0 0 2 = 2f6f
ffff8e67f59f0c00 2929268229 S Ci:2:005:0 s c0 bc 0800 23be 0002 2 <
ffff8e67f59f0c00 2929270674 C Ci:2:005:0 0 2 = 0000
ffff8e67f59f0c00 2929270842 S Co:2:005:0 s 40 bc 0900 0014 0002 2 = d39e
ffff8e67f59f0c00 2929273444 C Co:2:005:0 0 2 >
ffff8e67f59f0c00 2929273555 S Ci:2:005:0 s c0 bc 0900 001c 0002 2 <
ffff8e67f59f0c00 2929276179 C Ci:2:005:0 0 2 = 2f6f
ffff8e67f59f0c00 2929276389 S Co:2:005:0 s 40 b9 0000 0000 0004 4 = 09016601
ffff8e67f59f0c00 2929278908 C Co:2:005:0 0 4 >
ffff8e67f59f0c00 2929279043 S Ii:2:005:3 -115:1 3 <
ffff8e67f59f0c00 2929280197 C Ii:2:005:3 0:1 3 = 100000
ffff8e67f59f0c00 2929280288 S Ci:2:005:0 s c0 bc 0800 0016 0002 2 <
ffff8e67f59f0c00 2929282927 C Ci:2:005:0 0 2 = 0900
ffff8e67f59f0c00 2929283111 S Ci:2:005:0 s c0 bc 0900 001c 0002 2 <
ffff8e67f59f0c00 2929285477 C Ci:2:005:0 0 2 = 2f6f
ffff8e67f59f0c00 2929285582 S Ci:2:005:0 s c0 bc 0800 23be 0004 4 <
ffff8e67f59f0c00 2929288177 C Ci:2:005:0 0 4 = 0000d2e0
ffff8e67f59f0c00 2929288369 S Co:2:005:0 s 40 bc 0800 00c0 0004 4 = 9989ec00
ffff8e67f59f0c00 2929290824 C Co:2:005:0 0 4 >
ffff8e67f59f0c00 2929291072 S Co:2:005:0 s 40 b9 0000 0000 0004 4 = 09006603
ffff8e67f59f0c00 2929293499 C Co:2:005:0 0 4 >
ffff8e67f59f0c00 2929293718 S Ii:2:005:3 -115:1 3 <
ffff8e67f59f0c00 2929294800 C Ii:2:005:3 0:1 3 = 100000
ffff8e67f59f0c00 2929295000 S Ci:2:005:0 s c0 bc 0800 0016 0002 2 <
ffff8e67f59f0c00 2929297494 C Ci:2:005:0 0 2 = 0900
ffff8e67f59f0c00 2929297598 S Ci:2:005:0 s c0 bc 0900 001c 0002 2 <
ffff8e67f59f0c00 2929300252 C Ci:2:005:0 0 2 = 2f6f
ffff8e67f59f0c00 2929300488 S Ci:2:005:0 s c0 bc 0800 23be 0002 2 <
ffff8e67f59f0c00 2929302922 C Ci:2:005:0 0 2 = 0000
ffff8e67f59f0c00 2929303108 S Co:2:005:0 s 40 bc 0900 0014 0002 2 = d39e
ffff8e67f59f0c00 2929305684 C Co:2:005:0 0 2 >
ffff8e67f59f0c00 2929305801 S Ci:2:005:0 s c0 bc 0900 001c 0002 2 <
ffff8e67f59f0c00 2929308373 C Ci:2:005:0 0 2 = 2f6f
ffff8e67f59f0c00 2929308548 S Co:2:005:0 s 40 b9 0000 0000 0004 4 = 09016601
ffff8e67f59f0c00 2929311104 C Co:2:005:0 0 4 >
ffff8e67f59f0c00 2929311273 S Ii:2:005:3 -115:1 3 <
ffff8e67f59f0c00 2929312517 C Ii:2:005:3 0:1 3 = 100000
ffff8e67f59f0c00 2929312693 S Ci:2:005:0 s c0 bc 0800 0016 0002 2 <
ffff8e67f59f0c00 2929315296 C Ci:2:005:0 0 2 = 0900
ffff8e67f59f0c00 2929315443 S Ci:2:005:0 s c0 bc 0900 001c 0002 2 <
ffff8e67f59f0c00 2929317976 C Ci:2:005:0 0 2 = 2f6f
ffff8e67f59f0c00 2929318122 S Ci:2:005:0 s c0 bc 0800 23be 0004 4 <
ffff8e67f59f0c00 2929320875 C Ci:2:005:0 0 4 = 000083e0
ffff8e67f59f0c00 2929321137 S Co:2:005:0 s 40 bc 0800 00c0 0004 4 = 9989ec00
ffff8e67f59f0c00 2929323477 C Co:2:005:0 0 4 >
ffff8e67f59f0c00 2929323666 S Co:2:005:0 s 40 b9 0000 0000 0004 4 = 09006603
ffff8e67f59f0c00 2929326250 C Co:2:005:0 0 4 >
ffff8e67f59f0c00 2929326353 S Ii:2:005:3 -115:1 3 <
ffff8e67f59f0c00 2929327611 C Ii:2:005:3 0:1 3 = 100000
ffff8e67f59f0c00 2929327703 S Ci:2:005:0 s c0 bc 0800 0016 0002 2 <
ffff8e67f59f0c00 2929330350 C Ci:2:005:0 0 2 = 0900
ffff8e67f59f0c00 2929330524 S Ci:2:005:0 s c0 bc 0900 001c 0002 2 <
ffff8e67f59f0c00 2929333075 C Ci:2:005:0 0 2 = 2f6f
ffff8e67f59f0c00 2929333249 S Ci:2:005:0 s c0 bc 0800 23be 0002 2 <
ffff8e67f59f0c00 2929335770 C Ci:2:005:0 0 2 = 0000
ffff8e67f59f0c00 2929335968 S Co:2:005:0 s 40 bc 0900 0014 0002 2 = d39e
ffff8e67f59f0c00 2929338487 C Co:2:005:0 0 2 >
ffff8e67f59f0c00 2929338552 S Ci:2:005:0 s c0 bc 0900 001c 0002 2 <
ffff8e67f59f0c00 2929341105 C Ci:2:005:0 0 2 = 2f6f
ffff8e67f59f0c00 2929341299 S Co:2:005:0 s 40 b9 0000 0000 0004 4 = 09016601
ffff8e67f59f0c00 2929343759 C Co:2:005:0 0 4 >
ffff8e67f59f0c00 2929344046 S Ii:2:005:3 -115:1 3 <
ffff8e67f59f0c00 2929345087 C Ii:2:005:3 0:1 3 = 100000
ffff8e67f59f0c00 2929345182 S Ci:2:005:0 s c0 bc 0800 0016 0002 2 <
ffff8e67f59f0c00 2929347757 C Ci:2:005:0 0 2 = 0900
ffff8e67f59f0c00 2929347904 S Ci:2:005:0 s c0 bc 0900 001c 0002 2 <
ffff8e67f59f0c00 2929350475 C Ci:2:005:0 0 2 = 2f6f
ffff8e67f59f0c00 2929350576 S Ci:2:005:0 s c0 bc 0800 23be 0004 4 <
ffff8e67f59f0c00 2929353281 C Ci:2:005:0 0 4 = 000091e0
ffff8e67f59f0c00 2929353450 S Co:2:005:0 s 40 bc 0800 00c0 0004 4 = 9989ec00
ffff8e67f59f0c00 2929355976 C Co:2:005:0 0 4 >
ffff8e67f59f0c00 2929356106 S Co:2:005:0 s 40 b9 0000 0000 0004 4 = 09006603
ffff8e67f59f0c00 2929358831 C Co:2:005:0 0 4 >
ffff8e67f59f0c00 2929358921 S Ii:2:005:3 -115:1 3 <
ffff8e67f59f0c00 2929360077 C Ii:2:005:3 0:1 3 = 100000
ffff8e67f59f0c00 2929360162 S Ci:2:005:0 s c0 bc 0800 0016 0002 2 <
ffff8e67f59f0c00 2929362869 C Ci:2:005:0 0 2 = 0900
ffff8e67f59f0c00 2929363093 S Ci:2:005:0 s c0 bc 0900 001c 0002 2 <
ffff8e67f59f0c00 2929365720 C Ci:2:005:0 0 2 = 2f6f
ffff8e67f59f0c00 2929365810 S Ci:2:005:0 s c0 bc 0800 23be 0002 2 <
ffff8e67f59f0c00 2929368411 C Ci:2:005:0 0 2 = 0000
ffff8e67f59f0c00 2929368581 S Co:2:005:0 s 40 bc 0900 0014 0002 2 = d39e
ffff8e67f59f0c00 2929371206 C Co:2:005:0 0 2 >
ffff8e67f59f0c00 2929371261 S Ci:2:005:0 s c0 bc 0900 001c 0002 2 <
ffff8e67f59f0c00 2929373778 C Ci:2:005:0 0 2 = 2f6f
ffff8e67f59f0c00 2929374012 S Co:2:005:0 s 40 b9 0000 0000 0004 4 = 09016601
ffff8e67f59f0c00 2929376473 C Co:2:005:0 0 4 >
ffff8e67f59f0c00 2929376631 S Ii:2:005:3 -115:1 3 <
ffff8e67f59f0c00 2929377899 C Ii:2:005:3 0:1 3 = 100000
ffff8e67f59f0c00 2929378060 S Ci:2:005:0 s c0 bc 0800 0016 0002 2 <
ffff8e67f59f0c00 2929380698 C Ci:2:005:0 0 2 = 0900
ffff8e67f59f0c00 2929380800 S Ci:2:005:0 s c0 bc 0900 001c 0002 2 <
ffff8e67f59f0c00 2929383278 C Ci:2:005:0 0 2 = 2f6f
ffff8e67f59f0c00 2929383435 S Ci:2:005:0 s c0 bc 0800 23be 0004 4 <
ffff8e67f59f0c00 2929386173 C Ci:2:005:0 0 4 = 000089e0
ffff8e67f59f0c00 2929386351 S Co:2:005:0 s 40 bc 0800 00c0 0004 4 = 9989ec00
ffff8e67f59f0c00 2929388861 C Co:2:005:0 0 4 >
ffff8e67f59f0c00 2929389046 S Co:2:005:0 s 40 b9 0000 0000 0004 4 = 09006603
ffff8e67f59f0c00 2929391489 C Co:2:005:0 0 4 >
ffff8e67f59f0c00 2929391656 S Ii:2:005:3 -115:1 3 <
ffff8e67f59f0c00 2929392850 C Ii:2:005:3 0:1 3 = 100000
ffff8e67f59f0c00 2929392921 S Ci:2:005:0 s c0 bc 0800 0016 0002 2 <
ffff8e67f59f0c00 2929395616 C Ci:2:005:0 0 2 = 0900
ffff8e67f59f0c00 2929395684 S Ci:2:005:0 s c0 bc 0900 001c 0002 2 <
ffff8e67f59f0c00 2929398348 C Ci:2:005:0 0 2 = 2f6f
ffff8e67f59f0c00 2929398544 S Ci:2:005:0 s c0 bc 0800 23be 0002 2 <
ffff8e67f59f0c00 2929401153 C Ci:2:005:0 0 2 = 0000
ffff8e67f59f0c00 2929401315 S Co:2:005:0 s 40 bc 0900 0014 0002 2 = d39e
ffff8e67f59f0c00 2929403888 C Co:2:005:0 0 2 >
ffff8e67f59f0c00 2929404059 S Ci:2:005:0 s c0 bc 0900 001c 0002 2 <
ffff8e67f59f0c00 2929406597 C Ci:2:005:0 0 2 = 2f6f
ffff8e67f59f0c00 2929406772 S Co:2:005:0 s 40 b9 0000 0000 0004 4 = 09016601
ffff8e67f59f0c00 2929409354 C Co:2:005:0 0 4 >
ffff8e67f59f0c00 2929409471 S Ii:2:005:3 -115:1 3 <
ffff8e67f59f0c00 2929410723 C Ii:2:005:3 0:1 3 = 100000
ffff8e67f59f0c00 2929410856 S Ci:2:005:0 s c0 bc 0800 0016 0002 2 <
ffff8e67f59f0c00 2929413498 C Ci:2:005:0 0 2 = 0900
ffff8e67f59f0c00 2929413666 S Ci:2:005:0 s c0 bc 0900 001c 0002 2 <
ffff8e67f59f0c00 2929416333 C Ci:2:005:0 0 2 = 2f6f
ffff8e67f59f0c00 2929416379 S Ci:2:005:0 s c0 bc 0800 23be 0004 4 <
ffff8e67f59f0c00 2929418970 C Ci:2:005:0 0 4 = 000087e0
ffff8e67f59f0c00 2929419165 S Co:2:005:0 s 40 bc 0800 00c0 0004 4 = 9989ec00
ffff8e67f59f0c00 2929421538 C Co:2:005:0 0 4 >
ffff8e67f59f0c00 2929421668 S Co:2:005:0 s 40 b9 0000 0000 0004 4 = 09006603
ffff8e67f59f0c00 2929424225 C Co:2:005:0 0 4 >
ffff8e67f59f0c00 2929424401 S Ii:2:005:3 -115:1 3 <
ffff8e67f59f0c00 2929425649 C Ii:2:005:3 0:1 3 = 100000
ffff8e67f59f0c00 2929425771 S Ci:2:005:0 s c0 bc 0800 0016 0002 2 <
ffff8e67f59f0c00 2929428427 C Ci:2:005:0 0 2 = 0900
ffff8e67f59f0c00 2929428507 S Ci:2:005:0 s c0 bc 0900 001c 0002 2 <
ffff8e67f59f0c00 2929431201 C Ci:2:005:0 0 2 = 2f6f
ffff8e67f59f0c00 2929431373 S Ci:2:005:0 s c0 bc 0800 23be 0002 2 <
ffff8e67f59f0c00 2929433892 C Ci:2:005:0 0 2 = 0000
ffff8e67f59f0c00 2929434087 S Co:2:005:0 s 40 bc 0900 0014 0002 2 = d39e
ffff8e67f59f0c00 2929436690 C Co:2:005:0 0 2 >
ffff8e67f59f0c00 2929436771 S Ci:2:005:0 s c0 bc 0900 001c 0002 2 <
ffff8e67f59f0c00 2929439390 C Ci:2:005:0 0 2 = 2f6f
ffff8e67f59f0c00 2929439503 S Co:2:005:0 s 40 b9 0000 0000 0004 4 = 09016601
ffff8e67f59f0c00 2929442088 C Co:2:005:0 0 4 >
ffff8e67f59f0c00 2929442201 S Ii:2:005:3 -115:1 3 <
ffff8e67f59f0c00 2929443470 C Ii:2:005:3 0:1 3 = 100000
ffff8e67f59f0c00 2929443638 S Ci:2:005:0 s c0 bc 0800 0016 0002 2 <
ffff8e67f59f0c00 2929446265 C Ci:2:005:0 0 2 = 0900
ffff8e67f59f0c00 2929446426 S Ci:2:005:0 s c0 bc 0900 001c 0002 2 <
ffff8e67f59f0c00 2929449075 C Ci:2:005:0 0 2 = 2f6f
ffff8e67f59f0c00 2929449203 S Ci:2:005:0 s c0 bc 0800 23be 0004 4 <
ffff8e67f59f0c00 2929451667 C Ci:2:005:0 0 4 = 000087e0
ffff8e67f59f0c00 2929451767 S Co:2:005:0 s 40 bc 0800 00c0 0004 4 = 9989ec00
ffff8e67f59f0c00 2929454359 C Co:2:005:0 0 4 >
ffff8e67f59f0c00 2929454531 S Co:2:005:0 s 40 b9 0000 0000 0004 4 = 09006603
ffff8e67f59f0c00 2929457176 C Co:2:005:0 0 4 >
ffff8e67f59f0c00 2929457319 S Ii:2:005:3 -115:1 3 <
ffff8e67f59f0c00 2929458467 C Ii:2:005:3 0:1 3 = 100000
ffff8e67f59f0c00 2929458537 S Ci:2:005:0 s c0 bc 0800 0016 0002 2 <
ffff8e67f59f0c00 2929461267 C Ci:2:005:0 0 2 = 0900
ffff8e67f59f0c00 2929461466 S Ci:2:005:0 s c0 bc 0900 001c 0002 2 <
ffff8e67f59f0c00 2929463974 C Ci:2:005:0 0 2 = 2f6f
ffff8e67f59f0c00 2929464134 S Ci:2:005:0 s c0 bc 0800 23be 0002 2 <
ffff8e67f59f0c00 2929466762 C Ci:2:005:0 0 2 = 0000
ffff8e67f59f0c00 2929466963 S Co:2:005:0 s 40 bc 0900 0014 0002 2 = d39e
ffff8e67f59f0c00 2929469481 C Co:2:005:0 0 2 >
ffff8e67f59f0c00 2929469566 S Ci:2:005:0 s c0 bc 0900 001c 0002 2 <
ffff8e67f59f0c00 2929472156 C Ci:2:005:0 0 2 = 2f6f
ffff8e67f59f0c00 2929472364 S Co:2:005:0 s 40 b9 0000 0000 0004 4 = 09016601
ffff8e67f59f0c00 2929474713 C Co:2:005:0 0 4 >
ffff8e67f59f0c00 2929474890 S Ii:2:005:3 -115:1 3 <
ffff8e67f59f0c00 2929476090 C Ii:2:005:3 0:1 3 = 100000
ffff8e67f59f0c00 2929476273 S Ci:2:005:0 s c0 bc 0800 0016 0002 2 <
ffff8e67f59f0c00 2929478796 C Ci:2:005:0 0 2 = 0900
ffff8e67f59f0c00 2929479050 S Ci:2:005:0 s c0 bc 0900 001c 0002 2 <
ffff8e67f59f0c00 2929481572 C Ci:2:005:0 0 2 = 2f6f
ffff8e67f59f0c00 2929481644 S Ci:2:005:0 s c0 bc 0800 23be 0004 4 <
ffff8e67f59f0c00 2929484285 C Ci:2:005:0 0 4 = 0000b1e0
ffff8e67f59f0c00 2929484451 S Co:2:005:0 s 40 bc 0800 00c0 0002 2 = 1581
ffff8e67f59f0c00 2929487022 C Co:2:005:0 0 2 >
ffff8e67f59f0c00 2929487125 S Co:2:005:0 s 40 b9 0000 0000 0004 4 = 09009802
ffff8e67f59f0c00 2929489804 C Co:2:005:0 0 4 >
ffff8e67f59f0c00 2929489987 S Ii:2:005:3 -115:1 3 <
ffff8e67f59f0c00 2929491090 C Ii:2:005:3 0:1 3 = 100000
ffff8e67f59f0c00 2929491153 S Ci:2:005:0 s c0 bc 0800 0016 0002 2 <
ffff8e67f59f0c00 2929493837 C Ci:2:005:0 0 2 = 0900
ffff8e67f59f0c00 2929494088 S Ci:2:005:0 s c0 bc 0900 001c 0002 2 <
ffff8e67f59f0c00 2929496555 C Ci:2:005:0 0 2 = 2f6f
ffff8e67f59f0c00 2929496756 S Ci:2:005:0 s c0 bc 0800 23be 0002 2 <
ffff8e67f59f0c00 2929499362 C Ci:2:005:0 0 2 = 0000
ffff8e67f59f0c00 2929499537 S Co:2:005:0 s 40 bc 0900 0014 0002 2 = d39e
ffff8e67f59f0c00 2929502054 C Co:2:005:0 0 2 >
ffff8e67f59f0c00 2929502194 S Ci:2:005:0 s c0 bc 0900 001c 0002 2 <
ffff8e67f59f0c00 2929504735 C Ci:2:005:0 0 2 = 2f6f
ffff8e67f59f0c00 2929504970 S Co:2:005:0 s 40 bc 0800 00c0 0002 2 = 658a
ffff8e67f59f0c00 2929507450 C Co:2:005:0 0 2 >
ffff8e67f59f0c00 2929507657 S Co:2:005:0 s 40 b9 0000 0000 0004 4 = 09009802
ffff8e67f59f0c00 2929510125 C Co:2:005:0 0 4 >
ffff8e67f59f0c00 2929510203 S Ii:2:005:3 -115:1 3 <
ffff8e67f59f0c00 2929511401 C Ii:2:005:3 0:1 3 = 100000
ffff8e67f59f0c00 2929511599 S Ci:2:005:0 s c0 bc 0800 0016 0002 2 <
ffff8e67f59f0c00 2929514211 C Ci:2:005:0 0 2 = 0900
ffff8e67f59f0c00 2929514376 S Ci:2:005:0 s c0 bc 0900 001c 0002 2 <
ffff8e67f59f0c00 2929516864 C Ci:2:005:0 0 2 = 2f6f
ffff8e67f59f0c00 2929517069 S Ci:2:005:0 s c0 bc 0800 23be 0002 2 <
ffff8e67f59f0c00 2929519472 C Ci:2:005:0 0 2 = 0000
ffff8e67f59f0c00 2929519659 S Co:2:005:0 s 40 bc 0900 0014 0002 2 = d39e
ffff8e67f59f0c00 2929522136 C Co:2:005:0 0 2 >
ffff8e67f59f0c00 2929522286 S Ci:2:005:0 s c0 bc 0900 001c 0002 2 <
ffff8e67f59f0c00 2929524724 C Ci:2:005:0 0 2 = 2f6f
ffff8e67f59f0c00 2929524819 S Co:2:005:0 s 40 bc 0800 00c0 0002 2 = 1089
ffff8e67f59f0c00 2929527424 C Co:2:005:0 0 2 >
ffff8e67f59f0c00 2929527621 S Co:2:005:0 s 40 b9 0000 0000 0004 4 = 09009802
ffff8e67f59f0c00 2929530050 C Co:2:005:0 0 4 >
ffff8e67f59f0c00 2929530156 S Ii:2:005:3 -115:1 3 <
ffff8e67f59f0c00 2929531442 C Ii:2:005:3 0:1 3 = 100000
ffff8e67f59f0c00 2929531502 S Ci:2:005:0 s c0 bc 0800 0016 0002 2 <
ffff8e67f59f0c00 2929534179 C Ci:2:005:0 0 2 = 0900
ffff8e67f59f0c00 2929534283 S Ci:2:005:0 s c0 bc 0900 001c 0002 2 <
ffff8e67f59f0c00 2929536757 C Ci:2:005:0 0 2 = 2f6f
ffff8e67f59f0c00 2929536893 S Ci:2:005:0 s c0 bc 0800 23be 0002 2 <
ffff8e67f59f0c00 2929539375 C Ci:2:005:0 0 2 = 0000
ffff8e67f59f0c00 2929539491 S Co:2:005:0 s 40 bc 0900 0014 0002 2 = d39e
ffff8e67f59f0c00 2929542015 C Co:2:005:0 0 2 >
ffff8e67f59f0c00 2929542114 S Ci:2:005:0 s c0 bc 0900 001c 0002 2 <
ffff8e67f59f0c00 2929544637 C Ci:2:005:0 0 2 = 2f6f
ffff8e67f59f0c00 2929544714 S Co:2:005:0 s 40 bc 0800 00c0 0002 2 = 1128
ffff8e67f59f0c00 2929547344 C Co:2:005:0 0 2 >
ffff8e67f59f0c00 2929547440 S Co:2:005:0 s 40 b9 0000 0000 0004 4 = 09009802
ffff8e67f59f0c00 2929549869 C Co:2:005:0 0 4 >
ffff8e67f59f0c00 2929550157 S Ii:2:005:3 -115:1 3 <
ffff8e67f59f0c00 2929551191 C Ii:2:005:3 0:1 3 = 100000
ffff8e67f59f0c00 2929551296 S Ci:2:005:0 s c0 bc 0800 0016 0002 2 <
ffff8e67f59f0c00 2929553795 C Ci:2:005:0 0 2 = 0900
ffff8e67f59f0c00 2929554027 S Ci:2:005:0 s c0 bc 0900 001c 0002 2 <
ffff8e67f59f0c00 2929556608 C Ci:2:005:0 0 2 = 2f6f
ffff8e67f59f0c00 2929556777 S Ci:2:005:0 s c0 bc 0800 23be 0002 2 <
ffff8e67f59f0c00 2929559308 C Ci:2:005:0 0 2 = 0000
ffff8e67f59f0c00 2929559479 S Co:2:005:0 s 40 bc 0900 0014 0002 2 = d39e
ffff8e67f59f0c00 2929561992 C Co:2:005:0 0 2 >
ffff8e67f59f0c00 2929562080 S Ci:2:005:0 s c0 bc 0900 001c 0002 2 <
ffff8e67f59f0c00 2929564732 C Ci:2:005:0 0 2 = 2f6f
ffff8e67f59f0c00 2929564909 S Co:2:005:0 s 40 bc 0800 00c0 0002 2 = 1228
ffff8e67f59f0c00 2929567440 C Co:2:005:0 0 2 >
ffff8e67f59f0c00 2929567580 S Co:2:005:0 s 40 b9 0000 0000 0004 4 = 09009802
ffff8e67f59f0c00 2929570084 C Co:2:005:0 0 4 >
ffff8e67f59f0c00 2929570247 S Ii:2:005:3 -115:1 3 <
ffff8e67f59f0c00 2929571346 C Ii:2:005:3 0:1 3 = 100000
ffff8e67f59f0c00 2929571443 S Ci:2:005:0 s c0 bc 0800 0016 0002 2 <
ffff8e67f59f0c00 2929574007 C Ci:2:005:0 0 2 = 0900
ffff8e67f59f0c00 2929574071 S Ci:2:005:0 s c0 bc 0900 001c 0002 2 <
ffff8e67f59f0c00 2929576566 C Ci:2:005:0 0 2 = 2f6f
ffff8e67f59f0c00 2929576740 S Ci:2:005:0 s c0 bc 0800 23be 0002 2 <
ffff8e67f59f0c00 2929579254 C Ci:2:005:0 0 2 = 0000
ffff8e67f59f0c00 2929579433 S Co:2:005:0 s 40 bc 0900 0014 0002 2 = d39e
ffff8e67f59f0c00 2929582061 C Co:2:005:0 0 2 >
ffff8e67f59f0c00 2929582229 S Ci:2:005:0 s c0 bc 0900 001c 0002 2 <
ffff8e67f59f0c00 2929584800 C Ci:2:005:0 0 2 = 2f6f
ffff8e67f59f0c00 2929585048 S Co:2:005:0 s 40 bc 0800 00c0 0002 2 = 13a8
ffff8e67f59f0c00 2929587616 C Co:2:005:0 0 2 >
ffff8e67f59f0c00 2929587794 S Co:2:005:0 s 40 b9 0000 0000 0004 4 = 09009802
ffff8e67f59f0c00 2929590315 C Co:2:005:0 0 4 >
ffff8e67f59f0c00 2929590423 S Ii:2:005:3 -115:1 3 <
ffff8e67f59f0c00 2929591456 C Ii:2:005:3 0:1 3 = 100000
ffff8e67f59f0c00 2929591564 S Ci:2:005:0 s c0 bc 0800 0016 0002 2 <
ffff8e67f59f0c00 2929594126 C Ci:2:005:0 0 2 = 0900
ffff8e67f59f0c00 2929594296 S Ci:2:005:0 s c0 bc 0900 001c 0002 2 <
ffff8e67f59f0c00 2929596734 C Ci:2:005:0 0 2 = 2f6f
ffff8e67f59f0c00 2929596874 S Ci:2:005:0 s c0 bc 0800 23be 0002 2 <
ffff8e67f59f0c00 2929599386 C Ci:2:005:0 0 2 = 0000
ffff8e67f59f0c00 2929599559 S Co:2:005:0 s 40 bc 0900 0014 0002 2 = d39e
ffff8e67f59f0c00 2929602087 C Co:2:005:0 0 2 >
ffff8e67f59f0c00 2929602197 S Ci:2:005:0 s c0 bc 0900 001c 0002 2 <
ffff8e67f59f0c00 2929604701 C Ci:2:005:0 0 2 = 2f6f
ffff8e67f59f0c00 2929605087 S Co:2:005:0 s 40 bc 0800 00c0 0002 2 = 1488
ffff8e67f59f0c00 2929607404 C Co:2:005:0 0 2 >
ffff8e67f59f0c00 2929607575 S Co:2:005:0 s 40 b9 0000 0000 0004 4 = 09009802
ffff8e67f59f0c00 2929610091 C Co:2:005:0 0 4 >
ffff8e67f59f0c00 2929610201 S Ii:2:005:3 -115:1 3 <
ffff8e67f59f0c00 2929611301 C Ii:2:005:3 0:1 3 = 100000
ffff8e67f59f0c00 2929611416 S Ci:2:005:0 s c0 bc 0800 0016 0002 2 <
ffff8e67f59f0c00 2929614067 C Ci:2:005:0 0 2 = 0900
ffff8e67f59f0c00 2929614235 S Ci:2:005:0 s c0 bc 0900 001c 0002 2 <
ffff8e67f59f0c00 2929616720 C Ci:2:005:0 0 2 = 2f6f
ffff8e67f59f0c00 2929616849 S Ci:2:005:0 s c0 bc 0800 23be 0002 2 <
ffff8e67f59f0c00 2929619317 C Ci:2:005:0 0 2 = 0000
ffff8e67f59f0c00 2929619487 S Co:2:005:0 s 40 bc 0900 0014 0002 2 = d39e
ffff8e67f59f0c00 2929621924 C Co:2:005:0 0 2 >
ffff8e67f59f0c00 2929622063 S Ci:2:005:0 s c0 bc 0900 001c 0002 2 <
ffff8e67f59f0c00 2929624754 C Ci:2:005:0 0 2 = 2f6f
ffff8e67f59f0c00 2929624866 S Co:2:005:0 s 40 bc 0800 00c0 0002 2 = 158b
ffff8e67f59f0c00 2929627402 C Co:2:005:0 0 2 >
ffff8e67f59f0c00 2929627568 S Co:2:005:0 s 40 b9 0000 0000 0004 4 = 09009802
ffff8e67f59f0c00 2929630085 C Co:2:005:0 0 4 >
ffff8e67f59f0c00 2929630217 S Ii:2:005:3 -115:1 3 <
ffff8e67f59f0c00 2929631285 C Ii:2:005:3 0:1 3 = 100000
ffff8e67f59f0c00 2929631425 S Ci:2:005:0 s c0 bc 0800 0016 0002 2 <
ffff8e67f59f0c00 2929634082 C Ci:2:005:0 0 2 = 0900
ffff8e67f59f0c00 2929634261 S Ci:2:005:0 s c0 bc 0900 001c 0002 2 <
ffff8e67f59f0c00 2929636697 C Ci:2:005:0 0 2 = 2f6f
ffff8e67f59f0c00 2929637084 S Ci:2:005:0 s c0 bc 0800 23be 0002 2 <
ffff8e67f59f0c00 2929639442 C Ci:2:005:0 0 2 = 0000
ffff8e67f59f0c00 2929639608 S Co:2:005:0 s 40 bc 0900 0014 0002 2 = d39e
ffff8e67f59f0c00 2929642075 C Co:2:005:0 0 2 >
ffff8e67f59f0c00 2929642184 S Ci:2:005:0 s c0 bc 0900 001c 0002 2 <
ffff8e67f59f0c00 2929644750 C Ci:2:005:0 0 2 = 2f6f
ffff8e67f59f0c00 2929645091 S Co:2:005:0 s 40 bc 0800 00c0 0004 4 = 9989ed00
ffff8e67f59f0c00 2929647470 C Co:2:005:0 0 4 >
ffff8e67f59f0c00 2929647553 S Co:2:005:0 s 40 b9 0000 0000 0004 4 = 09006603
ffff8e67f59f0c00 2929650062 C Co:2:005:0 0 4 >
ffff8e67f59f0c00 2929650231 S Ii:2:005:3 -115:1 3 <
ffff8e67f59f0c00 2929651299 C Ii:2:005:3 0:1 3 = 100000
ffff8e67f59f0c00 2929651402 S Ci:2:005:0 s c0 bc 0800 0016 0002 2 <
ffff8e67f59f0c00 2929653994 C Ci:2:005:0 0 2 = 0900
ffff8e67f59f0c00 2929654108 S Ci:2:005:0 s c0 bc 0900 001c 0002 2 <
ffff8e67f59f0c00 2929656653 C Ci:2:005:0 0 2 = 2f6f
ffff8e67f59f0c00 2929656877 S Ci:2:005:0 s c0 bc 0800 23be 0002 2 <
ffff8e67f59f0c00 2929659287 C Ci:2:005:0 0 2 = 0000
ffff8e67f59f0c00 2929659483 S Co:2:005:0 s 40 bc 0900 0014 0002 2 = d39e
ffff8e67f59f0c00 2929661936 C Co:2:005:0 0 2 >
ffff8e67f59f0c00 2929662136 S Ci:2:005:0 s c0 bc 0900 001c 0002 2 <
ffff8e67f59f0c00 2929664624 C Ci:2:005:0 0 2 = 2f6f
ffff8e67f59f0c00 2929664757 S Co:2:005:0 s 40 b9 0000 0000 0004 4 = 09016601
ffff8e67f59f0c00 2929667345 C Co:2:005:0 0 4 >
ffff8e67f59f0c00 2929667565 S Ii:2:005:3 -115:1 3 <
ffff8e67f59f0c00 2929668653 C Ii:2:005:3 0:1 3 = 100000
ffff8e67f59f0c00 2929668850 S Ci:2:005:0 s c0 bc 0800 0016 0002 2 <
ffff8e67f59f0c00 2929671338 C Ci:2:005:0 0 2 = 0900
ffff8e67f59f0c00 2929671403 S Ci:2:005:0 s c0 bc 0900 001c 0002 2 <
ffff8e67f59f0c00 2929673965 C Ci:2:005:0 0 2 = 2f6f
ffff8e67f59f0c00 2929674062 S Ci:2:005:0 s c0 bc 0800 23be 0004 4 <
ffff8e67f59f0c00 2929676687 C Ci:2:005:0 0 4 = 00007ce0
ffff8e67f59f0c00 2929676915 S Co:2:005:0 s 40 bc 0800 00c0 0004 4 = 9989ec00
ffff8e67f59f0c00 2929679433 C Co:2:005:0 0 4 >
ffff8e67f59f0c00 2929679629 S Co:2:005:0 s 40 b9 0000 0000 0004 4 = 09006603
ffff8e67f59f0c00 2929682078 C Co:2:005:0 0 4 >
ffff8e67f59f0c00 2929682249 S Ii:2:005:3 -115:1 3 <
ffff8e67f59f0c00 2929683299 C Ii:2:005:3 0:1 3 = 100000
ffff8e67f59f0c00 2929683453 S Ci:2:005:0 s c0 bc 0800 0016 0002 2 <
ffff8e67f59f0c00 2929686067 C Ci:2:005:0 0 2 = 0900
ffff8e67f59f0c00 2929686263 S Ci:2:005:0 s c0 bc 0900 001c 0002 2 <
ffff8e67f59f0c00 2929688715 C Ci:2:005:0 0 2 = 2f6f
ffff8e67f59f0c00 2929688811 S Ci:2:005:0 s c0 bc 0800 23be 0002 2 <
ffff8e67f59f0c00 2929691439 C Ci:2:005:0 0 2 = 0000
ffff8e67f59f0c00 2929691538 S Co:2:005:0 s 40 bc 0900 0014 0002 2 = d39e
ffff8e67f59f0c00 2929694065 C Co:2:005:0 0 2 >
ffff8e67f59f0c00 2929694242 S Ci:2:005:0 s c0 bc 0900 001c 0002 2 <
ffff8e67f59f0c00 2929696727 C Ci:2:005:0 0 2 = 2f6f
ffff8e67f59f0c00 2929696961 S Co:2:005:0 s 40 b9 0000 0000 0004 4 = 09016601
ffff8e67f59f0c00 2929699394 C Co:2:005:0 0 4 >
ffff8e67f59f0c00 2929699645 S Ii:2:005:3 -115:1 3 <
ffff8e67f59f0c00 2929700841 C Ii:2:005:3 0:1 3 = 100000
ffff8e67f59f0c00 2929700915 S Ci:2:005:0 s c0 bc 0800 0016 0002 2 <
ffff8e67f59f0c00 2929703480 C Ci:2:005:0 0 2 = 0900
ffff8e67f59f0c00 2929703679 S Ci:2:005:0 s c0 bc 0900 001c 0002 2 <
ffff8e67f59f0c00 2929706106 C Ci:2:005:0 0 2 = 2f6f
ffff8e67f59f0c00 2929706303 S Ci:2:005:0 s c0 bc 0800 23be 0004 4 <
ffff8e67f59f0c00 2929708741 C Ci:2:005:0 0 4 = 0000a2e0
ffff8e67f59f0c00 2929712860 S Co:2:005:0 s 40 bc 0800 00c0 0004 4 = 9989ec00
ffff8e67f59f0c00 2929713557 C Co:2:005:0 0 4 >
ffff8e67f59f0c00 2929713738 S Co:2:005:0 s 40 b9 0000 0000 0004 4 = 09006603
ffff8e67f59f0c00 2929716296 C Co:2:005:0 0 4 >
ffff8e67f59f0c00 2929716491 S Ii:2:005:3 -115:1 3 <
ffff8e67f59f0c00 2929717686 C Ii:2:005:3 0:1 3 = 100000
ffff8e67f59f0c00 2929717777 S Ci:2:005:0 s c0 bc 0800 0016 0002 2 <
ffff8e67f59f0c00 2929720371 C Ci:2:005:0 0 2 = 0900
ffff8e67f59f0c00 2929720438 S Ci:2:005:0 s c0 bc 0900 001c 0002 2 <
ffff8e67f59f0c00 2929723070 C Ci:2:005:0 0 2 = 2f6f
ffff8e67f59f0c00 2929723233 S Ci:2:005:0 s c0 bc 0800 23be 0002 2 <
ffff8e67f59f0c00 2929725679 C Ci:2:005:0 0 2 = 0000
ffff8e67f59f0c00 2929725873 S Co:2:005:0 s 40 bc 0900 0014 0002 2 = d39e
ffff8e67f59f0c00 2929728454 C Co:2:005:0 0 2 >
ffff8e67f59f0c00 2929728555 S Ci:2:005:0 s c0 bc 0900 001c 0002 2 <
ffff8e67f59f0c00 2929731081 C Ci:2:005:0 0 2 = 2f6f
ffff8e67f59f0c00 2929731262 S Co:2:005:0 s 40 b9 0000 0000 0004 4 = 09016601
ffff8e67f59f0c00 2929733660 C Co:2:005:0 0 4 >
ffff8e67f59f0c00 2929733851 S Ii:2:005:3 -115:1 3 <
ffff8e67f59f0c00 2929735066 C Ii:2:005:3 0:1 3 = 100000
ffff8e67f59f0c00 2929735152 S Ci:2:005:0 s c0 bc 0800 0016 0002 2 <
ffff8e67f59f0c00 2929737717 C Ci:2:005:0 0 2 = 0900
ffff8e67f59f0c00 2929737834 S Ci:2:005:0 s c0 bc 0900 001c 0002 2 <
ffff8e67f59f0c00 2929740414 C Ci:2:005:0 0 2 = 2f6f
ffff8e67f59f0c00 2929740593 S Ci:2:005:0 s c0 bc 0800 23be 0004 4 <
ffff8e67f59f0c00 2929743022 C Ci:2:005:0 0 4 = 00002ce0
ffff8e67f59f0c00 2929743221 S Co:2:005:0 s 40 bc 0800 00c0 0004 4 = 9989ec00
ffff8e67f59f0c00 2929745796 C Co:2:005:0 0 4 >
ffff8e67f59f0c00 2929745971 S Co:2:005:0 s 40 b9 0000 0000 0004 4 = 09006603
ffff8e67f59f0c00 2929748474 C Co:2:005:0 0 4 >
ffff8e67f59f0c00 2929748567 S Ii:2:005:3 -115:1 3 <
ffff8e67f59f0c00 2929749820 C Ii:2:005:3 0:1 3 = 100000
ffff8e67f59f0c00 2929749900 S Ci:2:005:0 s c0 bc 0800 0016 0002 2 <
ffff8e67f59f0c00 2929752517 C Ci:2:005:0 0 2 = 0900
ffff8e67f59f0c00 2929752581 S Ci:2:005:0 s c0 bc 0900 001c 0002 2 <
ffff8e67f59f0c00 2929755185 C Ci:2:005:0 0 2 = 2f6f
ffff8e67f59f0c00 2929755357 S Ci:2:005:0 s c0 bc 0800 23be 0002 2 <
ffff8e67f59f0c00 2929757927 C Ci:2:005:0 0 2 = 0000
ffff8e67f59f0c00 2929758138 S Co:2:005:0 s 40 bc 0900 0014 0002 2 = d39e
ffff8e67f59f0c00 2929760663 C Co:2:005:0 0 2 >
ffff8e67f59f0c00 2929760881 S Ci:2:005:0 s c0 bc 0900 001c 0002 2 <
ffff8e67f59f0c00 2929763310 C Ci:2:005:0 0 2 = 2f6f
ffff8e67f59f0c00 2929763512 S Co:2:005:0 s 40 b9 0000 0000 0004 4 = 09016601
ffff8e67f59f0c00 2929766057 C Co:2:005:0 0 4 >
ffff8e67f59f0c00 2929766233 S Ii:2:005:3 -115:1 3 <
ffff8e67f59f0c00 2929767341 C Ii:2:005:3 0:1 3 = 100000
ffff8e67f59f0c00 2929767469 S Ci:2:005:0 s c0 bc 0800 0016 0002 2 <
ffff8e67f59f0c00 2929770088 C Ci:2:005:0 0 2 = 0900
ffff8e67f59f0c00 2929770269 S Ci:2:005:0 s c0 bc 0900 001c 0002 2 <
ffff8e67f59f0c00 2929772697 C Ci:2:005:0 0 2 = 2f6f
ffff8e67f59f0c00 2929772918 S Ci:2:005:0 s c0 bc 0800 23be 0004 4 <
ffff8e67f59f0c00 2929775416 C Ci:2:005:0 0 4 = 000059e0
ffff8e67f59f0c00 2929775634 S Co:2:005:0 s 40 bc 0800 00c0 0004 4 = 9989ec00
ffff8e67f59f0c00 2929778180 C Co:2:005:0 0 4 >
ffff8e67f59f0c00 2929778342 S Co:2:005:0 s 40 b9 0000 0000 0004 4 = 09006603
ffff8e67f59f0c00 2929780793 C Co:2:005:0 0 4 >
ffff8e67f59f0c00 2929780905 S Ii:2:005:3 -115:1 3 <
ffff8e67f59f0c00 2929782052 C Ii:2:005:3 0:1 3 = 100000
ffff8e67f59f0c00 2929782133 S Ci:2:005:0 s c0 bc 0800 0016 0002 2 <
ffff8e67f59f0c00 2929784596 C Ci:2:005:0 0 2 = 0900
ffff8e67f59f0c00 2929784792 S Ci:2:005:0 s c0 bc 0900 001c 0002 2 <
ffff8e67f59f0c00 2929787346 C Ci:2:005:0 0 2 = 2f6f
ffff8e67f59f0c00 2929787548 S Ci:2:005:0 s c0 bc 0800 23be 0002 2 <
ffff8e67f59f0c00 2929790080 C Ci:2:005:0 0 2 = 0000
ffff8e67f59f0c00 2929790259 S Co:2:005:0 s 40 bc 0900 0014 0002 2 = d39e
ffff8e67f59f0c00 2929792810 C Co:2:005:0 0 2 >
ffff8e67f59f0c00 2929793002 S Ci:2:005:0 s c0 bc 0900 001c 0002 2 <
ffff8e67f59f0c00 2929795442 C Ci:2:005:0 0 2 = 2f6f
ffff8e67f59f0c00 2929795614 S Co:2:005:0 s 40 b9 0000 0000 0004 4 = 09016601
ffff8e67f59f0c00 2929798032 C Co:2:005:0 0 4 >
ffff8e67f59f0c00 2929798221 S Ii:2:005:3 -115:1 3 <
ffff8e67f59f0c00 2929799377 C Ii:2:005:3 0:1 3 = 100000
ffff8e67f59f0c00 2929799508 S Ci:2:005:0 s c0 bc 0800 0016 0002 2 <
ffff8e67f59f0c00 2929802085 C Ci:2:005:0 0 2 = 0900
ffff8e67f59f0c00 2929802216 S Ci:2:005:0 s c0 bc 0900 001c 0002 2 <
ffff8e67f59f0c00 2929804749 C Ci:2:005:0 0 2 = 2f6f
ffff8e67f59f0c00 2929804988 S Ci:2:005:0 s c0 bc 0800 23be 0004 4 <
ffff8e67f59f0c00 2929807475 C Ci:2:005:0 0 4 = 0000dee0
ffff8e67f59f0c00 2929807627 S Co:2:005:0 s 40 bc 0800 00c0 0004 4 = 9989ec00
ffff8e67f59f0c00 2929810177 C Co:2:005:0 0 4 >
ffff8e67f59f0c00 2929810369 S Co:2:005:0 s 40 b9 0000 0000 0004 4 = 09006603
ffff8e67f59f0c00 2929812901 C Co:2:005:0 0 4 >
ffff8e67f59f0c00 2929813088 S Ii:2:005:3 -115:1 3 <
ffff8e67f59f0c00 2929814293 C Ii:2:005:3 0:1 3 = 100000
ffff8e67f59f0c00 2929814464 S Ci:2:005:0 s c0 bc 0800 0016 0002 2 <
ffff8e67f59f0c00 2929817042 C Ci:2:005:0 0 2 = 0900
ffff8e67f59f0c00 2929817235 S Ci:2:005:0 s c0 bc 0900 001c 0002 2 <
ffff8e67f59f0c00 2929819743 C Ci:2:005:0 0 2 = 2f6f
ffff8e67f59f0c00 2929819842 S Ci:2:005:0 s c0 bc 0800 23be 0002 2 <
ffff8e67f59f0c00 2929822394 C Ci:2:005:0 0 2 = 0000
ffff8e67f59f0c00 2929822593 S Co:2:005:0 s 40 bc 0900 0014 0002 2 = d39e
ffff8e67f59f0c00 2929825051 C Co:2:005:0 0 2 >
ffff8e67f59f0c00 2929825143 S Ci:2:005:0 s c0 bc 0900 001c 0002 2 <
ffff8e67f59f0c00 2929827712 C Ci:2:005:0 0 2 = 2f6f
ffff8e67f59f0c00 2929827912 S Co:2:005:0 s 40 b9 0000 0000 0004 4 = 09016601
ffff8e67f59f0c00 2929830430 C Co:2:005:0 0 4 >
ffff8e67f59f0c00 2929830620 S Ii:2:005:3 -115:1 3 <
ffff8e67f59f0c00 2929831775 C Ii:2:005:3 0:1 3 = 100000
ffff8e67f59f0c00 2929831883 S Ci:2:005:0 s c0 bc 0800 0016 0002 2 <
ffff8e67f59f0c00 2929834439 C Ci:2:005:0 0 2 = 0900
ffff8e67f59f0c00 2929834636 S Ci:2:005:0 s c0 bc 0900 001c 0002 2 <
ffff8e67f59f0c00 2929837032 C Ci:2:005:0 0 2 = 2f6f
ffff8e67f59f0c00 2929837140 S Ci:2:005:0 s c0 bc 0800 23be 0004 4 <
ffff8e67f59f0c00 2929839639 C Ci:2:005:0 0 4 = 00002de0
ffff8e67f59f0c00 2929839778 S Co:2:005:0 s 40 bc 0800 00c0 0004 4 = 9989ec00
ffff8e67f59f0c00 2929842286 C Co:2:005:0 0 4 >
ffff8e67f59f0c00 2929842469 S Co:2:005:0 s 40 b9 0000 0000 0004 4 = 09006603
ffff8e67f59f0c00 2929844948 C Co:2:005:0 0 4 >
ffff8e67f59f0c00 2929845139 S Ii:2:005:3 -115:1 3 <
ffff8e67f59f0c00 2929846274 C Ii:2:005:3 0:1 3 = 100000
ffff8e67f59f0c00 2929846454 S Ci:2:005:0 s c0 bc 0800 0016 0002 2 <
ffff8e67f59f0c00 2929849069 C Ci:2:005:0 0 2 = 0900
ffff8e67f59f0c00 2929849223 S Ci:2:005:0 s c0 bc 0900 001c 0002 2 <
ffff8e67f59f0c00 2929851712 C Ci:2:005:0 0 2 = 2f6f
ffff8e67f59f0c00 2929851908 S Ci:2:005:0 s c0 bc 0800 23be 0002 2 <
ffff8e67f59f0c00 2929854446 C Ci:2:005:0 0 2 = 0000
ffff8e67f59f0c00 2929854636 S Co:2:005:0 s 40 bc 0900 0014 0002 2 = d39e
ffff8e67f59f0c00 2929857212 C Co:2:005:0 0 2 >
ffff8e67f59f0c00 2929857386 S Ci:2:005:0 s c0 bc 0900 001c 0002 2 <
ffff8e67f59f0c00 2929859815 C Ci:2:005:0 0 2 = 2f6f
ffff8e67f59f0c00 2929859934 S Co:2:005:0 s 40 b9 0000 0000 0004 4 = 09016601
ffff8e67f59f0c00 2929862459 C Co:2:005:0 0 4 >
ffff8e67f59f0c00 2929862618 S Ii:2:005:3 -115:1 3 <
ffff8e67f59f0c00 2929863759 C Ii:2:005:3 0:1 3 = 100000
ffff8e67f59f0c00 2929863963 S Ci:2:005:0 s c0 bc 0800 0016 0002 2 <
ffff8e67f59f0c00 2929866553 C Ci:2:005:0 0 2 = 0900
ffff8e67f59f0c00 2929866771 S Ci:2:005:0 s c0 bc 0900 001c 0002 2 <
ffff8e67f59f0c00 2929869305 C Ci:2:005:0 0 2 = 2f6f
ffff8e67f59f0c00 2929869499 S Ci:2:005:0 s c0 bc 0800 23be 0004 4 <
ffff8e67f59f0c00 2929871947 C Ci:2:005:0 0 4 = 00003de0
ffff8e67f59f0c00 2929872123 S Co:2:005:0 s 40 bc 0800 00c0 0004 4 = 9989ec00
ffff8e67f59f0c00 2929874601 C Co:2:005:0 0 4 >
ffff8e67f59f0c00 2929874671 S Co:2:005:0 s 40 b9 0000 0000 0004 4 = 09006603
ffff8e67f59f0c00 2929877250 C Co:2:005:0 0 4 >
ffff8e67f59f0c00 2929877423 S Ii:2:005:3 -115:1 3 <
ffff8e67f59f0c00 2929878491 C Ii:2:005:3 0:1 3 = 100000
ffff8e67f59f0c00 2929878598 S Ci:2:005:0 s c0 bc 0800 0016 0002 2 <
ffff8e67f59f0c00 2929881328 C Ci:2:005:0 0 2 = 0900
ffff8e67f59f0c00 2929881474 S Ci:2:005:0 s c0 bc 0900 001c 0002 2 <
ffff8e67f59f0c00 2929883959 C Ci:2:005:0 0 2 = 2f6f
ffff8e67f59f0c00 2929884064 S Ci:2:005:0 s c0 bc 0800 23be 0002 2 <
ffff8e67f59f0c00 2929886718 C Ci:2:005:0 0 2 = 0000
ffff8e67f59f0c00 2929886864 S Co:2:005:0 s 40 bc 0900 0014 0002 2 = d39e
ffff8e67f59f0c00 2929889406 C Co:2:005:0 0 2 >
ffff8e67f59f0c00 2929889601 S Ci:2:005:0 s c0 bc 0900 001c 0002 2 <
ffff8e67f59f0c00 2929892091 C Ci:2:005:0 0 2 = 2f6f
ffff8e67f59f0c00 2929892221 S Co:2:005:0 s 40 b9 0000 0000 0004 4 = 09016601
ffff8e67f59f0c00 2929894674 C Co:2:005:0 0 4 >
ffff8e67f59f0c00 2929894838 S Ii:2:005:3 -115:1 3 <
ffff8e67f59f0c00 2929896029 C Ii:2:005:3 0:1 3 = 100000
ffff8e67f59f0c00 2929896152 S Ci:2:005:0 s c0 bc 0800 0016 0002 2 <
ffff8e67f59f0c00 2929898795 C Ci:2:005:0 0 2 = 0900
ffff8e67f59f0c00 2929899073 S Ci:2:005:0 s c0 bc 0900 001c 0002 2 <
ffff8e67f59f0c00 2929901587 C Ci:2:005:0 0 2 = 2f6f
ffff8e67f59f0c00 2929901779 S Ci:2:005:0 s c0 bc 0800 23be 0004 4 <
ffff8e67f59f0c00 2929904267 C Ci:2:005:0 0 4 = 0000d9e0
ffff8e67f59f0c00 2929904465 S Co:2:005:0 s 40 bc 0800 00c0 0004 4 = 9989ec00
ffff8e67f59f0c00 2929906924 C Co:2:005:0 0 4 >
ffff8e67f59f0c00 2929907127 S Co:2:005:0 s 40 b9 0000 0000 0004 4 = 09006603
ffff8e67f59f0c00 2929909702 C Co:2:005:0 0 4 >
ffff8e67f59f0c00 2929910040 S Ii:2:005:3 -115:1 3 <
ffff8e67f59f0c00 2929911049 C Ii:2:005:3 0:1 3 = 100000
ffff8e67f59f0c00 2929911130 S Ci:2:005:0 s c0 bc 0800 0016 0002 2 <
ffff8e67f59f0c00 2929913744 C Ci:2:005:0 0 2 = 0900
ffff8e67f59f0c00 2929913989 S Ci:2:005:0 s c0 bc 0900 001c 0002 2 <
ffff8e67f59f0c00 2929916576 C Ci:2:005:0 0 2 = 2f6f
ffff8e67f59f0c00 2929916769 S Ci:2:005:0 s c0 bc 0800 23be 0002 2 <
ffff8e67f59f0c00 2929919279 C Ci:2:005:0 0 2 = 0000
ffff8e67f59f0c00 2929919460 S Co:2:005:0 s 40 bc 0900 0014 0002 2 = d39e
ffff8e67f59f0c00 2929921920 C Co:2:005:0 0 2 >
ffff8e67f59f0c00 2929922147 S Ci:2:005:0 s c0 bc 0900 001c 0002 2 <
ffff8e67f59f0c00 2929924718 C Ci:2:005:0 0 2 = 2f6f
ffff8e67f59f0c00 2929924767 S Co:2:005:0 s 40 b9 0000 0000 0004 4 = 09016601
ffff8e67f59f0c00 2929927410 C Co:2:005:0 0 4 >
ffff8e67f59f0c00 2929927614 S Ii:2:005:3 -115:1 3 <
ffff8e67f59f0c00 2929928753 C Ii:2:005:3 0:1 3 = 100000
ffff8e67f59f0c00 2929928949 S Ci:2:005:0 s c0 bc 0800 0016 0002 2 <
ffff8e67f59f0c00 2929931567 C Ci:2:005:0 0 2 = 0900
ffff8e67f59f0c00 2929931634 S Ci:2:005:0 s c0 bc 0900 001c 0002 2 <
ffff8e67f59f0c00 2929934301 C Ci:2:005:0 0 2 = 2f6f
ffff8e67f59f0c00 2929934474 S Ci:2:005:0 s c0 bc 0800 23be 0004 4 <
ffff8e67f59f0c00 2929936896 C Ci:2:005:0 0 4 = 0000c1e0
ffff8e67f59f0c00 2929937102 S Co:2:005:0 s 40 bc 0800 00c0 0004 4 = 9989ec00
ffff8e67f59f0c00 2929939752 C Co:2:005:0 0 4 >
ffff8e67f59f0c00 2929939855 S Co:2:005:0 s 40 b9 0000 0000 0004 4 = 09006603
ffff8e67f59f0c00 2929942446 C Co:2:005:0 0 4 >
ffff8e67f59f0c00 2929942584 S Ii:2:005:3 -115:1 3 <
ffff8e67f59f0c00 2929943753 C Ii:2:005:3 0:1 3 = 100000
ffff8e67f59f0c00 2929943840 S Ci:2:005:0 s c0 bc 0800 0016 0002 2 <
ffff8e67f59f0c00 2929946560 C Ci:2:005:0 0 2 = 0900
ffff8e67f59f0c00 2929946771 S Ci:2:005:0 s c0 bc 0900 001c 0002 2 <
ffff8e67f59f0c00 2929949318 C Ci:2:005:0 0 2 = 2f6f
ffff8e67f59f0c00 2929949415 S Ci:2:005:0 s c0 bc 0800 23be 0002 2 <
ffff8e67f59f0c00 2929952005 C Ci:2:005:0 0 2 = 0000
ffff8e67f59f0c00 2929952200 S Co:2:005:0 s 40 bc 0900 0014 0002 2 = d39e
ffff8e67f59f0c00 2929954696 C Co:2:005:0 0 2 >
ffff8e67f59f0c00 2929954863 S Ci:2:005:0 s c0 bc 0900 001c 0002 2 <
ffff8e67f59f0c00 2929957416 C Ci:2:005:0 0 2 = 2f6f
ffff8e67f59f0c00 2929957617 S Co:2:005:0 s 40 b9 0000 0000 0004 4 = 09016601
ffff8e67f59f0c00 2929960006 C Co:2:005:0 0 4 >
ffff8e67f59f0c00 2929960173 S Ii:2:005:3 -115:1 3 <
ffff8e67f59f0c00 2929961454 C Ii:2:005:3 0:1 3 = 100000
ffff8e67f59f0c00 2929961516 S Ci:2:005:0 s c0 bc 0800 0016 0002 2 <
ffff8e67f59f0c00 2929964199 C Ci:2:005:0 0 2 = 0900
ffff8e67f59f0c00 2929964293 S Ci:2:005:0 s c0 bc 0900 001c 0002 2 <
ffff8e67f59f0c00 2929966824 C Ci:2:005:0 0 2 = 2f6f
ffff8e67f59f0c00 2929966953 S Ci:2:005:0 s c0 bc 0800 23be 0004 4 <
ffff8e67f59f0c00 2929969448 C Ci:2:005:0 0 4 = 000011e0
ffff8e67f59f0c00 2929969665 S Co:2:005:0 s 40 bc 0800 00c0 0004 4 = 9989ec00
ffff8e67f59f0c00 2929972178 C Co:2:005:0 0 4 >
ffff8e67f59f0c00 2929972373 S Co:2:005:0 s 40 b9 0000 0000 0004 4 = 09006603
ffff8e67f59f0c00 2929974811 C Co:2:005:0 0 4 >
ffff8e67f59f0c00 2929974897 S Ii:2:005:3 -115:1 3 <
ffff8e67f59f0c00 2929976134 C Ii:2:005:3 0:1 3 = 100000
ffff8e67f59f0c00 2929976301 S Ci:2:005:0 s c0 bc 0800 0016 0002 2 <
ffff8e67f59f0c00 2929978919 C Ci:2:005:0 0 2 = 0900
ffff8e67f59f0c00 2929979115 S Ci:2:005:0 s c0 bc 0900 001c 0002 2 <
ffff8e67f59f0c00 2929981677 C Ci:2:005:0 0 2 = 2f6f
ffff8e67f59f0c00 2929981866 S Ci:2:005:0 s c0 bc 0800 23be 0002 2 <
ffff8e67f59f0c00 2929984403 C Ci:2:005:0 0 2 = 0000
ffff8e67f59f0c00 2929984604 S Co:2:005:0 s 40 bc 0900 0014 0002 2 = d39e
ffff8e67f59f0c00 2929987060 C Co:2:005:0 0 2 >
ffff8e67f59f0c00 2929987178 S Ci:2:005:0 s c0 bc 0900 001c 0002 2 <
ffff8e67f59f0c00 2929989695 C Ci:2:005:0 0 2 = 2f6f
ffff8e67f59f0c00 2929989894 S Co:2:005:0 s 40 b9 0000 0000 0004 4 = 09016601
ffff8e67f59f0c00 2929992410 C Co:2:005:0 0 4 >
ffff8e67f59f0c00 2929992578 S Ii:2:005:3 -115:1 3 <
ffff8e67f59f0c00 2929993746 C Ii:2:005:3 0:1 3 = 100000
ffff8e67f59f0c00 2929993961 S Ci:2:005:0 s c0 bc 0800 0016 0002 2 <
ffff8e67f59f0c00 2929996706 C Ci:2:005:0 0 2 = 0900
ffff8e67f59f0c00 2929996880 S Ci:2:005:0 s c0 bc 0900 001c 0002 2 <
ffff8e67f59f0c00 2929999401 C Ci:2:005:0 0 2 = 2f6f
ffff8e67f59f0c00 2929999505 S Ci:2:005:0 s c0 bc 0800 23be 0004 4 <
ffff8e67f59f0c00 2930002052 C Ci:2:005:0 0 4 = 00005de0
ffff8e67f59f0c00 2930002156 S Co:2:005:0 s 40 bc 0800 00c0 0004 4 = 9989ec00
ffff8e67f59f0c00 2930004712 C Co:2:005:0 0 4 >
ffff8e67f59f0c00 2930004877 S Co:2:005:0 s 40 b9 0000 0000 0004 4 = 09006603
ffff8e67f59f0c00 2930007468 C Co:2:005:0 0 4 >
ffff8e67f59f0c00 2930007527 S Ii:2:005:3 -115:1 3 <
ffff8e67f59f0c00 2930008706 C Ii:2:005:3 0:1 3 = 100000
ffff8e67f59f0c00 2930008867 S Ci:2:005:0 s c0 bc 0800 0016 0002 2 <
ffff8e67f59f0c00 2930011404 C Ci:2:005:0 0 2 = 0900
ffff8e67f59f0c00 2930011590 S Ci:2:005:0 s c0 bc 0900 001c 0002 2 <
ffff8e67f59f0c00 2930014064 C Ci:2:005:0 0 2 = 2f6f
ffff8e67f59f0c00 2930014201 S Ci:2:005:0 s c0 bc 0800 23be 0002 2 <
ffff8e67f59f0c00 2930016616 C Ci:2:005:0 0 2 = 0000
ffff8e67f59f0c00 2930016812 S Co:2:005:0 s 40 bc 0900 0014 0002 2 = d39e
ffff8e67f59f0c00 2930019264 C Co:2:005:0 0 2 >
ffff8e67f59f0c00 2930019463 S Ci:2:005:0 s c0 bc 0900 001c 0002 2 <
ffff8e67f59f0c00 2930021876 C Ci:2:005:0 0 2 = 2f6f
ffff8e67f59f0c00 2930022115 S Co:2:005:0 s 40 b9 0000 0000 0004 4 = 09016601
ffff8e67f59f0c00 2930024626 C Co:2:005:0 0 4 >
ffff8e67f59f0c00 2930024703 S Ii:2:005:3 -115:1 3 <
ffff8e67f59f0c00 2930025988 C Ii:2:005:3 0:1 3 = 100000
ffff8e67f59f0c00 2930026088 S Ci:2:005:0 s c0 bc 0800 0016 0002 2 <
ffff8e67f59f0c00 2930028577 C Ci:2:005:0 0 2 = 0900
ffff8e67f59f0c00 2930028666 S Ci:2:005:0 s c0 bc 0900 001c 0002 2 <
ffff8e67f59f0c00 2930031235 C Ci:2:005:0 0 2 = 2f6f
ffff8e67f59f0c00 2930031381 S Ci:2:005:0 s c0 bc 0800 23be 0004 4 <
ffff8e67f59f0c00 2930033912 C Ci:2:005:0 0 4 = 00008de0
ffff8e67f59f0c00 2930034151 S Co:2:005:0 s 40 bc 0800 00c0 0004 4 = 9989ec00
ffff8e67f59f0c00 2930036722 C Co:2:005:0 0 4 >
ffff8e67f59f0c00 2930036916 S Co:2:005:0 s 40 b9 0000 0000 0004 4 = 09006603
ffff8e67f59f0c00 2930039450 C Co:2:005:0 0 4 >
ffff8e67f59f0c00 2930039532 S Ii:2:005:3 -115:1 3 <
ffff8e67f59f0c00 2930040828 C Ii:2:005:3 0:1 3 = 100000
ffff8e67f59f0c00 2930040913 S Ci:2:005:0 s c0 bc 0800 0016 0002 2 <
ffff8e67f59f0c00 2930043611 C Ci:2:005:0 0 2 = 0900
ffff8e67f59f0c00 2930043869 S Ci:2:005:0 s c0 bc 0900 001c 0002 2 <
ffff8e67f59f0c00 2930046335 C Ci:2:005:0 0 2 = 2f6f
ffff8e67f59f0c00 2930046531 S Ci:2:005:0 s c0 bc 0800 23be 0002 2 <
ffff8e67f59f0c00 2930049027 C Ci:2:005:0 0 2 = 0000
ffff8e67f59f0c00 2930049207 S Co:2:005:0 s 40 bc 0900 0014 0002 2 = d39e
ffff8e67f59f0c00 2930051814 C Co:2:005:0 0 2 >
ffff8e67f59f0c00 2930052036 S Ci:2:005:0 s c0 bc 0900 001c 0002 2 <
ffff8e67f59f0c00 2930054518 C Ci:2:005:0 0 2 = 2f6f
ffff8e67f59f0c00 2930054691 S Co:2:005:0 s 40 b9 0000 0000 0004 4 = 09016601
ffff8e67f59f0c00 2930057185 C Co:2:005:0 0 4 >
ffff8e67f59f0c00 2930057381 S Ii:2:005:3 -115:1 3 <
ffff8e67f59f0c00 2930058570 C Ii:2:005:3 0:1 3 = 100000
ffff8e67f59f0c00 2930058695 S Ci:2:005:0 s c0 bc 0800 0016 0002 2 <
ffff8e67f59f0c00 2930061330 C Ci:2:005:0 0 2 = 0900
ffff8e67f59f0c00 2930061526 S Ci:2:005:0 s c0 bc 0900 001c 0002 2 <
ffff8e67f59f0c00 2930064051 C Ci:2:005:0 0 2 = 2f6f
ffff8e67f59f0c00 2930064220 S Ci:2:005:0 s c0 bc 0800 23be 0004 4 <
ffff8e67f59f0c00 2930066853 C Ci:2:005:0 0 4 = 000059e0
ffff8e67f59f0c00 2930067079 S Co:2:005:0 s 40 bc 0800 00c0 0004 4 = 9989ec00
ffff8e67f59f0c00 2930069557 C Co:2:005:0 0 4 >
ffff8e67f59f0c00 2930069640 S Co:2:005:0 s 40 b9 0000 0000 0004 4 = 09006603
ffff8e67f59f0c00 2930072268 C Co:2:005:0 0 4 >
ffff8e67f59f0c00 2930072499 S Ii:2:005:3 -115:1 3 <
ffff8e67f59f0c00 2930073588 C Ii:2:005:3 0:1 3 = 100000
ffff8e67f59f0c00 2930073769 S Ci:2:005:0 s c0 bc 0800 0016 0002 2 <
ffff8e67f59f0c00 2930076486 C Ci:2:005:0 0 2 = 0900
ffff8e67f59f0c00 2930076610 S Ci:2:005:0 s c0 bc 0900 001c 0002 2 <
ffff8e67f59f0c00 2930079177 C Ci:2:005:0 0 2 = 2f6f
ffff8e67f59f0c00 2930079304 S Ci:2:005:0 s c0 bc 0800 23be 0002 2 <
ffff8e67f59f0c00 2930081740 C Ci:2:005:0 0 2 = 0000
ffff8e67f59f0c00 2930081842 S Co:2:005:0 s 40 bc 0900 0014 0002 2 = d39e
ffff8e67f59f0c00 2930084349 C Co:2:005:0 0 2 >
ffff8e67f59f0c00 2930084530 S Ci:2:005:0 s c0 bc 0900 001c 0002 2 <
ffff8e67f59f0c00 2930087035 C Ci:2:005:0 0 2 = 2f6f
ffff8e67f59f0c00 2930087226 S Co:2:005:0 s 40 b9 0000 0000 0004 4 = 09016601
ffff8e67f59f0c00 2930089751 C Co:2:005:0 0 4 >
ffff8e67f59f0c00 2930089945 S Ii:2:005:3 -115:1 3 <
ffff8e67f59f0c00 2930091122 C Ii:2:005:3 0:1 3 = 100000
ffff8e67f59f0c00 2930091196 S Ci:2:005:0 s c0 bc 0800 0016 0002 2 <
ffff8e67f59f0c00 2930093885 C Ci:2:005:0 0 2 = 0900
ffff8e67f59f0c00 2930094043 S Ci:2:005:0 s c0 bc 0900 001c 0002 2 <
ffff8e67f59f0c00 2930096501 C Ci:2:005:0 0 2 = 2f6f
ffff8e67f59f0c00 2930096574 S Ci:2:005:0 s c0 bc 0800 23be 0004 4 <
ffff8e67f59f0c00 2930099221 C Ci:2:005:0 0 4 = 000080e0
ffff8e67f59f0c00 2930099285 S Co:2:005:0 s 40 bc 0800 00c0 0004 4 = 9989ec00
ffff8e67f59f0c00 2930101850 C Co:2:005:0 0 4 >
ffff8e67f59f0c00 2930102081 S Co:2:005:0 s 40 b9 0000 0000 0004 4 = 09006603
ffff8e67f59f0c00 2930104482 C Co:2:005:0 0 4 >
ffff8e67f59f0c00 2930104545 S Ii:2:005:3 -115:1 3 <
ffff8e67f59f0c00 2930105703 C Ii:2:005:3 0:1 3 = 100000
ffff8e67f59f0c00 2930105882 S Ci:2:005:0 s c0 bc 0800 0016 0002 2 <
ffff8e67f59f0c00 2930108373 C Ci:2:005:0 0 2 = 0900
ffff8e67f59f0c00 2930108488 S Ci:2:005:0 s c0 bc 0900 001c 0002 2 <
ffff8e67f59f0c00 2930111041 C Ci:2:005:0 0 2 = 2f6f
ffff8e67f59f0c00 2930111126 S Ci:2:005:0 s c0 bc 0800 23be 0002 2 <
ffff8e67f59f0c00 2930113603 C Ci:2:005:0 0 2 = 0000
ffff8e67f59f0c00 2930113820 S Co:2:005:0 s 40 bc 0900 0014 0002 2 = d39e
ffff8e67f59f0c00 2930116143 C Co:2:005:0 0 2 >
ffff8e67f59f0c00 2930116303 S Ci:2:005:0 s c0 bc 0900 001c 0002 2 <
ffff8e67f59f0c00 2930118863 C Ci:2:005:0 0 2 = 2f6f
ffff8e67f59f0c00 2930119083 S Co:2:005:0 s 40 b9 0000 0000 0004 4 = 09016601
ffff8e67f59f0c00 2930121504 C Co:2:005:0 0 4 >
ffff8e67f59f0c00 2930121696 S Ii:2:005:3 -115:1 3 <
ffff8e67f59f0c00 2930122854 C Ii:2:005:3 0:1 3 = 100000
ffff8e67f59f0c00 2930122971 S Ci:2:005:0 s c0 bc 0800 0016 0002 2 <
ffff8e67f59f0c00 2930125514 C Ci:2:005:0 0 2 = 0900
ffff8e67f59f0c00 2930125684 S Ci:2:005:0 s c0 bc 0900 001c 0002 2 <
ffff8e67f59f0c00 2930128165 C Ci:2:005:0 0 2 = 2f6f
ffff8e67f59f0c00 2930128360 S Ci:2:005:0 s c0 bc 0800 23be 0004 4 <
ffff8e67f59f0c00 2930130717 C Ci:2:005:0 0 4 = 000021e0
ffff8e67f59f0c00 2930130891 S Co:2:005:0 s 40 bc 0800 00c0 0004 4 = 9989ec00
ffff8e67f59f0c00 2930133393 C Co:2:005:0 0 4 >
ffff8e67f59f0c00 2930133457 S Co:2:005:0 s 40 b9 0000 0000 0004 4 = 09006603
ffff8e67f59f0c00 2930135941 C Co:2:005:0 0 4 >
ffff8e67f59f0c00 2930136151 S Ii:2:005:3 -115:1 3 <
ffff8e67f59f0c00 2930137149 C Ii:2:005:3 0:1 3 = 100000
ffff8e67f59f0c00 2930137275 S Ci:2:005:0 s c0 bc 0800 0016 0002 2 <
ffff8e67f59f0c00 2930139849 C Ci:2:005:0 0 2 = 0900
ffff8e67f59f0c00 2930140036 S Ci:2:005:0 s c0 bc 0900 001c 0002 2 <
ffff8e67f59f0c00 2930142526 C Ci:2:005:0 0 2 = 2f6f
ffff8e67f59f0c00 2930142693 S Ci:2:005:0 s c0 bc 0800 23be 0002 2 <
ffff8e67f59f0c00 2930145126 C Ci:2:005:0 0 2 = 0000
ffff8e67f59f0c00 2930145313 S Co:2:005:0 s 40 bc 0900 0014 0002 2 = d39e
ffff8e67f59f0c00 2930147720 C Co:2:005:0 0 2 >
ffff8e67f59f0c00 2930147910 S Ci:2:005:0 s c0 bc 0900 001c 0002 2 <
ffff8e67f59f0c00 2930150414 C Ci:2:005:0 0 2 = 2f6f
ffff8e67f59f0c00 2930150517 S Co:2:005:0 s 40 b9 0000 0000 0004 4 = 09016601
ffff8e67f59f0c00 2930152970 C Co:2:005:0 0 4 >
ffff8e67f59f0c00 2930153135 S Ii:2:005:3 -115:1 3 <
ffff8e67f59f0c00 2930154234 C Ii:2:005:3 0:1 3 = 100000
ffff8e67f59f0c00 2930154389 S Ci:2:005:0 s c0 bc 0800 0016 0002 2 <
ffff8e67f59f0c00 2930156893 C Ci:2:005:0 0 2 = 0900
ffff8e67f59f0c00 2930157066 S Ci:2:005:0 s c0 bc 0900 001c 0002 2 <
ffff8e67f59f0c00 2930159547 C Ci:2:005:0 0 2 = 2f6f
ffff8e67f59f0c00 2930159618 S Ci:2:005:0 s c0 bc 0800 23be 0004 4 <
ffff8e67f59f0c00 2930162107 C Ci:2:005:0 0 4 = 00007ee0
ffff8e67f59f0c00 2930162311 S Co:2:005:0 s 40 bc 0800 00c0 0004 4 = 9989ec00
ffff8e67f59f0c00 2930164716 C Co:2:005:0 0 4 >
ffff8e67f59f0c00 2930164913 S Co:2:005:0 s 40 b9 0000 0000 0004 4 = 09006603
ffff8e67f59f0c00 2930167346 C Co:2:005:0 0 4 >
ffff8e67f59f0c00 2930167518 S Ii:2:005:3 -115:1 3 <
ffff8e67f59f0c00 2930168539 C Ii:2:005:3 0:1 3 = 100000
ffff8e67f59f0c00 2930168734 S Ci:2:005:0 s c0 bc 0800 0016 0002 2 <
ffff8e67f59f0c00 2930171258 C Ci:2:005:0 0 2 = 0900
ffff8e67f59f0c00 2930171386 S Ci:2:005:0 s c0 bc 0900 001c 0002 2 <
ffff8e67f59f0c00 2930173874 C Ci:2:005:0 0 2 = 2f6f
ffff8e67f59f0c00 2930173989 S Ci:2:005:0 s c0 bc 0800 23be 0002 2 <
ffff8e67f59f0c00 2930176542 C Ci:2:005:0 0 2 = 0000
ffff8e67f59f0c00 2930176680 S Co:2:005:0 s 40 bc 0900 0014 0002 2 = d39e
ffff8e67f59f0c00 2930179117 C Co:2:005:0 0 2 >
ffff8e67f59f0c00 2930179274 S Ci:2:005:0 s c0 bc 0900 001c 0002 2 <
ffff8e67f59f0c00 2930181729 C Ci:2:005:0 0 2 = 2f6f
ffff8e67f59f0c00 2930181889 S Co:2:005:0 s 40 b9 0000 0000 0004 4 = 09016601
ffff8e67f59f0c00 2930184333 C Co:2:005:0 0 4 >
ffff8e67f59f0c00 2930184519 S Ii:2:005:3 -115:1 3 <
ffff8e67f59f0c00 2930185579 C Ii:2:005:3 0:1 3 = 100000
ffff8e67f59f0c00 2930185712 S Ci:2:005:0 s c0 bc 0800 0016 0002 2 <
ffff8e67f59f0c00 2930188243 C Ci:2:005:0 0 2 = 0900
ffff8e67f59f0c00 2930188346 S Ci:2:005:0 s c0 bc 0900 001c 0002 2 <
ffff8e67f59f0c00 2930190802 C Ci:2:005:0 0 2 = 2f6f
ffff8e67f59f0c00 2930191075 S Ci:2:005:0 s c0 bc 0800 23be 0004 4 <
ffff8e67f59f0c00 2930193463 C Ci:2:005:0 0 4 = 00004ae0
ffff8e67f59f0c00 2930193667 S Co:2:005:0 s 40 bc 0800 00c0 0004 4 = 9989ec00
ffff8e67f59f0c00 2930196115 C Co:2:005:0 0 4 >
ffff8e67f59f0c00 2930196314 S Co:2:005:0 s 40 b9 0000 0000 0004 4 = 09006603
ffff8e67f59f0c00 2930198698 C Co:2:005:0 0 4 >
ffff8e67f59f0c00 2930198883 S Ii:2:005:3 -115:1 3 <
ffff8e67f59f0c00 2930199978 C Ii:2:005:3 0:1 3 = 100000
ffff8e67f59f0c00 2930200065 S Ci:2:005:0 s c0 bc 0800 0016 0002 2 <
ffff8e67f59f0c00 2930202613 C Ci:2:005:0 0 2 = 0900
ffff8e67f59f0c00 2930202784 S Ci:2:005:0 s c0 bc 0900 001c 0002 2 <
ffff8e67f59f0c00 2930205274 C Ci:2:005:0 0 2 = 2f6f
ffff8e67f59f0c00 2930205502 S Ci:2:005:0 s c0 bc 0800 23be 0002 2 <
ffff8e67f59f0c00 2930208019 C Ci:2:005:0 0 2 = 0000
ffff8e67f59f0c00 2930208216 S Co:2:005:0 s 40 bc 0900 0014 0002 2 = d39e
ffff8e67f59f0c00 2930210682 C Co:2:005:0 0 2 >
ffff8e67f59f0c00 2930210778 S Ci:2:005:0 s c0 bc 0900 001c 0002 2 <
ffff8e67f59f0c00 2930213294 C Ci:2:005:0 0 2 = 2f6f
ffff8e67f59f0c00 2930213438 S Co:2:005:0 s 40 b9 0000 0000 0004 4 = 09016601
ffff8e67f59f0c00 2930215845 C Co:2:005:0 0 4 >
ffff8e67f59f0c00 2930216087 S Ii:2:005:3 -115:1 3 <
ffff8e67f59f0c00 2930217147 C Ii:2:005:3 0:1 3 = 100000
ffff8e67f59f0c00 2930217198 S Ci:2:005:0 s c0 bc 0800 0016 0002 2 <
ffff8e67f59f0c00 2930220000 C Ci:2:005:0 0 2 = 0900
ffff8e67f59f0c00 2930220181 S Ci:2:005:0 s c0 bc 0900 001c 0002 2 <
ffff8e67f59f0c00 2930222667 C Ci:2:005:0 0 2 = 2f6f
ffff8e67f59f0c00 2930222766 S Ci:2:005:0 s c0 bc 0800 23be 0004 4 <
ffff8e67f59f0c00 2930225309 C Ci:2:005:0 0 4 = 000091e0
ffff8e67f59f0c00 2930225473 S Co:2:005:0 s 40 bc 0800 00c0 0004 4 = 9989ec00
ffff8e67f59f0c00 2930228009 C Co:2:005:0 0 4 >
ffff8e67f59f0c00 2930228191 S Co:2:005:0 s 40 b9 0000 0000 0004 4 = 09006603
ffff8e67f59f0c00 2930230637 C Co:2:005:0 0 4 >
ffff8e67f59f0c00 2930230857 S Ii:2:005:3 -115:1 3 <
ffff8e67f59f0c00 2930231967 C Ii:2:005:3 0:1 3 = 100000
ffff8e67f59f0c00 2930232124 S Ci:2:005:0 s c0 bc 0800 0016 0002 2 <
ffff8e67f59f0c00 2930234659 C Ci:2:005:0 0 2 = 0900
ffff8e67f59f0c00 2930234807 S Ci:2:005:0 s c0 bc 0900 001c 0002 2 <
ffff8e67f59f0c00 2930237191 C Ci:2:005:0 0 2 = 2f6f
ffff8e67f59f0c00 2930237294 S Ci:2:005:0 s c0 bc 0800 23be 0002 2 <
ffff8e67f59f0c00 2930239961 C Ci:2:005:0 0 2 = 0000
ffff8e67f59f0c00 2930240136 S Co:2:005:0 s 40 bc 0900 0014 0002 2 = d39e
ffff8e67f59f0c00 2930242782 C Co:2:005:0 0 2 >
ffff8e67f59f0c00 2930242994 S Ci:2:005:0 s c0 bc 0900 001c 0002 2 <
ffff8e67f59f0c00 2930245556 C Ci:2:005:0 0 2 = 2f6f
ffff8e67f59f0c00 2930245728 S Co:2:005:0 s 40 b9 0000 0000 0004 4 = 09016601
ffff8e67f59f0c00 2930248204 C Co:2:005:0 0 4 >
ffff8e67f59f0c00 2930248382 S Ii:2:005:3 -115:1 3 <
ffff8e67f59f0c00 2930249502 C Ii:2:005:3 0:1 3 = 100000
ffff8e67f59f0c00 2930249693 S Ci:2:005:0 s c0 bc 0800 0016 0002 2 <
ffff8e67f59f0c00 2930252180 C Ci:2:005:0 0 2 = 0900
ffff8e67f59f0c00 2930252283 S Ci:2:005:0 s c0 bc 0900 001c 0002 2 <
ffff8e67f59f0c00 2930254937 C Ci:2:005:0 0 2 = 2f6f
ffff8e67f59f0c00 2930255071 S Ci:2:005:0 s c0 bc 0800 23be 0004 4 <
ffff8e67f59f0c00 2930257618 C Ci:2:005:0 0 4 = 0000fde0
ffff8e67f59f0c00 2930257836 S Co:2:005:0 s 40 bc 0800 00c0 0004 4 = 9989ec00
ffff8e67f59f0c00 2930260381 C Co:2:005:0 0 4 >
ffff8e67f59f0c00 2930260587 S Co:2:005:0 s 40 b9 0000 0000 0004 4 = 09006603
ffff8e67f59f0c00 2930263020 C Co:2:005:0 0 4 >
ffff8e67f59f0c00 2930263209 S Ii:2:005:3 -115:1 3 <
ffff8e67f59f0c00 2930264295 C Ii:2:005:3 0:1 3 = 100000
ffff8e67f59f0c00 2930264490 S Ci:2:005:0 s c0 bc 0800 0016 0002 2 <
ffff8e67f59f0c00 2930266990 C Ci:2:005:0 0 2 = 0900
ffff8e67f59f0c00 2930267170 S Ci:2:005:0 s c0 bc 0900 001c 0002 2 <
ffff8e67f59f0c00 2930269644 C Ci:2:005:0 0 2 = 2f6f
ffff8e67f59f0c00 2930269817 S Ci:2:005:0 s c0 bc 0800 23be 0002 2 <
ffff8e67f59f0c00 2930272388 C Ci:2:005:0 0 2 = 0000
ffff8e67f59f0c00 2930272582 S Co:2:005:0 s 40 bc 0900 0014 0002 2 = d39e
ffff8e67f59f0c00 2930275008 C Co:2:005:0 0 2 >
ffff8e67f59f0c00 2930275162 S Ci:2:005:0 s c0 bc 0900 001c 0002 2 <
ffff8e67f59f0c00 2930277879 C Ci:2:005:0 0 2 = 2f6f
ffff8e67f59f0c00 2930278032 S Co:2:005:0 s 40 b9 0000 0000 0004 4 = 09016601
ffff8e67f59f0c00 2930280490 C Co:2:005:0 0 4 >
ffff8e67f59f0c00 2930280572 S Ii:2:005:3 -115:1 3 <
ffff8e67f59f0c00 2930281859 C Ii:2:005:3 0:1 3 = 100000
ffff8e67f59f0c00 2930282079 S Ci:2:005:0 s c0 bc 0800 0016 0002 2 <
ffff8e67f59f0c00 2930284551 C Ci:2:005:0 0 2 = 0900
ffff8e67f59f0c00 2930284730 S Ci:2:005:0 s c0 bc 0900 001c 0002 2 <
ffff8e67f59f0c00 2930287287 C Ci:2:005:0 0 2 = 2f6f
ffff8e67f59f0c00 2930287422 S Ci:2:005:0 s c0 bc 0800 23be 0004 4 <
ffff8e67f59f0c00 2930289978 C Ci:2:005:0 0 4 = 0000b1e0
ffff8e67f59f0c00 2930290129 S Co:2:005:0 s 40 bc 0800 00c0 0004 4 = 9989ec00
ffff8e67f59f0c00 2930292649 C Co:2:005:0 0 4 >
ffff8e67f59f0c00 2930292842 S Co:2:005:0 s 40 b9 0000 0000 0004 4 = 09006603
ffff8e67f59f0c00 2930295401 C Co:2:005:0 0 4 >
ffff8e67f59f0c00 2930295531 S Ii:2:005:3 -115:1 3 <
ffff8e67f59f0c00 2930296774 C Ii:2:005:3 0:1 3 = 100000
ffff8e67f59f0c00 2930296854 S Ci:2:005:0 s c0 bc 0800 0016 0002 2 <
ffff8e67f59f0c00 2930299418 C Ci:2:005:0 0 2 = 0900
ffff8e67f59f0c00 2930299611 S Ci:2:005:0 s c0 bc 0900 001c 0002 2 <
ffff8e67f59f0c00 2930302152 C Ci:2:005:0 0 2 = 2f6f
ffff8e67f59f0c00 2930302281 S Ci:2:005:0 s c0 bc 0800 23be 0002 2 <
ffff8e67f59f0c00 2930304845 C Ci:2:005:0 0 2 = 0000
ffff8e67f59f0c00 2930305093 S Co:2:005:0 s 40 bc 0900 0014 0002 2 = d39e
ffff8e67f59f0c00 2930307658 C Co:2:005:0 0 2 >
ffff8e67f59f0c00 2930307853 S Ci:2:005:0 s c0 bc 0900 001c 0002 2 <
ffff8e67f59f0c00 2930310397 C Ci:2:005:0 0 2 = 2f6f
ffff8e67f59f0c00 2930310609 S Co:2:005:0 s 40 b9 0000 0000 0004 4 = 09016601
ffff8e67f59f0c00 2930313023 C Co:2:005:0 0 4 >
ffff8e67f59f0c00 2930313214 S Ii:2:005:3 -115:1 3 <
ffff8e67f59f0c00 2930314398 C Ii:2:005:3 0:1 3 = 100000
ffff8e67f59f0c00 2930314534 S Ci:2:005:0 s c0 bc 0800 0016 0002 2 <
ffff8e67f59f0c00 2930317063 C Ci:2:005:0 0 2 = 0900
ffff8e67f59f0c00 2930317258 S Ci:2:005:0 s c0 bc 0900 001c 0002 2 <
ffff8e67f59f0c00 2930319728 C Ci:2:005:0 0 2 = 2f6f
ffff8e67f59f0c00 2930319917 S Ci:2:005:0 s c0 bc 0800 23be 0004 4 <
ffff8e67f59f0c00 2930322516 C Ci:2:005:0 0 4 = 000078e0
ffff8e67f59f0c00 2930322694 S Co:2:005:0 s 40 bc 0800 00c0 0004 4 = 9989ec00
ffff8e67f59f0c00 2930325366 C Co:2:005:0 0 4 >
ffff8e67f59f0c00 2930325562 S Co:2:005:0 s 40 b9 0000 0000 0004 4 = 09006603
ffff8e67f59f0c00 2930328056 C Co:2:005:0 0 4 >
ffff8e67f59f0c00 2930328163 S Ii:2:005:3 -115:1 3 <
ffff8e67f59f0c00 2930329314 C Ii:2:005:3 0:1 3 = 100000
ffff8e67f59f0c00 2930329402 S Ci:2:005:0 s c0 bc 0800 0016 0002 2 <
ffff8e67f59f0c00 2930332115 C Ci:2:005:0 0 2 = 0900
ffff8e67f59f0c00 2930332306 S Ci:2:005:0 s c0 bc 0900 001c 0002 2 <
ffff8e67f59f0c00 2930334849 C Ci:2:005:0 0 2 = 2f6f
ffff8e67f59f0c00 2930335068 S Ci:2:005:0 s c0 bc 0800 23be 0002 2 <
ffff8e67f59f0c00 2930337526 C Ci:2:005:0 0 2 = 0000
ffff8e67f59f0c00 2930337724 S Co:2:005:0 s 40 bc 0900 0014 0002 2 = d39e
ffff8e67f59f0c00 2930340280 C Co:2:005:0 0 2 >
ffff8e67f59f0c00 2930340399 S Ci:2:005:0 s c0 bc 0900 001c 0002 2 <
ffff8e67f59f0c00 2930342902 C Ci:2:005:0 0 2 = 2f6f
ffff8e67f59f0c00 2930343095 S Co:2:005:0 s 40 b9 0000 0000 0004 4 = 09016601
ffff8e67f59f0c00 2930345701 C Co:2:005:0 0 4 >
ffff8e67f59f0c00 2930345893 S Ii:2:005:3 -115:1 3 <
ffff8e67f59f0c00 2930347019 C Ii:2:005:3 0:1 3 = 100000
ffff8e67f59f0c00 2930347080 S Ci:2:005:0 s c0 bc 0800 0016 0002 2 <
ffff8e67f59f0c00 2930349764 C Ci:2:005:0 0 2 = 0900
ffff8e67f59f0c00 2930349975 S Ci:2:005:0 s c0 bc 0900 001c 0002 2 <
ffff8e67f59f0c00 2930352425 C Ci:2:005:0 0 2 = 2f6f
ffff8e67f59f0c00 2930352621 S Ci:2:005:0 s c0 bc 0800 23be 0004 4 <
ffff8e67f59f0c00 2930355141 C Ci:2:005:0 0 4 = 000003e0
ffff8e67f59f0c00 2930355337 S Co:2:005:0 s 40 bc 0800 00c0 0004 4 = 9989ec00
ffff8e67f59f0c00 2930357773 C Co:2:005:0 0 4 >
ffff8e67f59f0c00 2930357875 S Co:2:005:0 s 40 b9 0000 0000 0004 4 = 09006603
ffff8e67f59f0c00 2930360382 C Co:2:005:0 0 4 >
ffff8e67f59f0c00 2930360561 S Ii:2:005:3 -115:1 3 <
ffff8e67f59f0c00 2930361654 C Ii:2:005:3 0:1 3 = 100000
ffff8e67f59f0c00 2930361789 S Ci:2:005:0 s c0 bc 0800 0016 0002 2 <
ffff8e67f59f0c00 2930364206 C Ci:2:005:0 0 2 = 0900
ffff8e67f59f0c00 2930364323 S Ci:2:005:0 s c0 bc 0900 001c 0002 2 <
ffff8e67f59f0c00 2930366806 C Ci:2:005:0 0 2 = 2f6f
ffff8e67f59f0c00 2930366941 S Ci:2:005:0 s c0 bc 0800 23be 0002 2 <
ffff8e67f59f0c00 2930369570 C Ci:2:005:0 0 2 = 0000
ffff8e67f59f0c00 2930369738 S Co:2:005:0 s 40 bc 0900 0014 0002 2 = d39e
ffff8e67f59f0c00 2930372314 C Co:2:005:0 0 2 >
ffff8e67f59f0c00 2930372480 S Ci:2:005:0 s c0 bc 0900 001c 0002 2 <
ffff8e67f59f0c00 2930375070 C Ci:2:005:0 0 2 = 2f6f
ffff8e67f59f0c00 2930375220 S Co:2:005:0 s 40 b9 0000 0000 0004 4 = 09016601
ffff8e67f59f0c00 2930377742 C Co:2:005:0 0 4 >
ffff8e67f59f0c00 2930377891 S Ii:2:005:3 -115:1 3 <
ffff8e67f59f0c00 2930379057 C Ii:2:005:3 0:1 3 = 100000
ffff8e67f59f0c00 2930379229 S Ci:2:005:0 s c0 bc 0800 0016 0002 2 <
ffff8e67f59f0c00 2930381762 C Ci:2:005:0 0 2 = 0900
ffff8e67f59f0c00 2930381954 S Ci:2:005:0 s c0 bc 0900 001c 0002 2 <
ffff8e67f59f0c00 2930384373 C Ci:2:005:0 0 2 = 2f6f
ffff8e67f59f0c00 2930384528 S Ci:2:005:0 s c0 bc 0800 23be 0004 4 <
ffff8e67f59f0c00 2930387081 C Ci:2:005:0 0 4 = 000091e0
ffff8e67f59f0c00 2930387256 S Co:2:005:0 s 40 bc 0800 00c0 0004 4 = 9989ec00
ffff8e67f59f0c00 2930389739 C Co:2:005:0 0 4 >
ffff8e67f59f0c00 2930389891 S Co:2:005:0 s 40 b9 0000 0000 0004 4 = 09006603
ffff8e67f59f0c00 2930392389 C Co:2:005:0 0 4 >
ffff8e67f59f0c00 2930392542 S Ii:2:005:3 -115:1 3 <
ffff8e67f59f0c00 2930393662 C Ii:2:005:3 0:1 3 = 100000
ffff8e67f59f0c00 2930393812 S Ci:2:005:0 s c0 bc 0800 0016 0002 2 <
ffff8e67f59f0c00 2930396405 C Ci:2:005:0 0 2 = 0900
ffff8e67f59f0c00 2930396560 S Ci:2:005:0 s c0 bc 0900 001c 0002 2 <
ffff8e67f59f0c00 2930399085 C Ci:2:005:0 0 2 = 2f6f
ffff8e67f59f0c00 2930399240 S Ci:2:005:0 s c0 bc 0800 23be 0002 2 <
ffff8e67f59f0c00 2930401751 C Ci:2:005:0 0 2 = 0000
ffff8e67f59f0c00 2930401911 S Co:2:005:0 s 40 bc 0900 0014 0002 2 = d39e
ffff8e67f59f0c00 2930404388 C Co:2:005:0 0 2 >
ffff8e67f59f0c00 2930404514 S Ci:2:005:0 s c0 bc 0900 001c 0002 2 <
ffff8e67f59f0c00 2930407088 C Ci:2:005:0 0 2 = 2f6f
ffff8e67f59f0c00 2930407242 S Co:2:005:0 s 40 b9 0000 0000 0004 4 = 09016601
ffff8e67f59f0c00 2930409702 C Co:2:005:0 0 4 >
ffff8e67f59f0c00 2930409855 S Ii:2:005:3 -115:1 3 <
ffff8e67f59f0c00 2930410975 C Ii:2:005:3 0:1 3 = 100000
ffff8e67f59f0c00 2930411128 S Ci:2:005:0 s c0 bc 0800 0016 0002 2 <
ffff8e67f59f0c00 2930413756 C Ci:2:005:0 0 2 = 0900
ffff8e67f59f0c00 2930413936 S Ci:2:005:0 s c0 bc 0900 001c 0002 2 <
ffff8e67f59f0c00 2930416367 C Ci:2:005:0 0 2 = 2f6f
ffff8e67f59f0c00 2930416522 S Ci:2:005:0 s c0 bc 0800 23be 0004 4 <
ffff8e67f59f0c00 2930419080 C Ci:2:005:0 0 4 = 0000f4e0
ffff8e67f59f0c00 2930419234 S Co:2:005:0 s 40 bc 0800 00c0 0004 4 = 9989ec00
ffff8e67f59f0c00 2930421708 C Co:2:005:0 0 4 >
ffff8e67f59f0c00 2930421868 S Co:2:005:0 s 40 b9 0000 0000 0004 4 = 09006603
ffff8e67f59f0c00 2930424354 C Co:2:005:0 0 4 >
ffff8e67f59f0c00 2930424477 S Ii:2:005:3 -115:1 3 <
ffff8e67f59f0c00 2930425646 C Ii:2:005:3 0:1 3 = 100000
ffff8e67f59f0c00 2930425799 S Ci:2:005:0 s c0 bc 0800 0016 0002 2 <
ffff8e67f59f0c00 2930428403 C Ci:2:005:0 0 2 = 0900
ffff8e67f59f0c00 2930428556 S Ci:2:005:0 s c0 bc 0900 001c 0002 2 <
ffff8e67f59f0c00 2930431120 C Ci:2:005:0 0 2 = 2f6f
ffff8e67f59f0c00 2930431273 S Ci:2:005:0 s c0 bc 0800 23be 0002 2 <
ffff8e67f59f0c00 2930433740 C Ci:2:005:0 0 2 = 0000
ffff8e67f59f0c00 2930433897 S Co:2:005:0 s 40 bc 0900 0014 0002 2 = d39e
ffff8e67f59f0c00 2930436505 C Co:2:005:0 0 2 >
ffff8e67f59f0c00 2930436658 S Ci:2:005:0 s c0 bc 0900 001c 0002 2 <
ffff8e67f59f0c00 2930439151 C Ci:2:005:0 0 2 = 2f6f
ffff8e67f59f0c00 2930439319 S Co:2:005:0 s 40 b9 0000 0000 0004 4 = 09016601
ffff8e67f59f0c00 2930441863 C Co:2:005:0 0 4 >
ffff8e67f59f0c00 2930442066 S Ii:2:005:3 -115:1 3 <
ffff8e67f59f0c00 2930443124 C Ii:2:005:3 0:1 3 = 100000
ffff8e67f59f0c00 2930443192 S Ci:2:005:0 s c0 bc 0800 0016 0002 2 <
ffff8e67f59f0c00 2930446017 C Ci:2:005:0 0 2 = 0900
ffff8e67f59f0c00 2930446181 S Ci:2:005:0 s c0 bc 0900 001c 0002 2 <
ffff8e67f59f0c00 2930448709 C Ci:2:005:0 0 2 = 2f6f
ffff8e67f59f0c00 2930448862 S Ci:2:005:0 s c0 bc 0800 23be 0004 4 <
ffff8e67f59f0c00 2930451419 C Ci:2:005:0 0 4 = 0000b8e0
ffff8e67f59f0c00 2930451577 S Co:2:005:0 s 40 bc 0800 00c0 0004 4 = 9989ec00
ffff8e67f59f0c00 2930454099 C Co:2:005:0 0 4 >
ffff8e67f59f0c00 2930454259 S Co:2:005:0 s 40 b9 0000 0000 0004 4 = 09006603
ffff8e67f59f0c00 2930456729 C Co:2:005:0 0 4 >
ffff8e67f59f0c00 2930456880 S Ii:2:005:3 -115:1 3 <
ffff8e67f59f0c00 2930458029 C Ii:2:005:3 0:1 3 = 100000
ffff8e67f59f0c00 2930458179 S Ci:2:005:0 s c0 bc 0800 0016 0002 2 <
ffff8e67f59f0c00 2930460741 C Ci:2:005:0 0 2 = 0900
ffff8e67f59f0c00 2930460895 S Ci:2:005:0 s c0 bc 0900 001c 0002 2 <
ffff8e67f59f0c00 2930463398 C Ci:2:005:0 0 2 = 2f6f
ffff8e67f59f0c00 2930463552 S Ci:2:005:0 s c0 bc 0800 23be 0002 2 <
ffff8e67f59f0c00 2930466140 C Ci:2:005:0 0 2 = 0000
ffff8e67f59f0c00 2930466307 S Co:2:005:0 s 40 bc 0900 0014 0002 2 = d39e
ffff8e67f59f0c00 2930468698 C Co:2:005:0 0 2 >
ffff8e67f59f0c00 2930468850 S Ci:2:005:0 s c0 bc 0900 001c 0002 2 <
ffff8e67f59f0c00 2930471392 C Ci:2:005:0 0 2 = 2f6f
ffff8e67f59f0c00 2930471548 S Co:2:005:0 s 40 b9 0000 0000 0004 4 = 09016601
ffff8e67f59f0c00 2930474095 C Co:2:005:0 0 4 >
ffff8e67f59f0c00 2930474247 S Ii:2:005:3 -115:1 3 <
ffff8e67f59f0c00 2930475448 C Ii:2:005:3 0:1 3 = 100000
ffff8e67f59f0c00 2930475602 S Ci:2:005:0 s c0 bc 0800 0016 0002 2 <
ffff8e67f59f0c00 2930478246 C Ci:2:005:0 0 2 = 0900
ffff8e67f59f0c00 2930478402 S Ci:2:005:0 s c0 bc 0900 001c 0002 2 <
ffff8e67f59f0c00 2930480824 C Ci:2:005:0 0 2 = 2f6f
ffff8e67f59f0c00 2930480989 S Ci:2:005:0 s c0 bc 0800 23be 0004 4 <
ffff8e67f59f0c00 2930483520 C Ci:2:005:0 0 4 = 000051e0
ffff8e67f59f0c00 2930483677 S Co:2:005:0 s 40 bc 0800 00c0 0004 4 = 9989ec00
ffff8e67f59f0c00 2930486205 C Co:2:005:0 0 4 >
ffff8e67f59f0c00 2930486366 S Co:2:005:0 s 40 b9 0000 0000 0004 4 = 09006603
ffff8e67f59f0c00 2930488885 C Co:2:005:0 0 4 >
ffff8e67f59f0c00 2930489070 S Ii:2:005:3 -115:1 3 <
ffff8e67f59f0c00 2930490169 C Ii:2:005:3 0:1 3 = 100000
ffff8e67f59f0c00 2930490252 S Ci:2:005:0 s c0 bc 0800 0016 0002 2 <
ffff8e67f59f0c00 2930493086 C Ci:2:005:0 0 2 = 0900
ffff8e67f59f0c00 2930493239 S Ci:2:005:0 s c0 bc 0900 001c 0002 2 <
ffff8e67f59f0c00 2930495703 C Ci:2:005:0 0 2 = 2f6f
ffff8e67f59f0c00 2930495859 S Ci:2:005:0 s c0 bc 0800 23be 0002 2 <
ffff8e67f59f0c00 2930498374 C Ci:2:005:0 0 2 = 0000
ffff8e67f59f0c00 2930498533 S Co:2:005:0 s 40 bc 0900 0014 0002 2 = d39e
ffff8e67f59f0c00 2930501095 C Co:2:005:0 0 2 >
ffff8e67f59f0c00 2930501244 S Ci:2:005:0 s c0 bc 0900 001c 0002 2 <
ffff8e67f59f0c00 2930503862 C Ci:2:005:0 0 2 = 2f6f
ffff8e67f59f0c00 2930504026 S Co:2:005:0 s 40 b9 0000 0000 0004 4 = 09016601
ffff8e67f59f0c00 2930506622 C Co:2:005:0 0 4 >
ffff8e67f59f0c00 2930506773 S Ii:2:005:3 -115:1 3 <
ffff8e67f59f0c00 2930507972 C Ii:2:005:3 0:1 3 = 100000
ffff8e67f59f0c00 2930508137 S Ci:2:005:0 s c0 bc 0800 0016 0002 2 <
ffff8e67f59f0c00 2930510769 C Ci:2:005:0 0 2 = 0900
ffff8e67f59f0c00 2930510942 S Ci:2:005:0 s c0 bc 0900 001c 0002 2 <
ffff8e67f59f0c00 2930513481 C Ci:2:005:0 0 2 = 2f6f
ffff8e67f59f0c00 2930513634 S Ci:2:005:0 s c0 bc 0800 23be 0004 4 <
ffff8e67f59f0c00 2930516282 C Ci:2:005:0 0 4 = 0000d2e0
ffff8e67f59f0c00 2930516449 S Co:2:005:0 s 40 bc 0800 00c0 0004 4 = 9989ec00
ffff8e67f59f0c00 2930518968 C Co:2:005:0 0 4 >
ffff8e67f59f0c00 2930519139 S Co:2:005:0 s 40 b9 0000 0000 0004 4 = 09006603
ffff8e67f59f0c00 2930521624 C Co:2:005:0 0 4 >
ffff8e67f59f0c00 2930521775 S Ii:2:005:3 -115:1 3 <
ffff8e67f59f0c00 2930522906 C Ii:2:005:3 0:1 3 = 100000
ffff8e67f59f0c00 2930523101 S Ci:2:005:0 s c0 bc 0800 0016 0002 2 <
ffff8e67f59f0c00 2930525442 C Ci:2:005:0 0 2 = 0900
ffff8e67f59f0c00 2930525529 S Ci:2:005:0 s c0 bc 0900 001c 0002 2 <
ffff8e67f59f0c00 2930528205 C Ci:2:005:0 0 2 = 2f6f
ffff8e67f59f0c00 2930528354 S Ci:2:005:0 s c0 bc 0800 23be 0002 2 <
ffff8e67f59f0c00 2930530879 C Ci:2:005:0 0 2 = 0000
ffff8e67f59f0c00 2930531077 S Co:2:005:0 s 40 bc 0900 0014 0002 2 = d39e
ffff8e67f59f0c00 2930533479 C Co:2:005:0 0 2 >
ffff8e67f59f0c00 2930533654 S Ci:2:005:0 s c0 bc 0900 001c 0002 2 <
ffff8e67f59f0c00 2930536191 C Ci:2:005:0 0 2 = 2f6f
ffff8e67f59f0c00 2930536376 S Co:2:005:0 s 40 b9 0000 0000 0004 4 = 09016601
ffff8e67f59f0c00 2930538796 C Co:2:005:0 0 4 >
ffff8e67f59f0c00 2930538976 S Ii:2:005:3 -115:1 3 <
ffff8e67f59f0c00 2930540074 C Ii:2:005:3 0:1 3 = 100000
ffff8e67f59f0c00 2930540264 S Ci:2:005:0 s c0 bc 0800 0016 0002 2 <
ffff8e67f59f0c00 2930542772 C Ci:2:005:0 0 2 = 0900
ffff8e67f59f0c00 2930543000 S Ci:2:005:0 s c0 bc 0900 001c 0002 2 <
ffff8e67f59f0c00 2930545496 C Ci:2:005:0 0 2 = 2f6f
ffff8e67f59f0c00 2930545661 S Ci:2:005:0 s c0 bc 0800 23be 0004 4 <
ffff8e67f59f0c00 2930548245 C Ci:2:005:0 0 4 = 000083e0
ffff8e67f59f0c00 2930548381 S Co:2:005:0 s 40 bc 0800 00c0 0004 4 = 9989ec00
ffff8e67f59f0c00 2930551010 C Co:2:005:0 0 4 >
ffff8e67f59f0c00 2930551172 S Co:2:005:0 s 40 b9 0000 0000 0004 4 = 09006603
ffff8e67f59f0c00 2930553651 C Co:2:005:0 0 4 >
ffff8e67f59f0c00 2930553815 S Ii:2:005:3 -115:1 3 <
ffff8e67f59f0c00 2930554952 C Ii:2:005:3 0:1 3 = 100000
ffff8e67f59f0c00 2930555118 S Ci:2:005:0 s c0 bc 0800 0016 0002 2 <
ffff8e67f59f0c00 2930557690 C Ci:2:005:0 0 2 = 0900
ffff8e67f59f0c00 2930557885 S Ci:2:005:0 s c0 bc 0900 001c 0002 2 <
ffff8e67f59f0c00 2930560356 C Ci:2:005:0 0 2 = 2f6f
ffff8e67f59f0c00 2930560521 S Ci:2:005:0 s c0 bc 0800 23be 0002 2 <
ffff8e67f59f0c00 2930563050 C Ci:2:005:0 0 2 = 0000
ffff8e67f59f0c00 2930563219 S Co:2:005:0 s 40 bc 0900 0014 0002 2 = d39e
ffff8e67f59f0c00 2930565660 C Co:2:005:0 0 2 >
ffff8e67f59f0c00 2930565843 S Ci:2:005:0 s c0 bc 0900 001c 0002 2 <
ffff8e67f59f0c00 2930568284 C Ci:2:005:0 0 2 = 2f6f
ffff8e67f59f0c00 2930568480 S Co:2:005:0 s 40 b9 0000 0000 0004 4 = 09016601
ffff8e67f59f0c00 2930570886 C Co:2:005:0 0 4 >
ffff8e67f59f0c00 2930571141 S Ii:2:005:3 -115:1 3 <
ffff8e67f59f0c00 2930572249 C Ii:2:005:3 0:1 3 = 100000
ffff8e67f59f0c00 2930572346 S Ci:2:005:0 s c0 bc 0800 0016 0002 2 <
ffff8e67f59f0c00 2930574905 C Ci:2:005:0 0 2 = 0900
ffff8e67f59f0c00 2930575138 S Ci:2:005:0 s c0 bc 0900 001c 0002 2 <
ffff8e67f59f0c00 2930577542 C Ci:2:005:0 0 2 = 2f6f
ffff8e67f59f0c00 2930577761 S Ci:2:005:0 s c0 bc 0800 23be 0004 4 <
ffff8e67f59f0c00 2930580189 C Ci:2:005:0 0 4 = 000091e0
ffff8e67f59f0c00 2930580355 S Co:2:005:0 s 40 bc 0800 00c0 0004 4 = 9989ec00
ffff8e67f59f0c00 2930582888 C Co:2:005:0 0 4 >
ffff8e67f59f0c00 2930583120 S Co:2:005:0 s 40 b9 0000 0000 0004 4 = 09006603
ffff8e67f59f0c00 2930585535 C Co:2:005:0 0 4 >
ffff8e67f59f0c00 2930585713 S Ii:2:005:3 -115:1 3 <
ffff8e67f59f0c00 2930587011 C Ii:2:005:3 0:1 3 = 100000
ffff8e67f59f0c00 2930587178 S Ci:2:005:0 s c0 bc 0800 0016 0002 2 <
ffff8e67f59f0c00 2930589655 C Ci:2:005:0 0 2 = 0900
ffff8e67f59f0c00 2930589867 S Ci:2:005:0 s c0 bc 0900 001c 0002 2 <
ffff8e67f59f0c00 2930592286 C Ci:2:005:0 0 2 = 2f6f
ffff8e67f59f0c00 2930592475 S Ci:2:005:0 s c0 bc 0800 23be 0002 2 <
ffff8e67f59f0c00 2930594900 C Ci:2:005:0 0 2 = 0000
ffff8e67f59f0c00 2930595093 S Co:2:005:0 s 40 bc 0900 0014 0002 2 = d39e
ffff8e67f59f0c00 2930597515 C Co:2:005:0 0 2 >
ffff8e67f59f0c00 2930597748 S Ci:2:005:0 s c0 bc 0900 001c 0002 2 <
ffff8e67f59f0c00 2930600179 C Ci:2:005:0 0 2 = 2f6f
ffff8e67f59f0c00 2930600389 S Co:2:005:0 s 40 b9 0000 0000 0004 4 = 09016601
ffff8e67f59f0c00 2930602890 C Co:2:005:0 0 4 >
ffff8e67f59f0c00 2930603104 S Ii:2:005:3 -115:1 3 <
ffff8e67f59f0c00 2930604258 C Ii:2:005:3 0:1 3 = 100000
ffff8e67f59f0c00 2930604310 S Ci:2:005:0 s c0 bc 0800 0016 0002 2 <
ffff8e67f59f0c00 2930606933 C Ci:2:005:0 0 2 = 0900
ffff8e67f59f0c00 2930607138 S Ci:2:005:0 s c0 bc 0900 001c 0002 2 <
ffff8e67f59f0c00 2930609540 C Ci:2:005:0 0 2 = 2f6f
ffff8e67f59f0c00 2930609737 S Ci:2:005:0 s c0 bc 0800 23be 0004 4 <
ffff8e67f59f0c00 2930612162 C Ci:2:005:0 0 4 = 000089e0
ffff8e67f59f0c00 2930612394 S Co:2:005:0 s 40 bc 0800 00c0 0004 4 = 9989ec00
ffff8e67f59f0c00 2930614750 C Co:2:005:0 0 4 >
ffff8e67f59f0c00 2930615055 S Co:2:005:0 s 40 b9 0000 0000 0004 4 = 09006603
ffff8e67f59f0c00 2930617380 C Co:2:005:0 0 4 >
ffff8e67f59f0c00 2930617686 S Ii:2:005:3 -115:1 3 <
ffff8e67f59f0c00 2930618716 C Ii:2:005:3 0:1 3 = 100000
ffff8e67f59f0c00 2930618844 S Ci:2:005:0 s c0 bc 0800 0016 0002 2 <
ffff8e67f59f0c00 2930621412 C Ci:2:005:0 0 2 = 0900
ffff8e67f59f0c00 2930621600 S Ci:2:005:0 s c0 bc 0900 001c 0002 2 <
ffff8e67f59f0c00 2930624036 C Ci:2:005:0 0 2 = 2f6f
ffff8e67f59f0c00 2930624244 S Ci:2:005:0 s c0 bc 0800 23be 0002 2 <
ffff8e67f59f0c00 2930626649 C Ci:2:005:0 0 2 = 0000
ffff8e67f59f0c00 2930626865 S Co:2:005:0 s 40 bc 0900 0014 0002 2 = d39e
ffff8e67f59f0c00 2930629263 C Co:2:005:0 0 2 >
ffff8e67f59f0c00 2930629471 S Ci:2:005:0 s c0 bc 0900 001c 0002 2 <
ffff8e67f59f0c00 2930631905 C Ci:2:005:0 0 2 = 2f6f
ffff8e67f59f0c00 2930632108 S Co:2:005:0 s 40 b9 0000 0000 0004 4 = 09016601
ffff8e67f59f0c00 2930634501 C Co:2:005:0 0 4 >
ffff8e67f59f0c00 2930634658 S Ii:2:005:3 -115:1 3 <
ffff8e67f59f0c00 2930635782 C Ii:2:005:3 0:1 3 = 100000
ffff8e67f59f0c00 2930635949 S Ci:2:005:0 s c0 bc 0800 0016 0002 2 <
ffff8e67f59f0c00 2930638519 C Ci:2:005:0 0 2 = 0900
ffff8e67f59f0c00 2930638690 S Ci:2:005:0 s c0 bc 0900 001c 0002 2 <
ffff8e67f59f0c00 2930641155 C Ci:2:005:0 0 2 = 2f6f
ffff8e67f59f0c00 2930641373 S Ci:2:005:0 s c0 bc 0800 23be 0004 4 <
ffff8e67f59f0c00 2930643767 C Ci:2:005:0 0 4 = 000087e0
ffff8e67f59f0c00 2930644051 S Co:2:005:0 s 40 bc 0800 00c0 0004 4 = 9989ec00
ffff8e67f59f0c00 2930646376 C Co:2:005:0 0 4 >
ffff8e67f59f0c00 2930646537 S Co:2:005:0 s 40 b9 0000 0000 0004 4 = 09006603
ffff8e67f59f0c00 2930649008 C Co:2:005:0 0 4 >
ffff8e67f59f0c00 2930649216 S Ii:2:005:3 -115:1 3 <
ffff8e67f59f0c00 2930650258 C Ii:2:005:3 0:1 3 = 100000
ffff8e67f59f0c00 2930650424 S Ci:2:005:0 s c0 bc 0800 0016 0002 2 <
ffff8e67f59f0c00 2930652876 C Ci:2:005:0 0 2 = 0900
ffff8e67f59f0c00 2930653092 S Ci:2:005:0 s c0 bc 0900 001c 0002 2 <
ffff8e67f59f0c00 2930655512 C Ci:2:005:0 0 2 = 2f6f
ffff8e67f59f0c00 2930655622 S Ci:2:005:0 s c0 bc 0800 23be 0002 2 <
ffff8e67f59f0c00 2930658150 C Ci:2:005:0 0 2 = 0000
ffff8e67f59f0c00 2930658318 S Co:2:005:0 s 40 bc 0900 0014 0002 2 = d39e
ffff8e67f59f0c00 2930660734 C Co:2:005:0 0 2 >
ffff8e67f59f0c00 2930660992 S Ci:2:005:0 s c0 bc 0900 001c 0002 2 <
ffff8e67f59f0c00 2930663372 C Ci:2:005:0 0 2 = 2f6f
ffff8e67f59f0c00 2930663524 S Co:2:005:0 s 40 b9 0000 0000 0004 4 = 09016601
ffff8e67f59f0c00 2930665986 C Co:2:005:0 0 4 >
ffff8e67f59f0c00 2930666093 S Ii:2:005:3 -115:1 3 <
ffff8e67f59f0c00 2930667214 C Ii:2:005:3 0:1 3 = 100000
ffff8e67f59f0c00 2930667404 S Ci:2:005:0 s c0 bc 0800 0016 0002 2 <
ffff8e67f59f0c00 2930669875 C Ci:2:005:0 0 2 = 0900
ffff8e67f59f0c00 2930670069 S Ci:2:005:0 s c0 bc 0900 001c 0002 2 <
ffff8e67f59f0c00 2930672500 C Ci:2:005:0 0 2 = 2f6f
ffff8e67f59f0c00 2930672650 S Ci:2:005:0 s c0 bc 0800 23be 0004 4 <
ffff8e67f59f0c00 2930675114 C Ci:2:005:0 0 4 = 000087e0
ffff8e67f59f0c00 2930675263 S Co:2:005:0 s 40 bc 0800 00c0 0004 4 = 9989ec00
ffff8e67f59f0c00 2930677723 C Co:2:005:0 0 4 >
ffff8e67f59f0c00 2930678028 S Co:2:005:0 s 40 b9 0000 0000 0004 4 = 09006603
ffff8e67f59f0c00 2930680352 C Co:2:005:0 0 4 >
ffff8e67f59f0c00 2930680470 S Ii:2:005:3 -115:1 3 <
ffff8e67f59f0c00 2930681615 C Ii:2:005:3 0:1 3 = 100000
ffff8e67f59f0c00 2930681803 S Ci:2:005:0 s c0 bc 0800 0016 0002 2 <
ffff8e67f59f0c00 2930684240 C Ci:2:005:0 0 2 = 0900
ffff8e67f59f0c00 2930684401 S Ci:2:005:0 s c0 bc 0900 001c 0002 2 <
ffff8e67f59f0c00 2930686908 C Ci:2:005:0 0 2 = 2f6f
ffff8e67f59f0c00 2930687093 S Ci:2:005:0 s c0 bc 0800 23be 0002 2 <
ffff8e67f59f0c00 2930689518 C Ci:2:005:0 0 2 = 0000
ffff8e67f59f0c00 2930689674 S Co:2:005:0 s 40 bc 0900 0014 0002 2 = d39e
ffff8e67f59f0c00 2930692224 C Co:2:005:0 0 2 >
ffff8e67f59f0c00 2930692391 S Ci:2:005:0 s c0 bc 0900 001c 0002 2 <
ffff8e67f59f0c00 2930694860 C Ci:2:005:0 0 2 = 2f6f
ffff8e67f59f0c00 2930695051 S Co:2:005:0 s 40 b9 0000 0000 0004 4 = 09016601
ffff8e67f59f0c00 2930697494 C Co:2:005:0 0 4 >
ffff8e67f59f0c00 2930697624 S Ii:2:005:3 -115:1 3 <
ffff8e67f59f0c00 2930698810 C Ii:2:005:3 0:1 3 = 100000
ffff8e67f59f0c00 2930698943 S Ci:2:005:0 s c0 bc 0800 0016 0002 2 <
ffff8e67f59f0c00 2930701486 C Ci:2:005:0 0 2 = 0900
ffff8e67f59f0c00 2930701725 S Ci:2:005:0 s c0 bc 0900 001c 0002 2 <
ffff8e67f59f0c00 2930704110 C Ci:2:005:0 0 2 = 2f6f
ffff8e67f59f0c00 2930704264 S Ci:2:005:0 s c0 bc 0800 23be 0004 4 <
ffff8e67f59f0c00 2930706727 C Ci:2:005:0 0 4 = 0000b1e0
ffff8e67f59f0c00 2930707043 S Co:2:005:0 s 40 bc 0800 00c0 0002 2 = 1581
ffff8e67f59f0c00 2930709363 C Co:2:005:0 0 2 >
ffff8e67f59f0c00 2930709561 S Co:2:005:0 s 40 b9 0000 0000 0004 4 = 09009802
ffff8e67f59f0c00 2930711986 C Co:2:005:0 0 4 >
ffff8e67f59f0c00 2930712139 S Ii:2:005:3 -115:1 3 <
ffff8e67f59f0c00 2930713180 C Ii:2:005:3 0:1 3 = 100000
ffff8e67f59f0c00 2930713247 S Ci:2:005:0 s c0 bc 0800 0016 0002 2 <
ffff8e67f59f0c00 2930715852 C Ci:2:005:0 0 2 = 0900
ffff8e67f59f0c00 2930716050 S Ci:2:005:0 s c0 bc 0900 001c 0002 2 <
ffff8e67f59f0c00 2930718479 C Ci:2:005:0 0 2 = 2f6f
ffff8e67f59f0c00 2930718599 S Ci:2:005:0 s c0 bc 0800 23be 0002 2 <
ffff8e67f59f0c00 2930721120 C Ci:2:005:0 0 2 = 0000
ffff8e67f59f0c00 2930721286 S Co:2:005:0 s 40 bc 0900 0014 0002 2 = d39e
ffff8e67f59f0c00 2930723710 C Co:2:005:0 0 2 >
ffff8e67f59f0c00 2930723838 S Ci:2:005:0 s c0 bc 0900 001c 0002 2 <
ffff8e67f59f0c00 2930726368 C Ci:2:005:0 0 2 = 2f6f
ffff8e67f59f0c00 2930726566 S Co:2:005:0 s 40 bc 0800 00c0 0002 2 = 658a
ffff8e67f59f0c00 2930729026 C Co:2:005:0 0 2 >
ffff8e67f59f0c00 2930729143 S Co:2:005:0 s 40 b9 0000 0000 0004 4 = 09009802
ffff8e67f59f0c00 2930731450 C Co:2:005:0 0 4 >
ffff8e67f59f0c00 2930731607 S Ii:2:005:3 -115:1 3 <
ffff8e67f59f0c00 2930732692 C Ii:2:005:3 0:1 3 = 100000
ffff8e67f59f0c00 2930732862 S Ci:2:005:0 s c0 bc 0800 0016 0002 2 <
ffff8e67f59f0c00 2930735336 C Ci:2:005:0 0 2 = 0900
ffff8e67f59f0c00 2930735457 S Ci:2:005:0 s c0 bc 0900 001c 0002 2 <
ffff8e67f59f0c00 2930738120 C Ci:2:005:0 0 2 = 2f6f
ffff8e67f59f0c00 2930738248 S Ci:2:005:0 s c0 bc 0800 23be 0002 2 <
ffff8e67f59f0c00 2930740717 C Ci:2:005:0 0 2 = 0000
ffff8e67f59f0c00 2930740891 S Co:2:005:0 s 40 bc 0900 0014 0002 2 = d39e
ffff8e67f59f0c00 2930743347 C Co:2:005:0 0 2 >
ffff8e67f59f0c00 2930743491 S Ci:2:005:0 s c0 bc 0900 001c 0002 2 <
ffff8e67f59f0c00 2930745965 C Ci:2:005:0 0 2 = 2f6f
ffff8e67f59f0c00 2930746118 S Co:2:005:0 s 40 bc 0800 00c0 0002 2 = 1089
ffff8e67f59f0c00 2930748457 C Co:2:005:0 0 2 >
ffff8e67f59f0c00 2930748568 S Co:2:005:0 s 40 b9 0000 0000 0004 4 = 09009802
ffff8e67f59f0c00 2930751055 C Co:2:005:0 0 4 >
ffff8e67f59f0c00 2930751201 S Ii:2:005:3 -115:1 3 <
ffff8e67f59f0c00 2930752312 C Ii:2:005:3 0:1 3 = 100000
ffff8e67f59f0c00 2930752478 S Ci:2:005:0 s c0 bc 0800 0016 0002 2 <
ffff8e67f59f0c00 2930754964 C Ci:2:005:0 0 2 = 0900
ffff8e67f59f0c00 2930755130 S Ci:2:005:0 s c0 bc 0900 001c 0002 2 <
ffff8e67f59f0c00 2930757582 C Ci:2:005:0 0 2 = 2f6f
ffff8e67f59f0c00 2930757710 S Ci:2:005:0 s c0 bc 0800 23be 0002 2 <
ffff8e67f59f0c00 2930760207 C Ci:2:005:0 0 2 = 0000
ffff8e67f59f0c00 2930760370 S Co:2:005:0 s 40 bc 0900 0014 0002 2 = d39e
ffff8e67f59f0c00 2930762826 C Co:2:005:0 0 2 >
ffff8e67f59f0c00 2930762998 S Ci:2:005:0 s c0 bc 0900 001c 0002 2 <
ffff8e67f59f0c00 2930765471 C Ci:2:005:0 0 2 = 2f6f
ffff8e67f59f0c00 2930765643 S Co:2:005:0 s 40 bc 0800 00c0 0002 2 = 1128
ffff8e67f59f0c00 2930768056 C Co:2:005:0 0 2 >
ffff8e67f59f0c00 2930768188 S Co:2:005:0 s 40 b9 0000 0000 0004 4 = 09009802
ffff8e67f59f0c00 2930770704 C Co:2:005:0 0 4 >
ffff8e67f59f0c00 2930770837 S Ii:2:005:3 -115:1 3 <
ffff8e67f59f0c00 2930771941 C Ii:2:005:3 0:1 3 = 100000
ffff8e67f59f0c00 2930772096 S Ci:2:005:0 s c0 bc 0800 0016 0002 2 <
ffff8e67f59f0c00 2930774444 C Ci:2:005:0 0 2 = 0900
ffff8e67f59f0c00 2930774550 S Ci:2:005:0 s c0 bc 0900 001c 0002 2 <
ffff8e67f59f0c00 2930777015 C Ci:2:005:0 0 2 = 2f6f
ffff8e67f59f0c00 2930777121 S Ci:2:005:0 s c0 bc 0800 23be 0002 2 <
ffff8e67f59f0c00 2930779613 C Ci:2:005:0 0 2 = 0000
ffff8e67f59f0c00 2930779746 S Co:2:005:0 s 40 bc 0900 0014 0002 2 = d39e
ffff8e67f59f0c00 2930782341 C Co:2:005:0 0 2 >
ffff8e67f59f0c00 2930782464 S Ci:2:005:0 s c0 bc 0900 001c 0002 2 <
ffff8e67f59f0c00 2930784964 C Ci:2:005:0 0 2 = 2f6f
ffff8e67f59f0c00 2930785113 S Co:2:005:0 s 40 bc 0800 00c0 0002 2 = 1248
ffff8e67f59f0c00 2930787463 C Co:2:005:0 0 2 >
ffff8e67f59f0c00 2930787556 S Co:2:005:0 s 40 b9 0000 0000 0004 4 = 09009802
ffff8e67f59f0c00 2930790059 C Co:2:005:0 0 4 >
ffff8e67f59f0c00 2930790184 S Ii:2:005:3 -115:1 3 <
ffff8e67f59f0c00 2930791282 C Ii:2:005:3 0:1 3 = 100000
ffff8e67f59f0c00 2930791449 S Ci:2:005:0 s c0 bc 0800 0016 0002 2 <
ffff8e67f59f0c00 2930793961 C Ci:2:005:0 0 2 = 0900
ffff8e67f59f0c00 2930794083 S Ci:2:005:0 s c0 bc 0900 001c 0002 2 <
ffff8e67f59f0c00 2930796603 C Ci:2:005:0 0 2 = 2f6f
ffff8e67f59f0c00 2930796743 S Ci:2:005:0 s c0 bc 0800 23be 0002 2 <
ffff8e67f59f0c00 2930799155 C Ci:2:005:0 0 2 = 0000
ffff8e67f59f0c00 2930799314 S Co:2:005:0 s 40 bc 0900 0014 0002 2 = d39e
ffff8e67f59f0c00 2930801845 C Co:2:005:0 0 2 >
ffff8e67f59f0c00 2930802076 S Ci:2:005:0 s c0 bc 0900 001c 0002 2 <
ffff8e67f59f0c00 2930804471 C Ci:2:005:0 0 2 = 2f6f
ffff8e67f59f0c00 2930804600 S Co:2:005:0 s 40 bc 0800 00c0 0002 2 = 13a8
ffff8e67f59f0c00 2930807025 C Co:2:005:0 0 2 >
ffff8e67f59f0c00 2930807136 S Co:2:005:0 s 40 b9 0000 0000 0004 4 = 09009802
ffff8e67f59f0c00 2930809696 C Co:2:005:0 0 4 >
ffff8e67f59f0c00 2930809845 S Ii:2:005:3 -115:1 3 <
ffff8e67f59f0c00 2930810951 C Ii:2:005:3 0:1 3 = 100000
ffff8e67f59f0c00 2930811041 S Ci:2:005:0 s c0 bc 0800 0016 0002 2 <
ffff8e67f59f0c00 2930813578 C Ci:2:005:0 0 2 = 0900
ffff8e67f59f0c00 2930813712 S Ci:2:005:0 s c0 bc 0900 001c 0002 2 <
ffff8e67f59f0c00 2930816197 C Ci:2:005:0 0 2 = 2f6f
ffff8e67f59f0c00 2930816324 S Ci:2:005:0 s c0 bc 0800 23be 0002 2 <
ffff8e67f59f0c00 2930818826 C Ci:2:005:0 0 2 = 0000
ffff8e67f59f0c00 2930818966 S Co:2:005:0 s 40 bc 0900 0014 0002 2 = d39e
ffff8e67f59f0c00 2930821463 C Co:2:005:0 0 2 >
ffff8e67f59f0c00 2930821619 S Ci:2:005:0 s c0 bc 0900 001c 0002 2 <
ffff8e67f59f0c00 2930824119 C Ci:2:005:0 0 2 = 2f6f
ffff8e67f59f0c00 2930824219 S Co:2:005:0 s 40 bc 0800 00c0 0002 2 = 1488
ffff8e67f59f0c00 2930826693 C Co:2:005:0 0 2 >
ffff8e67f59f0c00 2930826815 S Co:2:005:0 s 40 b9 0000 0000 0004 4 = 09009802
ffff8e67f59f0c00 2930829316 C Co:2:005:0 0 4 >
ffff8e67f59f0c00 2930829426 S Ii:2:005:3 -115:1 3 <
ffff8e67f59f0c00 2930830555 C Ii:2:005:3 0:1 3 = 100000
ffff8e67f59f0c00 2930830668 S Ci:2:005:0 s c0 bc 0800 0016 0002 2 <
ffff8e67f59f0c00 2930833204 C Ci:2:005:0 0 2 = 0900
ffff8e67f59f0c00 2930833353 S Ci:2:005:0 s c0 bc 0900 001c 0002 2 <
ffff8e67f59f0c00 2930835828 C Ci:2:005:0 0 2 = 2f6f
ffff8e67f59f0c00 2930836009 S Ci:2:005:0 s c0 bc 0800 23be 0002 2 <
ffff8e67f59f0c00 2930838472 C Ci:2:005:0 0 2 = 0000
ffff8e67f59f0c00 2930838620 S Co:2:005:0 s 40 bc 0900 0014 0002 2 = d39e
ffff8e67f59f0c00 2930841208 C Co:2:005:0 0 2 >
ffff8e67f59f0c00 2930841352 S Ci:2:005:0 s c0 bc 0900 001c 0002 2 <
ffff8e67f59f0c00 2930843947 C Ci:2:005:0 0 2 = 2f6f
ffff8e67f59f0c00 2930844167 S Co:2:005:0 s 40 bc 0800 00c0 0002 2 = 158b
ffff8e67f59f0c00 2930846756 C Co:2:005:0 0 2 >
ffff8e67f59f0c00 2930846896 S Co:2:005:0 s 40 b9 0000 0000 0004 4 = 09009802
ffff8e67f59f0c00 2930849498 C Co:2:005:0 0 4 >
ffff8e67f59f0c00 2930849573 S Ii:2:005:3 -115:1 3 <
ffff8e67f59f0c00 2930850841 C Ii:2:005:3 0:1 3 = 100000
ffff8e67f59f0c00 2930851015 S Ci:2:005:0 s c0 bc 0800 0016 0002 2 <
ffff8e67f59f0c00 2930853500 C Ci:2:005:0 0 2 = 0900
ffff8e67f59f0c00 2930853580 S Ci:2:005:0 s c0 bc 0900 001c 0002 2 <
ffff8e67f59f0c00 2930856125 C Ci:2:005:0 0 2 = 2f6f
ffff8e67f59f0c00 2930856308 S Ci:2:005:0 s c0 bc 0800 23be 0002 2 <
ffff8e67f59f0c00 2930858815 C Ci:2:005:0 0 2 = 0000
ffff8e67f59f0c00 2930859066 S Co:2:005:0 s 40 bc 0900 0014 0002 2 = d39e
ffff8e67f59f0c00 2930861619 C Co:2:005:0 0 2 >
ffff8e67f59f0c00 2930861837 S Ci:2:005:0 s c0 bc 0900 001c 0002 2 <
ffff8e67f59f0c00 2930864352 C Ci:2:005:0 0 2 = 2f6f
ffff8e67f59f0c00 2930864464 S Co:2:005:0 s 40 bc 0800 00c0 0004 4 = 9989ed00
ffff8e67f59f0c00 2930866956 C Co:2:005:0 0 4 >
ffff8e67f59f0c00 2930867080 S Co:2:005:0 s 40 b9 0000 0000 0004 4 = 09006603
ffff8e67f59f0c00 2930869756 C Co:2:005:0 0 4 >
ffff8e67f59f0c00 2930869991 S Ii:2:005:3 -115:1 3 <
ffff8e67f59f0c00 2930871077 C Ii:2:005:3 0:1 3 = 100000
ffff8e67f59f0c00 2930871199 S Ci:2:005:0 s c0 bc 0800 0016 0002 2 <
ffff8e67f59f0c00 2930873675 C Ci:2:005:0 0 2 = 0900
ffff8e67f59f0c00 2930873797 S Ci:2:005:0 s c0 bc 0900 001c 0002 2 <
ffff8e67f59f0c00 2930876347 C Ci:2:005:0 0 2 = 2f6f
ffff8e67f59f0c00 2930876438 S Ci:2:005:0 s c0 bc 0800 23be 0002 2 <
ffff8e67f59f0c00 2930878997 C Ci:2:005:0 0 2 = 0000
ffff8e67f59f0c00 2930879193 S Co:2:005:0 s 40 bc 0900 0014 0002 2 = d39e
ffff8e67f59f0c00 2930881702 C Co:2:005:0 0 2 >
ffff8e67f59f0c00 2930881852 S Ci:2:005:0 s c0 bc 0900 001c 0002 2 <
ffff8e67f59f0c00 2930884344 C Ci:2:005:0 0 2 = 2f6f
ffff8e67f59f0c00 2930884458 S Co:2:005:0 s 40 b9 0000 0000 0004 4 = 09016601
ffff8e67f59f0c00 2930886997 C Co:2:005:0 0 4 >
ffff8e67f59f0c00 2930887080 S Ii:2:005:3 -115:1 3 <
ffff8e67f59f0c00 2930888337 C Ii:2:005:3 0:1 3 = 100000
ffff8e67f59f0c00 2930888486 S Ci:2:005:0 s c0 bc 0800 0016 0002 2 <
ffff8e67f59f0c00 2930891086 C Ci:2:005:0 0 2 = 0900
ffff8e67f59f0c00 2930891302 S Ci:2:005:0 s c0 bc 0900 001c 0002 2 <
ffff8e67f59f0c00 2930893780 C Ci:2:005:0 0 2 = 2f6f
ffff8e67f59f0c00 2930893860 S Ci:2:005:0 s c0 bc 0800 23be 0004 4 <
ffff8e67f59f0c00 2930896421 C Ci:2:005:0 0 4 = 00007ce0
ffff8e67f59f0c00 2930896634 S Co:2:005:0 s 40 bc 0800 00c0 0004 4 = 9989ec00
ffff8e67f59f0c00 2930899027 C Co:2:005:0 0 4 >
ffff8e67f59f0c00 2930899189 S Co:2:005:0 s 40 b9 0000 0000 0004 4 = 09006603
ffff8e67f59f0c00 2930901606 C Co:2:005:0 0 4 >
ffff8e67f59f0c00 2930901778 S Ii:2:005:3 -115:1 3 <
ffff8e67f59f0c00 2930902887 C Ii:2:005:3 0:1 3 = 100000
ffff8e67f59f0c00 2930903102 S Ci:2:005:0 s c0 bc 0800 0016 0002 2 <
ffff8e67f59f0c00 2930905514 C Ci:2:005:0 0 2 = 0900
ffff8e67f59f0c00 2930905610 S Ci:2:005:0 s c0 bc 0900 001c 0002 2 <
ffff8e67f59f0c00 2930908390 C Ci:2:005:0 0 2 = 2f6f
ffff8e67f59f0c00 2930908458 S Ci:2:005:0 s c0 bc 0800 23be 0002 2 <
ffff8e67f59f0c00 2930911102 C Ci:2:005:0 0 2 = 0000
ffff8e67f59f0c00 2930912264 S Co:2:005:0 s 40 bc 0900 0014 0002 2 = d39e
ffff8e67f59f0c00 2930913826 C Co:2:005:0 0 2 >
ffff8e67f59f0c00 2930913924 S Ci:2:005:0 s c0 bc 0900 001c 0002 2 <
ffff8e67f59f0c00 2930916534 C Ci:2:005:0 0 2 = 2f6f
ffff8e67f59f0c00 2930916682 S Co:2:005:0 s 40 b9 0000 0000 0004 4 = 09016601
ffff8e67f59f0c00 2930919228 C Co:2:005:0 0 4 >
ffff8e67f59f0c00 2930919390 S Ii:2:005:3 -115:1 3 <
ffff8e67f59f0c00 2930920587 C Ii:2:005:3 0:1 3 = 100000
ffff8e67f59f0c00 2930920764 S Ci:2:005:0 s c0 bc 0800 0016 0002 2 <
ffff8e67f59f0c00 2930923386 C Ci:2:005:0 0 2 = 0900
ffff8e67f59f0c00 2930923539 S Ci:2:005:0 s c0 bc 0900 001c 0002 2 <
ffff8e67f59f0c00 2930926046 C Ci:2:005:0 0 2 = 2f6f
ffff8e67f59f0c00 2930926234 S Ci:2:005:0 s c0 bc 0800 23be 0004 4 <
ffff8e67f59f0c00 2930928702 C Ci:2:005:0 0 4 = 0000a2e0
ffff8e67f59f0c00 2930928849 S Co:2:005:0 s 40 bc 0800 00c0 0004 4 = 9989ec00
ffff8e67f59f0c00 2930931453 C Co:2:005:0 0 4 >
ffff8e67f59f0c00 2930931531 S Co:2:005:0 s 40 b9 0000 0000 0004 4 = 09006603
ffff8e67f59f0c00 2930934079 C Co:2:005:0 0 4 >
ffff8e67f59f0c00 2930934193 S Ii:2:005:3 -115:1 3 <
ffff8e67f59f0c00 2930935359 C Ii:2:005:3 0:1 3 = 100000
ffff8e67f59f0c00 2930935533 S Ci:2:005:0 s c0 bc 0800 0016 0002 2 <
ffff8e67f59f0c00 2930938275 C Ci:2:005:0 0 2 = 0900
ffff8e67f59f0c00 2930938421 S Ci:2:005:0 s c0 bc 0900 001c 0002 2 <
ffff8e67f59f0c00 2930941024 C Ci:2:005:0 0 2 = 2f6f
ffff8e67f59f0c00 2930941122 S Ci:2:005:0 s c0 bc 0800 23be 0002 2 <
ffff8e67f59f0c00 2930943810 C Ci:2:005:0 0 2 = 0000
ffff8e67f59f0c00 2930944112 S Co:2:005:0 s 40 bc 0900 0014 0002 2 = d39e
ffff8e67f59f0c00 2930946331 C Co:2:005:0 0 2 >
ffff8e67f59f0c00 2930946507 S Ci:2:005:0 s c0 bc 0900 001c 0002 2 <
ffff8e67f59f0c00 2930949123 C Ci:2:005:0 0 2 = 2f6f
ffff8e67f59f0c00 2930949300 S Co:2:005:0 s 40 b9 0000 0000 0004 4 = 09016601
ffff8e67f59f0c00 2930951823 C Co:2:005:0 0 4 >
ffff8e67f59f0c00 2930952006 S Ii:2:005:3 -115:1 3 <
ffff8e67f59f0c00 2930953109 C Ii:2:005:3 0:1 3 = 100000
ffff8e67f59f0c00 2930953229 S Ci:2:005:0 s c0 bc 0800 0016 0002 2 <
ffff8e67f59f0c00 2930955782 C Ci:2:005:0 0 2 = 0900
ffff8e67f59f0c00 2930955919 S Ci:2:005:0 s c0 bc 0900 001c 0002 2 <
ffff8e67f59f0c00 2930958604 C Ci:2:005:0 0 2 = 2f6f
ffff8e67f59f0c00 2930958746 S Ci:2:005:0 s c0 bc 0800 23be 0004 4 <
ffff8e67f59f0c00 2930961276 C Ci:2:005:0 0 4 = 00002ce0
ffff8e67f59f0c00 2930961431 S Co:2:005:0 s 40 bc 0800 00c0 0004 4 = 9989ec00
ffff8e67f59f0c00 2930963882 C Co:2:005:0 0 4 >
ffff8e67f59f0c00 2930964035 S Co:2:005:0 s 40 b9 0000 0000 0004 4 = 09006603
ffff8e67f59f0c00 2930966633 C Co:2:005:0 0 4 >
ffff8e67f59f0c00 2930966818 S Ii:2:005:3 -115:1 3 <
ffff8e67f59f0c00 2930967978 C Ii:2:005:3 0:1 3 = 100000
ffff8e67f59f0c00 2930968150 S Ci:2:005:0 s c0 bc 0800 0016 0002 2 <
ffff8e67f59f0c00 2930970587 C Ci:2:005:0 0 2 = 0900
ffff8e67f59f0c00 2930970754 S Ci:2:005:0 s c0 bc 0900 001c 0002 2 <
ffff8e67f59f0c00 2930973159 C Ci:2:005:0 0 2 = 2f6f
ffff8e67f59f0c00 2930973330 S Ci:2:005:0 s c0 bc 0800 23be 0002 2 <
ffff8e67f59f0c00 2930975884 C Ci:2:005:0 0 2 = 0000
ffff8e67f59f0c00 2930976088 S Co:2:005:0 s 40 bc 0900 0014 0002 2 = d39e
ffff8e67f59f0c00 2930978597 C Co:2:005:0 0 2 >
ffff8e67f59f0c00 2930978752 S Ci:2:005:0 s c0 bc 0900 001c 0002 2 <
ffff8e67f59f0c00 2930981496 C Ci:2:005:0 0 2 = 2f6f
ffff8e67f59f0c00 2930981556 S Co:2:005:0 s 40 b9 0000 0000 0004 4 = 09016601
ffff8e67f59f0c00 2930984118 C Co:2:005:0 0 4 >
ffff8e67f59f0c00 2930984198 S Ii:2:005:3 -115:1 3 <
ffff8e67f59f0c00 2930985502 C Ii:2:005:3 0:1 3 = 100000
ffff8e67f59f0c00 2930985684 S Ci:2:005:0 s c0 bc 0800 0016 0002 2 <
ffff8e67f59f0c00 2930988318 C Ci:2:005:0 0 2 = 0900
ffff8e67f59f0c00 2930988461 S Ci:2:005:0 s c0 bc 0900 001c 0002 2 <
ffff8e67f59f0c00 2930991093 C Ci:2:005:0 0 2 = 2f6f
ffff8e67f59f0c00 2930991180 S Ci:2:005:0 s c0 bc 0800 23be 0004 4 <
ffff8e67f59f0c00 2930993839 C Ci:2:005:0 0 4 = 000059e0
ffff8e67f59f0c00 2930994006 S Co:2:005:0 s 40 bc 0800 00c0 0004 4 = 9989ec00
ffff8e67f59f0c00 2930996487 C Co:2:005:0 0 4 >
ffff8e67f59f0c00 2930996654 S Co:2:005:0 s 40 b9 0000 0000 0004 4 = 09006603
ffff8e67f59f0c00 2930999233 C Co:2:005:0 0 4 >
ffff8e67f59f0c00 2930999386 S Ii:2:005:3 -115:1 3 <
ffff8e67f59f0c00 2931000503 C Ii:2:005:3 0:1 3 = 100000
ffff8e67f59f0c00 2931000666 S Ci:2:005:0 s c0 bc 0800 0016 0002 2 <
ffff8e67f59f0c00 2931003188 C Ci:2:005:0 0 2 = 0900
ffff8e67f59f0c00 2931003340 S Ci:2:005:0 s c0 bc 0900 001c 0002 2 <
ffff8e67f59f0c00 2931005800 C Ci:2:005:0 0 2 = 2f6f
ffff8e67f59f0c00 2931005987 S Ci:2:005:0 s c0 bc 0800 23be 0002 2 <
ffff8e67f59f0c00 2931008419 C Ci:2:005:0 0 2 = 0000
ffff8e67f59f0c00 2931008564 S Co:2:005:0 s 40 bc 0900 0014 0002 2 = d39e
ffff8e67f59f0c00 2931011205 C Co:2:005:0 0 2 >
ffff8e67f59f0c00 2931011360 S Ci:2:005:0 s c0 bc 0900 001c 0002 2 <
ffff8e67f59f0c00 2931013817 C Ci:2:005:0 0 2 = 2f6f
ffff8e67f59f0c00 2931013960 S Co:2:005:0 s 40 b9 0000 0000 0004 4 = 09016601
ffff8e67f59f0c00 2931016562 C Co:2:005:0 0 4 >
ffff8e67f59f0c00 2931016687 S Ii:2:005:3 -115:1 3 <
ffff8e67f59f0c00 2931017864 C Ii:2:005:3 0:1 3 = 100000
ffff8e67f59f0c00 2931018070 S Ci:2:005:0 s c0 bc 0800 0016 0002 2 <
ffff8e67f59f0c00 2931020579 C Ci:2:005:0 0 2 = 0900
ffff8e67f59f0c00 2931020735 S Ci:2:005:0 s c0 bc 0900 001c 0002 2 <
ffff8e67f59f0c00 2931023116 C Ci:2:005:0 0 2 = 2f6f
ffff8e67f59f0c00 2931023280 S Ci:2:005:0 s c0 bc 0800 23be 0004 4 <
ffff8e67f59f0c00 2931025732 C Ci:2:005:0 0 4 = 0000dee0
ffff8e67f59f0c00 2931025886 S Co:2:005:0 s 40 bc 0800 00c0 0004 4 = 9989ec00
ffff8e67f59f0c00 2931028395 C Co:2:005:0 0 4 >
ffff8e67f59f0c00 2931028551 S Co:2:005:0 s 40 b9 0000 0000 0004 4 = 09006603
ffff8e67f59f0c00 2931031046 C Co:2:005:0 0 4 >
ffff8e67f59f0c00 2931031204 S Ii:2:005:3 -115:1 3 <
ffff8e67f59f0c00 2931032362 C Ii:2:005:3 0:1 3 = 100000
ffff8e67f59f0c00 2931032491 S Ci:2:005:0 s c0 bc 0800 0016 0002 2 <
ffff8e67f59f0c00 2931035036 C Ci:2:005:0 0 2 = 0900
ffff8e67f59f0c00 2931035222 S Ci:2:005:0 s c0 bc 0900 001c 0002 2 <
ffff8e67f59f0c00 2931037794 C Ci:2:005:0 0 2 = 2f6f
ffff8e67f59f0c00 2931037963 S Ci:2:005:0 s c0 bc 0800 23be 0002 2 <
ffff8e67f59f0c00 2931040410 C Ci:2:005:0 0 2 = 0000
ffff8e67f59f0c00 2931040597 S Co:2:005:0 s 40 bc 0900 0014 0002 2 = d39e
ffff8e67f59f0c00 2931043188 C Co:2:005:0 0 2 >
ffff8e67f59f0c00 2931043342 S Ci:2:005:0 s c0 bc 0900 001c 0002 2 <
ffff8e67f59f0c00 2931045806 C Ci:2:005:0 0 2 = 2f6f
ffff8e67f59f0c00 2931045972 S Co:2:005:0 s 40 b9 0000 0000 0004 4 = 09016601
ffff8e67f59f0c00 2931048489 C Co:2:005:0 0 4 >
ffff8e67f59f0c00 2931048638 S Ii:2:005:3 -115:1 3 <
ffff8e67f59f0c00 2931049703 C Ii:2:005:3 0:1 3 = 100000
ffff8e67f59f0c00 2931049836 S Ci:2:005:0 s c0 bc 0800 0016 0002 2 <
ffff8e67f59f0c00 2931052396 C Ci:2:005:0 0 2 = 0900
ffff8e67f59f0c00 2931052476 S Ci:2:005:0 s c0 bc 0900 001c 0002 2 <
ffff8e67f59f0c00 2931055035 C Ci:2:005:0 0 2 = 2f6f
ffff8e67f59f0c00 2931055191 S Ci:2:005:0 s c0 bc 0800 23be 0004 4 <
ffff8e67f59f0c00 2931057682 C Ci:2:005:0 0 4 = 00002de0
ffff8e67f59f0c00 2931057827 S Co:2:005:0 s 40 bc 0800 00c0 0004 4 = 9989ec00
ffff8e67f59f0c00 2931060479 C Co:2:005:0 0 4 >
ffff8e67f59f0c00 2931060606 S Co:2:005:0 s 40 b9 0000 0000 0004 4 = 09006603
ffff8e67f59f0c00 2931063173 C Co:2:005:0 0 4 >
ffff8e67f59f0c00 2931063328 S Ii:2:005:3 -115:1 3 <
ffff8e67f59f0c00 2931064502 C Ii:2:005:3 0:1 3 = 100000
ffff8e67f59f0c00 2931064567 S Ci:2:005:0 s c0 bc 0800 0016 0002 2 <
ffff8e67f59f0c00 2931067161 C Ci:2:005:0 0 2 = 0900
ffff8e67f59f0c00 2931067305 S Ci:2:005:0 s c0 bc 0900 001c 0002 2 <
ffff8e67f59f0c00 2931070003 C Ci:2:005:0 0 2 = 2f6f
ffff8e67f59f0c00 2931070202 S Ci:2:005:0 s c0 bc 0800 23be 0002 2 <
ffff8e67f59f0c00 2931072538 C Ci:2:005:0 0 2 = 0000
ffff8e67f59f0c00 2931072669 S Co:2:005:0 s 40 bc 0900 0014 0002 2 = d39e
ffff8e67f59f0c00 2931075158 C Co:2:005:0 0 2 >
ffff8e67f59f0c00 2931075310 S Ci:2:005:0 s c0 bc 0900 001c 0002 2 <
ffff8e67f59f0c00 2931077814 C Ci:2:005:0 0 2 = 2f6f
ffff8e67f59f0c00 2931077982 S Co:2:005:0 s 40 b9 0000 0000 0004 4 = 09016601
ffff8e67f59f0c00 2931080456 C Co:2:005:0 0 4 >
ffff8e67f59f0c00 2931080544 S Ii:2:005:3 -115:1 3 <
ffff8e67f59f0c00 2931081799 C Ii:2:005:3 0:1 3 = 100000
ffff8e67f59f0c00 2931081978 S Ci:2:005:0 s c0 bc 0800 0016 0002 2 <
ffff8e67f59f0c00 2931084479 C Ci:2:005:0 0 2 = 0900
ffff8e67f59f0c00 2931084681 S Ci:2:005:0 s c0 bc 0900 001c 0002 2 <
ffff8e67f59f0c00 2931087051 C Ci:2:005:0 0 2 = 2f6f
ffff8e67f59f0c00 2931087206 S Ci:2:005:0 s c0 bc 0800 23be 0004 4 <
ffff8e67f59f0c00 2931089611 C Ci:2:005:0 0 4 = 00003de0
ffff8e67f59f0c00 2931089767 S Co:2:005:0 s 40 bc 0800 00c0 0004 4 = 9989ec00
ffff8e67f59f0c00 2931092461 C Co:2:005:0 0 4 >
ffff8e67f59f0c00 2931092586 S Co:2:005:0 s 40 b9 0000 0000 0004 4 = 09006603
ffff8e67f59f0c00 2931095117 C Co:2:005:0 0 4 >
ffff8e67f59f0c00 2931095267 S Ii:2:005:3 -115:1 3 <
ffff8e67f59f0c00 2931096551 C Ii:2:005:3 0:1 3 = 100000
ffff8e67f59f0c00 2931096686 S Ci:2:005:0 s c0 bc 0800 0016 0002 2 <
ffff8e67f59f0c00 2931099354 C Ci:2:005:0 0 2 = 0900
ffff8e67f59f0c00 2931099549 S Ci:2:005:0 s c0 bc 0900 001c 0002 2 <
ffff8e67f59f0c00 2931102078 C Ci:2:005:0 0 2 = 2f6f
ffff8e67f59f0c00 2931102238 S Ci:2:005:0 s c0 bc 0800 23be 0002 2 <
ffff8e67f59f0c00 2931104755 C Ci:2:005:0 0 2 = 0000
ffff8e67f59f0c00 2931104951 S Co:2:005:0 s 40 bc 0900 0014 0002 2 = d39e
ffff8e67f59f0c00 2931107549 C Co:2:005:0 0 2 >
ffff8e67f59f0c00 2931107700 S Ci:2:005:0 s c0 bc 0900 001c 0002 2 <
ffff8e67f59f0c00 2931110148 C Ci:2:005:0 0 2 = 2f6f
ffff8e67f59f0c00 2931110276 S Co:2:005:0 s 40 b9 0000 0000 0004 4 = 09016601
ffff8e67f59f0c00 2931112817 C Co:2:005:0 0 4 >
ffff8e67f59f0c00 2931112968 S Ii:2:005:3 -115:1 3 <
ffff8e67f59f0c00 2931113960 C Ii:2:005:3 0:1 3 = 100000
ffff8e67f59f0c00 2931114102 S Ci:2:005:0 s c0 bc 0800 0016 0002 2 <
ffff8e67f59f0c00 2931116755 C Ci:2:005:0 0 2 = 0900
ffff8e67f59f0c00 2931116879 S Ci:2:005:0 s c0 bc 0900 001c 0002 2 <
ffff8e67f59f0c00 2931119418 C Ci:2:005:0 0 2 = 2f6f
ffff8e67f59f0c00 2931119608 S Ci:2:005:0 s c0 bc 0800 23be 0004 4 <
ffff8e67f59f0c00 2931122176 C Ci:2:005:0 0 4 = 0000d9e0
ffff8e67f59f0c00 2931122316 S Co:2:005:0 s 40 bc 0800 00c0 0004 4 = 9989ec00
ffff8e67f59f0c00 2931124894 C Co:2:005:0 0 4 >
ffff8e67f59f0c00 2931125091 S Co:2:005:0 s 40 b9 0000 0000 0004 4 = 09006603
ffff8e67f59f0c00 2931127583 C Co:2:005:0 0 4 >
ffff8e67f59f0c00 2931127702 S Ii:2:005:3 -115:1 3 <
ffff8e67f59f0c00 2931128831 C Ii:2:005:3 0:1 3 = 100000
ffff8e67f59f0c00 2931129000 S Ci:2:005:0 s c0 bc 0800 0016 0002 2 <
ffff8e67f59f0c00 2931131558 C Ci:2:005:0 0 2 = 0900
ffff8e67f59f0c00 2931131716 S Ci:2:005:0 s c0 bc 0900 001c 0002 2 <
ffff8e67f59f0c00 2931134185 C Ci:2:005:0 0 2 = 2f6f
ffff8e67f59f0c00 2931134341 S Ci:2:005:0 s c0 bc 0800 23be 0002 2 <
ffff8e67f59f0c00 2931136933 C Ci:2:005:0 0 2 = 0000
ffff8e67f59f0c00 2931137117 S Co:2:005:0 s 40 bc 0900 0014 0002 2 = d39e
ffff8e67f59f0c00 2931139708 C Co:2:005:0 0 2 >
ffff8e67f59f0c00 2931139819 S Ci:2:005:0 s c0 bc 0900 001c 0002 2 <
ffff8e67f59f0c00 2931142330 C Ci:2:005:0 0 2 = 2f6f
ffff8e67f59f0c00 2931142476 S Co:2:005:0 s 40 b9 0000 0000 0004 4 = 09016601
ffff8e67f59f0c00 2931144884 C Co:2:005:0 0 4 >
ffff8e67f59f0c00 2931145101 S Ii:2:005:3 -115:1 3 <
ffff8e67f59f0c00 2931146330 C Ii:2:005:3 0:1 3 = 100000
ffff8e67f59f0c00 2931146441 S Ci:2:005:0 s c0 bc 0800 0016 0002 2 <
ffff8e67f59f0c00 2931149072 C Ci:2:005:0 0 2 = 0900
ffff8e67f59f0c00 2931149142 S Ci:2:005:0 s c0 bc 0900 001c 0002 2 <
ffff8e67f59f0c00 2931151703 C Ci:2:005:0 0 2 = 2f6f
ffff8e67f59f0c00 2931151884 S Ci:2:005:0 s c0 bc 0800 23be 0004 4 <
ffff8e67f59f0c00 2931154395 C Ci:2:005:0 0 4 = 0000c1e0
ffff8e67f59f0c00 2931154552 S Co:2:005:0 s 40 bc 0800 00c0 0004 4 = 9989ec00
ffff8e67f59f0c00 2931157155 C Co:2:005:0 0 4 >
ffff8e67f59f0c00 2931157306 S Co:2:005:0 s 40 b9 0000 0000 0004 4 = 09006603
ffff8e67f59f0c00 2931159973 C Co:2:005:0 0 4 >
ffff8e67f59f0c00 2931160134 S Ii:2:005:3 -115:1 3 <
ffff8e67f59f0c00 2931161144 C Ii:2:005:3 0:1 3 = 100000
ffff8e67f59f0c00 2931161238 S Ci:2:005:0 s c0 bc 0800 0016 0002 2 <
ffff8e67f59f0c00 2931163998 C Ci:2:005:0 0 2 = 0900
ffff8e67f59f0c00 2931164155 S Ci:2:005:0 s c0 bc 0900 001c 0002 2 <
ffff8e67f59f0c00 2931166712 C Ci:2:005:0 0 2 = 2f6f
ffff8e67f59f0c00 2931166868 S Ci:2:005:0 s c0 bc 0800 23be 0002 2 <
ffff8e67f59f0c00 2931169401 C Ci:2:005:0 0 2 = 0000
ffff8e67f59f0c00 2931169561 S Co:2:005:0 s 40 bc 0900 0014 0002 2 = d39e
ffff8e67f59f0c00 2931172139 C Co:2:005:0 0 2 >
ffff8e67f59f0c00 2931172325 S Ci:2:005:0 s c0 bc 0900 001c 0002 2 <
ffff8e67f59f0c00 2931174805 C Ci:2:005:0 0 2 = 2f6f
ffff8e67f59f0c00 2931174979 S Co:2:005:0 s 40 b9 0000 0000 0004 4 = 09016601
ffff8e67f59f0c00 2931177438 C Co:2:005:0 0 4 >
ffff8e67f59f0c00 2931177594 S Ii:2:005:3 -115:1 3 <
ffff8e67f59f0c00 2931178768 C Ii:2:005:3 0:1 3 = 100000
ffff8e67f59f0c00 2931178919 S Ci:2:005:0 s c0 bc 0800 0016 0002 2 <
ffff8e67f59f0c00 2931181429 C Ci:2:005:0 0 2 = 0900
ffff8e67f59f0c00 2931181560 S Ci:2:005:0 s c0 bc 0900 001c 0002 2 <
ffff8e67f59f0c00 2931184022 C Ci:2:005:0 0 2 = 2f6f
ffff8e67f59f0c00 2931184194 S Ci:2:005:0 s c0 bc 0800 23be 0004 4 <
ffff8e67f59f0c00 2931186648 C Ci:2:005:0 0 4 = 000011e0
ffff8e67f59f0c00 2931186816 S Co:2:005:0 s 40 bc 0800 00c0 0004 4 = 9989ec00
ffff8e67f59f0c00 2931189259 C Co:2:005:0 0 4 >
ffff8e67f59f0c00 2931189447 S Co:2:005:0 s 40 b9 0000 0000 0004 4 = 09006603
ffff8e67f59f0c00 2931191956 C Co:2:005:0 0 4 >
ffff8e67f59f0c00 2931192148 S Ii:2:005:3 -115:1 3 <
ffff8e67f59f0c00 2931193137 C Ii:2:005:3 0:1 3 = 100000
ffff8e67f59f0c00 2931193201 S Ci:2:005:0 s c0 bc 0800 0016 0002 2 <
ffff8e67f59f0c00 2931195949 C Ci:2:005:0 0 2 = 0900
ffff8e67f59f0c00 2931196101 S Ci:2:005:0 s c0 bc 0900 001c 0002 2 <
ffff8e67f59f0c00 2931198551 C Ci:2:005:0 0 2 = 2f6f
ffff8e67f59f0c00 2931198707 S Ci:2:005:0 s c0 bc 0800 23be 0002 2 <
ffff8e67f59f0c00 2931201283 C Ci:2:005:0 0 2 = 0000
ffff8e67f59f0c00 2931201476 S Co:2:005:0 s 40 bc 0900 0014 0002 2 = d39e
ffff8e67f59f0c00 2931203913 C Co:2:005:0 0 2 >
ffff8e67f59f0c00 2931204092 S Ci:2:005:0 s c0 bc 0900 001c 0002 2 <
ffff8e67f59f0c00 2931206589 C Ci:2:005:0 0 2 = 2f6f
ffff8e67f59f0c00 2931206754 S Co:2:005:0 s 40 b9 0000 0000 0004 4 = 09016601
ffff8e67f59f0c00 2931209367 C Co:2:005:0 0 4 >
ffff8e67f59f0c00 2931209517 S Ii:2:005:3 -115:1 3 <
ffff8e67f59f0c00 2931210681 C Ii:2:005:3 0:1 3 = 100000
ffff8e67f59f0c00 2931210838 S Ci:2:005:0 s c0 bc 0800 0016 0002 2 <
ffff8e67f59f0c00 2931213503 C Ci:2:005:0 0 2 = 0900
ffff8e67f59f0c00 2931213658 S Ci:2:005:0 s c0 bc 0900 001c 0002 2 <
ffff8e67f59f0c00 2931216221 C Ci:2:005:0 0 2 = 2f6f
ffff8e67f59f0c00 2931216345 S Ci:2:005:0 s c0 bc 0800 23be 0004 4 <
ffff8e67f59f0c00 2931218973 C Ci:2:005:0 0 4 = 00005de0
ffff8e67f59f0c00 2931219128 S Co:2:005:0 s 40 bc 0800 00c0 0004 4 = 9989ec00
ffff8e67f59f0c00 2931221753 C Co:2:005:0 0 4 >
ffff8e67f59f0c00 2931222043 S Co:2:005:0 s 40 b9 0000 0000 0004 4 = 09006603
ffff8e67f59f0c00 2931224472 C Co:2:005:0 0 4 >
ffff8e67f59f0c00 2931224638 S Ii:2:005:3 -115:1 3 <
ffff8e67f59f0c00 2931225791 C Ii:2:005:3 0:1 3 = 100000
ffff8e67f59f0c00 2931225964 S Ci:2:005:0 s c0 bc 0800 0016 0002 2 <
ffff8e67f59f0c00 2931228618 C Ci:2:005:0 0 2 = 0900
ffff8e67f59f0c00 2931228773 S Ci:2:005:0 s c0 bc 0900 001c 0002 2 <
ffff8e67f59f0c00 2931231441 C Ci:2:005:0 0 2 = 2f6f
ffff8e67f59f0c00 2931231568 S Ci:2:005:0 s c0 bc 0800 23be 0002 2 <
ffff8e67f59f0c00 2931234142 C Ci:2:005:0 0 2 = 0000
ffff8e67f59f0c00 2931234261 S Co:2:005:0 s 40 bc 0900 0014 0002 2 = d39e
ffff8e67f59f0c00 2931236978 C Co:2:005:0 0 2 >
ffff8e67f59f0c00 2931237121 S Ci:2:005:0 s c0 bc 0900 001c 0002 2 <
ffff8e67f59f0c00 2931239752 C Ci:2:005:0 0 2 = 2f6f
ffff8e67f59f0c00 2931239930 S Co:2:005:0 s 40 b9 0000 0000 0004 4 = 09016601
ffff8e67f59f0c00 2931242410 C Co:2:005:0 0 4 >
ffff8e67f59f0c00 2931242535 S Ii:2:005:3 -115:1 3 <
ffff8e67f59f0c00 2931243682 C Ii:2:005:3 0:1 3 = 100000
ffff8e67f59f0c00 2931243792 S Ci:2:005:0 s c0 bc 0800 0016 0002 2 <
ffff8e67f59f0c00 2931246434 C Ci:2:005:0 0 2 = 0900
ffff8e67f59f0c00 2931246590 S Ci:2:005:0 s c0 bc 0900 001c 0002 2 <
ffff8e67f59f0c00 2931249082 C Ci:2:005:0 0 2 = 2f6f
ffff8e67f59f0c00 2931249164 S Ci:2:005:0 s c0 bc 0800 23be 0004 4 <
ffff8e67f59f0c00 2931251740 C Ci:2:005:0 0 4 = 00008de0
ffff8e67f59f0c00 2931251916 S Co:2:005:0 s 40 bc 0800 00c0 0004 4 = 9989ec00
ffff8e67f59f0c00 2931254480 C Co:2:005:0 0 4 >
ffff8e67f59f0c00 2931254636 S Co:2:005:0 s 40 b9 0000 0000 0004 4 = 09006603
ffff8e67f59f0c00 2931257343 C Co:2:005:0 0 4 >
ffff8e67f59f0c00 2931257410 S Ii:2:005:3 -115:1 3 <
ffff8e67f59f0c00 2931258596 C Ii:2:005:3 0:1 3 = 100000
ffff8e67f59f0c00 2931258708 S Ci:2:005:0 s c0 bc 0800 0016 0002 2 <
ffff8e67f59f0c00 2931261397 C Ci:2:005:0 0 2 = 0900
ffff8e67f59f0c00 2931261552 S Ci:2:005:0 s c0 bc 0900 001c 0002 2 <
ffff8e67f59f0c00 2931264000 C Ci:2:005:0 0 2 = 2f6f
ffff8e67f59f0c00 2931264161 S Ci:2:005:0 s c0 bc 0800 23be 0002 2 <
ffff8e67f59f0c00 2931266632 C Ci:2:005:0 0 2 = 0000
ffff8e67f59f0c00 2931266786 S Co:2:005:0 s 40 bc 0900 0014 0002 2 = d39e
ffff8e67f59f0c00 2931269277 C Co:2:005:0 0 2 >
ffff8e67f59f0c00 2931269461 S Ci:2:005:0 s c0 bc 0900 001c 0002 2 <
ffff8e67f59f0c00 2931271988 C Ci:2:005:0 0 2 = 2f6f
ffff8e67f59f0c00 2931272183 S Co:2:005:0 s 40 b9 0000 0000 0004 4 = 09016601
ffff8e67f59f0c00 2931274561 C Co:2:005:0 0 4 >
ffff8e67f59f0c00 2931274718 S Ii:2:005:3 -115:1 3 <
ffff8e67f59f0c00 2931275876 C Ii:2:005:3 0:1 3 = 100000
ffff8e67f59f0c00 2931276080 S Ci:2:005:0 s c0 bc 0800 0016 0002 2 <
ffff8e67f59f0c00 2931278699 C Ci:2:005:0 0 2 = 0900
ffff8e67f59f0c00 2931278856 S Ci:2:005:0 s c0 bc 0900 001c 0002 2 <
ffff8e67f59f0c00 2931281466 C Ci:2:005:0 0 2 = 2f6f
ffff8e67f59f0c00 2931281538 S Ci:2:005:0 s c0 bc 0800 23be 0004 4 <
ffff8e67f59f0c00 2931284102 C Ci:2:005:0 0 4 = 000059e0
ffff8e67f59f0c00 2931284233 S Co:2:005:0 s 40 bc 0800 00c0 0004 4 = 9989ec00
ffff8e67f59f0c00 2931286738 C Co:2:005:0 0 4 >
ffff8e67f59f0c00 2931286890 S Co:2:005:0 s 40 b9 0000 0000 0004 4 = 09006603
ffff8e67f59f0c00 2931289465 C Co:2:005:0 0 4 >
ffff8e67f59f0c00 2931289519 S Ii:2:005:3 -115:1 3 <
ffff8e67f59f0c00 2931290803 C Ii:2:005:3 0:1 3 = 100000
ffff8e67f59f0c00 2931290980 S Ci:2:005:0 s c0 bc 0800 0016 0002 2 <
ffff8e67f59f0c00 2931293559 C Ci:2:005:0 0 2 = 0900
ffff8e67f59f0c00 2931293718 S Ci:2:005:0 s c0 bc 0900 001c 0002 2 <
ffff8e67f59f0c00 2931296292 C Ci:2:005:0 0 2 = 2f6f
ffff8e67f59f0c00 2931296671 S Ci:2:005:0 s c0 bc 0800 23be 0002 2 <
ffff8e67f59f0c00 2931299058 C Ci:2:005:0 0 2 = 0000
ffff8e67f59f0c00 2931299213 S Co:2:005:0 s 40 bc 0900 0014 0002 2 = d39e
ffff8e67f59f0c00 2931301693 C Co:2:005:0 0 2 >
ffff8e67f59f0c00 2931301848 S Ci:2:005:0 s c0 bc 0900 001c 0002 2 <
ffff8e67f59f0c00 2931304416 C Ci:2:005:0 0 2 = 2f6f
ffff8e67f59f0c00 2931304573 S Co:2:005:0 s 40 b9 0000 0000 0004 4 = 09016601
ffff8e67f59f0c00 2931307071 C Co:2:005:0 0 4 >
ffff8e67f59f0c00 2931307235 S Ii:2:005:3 -115:1 3 <
ffff8e67f59f0c00 2931308366 C Ii:2:005:3 0:1 3 = 100000
ffff8e67f59f0c00 2931308481 S Ci:2:005:0 s c0 bc 0800 0016 0002 2 <
ffff8e67f59f0c00 2931311140 C Ci:2:005:0 0 2 = 0900
ffff8e67f59f0c00 2931311295 S Ci:2:005:0 s c0 bc 0900 001c 0002 2 <
ffff8e67f59f0c00 2931313761 C Ci:2:005:0 0 2 = 2f6f
ffff8e67f59f0c00 2931313879 S Ci:2:005:0 s c0 bc 0800 23be 0004 4 <
ffff8e67f59f0c00 2931316483 C Ci:2:005:0 0 4 = 000080e0
ffff8e67f59f0c00 2931316641 S Co:2:005:0 s 40 bc 0800 00c0 0004 4 = 9989ec00
ffff8e67f59f0c00 2931319152 C Co:2:005:0 0 4 >
ffff8e67f59f0c00 2931319343 S Co:2:005:0 s 40 b9 0000 0000 0004 4 = 09006603
ffff8e67f59f0c00 2931321933 C Co:2:005:0 0 4 >
ffff8e67f59f0c00 2931322100 S Ii:2:005:3 -115:1 3 <
ffff8e67f59f0c00 2931323201 C Ii:2:005:3 0:1 3 = 100000
ffff8e67f59f0c00 2931323322 S Ci:2:005:0 s c0 bc 0800 0016 0002 2 <
ffff8e67f59f0c00 2931325835 C Ci:2:005:0 0 2 = 0900
ffff8e67f59f0c00 2931325969 S Ci:2:005:0 s c0 bc 0900 001c 0002 2 <
ffff8e67f59f0c00 2931328556 C Ci:2:005:0 0 2 = 2f6f
ffff8e67f59f0c00 2931328664 S Ci:2:005:0 s c0 bc 0800 23be 0002 2 <
ffff8e67f59f0c00 2931331252 C Ci:2:005:0 0 2 = 0000
ffff8e67f59f0c00 2931331387 S Co:2:005:0 s 40 bc 0900 0014 0002 2 = d39e
ffff8e67f59f0c00 2931333907 C Co:2:005:0 0 2 >
ffff8e67f59f0c00 2931334099 S Ci:2:005:0 s c0 bc 0900 001c 0002 2 <
ffff8e67f59f0c00 2931336562 C Ci:2:005:0 0 2 = 2f6f
ffff8e67f59f0c00 2931336700 S Co:2:005:0 s 40 b9 0000 0000 0004 4 = 09016601
ffff8e67f59f0c00 2931339249 C Co:2:005:0 0 4 >
ffff8e67f59f0c00 2931339365 S Ii:2:005:3 -115:1 3 <
ffff8e67f59f0c00 2931340493 C Ii:2:005:3 0:1 3 = 100000
ffff8e67f59f0c00 2931340616 S Ci:2:005:0 s c0 bc 0800 0016 0002 2 <
ffff8e67f59f0c00 2931343290 C Ci:2:005:0 0 2 = 0900
ffff8e67f59f0c00 2931343414 S Ci:2:005:0 s c0 bc 0900 001c 0002 2 <
ffff8e67f59f0c00 2931345887 C Ci:2:005:0 0 2 = 2f6f
ffff8e67f59f0c00 2931346085 S Ci:2:005:0 s c0 bc 0800 23be 0004 4 <
ffff8e67f59f0c00 2931348535 C Ci:2:005:0 0 4 = 000021e0
ffff8e67f59f0c00 2931348661 S Co:2:005:0 s 40 bc 0800 00c0 0004 4 = 9989ec00
ffff8e67f59f0c00 2931351230 C Co:2:005:0 0 4 >
ffff8e67f59f0c00 2931351353 S Co:2:005:0 s 40 b9 0000 0000 0004 4 = 09006603
ffff8e67f59f0c00 2931353912 C Co:2:005:0 0 4 >
ffff8e67f59f0c00 2931354091 S Ii:2:005:3 -115:1 3 <
ffff8e67f59f0c00 2931355170 C Ii:2:005:3 0:1 3 = 100000
ffff8e67f59f0c00 2931355291 S Ci:2:005:0 s c0 bc 0800 0016 0002 2 <
ffff8e67f59f0c00 2931358082 C Ci:2:005:0 0 2 = 0900
ffff8e67f59f0c00 2931358209 S Ci:2:005:0 s c0 bc 0900 001c 0002 2 <
ffff8e67f59f0c00 2931360637 C Ci:2:005:0 0 2 = 2f6f
ffff8e67f59f0c00 2931360876 S Ci:2:005:0 s c0 bc 0800 23be 0002 2 <
ffff8e67f59f0c00 2931363401 C Ci:2:005:0 0 2 = 0000
ffff8e67f59f0c00 2931363515 S Co:2:005:0 s 40 bc 0900 0014 0002 2 = d39e
ffff8e67f59f0c00 2931366244 C Co:2:005:0 0 2 >
ffff8e67f59f0c00 2931366329 S Ci:2:005:0 s c0 bc 0900 001c 0002 2 <
ffff8e67f59f0c00 2931368874 C Ci:2:005:0 0 2 = 2f6f
ffff8e67f59f0c00 2931369070 S Co:2:005:0 s 40 b9 0000 0000 0004 4 = 09016601
ffff8e67f59f0c00 2931371572 C Co:2:005:0 0 4 >
ffff8e67f59f0c00 2931371693 S Ii:2:005:3 -115:1 3 <
ffff8e67f59f0c00 2931372859 C Ii:2:005:3 0:1 3 = 100000
ffff8e67f59f0c00 2931372996 S Ci:2:005:0 s c0 bc 0800 0016 0002 2 <
ffff8e67f59f0c00 2931375709 C Ci:2:005:0 0 2 = 0900
ffff8e67f59f0c00 2931375835 S Ci:2:005:0 s c0 bc 0900 001c 0002 2 <
ffff8e67f59f0c00 2931378421 C Ci:2:005:0 0 2 = 2f6f
ffff8e67f59f0c00 2931378540 S Ci:2:005:0 s c0 bc 0800 23be 0004 4 <
ffff8e67f59f0c00 2931381236 C Ci:2:005:0 0 4 = 00007ee0
ffff8e67f59f0c00 2931381367 S Co:2:005:0 s 40 bc 0800 00c0 0004 4 = 9989ec00
ffff8e67f59f0c00 2931383944 C Co:2:005:0 0 4 >
ffff8e67f59f0c00 2931384130 S Co:2:005:0 s 40 b9 0000 0000 0004 4 = 09006603
ffff8e67f59f0c00 2931386533 C Co:2:005:0 0 4 >
ffff8e67f59f0c00 2931386654 S Ii:2:005:3 -115:1 3 <
ffff8e67f59f0c00 2931387904 C Ii:2:005:3 0:1 3 = 100000
ffff8e67f59f0c00 2931388003 S Ci:2:005:0 s c0 bc 0800 0016 0002 2 <
ffff8e67f59f0c00 2931390661 C Ci:2:005:0 0 2 = 0900
ffff8e67f59f0c00 2931390763 S Ci:2:005:0 s c0 bc 0900 001c 0002 2 <
ffff8e67f59f0c00 2931393416 C Ci:2:005:0 0 2 = 2f6f
ffff8e67f59f0c00 2931393481 S Ci:2:005:0 s c0 bc 0800 23be 0002 2 <
ffff8e67f59f0c00 2931396032 C Ci:2:005:0 0 2 = 0000
ffff8e67f59f0c00 2931396109 S Co:2:005:0 s 40 bc 0900 0014 0002 2 = d39e
ffff8e67f59f0c00 2931398644 C Co:2:005:0 0 2 >
ffff8e67f59f0c00 2931398768 S Ci:2:005:0 s c0 bc 0900 001c 0002 2 <
ffff8e67f59f0c00 2931401260 C Ci:2:005:0 0 2 = 2f6f
ffff8e67f59f0c00 2931401453 S Co:2:005:0 s 40 b9 0000 0000 0004 4 = 09016601
ffff8e67f59f0c00 2931403834 C Co:2:005:0 0 4 >
ffff8e67f59f0c00 2931403969 S Ii:2:005:3 -115:1 3 <
ffff8e67f59f0c00 2931405027 C Ii:2:005:3 0:1 3 = 100000
ffff8e67f59f0c00 2931405169 S Ci:2:005:0 s c0 bc 0800 0016 0002 2 <
ffff8e67f59f0c00 2931407825 C Ci:2:005:0 0 2 = 0900
ffff8e67f59f0c00 2931407970 S Ci:2:005:0 s c0 bc 0900 001c 0002 2 <
ffff8e67f59f0c00 2931410495 C Ci:2:005:0 0 2 = 2f6f
ffff8e67f59f0c00 2931410617 S Ci:2:005:0 s c0 bc 0800 23be 0004 4 <
ffff8e67f59f0c00 2931413111 C Ci:2:005:0 0 4 = 00004ae0
ffff8e67f59f0c00 2931413240 S Co:2:005:0 s 40 bc 0800 00c0 0004 4 = 9989ec00
ffff8e67f59f0c00 2931415795 C Co:2:005:0 0 4 >
ffff8e67f59f0c00 2931415932 S Co:2:005:0 s 40 b9 0000 0000 0004 4 = 09006603
ffff8e67f59f0c00 2931418559 C Co:2:005:0 0 4 >
ffff8e67f59f0c00 2931418706 S Ii:2:005:3 -115:1 3 <
ffff8e67f59f0c00 2931419839 C Ii:2:005:3 0:1 3 = 100000
ffff8e67f59f0c00 2931419978 S Ci:2:005:0 s c0 bc 0800 0016 0002 2 <
ffff8e67f59f0c00 2931422557 C Ci:2:005:0 0 2 = 0900
ffff8e67f59f0c00 2931422677 S Ci:2:005:0 s c0 bc 0900 001c 0002 2 <
ffff8e67f59f0c00 2931425255 C Ci:2:005:0 0 2 = 2f6f
ffff8e67f59f0c00 2931425422 S Ci:2:005:0 s c0 bc 0800 23be 0002 2 <
ffff8e67f59f0c00 2931427865 C Ci:2:005:0 0 2 = 0000
ffff8e67f59f0c00 2931428019 S Co:2:005:0 s 40 bc 0900 0014 0002 2 = d39e
ffff8e67f59f0c00 2931430635 C Co:2:005:0 0 2 >
ffff8e67f59f0c00 2931430790 S Ci:2:005:0 s c0 bc 0900 001c 0002 2 <
ffff8e67f59f0c00 2931433313 C Ci:2:005:0 0 2 = 2f6f
ffff8e67f59f0c00 2931433405 S Co:2:005:0 s 40 b9 0000 0000 0004 4 = 09016601
ffff8e67f59f0c00 2931435850 C Co:2:005:0 0 4 >
ffff8e67f59f0c00 2931436001 S Ii:2:005:3 -115:1 3 <
ffff8e67f59f0c00 2931437193 C Ii:2:005:3 0:1 3 = 100000
ffff8e67f59f0c00 2931437308 S Ci:2:005:0 s c0 bc 0800 0016 0002 2 <
ffff8e67f59f0c00 2931439968 C Ci:2:005:0 0 2 = 0900
ffff8e67f59f0c00 2931440137 S Ci:2:005:0 s c0 bc 0900 001c 0002 2 <
ffff8e67f59f0c00 2931442626 C Ci:2:005:0 0 2 = 2f6f
ffff8e67f59f0c00 2931442749 S Ci:2:005:0 s c0 bc 0800 23be 0004 4 <
ffff8e67f59f0c00 2931445357 C Ci:2:005:0 0 4 = 000091e0
ffff8e67f59f0c00 2931445484 S Co:2:005:0 s 40 bc 0800 00c0 0004 4 = 9989ec00
ffff8e67f59f0c00 2931448019 C Co:2:005:0 0 4 >
ffff8e67f59f0c00 2931448175 S Co:2:005:0 s 40 b9 0000 0000 0004 4 = 09006603
ffff8e67f59f0c00 2931450678 C Co:2:005:0 0 4 >
ffff8e67f59f0c00 2931450800 S Ii:2:005:3 -115:1 3 <
ffff8e67f59f0c00 2931451966 C Ii:2:005:3 0:1 3 = 100000
ffff8e67f59f0c00 2931452121 S Ci:2:005:0 s c0 bc 0800 0016 0002 2 <
ffff8e67f59f0c00 2931454661 C Ci:2:005:0 0 2 = 0900
ffff8e67f59f0c00 2931454788 S Ci:2:005:0 s c0 bc 0900 001c 0002 2 <
ffff8e67f59f0c00 2931457403 C Ci:2:005:0 0 2 = 2f6f
ffff8e67f59f0c00 2931457521 S Ci:2:005:0 s c0 bc 0800 23be 0002 2 <
ffff8e67f59f0c00 2931460022 C Ci:2:005:0 0 2 = 0000
ffff8e67f59f0c00 2931460149 S Co:2:005:0 s 40 bc 0900 0014 0002 2 = d39e
ffff8e67f59f0c00 2931462668 C Co:2:005:0 0 2 >
ffff8e67f59f0c00 2931462791 S Ci:2:005:0 s c0 bc 0900 001c 0002 2 <
ffff8e67f59f0c00 2931465468 C Ci:2:005:0 0 2 = 2f6f
ffff8e67f59f0c00 2931465593 S Co:2:005:0 s 40 b9 0000 0000 0004 4 = 09016601
ffff8e67f59f0c00 2931468127 C Co:2:005:0 0 4 >
ffff8e67f59f0c00 2931468249 S Ii:2:005:3 -115:1 3 <
ffff8e67f59f0c00 2931469373 C Ii:2:005:3 0:1 3 = 100000
ffff8e67f59f0c00 2931469497 S Ci:2:005:0 s c0 bc 0800 0016 0002 2 <
ffff8e67f59f0c00 2931472001 C Ci:2:005:0 0 2 = 0900
ffff8e67f59f0c00 2931472111 S Ci:2:005:0 s c0 bc 0900 001c 0002 2 <
ffff8e67f59f0c00 2931474651 C Ci:2:005:0 0 2 = 2f6f
ffff8e67f59f0c00 2931474778 S Ci:2:005:0 s c0 bc 0800 23be 0004 4 <
ffff8e67f59f0c00 2931477244 C Ci:2:005:0 0 4 = 0000fde0
ffff8e67f59f0c00 2931477399 S Co:2:005:0 s 40 bc 0800 00c0 0004 4 = 9989ec00
ffff8e67f59f0c00 2931480009 C Co:2:005:0 0 4 >
ffff8e67f59f0c00 2931480126 S Co:2:005:0 s 40 b9 0000 0000 0004 4 = 09006603
ffff8e67f59f0c00 2931482637 C Co:2:005:0 0 4 >
ffff8e67f59f0c00 2931482757 S Ii:2:005:3 -115:1 3 <
ffff8e67f59f0c00 2931483970 C Ii:2:005:3 0:1 3 = 100000
ffff8e67f59f0c00 2931484125 S Ci:2:005:0 s c0 bc 0800 0016 0002 2 <
ffff8e67f59f0c00 2931486684 C Ci:2:005:0 0 2 = 0900
ffff8e67f59f0c00 2931486811 S Ci:2:005:0 s c0 bc 0900 001c 0002 2 <
ffff8e67f59f0c00 2931489380 C Ci:2:005:0 0 2 = 2f6f
ffff8e67f59f0c00 2931489506 S Ci:2:005:0 s c0 bc 0800 23be 0002 2 <
ffff8e67f59f0c00 2931492082 C Ci:2:005:0 0 2 = 0000
ffff8e67f59f0c00 2931492207 S Co:2:005:0 s 40 bc 0900 0014 0002 2 = d39e
ffff8e67f59f0c00 2931494662 C Co:2:005:0 0 2 >
ffff8e67f59f0c00 2931494786 S Ci:2:005:0 s c0 bc 0900 001c 0002 2 <
ffff8e67f59f0c00 2931497406 C Ci:2:005:0 0 2 = 2f6f
ffff8e67f59f0c00 2931497577 S Co:2:005:0 s 40 b9 0000 0000 0004 4 = 09016601
ffff8e67f59f0c00 2931500013 C Co:2:005:0 0 4 >
ffff8e67f59f0c00 2931500136 S Ii:2:005:3 -115:1 3 <
ffff8e67f59f0c00 2931501398 C Ii:2:005:3 0:1 3 = 100000
ffff8e67f59f0c00 2931501520 S Ci:2:005:0 s c0 bc 0800 0016 0002 2 <
ffff8e67f59f0c00 2931504152 C Ci:2:005:0 0 2 = 0900
ffff8e67f59f0c00 2931504277 S Ci:2:005:0 s c0 bc 0900 001c 0002 2 <
ffff8e67f59f0c00 2931506845 C Ci:2:005:0 0 2 = 2f6f
ffff8e67f59f0c00 2931506981 S Ci:2:005:0 s c0 bc 0800 23be 0004 4 <
ffff8e67f59f0c00 2931509687 C Ci:2:005:0 0 4 = 0000b1e0
ffff8e67f59f0c00 2931509818 S Co:2:005:0 s 40 bc 0800 00c0 0004 4 = 9989ec00
ffff8e67f59f0c00 2931512403 C Co:2:005:0 0 4 >
ffff8e67f59f0c00 2931512520 S Co:2:005:0 s 40 b9 0000 0000 0004 4 = 09006603
ffff8e67f59f0c00 2931515010 C Co:2:005:0 0 4 >
ffff8e67f59f0c00 2931515131 S Ii:2:005:3 -115:1 3 <
ffff8e67f59f0c00 2931516223 C Ii:2:005:3 0:1 3 = 100000
ffff8e67f59f0c00 2931516339 S Ci:2:005:0 s c0 bc 0800 0016 0002 2 <
ffff8e67f59f0c00 2931518983 C Ci:2:005:0 0 2 = 0900
ffff8e67f59f0c00 2931519103 S Ci:2:005:0 s c0 bc 0900 001c 0002 2 <
ffff8e67f59f0c00 2931521613 C Ci:2:005:0 0 2 = 2f6f
ffff8e67f59f0c00 2931521735 S Ci:2:005:0 s c0 bc 0800 23be 0002 2 <
ffff8e67f59f0c00 2931524253 C Ci:2:005:0 0 2 = 0000
ffff8e67f59f0c00 2931524404 S Co:2:005:0 s 40 bc 0900 0014 0002 2 = d39e
ffff8e67f59f0c00 2931526852 C Co:2:005:0 0 2 >
ffff8e67f59f0c00 2931526979 S Ci:2:005:0 s c0 bc 0900 001c 0002 2 <
ffff8e67f59f0c00 2931529548 C Ci:2:005:0 0 2 = 2f6f
ffff8e67f59f0c00 2931529632 S Co:2:005:0 s 40 b9 0000 0000 0004 4 = 09016601
ffff8e67f59f0c00 2931532205 C Co:2:005:0 0 4 >
ffff8e67f59f0c00 2931532308 S Ii:2:005:3 -115:1 3 <
ffff8e67f59f0c00 2931533493 C Ii:2:005:3 0:1 3 = 100000
ffff8e67f59f0c00 2931533581 S Ci:2:005:0 s c0 bc 0800 0016 0002 2 <
ffff8e67f59f0c00 2931536108 C Ci:2:005:0 0 2 = 0900
ffff8e67f59f0c00 2931536244 S Ci:2:005:0 s c0 bc 0900 001c 0002 2 <
ffff8e67f59f0c00 2931538754 C Ci:2:005:0 0 2 = 2f6f
ffff8e67f59f0c00 2931538939 S Ci:2:005:0 s c0 bc 0800 23be 0004 4 <
ffff8e67f59f0c00 2931541356 C Ci:2:005:0 0 4 = 000078e0
ffff8e67f59f0c00 2931541527 S Co:2:005:0 s 40 bc 0800 00c0 0004 4 = 9989ec00
ffff8e67f59f0c00 2931543976 C Co:2:005:0 0 4 >
ffff8e67f59f0c00 2931544135 S Co:2:005:0 s 40 b9 0000 0000 0004 4 = 09006603
ffff8e67f59f0c00 2931546639 C Co:2:005:0 0 4 >
ffff8e67f59f0c00 2931546799 S Ii:2:005:3 -115:1 3 <
ffff8e67f59f0c00 2931548004 C Ii:2:005:3 0:1 3 = 100000
ffff8e67f59f0c00 2931548134 S Ci:2:005:0 s c0 bc 0800 0016 0002 2 <
ffff8e67f59f0c00 2931550630 C Ci:2:005:0 0 2 = 0900
ffff8e67f59f0c00 2931550796 S Ci:2:005:0 s c0 bc 0900 001c 0002 2 <
ffff8e67f59f0c00 2931553263 C Ci:2:005:0 0 2 = 2f6f
ffff8e67f59f0c00 2931553428 S Ci:2:005:0 s c0 bc 0800 23be 0002 2 <
ffff8e67f59f0c00 2931555914 C Ci:2:005:0 0 2 = 0000
ffff8e67f59f0c00 2931556107 S Co:2:005:0 s 40 bc 0900 0014 0002 2 = d39e
ffff8e67f59f0c00 2931558659 C Co:2:005:0 0 2 >
ffff8e67f59f0c00 2931558822 S Ci:2:005:0 s c0 bc 0900 001c 0002 2 <
ffff8e67f59f0c00 2931561408 C Ci:2:005:0 0 2 = 2f6f
ffff8e67f59f0c00 2931561561 S Co:2:005:0 s 40 b9 0000 0000 0004 4 = 09016601
ffff8e67f59f0c00 2931564154 C Co:2:005:0 0 4 >
ffff8e67f59f0c00 2931564307 S Ii:2:005:3 -115:1 3 <
ffff8e67f59f0c00 2931565531 C Ii:2:005:3 0:1 3 = 100000
ffff8e67f59f0c00 2931565685 S Ci:2:005:0 s c0 bc 0800 0016 0002 2 <
ffff8e67f59f0c00 2931568288 C Ci:2:005:0 0 2 = 0900
ffff8e67f59f0c00 2931568444 S Ci:2:005:0 s c0 bc 0900 001c 0002 2 <
ffff8e67f59f0c00 2931571009 C Ci:2:005:0 0 2 = 2f6f
ffff8e67f59f0c00 2931571126 S Ci:2:005:0 s c0 bc 0800 23be 0004 4 <
ffff8e67f59f0c00 2931573817 C Ci:2:005:0 0 4 = 000003e0
ffff8e67c4a97300 2931573960 S Co:2:005:0 s 40 bc 0800 00c0 0004 4 = 9989ec00
ffff8e67c4a97300 2931576554 C Co:2:005:0 0 4 >
ffff8e67c4a97300 2931576650 S Co:2:005:0 s 40 b9 0000 0000 0004 4 = 09006603
ffff8e67c4a97300 2931579261 C Co:2:005:0 0 4 >
ffff8e67c4a97300 2931579316 S Ii:2:005:3 -115:1 3 <
ffff8e67c4a97300 2931580617 C Ii:2:005:3 0:1 3 = 100000
ffff8e67c4a97300 2931580714 S Ci:2:005:0 s c0 bc 0800 0016 0002 2 <
ffff8e67c4a97300 2931583409 C Ci:2:005:0 0 2 = 0900
ffff8e67c4a97300 2931583509 S Ci:2:005:0 s c0 bc 0900 001c 0002 2 <
ffff8e67c4a97300 2931586145 C Ci:2:005:0 0 2 = 2f6f
ffff8e67c4a97300 2931586193 S Ci:2:005:0 s c0 bc 0800 23be 0002 2 <
ffff8e67c4a97300 2931588840 C Ci:2:005:0 0 2 = 0000
ffff8e67c4a97300 2931588988 S Co:2:005:0 s 40 bc 0900 0014 0002 2 = d39e
ffff8e67c4a97300 2931591524 C Co:2:005:0 0 2 >
ffff8e67c4a97300 2931591581 S Ci:2:005:0 s c0 bc 0900 001c 0002 2 <
ffff8e67c4a97300 2931594179 C Ci:2:005:0 0 2 = 2f6f
ffff8e67c4a97300 2931594226 S Co:2:005:0 s 40 b9 0000 0000 0004 4 = 09016601
ffff8e67c4a97300 2931596902 C Co:2:005:0 0 4 >
ffff8e67c4a97300 2931596992 S Ii:2:005:3 -115:1 3 <
ffff8e67c4a97300 2931598229 C Ii:2:005:3 0:1 3 = 100000
ffff8e67c4a97300 2931598285 S Ci:2:005:0 s c0 bc 0800 0016 0002 2 <
ffff8e67c4a97300 2931601105 C Ci:2:005:0 0 2 = 0900
ffff8e67c6eea3c0 2931601188 S Ci:2:005:0 s c0 bc 0900 001c 0002 2 <
ffff8e67c6eea3c0 2931603748 C Ci:2:005:0 0 2 = 2f6f
ffff8e67c6eea3c0 2931603926 S Ci:2:005:0 s c0 bc 0800 23be 0004 4 <
ffff8e67c6eea3c0 2931606601 C Ci:2:005:0 0 4 = 000091e0
ffff8e67c6eea3c0 2931606762 S Co:2:005:0 s 40 bc 0800 00c0 0004 4 = 9989ec00
ffff8e67c6eea3c0 2931609267 C Co:2:005:0 0 4 >
ffff8e67c6eea3c0 2931609425 S Co:2:005:0 s 40 b9 0000 0000 0004 4 = 09006603
ffff8e67c6eea3c0 2931611880 C Co:2:005:0 0 4 >
ffff8e67c6eea3c0 2931612092 S Ii:2:005:3 -115:1 3 <
ffff8e67c6eea3c0 2931613159 C Ii:2:005:3 0:1 3 = 100000
ffff8e67c6eea3c0 2931613240 S Ci:2:005:0 s c0 bc 0800 0016 0002 2 <
ffff8e67c6eea3c0 2931616041 C Ci:2:005:0 0 2 = 0900
ffff8e67c6eea3c0 2931616228 S Ci:2:005:0 s c0 bc 0900 001c 0002 2 <
ffff8e67c6eea3c0 2931618759 C Ci:2:005:0 0 2 = 2f6f
ffff8e67c6eea3c0 2931618937 S Ci:2:005:0 s c0 bc 0800 23be 0002 2 <
ffff8e67c6eea3c0 2931621378 C Ci:2:005:0 0 2 = 0000
ffff8e67c6eea3c0 2931621537 S Co:2:005:0 s 40 bc 0900 0014 0002 2 = d39e
ffff8e67c6eea3c0 2931624114 C Co:2:005:0 0 2 >
ffff8e67f59f0780 2931624262 S Ci:2:005:0 s c0 bc 0900 001c 0002 2 <
ffff8e67f59f0780 2931626796 C Ci:2:005:0 0 2 = 2f6f
ffff8e67f59f0780 2931626879 S Co:2:005:0 s 40 b9 0000 0000 0004 4 = 09016601
ffff8e67f59f0780 2931629417 C Co:2:005:0 0 4 >
ffff8e67f59f0780 2931629592 S Ii:2:005:3 -115:1 3 <
ffff8e67f59f0780 2931630721 C Ii:2:005:3 0:1 3 = 100000
ffff8e67f59f0780 2931630817 S Ci:2:005:0 s c0 bc 0800 0016 0002 2 <
ffff8e67f59f0780 2931633546 C Ci:2:005:0 0 2 = 0900
ffff8e67f59f0780 2931633684 S Ci:2:005:0 s c0 bc 0900 001c 0002 2 <
ffff8e67f59f0780 2931636262 C Ci:2:005:0 0 2 = 2f6f
ffff8e67f59f0780 2931636416 S Ci:2:005:0 s c0 bc 0800 23be 0004 4 <
ffff8e67f59f0780 2931638856 C Ci:2:005:0 0 4 = 0000f4e0
ffff8e67f59f0780 2931639067 S Co:2:005:0 s 40 bc 0800 00c0 0004 4 = 9989ec00
ffff8e67f59f0780 2931641646 C Co:2:005:0 0 4 >
ffff8e67f59f0780 2931641795 S Co:2:005:0 s 40 b9 0000 0000 0004 4 = 09006603
ffff8e67f59f0780 2931644240 C Co:2:005:0 0 4 >
ffff8e67f59f0780 2931644389 S Ii:2:005:3 -115:1 3 <
ffff8e67f59f0780 2931645629 C Ii:2:005:3 0:1 3 = 100000
ffff8e67f59f0780 2931645782 S Ci:2:005:0 s c0 bc 0800 0016 0002 2 <
ffff8e67f59f0780 2931648444 C Ci:2:005:0 0 2 = 0900
ffff8e67f59f0780 2931648570 S Ci:2:005:0 s c0 bc 0900 001c 0002 2 <
ffff8e67f59f0780 2931651116 C Ci:2:005:0 0 2 = 2f6f
ffff8e67f59f0780 2931651192 S Ci:2:005:0 s c0 bc 0800 23be 0002 2 <
ffff8e67f59f0780 2931653848 C Ci:2:005:0 0 2 = 0000
ffff8e67f59f0780 2931654010 S Co:2:005:0 s 40 bc 0900 0014 0002 2 = d39e
ffff8e67f59f0780 2931656651 C Co:2:005:0 0 2 >
ffff8e67f59f0780 2931656804 S Ci:2:005:0 s c0 bc 0900 001c 0002 2 <
ffff8e67f59f0780 2931659386 C Ci:2:005:0 0 2 = 2f6f
ffff8e67f59f0780 2931659544 S Co:2:005:0 s 40 b9 0000 0000 0004 4 = 09016601
ffff8e67f59f0780 2931662054 C Co:2:005:0 0 4 >
ffff8e67f59f0780 2931662179 S Ii:2:005:3 -115:1 3 <
ffff8e67f59f0780 2931663310 C Ii:2:005:3 0:1 3 = 100000
ffff8e67f59f0780 2931663429 S Ci:2:005:0 s c0 bc 0800 0016 0002 2 <
ffff8e67f59f0780 2931666134 C Ci:2:005:0 0 2 = 0900
ffff8e67f59f0780 2931666288 S Ci:2:005:0 s c0 bc 0900 001c 0002 2 <
ffff8e67f59f0780 2931668844 C Ci:2:005:0 0 2 = 2f6f
ffff8e67f59f0780 2931668999 S Ci:2:005:0 s c0 bc 0800 23be 0004 4 <
ffff8e67f59f0780 2931671666 C Ci:2:005:0 0 4 = 0000b8e0
ffff8e67f59f0780 2931671784 S Co:2:005:0 s 40 bc 0800 00c0 0004 4 = 9989ec00
ffff8e67f59f0780 2931674375 C Co:2:005:0 0 4 >
ffff8e67f59f0780 2931674525 S Co:2:005:0 s 40 b9 0000 0000 0004 4 = 09006603
ffff8e67f59f0780 2931677015 C Co:2:005:0 0 4 >
ffff8e67f59f0780 2931677133 S Ii:2:005:3 -115:1 3 <
ffff8e67f59f0780 2931678346 C Ii:2:005:3 0:1 3 = 100000
ffff8e67f59f0780 2931678499 S Ci:2:005:0 s c0 bc 0800 0016 0002 2 <
ffff8e67f59f0780 2931681134 C Ci:2:005:0 0 2 = 0900
ffff8e67f59f0780 2931681288 S Ci:2:005:0 s c0 bc 0900 001c 0002 2 <
ffff8e67f59f0780 2931683847 C Ci:2:005:0 0 2 = 2f6f
ffff8e67f59f0780 2931684003 S Ci:2:005:0 s c0 bc 0800 23be 0002 2 <
ffff8e67f59f0780 2931686636 C Ci:2:005:0 0 2 = 0000
ffff8e67f59f0780 2931686790 S Co:2:005:0 s 40 bc 0900 0014 0002 2 = d39e
ffff8e67f59f0780 2931689409 C Co:2:005:0 0 2 >
ffff8e67f59f0780 2931689561 S Ci:2:005:0 s c0 bc 0900 001c 0002 2 <
ffff8e67f59f0780 2931692139 C Ci:2:005:0 0 2 = 2f6f
ffff8e67f59f0780 2931692257 S Co:2:005:0 s 40 b9 0000 0000 0004 4 = 09016601
ffff8e67f59f0780 2931694871 C Co:2:005:0 0 4 >
ffff8e67f59f0780 2931695075 S Ii:2:005:3 -115:1 3 <
ffff8e67f59f0780 2931696130 C Ii:2:005:3 0:1 3 = 100000
ffff8e67f59f0780 2931696213 S Ci:2:005:0 s c0 bc 0800 0016 0002 2 <
ffff8e67f59f0780 2931699001 C Ci:2:005:0 0 2 = 0900
ffff8e67f59f0780 2931699156 S Ci:2:005:0 s c0 bc 0900 001c 0002 2 <
ffff8e67f59f0780 2931701623 C Ci:2:005:0 0 2 = 2f6f
ffff8e67f59f0780 2931701776 S Ci:2:005:0 s c0 bc 0800 23be 0004 4 <
ffff8e67f59f0780 2931704406 C Ci:2:005:0 0 4 = 000051e0
ffff8e67f59f0780 2931704494 S Co:2:005:0 s 40 bc 0800 00c0 0004 4 = 9989ec00
ffff8e67f59f0780 2931707110 C Co:2:005:0 0 4 >
ffff8e67f59f0780 2931707259 S Co:2:005:0 s 40 b9 0000 0000 0004 4 = 09006603
ffff8e67f59f0780 2931709737 C Co:2:005:0 0 4 >
ffff8e67f59f0780 2931709904 S Ii:2:005:3 -115:1 3 <
ffff8e67f59f0780 2931711027 C Ii:2:005:3 0:1 3 = 100000
ffff8e67f59f0780 2931711142 S Ci:2:005:0 s c0 bc 0800 0016 0002 2 <
ffff8e67f59f0780 2931713727 C Ci:2:005:0 0 2 = 0900
ffff8e67f59f0780 2931713880 S Ci:2:005:0 s c0 bc 0900 001c 0002 2 <
ffff8e67f59f0780 2931716534 C Ci:2:005:0 0 2 = 2f6f
ffff8e67f59f0780 2931716686 S Ci:2:005:0 s c0 bc 0800 23be 0002 2 <
ffff8e67f59f0780 2931719249 C Ci:2:005:0 0 2 = 0000
ffff8e67f59f0780 2931719402 S Co:2:005:0 s 40 bc 0900 0014 0002 2 = d39e
ffff8e67f59f0780 2931721853 C Co:2:005:0 0 2 >
ffff8e67f59f0780 2931722011 S Ci:2:005:0 s c0 bc 0900 001c 0002 2 <
ffff8e67f59f0780 2931724654 C Ci:2:005:0 0 2 = 2f6f
ffff8e67f59f0780 2931724806 S Co:2:005:0 s 40 b9 0000 0000 0004 4 = 09016601
ffff8e67f59f0780 2931727356 C Co:2:005:0 0 4 >
ffff8e67f59f0780 2931727443 S Ii:2:005:3 -115:1 3 <
ffff8e67f59f0780 2931728710 C Ii:2:005:3 0:1 3 = 100000
ffff8e67f59f0780 2931728858 S Ci:2:005:0 s c0 bc 0800 0016 0002 2 <
ffff8e67f59f0780 2931731644 C Ci:2:005:0 0 2 = 0900
ffff8e67f59f0780 2931731747 S Ci:2:005:0 s c0 bc 0900 001c 0002 2 <
ffff8e67f59f0780 2931734250 C Ci:2:005:0 0 2 = 2f6f
ffff8e67f59f0780 2931734402 S Ci:2:005:0 s c0 bc 0800 23be 0004 4 <
ffff8e67f59f0780 2931736900 C Ci:2:005:0 0 4 = 0000d2e0
ffff8e67f59f0780 2931737078 S Co:2:005:0 s 40 bc 0800 00c0 0004 4 = 9989ec00
ffff8e67f59f0780 2931739608 C Co:2:005:0 0 4 >
ffff8e67f59f0780 2931739729 S Co:2:005:0 s 40 b9 0000 0000 0004 4 = 09006603
ffff8e67f59f0780 2931742391 C Co:2:005:0 0 4 >
ffff8e67f59f0780 2931742511 S Ii:2:005:3 -115:1 3 <
ffff8e67f59f0780 2931743681 C Ii:2:005:3 0:1 3 = 100000
ffff8e67f59f0780 2931743797 S Ci:2:005:0 s c0 bc 0800 0016 0002 2 <
ffff8e67f59f0780 2931746559 C Ci:2:005:0 0 2 = 0900
ffff8e67f59f0780 2931746684 S Ci:2:005:0 s c0 bc 0900 001c 0002 2 <
ffff8e67f59f0780 2931749228 C Ci:2:005:0 0 2 = 2f6f
ffff8e67f59f0780 2931749355 S Ci:2:005:0 s c0 bc 0800 23be 0002 2 <
ffff8e67f59f0780 2931751865 C Ci:2:005:0 0 2 = 0000
ffff8e67f59f0780 2931752046 S Co:2:005:0 s 40 bc 0900 0014 0002 2 = d39e
ffff8e67f59f0780 2931754522 C Co:2:005:0 0 2 >
ffff8e67f59f0780 2931754649 S Ci:2:005:0 s c0 bc 0900 001c 0002 2 <
ffff8e67f59f0780 2931757134 C Ci:2:005:0 0 2 = 2f6f
ffff8e67f59f0780 2931757266 S Co:2:005:0 s 40 b9 0000 0000 0004 4 = 09016601
ffff8e67f59f0780 2931759706 C Co:2:005:0 0 4 >
ffff8e67f59f0780 2931759830 S Ii:2:005:3 -115:1 3 <
ffff8e67f59f0780 2931761072 C Ii:2:005:3 0:1 3 = 100000
ffff8e67f59f0780 2931761188 S Ci:2:005:0 s c0 bc 0800 0016 0002 2 <
ffff8e67f59f0780 2931763752 C Ci:2:005:0 0 2 = 0900
ffff8e67f59f0780 2931763876 S Ci:2:005:0 s c0 bc 0900 001c 0002 2 <
ffff8e67f59f0780 2931766398 C Ci:2:005:0 0 2 = 2f6f
ffff8e67f59f0780 2931766525 S Ci:2:005:0 s c0 bc 0800 23be 0004 4 <
ffff8e67f59f0780 2931769126 C Ci:2:005:0 0 4 = 000083e0
ffff8e67f59f0780 2931769263 S Co:2:005:0 s 40 bc 0800 00c0 0004 4 = 9989ec00
ffff8e67f59f0780 2931771734 C Co:2:005:0 0 4 >
ffff8e67f59f0780 2931771866 S Co:2:005:0 s 40 b9 0000 0000 0004 4 = 09006603
ffff8e67f59f0780 2931774405 C Co:2:005:0 0 4 >
ffff8e67f59f0780 2931774529 S Ii:2:005:3 -115:1 3 <
ffff8e67f59f0780 2931775665 C Ii:2:005:3 0:1 3 = 100000
ffff8e67f59f0780 2931775794 S Ci:2:005:0 s c0 bc 0800 0016 0002 2 <
ffff8e67f59f0780 2931778385 C Ci:2:005:0 0 2 = 0900
ffff8e67f59f0780 2931778495 S Ci:2:005:0 s c0 bc 0900 001c 0002 2 <
ffff8e67f59f0780 2931781013 C Ci:2:005:0 0 2 = 2f6f
ffff8e67f59f0780 2931781173 S Ci:2:005:0 s c0 bc 0800 23be 0002 2 <
ffff8e67f59f0780 2931783758 C Ci:2:005:0 0 2 = 0000
ffff8e67f59f0780 2931783934 S Co:2:005:0 s 40 bc 0900 0014 0002 2 = d39e
ffff8e67f59f0780 2931786520 C Co:2:005:0 0 2 >
ffff8e67f59f0780 2931786673 S Ci:2:005:0 s c0 bc 0900 001c 0002 2 <
ffff8e67f59f0780 2931789249 C Ci:2:005:0 0 2 = 2f6f
ffff8e67f59f0780 2931789414 S Co:2:005:0 s 40 b9 0000 0000 0004 4 = 09016601
ffff8e67f59f0780 2931792003 C Co:2:005:0 0 4 >
ffff8e67f59f0780 2931792157 S Ii:2:005:3 -115:1 3 <
ffff8e67f59f0780 2931793409 C Ii:2:005:3 0:1 3 = 100000
ffff8e67f59f0780 2931793525 S Ci:2:005:0 s c0 bc 0800 0016 0002 2 <
ffff8e67f59f0780 2931796227 C Ci:2:005:0 0 2 = 0900
ffff8e67f59f0780 2931796383 S Ci:2:005:0 s c0 bc 0900 001c 0002 2 <
ffff8e67f59f0780 2931798870 C Ci:2:005:0 0 2 = 2f6f
ffff8e67f59f0780 2931799081 S Ci:2:005:0 s c0 bc 0800 23be 0004 4 <
ffff8e67f59f0780 2931801522 C Ci:2:005:0 0 4 = 000091e0
ffff8e67f59f0780 2931801684 S Co:2:005:0 s 40 bc 0800 00c0 0004 4 = 9989ec00
ffff8e67f59f0780 2931804269 C Co:2:005:0 0 4 >
ffff8e67f59f0780 2931804344 S Co:2:005:0 s 40 b9 0000 0000 0004 4 = 09006603
ffff8e67f59f0780 2931806893 C Co:2:005:0 0 4 >
ffff8e67f59f0780 2931807088 S Ii:2:005:3 -115:1 3 <
ffff8e67f59f0780 2931808151 C Ii:2:005:3 0:1 3 = 100000
ffff8e67f59f0780 2931808207 S Ci:2:005:0 s c0 bc 0800 0016 0002 2 <
ffff8e67f59f0780 2931811009 C Ci:2:005:0 0 2 = 0900
ffff8e67f59f0780 2931811165 S Ci:2:005:0 s c0 bc 0900 001c 0002 2 <
ffff8e67f59f0780 2931813633 C Ci:2:005:0 0 2 = 2f6f
ffff8e67f59f0780 2931813788 S Ci:2:005:0 s c0 bc 0800 23be 0002 2 <
ffff8e67f59f0780 2931816367 C Ci:2:005:0 0 2 = 0000
ffff8e67f59f0780 2931816518 S Co:2:005:0 s 40 bc 0900 0014 0002 2 = d39e
ffff8e67f59f0780 2931818990 C Co:2:005:0 0 2 >
ffff8e67f59f0780 2931819141 S Ci:2:005:0 s c0 bc 0900 001c 0002 2 <
ffff8e67f59f0780 2931821668 C Ci:2:005:0 0 2 = 2f6f
ffff8e67f59f0780 2931821825 S Co:2:005:0 s 40 b9 0000 0000 0004 4 = 09016601
ffff8e67f59f0780 2931824376 C Co:2:005:0 0 4 >
ffff8e67f59f0780 2931824528 S Ii:2:005:3 -115:1 3 <
ffff8e67f59f0780 2931825690 C Ii:2:005:3 0:1 3 = 100000
ffff8e67f59f0780 2931825839 S Ci:2:005:0 s c0 bc 0800 0016 0002 2 <
ffff8e67f59f0780 2931828571 C Ci:2:005:0 0 2 = 0900
ffff8e67f59f0780 2931828737 S Ci:2:005:0 s c0 bc 0900 001c 0002 2 <
ffff8e67f59f0780 2931831288 C Ci:2:005:0 0 2 = 2f6f
ffff8e67f59f0780 2931831412 S Ci:2:005:0 s c0 bc 0800 23be 0004 4 <
ffff8e67f59f0780 2931834002 C Ci:2:005:0 0 4 = 000089e0
ffff8e67f59f0780 2931834155 S Co:2:005:0 s 40 bc 0800 00c0 0004 4 = 9989ec00
ffff8e67f59f0780 2931836651 C Co:2:005:0 0 4 >
ffff8e67f59f0780 2931836801 S Co:2:005:0 s 40 b9 0000 0000 0004 4 = 09006603
ffff8e67f59f0780 2931839364 C Co:2:005:0 0 4 >
ffff8e67f59f0780 2931839515 S Ii:2:005:3 -115:1 3 <
ffff8e67f59f0780 2931840709 C Ii:2:005:3 0:1 3 = 100000
ffff8e67f59f0780 2931840863 S Ci:2:005:0 s c0 bc 0800 0016 0002 2 <
ffff8e67f59f0780 2931843505 C Ci:2:005:0 0 2 = 0900
ffff8e67f59f0780 2931843661 S Ci:2:005:0 s c0 bc 0900 001c 0002 2 <
ffff8e67f59f0780 2931846256 C Ci:2:005:0 0 2 = 2f6f
ffff8e67f59f0780 2931846411 S Ci:2:005:0 s c0 bc 0800 23be 0002 2 <
ffff8e67f59f0780 2931849030 C Ci:2:005:0 0 2 = 0000
ffff8e67f59f0780 2931849183 S Co:2:005:0 s 40 bc 0900 0014 0002 2 = d39e
ffff8e67f59f0780 2931851744 C Co:2:005:0 0 2 >
ffff8e67f59f0780 2931851919 S Ci:2:005:0 s c0 bc 0900 001c 0002 2 <
ffff8e67f59f0780 2931854382 C Ci:2:005:0 0 2 = 2f6f
ffff8e67f59f0780 2931854535 S Co:2:005:0 s 40 b9 0000 0000 0004 4 = 09016601
ffff8e67f59f0780 2931857138 C Co:2:005:0 0 4 >
ffff8e67f59f0780 2931857218 S Ii:2:005:3 -115:1 3 <
ffff8e67f59f0780 2931858464 C Ii:2:005:3 0:1 3 = 100000
ffff8e67f59f0780 2931858618 S Ci:2:005:0 s c0 bc 0800 0016 0002 2 <
ffff8e67f59f0780 2931861268 C Ci:2:005:0 0 2 = 0900
ffff8e67f59f0780 2931861424 S Ci:2:005:0 s c0 bc 0900 001c 0002 2 <
ffff8e67f59f0780 2931863989 C Ci:2:005:0 0 2 = 2f6f
ffff8e67f59f0780 2931864142 S Ci:2:005:0 s c0 bc 0800 23be 0004 4 <
ffff8e67f59f0780 2931866628 C Ci:2:005:0 0 4 = 000087e0
ffff8e67f59f0780 2931866785 S Co:2:005:0 s 40 bc 0800 00c0 0004 4 = 9989ec00
ffff8e67f59f0780 2931869364 C Co:2:005:0 0 4 >
ffff8e67f59f0780 2931869517 S Co:2:005:0 s 40 b9 0000 0000 0004 4 = 09006603
ffff8e67f59f0780 2931872023 C Co:2:005:0 0 4 >
ffff8e67f59f0780 2931872182 S Ii:2:005:3 -115:1 3 <
ffff8e67f59f0780 2931873555 C Ii:2:005:3 0:1 3 = 100000
ffff8e67f59f0780 2931873711 S Ci:2:005:0 s c0 bc 0800 0016 0002 2 <
ffff8e67f59f0780 2931876539 C Ci:2:005:0 0 2 = 0900
ffff8e67f59f0780 2931876697 S Ci:2:005:0 s c0 bc 0900 001c 0002 2 <
ffff8e67f59f0780 2931879252 C Ci:2:005:0 0 2 = 2f6f
ffff8e67f59f0780 2931879409 S Ci:2:005:0 s c0 bc 0800 23be 0002 2 <
ffff8e67f59f0780 2931881993 C Ci:2:005:0 0 2 = 0000
ffff8e67f59f0780 2931882114 S Co:2:005:0 s 40 bc 0900 0014 0002 2 = d39e
ffff8e67f59f0780 2931884734 C Co:2:005:0 0 2 >
ffff8e67f59f0780 2931884848 S Ci:2:005:0 s c0 bc 0900 001c 0002 2 <
ffff8e67f59f0780 2931887379 C Ci:2:005:0 0 2 = 2f6f
ffff8e67f59f0780 2931887536 S Co:2:005:0 s 40 b9 0000 0000 0004 4 = 09016601
ffff8e67f59f0780 2931890105 C Co:2:005:0 0 4 >
ffff8e67f59f0780 2931890259 S Ii:2:005:3 -115:1 3 <
ffff8e67f59f0780 2931891466 C Ii:2:005:3 0:1 3 = 100000
ffff8e67f59f0780 2931891618 S Ci:2:005:0 s c0 bc 0800 0016 0002 2 <
ffff8e67f59f0780 2931894233 C Ci:2:005:0 0 2 = 0900
ffff8e67f59f0780 2931894388 S Ci:2:005:0 s c0 bc 0900 001c 0002 2 <
ffff8e67f59f0780 2931897005 C Ci:2:005:0 0 2 = 2f6f
ffff8e67f59f0780 2931897160 S Ci:2:005:0 s c0 bc 0800 23be 0004 4 <
ffff8e67f59f0780 2931899777 C Ci:2:005:0 0 4 = 000087e0
ffff8e67f59f0780 2931899950 S Co:2:005:0 s 40 bc 0800 00c0 0004 4 = 9989ec00
ffff8e67f59f0780 2931902478 C Co:2:005:0 0 4 >
ffff8e67f59f0780 2931902629 S Co:2:005:0 s 40 b9 0000 0000 0004 4 = 09006603
ffff8e67f59f0780 2931905139 C Co:2:005:0 0 4 >
ffff8e67f59f0780 2931905300 S Ii:2:005:3 -115:1 3 <
ffff8e67f59f0780 2931906436 C Ii:2:005:3 0:1 3 = 100000
ffff8e67f59f0780 2931906597 S Ci:2:005:0 s c0 bc 0800 0016 0002 2 <
ffff8e67f59f0780 2931909088 C Ci:2:005:0 0 2 = 0900
ffff8e67f59f0780 2931909184 S Ci:2:005:0 s c0 bc 0900 001c 0002 2 <
ffff8e67f59f0780 2931911740 C Ci:2:005:0 0 2 = 2f6f
ffff8e67f59f0780 2931911918 S Ci:2:005:0 s c0 bc 0800 23be 0002 2 <
ffff8e67f59f0780 2931914506 C Ci:2:005:0 0 2 = 0000
ffff8e67f59f0780 2931914661 S Co:2:005:0 s 40 bc 0900 0014 0002 2 = d39e
ffff8e67f59f0780 2931917224 C Co:2:005:0 0 2 >
ffff8e67f59f0780 2931917349 S Ci:2:005:0 s c0 bc 0900 001c 0002 2 <
ffff8e67f59f0780 2931919992 C Ci:2:005:0 0 2 = 2f6f
ffff8e67f59f0780 2931920144 S Co:2:005:0 s 40 b9 0000 0000 0004 4 = 09016601
ffff8e67f59f0780 2931922734 C Co:2:005:0 0 4 >
ffff8e67f59f0780 2931922899 S Ii:2:005:3 -115:1 3 <
ffff8e67f59f0780 2931924089 C Ii:2:005:3 0:1 3 = 100000
ffff8e67f59f0780 2931924252 S Ci:2:005:0 s c0 bc 0800 0016 0002 2 <
ffff8e67f59f0780 2931926844 C Ci:2:005:0 0 2 = 0900
ffff8e67f59f0780 2931926998 S Ci:2:005:0 s c0 bc 0900 001c 0002 2 <
ffff8e67f59f0780 2931929596 C Ci:2:005:0 0 2 = 2f6f
ffff8e67f59f0780 2931929752 S Ci:2:005:0 s c0 bc 0800 23be 0004 4 <
ffff8e67f59f0780 2931932219 C Ci:2:005:0 0 4 = 0000b1e0
ffff8e67f59f0780 2931932391 S Co:2:005:0 s 40 bc 0800 00c0 0002 2 = 1581
ffff8e67f59f0780 2931934976 C Co:2:005:0 0 2 >
ffff8e67f59f0780 2931935145 S Co:2:005:0 s 40 b9 0000 0000 0004 4 = 09009802
ffff8e67f59f0780 2931937635 C Co:2:005:0 0 4 >
ffff8e67f59f0780 2931937784 S Ii:2:005:3 -115:1 3 <
ffff8e67f59f0780 2931938990 C Ii:2:005:3 0:1 3 = 100000
ffff8e67f59f0780 2931939147 S Ci:2:005:0 s c0 bc 0800 0016 0002 2 <
ffff8e67f59f0780 2931941602 C Ci:2:005:0 0 2 = 0900
ffff8e67f59f0780 2931941753 S Ci:2:005:0 s c0 bc 0900 001c 0002 2 <
ffff8e67f59f0780 2931944390 C Ci:2:005:0 0 2 = 2f6f
ffff8e67f59f0780 2931944544 S Ci:2:005:0 s c0 bc 0800 23be 0002 2 <
ffff8e67f59f0780 2931947193 C Ci:2:005:0 0 2 = 0000
ffff8e67f59f0780 2931947310 S Co:2:005:0 s 40 bc 0900 0014 0002 2 = d39e
ffff8e67f59f0780 2931949863 C Co:2:005:0 0 2 >
ffff8e67f59f0780 2931950100 S Ci:2:005:0 s c0 bc 0900 001c 0002 2 <
ffff8e67f59f0780 2931952664 C Ci:2:005:0 0 2 = 2f6f
ffff8e67f59f0780 2931952797 S Co:2:005:0 s 40 bc 0800 00c0 0002 2 = 658a
ffff8e67f59f0780 2931955426 C Co:2:005:0 0 2 >
ffff8e67f59f0780 2931955561 S Co:2:005:0 s 40 b9 0000 0000 0004 4 = 09009802
ffff8e67f59f0780 2931958068 C Co:2:005:0 0 4 >
ffff8e67f59f0780 2931958139 S Ii:2:005:3 -115:1 3 <
ffff8e67f59f0780 2931959438 C Ii:2:005:3 0:1 3 = 100000
ffff8e67f59f0780 2931959600 S Ci:2:005:0 s c0 bc 0800 0016 0002 2 <
ffff8e67f59f0780 2931962313 C Ci:2:005:0 0 2 = 0900
ffff8e67f59f0780 2931962488 S Ci:2:005:0 s c0 bc 0900 001c 0002 2 <
ffff8e67f59f0780 2931965014 C Ci:2:005:0 0 2 = 2f6f
ffff8e67f59f0780 2931965175 S Ci:2:005:0 s c0 bc 0800 23be 0002 2 <
ffff8e67f59f0780 2931967785 C Ci:2:005:0 0 2 = 0000
ffff8e67f59f0780 2931967961 S Co:2:005:0 s 40 bc 0900 0014 0002 2 = d39e
ffff8e67f59f0780 2931970460 C Co:2:005:0 0 2 >
ffff8e67f59f0780 2931970643 S Ci:2:005:0 s c0 bc 0900 001c 0002 2 <
ffff8e67f59f0780 2931973272 C Ci:2:005:0 0 2 = 2f6f
ffff8e67f59f0780 2931973387 S Co:2:005:0 s 40 bc 0800 00c0 0002 2 = 1089
ffff8e67f59f0780 2931976018 C Co:2:005:0 0 2 >
ffff8e67f59f0780 2931976176 S Co:2:005:0 s 40 b9 0000 0000 0004 4 = 09009802
ffff8e67f59f0780 2931978743 C Co:2:005:0 0 4 >
ffff8e67f59f0780 2931978917 S Ii:2:005:3 -115:1 3 <
ffff8e67f59f0780 2931980108 C Ii:2:005:3 0:1 3 = 100000
ffff8e67f59f0780 2931980272 S Ci:2:005:0 s c0 bc 0800 0016 0002 2 <
ffff8e67f59f0780 2931983027 C Ci:2:005:0 0 2 = 0900
ffff8e67f59f0780 2931983184 S Ci:2:005:0 s c0 bc 0900 001c 0002 2 <
ffff8e67f59f0780 2931985766 C Ci:2:005:0 0 2 = 2f6f
ffff8e67f59f0780 2931985967 S Ci:2:005:0 s c0 bc 0800 23be 0002 2 <
ffff8e67f59f0780 2931988420 C Ci:2:005:0 0 2 = 0000
ffff8e67f59f0780 2931988559 S Co:2:005:0 s 40 bc 0900 0014 0002 2 = d39e
ffff8e67f59f0780 2931991143 C Co:2:005:0 0 2 >
ffff8e67f59f0780 2931991307 S Ci:2:005:0 s c0 bc 0900 001c 0002 2 <
ffff8e67f59f0780 2931993847 C Ci:2:005:0 0 2 = 2f6f
ffff8e67f59f0780 2931994002 S Co:2:005:0 s 40 bc 0800 00c0 0002 2 = 1128
ffff8e67f59f0780 2931996387 C Co:2:005:0 0 2 >
ffff8e67f59f0780 2931996511 S Co:2:005:0 s 40 b9 0000 0000 0004 4 = 09009802
ffff8e67f59f0780 2931999033 C Co:2:005:0 0 4 >
ffff8e67f59f0780 2931999158 S Ii:2:005:3 -115:1 3 <
ffff8e67f59f0780 2932000286 C Ii:2:005:3 0:1 3 = 100000
ffff8e67f59f0780 2932000460 S Ci:2:005:0 s c0 bc 0800 0016 0002 2 <
ffff8e67f59f0780 2932003072 C Ci:2:005:0 0 2 = 0900
ffff8e67f59f0780 2932003230 S Ci:2:005:0 s c0 bc 0900 001c 0002 2 <
ffff8e67f59f0780 2932005828 C Ci:2:005:0 0 2 = 2f6f
ffff8e67f59f0780 2932006003 S Ci:2:005:0 s c0 bc 0800 23be 0002 2 <
ffff8e67f59f0780 2932008568 C Ci:2:005:0 0 2 = 0000
ffff8e67f59f0780 2932008658 S Co:2:005:0 s 40 bc 0900 0014 0002 2 = d39e
ffff8e67f59f0780 2932011354 C Co:2:005:0 0 2 >
ffff8e67f59f0780 2932011508 S Ci:2:005:0 s c0 bc 0900 001c 0002 2 <
ffff8e67f59f0780 2932014005 C Ci:2:005:0 0 2 = 2f6f
ffff8e67f59f0780 2932014136 S Co:2:005:0 s 40 bc 0800 00c0 0002 2 = 1268
ffff8e67f59f0780 2932016624 C Co:2:005:0 0 2 >
ffff8e67f59f0780 2932016783 S Co:2:005:0 s 40 b9 0000 0000 0004 4 = 09009802
ffff8e67f59f0780 2932019316 C Co:2:005:0 0 4 >
ffff8e67f59f0780 2932019462 S Ii:2:005:3 -115:1 3 <
ffff8e67f59f0780 2932020596 C Ii:2:005:3 0:1 3 = 100000
ffff8e67f59f0780 2932020729 S Ci:2:005:0 s c0 bc 0800 0016 0002 2 <
ffff8e67f59f0780 2932023342 C Ci:2:005:0 0 2 = 0900
ffff8e67f59f0780 2932023504 S Ci:2:005:0 s c0 bc 0900 001c 0002 2 <
ffff8e67f59f0780 2932026124 C Ci:2:005:0 0 2 = 2f6f
ffff8e67f59f0780 2932026226 S Ci:2:005:0 s c0 bc 0800 23be 0002 2 <
ffff8e67f59f0780 2932028813 C Ci:2:005:0 0 2 = 0000
ffff8e67f59f0780 2932028887 S Co:2:005:0 s 40 bc 0900 0014 0002 2 = d39e
ffff8e67f59f0780 2932031601 C Co:2:005:0 0 2 >
ffff8e67f59f0780 2932031669 S Ci:2:005:0 s c0 bc 0900 001c 0002 2 <
ffff8e67f59f0780 2932034340 C Ci:2:005:0 0 2 = 2f6f
ffff8e67f59f0780 2932034405 S Co:2:005:0 s 40 bc 0800 00c0 0002 2 = 13a8
ffff8e67f59f0780 2932036947 C Co:2:005:0 0 2 >
ffff8e67f59f0780 2932037073 S Co:2:005:0 s 40 b9 0000 0000 0004 4 = 09009802
ffff8e67f59f0780 2932039584 C Co:2:005:0 0 4 >
ffff8e67f59f0780 2932039701 S Ii:2:005:3 -115:1 3 <
ffff8e67f59f0780 2932040914 C Ii:2:005:3 0:1 3 = 100000
ffff8e67f59f0780 2932041047 S Ci:2:005:0 s c0 bc 0800 0016 0002 2 <
ffff8e67f59f0780 2932043571 C Ci:2:005:0 0 2 = 0900
ffff8e67f59f0780 2932043692 S Ci:2:005:0 s c0 bc 0900 001c 0002 2 <
ffff8e67f59f0780 2932046236 C Ci:2:005:0 0 2 = 2f6f
ffff8e67f59f0780 2932046353 S Ci:2:005:0 s c0 bc 0800 23be 0002 2 <
ffff8e67f59f0780 2932048726 C Ci:2:005:0 0 2 = 0000
ffff8e67f59f0780 2932048839 S Co:2:005:0 s 40 bc 0900 0014 0002 2 = d39e
ffff8e67f59f0780 2932051402 C Co:2:005:0 0 2 >
ffff8e67f59f0780 2932051507 S Ci:2:005:0 s c0 bc 0900 001c 0002 2 <
ffff8e67f59f0780 2932054213 C Ci:2:005:0 0 2 = 2f6f
ffff8e67f59f0780 2932054295 S Co:2:005:0 s 40 bc 0800 00c0 0002 2 = 1488
ffff8e67f59f0780 2932056735 C Co:2:005:0 0 2 >
ffff8e67f59f0780 2932056848 S Co:2:005:0 s 40 b9 0000 0000 0004 4 = 09009802
ffff8e67f59f0780 2932059391 C Co:2:005:0 0 4 >
ffff8e67f59f0780 2932059462 S Ii:2:005:3 -115:1 3 <
ffff8e67f59f0780 2932060713 C Ii:2:005:3 0:1 3 = 100000
ffff8e67f59f0780 2932060758 S Ci:2:005:0 s c0 bc 0800 0016 0002 2 <
ffff8e67f59f0780 2932063385 C Ci:2:005:0 0 2 = 0900
ffff8e67f59f0780 2932063451 S Ci:2:005:0 s c0 bc 0900 001c 0002 2 <
ffff8e67f59f0780 2932066004 C Ci:2:005:0 0 2 = 2f6f
ffff8e67f59f0780 2932066105 S Ci:2:005:0 s c0 bc 0800 23be 0002 2 <
ffff8e67f59f0780 2932068621 C Ci:2:005:0 0 2 = 0000
ffff8e67f59f0780 2932068716 S Co:2:005:0 s 40 bc 0900 0014 0002 2 = d39e
ffff8e67f59f0780 2932071415 C Co:2:005:0 0 2 >
ffff8e67f59f0780 2932071539 S Ci:2:005:0 s c0 bc 0900 001c 0002 2 <
ffff8e67f59f0780 2932073991 C Ci:2:005:0 0 2 = 2f6f
ffff8e67f59f0780 2932074096 S Co:2:005:0 s 40 bc 0800 00c0 0002 2 = 158b
ffff8e67f59f0780 2932076672 C Co:2:005:0 0 2 >
ffff8e67f59f0780 2932076744 S Co:2:005:0 s 40 b9 0000 0000 0004 4 = 09009802
ffff8e67f59f0780 2932079436 C Co:2:005:0 0 4 >
ffff8e67f59f0780 2932079517 S Ii:2:005:3 -115:1 3 <
ffff8e67f59f0780 2932080786 C Ii:2:005:3 0:1 3 = 100000
ffff8e67f59f0780 2932080862 S Ci:2:005:0 s c0 bc 0800 0016 0002 2 <
ffff8e67f59f0780 2932083535 C Ci:2:005:0 0 2 = 0900
ffff8e67f59f0780 2932083612 S Ci:2:005:0 s c0 bc 0900 001c 0002 2 <
ffff8e67f59f0780 2932086280 C Ci:2:005:0 0 2 = 2f6f
ffff8e67f59f0780 2932086373 S Ci:2:005:0 s c0 bc 0800 23be 0002 2 <
ffff8e67f59f0780 2932088947 C Ci:2:005:0 0 2 = 0000
ffff8e67f59f0780 2932089110 S Co:2:005:0 s 40 bc 0900 0014 0002 2 = d39e
ffff8e67f59f0780 2932091693 C Co:2:005:0 0 2 >
ffff8e67f59f0780 2932091906 S Ci:2:005:0 s c0 bc 0900 001c 0002 2 <
ffff8e67f59f0780 2932094450 C Ci:2:005:0 0 2 = 2f6f
ffff8e67f59f0780 2932094644 S Co:2:005:0 s 40 bc 0800 00c0 0004 4 = 9989ed00
ffff8e67f59f0780 2932097163 C Co:2:005:0 0 4 >
ffff8e67f59f0780 2932097316 S Co:2:005:0 s 40 b9 0000 0000 0004 4 = 09006603
ffff8e67f59f0780 2932099930 C Co:2:005:0 0 4 >
ffff8e67f59f0780 2932100100 S Ii:2:005:3 -115:1 3 <
ffff8e67f59f0780 2932101290 C Ii:2:005:3 0:1 3 = 100000
ffff8e67f59f0780 2932101401 S Ci:2:005:0 s c0 bc 0800 0016 0002 2 <
ffff8e67f59f0780 2932103931 C Ci:2:005:0 0 2 = 0900
ffff8e67f59f0780 2932104094 S Ci:2:005:0 s c0 bc 0900 001c 0002 2 <
ffff8e67f59f0780 2932106679 C Ci:2:005:0 0 2 = 2f6f
ffff8e67f59f0780 2932106835 S Ci:2:005:0 s c0 bc 0800 23be 0002 2 <
ffff8e67f59f0780 2932109388 C Ci:2:005:0 0 2 = 0000
ffff8e67f59f0780 2932109437 S Co:2:005:0 s 40 bc 0900 0014 0002 2 = d39e
ffff8e67f59f0780 2932112013 C Co:2:005:0 0 2 >
ffff8e67f59f0780 2932112132 S Ci:2:005:0 s c0 bc 0900 001c 0002 2 <
ffff8e67f59f0780 2932114621 C Ci:2:005:0 0 2 = 2f6f
ffff8e67f59f0780 2932114777 S Co:2:005:0 s 40 b9 0000 0000 0004 4 = 09016601
ffff8e67f59f0780 2932117283 C Co:2:005:0 0 4 >
ffff8e67f59f0780 2932117436 S Ii:2:005:3 -115:1 3 <
ffff8e67f59f0780 2932118653 C Ii:2:005:3 0:1 3 = 100000
ffff8e67f59f0780 2932118837 S Ci:2:005:0 s c0 bc 0800 0016 0002 2 <
ffff8e67f59f0780 2932121559 C Ci:2:005:0 0 2 = 0900
ffff8e67f59f0780 2932121694 S Ci:2:005:0 s c0 bc 0900 001c 0002 2 <
ffff8e67f59f0780 2932124252 C Ci:2:005:0 0 2 = 2f6f
ffff8e67f59f0780 2932124429 S Ci:2:005:0 s c0 bc 0800 23be 0004 4 <
ffff8e67f59f0780 2932126952 C Ci:2:005:0 0 4 = 00007ce0
ffff8e67f59f0780 2932127128 S Co:2:005:0 s 40 bc 0800 00c0 0004 4 = 9989ec00
ffff8e67f59f0780 2932129729 C Co:2:005:0 0 4 >
ffff8e67f59f0780 2932129905 S Co:2:005:0 s 40 b9 0000 0000 0004 4 = 09006603
ffff8e67f59f0780 2932132343 C Co:2:005:0 0 4 >
ffff8e67f59f0780 2932132504 S Ii:2:005:3 -115:1 3 <
ffff8e67f59f0780 2932133629 C Ii:2:005:3 0:1 3 = 100000
ffff8e67f59f0780 2932133783 S Ci:2:005:0 s c0 bc 0800 0016 0002 2 <
ffff8e67f59f0780 2932136374 C Ci:2:005:0 0 2 = 0900
ffff8e67f59f0780 2932136514 S Ci:2:005:0 s c0 bc 0900 001c 0002 2 <
ffff8e67f59f0780 2932139046 C Ci:2:005:0 0 2 = 2f6f
ffff8e67f59f0780 2932139124 S Ci:2:005:0 s c0 bc 0800 23be 0002 2 <
ffff8e67f59f0780 2932141749 C Ci:2:005:0 0 2 = 0000
ffff8e67f59f0780 2932141893 S Co:2:005:0 s 40 bc 0900 0014 0002 2 = d39e
ffff8e67f59f0780 2932144324 C Co:2:005:0 0 2 >
ffff8e67f59f0780 2932144475 S Ci:2:005:0 s c0 bc 0900 001c 0002 2 <
ffff8e67f59f0780 2932146892 C Ci:2:005:0 0 2 = 2f6f
ffff8e67f59f0780 2932146999 S Co:2:005:0 s 40 b9 0000 0000 0004 4 = 09016601
ffff8e67f59f0780 2932149726 C Co:2:005:0 0 4 >
ffff8e67f59f0780 2932149848 S Ii:2:005:3 -115:1 3 <
ffff8e67f59f0780 2932151060 C Ii:2:005:3 0:1 3 = 100000
ffff8e67f59f0780 2932151214 S Ci:2:005:0 s c0 bc 0800 0016 0002 2 <
ffff8e67f59f0780 2932153714 C Ci:2:005:0 0 2 = 0900
ffff8e67f59f0780 2932153867 S Ci:2:005:0 s c0 bc 0900 001c 0002 2 <
ffff8e67f59f0780 2932156331 C Ci:2:005:0 0 2 = 2f6f
ffff8e67f59f0780 2932156434 S Ci:2:005:0 s c0 bc 0800 23be 0004 4 <
ffff8e67f59f0780 2932159060 C Ci:2:005:0 0 4 = 0000a2e0
ffff8e67f59f0780 2932159246 S Co:2:005:0 s 40 bc 0800 00c0 0004 4 = 9989ec00
ffff8e67f59f0780 2932161723 C Co:2:005:0 0 4 >
ffff8e67f59f0780 2932161853 S Co:2:005:0 s 40 b9 0000 0000 0004 4 = 09006603
ffff8e67f59f0780 2932164353 C Co:2:005:0 0 4 >
ffff8e67f59f0780 2932164505 S Ii:2:005:3 -115:1 3 <
ffff8e67f59f0780 2932165628 C Ii:2:005:3 0:1 3 = 100000
ffff8e67f59f0780 2932165779 S Ci:2:005:0 s c0 bc 0800 0016 0002 2 <
ffff8e67f59f0780 2932168457 C Ci:2:005:0 0 2 = 0900
ffff8e67f59f0780 2932168613 S Ci:2:005:0 s c0 bc 0900 001c 0002 2 <
ffff8e67f59f0780 2932171083 C Ci:2:005:0 0 2 = 2f6f
ffff8e67f59f0780 2932171247 S Ci:2:005:0 s c0 bc 0800 23be 0002 2 <
ffff8e67f59f0780 2932173795 C Ci:2:005:0 0 2 = 0000
ffff8e67f59f0780 2932173958 S Co:2:005:0 s 40 bc 0900 0014 0002 2 = d39e
ffff8e67f59f0780 2932176460 C Co:2:005:0 0 2 >
ffff8e67f59f0780 2932176620 S Ci:2:005:0 s c0 bc 0900 001c 0002 2 <
ffff8e67f59f0780 2932179165 C Ci:2:005:0 0 2 = 2f6f
ffff8e67f59f0780 2932179301 S Co:2:005:0 s 40 b9 0000 0000 0004 4 = 09016601
ffff8e67f59f0780 2932181913 C Co:2:005:0 0 4 >
ffff8e67f59f0780 2932182045 S Ii:2:005:3 -115:1 3 <
ffff8e67f59f0780 2932183328 C Ii:2:005:3 0:1 3 = 100000
ffff8e67f59f0780 2932183465 S Ci:2:005:0 s c0 bc 0800 0016 0002 2 <
ffff8e67f59f0780 2932186040 C Ci:2:005:0 0 2 = 0900
ffff8e67f59f0780 2932186184 S Ci:2:005:0 s c0 bc 0900 001c 0002 2 <
ffff8e67f59f0780 2932188679 C Ci:2:005:0 0 2 = 2f6f
ffff8e67f59f0780 2932188813 S Ci:2:005:0 s c0 bc 0800 23be 0004 4 <
ffff8e67f59f0780 2932191442 C Ci:2:005:0 0 4 = 00002ce0
ffff8e67f59f0780 2932191601 S Co:2:005:0 s 40 bc 0800 00c0 0004 4 = 9989ec00
ffff8e67f59f0780 2932194147 C Co:2:005:0 0 4 >
ffff8e67f59f0780 2932194297 S Co:2:005:0 s 40 b9 0000 0000 0004 4 = 09006603
ffff8e67f59f0780 2932196772 C Co:2:005:0 0 4 >
ffff8e67f59f0780 2932196936 S Ii:2:005:3 -115:1 3 <
ffff8e67f59f0780 2932198160 C Ii:2:005:3 0:1 3 = 100000
ffff8e67f59f0780 2932198311 S Ci:2:005:0 s c0 bc 0800 0016 0002 2 <
ffff8e67f59f0780 2932200939 C Ci:2:005:0 0 2 = 0900
ffff8e67f59f0780 2932201107 S Ci:2:005:0 s c0 bc 0900 001c 0002 2 <
ffff8e67f59f0780 2932203540 C Ci:2:005:0 0 2 = 2f6f
ffff8e67f59f0780 2932203694 S Ci:2:005:0 s c0 bc 0800 23be 0002 2 <
ffff8e67f59f0780 2932206277 C Ci:2:005:0 0 2 = 0000
ffff8e67f59f0780 2932206412 S Co:2:005:0 s 40 bc 0900 0014 0002 2 = d39e
ffff8e67f59f0780 2932208912 C Co:2:005:0 0 2 >
ffff8e67f59f0780 2932209081 S Ci:2:005:0 s c0 bc 0900 001c 0002 2 <
ffff8e67f59f0780 2932211574 C Ci:2:005:0 0 2 = 2f6f
ffff8e67f59f0780 2932211713 S Co:2:005:0 s 40 b9 0000 0000 0004 4 = 09016601
ffff8e67f59f0780 2932214279 C Co:2:005:0 0 4 >
ffff8e67f59f0780 2932214424 S Ii:2:005:3 -115:1 3 <
ffff8e67f59f0780 2932215637 C Ii:2:005:3 0:1 3 = 100000
ffff8e67f59f0780 2932215772 S Ci:2:005:0 s c0 bc 0800 0016 0002 2 <
ffff8e67f59f0780 2932218290 C Ci:2:005:0 0 2 = 0900
ffff8e67f59f0780 2932218432 S Ci:2:005:0 s c0 bc 0900 001c 0002 2 <
ffff8e67f59f0780 2932221033 C Ci:2:005:0 0 2 = 2f6f
ffff8e67f59f0780 2932221203 S Ci:2:005:0 s c0 bc 0800 23be 0004 4 <
ffff8e67f59f0780 2932223657 C Ci:2:005:0 0 4 = 000059e0
ffff8e67f59f0780 2932223812 S Co:2:005:0 s 40 bc 0800 00c0 0004 4 = 9989ec00
ffff8e67f59f0780 2932226265 C Co:2:005:0 0 4 >
ffff8e67f59f0780 2932226414 S Co:2:005:0 s 40 b9 0000 0000 0004 4 = 09006603
ffff8e67f59f0780 2932229014 C Co:2:005:0 0 4 >
ffff8e67f59f0780 2932229162 S Ii:2:005:3 -115:1 3 <
ffff8e67f59f0780 2932230263 C Ii:2:005:3 0:1 3 = 100000
ffff8e67f59f0780 2932230417 S Ci:2:005:0 s c0 bc 0800 0016 0002 2 <
ffff8e67f59f0780 2932232923 C Ci:2:005:0 0 2 = 0900
ffff8e67f59f0780 2932233102 S Ci:2:005:0 s c0 bc 0900 001c 0002 2 <
ffff8e67f59f0780 2932235532 C Ci:2:005:0 0 2 = 2f6f
ffff8e67f59f0780 2932235685 S Ci:2:005:0 s c0 bc 0800 23be 0002 2 <
ffff8e67f59f0780 2932238185 C Ci:2:005:0 0 2 = 0000
ffff8e67f59f0780 2932238306 S Co:2:005:0 s 40 bc 0900 0014 0002 2 = d39e
ffff8e67f59f0780 2932240911 C Co:2:005:0 0 2 >
ffff8e67f59f0780 2932241077 S Ci:2:005:0 s c0 bc 0900 001c 0002 2 <
ffff8e67f59f0780 2932243535 C Ci:2:005:0 0 2 = 2f6f
ffff8e67f59f0780 2932243685 S Co:2:005:0 s 40 b9 0000 0000 0004 4 = 09016601
ffff8e67f59f0780 2932246149 C Co:2:005:0 0 4 >
ffff8e67f59f0780 2932246295 S Ii:2:005:3 -115:1 3 <
ffff8e67f59f0780 2932247510 C Ii:2:005:3 0:1 3 = 100000
ffff8e67f59f0780 2932247648 S Ci:2:005:0 s c0 bc 0800 0016 0002 2 <
ffff8e67f59f0780 2932250160 C Ci:2:005:0 0 2 = 0900
ffff8e67f59f0780 2932250303 S Ci:2:005:0 s c0 bc 0900 001c 0002 2 <
ffff8e67f59f0780 2932252994 C Ci:2:005:0 0 2 = 2f6f
ffff8e67f59f0780 2932253118 S Ci:2:005:0 s c0 bc 0800 23be 0004 4 <
ffff8e67f59f0780 2932255693 C Ci:2:005:0 0 4 = 0000dee0
ffff8e67f59f0780 2932255854 S Co:2:005:0 s 40 bc 0800 00c0 0004 4 = 9989ec00
ffff8e67f59f0780 2932258438 C Co:2:005:0 0 4 >
ffff8e67f59f0780 2932258589 S Co:2:005:0 s 40 b9 0000 0000 0004 4 = 09006603
ffff8e67f59f0780 2932261145 C Co:2:005:0 0 4 >
ffff8e67f59f0780 2932261256 S Ii:2:005:3 -115:1 3 <
ffff8e67f59f0780 2932262503 C Ii:2:005:3 0:1 3 = 100000
ffff8e67f59f0780 2932262649 S Ci:2:005:0 s c0 bc 0800 0016 0002 2 <
ffff8e67f59f0780 2932265189 C Ci:2:005:0 0 2 = 0900
ffff8e67f59f0780 2932265290 S Ci:2:005:0 s c0 bc 0900 001c 0002 2 <
ffff8e67f59f0780 2932267940 C Ci:2:005:0 0 2 = 2f6f
ffff8e67f59f0780 2932268099 S Ci:2:005:0 s c0 bc 0800 23be 0002 2 <
ffff8e67f59f0780 2932270702 C Ci:2:005:0 0 2 = 0000
ffff8e67f59f0780 2932270827 S Co:2:005:0 s 40 bc 0900 0014 0002 2 = d39e
ffff8e67f59f0780 2932273394 C Co:2:005:0 0 2 >
ffff8e67f59f0780 2932273552 S Ci:2:005:0 s c0 bc 0900 001c 0002 2 <
ffff8e67f59f0780 2932276064 C Ci:2:005:0 0 2 = 2f6f
ffff8e67f59f0780 2932276230 S Co:2:005:0 s 40 b9 0000 0000 0004 4 = 09016601
ffff8e67f59f0780 2932278763 C Co:2:005:0 0 4 >
ffff8e67f59f0780 2932278895 S Ii:2:005:3 -115:1 3 <
ffff8e67f59f0780 2932280087 C Ii:2:005:3 0:1 3 = 100000
ffff8e67f59f0780 2932280191 S Ci:2:005:0 s c0 bc 0800 0016 0002 2 <
ffff8e67f59f0780 2932282780 C Ci:2:005:0 0 2 = 0900
ffff8e67f59f0780 2932282913 S Ci:2:005:0 s c0 bc 0900 001c 0002 2 <
ffff8e67f59f0780 2932285542 C Ci:2:005:0 0 2 = 2f6f
ffff8e67f59f0780 2932285695 S Ci:2:005:0 s c0 bc 0800 23be 0004 4 <
ffff8e67f59f0780 2932288350 C Ci:2:005:0 0 4 = 00002de0
ffff8e67f59f0780 2932288453 S Co:2:005:0 s 40 bc 0800 00c0 0004 4 = 9989ec00
ffff8e67f59f0780 2932291034 C Co:2:005:0 0 4 >
ffff8e67f59f0780 2932291188 S Co:2:005:0 s 40 b9 0000 0000 0004 4 = 09006603
ffff8e67f59f0780 2932293637 C Co:2:005:0 0 4 >
ffff8e67f59f0780 2932293788 S Ii:2:005:3 -115:1 3 <
ffff8e67f59f0780 2932294977 C Ii:2:005:3 0:1 3 = 100000
ffff8e67f59f0780 2932295137 S Ci:2:005:0 s c0 bc 0800 0016 0002 2 <
ffff8e67f59f0780 2932297659 C Ci:2:005:0 0 2 = 0900
ffff8e67f59f0780 2932297817 S Ci:2:005:0 s c0 bc 0900 001c 0002 2 <
ffff8e67f59f0780 2932300279 C Ci:2:005:0 0 2 = 2f6f
ffff8e67f59f0780 2932300433 S Ci:2:005:0 s c0 bc 0800 23be 0002 2 <
ffff8e67f59f0780 2932302920 C Ci:2:005:0 0 2 = 0000
ffff8e67f59f0780 2932303082 S Co:2:005:0 s 40 bc 0900 0014 0002 2 = d39e
ffff8e67f59f0780 2932305685 C Co:2:005:0 0 2 >
ffff8e67f59f0780 2932305818 S Ci:2:005:0 s c0 bc 0900 001c 0002 2 <
ffff8e67f59f0780 2932308360 C Ci:2:005:0 0 2 = 2f6f
ffff8e67f59f0780 2932308486 S Co:2:005:0 s 40 b9 0000 0000 0004 4 = 09016601
ffff8e67f59f0780 2932311074 C Co:2:005:0 0 4 >
ffff8e67f59f0780 2932311194 S Ii:2:005:3 -115:1 3 <
ffff8e67f59f0780 2932312234 C Ii:2:005:3 0:1 3 = 100000
ffff8e67f59f0780 2932312291 S Ci:2:005:0 s c0 bc 0800 0016 0002 2 <
ffff8e67f59f0780 2932315140 C Ci:2:005:0 0 2 = 0900
ffff8e67f59f0780 2932315235 S Ci:2:005:0 s c0 bc 0900 001c 0002 2 <
ffff8e67f59f0780 2932317683 C Ci:2:005:0 0 2 = 2f6f
ffff8e67f59f0780 2932317761 S Ci:2:005:0 s c0 bc 0800 23be 0004 4 <
ffff8e67f59f0780 2932320290 C Ci:2:005:0 0 4 = 00003de0
ffff8e67f59f0780 2932320455 S Co:2:005:0 s 40 bc 0800 00c0 0004 4 = 9989ec00
ffff8e67f59f0780 2932322952 C Co:2:005:0 0 4 >
ffff8e67f59f0780 2932323102 S Co:2:005:0 s 40 b9 0000 0000 0004 4 = 09006603
ffff8e67f59f0780 2932325680 C Co:2:005:0 0 4 >
ffff8e67f59f0780 2932325793 S Ii:2:005:3 -115:1 3 <
ffff8e67f59f0780 2932326894 C Ii:2:005:3 0:1 3 = 100000
ffff8e67f59f0780 2932327008 S Ci:2:005:0 s c0 bc 0800 0016 0002 2 <
ffff8e67f59f0780 2932329536 C Ci:2:005:0 0 2 = 0900
ffff8e67f59f0780 2932329652 S Ci:2:005:0 s c0 bc 0900 001c 0002 2 <
ffff8e67f59f0780 2932332310 C Ci:2:005:0 0 2 = 2f6f
ffff8e67f59f0780 2932332428 S Ci:2:005:0 s c0 bc 0800 23be 0002 2 <
ffff8e67f59f0780 2932334926 C Ci:2:005:0 0 2 = 0000
ffff8e67f59f0780 2932335124 S Co:2:005:0 s 40 bc 0900 0014 0002 2 = d39e
ffff8e67f59f0780 2932337582 C Co:2:005:0 0 2 >
ffff8e67f59f0780 2932337706 S Ci:2:005:0 s c0 bc 0900 001c 0002 2 <
ffff8e67f59f0780 2932340363 C Ci:2:005:0 0 2 = 2f6f
ffff8e67f59f0780 2932340449 S Co:2:005:0 s 40 b9 0000 0000 0004 4 = 09016601
ffff8e67f59f0780 2932342954 C Co:2:005:0 0 4 >
ffff8e67f59f0780 2932343069 S Ii:2:005:3 -115:1 3 <
ffff8e67f59f0780 2932344275 C Ii:2:005:3 0:1 3 = 100000
ffff8e67f59f0780 2932344357 S Ci:2:005:0 s c0 bc 0800 0016 0002 2 <
ffff8e67f59f0780 2932347078 C Ci:2:005:0 0 2 = 0900
ffff8e67f59f0780 2932347166 S Ci:2:005:0 s c0 bc 0900 001c 0002 2 <
ffff8e67f59f0780 2932349662 C Ci:2:005:0 0 2 = 2f6f
ffff8e67f59f0780 2932349748 S Ci:2:005:0 s c0 bc 0800 23be 0004 4 <
ffff8e67f59f0780 2932352495 C Ci:2:005:0 0 4 = 0000d9e0
ffff8e67f59f0780 2932352627 S Co:2:005:0 s 40 bc 0800 00c0 0004 4 = 9989ec00
ffff8e67f59f0780 2932355162 C Co:2:005:0 0 4 >
ffff8e67f59f0780 2932355286 S Co:2:005:0 s 40 b9 0000 0000 0004 4 = 09006603
ffff8e67f59f0780 2932357808 C Co:2:005:0 0 4 >
ffff8e67f59f0780 2932357949 S Ii:2:005:3 -115:1 3 <
ffff8e67f59f0780 2932359126 C Ii:2:005:3 0:1 3 = 100000
ffff8e67f59f0780 2932359248 S Ci:2:005:0 s c0 bc 0800 0016 0002 2 <
ffff8e67f59f0780 2932361959 C Ci:2:005:0 0 2 = 0900
ffff8e67f59f0780 2932362121 S Ci:2:005:0 s c0 bc 0900 001c 0002 2 <
ffff8e67f59f0780 2932364568 C Ci:2:005:0 0 2 = 2f6f
ffff8e67f59f0780 2932364685 S Ci:2:005:0 s c0 bc 0800 23be 0002 2 <
ffff8e67f59f0780 2932367330 C Ci:2:005:0 0 2 = 0000
ffff8e67f59f0780 2932367468 S Co:2:005:0 s 40 bc 0900 0014 0002 2 = d39e
ffff8e67f59f0780 2932369939 C Co:2:005:0 0 2 >
ffff8e67f59f0780 2932370104 S Ci:2:005:0 s c0 bc 0900 001c 0002 2 <
ffff8e67f59f0780 2932372596 C Ci:2:005:0 0 2 = 2f6f
ffff8e67f59f0780 2932372728 S Co:2:005:0 s 40 b9 0000 0000 0004 4 = 09016601
ffff8e67f59f0780 2932375308 C Co:2:005:0 0 4 >
ffff8e67f59f0780 2932375435 S Ii:2:005:3 -115:1 3 <
ffff8e67f59f0780 2932376617 C Ii:2:005:3 0:1 3 = 100000
ffff8e67f59f0780 2932376725 S Ci:2:005:0 s c0 bc 0800 0016 0002 2 <
ffff8e67f59f0780 2932379477 C Ci:2:005:0 0 2 = 0900
ffff8e67f59f0780 2932379603 S Ci:2:005:0 s c0 bc 0900 001c 0002 2 <
ffff8e67f59f0780 2932382193 C Ci:2:005:0 0 2 = 2f6f
ffff8e67f59f0780 2932382318 S Ci:2:005:0 s c0 bc 0800 23be 0004 4 <
ffff8e67f59f0780 2932384813 C Ci:2:005:0 0 4 = 0000c1e0
ffff8e67f59f0780 2932384991 S Co:2:005:0 s 40 bc 0800 00c0 0004 4 = 9989ec00
ffff8e67f59f0780 2932387579 C Co:2:005:0 0 4 >
ffff8e67f59f0780 2932387700 S Co:2:005:0 s 40 b9 0000 0000 0004 4 = 09006603
ffff8e67f59f0780 2932390298 C Co:2:005:0 0 4 >
ffff8e67f59f0780 2932390453 S Ii:2:005:3 -115:1 3 <
ffff8e67f59f0780 2932391651 C Ii:2:005:3 0:1 3 = 100000
ffff8e67f59f0780 2932391800 S Ci:2:005:0 s c0 bc 0800 0016 0002 2 <
ffff8e67f59f0780 2932394474 C Ci:2:005:0 0 2 = 0900
ffff8e67f59f0780 2932394616 S Ci:2:005:0 s c0 bc 0900 001c 0002 2 <
ffff8e67f59f0780 2932397278 C Ci:2:005:0 0 2 = 2f6f
ffff8e67f59f0780 2932397427 S Ci:2:005:0 s c0 bc 0800 23be 0002 2 <
ffff8e67f59f0780 2932400004 C Ci:2:005:0 0 2 = 0000
ffff8e67f59f0780 2932400144 S Co:2:005:0 s 40 bc 0900 0014 0002 2 = d39e
ffff8e67f59f0780 2932402593 C Co:2:005:0 0 2 >
ffff8e67f59f0780 2932402732 S Ci:2:005:0 s c0 bc 0900 001c 0002 2 <
ffff8e67f59f0780 2932405234 C Ci:2:005:0 0 2 = 2f6f
ffff8e67f59f0780 2932405390 S Co:2:005:0 s 40 b9 0000 0000 0004 4 = 09016601
ffff8e67f59f0780 2932407982 C Co:2:005:0 0 4 >
ffff8e67f59f0780 2932408131 S Ii:2:005:3 -115:1 3 <
ffff8e67f59f0780 2932409345 C Ii:2:005:3 0:1 3 = 100000
ffff8e67f59f0780 2932409456 S Ci:2:005:0 s c0 bc 0800 0016 0002 2 <
ffff8e67f59f0780 2932412078 C Ci:2:005:0 0 2 = 0900
ffff8e67f59f0780 2932412234 S Ci:2:005:0 s c0 bc 0900 001c 0002 2 <
ffff8e67f59f0780 2932414697 C Ci:2:005:0 0 2 = 2f6f
ffff8e67f59f0780 2932414852 S Ci:2:005:0 s c0 bc 0800 23be 0004 4 <
ffff8e67f59f0780 2932417467 C Ci:2:005:0 0 4 = 000011e0
ffff8e67f59f0780 2932417543 S Co:2:005:0 s 40 bc 0800 00c0 0004 4 = 9989ec00
ffff8e67f59f0780 2932420233 C Co:2:005:0 0 4 >
ffff8e67f59f0780 2932420408 S Co:2:005:0 s 40 b9 0000 0000 0004 4 = 09006603
ffff8e67f59f0780 2932422950 C Co:2:005:0 0 4 >
ffff8e67f59f0780 2932423105 S Ii:2:005:3 -115:1 3 <
ffff8e67f59f0780 2932424266 C Ii:2:005:3 0:1 3 = 100000
ffff8e67f59f0780 2932424419 S Ci:2:005:0 s c0 bc 0800 0016 0002 2 <
ffff8e67f59f0780 2932426945 C Ci:2:005:0 0 2 = 0900
ffff8e67f59f0780 2932427104 S Ci:2:005:0 s c0 bc 0900 001c 0002 2 <
ffff8e67f59f0780 2932429693 C Ci:2:005:0 0 2 = 2f6f
ffff8e67f59f0780 2932429844 S Ci:2:005:0 s c0 bc 0800 23be 0002 2 <
ffff8e67f59f0780 2932432457 C Ci:2:005:0 0 2 = 0000
ffff8e67f59f0780 2932432611 S Co:2:005:0 s 40 bc 0900 0014 0002 2 = d39e
ffff8e67f59f0780 2932435189 C Co:2:005:0 0 2 >
ffff8e67f59f0780 2932435342 S Ci:2:005:0 s c0 bc 0900 001c 0002 2 <
ffff8e67f59f0780 2932437910 C Ci:2:005:0 0 2 = 2f6f
ffff8e67f59f0780 2932438092 S Co:2:005:0 s 40 b9 0000 0000 0004 4 = 09016601
ffff8e67f59f0780 2932440520 C Co:2:005:0 0 4 >
ffff8e67f59f0780 2932440677 S Ii:2:005:3 -115:1 3 <
ffff8e67f59f0780 2932442012 C Ii:2:005:3 0:1 3 = 100000
ffff8e67f59f0780 2932442155 S Ci:2:005:0 s c0 bc 0800 0016 0002 2 <
ffff8e67f59f0780 2932444967 C Ci:2:005:0 0 2 = 0900
ffff8e67f59f0780 2932445124 S Ci:2:005:0 s c0 bc 0900 001c 0002 2 <
ffff8e67f59f0780 2932447633 C Ci:2:005:0 0 2 = 2f6f
ffff8e67f59f0780 2932447790 S Ci:2:005:0 s c0 bc 0800 23be 0004 4 <
ffff8e67f59f0780 2932450384 C Ci:2:005:0 0 4 = 00005de0
ffff8e67f59f0780 2932450546 S Co:2:005:0 s 40 bc 0800 00c0 0004 4 = 9989ec00
ffff8e67f59f0780 2932453093 C Co:2:005:0 0 4 >
ffff8e67f59f0780 2932453243 S Co:2:005:0 s 40 b9 0000 0000 0004 4 = 09006603
ffff8e67f59f0780 2932455924 C Co:2:005:0 0 4 >
ffff8e67f59f0780 2932456063 S Ii:2:005:3 -115:1 3 <
ffff8e67f59f0780 2932457129 C Ii:2:005:3 0:1 3 = 100000
ffff8e67f59f0780 2932457211 S Ci:2:005:0 s c0 bc 0800 0016 0002 2 <
ffff8e67f59f0780 2932459974 C Ci:2:005:0 0 2 = 0900
ffff8e67f59f0780 2932460138 S Ci:2:005:0 s c0 bc 0900 001c 0002 2 <
ffff8e67f59f0780 2932462603 C Ci:2:005:0 0 2 = 2f6f
ffff8e67f59f0780 2932462757 S Ci:2:005:0 s c0 bc 0800 23be 0002 2 <
ffff8e67f59f0780 2932465419 C Ci:2:005:0 0 2 = 0000
ffff8e67f59f0780 2932465573 S Co:2:005:0 s 40 bc 0900 0014 0002 2 = d39e
ffff8e67f59f0780 2932468113 C Co:2:005:0 0 2 >
ffff8e67f59f0780 2932468191 S Ci:2:005:0 s c0 bc 0900 001c 0002 2 <
ffff8e67f59f0780 2932470699 C Ci:2:005:0 0 2 = 2f6f
ffff8e67f59f0780 2932470852 S Co:2:005:0 s 40 b9 0000 0000 0004 4 = 09016601
ffff8e67f59f0780 2932473452 C Co:2:005:0 0 4 >
ffff8e67f59f0780 2932473561 S Ii:2:005:3 -115:1 3 <
ffff8e67f59f0780 2932474772 C Ii:2:005:3 0:1 3 = 100000
ffff8e67f59f0780 2932474891 S Ci:2:005:0 s c0 bc 0800 0016 0002 2 <
ffff8e67f59f0780 2932477584 C Ci:2:005:0 0 2 = 0900
ffff8e67f59f0780 2932477689 S Ci:2:005:0 s c0 bc 0900 001c 0002 2 <
ffff8e67f59f0780 2932480420 C Ci:2:005:0 0 2 = 2f6f
ffff8e67f59f0780 2932480518 S Ci:2:005:0 s c0 bc 0800 23be 0004 4 <
ffff8e67f59f0780 2932483141 C Ci:2:005:0 0 4 = 00008de0
ffff8e67f59f0780 2932483246 S Co:2:005:0 s 40 bc 0800 00c0 0004 4 = 9989ec00
ffff8e67f59f0780 2932485932 C Co:2:005:0 0 4 >
ffff8e67f59f0780 2932486050 S Co:2:005:0 s 40 b9 0000 0000 0004 4 = 09006603
ffff8e67f59f0780 2932488558 C Co:2:005:0 0 4 >
ffff8e67f59f0780 2932488659 S Ii:2:005:3 -115:1 3 <
ffff8e67f59f0780 2932489900 C Ii:2:005:3 0:1 3 = 100000
ffff8e67f59f0780 2932490005 S Ci:2:005:0 s c0 bc 0800 0016 0002 2 <
ffff8e67f59f0780 2932492599 C Ci:2:005:0 0 2 = 0900
ffff8e67f59f0780 2932492708 S Ci:2:005:0 s c0 bc 0900 001c 0002 2 <
ffff8e67f59f0780 2932495308 C Ci:2:005:0 0 2 = 2f6f
ffff8e67f59f0780 2932495408 S Ci:2:005:0 s c0 bc 0800 23be 0002 2 <
ffff8e67f59f0780 2932497954 C Ci:2:005:0 0 2 = 0000
ffff8e67f59f0780 2932498082 S Co:2:005:0 s 40 bc 0900 0014 0002 2 = d39e
ffff8e67f59f0780 2932500587 C Co:2:005:0 0 2 >
ffff8e67f59f0780 2932500698 S Ci:2:005:0 s c0 bc 0900 001c 0002 2 <
ffff8e67f59f0780 2932503339 C Ci:2:005:0 0 2 = 2f6f
ffff8e67f59f0780 2932503443 S Co:2:005:0 s 40 b9 0000 0000 0004 4 = 09016601
ffff8e67f59f0780 2932506034 C Co:2:005:0 0 4 >
ffff8e67f59f0780 2932506166 S Ii:2:005:3 -115:1 3 <
ffff8e67f59f0780 2932507401 C Ii:2:005:3 0:1 3 = 100000
ffff8e67f59f0780 2932507501 S Ci:2:005:0 s c0 bc 0800 0016 0002 2 <
ffff8e67f59f0780 2932510211 C Ci:2:005:0 0 2 = 0900
ffff8e67f59f0780 2932510315 S Ci:2:005:0 s c0 bc 0900 001c 0002 2 <
ffff8e67f59f0780 2932512914 C Ci:2:005:0 0 2 = 2f6f
ffff8e67f59f0780 2932513054 S Ci:2:005:0 s c0 bc 0800 23be 0004 4 <
ffff8e67f59f0780 2932515582 C Ci:2:005:0 0 4 = 000059e0
ffff8e67f59f0780 2932515693 S Co:2:005:0 s 40 bc 0800 00c0 0004 4 = 9989ec00
ffff8e67f59f0780 2932518299 C Co:2:005:0 0 4 >
ffff8e67f59f0780 2932518404 S Co:2:005:0 s 40 b9 0000 0000 0004 4 = 09006603
ffff8e67f59f0780 2932521007 C Co:2:005:0 0 4 >
ffff8e67f59f0780 2932521132 S Ii:2:005:3 -115:1 3 <
ffff8e67f59f0780 2932522425 C Ii:2:005:3 0:1 3 = 100000
ffff8e67f59f0780 2932522532 S Ci:2:005:0 s c0 bc 0800 0016 0002 2 <
ffff8e67f59f0780 2932525220 C Ci:2:005:0 0 2 = 0900
ffff8e67f59f0780 2932525326 S Ci:2:005:0 s c0 bc 0900 001c 0002 2 <
ffff8e67f59f0780 2932527832 C Ci:2:005:0 0 2 = 2f6f
ffff8e67f59f0780 2932527899 S Ci:2:005:0 s c0 bc 0800 23be 0002 2 <
ffff8e67f59f0780 2932530578 C Ci:2:005:0 0 2 = 0000
ffff8e67f59f0780 2932530688 S Co:2:005:0 s 40 bc 0900 0014 0002 2 = d39e
ffff8e67f59f0780 2932533144 C Co:2:005:0 0 2 >
ffff8e67f59f0780 2932533199 S Ci:2:005:0 s c0 bc 0900 001c 0002 2 <
ffff8e67f59f0780 2932535894 C Ci:2:005:0 0 2 = 2f6f
ffff8e67f59f0780 2932535986 S Co:2:005:0 s 40 b9 0000 0000 0004 4 = 09016601
ffff8e67f59f0780 2932538479 C Co:2:005:0 0 4 >
ffff8e67f59f0780 2932538576 S Ii:2:005:3 -115:1 3 <
ffff8e67f59f0780 2932539790 C Ii:2:005:3 0:1 3 = 100000
ffff8e67f59f0780 2932539876 S Ci:2:005:0 s c0 bc 0800 0016 0002 2 <
ffff8e67f59f0780 2932542543 C Ci:2:005:0 0 2 = 0900
ffff8e67f59f0780 2932542643 S Ci:2:005:0 s c0 bc 0900 001c 0002 2 <
ffff8e67f59f0780 2932545280 C Ci:2:005:0 0 2 = 2f6f
ffff8e67f59f0780 2932545416 S Ci:2:005:0 s c0 bc 0800 23be 0004 4 <
ffff8e67f59f0780 2932547979 C Ci:2:005:0 0 4 = 000080e0
ffff8e67f59f0780 2932548089 S Co:2:005:0 s 40 bc 0800 00c0 0004 4 = 9989ec00
ffff8e67f59f0780 2932550657 C Co:2:005:0 0 4 >
ffff8e67f59f0780 2932550752 S Co:2:005:0 s 40 b9 0000 0000 0004 4 = 09006603
ffff8e67f59f0780 2932553271 C Co:2:005:0 0 4 >
ffff8e67f59f0780 2932553364 S Ii:2:005:3 -115:1 3 <
ffff8e67f59f0780 2932554584 C Ii:2:005:3 0:1 3 = 100000
ffff8e67f59f0780 2932554676 S Ci:2:005:0 s c0 bc 0800 0016 0002 2 <
ffff8e67f59f0780 2932557477 C Ci:2:005:0 0 2 = 0900
ffff8e67f59f0780 2932557599 S Ci:2:005:0 s c0 bc 0900 001c 0002 2 <
ffff8e67f59f0780 2932560196 C Ci:2:005:0 0 2 = 2f6f
ffff8e67f59f0780 2932560319 S Ci:2:005:0 s c0 bc 0800 23be 0002 2 <
ffff8e67f59f0780 2932562963 C Ci:2:005:0 0 2 = 0000
ffff8e67f59f0780 2932563106 S Co:2:005:0 s 40 bc 0900 0014 0002 2 = d39e
ffff8e67f59f0780 2932565728 C Co:2:005:0 0 2 >
ffff8e67f59f0780 2932565854 S Ci:2:005:0 s c0 bc 0900 001c 0002 2 <
ffff8e67f59f0780 2932568505 C Ci:2:005:0 0 2 = 2f6f
ffff8e67f59f0780 2932568633 S Co:2:005:0 s 40 b9 0000 0000 0004 4 = 09016601
ffff8e67f59f0780 2932571134 C Co:2:005:0 0 4 >
ffff8e67f59f0780 2932571248 S Ii:2:005:3 -115:1 3 <
ffff8e67f59f0780 2932572468 C Ii:2:005:3 0:1 3 = 100000
ffff8e67f59f0780 2932572596 S Ci:2:005:0 s c0 bc 0800 0016 0002 2 <
ffff8e67f59f0780 2932575193 C Ci:2:005:0 0 2 = 0900
ffff8e67f59f0780 2932575327 S Ci:2:005:0 s c0 bc 0900 001c 0002 2 <
ffff8e67f59f0780 2932577754 C Ci:2:005:0 0 2 = 2f6f
ffff8e67f59f0780 2932577896 S Ci:2:005:0 s c0 bc 0800 23be 0004 4 <
ffff8e67f59f0780 2932580489 C Ci:2:005:0 0 4 = 000021e0
ffff8e67f59f0780 2932580621 S Co:2:005:0 s 40 bc 0800 00c0 0004 4 = 9989ec00
ffff8e67f59f0780 2932583212 C Co:2:005:0 0 4 >
ffff8e67f59f0780 2932583330 S Co:2:005:0 s 40 b9 0000 0000 0004 4 = 09006603
ffff8e67f59f0780 2932585912 C Co:2:005:0 0 4 >
ffff8e67f59f0780 2932586079 S Ii:2:005:3 -115:1 3 <
ffff8e67f59f0780 2932587202 C Ii:2:005:3 0:1 3 = 100000
ffff8e67f59f0780 2932587311 S Ci:2:005:0 s c0 bc 0800 0016 0002 2 <
ffff8e67f59f0780 2932589916 C Ci:2:005:0 0 2 = 0900
ffff8e67f59f0780 2932590055 S Ci:2:005:0 s c0 bc 0900 001c 0002 2 <
ffff8e67f59f0780 2932592684 C Ci:2:005:0 0 2 = 2f6f
ffff8e67f59f0780 2932592821 S Ci:2:005:0 s c0 bc 0800 23be 0002 2 <
ffff8e67f59f0780 2932595380 C Ci:2:005:0 0 2 = 0000
ffff8e67f59f0780 2932595504 S Co:2:005:0 s 40 bc 0900 0014 0002 2 = d39e
ffff8e67f59f0780 2932598212 C Co:2:005:0 0 2 >
ffff8e67f59f0780 2932598334 S Ci:2:005:0 s c0 bc 0900 001c 0002 2 <
ffff8e67f59f0780 2932600915 C Ci:2:005:0 0 2 = 2f6f
ffff8e67f59f0780 2932601077 S Co:2:005:0 s 40 b9 0000 0000 0004 4 = 09016601
ffff8e67f59f0780 2932603713 C Co:2:005:0 0 4 >
ffff8e67f59f0780 2932603837 S Ii:2:005:3 -115:1 3 <
ffff8e67f59f0780 2932605010 C Ii:2:005:3 0:1 3 = 100000
ffff8e67f59f0780 2932605164 S Ci:2:005:0 s c0 bc 0800 0016 0002 2 <
ffff8e67f59f0780 2932607939 C Ci:2:005:0 0 2 = 0900
ffff8e67f59f0780 2932608033 S Ci:2:005:0 s c0 bc 0900 001c 0002 2 <
ffff8e67f59f0780 2932610556 C Ci:2:005:0 0 2 = 2f6f
ffff8e67f59f0780 2932610685 S Ci:2:005:0 s c0 bc 0800 23be 0004 4 <
ffff8e67f59f0780 2932613275 C Ci:2:005:0 0 4 = 00007ee0
ffff8e67f59f0780 2932613402 S Co:2:005:0 s 40 bc 0800 00c0 0004 4 = 9989ec00
ffff8e67f59f0780 2932616052 C Co:2:005:0 0 4 >
ffff8e67f59f0780 2932616227 S Co:2:005:0 s 40 b9 0000 0000 0004 4 = 09006603
ffff8e67f59f0780 2932618828 C Co:2:005:0 0 4 >
ffff8e67f59f0780 2932618953 S Ii:2:005:3 -115:1 3 <
ffff8e67f59f0780 2932620149 C Ii:2:005:3 0:1 3 = 100000
ffff8e67f59f0780 2932620269 S Ci:2:005:0 s c0 bc 0800 0016 0002 2 <
ffff8e67f59f0780 2932622958 C Ci:2:005:0 0 2 = 0900
ffff8e67f59f0780 2932623103 S Ci:2:005:0 s c0 bc 0900 001c 0002 2 <
ffff8e67f59f0780 2932625657 C Ci:2:005:0 0 2 = 2f6f
ffff8e67f59f0780 2932625780 S Ci:2:005:0 s c0 bc 0800 23be 0002 2 <
ffff8e67f59f0780 2932628365 C Ci:2:005:0 0 2 = 0000
ffff8e67f59f0780 2932628494 S Co:2:005:0 s 40 bc 0900 0014 0002 2 = d39e
ffff8e67f59f0780 2932631200 C Co:2:005:0 0 2 >
ffff8e67f59f0780 2932631324 S Ci:2:005:0 s c0 bc 0900 001c 0002 2 <
ffff8e67f59f0780 2932633932 C Ci:2:005:0 0 2 = 2f6f
ffff8e67f59f0780 2932634071 S Co:2:005:0 s 40 b9 0000 0000 0004 4 = 09016601
ffff8e67f59f0780 2932636695 C Co:2:005:0 0 4 >
ffff8e67f59f0780 2932636816 S Ii:2:005:3 -115:1 3 <
ffff8e67f59f0780 2932638010 C Ii:2:005:3 0:1 3 = 100000
ffff8e67f59f0780 2932638162 S Ci:2:005:0 s c0 bc 0800 0016 0002 2 <
ffff8e67f59f0780 2932640777 C Ci:2:005:0 0 2 = 0900
ffff8e67f59f0780 2932640943 S Ci:2:005:0 s c0 bc 0900 001c 0002 2 <
ffff8e67f59f0780 2932643401 C Ci:2:005:0 0 2 = 2f6f
ffff8e67f59f0780 2932643529 S Ci:2:005:0 s c0 bc 0800 23be 0004 4 <
ffff8e67f59f0780 2932646022 C Ci:2:005:0 0 4 = 00004ae0
ffff8e67f59f0780 2932646177 S Co:2:005:0 s 40 bc 0800 00c0 0004 4 = 9989ec00
ffff8e67f59f0780 2932648748 C Co:2:005:0 0 4 >
ffff8e67f59f0780 2932648898 S Co:2:005:0 s 40 b9 0000 0000 0004 4 = 09006603
ffff8e67f59f0780 2932651454 C Co:2:005:0 0 4 >
ffff8e67f59f0780 2932651518 S Ii:2:005:3 -115:1 3 <
ffff8e67f59f0780 2932652731 C Ii:2:005:3 0:1 3 = 100000
ffff8e67f59f0780 2932652846 S Ci:2:005:0 s c0 bc 0800 0016 0002 2 <
ffff8e67f59f0780 2932655547 C Ci:2:005:0 0 2 = 0900
ffff8e67f59f0780 2932655690 S Ci:2:005:0 s c0 bc 0900 001c 0002 2 <
ffff8e67f59f0780 2932658308 C Ci:2:005:0 0 2 = 2f6f
ffff8e67f59f0780 2932658427 S Ci:2:005:0 s c0 bc 0800 23be 0002 2 <
ffff8e67f59f0780 2932661037 C Ci:2:005:0 0 2 = 0000
ffff8e67f59f0780 2932661167 S Co:2:005:0 s 40 bc 0900 0014 0002 2 = d39e
ffff8e67f59f0780 2932663803 C Co:2:005:0 0 2 >
ffff8e67f59f0780 2932663995 S Ci:2:005:0 s c0 bc 0900 001c 0002 2 <
ffff8e67f59f0780 2932666535 C Ci:2:005:0 0 2 = 2f6f
ffff8e67f59f0780 2932666708 S Co:2:005:0 s 40 b9 0000 0000 0004 4 = 09016601
ffff8e67f59f0780 2932669338 C Co:2:005:0 0 4 >
ffff8e67f59f0780 2932669558 S Ii:2:005:3 -115:1 3 <
ffff8e67f59f0780 2932670645 C Ii:2:005:3 0:1 3 = 100000
ffff8e67f59f0780 2932670823 S Ci:2:005:0 s c0 bc 0800 0016 0002 2 <
ffff8e67f59f0780 2932673424 C Ci:2:005:0 0 2 = 0900
ffff8e67f59f0780 2932673584 S Ci:2:005:0 s c0 bc 0900 001c 0002 2 <
ffff8e67f59f0780 2932676206 C Ci:2:005:0 0 2 = 2f6f
ffff8e67f59f0780 2932676329 S Ci:2:005:0 s c0 bc 0800 23be 0004 4 <
ffff8e67f59f0780 2932678926 C Ci:2:005:0 0 4 = 000091e0
ffff8e67f59f0780 2932679122 S Co:2:005:0 s 40 bc 0800 00c0 0004 4 = 9989ec00
ffff8e67f59f0780 2932681678 C Co:2:005:0 0 4 >
ffff8e67f59f0780 2932681801 S Co:2:005:0 s 40 b9 0000 0000 0004 4 = 09006603
ffff8e67f59f0780 2932684442 C Co:2:005:0 0 4 >
ffff8e67f59f0780 2932684600 S Ii:2:005:3 -115:1 3 <
ffff8e67f59f0780 2932685780 C Ii:2:005:3 0:1 3 = 100000
ffff8e67f59f0780 2932685950 S Ci:2:005:0 s c0 bc 0800 0016 0002 2 <
ffff8e67f59f0780 2932688557 C Ci:2:005:0 0 2 = 0900
ffff8e67f59f0780 2932688729 S Ci:2:005:0 s c0 bc 0900 001c 0002 2 <
ffff8e67f59f0780 2932691306 C Ci:2:005:0 0 2 = 2f6f
ffff8e67f59f0780 2932691464 S Ci:2:005:0 s c0 bc 0800 23be 0002 2 <
ffff8e67f59f0780 2932694027 C Ci:2:005:0 0 2 = 0000
ffff8e67f59f0780 2932694181 S Co:2:005:0 s 40 bc 0900 0014 0002 2 = d39e
ffff8e67f59f0780 2932696708 C Co:2:005:0 0 2 >
ffff8e67f59f0780 2932696888 S Ci:2:005:0 s c0 bc 0900 001c 0002 2 <
ffff8e67f59f0780 2932699490 C Ci:2:005:0 0 2 = 2f6f
ffff8e67f59f0780 2932699648 S Co:2:005:0 s 40 b9 0000 0000 0004 4 = 09016601
ffff8e67f59f0780 2932702309 C Co:2:005:0 0 4 >
ffff8e67f59f0780 2932702466 S Ii:2:005:3 -115:1 3 <
ffff8e67f59f0780 2932703766 C Ii:2:005:3 0:1 3 = 100000
ffff8e67f59f0780 2932703930 S Ci:2:005:0 s c0 bc 0800 0016 0002 2 <
ffff8e67f59f0780 2932706489 C Ci:2:005:0 0 2 = 0900
ffff8e67f59f0780 2932706647 S Ci:2:005:0 s c0 bc 0900 001c 0002 2 <
ffff8e67f59f0780 2932709190 C Ci:2:005:0 0 2 = 2f6f
ffff8e67f59f0780 2932709347 S Ci:2:005:0 s c0 bc 0800 23be 0004 4 <
ffff8e67f59f0780 2932711976 C Ci:2:005:0 0 4 = 0000fde0
ffff8e67f59f0780 2932712132 S Co:2:005:0 s 40 bc 0800 00c0 0004 4 = 9989ec00
ffff8e67f59f0780 2932714690 C Co:2:005:0 0 4 >
ffff8e67f59f0780 2932714848 S Co:2:005:0 s 40 b9 0000 0000 0004 4 = 09006603
ffff8e67f59f0780 2932717443 C Co:2:005:0 0 4 >
ffff8e67f59f0780 2932717596 S Ii:2:005:3 -115:1 3 <
ffff8e67f59f0780 2932718745 C Ii:2:005:3 0:1 3 = 100000
ffff8e67f59f0780 2932718915 S Ci:2:005:0 s c0 bc 0800 0016 0002 2 <
ffff8e67f59f0780 2932721610 C Ci:2:005:0 0 2 = 0900
ffff8e67f59f0780 2932721753 S Ci:2:005:0 s c0 bc 0900 001c 0002 2 <
ffff8e67f59f0780 2932724301 C Ci:2:005:0 0 2 = 2f6f
ffff8e67f59f0780 2932724457 S Ci:2:005:0 s c0 bc 0800 23be 0002 2 <
ffff8e67f59f0780 2932727036 C Ci:2:005:0 0 2 = 0000
ffff8e67f59f0780 2932727196 S Co:2:005:0 s 40 bc 0900 0014 0002 2 = d39e
ffff8e67f59f0780 2932729782 C Co:2:005:0 0 2 >
ffff8e67f59f0780 2932729939 S Ci:2:005:0 s c0 bc 0900 001c 0002 2 <
ffff8e67f59f0780 2932732698 C Ci:2:005:0 0 2 = 2f6f
ffff8e67f59f0780 2932732871 S Co:2:005:0 s 40 b9 0000 0000 0004 4 = 09016601
ffff8e67f59f0780 2932735635 C Co:2:005:0 0 4 >
ffff8e67f59f0780 2932735753 S Ii:2:005:3 -115:1 3 <
ffff8e67f59f0780 2932736851 C Ii:2:005:3 0:1 3 = 100000
ffff8e67f59f0780 2932736994 S Ci:2:005:0 s c0 bc 0800 0016 0002 2 <
ffff8e67f59f0780 2932739541 C Ci:2:005:0 0 2 = 0900
ffff8e67f59f0780 2932739667 S Ci:2:005:0 s c0 bc 0900 001c 0002 2 <
ffff8e67f59f0780 2932742371 C Ci:2:005:0 0 2 = 2f6f
ffff8e67f59f0780 2932742497 S Ci:2:005:0 s c0 bc 0800 23be 0004 4 <
ffff8e67f59f0780 2932745057 C Ci:2:005:0 0 4 = 0000b1e0
ffff8e67f59f0780 2932745218 S Co:2:005:0 s 40 bc 0800 00c0 0004 4 = 9989ec00
ffff8e67f59f0780 2932747723 C Co:2:005:0 0 4 >
ffff8e67f59f0780 2932747896 S Co:2:005:0 s 40 b9 0000 0000 0004 4 = 09006603
ffff8e67f59f0780 2932750594 C Co:2:005:0 0 4 >
ffff8e67f59f0780 2932750749 S Ii:2:005:3 -115:1 3 <
ffff8e67f59f0780 2932751946 C Ii:2:005:3 0:1 3 = 100000
ffff8e67f59f0780 2932752103 S Ci:2:005:0 s c0 bc 0800 0016 0002 2 <
ffff8e67f59f0780 2932754729 C Ci:2:005:0 0 2 = 0900
ffff8e67f59f0780 2932754903 S Ci:2:005:0 s c0 bc 0900 001c 0002 2 <
ffff8e67f59f0780 2932757468 C Ci:2:005:0 0 2 = 2f6f
ffff8e67f59f0780 2932757624 S Ci:2:005:0 s c0 bc 0800 23be 0002 2 <
ffff8e67f59f0780 2932760185 C Ci:2:005:0 0 2 = 0000
ffff8e67f59f0780 2932760362 S Co:2:005:0 s 40 bc 0900 0014 0002 2 = d39e
ffff8e67f59f0780 2932762850 C Co:2:005:0 0 2 >
ffff8e67f59f0780 2932762943 S Ci:2:005:0 s c0 bc 0900 001c 0002 2 <
ffff8e67f59f0780 2932765766 C Ci:2:005:0 0 2 = 2f6f
ffff8e67f59f0780 2932766055 S Co:2:005:0 s 40 b9 0000 0000 0004 4 = 09016601
ffff8e67f59f0780 2932768517 C Co:2:005:0 0 4 >
ffff8e67f59f0780 2932768595 S Ii:2:005:3 -115:1 3 <
ffff8e67f59f0780 2932769875 C Ii:2:005:3 0:1 3 = 100000
ffff8e67c4a97180 2932769941 S Ci:2:005:0 s c0 bc 0800 0016 0002 2 <
ffff8e67c4a97180 2932772703 C Ci:2:005:0 0 2 = 0900
ffff8e67c4a97180 2932772759 S Ci:2:005:0 s c0 bc 0900 001c 0002 2 <
ffff8e67c4a97180 2932775518 C Ci:2:005:0 0 2 = 2f6f
ffff8e67c4a97180 2932775573 S Ci:2:005:0 s c0 bc 0800 23be 0004 4 <
ffff8e67c4a97180 2932778296 C Ci:2:005:0 0 4 = 000078e0
ffff8e67c4a97180 2932778366 S Co:2:005:0 s 40 bc 0800 00c0 0004 4 = 9989ec00
ffff8e67c4a97180 2932781102 C Co:2:005:0 0 4 >
ffff8e67c4a97180 2932781168 S Co:2:005:0 s 40 b9 0000 0000 0004 4 = 09006603
ffff8e67c4a97180 2932783849 C Co:2:005:0 0 4 >
ffff8e67c4a97180 2932783930 S Ii:2:005:3 -115:1 3 <
ffff8e67c4a97180 2932785136 C Ii:2:005:3 0:1 3 = 100000
ffff8e67c4a97180 2932785185 S Ci:2:005:0 s c0 bc 0800 0016 0002 2 <
ffff8e67c4a97180 2932787952 C Ci:2:005:0 0 2 = 0900
ffff8e67c4a97180 2932788015 S Ci:2:005:0 s c0 bc 0900 001c 0002 2 <
ffff8e67c4a97180 2932790714 C Ci:2:005:0 0 2 = 2f6f
ffff8e67c4a97180 2932790774 S Ci:2:005:0 s c0 bc 0800 23be 0002 2 <
ffff8e67c4a97180 2932793433 C Ci:2:005:0 0 2 = 0000
ffff8e67c4a97180 2932793494 S Co:2:005:0 s 40 bc 0900 0014 0002 2 = d39e
ffff8e67c4a97180 2932796188 C Co:2:005:0 0 2 >
ffff8e67c4a97180 2932796251 S Ci:2:005:0 s c0 bc 0900 001c 0002 2 <
ffff8e67c4a97180 2932798967 C Ci:2:005:0 0 2 = 2f6f
ffff8e67c4a97180 2932799020 S Co:2:005:0 s 40 b9 0000 0000 0004 4 = 09016601
ffff8e67c4a97180 2932801689 C Co:2:005:0 0 4 >
ffff8e67c4a97180 2932801748 S Ii:2:005:3 -115:1 3 <
ffff8e67c4a97180 2932803036 C Ii:2:005:3 0:1 3 = 100000
ffff8e67c4a97180 2932803099 S Ci:2:005:0 s c0 bc 0800 0016 0002 2 <
ffff8e67c4a97180 2932805825 C Ci:2:005:0 0 2 = 0900
ffff8e67c4a97180 2932805899 S Ci:2:005:0 s c0 bc 0900 001c 0002 2 <
ffff8e67c4a97180 2932808601 C Ci:2:005:0 0 2 = 2f6f
ffff8e67c4a97180 2932808666 S Ci:2:005:0 s c0 bc 0800 23be 0004 4 <
ffff8e67c4a97180 2932811285 C Ci:2:005:0 0 4 = 000003e0
ffff8e67c4a97180 2932811397 S Co:2:005:0 s 40 bc 0800 00c0 0004 4 = 9989ec00
ffff8e67c4a97180 2932814076 C Co:2:005:0 0 4 >
ffff8e67c4a97180 2932814137 S Co:2:005:0 s 40 b9 0000 0000 0004 4 = 09006603
ffff8e67c4a97180 2932816807 C Co:2:005:0 0 4 >
ffff8e67c4a97180 2932816882 S Ii:2:005:3 -115:1 3 <
ffff8e67c4a97180 2932818132 C Ii:2:005:3 0:1 3 = 100000
ffff8e67c4a97180 2932818190 S Ci:2:005:0 s c0 bc 0800 0016 0002 2 <
ffff8e67c4a97180 2932820953 C Ci:2:005:0 0 2 = 0900
ffff8e67c4a97180 2932821016 S Ci:2:005:0 s c0 bc 0900 001c 0002 2 <
ffff8e67c4a97180 2932823672 C Ci:2:005:0 0 2 = 2f6f
ffff8e67c4a97180 2932823724 S Ci:2:005:0 s c0 bc 0800 23be 0002 2 <
ffff8e67c4a97180 2932826402 C Ci:2:005:0 0 2 = 0000
ffff8e67c4a97180 2932826461 S Co:2:005:0 s 40 bc 0900 0014 0002 2 = d39e
ffff8e67c4a97180 2932829202 C Co:2:005:0 0 2 >
ffff8e67c4a97180 2932829264 S Ci:2:005:0 s c0 bc 0900 001c 0002 2 <
ffff8e67c4a97180 2932831949 C Ci:2:005:0 0 2 = 2f6f
ffff8e67c4a97180 2932832012 S Co:2:005:0 s 40 b9 0000 0000 0004 4 = 09016601
ffff8e67c4a97180 2932834713 C Co:2:005:0 0 4 >
ffff8e67c4a97180 2932834772 S Ii:2:005:3 -115:1 3 <
ffff8e67c4a97180 2932836042 C Ii:2:005:3 0:1 3 = 100000
ffff8e67c4a97180 2932836138 S Ci:2:005:0 s c0 bc 0800 0016 0002 2 <
ffff8e67c4a97180 2932838818 C Ci:2:005:0 0 2 = 0900
ffff8e67c4a97180 2932838898 S Ci:2:005:0 s c0 bc 0900 001c 0002 2 <
ffff8e67c4a97180 2932841572 C Ci:2:005:0 0 2 = 2f6f
ffff8e67c4a97180 2932841634 S Ci:2:005:0 s c0 bc 0800 23be 0004 4 <
ffff8e67c4a97180 2932844359 C Ci:2:005:0 0 4 = 000091e0
ffff8e67c4a97180 2932844423 S Co:2:005:0 s 40 bc 0800 00c0 0004 4 = 9989ec00
ffff8e67c4a97180 2932846993 C Co:2:005:0 0 4 >
ffff8e67c4a97180 2932847052 S Co:2:005:0 s 40 b9 0000 0000 0004 4 = 09006603
ffff8e67c4a97180 2932849608 C Co:2:005:0 0 4 >
ffff8e67c4a97180 2932849666 S Ii:2:005:3 -115:1 3 <
ffff8e67c4a97180 2932850986 C Ii:2:005:3 0:1 3 = 100000
ffff8e67c4a97180 2932851047 S Ci:2:005:0 s c0 bc 0800 0016 0002 2 <
ffff8e67c4a97180 2932853816 C Ci:2:005:0 0 2 = 0900
ffff8e67c4a97180 2932853892 S Ci:2:005:0 s c0 bc 0900 001c 0002 2 <
ffff8e67c4a97180 2932856605 C Ci:2:005:0 0 2 = 2f6f
ffff8e67c4a97180 2932856661 S Ci:2:005:0 s c0 bc 0800 23be 0002 2 <
ffff8e67c4a97180 2932859356 C Ci:2:005:0 0 2 = 0000
ffff8e67c4a97180 2932859418 S Co:2:005:0 s 40 bc 0900 0014 0002 2 = d39e
ffff8e67c4a97180 2932862068 C Co:2:005:0 0 2 >
ffff8e67c4a97180 2932862130 S Ci:2:005:0 s c0 bc 0900 001c 0002 2 <
ffff8e67c4a97180 2932864812 C Ci:2:005:0 0 2 = 2f6f
ffff8e67c4a97180 2932864889 S Co:2:005:0 s 40 b9 0000 0000 0004 4 = 09016601
ffff8e67c4a97180 2932867594 C Co:2:005:0 0 4 >
ffff8e67c4a97180 2932867653 S Ii:2:005:3 -115:1 3 <
ffff8e67c4a97180 2932868879 C Ii:2:005:3 0:1 3 = 100000
ffff8e67c4a97180 2932868938 S Ci:2:005:0 s c0 bc 0800 0016 0002 2 <
ffff8e67c4a97180 2932871728 C Ci:2:005:0 0 2 = 0900
ffff8e67c4a97180 2932871791 S Ci:2:005:0 s c0 bc 0900 001c 0002 2 <
ffff8e67c4a97180 2932874463 C Ci:2:005:0 0 2 = 2f6f
ffff8e67c4a97180 2932874528 S Ci:2:005:0 s c0 bc 0800 23be 0004 4 <
ffff8e67c4a97180 2932877208 C Ci:2:005:0 0 4 = 0000f4e0
ffff8e67c4a97180 2932877275 S Co:2:005:0 s 40 bc 0800 00c0 0004 4 = 9989ec00
ffff8e67c4a97180 2932879934 C Co:2:005:0 0 4 >
ffff8e67c4a97180 2932879995 S Co:2:005:0 s 40 b9 0000 0000 0004 4 = 09006603
ffff8e67c4a97180 2932882716 C Co:2:005:0 0 4 >
ffff8e67c4a97180 2932882775 S Ii:2:005:3 -115:1 3 <
ffff8e67c4a97180 2932884044 C Ii:2:005:3 0:1 3 = 100000
ffff8e67c4a97180 2932884107 S Ci:2:005:0 s c0 bc 0800 0016 0002 2 <
ffff8e67c4a97180 2932886815 C Ci:2:005:0 0 2 = 0900
ffff8e67c4a97180 2932886891 S Ci:2:005:0 s c0 bc 0900 001c 0002 2 <
ffff8e67c4a97180 2932889607 C Ci:2:005:0 0 2 = 2f6f
ffff8e67c4a97180 2932889669 S Ci:2:005:0 s c0 bc 0800 23be 0002 2 <
ffff8e67c4a97180 2932892358 C Ci:2:005:0 0 2 = 0000
ffff8e67c4a97180 2932892420 S Co:2:005:0 s 40 bc 0900 0014 0002 2 = d39e
ffff8e67c4a97180 2932895077 C Co:2:005:0 0 2 >
ffff8e67c4a97180 2932895139 S Ci:2:005:0 s c0 bc 0900 001c 0002 2 <
ffff8e67c4a97180 2932897792 C Ci:2:005:0 0 2 = 2f6f
ffff8e67c4a97180 2932897873 S Co:2:005:0 s 40 b9 0000 0000 0004 4 = 09016601
ffff8e67c4a97180 2932900560 C Co:2:005:0 0 4 >
ffff8e67c4a97180 2932900620 S Ii:2:005:3 -115:1 3 <
ffff8e67c4a97180 2932901921 C Ii:2:005:3 0:1 3 = 100000
ffff8e67c4a97180 2932901982 S Ci:2:005:0 s c0 bc 0800 0016 0002 2 <
ffff8e67c4a97180 2932904699 C Ci:2:005:0 0 2 = 0900
ffff8e67c4a97180 2932904762 S Ci:2:005:0 s c0 bc 0900 001c 0002 2 <
ffff8e67c4a97180 2932907472 C Ci:2:005:0 0 2 = 2f6f
ffff8e67c4a97180 2932907528 S Ci:2:005:0 s c0 bc 0800 23be 0004 4 <
ffff8e67c4a97180 2932910179 C Ci:2:005:0 0 4 = 0000b8e0
ffff8e67c4a97180 2932910235 S Co:2:005:0 s 40 bc 0800 00c0 0004 4 = 9989ec00
ffff8e67c4a97180 2932912930 C Co:2:005:0 0 4 >
ffff8e67c4a97180 2932912990 S Co:2:005:0 s 40 b9 0000 0000 0004 4 = 09006603
ffff8e67c4a97180 2932915589 C Co:2:005:0 0 4 >
ffff8e67c4a97180 2932915649 S Ii:2:005:3 -115:1 3 <
ffff8e67c4a97180 2932917005 C Ii:2:005:3 0:1 3 = 100000
ffff8e67c4a97180 2932917065 S Ci:2:005:0 s c0 bc 0800 0016 0002 2 <
ffff8e67c4a97180 2932919806 C Ci:2:005:0 0 2 = 0900
ffff8e67c4a97180 2932919883 S Ci:2:005:0 s c0 bc 0900 001c 0002 2 <
ffff8e67c4a97180 2932922571 C Ci:2:005:0 0 2 = 2f6f
ffff8e67c4a97180 2932922627 S Ci:2:005:0 s c0 bc 0800 23be 0002 2 <
ffff8e67c4a97180 2932925242 C Ci:2:005:0 0 2 = 0000
ffff8e67c4a97180 2932925350 S Co:2:005:0 s 40 bc 0900 0014 0002 2 = d39e
ffff8e67c4a97180 2932927924 C Co:2:005:0 0 2 >
ffff8e67c4a97180 2932927986 S Ci:2:005:0 s c0 bc 0900 001c 0002 2 <
ffff8e67c4a97180 2932930738 C Ci:2:005:0 0 2 = 2f6f
ffff8e67c4a97180 2932930802 S Co:2:005:0 s 40 b9 0000 0000 0004 4 = 09016601
ffff8e67c4a97180 2932933456 C Co:2:005:0 0 4 >
ffff8e67c4a97180 2932933515 S Ii:2:005:3 -115:1 3 <
ffff8e67c4a97180 2932934738 C Ii:2:005:3 0:1 3 = 100000
ffff8e67c4a97180 2932934797 S Ci:2:005:0 s c0 bc 0800 0016 0002 2 <
ffff8e67c4a97180 2932937596 C Ci:2:005:0 0 2 = 0900
ffff8e67c4a97180 2932937658 S Ci:2:005:0 s c0 bc 0900 001c 0002 2 <
ffff8e67c4a97180 2932940286 C Ci:2:005:0 0 2 = 2f6f
ffff8e67c4a97180 2932940342 S Ci:2:005:0 s c0 bc 0800 23be 0004 4 <
ffff8e67c4a97180 2932943057 C Ci:2:005:0 0 4 = 000051e0
ffff8e67c4a97180 2932943126 S Co:2:005:0 s 40 bc 0800 00c0 0004 4 = 9989ec00
ffff8e67c4a97180 2932945794 C Co:2:005:0 0 4 >
ffff8e67c4a97180 2932945872 S Co:2:005:0 s 40 b9 0000 0000 0004 4 = 09006603
ffff8e67c4a97180 2932948524 C Co:2:005:0 0 4 >
ffff8e67c4a97180 2932948585 S Ii:2:005:3 -115:1 3 <
ffff8e67c4a97180 2932949876 C Ii:2:005:3 0:1 3 = 100000
ffff8e67c4a97180 2932949928 S Ci:2:005:0 s c0 bc 0800 0016 0002 2 <
ffff8e67c4a97180 2932952552 C Ci:2:005:0 0 2 = 0900
ffff8e67c4a97180 2932952603 S Ci:2:005:0 s c0 bc 0900 001c 0002 2 <
ffff8e67c4a97180 2932955304 C Ci:2:005:0 0 2 = 2f6f
ffff8e67c4a97180 2932955360 S Ci:2:005:0 s c0 bc 0800 23be 0002 2 <
ffff8e67c4a97180 2932958069 C Ci:2:005:0 0 2 = 0000
ffff8e67c4a97180 2932958126 S Co:2:005:0 s 40 bc 0900 0014 0002 2 = d39e
ffff8e67c4a97180 2932960732 C Co:2:005:0 0 2 >
ffff8e67c4a97180 2932960791 S Ci:2:005:0 s c0 bc 0900 001c 0002 2 <
ffff8e67c4a97180 2932963460 C Ci:2:005:0 0 2 = 2f6f
ffff8e67c4a97180 2932963524 S Co:2:005:0 s 40 b9 0000 0000 0004 4 = 09016601
ffff8e67c4a97180 2932966237 C Co:2:005:0 0 4 >
ffff8e67c4a97180 2932966296 S Ii:2:005:3 -115:1 3 <
ffff8e67c4a97180 2932967524 C Ii:2:005:3 0:1 3 = 100000
ffff8e67c4a97180 2932967585 S Ci:2:005:0 s c0 bc 0800 0016 0002 2 <
ffff8e67c4a97180 2932970300 C Ci:2:005:0 0 2 = 0900
ffff8e67c4a97180 2932970364 S Ci:2:005:0 s c0 bc 0900 001c 0002 2 <
ffff8e67c4a97180 2932973059 C Ci:2:005:0 0 2 = 2f6f
ffff8e67c4a97180 2932973116 S Ci:2:005:0 s c0 bc 0800 23be 0004 4 <
ffff8e67c4a97180 2932975815 C Ci:2:005:0 0 4 = 0000d2e0
ffff8e67c4a97180 2932975895 S Co:2:005:0 s 40 bc 0800 00c0 0004 4 = 9989ec00
ffff8e67c4a97180 2932978535 C Co:2:005:0 0 4 >
ffff8e67c4a97180 2932978596 S Co:2:005:0 s 40 b9 0000 0000 0004 4 = 09006603
ffff8e67c4a97180 2932981294 C Co:2:005:0 0 4 >
ffff8e67c4a97180 2932981355 S Ii:2:005:3 -115:1 3 <
ffff8e67c4a97180 2932982652 C Ii:2:005:3 0:1 3 = 100000
ffff8e67c4a97180 2932982713 S Ci:2:005:0 s c0 bc 0800 0016 0002 2 <
ffff8e67c4a97180 2932985462 C Ci:2:005:0 0 2 = 0900
ffff8e67c4a97180 2932985527 S Ci:2:005:0 s c0 bc 0900 001c 0002 2 <
ffff8e67c4a97180 2932988358 C Ci:2:005:0 0 2 = 2f6f
ffff8e67c4a97180 2932988411 S Ci:2:005:0 s c0 bc 0800 23be 0002 2 <
ffff8e67c4a97180 2932991046 C Ci:2:005:0 0 2 = 0000
ffff8e67c4a97180 2932991106 S Co:2:005:0 s 40 bc 0900 0014 0002 2 = d39e
ffff8e67c4a97180 2932993795 C Co:2:005:0 0 2 >
ffff8e67c4a97180 2932993872 S Ci:2:005:0 s c0 bc 0900 001c 0002 2 <
ffff8e67c4a97180 2932996589 C Ci:2:005:0 0 2 = 2f6f
ffff8e67c4a97180 2932996653 S Co:2:005:0 s 40 b9 0000 0000 0004 4 = 09016601
ffff8e67c4a97180 2932999254 C Co:2:005:0 0 4 >
ffff8e67c4a97180 2932999303 S Ii:2:005:3 -115:1 3 <
ffff8e67c4a97180 2933000631 C Ii:2:005:3 0:1 3 = 100000
ffff8e67c4a97180 2933000693 S Ci:2:005:0 s c0 bc 0800 0016 0002 2 <
ffff8e67c4a97180 2933003433 C Ci:2:005:0 0 2 = 0900
ffff8e67c4a97180 2933003497 S Ci:2:005:0 s c0 bc 0900 001c 0002 2 <
ffff8e67c4a97180 2933006180 C Ci:2:005:0 0 2 = 2f6f
ffff8e67c4a97180 2933006237 S Ci:2:005:0 s c0 bc 0800 23be 0004 4 <
ffff8e67c4a97180 2933008898 C Ci:2:005:0 0 4 = 000083e0
ffff8e67c4a97180 2933009007 S Co:2:005:0 s 40 bc 0800 00c0 0004 4 = 9989ec00
ffff8e67c4a97180 2933011711 C Co:2:005:0 0 4 >
ffff8e67c4a97180 2933011772 S Co:2:005:0 s 40 b9 0000 0000 0004 4 = 09006603
ffff8e67c4a97180 2933014445 C Co:2:005:0 0 4 >
ffff8e67c4a97180 2933014506 S Ii:2:005:3 -115:1 3 <
ffff8e67c4a97180 2933015726 C Ii:2:005:3 0:1 3 = 100000
ffff8e67c4a97180 2933015785 S Ci:2:005:0 s c0 bc 0800 0016 0002 2 <
ffff8e67c4a97180 2933018569 C Ci:2:005:0 0 2 = 0900
ffff8e67c4a97180 2933018633 S Ci:2:005:0 s c0 bc 0900 001c 0002 2 <
ffff8e67c4a97180 2933021267 C Ci:2:005:0 0 2 = 2f6f
ffff8e67c4a97180 2933021320 S Ci:2:005:0 s c0 bc 0800 23be 0002 2 <
ffff8e67c4a97180 2933024053 C Ci:2:005:0 0 2 = 0000
ffff8e67c4a97180 2933024105 S Co:2:005:0 s 40 bc 0900 0014 0002 2 = d39e
ffff8e67c4a97180 2933026794 C Co:2:005:0 0 2 >
ffff8e67c4a97180 2933026871 S Ci:2:005:0 s c0 bc 0900 001c 0002 2 <
ffff8e67c4a97180 2933029530 C Ci:2:005:0 0 2 = 2f6f
ffff8e67c4a97180 2933029594 S Co:2:005:0 s 40 b9 0000 0000 0004 4 = 09016601
ffff8e67c4a97180 2933032296 C Co:2:005:0 0 4 >
ffff8e67c4a97180 2933032355 S Ii:2:005:3 -115:1 3 <
ffff8e67c4a97180 2933033653 C Ii:2:005:3 0:1 3 = 100000
ffff8e67c4a97180 2933033712 S Ci:2:005:0 s c0 bc 0800 0016 0002 2 <
ffff8e67c4a97180 2933036419 C Ci:2:005:0 0 2 = 0900
ffff8e67c4a97180 2933036483 S Ci:2:005:0 s c0 bc 0900 001c 0002 2 <
ffff8e67c4a97180 2933039163 C Ci:2:005:0 0 2 = 2f6f
ffff8e67c4a97180 2933039216 S Ci:2:005:0 s c0 bc 0800 23be 0004 4 <
ffff8e67c4a97180 2933041904 C Ci:2:005:0 0 4 = 000091e0
ffff8e67c4a97180 2933041969 S Co:2:005:0 s 40 bc 0800 00c0 0004 4 = 9989ec00
ffff8e67c4a97180 2933044704 C Co:2:005:0 0 4 >
ffff8e67c4a97180 2933044764 S Co:2:005:0 s 40 b9 0000 0000 0004 4 = 09006603
ffff8e67c4a97180 2933047388 C Co:2:005:0 0 4 >
ffff8e67c4a97180 2933047453 S Ii:2:005:3 -115:1 3 <
ffff8e67c4a97180 2933048706 C Ii:2:005:3 0:1 3 = 100000
ffff8e67c4a97180 2933048754 S Ci:2:005:0 s c0 bc 0800 0016 0002 2 <
ffff8e67c4a97180 2933051588 C Ci:2:005:0 0 2 = 0900
ffff8e67c4a97180 2933051653 S Ci:2:005:0 s c0 bc 0900 001c 0002 2 <
ffff8e67c4a97180 2933054372 C Ci:2:005:0 0 2 = 2f6f
ffff8e67c4a97180 2933054428 S Ci:2:005:0 s c0 bc 0800 23be 0002 2 <
ffff8e67c4a97180 2933057049 C Ci:2:005:0 0 2 = 0000
ffff8e67c4a97180 2933057108 S Co:2:005:0 s 40 bc 0900 0014 0002 2 = d39e
ffff8e67c4a97180 2933059719 C Co:2:005:0 0 2 >
ffff8e67c4a97180 2933059766 S Ci:2:005:0 s c0 bc 0900 001c 0002 2 <
ffff8e67c4a97180 2933062559 C Ci:2:005:0 0 2 = 2f6f
ffff8e67c4a97180 2933062626 S Co:2:005:0 s 40 b9 0000 0000 0004 4 = 09016601
ffff8e67c4a97180 2933065266 C Co:2:005:0 0 4 >
ffff8e67c4a97180 2933065325 S Ii:2:005:3 -115:1 3 <
ffff8e67c4a97180 2933066634 C Ii:2:005:3 0:1 3 = 100000
ffff8e67c4a97180 2933066696 S Ci:2:005:0 s c0 bc 0800 0016 0002 2 <
ffff8e67c4a97180 2933069463 C Ci:2:005:0 0 2 = 0900
ffff8e67c4a97180 2933069527 S Ci:2:005:0 s c0 bc 0900 001c 0002 2 <
ffff8e67c4a97180 2933072185 C Ci:2:005:0 0 2 = 2f6f
ffff8e67c4a97180 2933072242 S Ci:2:005:0 s c0 bc 0800 23be 0004 4 <
ffff8e67c4a97180 2933074944 C Ci:2:005:0 0 4 = 000089e0
ffff8e67c4a97180 2933075034 S Co:2:005:0 s 40 bc 0800 00c0 0004 4 = 9989ec00
ffff8e67c4a97180 2933077659 C Co:2:005:0 0 4 >
ffff8e67c4a97180 2933077720 S Co:2:005:0 s 40 b9 0000 0000 0004 4 = 09006603
ffff8e67c4a97180 2933080414 C Co:2:005:0 0 4 >
ffff8e67c4a97180 2933080472 S Ii:2:005:3 -115:1 3 <
ffff8e67c4a97180 2933081730 C Ii:2:005:3 0:1 3 = 100000
ffff8e67c4a97180 2933081788 S Ci:2:005:0 s c0 bc 0800 0016 0002 2 <
ffff8e67c4a97180 2933084591 C Ci:2:005:0 0 2 = 0900
ffff8e67c4a97180 2933084655 S Ci:2:005:0 s c0 bc 0900 001c 0002 2 <
ffff8e67c4a97180 2933087269 C Ci:2:005:0 0 2 = 2f6f
ffff8e67c4a97180 2933087326 S Ci:2:005:0 s c0 bc 0800 23be 0002 2 <
ffff8e67c4a97180 2933090010 C Ci:2:005:0 0 2 = 0000
ffff8e67c4a97180 2933090084 S Co:2:005:0 s 40 bc 0900 0014 0002 2 = d39e
ffff8e67c4a97180 2933092787 C Co:2:005:0 0 2 >
ffff8e67c4a97180 2933092864 S Ci:2:005:0 s c0 bc 0900 001c 0002 2 <
ffff8e67c4a97180 2933095582 C Ci:2:005:0 0 2 = 2f6f
ffff8e67c4a97180 2933095646 S Co:2:005:0 s 40 b9 0000 0000 0004 4 = 09016601
ffff8e67c4a97180 2933098291 C Co:2:005:0 0 4 >
ffff8e67c4a97180 2933098351 S Ii:2:005:3 -115:1 3 <
ffff8e67c4a97180 2933099588 C Ii:2:005:3 0:1 3 = 100000
ffff8e67c4a97180 2933099646 S Ci:2:005:0 s c0 bc 0800 0016 0002 2 <
ffff8e67c4a97180 2933102456 C Ci:2:005:0 0 2 = 0900
ffff8e67c4a97180 2933102521 S Ci:2:005:0 s c0 bc 0900 001c 0002 2 <
ffff8e67c4a97180 2933105178 C Ci:2:005:0 0 2 = 2f6f
ffff8e67c4a97180 2933105235 S Ci:2:005:0 s c0 bc 0800 23be 0004 4 <
ffff8e67c4a97180 2933107936 C Ci:2:005:0 0 4 = 000087e0
ffff8e67c4a97180 2933107998 S Co:2:005:0 s 40 bc 0800 00c0 0004 4 = 9989ec00
ffff8e67c4a97180 2933110663 C Co:2:005:0 0 4 >
ffff8e67c4a97180 2933110724 S Co:2:005:0 s 40 b9 0000 0000 0004 4 = 09006603
ffff8e67c4a97180 2933113401 C Co:2:005:0 0 4 >
ffff8e67c4a97180 2933113461 S Ii:2:005:3 -115:1 3 <
ffff8e67c4a97180 2933114754 C Ii:2:005:3 0:1 3 = 100000
ffff8e67c4a97180 2933114816 S Ci:2:005:0 s c0 bc 0800 0016 0002 2 <
ffff8e67c4a97180 2933117582 C Ci:2:005:0 0 2 = 0900
ffff8e67c4a97180 2933117646 S Ci:2:005:0 s c0 bc 0900 001c 0002 2 <
ffff8e67c4a97180 2933120267 C Ci:2:005:0 0 2 = 2f6f
ffff8e67c4a97180 2933120320 S Ci:2:005:0 s c0 bc 0800 23be 0002 2 <
ffff8e67c4a97180 2933122988 C Ci:2:005:0 0 2 = 0000
ffff8e67c4a97180 2933123091 S Co:2:005:0 s 40 bc 0900 0014 0002 2 = d39e
ffff8e67c4a97180 2933125756 C Co:2:005:0 0 2 >
ffff8e67c4a97180 2933125807 S Ci:2:005:0 s c0 bc 0900 001c 0002 2 <
ffff8e67c4a97180 2933128582 C Ci:2:005:0 0 2 = 2f6f
ffff8e67c4a97180 2933128646 S Co:2:005:0 s 40 b9 0000 0000 0004 4 = 09016601
ffff8e67c4a97180 2933131299 C Co:2:005:0 0 4 >
ffff8e67c4a97180 2933131358 S Ii:2:005:3 -115:1 3 <
ffff8e67c4a97180 2933132642 C Ii:2:005:3 0:1 3 = 100000
ffff8e67c4a97180 2933132704 S Ci:2:005:0 s c0 bc 0800 0016 0002 2 <
ffff8e67c4a97180 2933135448 C Ci:2:005:0 0 2 = 0900
ffff8e67c4a97180 2933135511 S Ci:2:005:0 s c0 bc 0900 001c 0002 2 <
ffff8e67c4a97180 2933138172 C Ci:2:005:0 0 2 = 2f6f
ffff8e67c4a97180 2933138226 S Ci:2:005:0 s c0 bc 0800 23be 0004 4 <
ffff8e67c4a97180 2933140894 C Ci:2:005:0 0 4 = 000087e0
ffff8e67c4a97180 2933140951 S Co:2:005:0 s 40 bc 0800 00c0 0004 4 = 9989ec00
ffff8e67c4a97180 2933143652 C Co:2:005:0 0 4 >
ffff8e67c4a97180 2933143714 S Co:2:005:0 s 40 b9 0000 0000 0004 4 = 09006603
ffff8e67c4a97180 2933146443 C Co:2:005:0 0 4 >
ffff8e67c4a97180 2933146503 S Ii:2:005:3 -115:1 3 <
ffff8e67c4a97180 2933147759 C Ii:2:005:3 0:1 3 = 100000
ffff8e67c4a97180 2933147821 S Ci:2:005:0 s c0 bc 0800 0016 0002 2 <
ffff8e67c4a97180 2933150517 C Ci:2:005:0 0 2 = 0900
ffff8e67c4a97180 2933150598 S Ci:2:005:0 s c0 bc 0900 001c 0002 2 <
ffff8e67c4a97180 2933153319 C Ci:2:005:0 0 2 = 2f6f
ffff8e67c4a97180 2933153373 S Ci:2:005:0 s c0 bc 0800 23be 0002 2 <
ffff8e67c4a97180 2933156008 C Ci:2:005:0 0 2 = 0000
ffff8e67c4a97180 2933156070 S Co:2:005:0 s 40 bc 0900 0014 0002 2 = d39e
ffff8e67c4a97180 2933158780 C Co:2:005:0 0 2 >
ffff8e67c4a97180 2933158860 S Ci:2:005:0 s c0 bc 0900 001c 0002 2 <
ffff8e67c4a97180 2933161596 C Ci:2:005:0 0 2 = 2f6f
ffff8e67c4a97180 2933161660 S Co:2:005:0 s 40 b9 0000 0000 0004 4 = 09016601
ffff8e67c4a97180 2933164291 C Co:2:005:0 0 4 >
ffff8e67c4a97180 2933164350 S Ii:2:005:3 -115:1 3 <
ffff8e67c4a97180 2933165643 C Ii:2:005:3 0:1 3 = 100000
ffff8e67c4a97180 2933165704 S Ci:2:005:0 s c0 bc 0800 0016 0002 2 <
ffff8e67c4a97180 2933168453 C Ci:2:005:0 0 2 = 0900
ffff8e67c4a97180 2933168517 S Ci:2:005:0 s c0 bc 0900 001c 0002 2 <
ffff8e67c4a97180 2933171155 C Ci:2:005:0 0 2 = 2f6f
ffff8e67c4a97180 2933171208 S Ci:2:005:0 s c0 bc 0800 23be 0004 4 <
ffff8e67c4a97180 2933173892 C Ci:2:005:0 0 4 = 0000b1e0
ffff8e67c4a97180 2933173998 S Co:2:005:0 s 40 bc 0800 00c0 0002 2 = 0f88
ffff8e67c4a97180 2933176549 C Co:2:005:0 0 2 >
ffff8e67c4a97180 2933176611 S Co:2:005:0 s 40 b9 0000 0000 0004 4 = 09009802
ffff8e67c4a97180 2933179280 C Co:2:005:0 0 4 >
ffff8e67c4a97180 2933179340 S Ii:2:005:3 -115:1 3 <
ffff8e67c4a97180 2933180600 C Ii:2:005:3 0:1 3 = 100000
ffff8e67c4a97180 2933180650 S Ci:2:005:0 s c0 bc 0800 0016 0002 2 <
ffff8e67c4a97180 2933183461 C Ci:2:005:0 0 2 = 0900
ffff8e67c4a97180 2933183525 S Ci:2:005:0 s c0 bc 0900 001c 0002 2 <
ffff8e67c4a97180 2933186175 C Ci:2:005:0 0 2 = 2f6f
ffff8e67c4a97180 2933186231 S Ci:2:005:0 s c0 bc 0800 23be 0002 2 <
ffff8e67c4a97180 2933188890 C Ci:2:005:0 0 2 = 0000
ffff8e67c4a97180 2933188998 S Co:2:005:0 s 40 bc 0900 0014 0002 2 = d39e
ffff8e67c4a97180 2933191683 C Co:2:005:0 0 2 >
ffff8e67c4a97180 2933191745 S Ci:2:005:0 s c0 bc 0900 001c 0002 2 <
ffff8e67c4a97180 2933194447 C Ci:2:005:0 0 2 = 2f6f
ffff8e67c4a97180 2933194513 S Co:2:005:0 s 40 bc 0800 00c0 0002 2 = 1089
ffff8e67c4a97180 2933197219 C Co:2:005:0 0 2 >
ffff8e67c4a97180 2933197278 S Co:2:005:0 s 40 b9 0000 0000 0004 4 = 09009802
ffff8e67c4a97180 2933199885 C Co:2:005:0 0 4 >
ffff8e67c4a97180 2933199943 S Ii:2:005:3 -115:1 3 <
ffff8e67c4a97180 2933201291 C Ii:2:005:3 0:1 3 = 100000
ffff8e67c4a97180 2933201353 S Ci:2:005:0 s c0 bc 0800 0016 0002 2 <
ffff8e67c4a97180 2933204059 C Ci:2:005:0 0 2 = 0900
ffff8e67c4a97180 2933204123 S Ci:2:005:0 s c0 bc 0900 001c 0002 2 <
ffff8e67c4a97180 2933206793 C Ci:2:005:0 0 2 = 2f6f
ffff8e67c4a97180 2933206873 S Ci:2:005:0 s c0 bc 0800 23be 0002 2 <
ffff8e67c4a97180 2933209562 C Ci:2:005:0 0 2 = 0000
ffff8e67c4a97180 2933209622 S Co:2:005:0 s 40 bc 0900 0014 0002 2 = d39e
ffff8e67c4a97180 2933212307 C Co:2:005:0 0 2 >
ffff8e67c4a97180 2933212369 S Ci:2:005:0 s c0 bc 0900 001c 0002 2 <
ffff8e67c4a97180 2933215058 C Ci:2:005:0 0 2 = 2f6f
ffff8e67c4a97180 2933215125 S Co:2:005:0 s 40 bc 0800 00c0 0002 2 = 11fc
ffff8e67c4a97180 2933217779 C Co:2:005:0 0 2 >
ffff8e67c4a97180 2933217838 S Co:2:005:0 s 40 b9 0000 0000 0004 4 = 09009802
ffff8e67c4a97180 2933220554 C Co:2:005:0 0 4 >
ffff8e67c4a97180 2933220614 S Ii:2:005:3 -115:1 3 <
ffff8e67c4a97180 2933221839 C Ii:2:005:3 0:1 3 = 100000
ffff8e67c4a97180 2933221909 S Ci:2:005:0 s c0 bc 0800 0016 0002 2 <
ffff8e67c4a97180 2933224665 C Ci:2:005:0 0 2 = 0900
ffff8e67c4a97180 2933224728 S Ci:2:005:0 s c0 bc 0900 001c 0002 2 <
ffff8e67c4a97180 2933227453 C Ci:2:005:0 0 2 = 2f6f
ffff8e67c4a97180 2933227517 S Ci:2:005:0 s c0 bc 0800 23be 0002 2 <
ffff8e67c4a97180 2933230187 C Ci:2:005:0 0 2 = 0000
ffff8e67c4a97180 2933230252 S Co:2:005:0 s 40 bc 0900 0014 0002 2 = d39e
ffff8e67c4a97180 2933232903 C Co:2:005:0 0 2 >
ffff8e67c4a97180 2933232965 S Ci:2:005:0 s c0 bc 0900 001c 0002 2 <
ffff8e67c4a97180 2933235704 C Ci:2:005:0 0 2 = 2f6f
ffff8e67c4a97180 2933235768 S Co:2:005:0 s 40 bc 0800 00c0 0002 2 = 12c8
ffff8e67c4a97180 2933238419 C Co:2:005:0 0 2 >
ffff8e67c4a97180 2933238480 S Co:2:005:0 s 40 b9 0000 0000 0004 4 = 09009802
ffff8e67c4a97180 2933241303 C Co:2:005:0 0 4 >
ffff8e67c4a97180 2933241353 S Ii:2:005:3 -115:1 3 <
ffff8e67c4a97180 2933242630 C Ii:2:005:3 0:1 3 = 100000
ffff8e67c4a97180 2933242691 S Ci:2:005:0 s c0 bc 0800 0016 0002 2 <
ffff8e67c4a97180 2933245459 C Ci:2:005:0 0 2 = 0900
ffff8e67c4a97180 2933245522 S Ci:2:005:0 s c0 bc 0900 001c 0002 2 <
ffff8e67c4a97180 2933248147 C Ci:2:005:0 0 2 = 2f6f
ffff8e67c4a97180 2933248199 S Ci:2:005:0 s c0 bc 0800 23be 0002 2 <
ffff8e67c4a97180 2933250882 C Ci:2:005:0 0 2 = 0000
ffff8e67c4a97180 2933250985 S Co:2:005:0 s 40 bc 0900 0014 0002 2 = d39e
ffff8e67c4a97180 2933253516 C Co:2:005:0 0 2 >
ffff8e67c4a97180 2933253601 S Ci:2:005:0 s c0 bc 0900 001c 0002 2 <
ffff8e67c4a97180 2933256268 C Ci:2:005:0 0 2 = 2f6f
ffff8e67c4a97180 2933256332 S Co:2:005:0 s 40 bc 0800 00c0 0002 2 = 138b
ffff8e67c4a97180 2933259062 C Co:2:005:0 0 2 >
ffff8e67c4a97180 2933259122 S Co:2:005:0 s 40 b9 0000 0000 0004 4 = 09009802
ffff8e67c4a97180 2933261786 C Co:2:005:0 0 4 >
ffff8e67c4a97180 2933261859 S Ii:2:005:3 -115:1 3 <
ffff8e67c4a97180 2933263094 C Ii:2:005:3 0:1 3 = 100000
ffff8e67c4a97180 2933263152 S Ci:2:005:0 s c0 bc 0800 0016 0002 2 <
ffff8e67c4a97180 2933265889 C Ci:2:005:0 0 2 = 0900
ffff8e67c4a97180 2933265943 S Ci:2:005:0 s c0 bc 0900 001c 0002 2 <
ffff8e67c4a97180 2933268740 C Ci:2:005:0 0 2 = 2f6f
ffff8e67c4a97180 2933268827 S Ci:2:005:0 s c0 bc 0800 23be 0002 2 <
ffff8e67c4a97180 2933271365 C Ci:2:005:0 0 2 = 0000
ffff8e67c4a97180 2933271427 S Co:2:005:0 s 40 bc 0900 0014 0002 2 = d39e
ffff8e67c4a97180 2933274188 C Co:2:005:0 0 2 >
ffff8e67c4a97180 2933274246 S Ci:2:005:0 s c0 bc 0900 001c 0002 2 <
ffff8e67c4a97180 2933276887 C Ci:2:005:0 0 2 = 2f6f
ffff8e67c4a97180 2933276943 S Co:2:005:0 s 40 bc 0800 00c0 0002 2 = 1588
ffff8e67c4a97180 2933279682 C Co:2:005:0 0 2 >
ffff8e67c4a97180 2933279742 S Co:2:005:0 s 40 b9 0000 0000 0004 4 = 09009802
ffff8e67c4a97180 2933282497 C Co:2:005:0 0 4 >
ffff8e67c4a97180 2933282558 S Ii:2:005:3 -115:1 3 <
ffff8e67c4a97180 2933283755 C Ii:2:005:3 0:1 3 = 100000
ffff8e67c4a97180 2933283822 S Ci:2:005:0 s c0 bc 0800 0016 0002 2 <
ffff8e67c4a97180 2933286527 C Ci:2:005:0 0 2 = 0900
ffff8e67c4a97180 2933286595 S Ci:2:005:0 s c0 bc 0900 001c 0002 2 <
ffff8e67c4a97180 2933289214 C Ci:2:005:0 0 2 = 2f6f
ffff8e67c4a97180 2933289274 S Ci:2:005:0 s c0 bc 0800 23be 0002 2 <
ffff8e67c4a97180 2933292042 C Ci:2:005:0 0 2 = 0000
ffff8e67c4a97180 2933292108 S Co:2:005:0 s 40 bc 0900 0014 0002 2 = d39e
ffff8e67c4a97180 2933294764 C Co:2:005:0 0 2 >
ffff8e67c4a97180 2933294826 S Ci:2:005:0 s c0 bc 0900 001c 0002 2 <
ffff8e67c4a97180 2933297529 C Ci:2:005:0 0 2 = 2f6f
ffff8e67c4a97180 2933297593 S Co:2:005:0 s 40 bc 0800 00c0 0004 4 = 9989ed00
ffff8e67c4a97180 2933300257 C Co:2:005:0 0 4 >
ffff8e67c4a97180 2933300336 S Co:2:005:0 s 40 b9 0000 0000 0004 4 = 09006603
ffff8e67c4a97180 2933303042 C Co:2:005:0 0 4 >
ffff8e67c4a97180 2933303105 S Ii:2:005:3 -115:1 3 <
ffff8e67c4a97180 2933304416 C Ii:2:005:3 0:1 3 = 100000
ffff8e67c4a97180 2933304477 S Ci:2:005:0 s c0 bc 0800 0016 0002 2 <
ffff8e67c4a97180 2933307168 C Ci:2:005:0 0 2 = 0900
ffff8e67c4a97180 2933307232 S Ci:2:005:0 s c0 bc 0900 001c 0002 2 <
ffff8e67c4a97180 2933309916 C Ci:2:005:0 0 2 = 2f6f
ffff8e67c4a97180 2933309979 S Ci:2:005:0 s c0 bc 0800 23be 0002 2 <
ffff8e67c4a97180 2933312659 C Ci:2:005:0 0 2 = 0000
ffff8e67c4a97180 2933312722 S Co:2:005:0 s 40 bc 0900 0014 0002 2 = d39e
ffff8e67c4a97180 2933315398 C Co:2:005:0 0 2 >
ffff8e67c4a97180 2933315460 S Ci:2:005:0 s c0 bc 0900 001c 0002 2 <
ffff8e67c4a97180 2933318188 C Ci:2:005:0 0 2 = 2f6f
ffff8e67c4a97180 2933318252 S Co:2:005:0 s 40 b9 0000 0000 0004 4 = 09016601
ffff8e67c4a97180 2933320881 C Co:2:005:0 0 4 >
ffff8e67c4a97180 2933320942 S Ii:2:005:3 -115:1 3 <
ffff8e67c4a97180 2933322231 C Ii:2:005:3 0:1 3 = 100000
ffff8e67c4a97180 2933322293 S Ci:2:005:0 s c0 bc 0800 0016 0002 2 <
ffff8e67c4a97180 2933325114 C Ci:2:005:0 0 2 = 0900
ffff8e67c4a97180 2933325178 S Ci:2:005:0 s c0 bc 0900 001c 0002 2 <
ffff8e67c4a97180 2933327878 C Ci:2:005:0 0 2 = 2f6f
ffff8e67c4a97180 2933327940 S Ci:2:005:0 s c0 bc 0800 23be 0004 4 <
ffff8e67c4a97180 2933330628 C Ci:2:005:0 0 4 = 00007ce0
ffff8e67c4a97180 2933330691 S Co:2:005:0 s 40 bc 0800 00c0 0004 4 = 998abf00
ffff8e67c4a97180 2933333425 C Co:2:005:0 0 4 >
ffff8e67c4a97180 2933333486 S Co:2:005:0 s 40 b9 0000 0000 0004 4 = 09006603
ffff8e67c4a97180 2933336141 C Co:2:005:0 0 4 >
ffff8e67c4a97180 2933336202 S Ii:2:005:3 -115:1 3 <
ffff8e67c4a97180 2933337493 C Ii:2:005:3 0:1 3 = 100000
ffff8e67c4a97180 2933337555 S Ci:2:005:0 s c0 bc 0800 0016 0002 2 <
ffff8e67c4a97180 2933340255 C Ci:2:005:0 0 2 = 0900
ffff8e67c4a97180 2933340352 S Ci:2:005:0 s c0 bc 0900 001c 0002 2 <
ffff8e67c4a97180 2933342983 C Ci:2:005:0 0 2 = 2f6f
ffff8e67c4a97180 2933343039 S Ci:2:005:0 s c0 bc 0800 23be 0002 2 <
ffff8e67c4a97180 2933345738 C Ci:2:005:0 0 2 = 0000
ffff8e67c4a97180 2933345859 S Co:2:005:0 s 40 bc 0900 0014 0002 2 = d39e
ffff8e67c4a97180 2933348539 C Co:2:005:0 0 2 >
ffff8e67c4a97180 2933348602 S Ci:2:005:0 s c0 bc 0900 001c 0002 2 <
ffff8e67c4a97180 2933351249 C Ci:2:005:0 0 2 = 2f6f
ffff8e67c4a97180 2933351303 S Co:2:005:0 s 40 b9 0000 0000 0004 4 = 09016602
ffff8e67c4a97180 2933354052 C Co:2:005:0 0 4 >
ffff8e67c4a97180 2933354112 S Ii:2:005:3 -115:1 3 <
ffff8e67c4a97180 2933355403 C Ii:2:005:3 0:1 3 = 100000
ffff8e67c4a97180 2933355464 S Ci:2:005:0 s c0 bc 0800 0016 0002 2 <
ffff8e67c4a97180 2933358275 C Ci:2:005:0 0 2 = 0900
ffff8e67c4a97180 2933358338 S Ci:2:005:0 s c0 bc 0900 001c 0002 2 <
ffff8e67c4a97180 2933360996 C Ci:2:005:0 0 2 = 2f6f
ffff8e67c4a97180 2933361049 S Ci:2:005:0 s c0 bc 0800 23be 0004 4 <
ffff8e67c4a97180 2933363763 C Ci:2:005:0 0 4 = 000091d9
ffff8e67c4a97180 2933363825 S Co:2:005:0 s 40 bc 0800 00c0 0004 4 = 9989b800
ffff8e67c4a97180 2933366567 C Co:2:005:0 0 4 >
ffff8e67c4a97180 2933366628 S Co:2:005:0 s 40 b9 0000 0000 0004 4 = 09006603
ffff8e67c4a97180 2933369270 C Co:2:005:0 0 4 >
ffff8e67c4a97180 2933369330 S Ii:2:005:3 -115:1 3 <
ffff8e67c4a97180 2933370618 C Ii:2:005:3 0:1 3 = 100000
ffff8e67c4a97180 2933370668 S Ci:2:005:0 s c0 bc 0800 0016 0002 2 <
ffff8e67c4a97180 2933373439 C Ci:2:005:0 0 2 = 0900
ffff8e67c4a97180 2933373502 S Ci:2:005:0 s c0 bc 0900 001c 0002 2 <
ffff8e67c4a97180 2933376159 C Ci:2:005:0 0 2 = 2f6f
ffff8e67c4a97180 2933376215 S Ci:2:005:0 s c0 bc 0800 23be 0002 2 <
ffff8e67c4a97180 2933378913 C Ci:2:005:0 0 2 = 0000
ffff8e67c4a97180 2933378977 S Co:2:005:0 s 40 bc 0900 0014 0002 2 = d39e
ffff8e67c4a97180 2933381551 C Co:2:005:0 0 2 >
ffff8e67c4a97180 2933381612 S Ci:2:005:0 s c0 bc 0900 001c 0002 2 <
ffff8e67c4a97180 2933384270 C Ci:2:005:0 0 2 = 2f6f
ffff8e67c4a97180 2933384334 S Co:2:005:0 s 40 b9 0000 0000 0004 4 = 09016601
ffff8e67c4a97180 2933387063 C Co:2:005:0 0 4 >
ffff8e67c4a97180 2933387122 S Ii:2:005:3 -115:1 3 <
ffff8e67c4a97180 2933388394 C Ii:2:005:3 0:1 3 = 100000
ffff8e67c4a97180 2933388451 S Ci:2:005:0 s c0 bc 0800 0016 0002 2 <
ffff8e67c4a97180 2933391290 C Ci:2:005:0 0 2 = 0900
ffff8e67c4a97180 2933391354 S Ci:2:005:0 s c0 bc 0900 001c 0002 2 <
ffff8e67c4a97180 2933393980 C Ci:2:005:0 0 2 = 2f6f
ffff8e67c4a97180 2933394034 S Ci:2:005:0 s c0 bc 0800 23be 0004 4 <
ffff8e67c4a97180 2933396762 C Ci:2:005:0 0 4 = 00006ed9
ffff8e67c4a97180 2933396824 S Co:2:005:0 s 40 bc 0800 00c0 0004 4 = 9989f500
ffff8e67c4a97180 2933399542 C Co:2:005:0 0 4 >
ffff8e67c4a97180 2933399603 S Co:2:005:0 s 40 b9 0000 0000 0004 4 = 09006603
ffff8e67c4a97180 2933402230 C Co:2:005:0 0 4 >
ffff8e67c4a97180 2933402345 S Ii:2:005:3 -115:1 3 <
ffff8e67c4a97180 2933403647 C Ii:2:005:3 0:1 3 = 100000
ffff8e67c4a97180 2933403709 S Ci:2:005:0 s c0 bc 0800 0016 0002 2 <
ffff8e67c4a97180 2933406428 C Ci:2:005:0 0 2 = 0900
ffff8e67c4a97180 2933406491 S Ci:2:005:0 s c0 bc 0900 001c 0002 2 <
ffff8e67c4a97180 2933409142 C Ci:2:005:0 0 2 = 2f6f
ffff8e67c4a97180 2933409195 S Ci:2:005:0 s c0 bc 0800 23be 0002 2 <
ffff8e67c4a97180 2933411854 C Ci:2:005:0 0 2 = 0000
ffff8e67c4a97180 2933411908 S Co:2:005:0 s 40 bc 0900 0014 0002 2 = d39e
ffff8e67c4a97180 2933414658 C Co:2:005:0 0 2 >
ffff8e67c4a97180 2933414720 S Ci:2:005:0 s c0 bc 0900 001c 0002 2 <
ffff8e67c4a97180 2933417475 C Ci:2:005:0 0 2 = 2f6f
ffff8e67c4a97180 2933417538 S Co:2:005:0 s 40 b9 0000 0000 0004 4 = 09016601
ffff8e67c4a97180 2933420167 C Co:2:005:0 0 4 >
ffff8e67c4a97180 2933420226 S Ii:2:005:3 -115:1 3 <
ffff8e67c4a97180 2933421490 C Ii:2:005:3 0:1 3 = 100000
ffff8e67c4a97180 2933421552 S Ci:2:005:0 s c0 bc 0800 0016 0002 2 <
ffff8e67c4a97180 2933424276 C Ci:2:005:0 0 2 = 0900
ffff8e67c4a97180 2933424339 S Ci:2:005:0 s c0 bc 0900 001c 0002 2 <
ffff8e67c4a97180 2933426983 C Ci:2:005:0 0 2 = 2f6f
ffff8e67c4a97180 2933427040 S Ci:2:005:0 s c0 bc 0800 23be 0004 4 <
ffff8e67c4a97180 2933429617 C Ci:2:005:0 0 4 = 0000f2d9
ffff8e67c4a97180 2933429675 S Co:2:005:0 s 40 bc 0800 00c0 0004 4 = 9989f500
ffff8e67c4a97180 2933432384 C Co:2:005:0 0 4 >
ffff8e67c4a97180 2933432444 S Co:2:005:0 s 40 b9 0000 0000 0004 4 = 09006603
ffff8e67c4a97180 2933435146 C Co:2:005:0 0 4 >
ffff8e67c4a97180 2933435206 S Ii:2:005:3 -115:1 3 <
ffff8e67c4a97180 2933436483 C Ii:2:005:3 0:1 3 = 100000
ffff8e67c4a97180 2933436545 S Ci:2:005:0 s c0 bc 0800 0016 0002 2 <
ffff8e67c4a97180 2933439263 C Ci:2:005:0 0 2 = 0900
ffff8e67c4a97180 2933439327 S Ci:2:005:0 s c0 bc 0900 001c 0002 2 <
ffff8e67c4a97180 2933441998 C Ci:2:005:0 0 2 = 2f6f
ffff8e67c6eea780 2933442307 S Ci:2:005:0 s c0 bc 0800 23be 0002 2 <
ffff8e67c6eea780 2933444729 C Ci:2:005:0 0 2 = 0000
ffff8e67c6eea780 2933444925 S Co:2:005:0 s 40 bc 0900 0014 0002 2 = d39e
ffff8e67c6eea780 2933447447 C Co:2:005:0 0 2 >
ffff8e67c6eea780 2933447613 S Ci:2:005:0 s c0 bc 0900 001c 0002 2 <
ffff8e67c6eea780 2933450264 C Ci:2:005:0 0 2 = 2f6f
ffff8e67c6eea780 2933450446 S Co:2:005:0 s 40 b9 0000 0000 0004 4 = 09016601
ffff8e67c6eea780 2933453058 C Co:2:005:0 0 4 >
ffff8e67c6eea780 2933453240 S Ii:2:005:3 -115:1 3 <
ffff8e67c6eea780 2933454320 C Ii:2:005:3 0:1 3 = 100000
ffff8e67c6eea780 2933454469 S Ci:2:005:0 s c0 bc 0800 0016 0002 2 <
ffff8e67c6eea780 2933457187 C Ci:2:005:0 0 2 = 0900
ffff8e67c6eea780 2933457297 S Ci:2:005:0 s c0 bc 0900 001c 0002 2 <
ffff8e67c6eea780 2933459980 C Ci:2:005:0 0 2 = 2f6f
ffff8e67c6eea780 2933460099 S Ci:2:005:0 s c0 bc 0800 23be 0004 4 <
ffff8e67c6eea780 2933462647 C Ci:2:005:0 0 4 = 0000f2d9
ffff8e67c6eea780 2933462793 S Co:2:005:0 s 40 bc 0800 00c0 0004 4 = 10003300
ffff8e67c6eea780 2933465374 C Co:2:005:0 0 4 >
ffff8e67c6eea780 2933465513 S Co:2:005:0 s 40 b9 0000 0000 0004 4 = 09006603
ffff8e67c6eea780 2933468172 C Co:2:005:0 0 4 >
ffff8e67c6eea780 2933468296 S Ii:2:005:3 -115:1 3 <
ffff8e67c6eea780 2933469484 C Ii:2:005:3 0:1 3 = 100000
ffff8e67c6eea780 2933469563 S Ci:2:005:0 s c0 bc 0800 0016 0002 2 <
ffff8e67c6eea780 2933472401 C Ci:2:005:0 0 2 = 0900
ffff8e67c6eea780 2933472526 S Ci:2:005:0 s c0 bc 0900 001c 0002 2 <
ffff8e67c6eea780 2933474965 C Ci:2:005:0 0 2 = 2f6f
ffff8e67c6eea780 2933475125 S Ci:2:005:0 s c0 bc 0800 23be 0002 2 <
ffff8e67c6eea780 2933477728 C Ci:2:005:0 0 2 = 0000
ffff8e67c6eea780 2933477882 S Co:2:005:0 s 40 bc 0900 0014 0002 2 = d39e
ffff8e67c6eea780 2933480501 C Co:2:005:0 0 2 >
ffff8e67c6eea780 2933480644 S Ci:2:005:0 s c0 bc 0900 001c 0002 2 <
ffff8e67c6eea780 2933483303 C Ci:2:005:0 0 2 = 2f6f
ffff8e67c6eea780 2933483421 S Co:2:005:0 s 40 bc 0800 00c0 0004 4 = 10016900
ffff8e67c6eea780 2933485962 C Co:2:005:0 0 4 >
ffff8e67c6eea780 2933486169 S Co:2:005:0 s 40 b9 0000 0000 0004 4 = 09006603
ffff8e67c6eea780 2933488796 C Co:2:005:0 0 4 >
ffff8e67c6eea780 2933489065 S Ii:2:005:3 -115:1 3 <
ffff8e67c6eea780 2933490153 C Ii:2:005:3 0:1 3 = 100000
ffff8e67c6eea780 2933490239 S Ci:2:005:0 s c0 bc 0800 0016 0002 2 <
ffff8e67c6eea780 2933492857 C Ci:2:005:0 0 2 = 0900
ffff8e67c6eea780 2933492962 S Ci:2:005:0 s c0 bc 0900 001c 0002 2 <
ffff8e67c6eea780 2933495648 C Ci:2:005:0 0 2 = 2f6f
ffff8e67c6eea780 2933495868 S Ci:2:005:0 s c0 bc 0800 23be 0002 2 <
ffff8e67c6eea780 2933498412 C Ci:2:005:0 0 2 = 0000
ffff8e67c6eea780 2933498594 S Co:2:005:0 s 40 bc 0900 0014 0002 2 = d39e
ffff8e67c6eea780 2933501173 C Co:2:005:0 0 2 >
ffff8e67c6eea780 2933501282 S Ci:2:005:0 s c0 bc 0900 001c 0002 2 <
ffff8e67c6eea780 2933503919 C Ci:2:005:0 0 2 = 2f6f
ffff8e67c6eea780 2933504073 S Co:2:005:0 s 40 bc 0800 00c0 0004 4 = 10027100
ffff8e67c6eea780 2933506627 C Co:2:005:0 0 4 >
ffff8e67c6eea780 2933506765 S Co:2:005:0 s 40 b9 0000 0000 0004 4 = 09006603
ffff8e67c6eea780 2933509378 C Co:2:005:0 0 4 >
ffff8e67c6eea780 2933509557 S Ii:2:005:3 -115:1 3 <
ffff8e67c6eea780 2933510766 C Ii:2:005:3 0:1 3 = 100000
ffff8e67c6eea780 2933510924 S Ci:2:005:0 s c0 bc 0800 0016 0002 2 <
ffff8e67c6eea780 2933513559 C Ci:2:005:0 0 2 = 0900
ffff8e67c6eea780 2933513720 S Ci:2:005:0 s c0 bc 0900 001c 0002 2 <
ffff8e67c6eea780 2933516304 C Ci:2:005:0 0 2 = 2f6f
ffff8e67c6eea780 2933516485 S Ci:2:005:0 s c0 bc 0800 23be 0002 2 <
ffff8e67c6eea780 2933518996 C Ci:2:005:0 0 2 = 0000
ffff8e67c6eea780 2933519187 S Co:2:005:0 s 40 bc 0900 0014 0002 2 = d39e
ffff8e67c6eea780 2933521638 C Co:2:005:0 0 2 >
ffff8e67c6eea780 2933521720 S Ci:2:005:0 s c0 bc 0900 001c 0002 2 <
ffff8e67c6eea780 2933524451 C Ci:2:005:0 0 2 = 2f6f
ffff8e67c6eea780 2933524635 S Co:2:005:0 s 40 bc 0800 00c0 0004 4 = 10037200
ffff8e67c6eea780 2933527192 C Co:2:005:0 0 4 >
ffff8e67c6eea780 2933527253 S Co:2:005:0 s 40 b9 0000 0000 0004 4 = 09006603
ffff8e67c6eea780 2933529870 C Co:2:005:0 0 4 >
ffff8e67c6eea780 2933529984 S Ii:2:005:3 -115:1 3 <
ffff8e67c6eea780 2933531234 C Ii:2:005:3 0:1 3 = 100000
ffff8e67c6eea780 2933531370 S Ci:2:005:0 s c0 bc 0800 0016 0002 2 <
ffff8e67c6eea780 2933533943 C Ci:2:005:0 0 2 = 0900
ffff8e67c6eea780 2933534126 S Ci:2:005:0 s c0 bc 0900 001c 0002 2 <
ffff8e67c6eea780 2933536628 C Ci:2:005:0 0 2 = 2f6f
ffff8e67c6eea780 2933536680 S Ci:2:005:0 s c0 bc 0800 23be 0002 2 <
ffff8e67c6eea780 2933539333 C Ci:2:005:0 0 2 = 0000
ffff8e67c6eea780 2933539475 S Co:2:005:0 s 40 bc 0900 0014 0002 2 = d39e
ffff8e67c6eea780 2933542081 C Co:2:005:0 0 2 >
ffff8e67c6eea780 2933542231 S Ci:2:005:0 s c0 bc 0900 001c 0002 2 <
ffff8e67c6eea780 2933544738 C Ci:2:005:0 0 2 = 2f6f
ffff8e67c6eea780 2933544861 S Co:2:005:0 s 40 bc 0800 00c0 0004 4 = 10016900
ffff8e67c6eea780 2933547467 C Co:2:005:0 0 4 >
ffff8e67c6eea780 2933547637 S Co:2:005:0 s 40 b9 0000 0000 0004 4 = 09006603
ffff8e67c6eea780 2933550221 C Co:2:005:0 0 4 >
ffff8e67c6eea780 2933550393 S Ii:2:005:3 -115:1 3 <
ffff8e67c6eea780 2933551601 C Ii:2:005:3 0:1 3 = 100000
ffff8e67c6eea780 2933551704 S Ci:2:005:0 s c0 bc 0800 0016 0002 2 <
ffff8e67c6eea780 2933554276 C Ci:2:005:0 0 2 = 0900
ffff8e67c6eea780 2933554398 S Ci:2:005:0 s c0 bc 0900 001c 0002 2 <
ffff8e67c6eea780 2933557036 C Ci:2:005:0 0 2 = 2f6f
ffff8e67c6eea780 2933557103 S Ci:2:005:0 s c0 bc 0800 23be 0002 2 <
ffff8e67c6eea780 2933559684 C Ci:2:005:0 0 2 = 0000
ffff8e67c6eea780 2933559867 S Co:2:005:0 s 40 bc 0900 0014 0002 2 = d39e
ffff8e67c6eea780 2933562377 C Co:2:005:0 0 2 >
ffff8e67c6eea780 2933562593 S Ci:2:005:0 s c0 bc 0900 001c 0002 2 <
ffff8e67c6eea780 2933564992 C Ci:2:005:0 0 2 = 2f6f
ffff8e67c6eea780 2933565211 S Co:2:005:0 s 40 bc 0800 00c0 0002 2 = 0495
ffff8e67c6eea780 2933567629 C Co:2:005:0 0 2 >
ffff8e67c6eea780 2933568056 S Co:2:005:0 s 40 b9 0000 0000 0004 4 = 09009802
ffff8e67c6eea780 2933570255 C Co:2:005:0 0 4 >
ffff8e67c6eea780 2933570446 S Ii:2:005:3 -115:1 3 <
ffff8e67c6eea780 2933571581 C Ii:2:005:3 0:1 3 = 100000
ffff8e67c6eea780 2933571824 S Ci:2:005:0 s c0 bc 0800 0016 0002 2 <
ffff8e67c6eea780 2933574262 C Ci:2:005:0 0 2 = 0900
ffff8e67c6eea780 2933574460 S Ci:2:005:0 s c0 bc 0900 001c 0002 2 <
ffff8e67c6eea780 2933576905 C Ci:2:005:0 0 2 = 2f6f
ffff8e67c6eea780 2933577066 S Ci:2:005:0 s c0 bc 0800 23be 0002 2 <
ffff8e67c6eea780 2933579640 C Ci:2:005:0 0 2 = 0000
ffff8e67c6eea780 2933579874 S Co:2:005:0 s 40 bc 0900 0014 0002 2 = d39e
ffff8e67c6eea780 2933582413 C Co:2:005:0 0 2 >
ffff8e67c6eea780 2933582628 S Ci:2:005:0 s c0 bc 0900 001c 0002 2 <
ffff8e67c6eea780 2933585142 C Ci:2:005:0 0 2 = 2f6f
ffff8e67c6eea780 2933585362 S Co:2:005:0 s 40 bc 0800 00c0 0004 4 = 99898b00
ffff8e67c6eea780 2933587853 C Co:2:005:0 0 4 >
ffff8e67c6eea780 2933588104 S Co:2:005:0 s 40 b9 0000 0000 0004 4 = 09006603
ffff8e67c6eea780 2933590503 C Co:2:005:0 0 4 >
ffff8e67c6eea780 2933590671 S Ii:2:005:3 -115:1 3 <
ffff8e67c6eea780 2933591845 C Ii:2:005:3 0:1 3 = 100000
ffff8e67c6eea780 2933592052 S Ci:2:005:0 s c0 bc 0800 0016 0002 2 <
ffff8e67c6eea780 2933594565 C Ci:2:005:0 0 2 = 0900
ffff8e67c6eea780 2933594747 S Ci:2:005:0 s c0 bc 0900 001c 0002 2 <
ffff8e67c6eea780 2933597267 C Ci:2:005:0 0 2 = 2f6f
ffff8e67c6eea780 2933597435 S Ci:2:005:0 s c0 bc 0800 23be 0002 2 <
ffff8e67c6eea780 2933599936 C Ci:2:005:0 0 2 = 0000
ffff8e67c6eea780 2933600123 S Co:2:005:0 s 40 bc 0900 0014 0002 2 = d39e
ffff8e67c6eea780 2933602642 C Co:2:005:0 0 2 >
ffff8e67c6eea780 2933602811 S Ci:2:005:0 s c0 bc 0900 001c 0002 2 <
ffff8e67c6eea780 2933605358 C Ci:2:005:0 0 2 = 2f6f
ffff8e67c6eea780 2933605549 S Co:2:005:0 s 40 b9 0000 0000 0004 4 = 09016601
ffff8e67c6eea780 2933608008 C Co:2:005:0 0 4 >
ffff8e67c6eea780 2933608177 S Ii:2:005:3 -115:1 3 <
ffff8e67c6eea780 2933609225 C Ii:2:005:3 0:1 3 = 100000
ffff8e67c6eea780 2933609452 S Ci:2:005:0 s c0 bc 0800 0016 0002 2 <
ffff8e67c6eea780 2933611907 C Ci:2:005:0 0 2 = 0900
ffff8e67c6eea780 2933612139 S Ci:2:005:0 s c0 bc 0900 001c 0002 2 <
ffff8e67c6eea780 2933614624 C Ci:2:005:0 0 2 = 2f6f
ffff8e67c6eea780 2933614758 S Ci:2:005:0 s c0 bc 0800 23be 0004 4 <
ffff8e67c6eea780 2933617301 C Ci:2:005:0 0 4 = 000036d9
ffff8e67c6eea780 2933617460 S Co:2:005:0 s 40 bc 0800 00c0 0002 2 = 70d0
ffff8e67c6eea780 2933620024 C Co:2:005:0 0 2 >
ffff8e67c6eea780 2933620191 S Co:2:005:0 s 40 b9 0000 0000 0004 4 = 09009802
ffff8e67c6eea780 2933622781 C Co:2:005:0 0 4 >
ffff8e67c6eea780 2933623016 S Ii:2:005:3 -115:1 3 <
ffff8e67c6eea780 2933624181 C Ii:2:005:3 0:1 3 = 100000
ffff8e67c6eea780 2933624303 S Ci:2:005:0 s c0 bc 0800 0016 0002 2 <
ffff8e67c6eea780 2933626932 C Ci:2:005:0 0 2 = 0900
ffff8e67c6eea780 2933627148 S Ci:2:005:0 s c0 bc 0900 001c 0002 2 <
ffff8e67c6eea780 2933629670 C Ci:2:005:0 0 2 = 2f6f
ffff8e67c6eea780 2933629848 S Ci:2:005:0 s c0 bc 0800 23be 0002 2 <
ffff8e67c6eea780 2933632477 C Ci:2:005:0 0 2 = 0000
ffff8e67c6eea780 2933632637 S Co:2:005:0 s 40 bc 0900 0014 0002 2 = d39e
ffff8e67c6eea780 2933635148 C Co:2:005:0 0 2 >
ffff8e67c6eea780 2933635321 S Ci:2:005:0 s c0 bc 0900 001c 0002 2 <
ffff8e67c6eea780 2933637920 C Ci:2:005:0 0 2 = 2f6f
ffff8e67c6eea780 2933638116 S Co:2:005:0 s 40 bc 0800 00c0 0002 2 = 0f88
ffff8e67c6eea780 2933640650 C Co:2:005:0 0 2 >
ffff8e67c6eea780 2933640793 S Co:2:005:0 s 40 b9 0000 0000 0004 4 = 09009802
ffff8e67c6eea780 2933643431 C Co:2:005:0 0 4 >
ffff8e67c6eea780 2933643581 S Ii:2:005:3 -115:1 3 <
ffff8e67c6eea780 2933644746 C Ii:2:005:3 0:1 3 = 100000
ffff8e67c6eea780 2933644959 S Ci:2:005:0 s c0 bc 0800 0016 0002 2 <
ffff8e67c6eea780 2933647570 C Ci:2:005:0 0 2 = 0900
ffff8e67c6eea780 2933647720 S Ci:2:005:0 s c0 bc 0900 001c 0002 2 <
ffff8e67c6eea780 2933650287 C Ci:2:005:0 0 2 = 2f6f
ffff8e67c6eea780 2933650466 S Ci:2:005:0 s c0 bc 0800 23be 0002 2 <
ffff8e67c6eea780 2933653029 C Ci:2:005:0 0 2 = 0000
ffff8e67c6eea780 2933653217 S Co:2:005:0 s 40 bc 0900 0014 0002 2 = d39e
ffff8e67c6eea780 2933655770 C Co:2:005:0 0 2 >
ffff8e67c6eea780 2933656076 S Ci:2:005:0 s c0 bc 0900 001c 0002 2 <
ffff8e67c6eea780 2933658445 C Ci:2:005:0 0 2 = 2f6f
ffff8e67c6eea780 2933658600 S Co:2:005:0 s 40 bc 0800 00c0 0002 2 = 9068
ffff8e67c6eea780 2933661134 C Co:2:005:0 0 2 >
ffff8e67c6eea780 2933661301 S Co:2:005:0 s 40 b9 0000 0000 0004 4 = 09009802
ffff8e67c6eea780 2933663901 C Co:2:005:0 0 4 >
ffff8e67c6eea780 2933664076 S Ii:2:005:3 -115:1 3 <
ffff8e67c6eea780 2933665216 C Ii:2:005:3 0:1 3 = 100000
ffff8e67c6eea780 2933665328 S Ci:2:005:0 s c0 bc 0800 0016 0002 2 <
ffff8e67c6eea780 2933668054 C Ci:2:005:0 0 2 = 0900
ffff8e67c6eea780 2933668203 S Ci:2:005:0 s c0 bc 0900 001c 0002 2 <
ffff8e67c6eea780 2933670759 C Ci:2:005:0 0 2 = 2f6f
ffff8e67c6eea780 2933670887 S Ci:2:005:0 s c0 bc 0800 23be 0002 2 <
ffff8e67c6eea780 2933673433 C Ci:2:005:0 0 2 = 0000
ffff8e67c6eea780 2933673638 S Co:2:005:0 s 40 bc 0900 0014 0002 2 = d39e
ffff8e67c6eea780 2933676128 C Co:2:005:0 0 2 >
ffff8e67c6eea780 2933676268 S Ci:2:005:0 s c0 bc 0900 001c 0002 2 <
ffff8e67c6eea780 2933678884 C Ci:2:005:0 0 2 = 2f6f
ffff8e67c6eea780 2933679052 S Co:2:005:0 s 40 bc 0800 00c0 0002 2 = 91bf
ffff8e67c6eea780 2933681493 C Co:2:005:0 0 2 >
ffff8e67c6eea780 2933681646 S Co:2:005:0 s 40 b9 0000 0000 0004 4 = 09009802
ffff8e67c6eea780 2933684120 C Co:2:005:0 0 4 >
ffff8e67c6eea780 2933684284 S Ii:2:005:3 -115:1 3 <
ffff8e67c6eea780 2933685446 C Ii:2:005:3 0:1 3 = 100000
ffff8e67c6eea780 2933685554 S Ci:2:005:0 s c0 bc 0800 0016 0002 2 <
ffff8e67c6eea780 2933688178 C Ci:2:005:0 0 2 = 0900
ffff8e67c6eea780 2933688326 S Ci:2:005:0 s c0 bc 0900 001c 0002 2 <
ffff8e67c6eea780 2933690875 C Ci:2:005:0 0 2 = 2f6f
ffff8e67c6eea780 2933691006 S Ci:2:005:0 s c0 bc 0800 23be 0002 2 <
ffff8e67c6eea780 2933693491 C Ci:2:005:0 0 2 = 0000
ffff8e67c6eea780 2933693647 S Co:2:005:0 s 40 bc 0900 0014 0002 2 = d39e
ffff8e67c6eea780 2933696243 C Co:2:005:0 0 2 >
ffff8e67c6eea780 2933696357 S Ci:2:005:0 s c0 bc 0900 001c 0002 2 <
ffff8e67c6eea780 2933698876 C Ci:2:005:0 0 2 = 2f6f
ffff8e67c6eea780 2933699016 S Co:2:005:0 s 40 bc 0800 00c0 0002 2 = 95ab
ffff8e67c6eea780 2933701501 C Co:2:005:0 0 2 >
ffff8e67c6eea780 2933701638 S Co:2:005:0 s 40 b9 0000 0000 0004 4 = 09009802
ffff8e67c6eea780 2933704233 C Co:2:005:0 0 4 >
ffff8e67c6eea780 2933704368 S Ii:2:005:3 -115:1 3 <
ffff8e67c6eea780 2933705571 C Ii:2:005:3 0:1 3 = 100000
ffff8e67c6eea780 2933705715 S Ci:2:005:0 s c0 bc 0800 0016 0002 2 <
ffff8e67c6eea780 2933708239 C Ci:2:005:0 0 2 = 0900
ffff8e67c6eea780 2933708378 S Ci:2:005:0 s c0 bc 0900 001c 0002 2 <
ffff8e67c6eea780 2933710876 C Ci:2:005:0 0 2 = 2f6f
ffff8e67c6eea780 2933711049 S Ci:2:005:0 s c0 bc 0800 23be 0002 2 <
ffff8e67c6eea780 2933713489 C Ci:2:005:0 0 2 = 0000
ffff8e67c6eea780 2933713676 S Co:2:005:0 s 40 bc 0900 0014 0002 2 = d39e
ffff8e67c6eea780 2933716075 C Co:2:005:0 0 2 >
ffff8e67c6eea780 2933716182 S Ci:2:005:0 s c0 bc 0900 001c 0002 2 <
ffff8e67c6eea780 2933718737 C Ci:2:005:0 0 2 = 2f6f
ffff8e67c6eea780 2933718877 S Co:2:005:0 s 40 bc 0800 00c0 0002 2 = 9617
ffff8e67c6eea780 2933721374 C Co:2:005:0 0 2 >
ffff8e67c6eea780 2933721512 S Co:2:005:0 s 40 b9 0000 0000 0004 4 = 09009802
ffff8e67c6eea780 2933724101 C Co:2:005:0 0 4 >
ffff8e67c6eea780 2933724227 S Ii:2:005:3 -115:1 3 <
ffff8e67c6eea780 2933725441 C Ii:2:005:3 0:1 3 = 100000
ffff8e67c6eea780 2933725593 S Ci:2:005:0 s c0 bc 0800 0016 0002 2 <
ffff8e67c6eea780 2933728132 C Ci:2:005:0 0 2 = 0900
ffff8e67c6eea780 2933728244 S Ci:2:005:0 s c0 bc 0900 001c 0002 2 <
ffff8e67c6eea780 2933730739 C Ci:2:005:0 0 2 = 2f6f
ffff8e67c6eea780 2933730859 S Ci:2:005:0 s c0 bc 0800 23be 0002 2 <
ffff8e67c6eea780 2933733376 C Ci:2:005:0 0 2 = 0000
ffff8e67c6eea780 2933733489 S Co:2:005:0 s 40 bc 0900 0014 0002 2 = d39e
ffff8e67c6eea780 2933736095 C Co:2:005:0 0 2 >
ffff8e67c6eea780 2933736202 S Ci:2:005:0 s c0 bc 0900 001c 0002 2 <
ffff8e67c6eea780 2933738727 C Ci:2:005:0 0 2 = 2f6f
ffff8e67c6eea780 2933738916 S Co:2:005:0 s 40 bc 0800 00c0 0002 2 = 9788
ffff8e67c6eea780 2933741490 C Co:2:005:0 0 2 >
ffff8e67c6eea780 2933741627 S Co:2:005:0 s 40 b9 0000 0000 0004 4 = 09009802
ffff8e67c6eea780 2933744123 C Co:2:005:0 0 4 >
ffff8e67c6eea780 2933744259 S Ii:2:005:3 -115:1 3 <
ffff8e67c6eea780 2933745438 C Ii:2:005:3 0:1 3 = 100000
ffff8e67c6eea780 2933745541 S Ci:2:005:0 s c0 bc 0800 0016 0002 2 <
ffff8e67c6eea780 2933748106 C Ci:2:005:0 0 2 = 0900
ffff8e67c6eea780 2933748251 S Ci:2:005:0 s c0 bc 0900 001c 0002 2 <
ffff8e67c6eea780 2933750729 C Ci:2:005:0 0 2 = 2f6f
ffff8e67c6eea780 2933750871 S Ci:2:005:0 s c0 bc 0800 23be 0002 2 <
ffff8e67c6eea780 2933753516 C Ci:2:005:0 0 2 = 0000
ffff8e67c6eea780 2933753662 S Co:2:005:0 s 40 bc 0900 0014 0002 2 = d39e
ffff8e67c6eea780 2933756221 C Co:2:005:0 0 2 >
ffff8e67c6eea780 2933756353 S Ci:2:005:0 s c0 bc 0900 001c 0002 2 <
ffff8e67c6eea780 2933758877 C Ci:2:005:0 0 2 = 2f6f
ffff8e67c6eea780 2933758952 S Co:2:005:0 s 40 bc 0800 00c0 0002 2 = a08c
ffff8e67c6eea780 2933761488 C Co:2:005:0 0 2 >
ffff8e67c6eea780 2933761625 S Co:2:005:0 s 40 b9 0000 0000 0004 4 = 09009802
ffff8e67c6eea780 2933764224 C Co:2:005:0 0 4 >
ffff8e67c6eea780 2933764303 S Ii:2:005:3 -115:1 3 <
ffff8e67c6eea780 2933765560 C Ii:2:005:3 0:1 3 = 100000
ffff8e67c6eea780 2933765663 S Ci:2:005:0 s c0 bc 0800 0016 0002 2 <
ffff8e67c6eea780 2933768250 C Ci:2:005:0 0 2 = 0900
ffff8e67c6eea780 2933768378 S Ci:2:005:0 s c0 bc 0900 001c 0002 2 <
ffff8e67c6eea780 2933770980 C Ci:2:005:0 0 2 = 2f6f
ffff8e67c6eea780 2933771115 S Ci:2:005:0 s c0 bc 0800 23be 0002 2 <
ffff8e67c6eea780 2933773546 C Ci:2:005:0 0 2 = 0000
ffff8e67c6eea780 2933773663 S Co:2:005:0 s 40 bc 0900 0014 0002 2 = d39e
ffff8e67c6eea780 2933776197 C Co:2:005:0 0 2 >
ffff8e67c6eea780 2933776247 S Ci:2:005:0 s c0 bc 0900 001c 0002 2 <
ffff8e67c6eea780 2933778823 C Ci:2:005:0 0 2 = 2f6f
ffff8e67c6eea780 2933778888 S Co:2:005:0 s 40 bc 0800 00c0 0002 2 = a1f8
ffff8e67c6eea780 2933781472 C Co:2:005:0 0 2 >
ffff8e67c6eea780 2933781565 S Co:2:005:0 s 40 b9 0000 0000 0004 4 = 09009802
ffff8e67c6eea780 2933784092 C Co:2:005:0 0 4 >
ffff8e67c6eea780 2933784207 S Ii:2:005:3 -115:1 3 <
ffff8e67c6eea780 2933785472 C Ii:2:005:3 0:1 3 = 100000
ffff8e67c6eea780 2933785609 S Ci:2:005:0 s c0 bc 0800 0016 0002 2 <
ffff8e67c6eea780 2933788279 C Ci:2:005:0 0 2 = 0900
ffff8e67c6eea780 2933788421 S Ci:2:005:0 s c0 bc 0900 001c 0002 2 <
ffff8e67c6eea780 2933790976 C Ci:2:005:0 0 2 = 2f6f
ffff8e67c6eea780 2933791114 S Ci:2:005:0 s c0 bc 0800 23be 0002 2 <
ffff8e67c6eea780 2933793727 C Ci:2:005:0 0 2 = 0000
ffff8e67c6eea780 2933793848 S Co:2:005:0 s 40 bc 0900 0014 0002 2 = d39e
ffff8e67c6eea780 2933796359 C Co:2:005:0 0 2 >
ffff8e67c6eea780 2933796496 S Ci:2:005:0 s c0 bc 0900 001c 0002 2 <
ffff8e67c6eea780 2933799100 C Ci:2:005:0 0 2 = 2f6f
ffff8e67c6eea780 2933799214 S Co:2:005:0 s 40 bc 0800 00c0 0002 2 = a282
ffff8e67c6eea780 2933801689 C Co:2:005:0 0 2 >
ffff8e67c6eea780 2933801797 S Co:2:005:0 s 40 b9 0000 0000 0004 4 = 09009802
ffff8e67c6eea780 2933804342 C Co:2:005:0 0 4 >
ffff8e67c6eea780 2933804454 S Ii:2:005:3 -115:1 3 <
ffff8e67c6eea780 2933805679 C Ii:2:005:3 0:1 3 = 100000
ffff8e67c6eea780 2933805750 S Ci:2:005:0 s c0 bc 0800 0016 0002 2 <
ffff8e67c6eea780 2933808351 C Ci:2:005:0 0 2 = 0900
ffff8e67c6eea780 2933808442 S Ci:2:005:0 s c0 bc 0900 001c 0002 2 <
ffff8e67c6eea780 2933810976 C Ci:2:005:0 0 2 = 2f6f
ffff8e67c6eea780 2933811062 S Ci:2:005:0 s c0 bc 0800 23be 0002 2 <
ffff8e67c6eea780 2933813594 C Ci:2:005:0 0 2 = 0000
ffff8e67c6eea780 2933813690 S Co:2:005:0 s 40 bc 0900 0014 0002 2 = d39e
ffff8e67c6eea780 2933816219 C Co:2:005:0 0 2 >
ffff8e67c6eea780 2933816304 S Ci:2:005:0 s c0 bc 0900 001c 0002 2 <
ffff8e67c6eea780 2933818851 C Ci:2:005:0 0 2 = 2f6f
ffff8e67c6eea780 2933818941 S Co:2:005:0 s 40 bc 0800 00c0 0002 2 = a359
ffff8e67c6eea780 2933821491 C Co:2:005:0 0 2 >
ffff8e67c6eea780 2933821589 S Co:2:005:0 s 40 b9 0000 0000 0004 4 = 09009802
ffff8e67c6eea780 2933824218 C Co:2:005:0 0 4 >
ffff8e67c6eea780 2933824303 S Ii:2:005:3 -115:1 3 <
ffff8e67c6eea780 2933825537 C Ii:2:005:3 0:1 3 = 100000
ffff8e67c6eea780 2933825642 S Ci:2:005:0 s c0 bc 0800 0016 0002 2 <
ffff8e67c6eea780 2933828354 C Ci:2:005:0 0 2 = 0900
ffff8e67c6eea780 2933828463 S Ci:2:005:0 s c0 bc 0900 001c 0002 2 <
ffff8e67c6eea780 2933831151 C Ci:2:005:0 0 2 = 2f6f
ffff8e67c6eea780 2933831212 S Ci:2:005:0 s c0 bc 0800 23be 0002 2 <
ffff8e67c6eea780 2933833820 C Ci:2:005:0 0 2 = 0000
ffff8e67c6eea780 2933833937 S Co:2:005:0 s 40 bc 0900 0014 0002 2 = d39e
ffff8e67c6eea780 2933836625 C Co:2:005:0 0 2 >
ffff8e67c6eea780 2933836725 S Ci:2:005:0 s c0 bc 0900 001c 0002 2 <
ffff8e67c6eea780 2933839405 C Ci:2:005:0 0 2 = 2f6f
ffff8e67c6eea780 2933839468 S Co:2:005:0 s 40 bc 0800 00c0 0004 4 = 99898900
ffff8e67c6eea780 2933842094 C Co:2:005:0 0 4 >
ffff8e67c6eea780 2933842203 S Co:2:005:0 s 40 b9 0000 0000 0004 4 = 09006603
ffff8e67c6eea780 2933844895 C Co:2:005:0 0 4 >
ffff8e67c6eea780 2933845007 S Ii:2:005:3 -115:1 3 <
ffff8e67c6eea780 2933846272 C Ii:2:005:3 0:1 3 = 100000
ffff8e67c6eea780 2933846347 S Ci:2:005:0 s c0 bc 0800 0016 0002 2 <
ffff8e67c6eea780 2933849003 C Ci:2:005:0 0 2 = 0900
ffff8e67c6eea780 2933849103 S Ci:2:005:0 s c0 bc 0900 001c 0002 2 <
ffff8e67c6eea780 2933851778 C Ci:2:005:0 0 2 = 2f6f
ffff8e67c6eea780 2933851854 S Ci:2:005:0 s c0 bc 0800 23be 0002 2 <
ffff8e67c6eea780 2933854463 C Ci:2:005:0 0 2 = 0000
ffff8e67c6eea780 2933854565 S Co:2:005:0 s 40 bc 0900 0014 0002 2 = d39e
ffff8e67c6eea780 2933857126 C Co:2:005:0 0 2 >
ffff8e67c6eea780 2933857237 S Ci:2:005:0 s c0 bc 0900 001c 0002 2 <
ffff8e67c6eea780 2933859872 C Ci:2:005:0 0 2 = 2f6f
ffff8e67c6eea780 2933859982 S Co:2:005:0 s 40 b9 0000 0000 0004 4 = 09016601
ffff8e67c6eea780 2933862625 C Co:2:005:0 0 4 >
ffff8e67c6eea780 2933862706 S Ii:2:005:3 -115:1 3 <
ffff8e67c6eea780 2933864017 C Ii:2:005:3 0:1 3 = 100000
ffff8e67c6eea780 2933864108 S Ci:2:005:0 s c0 bc 0800 0016 0002 2 <
ffff8e67c6eea780 2933866730 C Ci:2:005:0 0 2 = 0900
ffff8e67c26db840 2933867138 S Ci:2:005:0 s c0 bc 0900 001c 0002 2 <
ffff8e67c26db840 2933869515 C Ci:2:005:0 0 2 = 2f6f
ffff8e67c26db840 2933869696 S Ci:2:005:0 s c0 bc 0800 23be 0004 4 <
ffff8e67c26db840 2933872207 C Ci:2:005:0 0 4 = 00006ed9
ffff8e67c26db840 2933872388 S Co:2:005:0 s 40 bc 0800 00c0 0002 2 = 7288
ffff8e67c26db840 2933874970 C Co:2:005:0 0 2 >
ffff8e67c26db840 2933875145 S Co:2:005:0 s 40 b9 0000 0000 0004 4 = 09009802
ffff8e67c26db840 2933877744 C Co:2:005:0 0 4 >
ffff8e67c26db840 2933877930 S Ii:2:005:3 -115:1 3 <
ffff8e67c26db840 2933879090 C Ii:2:005:3 0:1 3 = 100000
ffff8e67c26db840 2933879208 S Ci:2:005:0 s c0 bc 0800 0016 0002 2 <
ffff8e67c26db840 2933881844 C Ci:2:005:0 0 2 = 0900
ffff8e67c26db840 2933882060 S Ci:2:005:0 s c0 bc 0900 001c 0002 2 <
ffff8e67c26db840 2933884648 C Ci:2:005:0 0 2 = 2f6f
ffff8e67c26db840 2933884739 S Ci:2:005:0 s c0 bc 0800 23be 0002 2 <
ffff8e67c26db840 2933887345 C Ci:2:005:0 0 2 = 0000
ffff8e67c26db840 2933887542 S Co:2:005:0 s 40 bc 0900 0014 0002 2 = d39e
ffff8e67c26db840 2933890098 C Co:2:005:0 0 2 >
ffff8e67c26db840 2933890297 S Ci:2:005:0 s c0 bc 0900 001c 0002 2 <
ffff8e67c26db840 2933892733 C Ci:2:005:0 0 2 = 2f6f
ffff8e67c26db840 2933892869 S Co:2:005:0 s 40 bc 0800 00c0 0002 2 = c089
ffff8e67c26db840 2933895473 C Co:2:005:0 0 2 >
ffff8e67c26db840 2933895668 S Co:2:005:0 s 40 b9 0000 0000 0004 4 = 09009802
ffff8e67c26db840 2933898190 C Co:2:005:0 0 4 >
ffff8e67c26db840 2933898368 S Ii:2:005:3 -115:1 3 <
ffff8e67c26db840 2933899572 C Ii:2:005:3 0:1 3 = 100000
ffff8e67c26db840 2933899664 S Ci:2:005:0 s c0 bc 0800 0016 0002 2 <
ffff8e67c26db840 2933902412 C Ci:2:005:0 0 2 = 0900
ffff8e67c26db840 2933902614 S Ci:2:005:0 s c0 bc 0900 001c 0002 2 <
ffff8e67c26db840 2933905089 C Ci:2:005:0 0 2 = 2f6f
ffff8e67c26db840 2933905285 S Ci:2:005:0 s c0 bc 0800 23be 0002 2 <
ffff8e67c26db840 2933907841 C Ci:2:005:0 0 2 = 0000
ffff8e67c26db840 2933908017 S Co:2:005:0 s 40 bc 0900 0014 0002 2 = d39e
ffff8e67c26db840 2933910610 C Co:2:005:0 0 2 >
ffff8e67c26db840 2933910776 S Ci:2:005:0 s c0 bc 0900 001c 0002 2 <
ffff8e67c26db840 2933913341 C Ci:2:005:0 0 2 = 2f6f
ffff8e67c26db840 2933913545 S Co:2:005:0 s 40 bc 0800 00c0 0002 2 = 6198
ffff8e67c26db840 2933916090 C Co:2:005:0 0 2 >
ffff8e67c26db840 2933916277 S Co:2:005:0 s 40 b9 0000 0000 0004 4 = 09009802
ffff8e67c26db840 2933918860 C Co:2:005:0 0 4 >
ffff8e67c26db840 2933918957 S Ii:2:005:3 -115:1 3 <
ffff8e67c26db840 2933920258 C Ii:2:005:3 0:1 3 = 100000
ffff8e67c26db840 2933920329 S Ci:2:005:0 s c0 bc 0800 0016 0002 2 <
ffff8e67c26db840 2933922947 C Ci:2:005:0 0 2 = 0900
ffff8e67c26db840 2933923130 S Ci:2:005:0 s c0 bc 0900 001c 0002 2 <
ffff8e67c26db840 2933925632 C Ci:2:005:0 0 2 = 2f6f
ffff8e67c26db840 2933925732 S Ci:2:005:0 s c0 bc 0800 23be 0002 2 <
ffff8e67c26db840 2933928370 C Ci:2:005:0 0 2 = 0000
ffff8e67c26db840 2933928526 S Co:2:005:0 s 40 bc 0900 0014 0002 2 = d39e
ffff8e67c26db840 2933931070 C Co:2:005:0 0 2 >
ffff8e67c26db840 2933931258 S Ci:2:005:0 s c0 bc 0900 001c 0002 2 <
ffff8e67c26db840 2933933894 C Ci:2:005:0 0 2 = 2f6f
ffff8e67c26db840 2933934056 S Co:2:005:0 s 40 bc 0800 00c0 0002 2 = 6389
ffff8e67c26db840 2933936593 C Co:2:005:0 0 2 >
ffff8e67c26db840 2933936767 S Co:2:005:0 s 40 b9 0000 0000 0004 4 = 09009802
ffff8e67c26db840 2933939355 C Co:2:005:0 0 4 >
ffff8e67c26db840 2933939491 S Ii:2:005:3 -115:1 3 <
ffff8e67c26db840 2933940707 C Ii:2:005:3 0:1 3 = 100000
ffff8e67c26db840 2933940789 S Ci:2:005:0 s c0 bc 0800 0016 0002 2 <
ffff8e67c26db840 2933943544 C Ci:2:005:0 0 2 = 0900
ffff8e67c26db840 2933943743 S Ci:2:005:0 s c0 bc 0900 001c 0002 2 <
ffff8e67c26db840 2933946226 C Ci:2:005:0 0 2 = 2f6f
ffff8e67c26db840 2933946405 S Ci:2:005:0 s c0 bc 0800 23be 0002 2 <
ffff8e67c26db840 2933948939 C Ci:2:005:0 0 2 = 0000
ffff8e67c26db840 2933949143 S Co:2:005:0 s 40 bc 0900 0014 0002 2 = d39e
ffff8e67c26db840 2933951708 C Co:2:005:0 0 2 >
ffff8e67c26db840 2933951913 S Ci:2:005:0 s c0 bc 0900 001c 0002 2 <
ffff8e67c26db840 2933954529 C Ci:2:005:0 0 2 = 2f6f
ffff8e67c26db840 2933954598 S Co:2:005:0 s 40 bc 0800 00c0 0002 2 = 6496
ffff8e67c26db840 2933957221 C Co:2:005:0 0 2 >
ffff8e67c26db840 2933957414 S Co:2:005:0 s 40 b9 0000 0000 0004 4 = 09009802
ffff8e67c26db840 2933959979 C Co:2:005:0 0 4 >
ffff8e67c26db840 2933960155 S Ii:2:005:3 -115:1 3 <
ffff8e67c26db840 2933961312 C Ii:2:005:3 0:1 3 = 100000
ffff8e67c26db840 2933961493 S Ci:2:005:0 s c0 bc 0800 0016 0002 2 <
ffff8e67c26db840 2933964084 C Ci:2:005:0 0 2 = 0900
ffff8e67c26db840 2933964274 S Ci:2:005:0 s c0 bc 0900 001c 0002 2 <
ffff8e67c26db840 2933966809 C Ci:2:005:0 0 2 = 2f6f
ffff8e67c26db840 2933967121 S Ci:2:005:0 s c0 bc 0800 23be 0002 2 <
ffff8e67c26db840 2933969672 C Ci:2:005:0 0 2 = 0000
ffff8e67c26db840 2933969887 S Co:2:005:0 s 40 bc 0900 0014 0002 2 = d39e
ffff8e67c26db840 2933972355 C Co:2:005:0 0 2 >
ffff8e67c26db840 2933972537 S Ci:2:005:0 s c0 bc 0900 001c 0002 2 <
ffff8e67c26db840 2933975027 C Ci:2:005:0 0 2 = 2f6f
ffff8e67c26db840 2933975206 S Co:2:005:0 s 40 bc 0800 00c0 0002 2 = 6588
ffff8e67c26db840 2933977695 C Co:2:005:0 0 2 >
ffff8e67c26db840 2933977761 S Co:2:005:0 s 40 b9 0000 0000 0004 4 = 09009802
ffff8e67c26db840 2933980358 C Co:2:005:0 0 4 >
ffff8e67c26db840 2933980535 S Ii:2:005:3 -115:1 3 <
ffff8e67c26db840 2933981664 C Ii:2:005:3 0:1 3 = 100000
ffff8e67c26db840 2933981791 S Ci:2:005:0 s c0 bc 0800 0016 0002 2 <
ffff8e67c26db840 2933984512 C Ci:2:005:0 0 2 = 0900
ffff8e67c26db840 2933984693 S Ci:2:005:0 s c0 bc 0900 001c 0002 2 <
ffff8e67c26db840 2933987216 C Ci:2:005:0 0 2 = 2f6f
ffff8e67c26db840 2933987412 S Ci:2:005:0 s c0 bc 0800 23be 0002 2 <
ffff8e67c26db840 2933990115 C Ci:2:005:0 0 2 = 0000
ffff8e67c26db840 2933990309 S Co:2:005:0 s 40 bc 0900 0014 0002 2 = d39e
ffff8e67c26db840 2933992861 C Co:2:005:0 0 2 >
ffff8e67c26db840 2933992983 S Ci:2:005:0 s c0 bc 0900 001c 0002 2 <
ffff8e67c26db840 2933995663 C Ci:2:005:0 0 2 = 2f6f
ffff8e67c26db840 2933995875 S Co:2:005:0 s 40 bc 0800 00c0 0004 4 = 9989ff00
ffff8e67c26db840 2933998348 C Co:2:005:0 0 4 >
ffff8e67c26db840 2933998595 S Co:2:005:0 s 40 b9 0000 0000 0004 4 = 09006603
ffff8e67c26db840 2934001079 C Co:2:005:0 0 4 >
ffff8e67c26db840 2934001268 S Ii:2:005:3 -115:1 3 <
ffff8e67c26db840 2934002456 C Ii:2:005:3 0:1 3 = 100000
ffff8e67c26db840 2934002582 S Ci:2:005:0 s c0 bc 0800 0016 0002 2 <
ffff8e67c26db840 2934005234 C Ci:2:005:0 0 2 = 0900
ffff8e67c26db840 2934005398 S Ci:2:005:0 s c0 bc 0900 001c 0002 2 <
ffff8e67c26db840 2934008002 C Ci:2:005:0 0 2 = 2f6f
ffff8e67c26db840 2934008191 S Ci:2:005:0 s c0 bc 0800 23be 0002 2 <
ffff8e67c26db840 2934010624 C Ci:2:005:0 0 2 = 0000
ffff8e67c26db840 2934010817 S Co:2:005:0 s 40 bc 0900 0014 0002 2 = d39e
ffff8e67c26db840 2934013343 C Co:2:005:0 0 2 >
ffff8e67c26db840 2934013454 S Ci:2:005:0 s c0 bc 0900 001c 0002 2 <
ffff8e67c26db840 2934016113 C Ci:2:005:0 0 2 = 2f6f
ffff8e67c26db840 2934016203 S Co:2:005:0 s 40 b9 0000 0000 0004 4 = 09016601
ffff8e67c26db840 2934018867 C Co:2:005:0 0 4 >
ffff8e67c26db840 2934019085 S Ii:2:005:3 -115:1 3 <
ffff8e67c26db840 2934020194 C Ii:2:005:3 0:1 3 = 100000
ffff8e67c26db840 2934020284 S Ci:2:005:0 s c0 bc 0800 0016 0002 2 <
ffff8e67c26db840 2934023023 C Ci:2:005:0 0 2 = 0900
ffff8e67c26db840 2934023110 S Ci:2:005:0 s c0 bc 0900 001c 0002 2 <
ffff8e67c26db840 2934025741 C Ci:2:005:0 0 2 = 2f6f
ffff8e67c26db840 2934025888 S Ci:2:005:0 s c0 bc 0800 23be 0004 4 <
ffff8e67c26db840 2934028520 C Ci:2:005:0 0 4 = 000073d9
ffff8e67c26db840 2934028585 S Co:2:005:0 s 40 bc 0800 00c0 0002 2 = 048d
ffff8e67c26db840 2934031166 C Co:2:005:0 0 2 >
ffff8e67c26db840 2934031325 S Co:2:005:0 s 40 b9 0000 0000 0004 4 = 09009802
ffff8e67c26db840 2934033862 C Co:2:005:0 0 4 >
ffff8e67c26db840 2934034059 S Ii:2:005:3 -115:1 3 <
ffff8e67c26db840 2934035162 C Ii:2:005:3 0:1 3 = 100000
ffff8e67c26db840 2934035266 S Ci:2:005:0 s c0 bc 0800 0016 0002 2 <
ffff8e67c26db840 2934038013 C Ci:2:005:0 0 2 = 0900
ffff8e67c26db840 2934038208 S Ci:2:005:0 s c0 bc 0900 001c 0002 2 <
ffff8e67c26db840 2934040766 C Ci:2:005:0 0 2 = 2f6f
ffff8e67c26db840 2934040970 S Ci:2:005:0 s c0 bc 0800 23be 0002 2 <
ffff8e67c26db840 2934043520 C Ci:2:005:0 0 2 = 0000
ffff8e67c26db840 2934043713 S Co:2:005:0 s 40 bc 0900 0014 0002 2 = d39e
ffff8e67c26db840 2934046150 C Co:2:005:0 0 2 >
ffff8e67c26db840 2934046338 S Ci:2:005:0 s c0 bc 0900 001c 0002 2 <
ffff8e67c26db840 2934048967 C Ci:2:005:0 0 2 = 2f6f
ffff8e67c26db840 2934049159 S Co:2:005:0 s 40 bc 0800 00c0 0002 2 = 6291
ffff8e67c26db840 2934051726 C Co:2:005:0 0 2 >
ffff8e67c26db840 2934051895 S Co:2:005:0 s 40 b9 0000 0000 0004 4 = 09009802
ffff8e67c26db840 2934054464 C Co:2:005:0 0 4 >
ffff8e67c26db840 2934054553 S Ii:2:005:3 -115:1 3 <
ffff8e67c26db840 2934055735 C Ii:2:005:3 0:1 3 = 100000
ffff8e67c26db840 2934055913 S Ci:2:005:0 s c0 bc 0800 0016 0002 2 <
ffff8e67c26db840 2934058640 C Ci:2:005:0 0 2 = 0900
ffff8e67c26db840 2934058701 S Ci:2:005:0 s c0 bc 0900 001c 0002 2 <
ffff8e67c26db840 2934061375 C Ci:2:005:0 0 2 = 2f6f
ffff8e67c26db840 2934061567 S Ci:2:005:0 s c0 bc 0800 23be 0002 2 <
ffff8e67c26db840 2934064099 C Ci:2:005:0 0 2 = 0000
ffff8e67c26db840 2934064287 S Co:2:005:0 s 40 bc 0900 0014 0002 2 = d39e
ffff8e67c26db840 2934066864 C Co:2:005:0 0 2 >
ffff8e67c26db840 2934066973 S Ci:2:005:0 s c0 bc 0900 001c 0002 2 <
ffff8e67c26db840 2934069659 C Ci:2:005:0 0 2 = 2f6f
ffff8e67c26db840 2934069866 S Co:2:005:0 s 40 bc 0800 00c0 0002 2 = 0f89
ffff8e67c26db840 2934072364 C Co:2:005:0 0 2 >
ffff8e67c26db840 2934072465 S Co:2:005:0 s 40 b9 0000 0000 0004 4 = 09009802
ffff8e67c26db840 2934075106 C Co:2:005:0 0 4 >
ffff8e67c26db840 2934075221 S Ii:2:005:3 -115:1 3 <
ffff8e67c26db840 2934076466 C Ii:2:005:3 0:1 3 = 100000
ffff8e67c26db840 2934076549 S Ci:2:005:0 s c0 bc 0800 0016 0002 2 <
ffff8e67c26db840 2934079254 C Ci:2:005:0 0 2 = 0900
ffff8e67c26db840 2934079334 S Ci:2:005:0 s c0 bc 0900 001c 0002 2 <
ffff8e67c26db840 2934082003 C Ci:2:005:0 0 2 = 2f6f
ffff8e67c26db840 2934082070 S Ci:2:005:0 s c0 bc 0800 23be 0002 2 <
ffff8e67c26db840 2934084615 C Ci:2:005:0 0 2 = 0000
ffff8e67c26db840 2934084844 S Co:2:005:0 s 40 bc 0900 0014 0002 2 = d39e
ffff8e67c26db840 2934087323 C Co:2:005:0 0 2 >
ffff8e67c26db840 2934087512 S Ci:2:005:0 s c0 bc 0900 001c 0002 2 <
ffff8e67c26db840 2934090062 C Ci:2:005:0 0 2 = 2f6f
ffff8e67c26db840 2934090196 S Co:2:005:0 s 40 bc 0800 00c0 0002 2 = 58d8
ffff8e67c26db840 2934092834 C Co:2:005:0 0 2 >
ffff8e67c26db840 2934093071 S Co:2:005:0 s 40 b9 0000 0000 0004 4 = 09009802
ffff8e67c26db840 2934095622 C Co:2:005:0 0 4 >
ffff8e67c26db840 2934095711 S Ii:2:005:3 -115:1 3 <
ffff8e67c26db840 2934096920 C Ii:2:005:3 0:1 3 = 100000
ffff8e67c26db840 2934097074 S Ci:2:005:0 s c0 bc 0800 0016 0002 2 <
ffff8e67c26db840 2934099646 C Ci:2:005:0 0 2 = 0900
ffff8e67c26db840 2934099731 S Ci:2:005:0 s c0 bc 0900 001c 0002 2 <
ffff8e67c26db840 2934102371 C Ci:2:005:0 0 2 = 2f6f
ffff8e67c26db840 2934102568 S Ci:2:005:0 s c0 bc 0800 23be 0002 2 <
ffff8e67c26db840 2934104973 C Ci:2:005:0 0 2 = 0000
ffff8e67c26db840 2934105143 S Co:2:005:0 s 40 bc 0900 0014 0002 2 = d39e
ffff8e67c26db840 2934107712 C Co:2:005:0 0 2 >
ffff8e67c26db840 2934107777 S Ci:2:005:0 s c0 bc 0900 001c 0002 2 <
ffff8e67c26db840 2934110494 C Ci:2:005:0 0 2 = 2f6f
ffff8e67c26db840 2934110689 S Co:2:005:0 s 40 bc 0800 00c0 0002 2 = 59d0
ffff8e67c26db840 2934113196 C Co:2:005:0 0 2 >
ffff8e67c26db840 2934113345 S Co:2:005:0 s 40 b9 0000 0000 0004 4 = 09009802
ffff8e67c26db840 2934115941 C Co:2:005:0 0 4 >
ffff8e67c26db840 2934116112 S Ii:2:005:3 -115:1 3 <
ffff8e67c26db840 2934117281 C Ii:2:005:3 0:1 3 = 100000
ffff8e67c26db840 2934117369 S Ci:2:005:0 s c0 bc 0800 0016 0002 2 <
ffff8e67c26db840 2934120096 C Ci:2:005:0 0 2 = 0900
ffff8e67c26db840 2934120205 S Ci:2:005:0 s c0 bc 0900 001c 0002 2 <
ffff8e67c26db840 2934122814 C Ci:2:005:0 0 2 = 2f6f
ffff8e67c26db840 2934123086 S Ci:2:005:0 s c0 bc 0800 23be 0002 2 <
ffff8e67c26db840 2934125616 C Ci:2:005:0 0 2 = 0000
ffff8e67c26db840 2934125802 S Co:2:005:0 s 40 bc 0900 0014 0002 2 = d39e
ffff8e67c26db840 2934128367 C Co:2:005:0 0 2 >
ffff8e67c26db840 2934128461 S Ci:2:005:0 s c0 bc 0900 001c 0002 2 <
ffff8e67c26db840 2934131018 C Ci:2:005:0 0 2 = 2f6f
ffff8e67c26db840 2934131092 S Co:2:005:0 s 40 bc 0800 00c0 0002 2 = 5a88
ffff8e67c26db840 2934133704 C Co:2:005:0 0 2 >
ffff8e67c26db840 2934133901 S Co:2:005:0 s 40 b9 0000 0000 0004 4 = 09009802
ffff8e67c26db840 2934136483 C Co:2:005:0 0 4 >
ffff8e67c26db840 2934136645 S Ii:2:005:3 -115:1 3 <
ffff8e67c26db840 2934137765 C Ii:2:005:3 0:1 3 = 100000
ffff8e67c26db840 2934137943 S Ci:2:005:0 s c0 bc 0800 0016 0002 2 <
ffff8e67c26db840 2934140634 C Ci:2:005:0 0 2 = 0900
ffff8e67c26db840 2934140773 S Ci:2:005:0 s c0 bc 0900 001c 0002 2 <
ffff8e67c26db840 2934143374 C Ci:2:005:0 0 2 = 2f6f
ffff8e67c26db840 2934143565 S Ci:2:005:0 s c0 bc 0800 23be 0002 2 <
ffff8e67c26db840 2934146026 C Ci:2:005:0 0 2 = 0000
ffff8e67c26db840 2934146227 S Co:2:005:0 s 40 bc 0900 0014 0002 2 = d39e
ffff8e67c26db840 2934148827 C Co:2:005:0 0 2 >
ffff8e67c26db840 2934149002 S Ci:2:005:0 s c0 bc 0900 001c 0002 2 <
ffff8e67c26db840 2934151640 C Ci:2:005:0 0 2 = 2f6f
ffff8e67c26db840 2934151758 S Co:2:005:0 s 40 bc 0800 00c0 0002 2 = 5b8e
ffff8e67c26db840 2934154311 C Co:2:005:0 0 2 >
ffff8e67c26db840 2934154501 S Co:2:005:0 s 40 b9 0000 0000 0004 4 = 09009802
ffff8e67c26db840 2934157070 C Co:2:005:0 0 4 >
ffff8e67c26db840 2934157257 S Ii:2:005:3 -115:1 3 <
ffff8e67c26db840 2934158437 C Ii:2:005:3 0:1 3 = 100000
ffff8e67c26db840 2934158547 S Ci:2:005:0 s c0 bc 0800 0016 0002 2 <
ffff8e67c26db840 2934161240 C Ci:2:005:0 0 2 = 0900
ffff8e67c26db840 2934161323 S Ci:2:005:0 s c0 bc 0900 001c 0002 2 <
ffff8e67c26db840 2934163960 C Ci:2:005:0 0 2 = 2f6f
ffff8e67c26db840 2934164084 S Ci:2:005:0 s c0 bc 0800 23be 0002 2 <
ffff8e67c26db840 2934166742 C Ci:2:005:0 0 2 = 0000
ffff8e67c26db840 2934166898 S Co:2:005:0 s 40 bc 0900 0014 0002 2 = d39e
ffff8e67c26db840 2934169517 C Co:2:005:0 0 2 >
ffff8e67c26db840 2934169709 S Ci:2:005:0 s c0 bc 0900 001c 0002 2 <
ffff8e67c26db840 2934172232 C Ci:2:005:0 0 2 = 2f6f
ffff8e67c26db840 2934172365 S Co:2:005:0 s 40 bc 0800 00c0 0002 2 = 5c89
ffff8e67c26db840 2934174969 C Co:2:005:0 0 2 >
ffff8e67c26db840 2934175052 S Co:2:005:0 s 40 b9 0000 0000 0004 4 = 09009802
ffff8e67c26db840 2934177757 C Co:2:005:0 0 4 >
ffff8e67c26db840 2934177892 S Ii:2:005:3 -115:1 3 <
ffff8e67c26db840 2934179025 C Ii:2:005:3 0:1 3 = 100000
ffff8e67c26db840 2934179098 S Ci:2:005:0 s c0 bc 0800 0016 0002 2 <
ffff8e67c26db840 2934181922 C Ci:2:005:0 0 2 = 0900
ffff8e67c26db840 2934181995 S Ci:2:005:0 s c0 bc 0900 001c 0002 2 <
ffff8e67c26db840 2934184592 C Ci:2:005:0 0 2 = 2f6f
ffff8e67c26db840 2934184790 S Ci:2:005:0 s c0 bc 0800 23be 0002 2 <
ffff8e67c26db840 2934187318 C Ci:2:005:0 0 2 = 0000
ffff8e67c26db840 2934187506 S Co:2:005:0 s 40 bc 0900 0014 0002 2 = d39e
ffff8e67c26db840 2934190032 C Co:2:005:0 0 2 >
ffff8e67c26db840 2934190202 S Ci:2:005:0 s c0 bc 0900 001c 0002 2 <
ffff8e67c26db840 2934192850 C Ci:2:005:0 0 2 = 2f6f
ffff8e67c26db840 2934193052 S Co:2:005:0 s 40 bc 0800 00c0 0002 2 = 5e88
ffff8e67c26db840 2934195603 C Co:2:005:0 0 2 >
ffff8e67c26db840 2934195788 S Co:2:005:0 s 40 b9 0000 0000 0004 4 = 09009802
ffff8e67c26db840 2934198359 C Co:2:005:0 0 4 >
ffff8e67c26db840 2934198441 S Ii:2:005:3 -115:1 3 <
ffff8e67c26db840 2934199692 C Ii:2:005:3 0:1 3 = 100000
ffff8e67c26db840 2934199758 S Ci:2:005:0 s c0 bc 0800 0016 0002 2 <
ffff8e67c26db840 2934202498 C Ci:2:005:0 0 2 = 0900
ffff8e67c26db840 2934202653 S Ci:2:005:0 s c0 bc 0900 001c 0002 2 <
ffff8e67c26db840 2934205223 C Ci:2:005:0 0 2 = 2f6f
ffff8e67c26db840 2934205299 S Ci:2:005:0 s c0 bc 0800 23be 0002 2 <
ffff8e67c26db840 2934207939 C Ci:2:005:0 0 2 = 0000
ffff8e67c26db840 2934208129 S Co:2:005:0 s 40 bc 0900 0014 0002 2 = d39e
ffff8e67c26db840 2934210741 C Co:2:005:0 0 2 >
ffff8e67c26db840 2934211051 S Ci:2:005:0 s c0 bc 0900 001c 0002 2 <
ffff8e67c26db840 2934213401 C Ci:2:005:0 0 2 = 2f6f
ffff8e67c26db840 2934213557 S Co:2:005:0 s 40 bc 0800 00c0 0002 2 = 5f88
ffff8e67c26db840 2934216189 C Co:2:005:0 0 2 >
ffff8e67c26db840 2934216378 S Co:2:005:0 s 40 b9 0000 0000 0004 4 = 09009802
ffff8e67c26db840 2934218957 C Co:2:005:0 0 4 >
ffff8e67c26db840 2934219072 S Ii:2:005:3 -115:1 3 <
ffff8e67c26db840 2934220317 C Ii:2:005:3 0:1 3 = 100000
ffff8e67c26db840 2934220432 S Ci:2:005:0 s c0 bc 0800 0016 0002 2 <
ffff8e67c26db840 2934222988 C Ci:2:005:0 0 2 = 0900
ffff8e67c26db840 2934223138 S Ci:2:005:0 s c0 bc 0900 001c 0002 2 <
ffff8e67c26db840 2934225711 C Ci:2:005:0 0 2 = 2f6f
ffff8e67c26db840 2934225782 S Ci:2:005:0 s c0 bc 0800 23be 0002 2 <
ffff8e67c26db840 2934228452 C Ci:2:005:0 0 2 = 0000
ffff8e67c26db840 2934228635 S Co:2:005:0 s 40 bc 0900 0014 0002 2 = d39e
ffff8e67c26db840 2934231192 C Co:2:005:0 0 2 >
ffff8e67c26db840 2934231279 S Ci:2:005:0 s c0 bc 0900 001c 0002 2 <
ffff8e67c26db840 2934233965 C Ci:2:005:0 0 2 = 2f6f
ffff8e67c26db840 2934234074 S Co:2:005:0 s 40 bc 0800 00c0 0002 2 = 6088
ffff8e67c26db840 2934236724 C Co:2:005:0 0 2 >
ffff8e67c26db840 2934236874 S Co:2:005:0 s 40 b9 0000 0000 0004 4 = 09009802
ffff8e67c26db840 2934239608 C Co:2:005:0 0 4 >
ffff8e67c26db840 2934239804 S Ii:2:005:3 -115:1 3 <
ffff8e67c26db840 2934240871 C Ii:2:005:3 0:1 3 = 100000
ffff8e67c26db840 2934241098 S Ci:2:005:0 s c0 bc 0800 0016 0002 2 <
ffff8e67c26db840 2934243721 C Ci:2:005:0 0 2 = 0900
ffff8e67c26db840 2934243880 S Ci:2:005:0 s c0 bc 0900 001c 0002 2 <
ffff8e67c26db840 2934246454 C Ci:2:005:0 0 2 = 2f6f
ffff8e67c26db840 2934246569 S Ci:2:005:0 s c0 bc 0800 23be 0002 2 <
ffff8e67c26db840 2934249195 C Ci:2:005:0 0 2 = 0000
ffff8e67c26db840 2934249391 S Co:2:005:0 s 40 bc 0900 0014 0002 2 = d39e
ffff8e67c26db840 2934251927 C Co:2:005:0 0 2 >
ffff8e67c26db840 2934252115 S Ci:2:005:0 s c0 bc 0900 001c 0002 2 <
ffff8e67c26db840 2934254793 C Ci:2:005:0 0 2 = 2f6f
ffff8e67c26db840 2934254881 S Co:2:005:0 s 40 bc 0800 00c0 0002 2 = 6188
ffff8e67c26db840 2934257536 C Co:2:005:0 0 2 >
ffff8e67c26db840 2934257733 S Co:2:005:0 s 40 b9 0000 0000 0004 4 = 09009802
ffff8e67c26db840 2934260327 C Co:2:005:0 0 4 >
ffff8e67c26db840 2934260455 S Ii:2:005:3 -115:1 3 <
ffff8e67c26db840 2934261682 C Ii:2:005:3 0:1 3 = 100000
ffff8e67c26db840 2934261780 S Ci:2:005:0 s c0 bc 0800 0016 0002 2 <
ffff8e67c26db840 2934264465 C Ci:2:005:0 0 2 = 0900
ffff8e67c26db840 2934264640 S Ci:2:005:0 s c0 bc 0900 001c 0002 2 <
ffff8e67c26db840 2934267223 C Ci:2:005:0 0 2 = 2f6f
ffff8e67c26db840 2934267413 S Ci:2:005:0 s c0 bc 0800 23be 0002 2 <
ffff8e67c26db840 2934269912 C Ci:2:005:0 0 2 = 0000
ffff8e67c26db840 2934270103 S Co:2:005:0 s 40 bc 0900 0014 0002 2 = d39e
ffff8e67c26db840 2934272612 C Co:2:005:0 0 2 >
ffff8e67c26db840 2934272749 S Ci:2:005:0 s c0 bc 0900 001c 0002 2 <
ffff8e67c26db840 2934275320 C Ci:2:005:0 0 2 = 2f6f
ffff8e67c26db840 2934275512 S Co:2:005:0 s 40 bc 0800 00c0 0002 2 = 6288
ffff8e67c26db840 2934278071 C Co:2:005:0 0 2 >
ffff8e67c26db840 2934278247 S Co:2:005:0 s 40 b9 0000 0000 0004 4 = 09009802
ffff8e67c26db840 2934280694 C Co:2:005:0 0 4 >
ffff8e67c26db840 2934280849 S Ii:2:005:3 -115:1 3 <
ffff8e67c26db840 2934281983 C Ii:2:005:3 0:1 3 = 100000
ffff8e67c26db840 2934282096 S Ci:2:005:0 s c0 bc 0800 0016 0002 2 <
ffff8e67c26db840 2934284870 C Ci:2:005:0 0 2 = 0900
ffff8e67c26db840 2934285009 S Ci:2:005:0 s c0 bc 0900 001c 0002 2 <
ffff8e67c26db840 2934287629 C Ci:2:005:0 0 2 = 2f6f
ffff8e67c26db840 2934287843 S Ci:2:005:0 s c0 bc 0800 23be 0002 2 <
ffff8e67c26db840 2934290331 C Ci:2:005:0 0 2 = 0000
ffff8e67c26db840 2934290562 S Co:2:005:0 s 40 bc 0900 0014 0002 2 = d39e
ffff8e67c26db840 2934293056 C Co:2:005:0 0 2 >
ffff8e67c26db840 2934293245 S Ci:2:005:0 s c0 bc 0900 001c 0002 2 <
ffff8e67c26db840 2934295786 C Ci:2:005:0 0 2 = 2f6f
ffff8e67c26db840 2934296076 S Co:2:005:0 s 40 bc 0800 00c0 0002 2 = 6388
ffff8e67c26db840 2934298566 C Co:2:005:0 0 2 >
ffff8e67c26db840 2934298752 S Co:2:005:0 s 40 b9 0000 0000 0004 4 = 09009802
ffff8e67c26db840 2934301300 C Co:2:005:0 0 4 >
ffff8e67c26db840 2934301474 S Ii:2:005:3 -115:1 3 <
ffff8e67c26db840 2934302684 C Ii:2:005:3 0:1 3 = 100000
ffff8e67c26db840 2934302765 S Ci:2:005:0 s c0 bc 0800 0016 0002 2 <
ffff8e67c26db840 2934305461 C Ci:2:005:0 0 2 = 0900
ffff8e67c26db840 2934305595 S Ci:2:005:0 s c0 bc 0900 001c 0002 2 <
ffff8e67c26db840 2934308215 C Ci:2:005:0 0 2 = 2f6f
ffff8e67c26db840 2934308400 S Ci:2:005:0 s c0 bc 0800 23be 0002 2 <
ffff8e67c26db840 2934310993 C Ci:2:005:0 0 2 = 0000
ffff8e67c26db840 2934311152 S Co:2:005:0 s 40 bc 0900 0014 0002 2 = d39e
ffff8e67c26db840 2934313604 C Co:2:005:0 0 2 >
ffff8e67c26db840 2934313711 S Ci:2:005:0 s c0 bc 0900 001c 0002 2 <
ffff8e67c26db840 2934316357 C Ci:2:005:0 0 2 = 2f6f
ffff8e67c26db840 2934316422 S Co:2:005:0 s 40 bc 0800 00c0 0002 2 = 6488
ffff8e67c26db840 2934319092 C Co:2:005:0 0 2 >
ffff8e67c26db840 2934319282 S Co:2:005:0 s 40 b9 0000 0000 0004 4 = 09009802
ffff8e67c26db840 2934321861 C Co:2:005:0 0 4 >
ffff8e67c26db840 2934322071 S Ii:2:005:3 -115:1 3 <
ffff8e67c26db840 2934323245 C Ii:2:005:3 0:1 3 = 100000
ffff8e67c26db840 2934323443 S Ci:2:005:0 s c0 bc 0800 0016 0002 2 <
ffff8e67c26db840 2934325898 C Ci:2:005:0 0 2 = 0900
ffff8e67c26db840 2934326091 S Ci:2:005:0 s c0 bc 0900 001c 0002 2 <
ffff8e67c26db840 2934328744 C Ci:2:005:0 0 2 = 2f6f
ffff8e67c26db840 2934328808 S Ci:2:005:0 s c0 bc 0800 23be 0002 2 <
ffff8e67c26db840 2934331379 C Ci:2:005:0 0 2 = 0000
ffff8e67c26db840 2934331567 S Co:2:005:0 s 40 bc 0900 0014 0002 2 = d39e
ffff8e67c26db840 2934334157 C Co:2:005:0 0 2 >
ffff8e67c26db840 2934334327 S Ci:2:005:0 s c0 bc 0900 001c 0002 2 <
ffff8e67c26db840 2934336955 C Ci:2:005:0 0 2 = 2f6f
ffff8e67c26db840 2934337062 S Co:2:005:0 s 40 bc 0800 00c0 0002 2 = 6588
ffff8e67c26db840 2934339706 C Co:2:005:0 0 2 >
ffff8e67c26db840 2934339922 S Co:2:005:0 s 40 b9 0000 0000 0004 4 = 09009802
ffff8e67c26db840 2934342467 C Co:2:005:0 0 4 >
ffff8e67c26db840 2934342630 S Ii:2:005:3 -115:1 3 <
ffff8e67c26db840 2934343772 C Ii:2:005:3 0:1 3 = 100000
ffff8e67c26db840 2934343965 S Ci:2:005:0 s c0 bc 0800 0016 0002 2 <
ffff8e67c26db840 2934346608 C Ci:2:005:0 0 2 = 0900
ffff8e67c26db840 2934346754 S Ci:2:005:0 s c0 bc 0900 001c 0002 2 <
ffff8e67c26db840 2934349366 C Ci:2:005:0 0 2 = 2f6f
ffff8e67c26db840 2934349559 S Ci:2:005:0 s c0 bc 0800 23be 0002 2 <
ffff8e67c26db840 2934352057 C Ci:2:005:0 0 2 = 0000
ffff8e67c26db840 2934352245 S Co:2:005:0 s 40 bc 0900 0014 0002 2 = d39e
ffff8e67c26db840 2934354833 C Co:2:005:0 0 2 >
ffff8e67c26db840 2934354992 S Ci:2:005:0 s c0 bc 0900 001c 0002 2 <
ffff8e67c26db840 2934357585 C Ci:2:005:0 0 2 = 2f6f
ffff8e67c26db840 2934357686 S Co:2:005:0 s 40 bc 0800 00c0 0002 2 = 5d48
ffff8e67c26db840 2934360300 C Co:2:005:0 0 2 >
ffff8e67c26db840 2934360490 S Co:2:005:0 s 40 b9 0000 0000 0004 4 = 09009802
ffff8e67c26db840 2934363073 C Co:2:005:0 0 4 >
ffff8e67c26db840 2934363245 S Ii:2:005:3 -115:1 3 <
ffff8e67c26db840 2934364427 C Ii:2:005:3 0:1 3 = 100000
ffff8e67c26db840 2934364486 S Ci:2:005:0 s c0 bc 0800 0016 0002 2 <
ffff8e67c26db840 2934367192 C Ci:2:005:0 0 2 = 0900
ffff8e67c26db840 2934367387 S Ci:2:005:0 s c0 bc 0900 001c 0002 2 <
ffff8e67c26db840 2934369900 C Ci:2:005:0 0 2 = 2f6f
ffff8e67c26db840 2934370070 S Ci:2:005:0 s c0 bc 0800 23be 0002 2 <
ffff8e67c26db840 2934372680 C Ci:2:005:0 0 2 = 0000
ffff8e67c26db840 2934372882 S Co:2:005:0 s 40 bc 0900 0014 0002 2 = d39e
ffff8e67c26db840 2934375465 C Co:2:005:0 0 2 >
ffff8e67c26db840 2934375550 S Ci:2:005:0 s c0 bc 0900 001c 0002 2 <
ffff8e67c26db840 2934378183 C Ci:2:005:0 0 2 = 2f6f
ffff8e67c26db840 2934378374 S Co:2:005:0 s 40 bc 0800 00c0 0002 2 = 0f88
ffff8e67c26db840 2934380931 C Co:2:005:0 0 2 >
ffff8e67c26db840 2934381102 S Co:2:005:0 s 40 b9 0000 0000 0004 4 = 09009802
ffff8e67c26db840 2934383707 C Co:2:005:0 0 4 >
ffff8e67c26db840 2934383935 S Ii:2:005:3 -115:1 3 <
ffff8e67c26db840 2934384996 C Ii:2:005:3 0:1 3 = 100000
ffff8e67c26db840 2934385084 S Ci:2:005:0 s c0 bc 0800 0016 0002 2 <
ffff8e67c26db840 2934387693 C Ci:2:005:0 0 2 = 0900
ffff8e67c26db840 2934387790 S Ci:2:005:0 s c0 bc 0900 001c 0002 2 <
ffff8e67c26db840 2934390463 C Ci:2:005:0 0 2 = 2f6f
ffff8e67c26db840 2934390902 S Ci:2:005:0 s c0 bc 0800 23be 0002 2 <
ffff8e67c26db840 2934393145 C Ci:2:005:0 0 2 = 0000
ffff8e67c26db840 2934393300 S Co:2:005:0 s 40 bc 0900 0014 0002 2 = d39e
ffff8e67c26db840 2934395916 C Co:2:005:0 0 2 >
ffff8e67c26db840 2934396099 S Ci:2:005:0 s c0 bc 0900 001c 0002 2 <
ffff8e67c26db840 2934398744 C Ci:2:005:0 0 2 = 2f6f
ffff8e67c26db840 2934398868 S Co:2:005:0 s 40 bc 0800 00c0 0002 2 = cd8b
ffff8e67c26db840 2934401422 C Co:2:005:0 0 2 >
ffff8e67c26db840 2934401607 S Co:2:005:0 s 40 b9 0000 0000 0004 4 = 09009802
ffff8e67c26db840 2934404186 C Co:2:005:0 0 4 >
ffff8e67c26db840 2934404269 S Ii:2:005:3 -115:1 3 <
ffff8e67c26db840 2934405600 C Ii:2:005:3 0:1 3 = 100000
ffff8e67c26db840 2934405680 S Ci:2:005:0 s c0 bc 0800 0016 0002 2 <
ffff8e67c26db840 2934408343 C Ci:2:005:0 0 2 = 0900
ffff8e67c26db840 2934408547 S Ci:2:005:0 s c0 bc 0900 001c 0002 2 <
ffff8e67c26db840 2934411085 C Ci:2:005:0 0 2 = 2f6f
ffff8e67c26db840 2934411187 S Ci:2:005:0 s c0 bc 0800 23be 0002 2 <
ffff8e67c26db840 2934413777 C Ci:2:005:0 0 2 = 0000
ffff8e67c26db840 2934413955 S Co:2:005:0 s 40 bc 0900 0014 0002 2 = d39e
ffff8e67c26db840 2934416577 C Co:2:005:0 0 2 >
ffff8e67c26db840 2934416774 S Ci:2:005:0 s c0 bc 0900 001c 0002 2 <
ffff8e67c26db840 2934419314 C Ci:2:005:0 0 2 = 2f6f
ffff8e67c26db840 2934419433 S Co:2:005:0 s 40 bc 0800 00c0 0004 4 = 9989ff00
ffff8e67c26db840 2934422012 C Co:2:005:0 0 4 >
ffff8e67c26db840 2934422125 S Co:2:005:0 s 40 b9 0000 0000 0004 4 = 09006603
ffff8e67c26db840 2934424750 C Co:2:005:0 0 4 >
ffff8e67c26db840 2934424938 S Ii:2:005:3 -115:1 3 <
ffff8e67c26db840 2934426140 C Ii:2:005:3 0:1 3 = 100000
ffff8e67c26db840 2934426329 S Ci:2:005:0 s c0 bc 0800 0016 0002 2 <
ffff8e67c26db840 2934428980 C Ci:2:005:0 0 2 = 0900
ffff8e67c26db840 2934429133 S Ci:2:005:0 s c0 bc 0900 001c 0002 2 <
ffff8e67c26db840 2934431712 C Ci:2:005:0 0 2 = 2f6f
ffff8e67c26db840 2934431903 S Ci:2:005:0 s c0 bc 0800 23be 0002 2 <
ffff8e67c26db840 2934434473 C Ci:2:005:0 0 2 = 0000
ffff8e67c26db840 2934434552 S Co:2:005:0 s 40 bc 0900 0014 0002 2 = d39e
ffff8e67c26db840 2934437134 C Co:2:005:0 0 2 >
ffff8e67c26db840 2934437297 S Ci:2:005:0 s c0 bc 0900 001c 0002 2 <
ffff8e67c26db840 2934439791 C Ci:2:005:0 0 2 = 2f6f
ffff8e67c26db840 2934440042 S Co:2:005:0 s 40 b9 0000 0000 0004 4 = 09016601
ffff8e67c26db840 2934442536 C Co:2:005:0 0 4 >
ffff8e67c26db840 2934442691 S Ii:2:005:3 -115:1 3 <
ffff8e67c26db840 2934443873 C Ii:2:005:3 0:1 3 = 100000
ffff8e67c26db840 2934444052 S Ci:2:005:0 s c0 bc 0800 0016 0002 2 <
ffff8e67c26db840 2934446582 C Ci:2:005:0 0 2 = 0900
ffff8e67c26db840 2934446668 S Ci:2:005:0 s c0 bc 0900 001c 0002 2 <
ffff8e67c26db840 2934449301 C Ci:2:005:0 0 2 = 2f6f
ffff8e67c26db840 2934449408 S Ci:2:005:0 s c0 bc 0800 23be 0004 4 <
ffff8e67c26db840 2934452015 C Ci:2:005:0 0 4 = 00006bd9
ffff8e67c26db840 2934452185 S Co:2:005:0 s 40 bc 0800 00c0 0002 2 = 048d
ffff8e67c26db840 2934454744 C Co:2:005:0 0 2 >
ffff8e67c26db840 2934454906 S Co:2:005:0 s 40 b9 0000 0000 0004 4 = 09009802
ffff8e67c26db840 2934457564 C Co:2:005:0 0 4 >
ffff8e67c26db840 2934457737 S Ii:2:005:3 -115:1 3 <
ffff8e67c26db840 2934458762 C Ii:2:005:3 0:1 3 = 100000
ffff8e67c26db840 2934458882 S Ci:2:005:0 s c0 bc 0800 0016 0002 2 <
ffff8e67c26db840 2934461692 C Ci:2:005:0 0 2 = 0900
ffff8e67c26db840 2934461788 S Ci:2:005:0 s c0 bc 0900 001c 0002 2 <
ffff8e67c26db840 2934464387 C Ci:2:005:0 0 2 = 2f6f
ffff8e67c26db840 2934464545 S Ci:2:005:0 s c0 bc 0800 23be 0002 2 <
ffff8e67c26db840 2934467012 C Ci:2:005:0 0 2 = 0000
ffff8e67c26db840 2934467174 S Co:2:005:0 s 40 bc 0900 0014 0002 2 = d39e
ffff8e67c26db840 2934469712 C Co:2:005:0 0 2 >
ffff8e67c26db840 2934469882 S Ci:2:005:0 s c0 bc 0900 001c 0002 2 <
ffff8e67c26db840 2934472580 C Ci:2:005:0 0 2 = 2f6f
ffff8e67c26db840 2934472664 S Co:2:005:0 s 40 bc 0800 00c0 0004 4 = 9989f500
ffff8e67c26db840 2934475227 C Co:2:005:0 0 4 >
ffff8e67c26db840 2934475350 S Co:2:005:0 s 40 b9 0000 0000 0004 4 = 09006603
ffff8e67c26db840 2934477946 C Co:2:005:0 0 4 >
ffff8e67c26db840 2934478131 S Ii:2:005:3 -115:1 3 <
ffff8e67c26db840 2934479362 C Ii:2:005:3 0:1 3 = 100000
ffff8e67c26db840 2934479506 S Ci:2:005:0 s c0 bc 0800 0016 0002 2 <
ffff8e67c26db840 2934482157 C Ci:2:005:0 0 2 = 0900
ffff8e67c26db840 2934482304 S Ci:2:005:0 s c0 bc 0900 001c 0002 2 <
ffff8e67c26db840 2934484935 C Ci:2:005:0 0 2 = 2f6f
ffff8e67c26db840 2934485003 S Ci:2:005:0 s c0 bc 0800 23be 0002 2 <
ffff8e67c26db840 2934487514 C Ci:2:005:0 0 2 = 0000
ffff8e67c26db840 2934487658 S Co:2:005:0 s 40 bc 0900 0014 0002 2 = d39e
ffff8e67c26db840 2934490377 C Co:2:005:0 0 2 >
ffff8e67c26db840 2934490542 S Ci:2:005:0 s c0 bc 0900 001c 0002 2 <
ffff8e67c26db840 2934493058 C Ci:2:005:0 0 2 = 2f6f
ffff8e67c26db840 2934493158 S Co:2:005:0 s 40 b9 0000 0000 0004 4 = 09016601
ffff8e67c26db840 2934495619 C Co:2:005:0 0 4 >
ffff8e67c26db840 2934495788 S Ii:2:005:3 -115:1 3 <
ffff8e67c26db840 2934497027 C Ii:2:005:3 0:1 3 = 100000
ffff8e67c26db840 2934497122 S Ci:2:005:0 s c0 bc 0800 0016 0002 2 <
ffff8e67c26db840 2934499636 C Ci:2:005:0 0 2 = 0900
ffff8e67c26db840 2934499790 S Ci:2:005:0 s c0 bc 0900 001c 0002 2 <
ffff8e67c26db840 2934502303 C Ci:2:005:0 0 2 = 2f6f
ffff8e67c26db840 2934502468 S Ci:2:005:0 s c0 bc 0800 23be 0004 4 <
ffff8e67c26db840 2934505015 C Ci:2:005:0 0 4 = 0000f2d9
ffff8e67c26db840 2934505202 S Co:2:005:0 s 40 bc 0800 00c0 0004 4 = 9989fd00
ffff8e67c26db840 2934507753 C Co:2:005:0 0 4 >
ffff8e67c26db840 2934507841 S Co:2:005:0 s 40 b9 0000 0000 0004 4 = 09006603
ffff8e67c26db840 2934510521 C Co:2:005:0 0 4 >
ffff8e67c26db840 2934510683 S Ii:2:005:3 -115:1 3 <
ffff8e67c26db840 2934511802 C Ii:2:005:3 0:1 3 = 100000
ffff8e67c26db840 2934511947 S Ci:2:005:0 s c0 bc 0800 0016 0002 2 <
ffff8e67c26db840 2934514563 C Ci:2:005:0 0 2 = 0900
ffff8e67c26db840 2934514654 S Ci:2:005:0 s c0 bc 0900 001c 0002 2 <
ffff8e67c26db840 2934517292 C Ci:2:005:0 0 2 = 2f6f
ffff8e67c26db840 2934517380 S Ci:2:005:0 s c0 bc 0800 23be 0002 2 <
ffff8e67c26db840 2934519892 C Ci:2:005:0 0 2 = 0000
ffff8e67c26db840 2934520096 S Co:2:005:0 s 40 bc 0900 0014 0002 2 = d39e
ffff8e67c26db840 2934522602 C Co:2:005:0 0 2 >
ffff8e67c26db840 2934522767 S Ci:2:005:0 s c0 bc 0900 001c 0002 2 <
ffff8e67c26db840 2934525412 C Ci:2:005:0 0 2 = 2f6f
ffff8e67c26db840 2934525570 S Co:2:005:0 s 40 b9 0000 0000 0004 4 = 09016601
ffff8e67c26db840 2934528051 C Co:2:005:0 0 4 >
ffff8e67c26db840 2934528180 S Ii:2:005:3 -115:1 3 <
ffff8e67c26db840 2934529381 C Ii:2:005:3 0:1 3 = 100000
ffff8e67c26db840 2934529463 S Ci:2:005:0 s c0 bc 0800 0016 0002 2 <
ffff8e67c26db840 2934531818 C Ci:2:005:0 0 2 = 0900
ffff8e67c26db840 2934531971 S Ci:2:005:0 s c0 bc 0900 001c 0002 2 <
ffff8e67c26db840 2934534603 C Ci:2:005:0 0 2 = 2f6f
ffff8e67c26db840 2934534663 S Ci:2:005:0 s c0 bc 0800 23be 0004 4 <
ffff8e67c26db840 2934537255 C Ci:2:005:0 0 4 = 00006ad9
ffff8e67c26db840 2934537373 S Co:2:005:0 s 40 bc 0800 00c0 0004 4 = 9989fc00
ffff8e67c26db840 2934539984 C Co:2:005:0 0 4 >
ffff8e67c26db840 2934540145 S Co:2:005:0 s 40 b9 0000 0000 0004 4 = 09006603
ffff8e67c26db840 2934542787 C Co:2:005:0 0 4 >
ffff8e67c26db840 2934542870 S Ii:2:005:3 -115:1 3 <
ffff8e67c26db840 2934544095 C Ii:2:005:3 0:1 3 = 100000
ffff8e67c26db840 2934544233 S Ci:2:005:0 s c0 bc 0800 0016 0002 2 <
ffff8e67c26db840 2934546932 C Ci:2:005:0 0 2 = 0900
ffff8e67c26db840 2934547055 S Ci:2:005:0 s c0 bc 0900 001c 0002 2 <
ffff8e67c26db840 2934549574 C Ci:2:005:0 0 2 = 2f6f
ffff8e67c26db840 2934549727 S Ci:2:005:0 s c0 bc 0800 23be 0002 2 <
ffff8e67c26db840 2934552236 C Ci:2:005:0 0 2 = 0000
ffff8e67c26db840 2934552373 S Co:2:005:0 s 40 bc 0900 0014 0002 2 = d39e
ffff8e67c26db840 2934555048 C Co:2:005:0 0 2 >
ffff8e67c26db840 2934555170 S Ci:2:005:0 s c0 bc 0900 001c 0002 2 <
ffff8e67c26db840 2934557622 C Ci:2:005:0 0 2 = 2f6f
ffff8e67c26db840 2934557773 S Co:2:005:0 s 40 b9 0000 0000 0004 4 = 09016601
ffff8e67c26db840 2934560265 C Co:2:005:0 0 4 >
ffff8e67c26db840 2934560364 S Ii:2:005:3 -115:1 3 <
ffff8e67c26db840 2934561626 C Ii:2:005:3 0:1 3 = 100000
ffff8e67c26db840 2934561711 S Ci:2:005:0 s c0 bc 0800 0016 0002 2 <
ffff8e67c26db840 2934564383 C Ci:2:005:0 0 2 = 0900
ffff8e67c26db840 2934564461 S Ci:2:005:0 s c0 bc 0900 001c 0002 2 <
ffff8e67c26db840 2934567034 C Ci:2:005:0 0 2 = 2f6f
ffff8e67c26db840 2934567212 S Ci:2:005:0 s c0 bc 0800 23be 0004 4 <
ffff8e67c26db840 2934569618 C Ci:2:005:0 0 4 = 00006ed9
ffff8e67c26db840 2934569760 S Co:2:005:0 s 40 bc 0800 00c0 0004 4 = 9989f300
ffff8e67c26db840 2934572262 C Co:2:005:0 0 4 >
ffff8e67c26db840 2934572356 S Co:2:005:0 s 40 b9 0000 0000 0004 4 = 09006603
ffff8e67c26db840 2934574910 C Co:2:005:0 0 4 >
ffff8e67c26db840 2934575058 S Ii:2:005:3 -115:1 3 <
ffff8e67c26db840 2934576186 C Ii:2:005:3 0:1 3 = 100000
ffff8e67c26db840 2934576274 S Ci:2:005:0 s c0 bc 0800 0016 0002 2 <
ffff8e67c26db840 2934579050 C Ci:2:005:0 0 2 = 0900
ffff8e67c26db840 2934579155 S Ci:2:005:0 s c0 bc 0900 001c 0002 2 <
ffff8e67c26db840 2934581796 C Ci:2:005:0 0 2 = 2f6f
ffff8e67c26db840 2934581894 S Ci:2:005:0 s c0 bc 0800 23be 0002 2 <
ffff8e67c26db840 2934584451 C Ci:2:005:0 0 2 = 0000
ffff8e67c26db840 2934584603 S Co:2:005:0 s 40 bc 0900 0014 0002 2 = d39e
ffff8e67c26db840 2934587051 C Co:2:005:0 0 2 >
ffff8e67c26db840 2934587208 S Ci:2:005:0 s c0 bc 0900 001c 0002 2 <
ffff8e67c26db840 2934589757 C Ci:2:005:0 0 2 = 2f6f
ffff8e67c26db840 2934589854 S Co:2:005:0 s 40 b9 0000 0000 0004 4 = 09016601
ffff8e67c26db840 2934592516 C Co:2:005:0 0 4 >
ffff8e67c26db840 2934592673 S Ii:2:005:3 -115:1 3 <
ffff8e67c26db840 2934593873 C Ii:2:005:3 0:1 3 = 100000
ffff8e67c26db840 2934593983 S Ci:2:005:0 s c0 bc 0800 0016 0002 2 <
ffff8e67c26db840 2934596545 C Ci:2:005:0 0 2 = 0900
ffff8e67c26db840 2934596693 S Ci:2:005:0 s c0 bc 0900 001c 0002 2 <
ffff8e67c26db840 2934599245 C Ci:2:005:0 0 2 = 2f6f
ffff8e67c26db840 2934599349 S Ci:2:005:0 s c0 bc 0800 23be 0004 4 <
ffff8e67c26db840 2934601842 C Ci:2:005:0 0 4 = 00007ed9
ffff8e67c26db840 2934601967 S Co:2:005:0 s 40 bc 0800 00c0 0004 4 = 9989f500
ffff8e67c26db840 2934604517 C Co:2:005:0 0 4 >
ffff8e67c26db840 2934604680 S Co:2:005:0 s 40 b9 0000 0000 0004 4 = 09006603
ffff8e67c26db840 2934607260 C Co:2:005:0 0 4 >
ffff8e67c26db840 2934607316 S Ii:2:005:3 -115:1 3 <
ffff8e67c26db840 2934608517 C Ii:2:005:3 0:1 3 = 100000
ffff8e67c26db840 2934608660 S Ci:2:005:0 s c0 bc 0800 0016 0002 2 <
ffff8e67c26db840 2934611262 C Ci:2:005:0 0 2 = 0900
ffff8e67c26db840 2934611426 S Ci:2:005:0 s c0 bc 0900 001c 0002 2 <
ffff8e67c26db840 2934614053 C Ci:2:005:0 0 2 = 2f6f
ffff8e67c26db840 2934614176 S Ci:2:005:0 s c0 bc 0800 23be 0002 2 <
ffff8e67c26db840 2934616553 C Ci:2:005:0 0 2 = 0000
ffff8e67c26db840 2934616635 S Co:2:005:0 s 40 bc 0900 0014 0002 2 = d39e
ffff8e67c26db840 2934619230 C Co:2:005:0 0 2 >
ffff8e67c26db840 2934619368 S Ci:2:005:0 s c0 bc 0900 001c 0002 2 <
ffff8e67c26db840 2934622017 C Ci:2:005:0 0 2 = 2f6f
ffff8e67c26db840 2934622061 S Co:2:005:0 s 40 b9 0000 0000 0004 4 = 09016601
ffff8e67c26db840 2934624555 C Co:2:005:0 0 4 >
ffff8e67c26db840 2934624687 S Ii:2:005:3 -115:1 3 <
ffff8e67c26db840 2934625900 C Ii:2:005:3 0:1 3 = 100000
ffff8e67c26db840 2934626034 S Ci:2:005:0 s c0 bc 0800 0016 0002 2 <
ffff8e67c26db840 2934628601 C Ci:2:005:0 0 2 = 0900
ffff8e67c26db840 2934628740 S Ci:2:005:0 s c0 bc 0900 001c 0002 2 <
ffff8e67c26db840 2934631374 C Ci:2:005:0 0 2 = 2f6f
ffff8e67c26db840 2934631508 S Ci:2:005:0 s c0 bc 0800 23be 0004 4 <
ffff8e67c26db840 2934634170 C Ci:2:005:0 0 4 = 0000f2d9
ffff8e67c26db840 2934634277 S Co:2:005:0 s 40 bc 0800 00c0 0002 2 = 0e75
ffff8e67c26db840 2934636935 C Co:2:005:0 0 2 >
ffff8e67c26db840 2934637036 S Co:2:005:0 s 40 b9 0000 0000 0004 4 = 09009802
ffff8e67c26db840 2934639646 C Co:2:005:0 0 4 >
ffff8e67c26db840 2934639779 S Ii:2:005:3 -115:1 3 <
ffff8e67c26db840 2934641018 C Ii:2:005:3 0:1 3 = 100000
ffff8e67c26db840 2934641119 S Ci:2:005:0 s c0 bc 0800 0016 0002 2 <
ffff8e67c26db840 2934643796 C Ci:2:005:0 0 2 = 0900
ffff8e67c26db840 2934643955 S Ci:2:005:0 s c0 bc 0900 001c 0002 2 <
ffff8e67c26db840 2934646507 C Ci:2:005:0 0 2 = 2f6f
ffff8e67c26db840 2934646653 S Ci:2:005:0 s c0 bc 0800 23be 0002 2 <
ffff8e67c26db840 2934649332 C Ci:2:005:0 0 2 = 0000
ffff8e67c26db840 2934649479 S Co:2:005:0 s 40 bc 0900 0014 0002 2 = d39e
ffff8e67c26db840 2934652002 C Co:2:005:0 0 2 >
ffff8e67c26db840 2934652152 S Ci:2:005:0 s c0 bc 0900 001c 0002 2 <
ffff8e67c26db840 2934654677 C Ci:2:005:0 0 2 = 2f6f
ffff8e67c26db840 2934654816 S Co:2:005:0 s 40 bc 0800 00c0 0002 2 = 0e74
ffff8e67c26db840 2934657411 C Co:2:005:0 0 2 >
ffff8e67c26db840 2934657572 S Co:2:005:0 s 40 b9 0000 0000 0004 4 = 09009802
ffff8e67c26db840 2934660188 C Co:2:005:0 0 4 >
ffff8e67c26db840 2934660329 S Ii:2:005:3 -115:1 3 <
ffff8e67c26db840 2934661556 C Ii:2:005:3 0:1 3 = 100000
ffff8e67c26db840 2934661662 S Ci:2:005:0 s c0 bc 0800 0016 0002 2 <
ffff8e67c26db840 2934664313 C Ci:2:005:0 0 2 = 0900
ffff8e67c26db840 2934664482 S Ci:2:005:0 s c0 bc 0900 001c 0002 2 <
ffff8e67c26db840 2934667049 C Ci:2:005:0 0 2 = 2f6f
ffff8e67c4a97240 2934668464 S Ci:2:005:0 s c0 bc 0800 23be 0002 2 <
ffff8e67c4a97240 2934669789 C Ci:2:005:0 0 2 = 0000
ffff8e67c4a97240 2934669868 S Co:2:005:0 s 40 bc 0900 0014 0002 2 = d39e
ffff8e67c4a97240 2934672547 C Co:2:005:0 0 2 >
ffff8e67c4a97240 2934672609 S Ci:2:005:0 s c0 bc 0900 001c 0002 2 <
ffff8e67c4a97240 2934675267 C Ci:2:005:0 0 2 = 2f6f
ffff8e67c4a97240 2934675332 S Co:2:005:0 s 40 bc 0800 00c0 0002 2 = 0dc8
ffff8e67c4a97240 2934677996 C Co:2:005:0 0 2 >
ffff8e67c4a97240 2934678059 S Co:2:005:0 s 40 b9 0000 0000 0004 4 = 09009802
ffff8e67c4a97240 2934680788 C Co:2:005:0 0 4 >
ffff8e67c4a97240 2934680869 S Ii:2:005:3 -115:1 3 <
ffff8e67c4a97240 2934682128 C Ii:2:005:3 0:1 3 = 100000
ffff8e67c4a97240 2934682188 S Ci:2:005:0 s c0 bc 0800 0016 0002 2 <
ffff8e67c4a97240 2934684933 C Ci:2:005:0 0 2 = 0900
ffff8e67c4a97240 2934685000 S Ci:2:005:0 s c0 bc 0900 001c 0002 2 <
ffff8e67c4a97240 2934687541 C Ci:2:005:0 0 2 = 2f6f
ffff8e67c4a97240 2934687606 S Ci:2:005:0 s c0 bc 0800 23be 0002 2 <
ffff8e67c4a97240 2934690304 C Ci:2:005:0 0 2 = 0000
ffff8e67c4a97240 2934690421 S Co:2:005:0 s 40 bc 0900 0014 0002 2 = d39e
ffff8e67c4a97240 2934693077 C Co:2:005:0 0 2 >
ffff8e67c4a97240 2934693140 S Ci:2:005:0 s c0 bc 0900 001c 0002 2 <
ffff8e67c4a97240 2934695813 C Ci:2:005:0 0 2 = 2f6f
ffff8e67c4a97240 2934695880 S Co:2:005:0 s 40 b9 0000 0000 0004 4 = 09016601
ffff8e67c4a97240 2934698432 C Co:2:005:0 0 4 >
ffff8e67c4a97240 2934698469 S Ii:2:005:3 -115:1 3 <
ffff8e67c4a97240 2934699671 C Ii:2:005:3 0:1 3 = 100000
ffff8e67c4a97240 2934699707 S Ci:2:005:0 s c0 bc 0800 0016 0002 2 <
ffff8e67c4a97240 2934702338 C Ci:2:005:0 0 2 = 0900
ffff8e67c4a97240 2934702377 S Ci:2:005:0 s c0 bc 0900 001c 0002 2 <
ffff8e67c4a97240 2934704967 C Ci:2:005:0 0 2 = 2f6f
ffff8e67c4a97240 2934705029 S Ci:2:005:0 s c0 bc 0800 23be 0004 4 <
ffff8e67c4a97240 2934707551 C Ci:2:005:0 0 4 = 000033d9
ffff8e67c4a97240 2934707624 S Co:2:005:0 s 40 bc 0800 00c0 0002 2 = 0e65
ffff8e67c4a97240 2934710205 C Co:2:005:0 0 2 >
ffff8e67c4a97240 2934710265 S Co:2:005:0 s 40 b9 0000 0000 0004 4 = 09009802
ffff8e67c4a97240 2934712827 C Co:2:005:0 0 4 >
ffff8e67c4a97240 2934712885 S Ii:2:005:3 -115:1 3 <
ffff8e67c4a97240 2934714161 C Ii:2:005:3 0:1 3 = 100000
ffff8e67c4a97240 2934714198 S Ci:2:005:0 s c0 bc 0800 0016 0002 2 <
ffff8e67c4a97240 2934716831 C Ci:2:005:0 0 2 = 0900
ffff8e67c4a97240 2934716885 S Ci:2:005:0 s c0 bc 0900 001c 0002 2 <
ffff8e67c4a97240 2934719478 C Ci:2:005:0 0 2 = 2f6f
ffff8e67c4a97240 2934719524 S Ci:2:005:0 s c0 bc 0800 23be 0002 2 <
ffff8e67c4a97240 2934722075 C Ci:2:005:0 0 2 = 0000
ffff8e67c4a97240 2934722115 S Co:2:005:0 s 40 bc 0900 0014 0002 2 = d39e
ffff8e67c4a97240 2934724660 C Co:2:005:0 0 2 >
ffff8e67c4a97240 2934724698 S Ci:2:005:0 s c0 bc 0900 001c 0002 2 <
ffff8e67c4a97240 2934727316 C Ci:2:005:0 0 2 = 2f6f
ffff8e67c4a97240 2934727366 S Co:2:005:0 s 40 bc 0800 00c0 0002 2 = 0e64
ffff8e67c4a97240 2934729917 C Co:2:005:0 0 2 >
ffff8e67c4a97240 2934729957 S Co:2:005:0 s 40 b9 0000 0000 0004 4 = 09009802
ffff8e67c4a97240 2934732563 C Co:2:005:0 0 4 >
ffff8e67c4a97240 2934732606 S Ii:2:005:3 -115:1 3 <
ffff8e67c4a97240 2934733796 C Ii:2:005:3 0:1 3 = 100000
ffff8e67c4a97240 2934733840 S Ci:2:005:0 s c0 bc 0800 0016 0002 2 <
ffff8e67c4a97240 2934736457 C Ci:2:005:0 0 2 = 0900
ffff8e67c4a97240 2934736503 S Ci:2:005:0 s c0 bc 0900 001c 0002 2 <
ffff8e67c4a97240 2934739184 C Ci:2:005:0 0 2 = 2f6f
ffff8e67c4a97240 2934739224 S Ci:2:005:0 s c0 bc 0800 23be 0002 2 <
ffff8e67c4a97240 2934741790 C Ci:2:005:0 0 2 = 0000
ffff8e67c4a97240 2934741838 S Co:2:005:0 s 40 bc 0900 0014 0002 2 = d39e
ffff8e67c4a97240 2934744413 C Co:2:005:0 0 2 >
ffff8e67c4a97240 2934744447 S Ci:2:005:0 s c0 bc 0900 001c 0002 2 <
ffff8e67c4a97240 2934747080 C Ci:2:005:0 0 2 = 2f6f
ffff8e67c4a97240 2934747128 S Co:2:005:0 s 40 bc 0800 00c0 0002 2 = 0dc8
ffff8e67c4a97240 2934749679 C Co:2:005:0 0 2 >
ffff8e67c4a97240 2934749719 S Co:2:005:0 s 40 b9 0000 0000 0004 4 = 09009802
ffff8e67c4a97240 2934752301 C Co:2:005:0 0 4 >
ffff8e67c4a97240 2934752344 S Ii:2:005:3 -115:1 3 <
ffff8e67c4a97240 2934753523 C Ii:2:005:3 0:1 3 = 100000
ffff8e67c4a97240 2934753559 S Ci:2:005:0 s c0 bc 0800 0016 0002 2 <
ffff8e67c4a97240 2934756176 C Ci:2:005:0 0 2 = 0900
ffff8e67c4a97240 2934756221 S Ci:2:005:0 s c0 bc 0900 001c 0002 2 <
ffff8e67c4a97240 2934758817 C Ci:2:005:0 0 2 = 2f6f
ffff8e67c4a97240 2934758860 S Ci:2:005:0 s c0 bc 0800 23be 0002 2 <
ffff8e67c4a97240 2934761391 C Ci:2:005:0 0 2 = 0000
ffff8e67c4a97240 2934761429 S Co:2:005:0 s 40 bc 0900 0014 0002 2 = d39e
ffff8e67c4a97240 2934764004 C Co:2:005:0 0 2 >
ffff8e67c4a97240 2934764041 S Ci:2:005:0 s c0 bc 0900 001c 0002 2 <
ffff8e67c4a97240 2934766845 C Ci:2:005:0 0 2 = 2f6f
ffff8e67c4a97240 2934766888 S Co:2:005:0 s 40 bc 0800 00c0 0002 2 = 0f88
ffff8e67c4a97240 2934769598 C Co:2:005:0 0 2 >
ffff8e67c4a97240 2934769632 S Co:2:005:0 s 40 b9 0000 0000 0004 4 = 09009802
ffff8e67c4a97240 2934772214 C Co:2:005:0 0 4 >
ffff8e67c4a97240 2934772251 S Ii:2:005:3 -115:1 3 <
ffff8e67c4a97240 2934773511 C Ii:2:005:3 0:1 3 = 100000
ffff8e67c4a97240 2934773548 S Ci:2:005:0 s c0 bc 0800 0016 0002 2 <
ffff8e67c4a97240 2934776174 C Ci:2:005:0 0 2 = 0900
ffff8e67c4a97240 2934776221 S Ci:2:005:0 s c0 bc 0900 001c 0002 2 <
ffff8e67c4a97240 2934778600 C Ci:2:005:0 0 2 = 2f6f
ffff8e67c4a97240 2934778638 S Ci:2:005:0 s c0 bc 0800 23be 0002 2 <
ffff8e67c4a97240 2934781322 C Ci:2:005:0 0 2 = 0000
ffff8e67c4a97240 2934781355 S Co:2:005:0 s 40 bc 0900 0014 0002 2 = d39e
ffff8e67c4a97240 2934783870 C Co:2:005:0 0 2 >
ffff8e67c4a97240 2934783907 S Ci:2:005:0 s c0 bc 0900 001c 0002 2 <
ffff8e67c4a97240 2934786533 C Ci:2:005:0 0 2 = 2f6f
ffff8e67c4a97240 2934786602 S Co:2:005:0 s 40 bc 0800 00c0 0002 2 = c189
ffff8e67c4a97240 2934789246 C Co:2:005:0 0 2 >
ffff8e67c4a97240 2934789305 S Co:2:005:0 s 40 b9 0000 0000 0004 4 = 09009802
ffff8e67c4a97240 2934791885 C Co:2:005:0 0 4 >
ffff8e67c4a97240 2934791947 S Ii:2:005:3 -115:1 3 <
ffff8e67c4a97240 2934793163 C Ii:2:005:3 0:1 3 = 100000
ffff8e67c4a97240 2934793220 S Ci:2:005:0 s c0 bc 0800 0016 0002 2 <
ffff8e67c4a97240 2934796090 C Ci:2:005:0 0 2 = 0900
ffff8e67c4a97240 2934796152 S Ci:2:005:0 s c0 bc 0900 001c 0002 2 <
ffff8e67c4a97240 2934798683 C Ci:2:005:0 0 2 = 2f6f
ffff8e67c4a97240 2934798761 S Ci:2:005:0 s c0 bc 0800 23be 0002 2 <
ffff8e67c4a97240 2934801490 C Ci:2:005:0 0 2 = 0000
ffff8e67c4a97240 2934801550 S Co:2:005:0 s 40 bc 0900 0014 0002 2 = d39e
ffff8e67c4a97240 2934804254 C Co:2:005:0 0 2 >
ffff8e67c4a97240 2934804316 S Ci:2:005:0 s c0 bc 0900 001c 0002 2 <
ffff8e67c4a97240 2934807014 C Ci:2:005:0 0 2 = 2f6f
ffff8e67c4a97240 2934807079 S Co:2:005:0 s 40 bc 0800 00c0 0002 2 = c68b
ffff8e67c4a97240 2934809592 C Co:2:005:0 0 2 >
ffff8e67c4a97240 2934809910 S Co:2:005:0 s 40 b9 0000 0000 0004 4 = 09009802
ffff8e67c4a97240 2934812216 C Co:2:005:0 0 4 >
ffff8e67c4a97240 2934812275 S Ii:2:005:3 -115:1 3 <
ffff8e67c4a97240 2934813521 C Ii:2:005:3 0:1 3 = 100000
ffff8e67c4a97240 2934813578 S Ci:2:005:0 s c0 bc 0800 0016 0002 2 <
ffff8e67c4a97240 2934816420 C Ci:2:005:0 0 2 = 0900
ffff8e67c4a97240 2934816461 S Ci:2:005:0 s c0 bc 0900 001c 0002 2 <
ffff8e67c4a97240 2934819115 C Ci:2:005:0 0 2 = 2f6f
ffff8e67c4a97240 2934819171 S Ci:2:005:0 s c0 bc 0800 23be 0002 2 <
ffff8e67c4a97240 2934821849 C Ci:2:005:0 0 2 = 0000
ffff8e67c4a97240 2934821902 S Co:2:005:0 s 40 bc 0900 0014 0002 2 = d39e
ffff8e67c4a97240 2934824457 C Co:2:005:0 0 2 >
ffff8e67c4a97240 2934824511 S Ci:2:005:0 s c0 bc 0900 001c 0002 2 <
ffff8e67c4a97240 2934827226 C Ci:2:005:0 0 2 = 2f6f
ffff8e67c4a97240 2934827292 S Co:2:005:0 s 40 bc 0800 00c0 0002 2 = 0f88
ffff8e67c4a97240 2934829965 C Co:2:005:0 0 2 >
ffff8e67c4a97240 2934830024 S Co:2:005:0 s 40 b9 0000 0000 0004 4 = 09009802
ffff8e67c4a97240 2934832585 C Co:2:005:0 0 4 >
ffff8e67c4a97240 2934832645 S Ii:2:005:3 -115:1 3 <
ffff8e67c4a97240 2934833908 C Ii:2:005:3 0:1 3 = 100000
ffff8e67c4a97240 2934833970 S Ci:2:005:0 s c0 bc 0800 0016 0002 2 <
ffff8e67c4a97240 2934836601 C Ci:2:005:0 0 2 = 0900
ffff8e67c4a97240 2934836664 S Ci:2:005:0 s c0 bc 0900 001c 0002 2 <
ffff8e67c4a97240 2934839195 C Ci:2:005:0 0 2 = 2f6f
ffff8e67c4a97240 2934839251 S Ci:2:005:0 s c0 bc 0800 23be 0002 2 <
ffff8e67c4a97240 2934841819 C Ci:2:005:0 0 2 = 0000
ffff8e67c4a97240 2934841880 S Co:2:005:0 s 40 bc 0900 0014 0002 2 = d39e
ffff8e67c4a97240 2934844458 C Co:2:005:0 0 2 >
ffff8e67c4a97240 2934844517 S Ci:2:005:0 s c0 bc 0900 001c 0002 2 <
ffff8e67c4a97240 2934847122 C Ci:2:005:0 0 2 = 2f6f
ffff8e67c4a97240 2934847187 S Co:2:005:0 s 40 bc 0800 00c0 0002 2 = 6188
ffff8e67c4a97240 2934849870 C Co:2:005:0 0 2 >
ffff8e67c4a97240 2934849966 S Co:2:005:0 s 40 b9 0000 0000 0004 4 = 09009802
ffff8e67c4a97240 2934852499 C Co:2:005:0 0 4 >
ffff8e67c4a97240 2934852558 S Ii:2:005:3 -115:1 3 <
ffff8e67c4a97240 2934853813 C Ii:2:005:3 0:1 3 = 100000
ffff8e67c4a97240 2934853871 S Ci:2:005:0 s c0 bc 0800 0016 0002 2 <
ffff8e67c4a97240 2934856658 C Ci:2:005:0 0 2 = 0900
ffff8e67c4a97240 2934856719 S Ci:2:005:0 s c0 bc 0900 001c 0002 2 <
ffff8e67c4a97240 2934859379 C Ci:2:005:0 0 2 = 2f6f
ffff8e67c4a97240 2934859435 S Ci:2:005:0 s c0 bc 0800 23be 0002 2 <
ffff8e67c4a97240 2934862057 C Ci:2:005:0 0 2 = 0000
ffff8e67c4a97240 2934862182 S Co:2:005:0 s 40 bc 0900 0014 0002 2 = d39e
ffff8e67c4a97240 2934864667 C Co:2:005:0 0 2 >
ffff8e67c4a97240 2934864729 S Ci:2:005:0 s c0 bc 0900 001c 0002 2 <
ffff8e67c4a97240 2934867376 C Ci:2:005:0 0 2 = 2f6f
ffff8e67c4a97240 2934867444 S Co:2:005:0 s 40 bc 0800 00c0 0004 4 = 10003300
ffff8e67c4a97240 2934870077 C Co:2:005:0 0 4 >
ffff8e67c4a97240 2934870134 S Co:2:005:0 s 40 b9 0000 0000 0004 4 = 09006603
ffff8e67c4a97240 2934872866 C Co:2:005:0 0 4 >
ffff8e67c4a97240 2934872925 S Ii:2:005:3 -115:1 3 <
ffff8e67c4a97240 2934874236 C Ii:2:005:3 0:1 3 = 100000
ffff8e67c4a97240 2934874297 S Ci:2:005:0 s c0 bc 0800 0016 0002 2 <
ffff8e67c4a97240 2934877035 C Ci:2:005:0 0 2 = 0900
ffff8e67c4a97240 2934877099 S Ci:2:005:0 s c0 bc 0900 001c 0002 2 <
ffff8e67c4a97240 2934879735 C Ci:2:005:0 0 2 = 2f6f
ffff8e67c4a97240 2934879816 S Ci:2:005:0 s c0 bc 0800 23be 0002 2 <
ffff8e67c4a97240 2934882522 C Ci:2:005:0 0 2 = 0000
ffff8e67c4a97240 2934882575 S Co:2:005:0 s 40 bc 0900 0014 0002 2 = d39e
ffff8e67c4a97240 2934885279 C Co:2:005:0 0 2 >
ffff8e67c4a97240 2934885341 S Ci:2:005:0 s c0 bc 0900 001c 0002 2 <
ffff8e67c4a97240 2934888024 C Ci:2:005:0 0 2 = 2f6f
ffff8e67c4a97240 2934888091 S Co:2:005:0 s 40 bc 0800 00c0 0004 4 = 1001e300
ffff8e67c4a97240 2934890724 C Co:2:005:0 0 4 >
ffff8e67c4a97240 2934890783 S Co:2:005:0 s 40 b9 0000 0000 0004 4 = 09006603
ffff8e67c4a97240 2934893526 C Co:2:005:0 0 4 >
ffff8e67c4a97240 2934893586 S Ii:2:005:3 -115:1 3 <
ffff8e67c4a97240 2934894858 C Ii:2:005:3 0:1 3 = 100000
ffff8e67c4a97240 2934894919 S Ci:2:005:0 s c0 bc 0800 0016 0002 2 <
ffff8e67c4a97240 2934897541 C Ci:2:005:0 0 2 = 0900
ffff8e67c4a97240 2934897592 S Ci:2:005:0 s c0 bc 0900 001c 0002 2 <
ffff8e67c4a97240 2934900247 C Ci:2:005:0 0 2 = 2f6f
ffff8e67c4a97240 2934900291 S Ci:2:005:0 s c0 bc 0800 23be 0002 2 <
ffff8e67c4a97240 2934902976 C Ci:2:005:0 0 2 = 0000
ffff8e67c4a97240 2934903036 S Co:2:005:0 s 40 bc 0900 0014 0002 2 = d39e
ffff8e67c4a97240 2934905700 C Co:2:005:0 0 2 >
ffff8e67c4a97240 2934905747 S Ci:2:005:0 s c0 bc 0900 001c 0002 2 <
ffff8e67c4a97240 2934908546 C Ci:2:005:0 0 2 = 2f6f
ffff8e67c4a97240 2934908616 S Co:2:005:0 s 40 bc 0800 00c0 0004 4 = 10027100
ffff8e67c4a97240 2934911262 C Co:2:005:0 0 4 >
ffff8e67c4a97240 2934911322 S Co:2:005:0 s 40 b9 0000 0000 0004 4 = 09006603
ffff8e67c4a97240 2934913851 C Co:2:005:0 0 4 >
ffff8e67c4a97240 2934913912 S Ii:2:005:3 -115:1 3 <
ffff8e67c4a97240 2934915190 C Ii:2:005:3 0:1 3 = 100000
ffff8e67c4a97240 2934915254 S Ci:2:005:0 s c0 bc 0800 0016 0002 2 <
ffff8e67c4a97240 2934918037 C Ci:2:005:0 0 2 = 0900
ffff8e67c4a97240 2934918103 S Ci:2:005:0 s c0 bc 0900 001c 0002 2 <
ffff8e67c4a97240 2934920683 C Ci:2:005:0 0 2 = 2f6f
ffff8e67c4a97240 2934920743 S Ci:2:005:0 s c0 bc 0800 23be 0002 2 <
ffff8e67c4a97240 2934923428 C Ci:2:005:0 0 2 = 0000
ffff8e67c4a97240 2934923491 S Co:2:005:0 s 40 bc 0900 0014 0002 2 = d39e
ffff8e67c4a97240 2934926135 C Co:2:005:0 0 2 >
ffff8e67c4a97240 2934926185 S Ci:2:005:0 s c0 bc 0900 001c 0002 2 <
ffff8e67c4a97240 2934928863 C Ci:2:005:0 0 2 = 2f6f
ffff8e67c4a97240 2934928930 S Co:2:005:0 s 40 bc 0800 00c0 0004 4 = 10037200
ffff8e67c4a97240 2934931471 C Co:2:005:0 0 4 >
ffff8e67c4a97240 2934931535 S Co:2:005:0 s 40 b9 0000 0000 0004 4 = 09006603
ffff8e67c4a97240 2934934084 C Co:2:005:0 0 4 >
ffff8e67c4a97240 2934934149 S Ii:2:005:3 -115:1 3 <
ffff8e67c4a97240 2934935418 C Ii:2:005:3 0:1 3 = 100000
ffff8e67c4a97240 2934935467 S Ci:2:005:0 s c0 bc 0800 0016 0002 2 <
ffff8e67c4a97240 2934938227 C Ci:2:005:0 0 2 = 0900
ffff8e67c4a97240 2934938290 S Ci:2:005:0 s c0 bc 0900 001c 0002 2 <
ffff8e67c4a97240 2934940944 C Ci:2:005:0 0 2 = 2f6f
ffff8e67c4a97240 2934941005 S Ci:2:005:0 s c0 bc 0800 23be 0002 2 <
ffff8e67c4a97240 2934943727 C Ci:2:005:0 0 2 = 0000
ffff8e67c4a97240 2934943790 S Co:2:005:0 s 40 bc 0900 0014 0002 2 = d39e
ffff8e67c4a97240 2934946520 C Co:2:005:0 0 2 >
ffff8e67c4a97240 2934946582 S Ci:2:005:0 s c0 bc 0900 001c 0002 2 <
ffff8e67c4a97240 2934949248 C Ci:2:005:0 0 2 = 2f6f
ffff8e67c4a97240 2934949314 S Co:2:005:0 s 40 bc 0800 00c0 0004 4 = 10016300
ffff8e67c4a97240 2934952002 C Co:2:005:0 0 4 >
ffff8e67c4a97240 2934952062 S Co:2:005:0 s 40 b9 0000 0000 0004 4 = 09006603
ffff8e67c4a97240 2934954558 C Co:2:005:0 0 4 >
ffff8e67c4a97240 2934954616 S Ii:2:005:3 -115:1 3 <
ffff8e67c4a97240 2934955997 C Ii:2:005:3 0:1 3 = 100000
ffff8e67c4a97240 2934956063 S Ci:2:005:0 s c0 bc 0800 0016 0002 2 <
ffff8e67c4a97240 2934958729 C Ci:2:005:0 0 2 = 0900
ffff8e67c4a97240 2934958805 S Ci:2:005:0 s c0 bc 0900 001c 0002 2 <
ffff8e67c4a97240 2934961538 C Ci:2:005:0 0 2 = 2f6f
ffff8e67c4a97240 2934961594 S Ci:2:005:0 s c0 bc 0800 23be 0002 2 <
ffff8e67c4a97240 2934964194 C Ci:2:005:0 0 2 = 0000
ffff8e67c4a97240 2934964247 S Co:2:005:0 s 40 bc 0900 0014 0002 2 = d39e
ffff8e67c4a97240 2934966842 C Co:2:005:0 0 2 >
ffff8e67c4a97240 2934966904 S Ci:2:005:0 s c0 bc 0900 001c 0002 2 <
ffff8e67c4a97240 2934969625 C Ci:2:005:0 0 2 = 2f6f
ffff8e67c4a97240 2934969691 S Co:2:005:0 s 40 bc 0800 00c0 0002 2 = 0f89
ffff8e67c4a97240 2934972345 C Co:2:005:0 0 2 >
ffff8e67c4a97240 2934972401 S Co:2:005:0 s 40 b9 0000 0000 0004 4 = 09009802
ffff8e67c4a97240 2934975116 C Co:2:005:0 0 4 >
ffff8e67c4a97240 2934975175 S Ii:2:005:3 -115:1 3 <
ffff8e67c4a97240 2934976443 C Ii:2:005:3 0:1 3 = 100000
ffff8e67c4a97240 2934976504 S Ci:2:005:0 s c0 bc 0800 0016 0002 2 <
ffff8e67c4a97240 2934979229 C Ci:2:005:0 0 2 = 0900
ffff8e67c4a97240 2934979293 S Ci:2:005:0 s c0 bc 0900 001c 0002 2 <
ffff8e67c4a97240 2934981944 C Ci:2:005:0 0 2 = 2f6f
ffff8e67c4a97240 2934982005 S Ci:2:005:0 s c0 bc 0800 23be 0002 2 <
ffff8e67c4a97240 2934984871 C Ci:2:005:0 0 2 = 0000
ffff8e67c4a97240 2934984933 S Co:2:005:0 s 40 bc 0900 0014 0002 2 = d39e
ffff8e67c4a97240 2934987620 C Co:2:005:0 0 2 >
ffff8e67c4a97240 2934987682 S Ci:2:005:0 s c0 bc 0900 001c 0002 2 <
ffff8e67c4a97240 2934990386 C Ci:2:005:0 0 2 = 2f6f
ffff8e67c4a97240 2934990452 S Co:2:005:0 s 40 bc 0800 00c0 0002 2 = 3388
ffff8e67c4a97240 2934993149 C Co:2:005:0 0 2 >
ffff8e67c4a97240 2934993208 S Co:2:005:0 s 40 b9 0000 0000 0004 4 = 09009802
ffff8e67c4a97240 2934995851 C Co:2:005:0 0 4 >
ffff8e67c4a97240 2934995911 S Ii:2:005:3 -115:1 3 <
ffff8e67c4a97240 2934997166 C Ii:2:005:3 0:1 3 = 100000
ffff8e67c4a97240 2934997227 S Ci:2:005:0 s c0 bc 0800 0016 0002 2 <
ffff8e67c4a97240 2934999944 C Ci:2:005:0 0 2 = 0900
ffff8e67c4a97240 2935000004 S Ci:2:005:0 s c0 bc 0900 001c 0002 2 <
ffff8e67c4a97240 2935002570 C Ci:2:005:0 0 2 = 2f6f
ffff8e67c4a97240 2935002630 S Ci:2:005:0 s c0 bc 0800 23be 0002 2 <
ffff8e67c4a97240 2935005406 C Ci:2:005:0 0 2 = 0000
ffff8e67c4a97240 2935005466 S Co:2:005:0 s 40 bc 0900 0014 0002 2 = d39e
ffff8e67c4a97240 2935008085 C Co:2:005:0 0 2 >
ffff8e67c4a97240 2935008148 S Ci:2:005:0 s c0 bc 0900 001c 0002 2 <
ffff8e67c4a97240 2935010720 C Ci:2:005:0 0 2 = 2f6f
ffff8e67c4a97240 2935010786 S Co:2:005:0 s 40 bc 0800 00c0 0002 2 = 3490
ffff8e67c4a97240 2935013526 C Co:2:005:0 0 2 >
ffff8e67c4a97240 2935013586 S Co:2:005:0 s 40 b9 0000 0000 0004 4 = 09009802
ffff8e67c4a97240 2935016216 C Co:2:005:0 0 4 >
ffff8e67c4a97240 2935016277 S Ii:2:005:3 -115:1 3 <
ffff8e67c4a97240 2935017555 C Ii:2:005:3 0:1 3 = 100000
ffff8e67c4a97240 2935017616 S Ci:2:005:0 s c0 bc 0800 0016 0002 2 <
ffff8e67c4a97240 2935020346 C Ci:2:005:0 0 2 = 0900
ffff8e67c4a97240 2935020409 S Ci:2:005:0 s c0 bc 0900 001c 0002 2 <
ffff8e67c4a97240 2935023065 C Ci:2:005:0 0 2 = 2f6f
ffff8e67c4a97240 2935023118 S Ci:2:005:0 s c0 bc 0800 23be 0002 2 <
ffff8e67c4a97240 2935025909 C Ci:2:005:0 0 2 = 0000
ffff8e67c4a97240 2935025961 S Co:2:005:0 s 40 bc 0900 0014 0002 2 = d39e
ffff8e67c4a97240 2935028686 C Co:2:005:0 0 2 >
ffff8e67c4a97240 2935028748 S Ci:2:005:0 s c0 bc 0900 001c 0002 2 <
ffff8e67c4a97240 2935031335 C Ci:2:005:0 0 2 = 2f6f
ffff8e67c4a97240 2935031400 S Co:2:005:0 s 40 bc 0800 00c0 0002 2 = 3588
ffff8e67c4a97240 2935034097 C Co:2:005:0 0 2 >
ffff8e67c4a97240 2935034156 S Co:2:005:0 s 40 b9 0000 0000 0004 4 = 09009802
ffff8e67c4a97240 2935036712 C Co:2:005:0 0 4 >
ffff8e67c4a97240 2935036772 S Ii:2:005:3 -115:1 3 <
ffff8e67c4a97240 2935038060 C Ii:2:005:3 0:1 3 = 100000
ffff8e67c4a97240 2935038123 S Ci:2:005:0 s c0 bc 0800 0016 0002 2 <
ffff8e67c4a97240 2935040853 C Ci:2:005:0 0 2 = 0900
ffff8e67c4a97240 2935040916 S Ci:2:005:0 s c0 bc 0900 001c 0002 2 <
ffff8e67c4a97240 2935043509 C Ci:2:005:0 0 2 = 2f6f
ffff8e67c4a97240 2935043570 S Ci:2:005:0 s c0 bc 0800 23be 0002 2 <
ffff8e67c4a97240 2935046183 C Ci:2:005:0 0 2 = 0000
ffff8e67c4a97240 2935046235 S Co:2:005:0 s 40 bc 0900 0014 0002 2 = d39e
ffff8e67c4a97240 2935048958 C Co:2:005:0 0 2 >
ffff8e67c4a97240 2935049007 S Ci:2:005:0 s c0 bc 0900 001c 0002 2 <
ffff8e67c4a97240 2935051725 C Ci:2:005:0 0 2 = 2f6f
ffff8e67c4a97240 2935051806 S Co:2:005:0 s 40 bc 0800 00c0 0002 2 = 0f88
ffff8e67c4a97240 2935054523 C Co:2:005:0 0 2 >
ffff8e67c4a97240 2935054583 S Co:2:005:0 s 40 b9 0000 0000 0004 4 = 09009802
ffff8e67c4a97240 2935057225 C Co:2:005:0 0 4 >
ffff8e67c4a97240 2935057284 S Ii:2:005:3 -115:1 3 <
ffff8e67c4a97240 2935058514 C Ii:2:005:3 0:1 3 = 100000
ffff8e67c4a97240 2935058575 S Ci:2:005:0 s c0 bc 0800 0016 0002 2 <
ffff8e67c4a97240 2935061141 C Ci:2:005:0 0 2 = 0900
ffff8e67c4a97240 2935061201 S Ci:2:005:0 s c0 bc 0900 001c 0002 2 <
ffff8e67c4a97240 2935063744 C Ci:2:005:0 0 2 = 2f6f
ffff8e67c4a97240 2935063818 S Ci:2:005:0 s c0 bc 0800 23be 0002 2 <
ffff8e67c4a97240 2935066420 C Ci:2:005:0 0 2 = 0000
ffff8e67c4a97240 2935066474 S Co:2:005:0 s 40 bc 0900 0014 0002 2 = d39e
ffff8e67c4a97240 2935069036 C Co:2:005:0 0 2 >
ffff8e67c4a97240 2935069098 S Ci:2:005:0 s c0 bc 0900 001c 0002 2 <
ffff8e67c4a97240 2935071661 C Ci:2:005:0 0 2 = 2f6f
ffff8e67c4a97240 2935071727 S Co:2:005:0 s 40 bc 0800 00c0 0002 2 = c588
ffff8e67c4a97240 2935074274 C Co:2:005:0 0 2 >
ffff8e67c4a97240 2935074331 S Co:2:005:0 s 40 b9 0000 0000 0004 4 = 09009802
ffff8e67c4a97240 2935076919 C Co:2:005:0 0 4 >
ffff8e67c4a97240 2935076978 S Ii:2:005:3 -115:1 3 <
ffff8e67c4a97240 2935078098 C Ii:2:005:3 0:1 3 = 100000
ffff8e67c4a97240 2935078155 S Ci:2:005:0 s c0 bc 0800 0016 0002 2 <
ffff8e67c4a97240 2935080910 C Ci:2:005:0 0 2 = 0900
ffff8e67c4a97240 2935081015 S Ci:2:005:0 s c0 bc 0900 001c 0002 2 <
ffff8e67c4a97240 2935083578 C Ci:2:005:0 0 2 = 2f6f
ffff8e67c4a97240 2935083671 S Ci:2:005:0 s c0 bc 0800 23be 0002 2 <
ffff8e67c4a97240 2935086327 C Ci:2:005:0 0 2 = 0000
ffff8e67c4a97240 2935086385 S Co:2:005:0 s 40 bc 0900 0014 0002 2 = d39e
ffff8e67c4a97240 2935088927 C Co:2:005:0 0 2 >
ffff8e67c4a97240 2935088988 S Ci:2:005:0 s c0 bc 0900 001c 0002 2 <
ffff8e67c4a97240 2935091617 C Ci:2:005:0 0 2 = 2f6f
ffff8e67c4a97240 2935091683 S Co:2:005:0 s 40 bc 0800 00c0 0004 4 = 9989a300
ffff8e67c4a97240 2935094278 C Co:2:005:0 0 4 >
ffff8e67c4a97240 2935094337 S Co:2:005:0 s 40 b9 0000 0000 0004 4 = 09006603
ffff8e67c4a97240 2935096885 C Co:2:005:0 0 4 >
ffff8e67c4a97240 2935096947 S Ii:2:005:3 -115:1 3 <
ffff8e67c4a97240 2935098098 C Ii:2:005:3 0:1 3 = 100000
ffff8e67c4a97240 2935098155 S Ci:2:005:0 s c0 bc 0800 0016 0002 2 <
ffff8e67c4a97240 2935100803 C Ci:2:005:0 0 2 = 0900
ffff8e67c4a97240 2935100866 S Ci:2:005:0 s c0 bc 0900 001c 0002 2 <
ffff8e67c4a97240 2935103415 C Ci:2:005:0 0 2 = 2f6f
ffff8e67c4a97240 2935103475 S Ci:2:005:0 s c0 bc 0800 23be 0002 2 <
ffff8e67c4a97240 2935106035 C Ci:2:005:0 0 2 = 0000
ffff8e67c4a97240 2935106092 S Co:2:005:0 s 40 bc 0900 0014 0002 2 = d39e
ffff8e67c4a97240 2935108613 C Co:2:005:0 0 2 >
ffff8e67c4a97240 2935108674 S Ci:2:005:0 s c0 bc 0900 001c 0002 2 <
ffff8e67c4a97240 2935111314 C Ci:2:005:0 0 2 = 2f6f
ffff8e67c4a97240 2935111378 S Co:2:005:0 s 40 b9 0000 0000 0004 4 = 09016601
ffff8e67c4a97240 2935113901 C Co:2:005:0 0 4 >
ffff8e67c4a97240 2935113959 S Ii:2:005:3 -115:1 3 <
ffff8e67c4a97240 2935115107 C Ii:2:005:3 0:1 3 = 100000
ffff8e67c4a97240 2935115163 S Ci:2:005:0 s c0 bc 0800 0016 0002 2 <
ffff8e67c4a97240 2935117777 C Ci:2:005:0 0 2 = 0900
ffff8e67c4a97240 2935117851 S Ci:2:005:0 s c0 bc 0900 001c 0002 2 <
ffff8e67c4a97240 2935120408 C Ci:2:005:0 0 2 = 2f6f
ffff8e67c4a97240 2935120473 S Ci:2:005:0 s c0 bc 0800 23be 0004 4 <
ffff8e67c4a97240 2935123009 C Ci:2:005:0 0 4 = 00007fd9
ffff8e67c4a97240 2935123064 S Co:2:005:0 s 40 bc 0800 00c0 0002 2 = 589d
ffff8e67c4a97240 2935125612 C Co:2:005:0 0 2 >
ffff8e67c4a97240 2935125662 S Co:2:005:0 s 40 b9 0000 0000 0004 4 = 09009802
ffff8e67c4a97240 2935128266 C Co:2:005:0 0 4 >
ffff8e67c4a97240 2935128327 S Ii:2:005:3 -115:1 3 <
ffff8e67c4a97240 2935129481 C Ii:2:005:3 0:1 3 = 100000
ffff8e67c4a97240 2935129542 S Ci:2:005:0 s c0 bc 0800 0016 0002 2 <
ffff8e67c4a97240 2935132150 C Ci:2:005:0 0 2 = 0900
ffff8e67c4a97240 2935132214 S Ci:2:005:0 s c0 bc 0900 001c 0002 2 <
ffff8e67c4a97240 2935134782 C Ci:2:005:0 0 2 = 2f6f
ffff8e67c4a97240 2935134859 S Ci:2:005:0 s c0 bc 0800 23be 0002 2 <
ffff8e67c4a97240 2935137378 C Ci:2:005:0 0 2 = 0000
ffff8e67c4a97240 2935137437 S Co:2:005:0 s 40 bc 0900 0014 0002 2 = d39e
ffff8e67c4a97240 2935140016 C Co:2:005:0 0 2 >
ffff8e67c4a97240 2935140079 S Ci:2:005:0 s c0 bc 0900 001c 0002 2 <
ffff8e67c4a97240 2935142680 C Ci:2:005:0 0 2 = 2f6f
ffff8e67c4a97240 2935142741 S Co:2:005:0 s 40 bc 0800 00c0 0002 2 = 0f88
ffff8e67c4a97240 2935145269 C Co:2:005:0 0 2 >
ffff8e67c4a97240 2935145326 S Co:2:005:0 s 40 b9 0000 0000 0004 4 = 09009802
ffff8e67c4a97240 2935147904 C Co:2:005:0 0 4 >
ffff8e67c4a97240 2935148000 S Ii:2:005:3 -115:1 3 <
ffff8e67c4a97240 2935149106 C Ii:2:005:3 0:1 3 = 100000
ffff8e67c4a97240 2935149155 S Ci:2:005:0 s c0 bc 0800 0016 0002 2 <
ffff8e67c4a97240 2935151785 C Ci:2:005:0 0 2 = 0900
ffff8e67c4a97240 2935151862 S Ci:2:005:0 s c0 bc 0900 001c 0002 2 <
ffff8e67c4a97240 2935154462 C Ci:2:005:0 0 2 = 2f6f
ffff8e67c4a97240 2935154522 S Ci:2:005:0 s c0 bc 0800 23be 0002 2 <
ffff8e67c4a97240 2935157010 C Ci:2:005:0 0 2 = 0000
ffff8e67c4a97240 2935157063 S Co:2:005:0 s 40 bc 0900 0014 0002 2 = d39e
ffff8e67c4a97240 2935159634 C Co:2:005:0 0 2 >
ffff8e67c4a97240 2935159696 S Ci:2:005:0 s c0 bc 0900 001c 0002 2 <
ffff8e67c4a97240 2935162307 C Ci:2:005:0 0 2 = 2f6f
ffff8e67c4a97240 2935162374 S Co:2:005:0 s 40 bc 0800 00c0 0004 4 = 9989ff00
ffff8e67c4a97240 2935164893 C Co:2:005:0 0 4 >
ffff8e67c4a97240 2935164952 S Co:2:005:0 s 40 b9 0000 0000 0004 4 = 09006603
ffff8e67c4a97240 2935167551 C Co:2:005:0 0 4 >
ffff8e67c4a97240 2935167611 S Ii:2:005:3 -115:1 3 <
ffff8e67c4a97240 2935168873 C Ii:2:005:3 0:1 3 = 100000
ffff8e67c4a97240 2935168934 S Ci:2:005:0 s c0 bc 0800 0016 0002 2 <
ffff8e67c4a97240 2935171561 C Ci:2:005:0 0 2 = 0900
ffff8e67c4a97240 2935171624 S Ci:2:005:0 s c0 bc 0900 001c 0002 2 <
ffff8e67c4a97240 2935174150 C Ci:2:005:0 0 2 = 2f6f
ffff8e67c4a97240 2935174206 S Ci:2:005:0 s c0 bc 0800 23be 0002 2 <
ffff8e67c4a97240 2935176740 C Ci:2:005:0 0 2 = 0000
ffff8e67c4a97240 2935176840 S Co:2:005:0 s 40 bc 0900 0014 0002 2 = d39e
ffff8e67c4a97240 2935179423 C Co:2:005:0 0 2 >
ffff8e67c4a97240 2935179507 S Ci:2:005:0 s c0 bc 0900 001c 0002 2 <
ffff8e67c4a97240 2935182021 C Ci:2:005:0 0 2 = 2f6f
ffff8e67c4a97240 2935182086 S Co:2:005:0 s 40 b9 0000 0000 0004 4 = 09016601
ffff8e67c4a97240 2935184642 C Co:2:005:0 0 4 >
ffff8e67c4a97240 2935184701 S Ii:2:005:3 -115:1 3 <
ffff8e67c4a97240 2935185875 C Ii:2:005:3 0:1 3 = 100000
ffff8e67c4a97240 2935185937 S Ci:2:005:0 s c0 bc 0800 0016 0002 2 <
ffff8e67c4a97240 2935188560 C Ci:2:005:0 0 2 = 0900
ffff8e67c4a97240 2935188623 S Ci:2:005:0 s c0 bc 0900 001c 0002 2 <
ffff8e67c4a97240 2935191118 C Ci:2:005:0 0 2 = 2f6f
ffff8e67c4a97240 2935191175 S Ci:2:005:0 s c0 bc 0800 23be 0004 4 <
ffff8e67c4a97240 2935193738 C Ci:2:005:0 0 4 = 00006bd9
ffff8e67c4a97240 2935193814 S Co:2:005:0 s 40 bc 0800 00c0 0002 2 = 048d
ffff8e67c4a97240 2935196417 C Co:2:005:0 0 2 >
ffff8e67c4a97240 2935196478 S Co:2:005:0 s 40 b9 0000 0000 0004 4 = 09009802
ffff8e67c4a97240 2935199020 C Co:2:005:0 0 4 >
ffff8e67c4a97240 2935199080 S Ii:2:005:3 -115:1 3 <
ffff8e67c4a97240 2935200165 C Ii:2:005:3 0:1 3 = 100000
ffff8e67c4a97240 2935200207 S Ci:2:005:0 s c0 bc 0800 0016 0002 2 <
ffff8e67c4a97240 2935202915 C Ci:2:005:0 0 2 = 0900
ffff8e67c4a97240 2935202978 S Ci:2:005:0 s c0 bc 0900 001c 0002 2 <
ffff8e67c4a97240 2935205580 C Ci:2:005:0 0 2 = 2f6f
ffff8e67c4a97240 2935205640 S Ci:2:005:0 s c0 bc 0800 23be 0002 2 <
ffff8e67c4a97240 2935208089 C Ci:2:005:0 0 2 = 0000
ffff8e67c4a97240 2935208149 S Co:2:005:0 s 40 bc 0900 0014 0002 2 = d39e
ffff8e67c4a97240 2935210753 C Co:2:005:0 0 2 >
ffff8e67c4a97240 2935210828 S Ci:2:005:0 s c0 bc 0900 001c 0002 2 <
ffff8e67c4a97240 2935213430 C Ci:2:005:0 0 2 = 2f6f
ffff8e67c4a97240 2935213495 S Co:2:005:0 s 40 bc 0800 00c0 0002 2 = e26c
ffff8e67c4a97240 2935216018 C Co:2:005:0 0 2 >
ffff8e67c4a97240 2935216079 S Co:2:005:0 s 40 b9 0000 0000 0004 4 = 09009802
ffff8e67c4a97240 2935218631 C Co:2:005:0 0 4 >
ffff8e67c4a97240 2935218691 S Ii:2:005:3 -115:1 3 <
ffff8e67c4a97240 2935219875 C Ii:2:005:3 0:1 3 = 100000
ffff8e67c4a97240 2935219936 S Ci:2:005:0 s c0 bc 0800 0016 0002 2 <
ffff8e67c4a97240 2935222561 C Ci:2:005:0 0 2 = 0900
ffff8e67c4a97240 2935222624 S Ci:2:005:0 s c0 bc 0900 001c 0002 2 <
ffff8e67c4a97240 2935225138 C Ci:2:005:0 0 2 = 2f6f
ffff8e67c4a97240 2935225194 S Ci:2:005:0 s c0 bc 0800 23be 0002 2 <
ffff8e67c4a97240 2935227859 C Ci:2:005:0 0 2 = 0000
ffff8e67c4a97240 2935227950 S Co:2:005:0 s 40 bc 0900 0014 0002 2 = d39e
ffff8e67c4a97240 2935230558 C Co:2:005:0 0 2 >
ffff8e67c4a97240 2935230632 S Ci:2:005:0 s c0 bc 0900 001c 0002 2 <
ffff8e67c4a97240 2935233142 C Ci:2:005:0 0 2 = 2f6f
ffff8e67c4a97240 2935233208 S Co:2:005:0 s 40 bc 0800 00c0 0002 2 = e388
ffff8e67c4a97240 2935235761 C Co:2:005:0 0 2 >
ffff8e67c4a97240 2935235836 S Co:2:005:0 s 40 b9 0000 0000 0004 4 = 09009802
ffff8e67c4a97240 2935238410 C Co:2:005:0 0 4 >
ffff8e67c4a97240 2935238471 S Ii:2:005:3 -115:1 3 <
ffff8e67c4a97240 2935239733 C Ii:2:005:3 0:1 3 = 100000
ffff8e67c4a97240 2935239815 S Ci:2:005:0 s c0 bc 0800 0016 0002 2 <
ffff8e67c4a97240 2935242393 C Ci:2:005:0 0 2 = 0900
ffff8e67c4a97240 2935242456 S Ci:2:005:0 s c0 bc 0900 001c 0002 2 <
ffff8e67c4a97240 2935245021 C Ci:2:005:0 0 2 = 2f6f
ffff8e67c4a97240 2935245077 S Ci:2:005:0 s c0 bc 0800 23be 0002 2 <
ffff8e67c4a97240 2935247604 C Ci:2:005:0 0 2 = 0000
ffff8e67c4a97240 2935247657 S Co:2:005:0 s 40 bc 0900 0014 0002 2 = d39e
ffff8e67c4a97240 2935250287 C Co:2:005:0 0 2 >
ffff8e67c4a97240 2935250349 S Ci:2:005:0 s c0 bc 0900 001c 0002 2 <
ffff8e67c4a97240 2935252890 C Ci:2:005:0 0 2 = 2f6f
ffff8e67c4a97240 2935252956 S Co:2:005:0 s 40 bc 0800 00c0 0002 2 = e480
ffff8e67c4a97240 2935255507 C Co:2:005:0 0 2 >
ffff8e67c4a97240 2935255564 S Co:2:005:0 s 40 b9 0000 0000 0004 4 = 09009802
ffff8e67c4a97240 2935258133 C Co:2:005:0 0 4 >
ffff8e67c4a97240 2935258193 S Ii:2:005:3 -115:1 3 <
ffff8e67c4a97240 2935259367 C Ii:2:005:3 0:1 3 = 100000
ffff8e67c4a97240 2935259429 S Ci:2:005:0 s c0 bc 0800 0016 0002 2 <
ffff8e67c4a97240 2935262018 C Ci:2:005:0 0 2 = 0900
ffff8e67c4a97240 2935262082 S Ci:2:005:0 s c0 bc 0900 001c 0002 2 <
ffff8e67c4a97240 2935264601 C Ci:2:005:0 0 2 = 2f6f
ffff8e67c4a97240 2935264661 S Ci:2:005:0 s c0 bc 0800 23be 0002 2 <
ffff8e67c4a97240 2935267300 C Ci:2:005:0 0 2 = 0000
ffff8e67c4a97240 2935267424 S Co:2:005:0 s 40 bc 0900 0014 0002 2 = d39e
ffff8e67c4a97240 2935269885 C Co:2:005:0 0 2 >
ffff8e67c4a97240 2935269947 S Ci:2:005:0 s c0 bc 0900 001c 0002 2 <
ffff8e67c4a97240 2935272553 C Ci:2:005:0 0 2 = 2f6f
ffff8e67c4a97240 2935272618 S Co:2:005:0 s 40 bc 0800 00c0 0002 2 = e049
ffff8e67c4a97240 2935275138 C Co:2:005:0 0 2 >
ffff8e67c4a97240 2935275198 S Co:2:005:0 s 40 b9 0000 0000 0004 4 = 09009802
ffff8e67c4a97240 2935277745 C Co:2:005:0 0 4 >
ffff8e67c4a97240 2935277821 S Ii:2:005:3 -115:1 3 <
ffff8e67c4a97240 2935278985 C Ii:2:005:3 0:1 3 = 100000
ffff8e67c4a97240 2935279072 S Ci:2:005:0 s c0 bc 0800 0016 0002 2 <
ffff8e67c4a97240 2935281637 C Ci:2:005:0 0 2 = 0900
ffff8e67c4a97240 2935281701 S Ci:2:005:0 s c0 bc 0900 001c 0002 2 <
ffff8e67c4a97240 2935284301 C Ci:2:005:0 0 2 = 2f6f
ffff8e67c4a97240 2935284357 S Ci:2:005:0 s c0 bc 0800 23be 0002 2 <
ffff8e67c4a97240 2935286861 C Ci:2:005:0 0 2 = 0000
ffff8e67c4a97240 2935286921 S Co:2:005:0 s 40 bc 0900 0014 0002 2 = d39e
ffff8e67c4a97240 2935289546 C Co:2:005:0 0 2 >
ffff8e67c4a97240 2935289604 S Ci:2:005:0 s c0 bc 0900 001c 0002 2 <
ffff8e67c4a97240 2935292168 C Ci:2:005:0 0 2 = 2f6f
ffff8e67c4a97240 2935292233 S Co:2:005:0 s 40 bc 0800 00c0 0002 2 = e189
ffff8e67c4a97240 2935294767 C Co:2:005:0 0 2 >
ffff8e67c4a97240 2935294842 S Co:2:005:0 s 40 b9 0000 0000 0004 4 = 09009802
ffff8e67c4a97240 2935297409 C Co:2:005:0 0 4 >
ffff8e67c4a97240 2935297469 S Ii:2:005:3 -115:1 3 <
ffff8e67c4a97240 2935298670 C Ii:2:005:3 0:1 3 = 100000
ffff8e67c4a97240 2935298732 S Ci:2:005:0 s c0 bc 0800 0016 0002 2 <
ffff8e67c4a97240 2935301381 C Ci:2:005:0 0 2 = 0900
ffff8e67c4a97240 2935301444 S Ci:2:005:0 s c0 bc 0900 001c 0002 2 <
ffff8e67c4a97240 2935303968 C Ci:2:005:0 0 2 = 2f6f
ffff8e67c4a97240 2935304027 S Ci:2:005:0 s c0 bc 0800 23be 0002 2 <
ffff8e67c4a97240 2935306643 C Ci:2:005:0 0 2 = 0000
ffff8e67c4a97240 2935306705 S Co:2:005:0 s 40 bc 0900 0014 0002 2 = d39e
ffff8e67c4a97240 2935309256 C Co:2:005:0 0 2 >
ffff8e67c4a97240 2935309318 S Ci:2:005:0 s c0 bc 0900 001c 0002 2 <
ffff8e67c4a97240 2935311857 C Ci:2:005:0 0 2 = 2f6f
ffff8e67c4a97240 2935311919 S Co:2:005:0 s 40 bc 0800 00c0 0002 2 = 0f89
ffff8e67c4a97240 2935314538 C Co:2:005:0 0 2 >
ffff8e67c4a97240 2935314598 S Co:2:005:0 s 40 b9 0000 0000 0004 4 = 09009802
ffff8e67c4a97240 2935317118 C Co:2:005:0 0 4 >
ffff8e67c4a97240 2935317178 S Ii:2:005:3 -115:1 3 <
ffff8e67c4a97240 2935318338 C Ii:2:005:3 0:1 3 = 100000
ffff8e67c4a97240 2935318399 S Ci:2:005:0 s c0 bc 0800 0016 0002 2 <
ffff8e67c4a97240 2935321010 C Ci:2:005:0 0 2 = 0900
ffff8e67c4a97240 2935321075 S Ci:2:005:0 s c0 bc 0900 001c 0002 2 <
ffff8e67c4a97240 2935323601 C Ci:2:005:0 0 2 = 2f6f
ffff8e67c4a97240 2935323660 S Ci:2:005:0 s c0 bc 0800 23be 0002 2 <
ffff8e67c4a97240 2935326256 C Ci:2:005:0 0 2 = 0000
ffff8e67c4a97240 2935326410 S Co:2:005:0 s 40 bc 0900 0014 0002 2 = d39e
ffff8e67c4a97240 2935328880 C Co:2:005:0 0 2 >
ffff8e67c4a97240 2935328942 S Ci:2:005:0 s c0 bc 0900 001c 0002 2 <
ffff8e67c4a97240 2935331551 C Ci:2:005:0 0 2 = 2f6f
ffff8e67c4a97240 2935331617 S Co:2:005:0 s 40 bc 0800 00c0 0002 2 = 9188
ffff8e67c4a97240 2935334129 C Co:2:005:0 0 2 >
ffff8e67c4a97240 2935334188 S Co:2:005:0 s 40 b9 0000 0000 0004 4 = 09009802
ffff8e67c4a97240 2935336740 C Co:2:005:0 0 4 >
ffff8e67c4a97240 2935336814 S Ii:2:005:3 -115:1 3 <
ffff8e67c4a97240 2935337960 C Ii:2:005:3 0:1 3 = 100000
ffff8e67c4a97240 2935338021 S Ci:2:005:0 s c0 bc 0800 0016 0002 2 <
ffff8e67c4a97240 2935340641 C Ci:2:005:0 0 2 = 0900
ffff8e67c4a97240 2935340705 S Ci:2:005:0 s c0 bc 0900 001c 0002 2 <
ffff8e67c4a97240 2935343289 C Ci:2:005:0 0 2 = 2f6f
ffff8e67c4a97240 2935343345 S Ci:2:005:0 s c0 bc 0800 23be 0002 2 <
ffff8e67c4a97240 2935345854 C Ci:2:005:0 0 2 = 0000
ffff8e67c4a97240 2935345914 S Co:2:005:0 s 40 bc 0900 0014 0002 2 = d39e
ffff8e67c4a97240 2935348536 C Co:2:005:0 0 2 >
ffff8e67c4a97240 2935348598 S Ci:2:005:0 s c0 bc 0900 001c 0002 2 <
ffff8e67c4a97240 2935351132 C Ci:2:005:0 0 2 = 2f6f
ffff8e67c4a97240 2935351198 S Co:2:005:0 s 40 bc 0800 00c0 0002 2 = 9288
ffff8e67c4a97240 2935353713 C Co:2:005:0 0 2 >
ffff8e67c4a97240 2935353769 S Co:2:005:0 s 40 b9 0000 0000 0004 4 = 09009802
ffff8e67c4a97240 2935356439 C Co:2:005:0 0 4 >
ffff8e67c4a97240 2935356498 S Ii:2:005:3 -115:1 3 <
ffff8e67c4a97240 2935357719 C Ii:2:005:3 0:1 3 = 100000
ffff8e67c4a97240 2935357799 S Ci:2:005:0 s c0 bc 0800 0016 0002 2 <
ffff8e67c4a97240 2935360360 C Ci:2:005:0 0 2 = 0900
ffff8e67c4a97240 2935360441 S Ci:2:005:0 s c0 bc 0900 001c 0002 2 <
ffff8e67c4a97240 2935363013 C Ci:2:005:0 0 2 = 2f6f
ffff8e67c4a97240 2935363069 S Ci:2:005:0 s c0 bc 0800 23be 0002 2 <
ffff8e67c4a97240 2935365597 C Ci:2:005:0 0 2 = 0000
ffff8e67c4a97240 2935365650 S Co:2:005:0 s 40 bc 0900 0014 0002 2 = d39e
ffff8e67c4a97240 2935368301 C Co:2:005:0 0 2 >
ffff8e67c4a97240 2935368363 S Ci:2:005:0 s c0 bc 0900 001c 0002 2 <
ffff8e67c4a97240 2935370912 C Ci:2:005:0 0 2 = 2f6f
ffff8e67c4a97240 2935370977 S Co:2:005:0 s 40 bc 0800 00c0 0002 2 = 9389
ffff8e67c4a97240 2935373537 C Co:2:005:0 0 2 >
ffff8e67c4a97240 2935373596 S Co:2:005:0 s 40 b9 0000 0000 0004 4 = 09009802
ffff8e67c4a97240 2935376118 C Co:2:005:0 0 4 >
ffff8e67c4a97240 2935376179 S Ii:2:005:3 -115:1 3 <
ffff8e67c4a97240 2935377342 C Ii:2:005:3 0:1 3 = 100000
ffff8e67c4a97240 2935377403 S Ci:2:005:0 s c0 bc 0800 0016 0002 2 <
ffff8e67c4a97240 2935380032 C Ci:2:005:0 0 2 = 0900
ffff8e67c4a97240 2935380095 S Ci:2:005:0 s c0 bc 0900 001c 0002 2 <
ffff8e67c4a97240 2935382599 C Ci:2:005:0 0 2 = 2f6f
ffff8e67c4a97240 2935382658 S Ci:2:005:0 s c0 bc 0800 23be 0002 2 <
ffff8e67c4a97240 2935385218 C Ci:2:005:0 0 2 = 0000
ffff8e67c4a97240 2935385271 S Co:2:005:0 s 40 bc 0900 0014 0002 2 = d39e
ffff8e67c4a97240 2935387867 C Co:2:005:0 0 2 >
ffff8e67c4a97240 2935387929 S Ci:2:005:0 s c0 bc 0900 001c 0002 2 <
ffff8e67c4a97240 2935390512 C Ci:2:005:0 0 2 = 2f6f
ffff8e67c4a97240 2935390578 S Co:2:005:0 s 40 bc 0800 00c0 0002 2 = 94a9
ffff8e67c4a97240 2935393126 C Co:2:005:0 0 2 >
ffff8e67c4a97240 2935393185 S Co:2:005:0 s 40 b9 0000 0000 0004 4 = 09009802
ffff8e67c4a97240 2935395738 C Co:2:005:0 0 4 >
ffff8e67c4a97240 2935395814 S Ii:2:005:3 -115:1 3 <
ffff8e67c4a97240 2935396953 C Ii:2:005:3 0:1 3 = 100000
ffff8e67c4a97240 2935397015 S Ci:2:005:0 s c0 bc 0800 0016 0002 2 <
ffff8e67c4a97240 2935399639 C Ci:2:005:0 0 2 = 0900
ffff8e67c4a97240 2935399703 S Ci:2:005:0 s c0 bc 0900 001c 0002 2 <
ffff8e67c4a97240 2935402289 C Ci:2:005:0 0 2 = 2f6f
ffff8e67c4a97240 2935402345 S Ci:2:005:0 s c0 bc 0800 23be 0002 2 <
ffff8e67c4a97240 2935404850 C Ci:2:005:0 0 2 = 0000
ffff8e67c4a97240 2935404936 S Co:2:005:0 s 40 bc 0900 0014 0002 2 = d39e
ffff8e67c4a97240 2935407500 C Co:2:005:0 0 2 >
ffff8e67c4a97240 2935407562 S Ci:2:005:0 s c0 bc 0900 001c 0002 2 <
ffff8e67c4a97240 2935410122 C Ci:2:005:0 0 2 = 2f6f
ffff8e67c4a97240 2935410188 S Co:2:005:0 s 40 bc 0800 00c0 0002 2 = 95cb
ffff8e67c4a97240 2935412748 C Co:2:005:0 0 2 >
ffff8e67c4a97240 2935412822 S Co:2:005:0 s 40 b9 0000 0000 0004 4 = 09009802
ffff8e67c4a97240 2935415398 C Co:2:005:0 0 4 >
ffff8e67c4a97240 2935415458 S Ii:2:005:3 -115:1 3 <
ffff8e67c4a97240 2935416714 C Ii:2:005:3 0:1 3 = 100000
ffff8e67c4a97240 2935416774 S Ci:2:005:0 s c0 bc 0800 0016 0002 2 <
ffff8e67c4a97240 2935419379 C Ci:2:005:0 0 2 = 0900
ffff8e67c4a97240 2935419442 S Ci:2:005:0 s c0 bc 0900 001c 0002 2 <
ffff8e67c4a97240 2935421975 C Ci:2:005:0 0 2 = 2f6f
ffff8e67c4a97240 2935422039 S Ci:2:005:0 s c0 bc 0800 23be 0002 2 <
ffff8e67c4a97240 2935424624 C Ci:2:005:0 0 2 = 0000
ffff8e67c4a97240 2935424688 S Co:2:005:0 s 40 bc 0900 0014 0002 2 = d39e
ffff8e67c4a97240 2935427183 C Co:2:005:0 0 2 >
ffff8e67c4a97240 2935427242 S Ci:2:005:0 s c0 bc 0900 001c 0002 2 <
ffff8e67c4a97240 2935429881 C Ci:2:005:0 0 2 = 2f6f
ffff8e67c4a97240 2935429953 S Co:2:005:0 s 40 bc 0800 00c0 0002 2 = 96ed
ffff8e67c4a97240 2935432499 C Co:2:005:0 0 2 >
ffff8e67c4a97240 2935432559 S Co:2:005:0 s 40 b9 0000 0000 0004 4 = 09009802
ffff8e67c4a97240 2935435105 C Co:2:005:0 0 4 >
ffff8e67c4a97240 2935435166 S Ii:2:005:3 -115:1 3 <
ffff8e67c4a97240 2935436287 C Ii:2:005:3 0:1 3 = 100000
ffff8e67c4a97240 2935436346 S Ci:2:005:0 s c0 bc 0800 0016 0002 2 <
ffff8e67c4a97240 2935439025 C Ci:2:005:0 0 2 = 0900
ffff8e67c4a97240 2935439113 S Ci:2:005:0 s c0 bc 0900 001c 0002 2 <
ffff8e67c4a97240 2935441710 C Ci:2:005:0 0 2 = 2f6f
ffff8e67c4a97240 2935441771 S Ci:2:005:0 s c0 bc 0800 23be 0002 2 <
ffff8e67c4a97240 2935444493 C Ci:2:005:0 0 2 = 0000
ffff8e67c4a97240 2935444556 S Co:2:005:0 s 40 bc 0900 0014 0002 2 = d39e
ffff8e67c4a97240 2935447164 C Co:2:005:0 0 2 >
ffff8e67c4a97240 2935447223 S Ci:2:005:0 s c0 bc 0900 001c 0002 2 <
ffff8e67c4a97240 2935449912 C Ci:2:005:0 0 2 = 2f6f
ffff8e67c4a97240 2935449974 S Co:2:005:0 s 40 bc 0800 00c0 0002 2 = 970f
ffff8e67c4a97240 2935452551 C Co:2:005:0 0 2 >
ffff8e67c4a97240 2935452611 S Co:2:005:0 s 40 b9 0000 0000 0004 4 = 09009802
ffff8e67c4a97240 2935455170 C Co:2:005:0 0 4 >
ffff8e67c4a97240 2935455230 S Ii:2:005:3 -115:1 3 <
ffff8e67c4a97240 2935456551 C Ii:2:005:3 0:1 3 = 100000
ffff8e67c4a97240 2935456609 S Ci:2:005:0 s c0 bc 0800 0016 0002 2 <
ffff8e67c4a97240 2935459319 C Ci:2:005:0 0 2 = 0900
ffff8e67c4a97240 2935459382 S Ci:2:005:0 s c0 bc 0900 001c 0002 2 <
ffff8e67c4a97240 2935462041 C Ci:2:005:0 0 2 = 2f6f
ffff8e67c4a97240 2935462097 S Ci:2:005:0 s c0 bc 0800 23be 0002 2 <
ffff8e67c4a97240 2935464769 C Ci:2:005:0 0 2 = 0000
ffff8e67c4a97240 2935464890 S Co:2:005:0 s 40 bc 0900 0014 0002 2 = d39e
ffff8e67c4a97240 2935467722 C Co:2:005:0 0 2 >
ffff8e67c4a97240 2935467802 S Ci:2:005:0 s c0 bc 0900 001c 0002 2 <
ffff8e67c4a97240 2935470459 C Ci:2:005:0 0 2 = 2f6f
ffff8e67c4a97240 2935470525 S Co:2:005:0 s 40 bc 0800 00c0 0002 2 = 988a
ffff8e67c4a97240 2935473180 C Co:2:005:0 0 2 >
ffff8e67c4a97240 2935473239 S Co:2:005:0 s 40 b9 0000 0000 0004 4 = 09009802
ffff8e67c4a97240 2935475928 C Co:2:005:0 0 4 >
ffff8e67c4a97240 2935475988 S Ii:2:005:3 -115:1 3 <
ffff8e67c4a97240 2935477262 C Ii:2:005:3 0:1 3 = 100000
ffff8e67c4a97240 2935477321 S Ci:2:005:0 s c0 bc 0800 0016 0002 2 <
ffff8e67c4a97240 2935480075 C Ci:2:005:0 0 2 = 0900
ffff8e67c4a97240 2935480138 S Ci:2:005:0 s c0 bc 0900 001c 0002 2 <
ffff8e67c4a97240 2935482792 C Ci:2:005:0 0 2 = 2f6f
ffff8e67c4a97240 2935482852 S Ci:2:005:0 s c0 bc 0800 23be 0002 2 <
ffff8e67c4a97240 2935485613 C Ci:2:005:0 0 2 = 0000
ffff8e67c4a97240 2935485676 S Co:2:005:0 s 40 bc 0900 0014 0002 2 = d39e
ffff8e67c4a97240 2935488325 C Co:2:005:0 0 2 >
ffff8e67c4a97240 2935488387 S Ci:2:005:0 s c0 bc 0900 001c 0002 2 <
ffff8e67c4a97240 2935491050 C Ci:2:005:0 0 2 = 2f6f
ffff8e67c4a97240 2935491117 S Co:2:005:0 s 40 bc 0800 00c0 0002 2 = 9953
ffff8e67c4a97240 2935493815 C Co:2:005:0 0 2 >
ffff8e67c4a97240 2935493874 S Co:2:005:0 s 40 b9 0000 0000 0004 4 = 09009802
ffff8e67c4a97240 2935496600 C Co:2:005:0 0 4 >
ffff8e67c4a97240 2935496660 S Ii:2:005:3 -115:1 3 <
ffff8e67c4a97240 2935497895 C Ii:2:005:3 0:1 3 = 100000
ffff8e67c4a97240 2935497956 S Ci:2:005:0 s c0 bc 0800 0016 0002 2 <
ffff8e67c4a97240 2935500681 C Ci:2:005:0 0 2 = 0900
ffff8e67c4a97240 2935500745 S Ci:2:005:0 s c0 bc 0900 001c 0002 2 <
ffff8e67c4a97240 2935503465 C Ci:2:005:0 0 2 = 2f6f
ffff8e67c4a97240 2935503521 S Ci:2:005:0 s c0 bc 0800 23be 0002 2 <
ffff8e67c4a97240 2935506152 C Ci:2:005:0 0 2 = 0000
ffff8e67c4a97240 2935506259 S Co:2:005:0 s 40 bc 0900 0014 0002 2 = d39e
ffff8e67c4a97240 2935508971 C Co:2:005:0 0 2 >
ffff8e67c4a97240 2935509032 S Ci:2:005:0 s c0 bc 0900 001c 0002 2 <
ffff8e67c4a97240 2935511466 C Ci:2:005:0 0 2 = 2f6f
ffff8e67c4a97240 2935511530 S Co:2:005:0 s 40 bc 0800 00c0 0002 2 = 0f88
ffff8e67c4a97240 2935514168 C Co:2:005:0 0 2 >
ffff8e67c4a97240 2935514228 S Co:2:005:0 s 40 b9 0000 0000 0004 4 = 09009802
ffff8e67c4a97240 2935516961 C Co:2:005:0 0 4 >
ffff8e67c4a97240 2935517021 S Ii:2:005:3 -115:1 3 <
ffff8e67c4a97240 2935518257 C Ii:2:005:3 0:1 3 = 100000
ffff8e67c4a97240 2935518316 S Ci:2:005:0 s c0 bc 0800 0016 0002 2 <
ffff8e67c4a97240 2935521055 C Ci:2:005:0 0 2 = 0900
ffff8e67c4a97240 2935521119 S Ci:2:005:0 s c0 bc 0900 001c 0002 2 <
ffff8e67c4a97240 2935523765 C Ci:2:005:0 0 2 = 2f6f
ffff8e67c4a97240 2935523835 S Ci:2:005:0 s c0 bc 0800 23be 0002 2 <
ffff8e67c4a97240 2935526394 C Ci:2:005:0 0 2 = 0000
ffff8e67c4a97240 2935526447 S Co:2:005:0 s 40 bc 0900 0014 0002 2 = d39e
ffff8e67c4a97240 2935529037 C Co:2:005:0 0 2 >
ffff8e67c4a97240 2935529101 S Ci:2:005:0 s c0 bc 0900 001c 0002 2 <
ffff8e67c4a97240 2935531589 C Ci:2:005:0 0 2 = 2f6f
ffff8e67c4a97240 2935531670 S Co:2:005:0 s 40 bc 0800 00c0 0004 4 = 9989ff00
ffff8e67c4a97240 2935534200 C Co:2:005:0 0 4 >
ffff8e67c4a97240 2935534258 S Co:2:005:0 s 40 b9 0000 0000 0004 4 = 09006603
ffff8e67c4a97240 2935536863 C Co:2:005:0 0 4 >
ffff8e67c4a97240 2935536922 S Ii:2:005:3 -115:1 3 <
ffff8e67c4a97240 2935538176 C Ii:2:005:3 0:1 3 = 100000
ffff8e67c4a97240 2935538233 S Ci:2:005:0 s c0 bc 0800 0016 0002 2 <
ffff8e67c4a97240 2935541036 C Ci:2:005:0 0 2 = 0900
ffff8e67c4a97240 2935541100 S Ci:2:005:0 s c0 bc 0900 001c 0002 2 <
ffff8e67c4a97240 2935543655 C Ci:2:005:0 0 2 = 2f6f
ffff8e67c4a97240 2935543720 S Ci:2:005:0 s c0 bc 0800 23be 0002 2 <
ffff8e67c4a97240 2935546383 C Ci:2:005:0 0 2 = 0000
ffff8e67c4a97240 2935546445 S Co:2:005:0 s 40 bc 0900 0014 0002 2 = d39e
ffff8e67c4a97240 2935549084 C Co:2:005:0 0 2 >
ffff8e67c4a97240 2935549135 S Ci:2:005:0 s c0 bc 0900 001c 0002 2 <
ffff8e67c4a97240 2935551822 C Ci:2:005:0 0 2 = 2f6f
ffff8e67c4a97240 2935551887 S Co:2:005:0 s 40 b9 0000 0000 0004 4 = 09016601
ffff8e67c4a97240 2935554613 C Co:2:005:0 0 4 >
ffff8e67c4a97240 2935554672 S Ii:2:005:3 -115:1 3 <
ffff8e67c4a97240 2935555894 C Ii:2:005:3 0:1 3 = 100000
ffff8e67c4a97240 2935555956 S Ci:2:005:0 s c0 bc 0800 0016 0002 2 <
ffff8e67c4a97240 2935558709 C Ci:2:005:0 0 2 = 0900
ffff8e67c4a97240 2935558793 S Ci:2:005:0 s c0 bc 0900 001c 0002 2 <
ffff8e67c4a97240 2935561472 C Ci:2:005:0 0 2 = 2f6f
ffff8e67c4a97240 2935561528 S Ci:2:005:0 s c0 bc 0800 23be 0004 4 <
ffff8e67c4a97240 2935564172 C Ci:2:005:0 0 4 = 00006bd9
ffff8e67c4a97240 2935564285 S Co:2:005:0 s 40 bc 0800 00c0 0002 2 = 048c
ffff8e67c4a97240 2935566928 C Co:2:005:0 0 2 >
ffff8e67c4a97240 2935566990 S Co:2:005:0 s 40 b9 0000 0000 0004 4 = 09009802
ffff8e67c4a97240 2935569581 C Co:2:005:0 0 4 >
ffff8e67c4a97240 2935569640 S Ii:2:005:3 -115:1 3 <
ffff8e67c4a97240 2935570854 C Ii:2:005:3 0:1 3 = 100000
ffff8e67c4a97240 2935570913 S Ci:2:005:0 s c0 bc 0800 0016 0002 2 <
ffff8e67c4a97240 2935573690 C Ci:2:005:0 0 2 = 0900
ffff8e67c4a97240 2935573753 S Ci:2:005:0 s c0 bc 0900 001c 0002 2 <
ffff8e67c4a97240 2935576455 C Ci:2:005:0 0 2 = 2f6f
ffff8e67c4a97240 2935576511 S Ci:2:005:0 s c0 bc 0800 23be 0002 2 <
ffff8e67c4a97240 2935579179 C Ci:2:005:0 0 2 = 0000
ffff8e67c4a97240 2935579237 S Co:2:005:0 s 40 bc 0900 0014 0002 2 = d39e
ffff8e67c4a97240 2935581899 C Co:2:005:0 0 2 >
ffff8e67c4a97240 2935581962 S Ci:2:005:0 s c0 bc 0900 001c 0002 2 <
ffff8e67c4a97240 2935584594 C Ci:2:005:0 0 2 = 2f6f
ffff8e67c4a97240 2935584659 S Co:2:005:0 s 40 bc 0800 00c0 0002 2 = 0f89
ffff8e67c4a97240 2935587324 C Co:2:005:0 0 2 >
ffff8e67c4a97240 2935587384 S Co:2:005:0 s 40 b9 0000 0000 0004 4 = 09009802
ffff8e67c4a97240 2935590039 C Co:2:005:0 0 4 >
ffff8e67c4a97240 2935590100 S Ii:2:005:3 -115:1 3 <
ffff8e67c4a97240 2935591347 C Ii:2:005:3 0:1 3 = 100000
ffff8e67c4a97240 2935591408 S Ci:2:005:0 s c0 bc 0800 0016 0002 2 <
ffff8e67c4a97240 2935594050 C Ci:2:005:0 0 2 = 0900
ffff8e67c4a97240 2935594114 S Ci:2:005:0 s c0 bc 0900 001c 0002 2 <
ffff8e67c4a97240 2935596763 C Ci:2:005:0 0 2 = 2f6f
ffff8e67c4a97240 2935596834 S Ci:2:005:0 s c0 bc 0800 23be 0002 2 <
ffff8e67c4a97240 2935599596 C Ci:2:005:0 0 2 = 0000
ffff8e67c4a97240 2935599656 S Co:2:005:0 s 40 bc 0900 0014 0002 2 = d39e
ffff8e67c4a97240 2935602315 C Co:2:005:0 0 2 >
ffff8e67c4a97240 2935602377 S Ci:2:005:0 s c0 bc 0900 001c 0002 2 <
ffff8e67c4a97240 2935605043 C Ci:2:005:0 0 2 = 2f6f
ffff8e67c4a97240 2935605109 S Co:2:005:0 s 40 bc 0800 00c0 0002 2 = 6889
ffff8e67c4a97240 2935607659 C Co:2:005:0 0 2 >
ffff8e67c4a97240 2935607719 S Co:2:005:0 s 40 b9 0000 0000 0004 4 = 09009802
ffff8e67c4a97240 2935610291 C Co:2:005:0 0 4 >
ffff8e67c4a97240 2935610350 S Ii:2:005:3 -115:1 3 <
ffff8e67c4a97240 2935611564 C Ii:2:005:3 0:1 3 = 100000
ffff8e67c4a97240 2935611622 S Ci:2:005:0 s c0 bc 0800 0016 0002 2 <
ffff8e67c4a97240 2935614391 C Ci:2:005:0 0 2 = 0900
ffff8e67c4a97240 2935614457 S Ci:2:005:0 s c0 bc 0900 001c 0002 2 <
ffff8e67c4a97240 2935617161 C Ci:2:005:0 0 2 = 2f6f
ffff8e67c4a97240 2935617216 S Ci:2:005:0 s c0 bc 0800 23be 0002 2 <
ffff8e67c4a97240 2935619934 C Ci:2:005:0 0 2 = 0000
ffff8e67c4a97240 2935619995 S Co:2:005:0 s 40 bc 0900 0014 0002 2 = d39e
ffff8e67c4a97240 2935622642 C Co:2:005:0 0 2 >
ffff8e67c4a97240 2935622701 S Ci:2:005:0 s c0 bc 0900 001c 0002 2 <
ffff8e67c4a97240 2935625450 C Ci:2:005:0 0 2 = 2f6f
ffff8e67c4a97240 2935625515 S Co:2:005:0 s 40 bc 0800 00c0 0002 2 = 6b88
ffff8e67c4a97240 2935628129 C Co:2:005:0 0 2 >
ffff8e67c6eea9c0 2935628406 S Co:2:005:0 s 40 b9 0000 0000 0004 4 = 09009802
ffff8e67c6eea9c0 2935630894 C Co:2:005:0 0 4 >
ffff8e67c6eea9c0 2935631062 S Ii:2:005:3 -115:1 3 <
ffff8e67c6eea9c0 2935632407 C Ii:2:005:3 0:1 3 = 100000
ffff8e67c6eea9c0 2935632570 S Ci:2:005:0 s c0 bc 0800 0016 0002 2 <
ffff8e67c6eea9c0 2935635190 C Ci:2:005:0 0 2 = 0900
ffff8e67c6eea9c0 2935635354 S Ci:2:005:0 s c0 bc 0900 001c 0002 2 <
ffff8e67c6eea9c0 2935638009 C Ci:2:005:0 0 2 = 2f6f
ffff8e67c6eea9c0 2935638195 S Ci:2:005:0 s c0 bc 0800 23be 0002 2 <
ffff8e67c6eea9c0 2935640765 C Ci:2:005:0 0 2 = 0000
ffff8e67c6eea9c0 2935640963 S Co:2:005:0 s 40 bc 0900 0014 0002 2 = d39e
ffff8e67c6eea9c0 2935643561 C Co:2:005:0 0 2 >
ffff8e67c6eea9c0 2935643722 S Ci:2:005:0 s c0 bc 0900 001c 0002 2 <
ffff8e67c6eea9c0 2935646279 C Ci:2:005:0 0 2 = 2f6f
ffff8e67c6eea9c0 2935646461 S Co:2:005:0 s 40 bc 0800 00c0 0002 2 = 6c88
ffff8e67c6eea9c0 2935649042 C Co:2:005:0 0 2 >
ffff8e67c6eea9c0 2935649230 S Co:2:005:0 s 40 b9 0000 0000 0004 4 = 09009802
ffff8e67c6eea9c0 2935651812 C Co:2:005:0 0 4 >
ffff8e67c6eea9c0 2935651907 S Ii:2:005:3 -115:1 3 <
ffff8e67c6eea9c0 2935653169 C Ii:2:005:3 0:1 3 = 100000
ffff8e67c6eea9c0 2935653266 S Ci:2:005:0 s c0 bc 0800 0016 0002 2 <
ffff8e67c6eea9c0 2935655919 C Ci:2:005:0 0 2 = 0900
ffff8e67c6eea9c0 2935656110 S Ci:2:005:0 s c0 bc 0900 001c 0002 2 <
ffff8e67c6eea9c0 2935658680 C Ci:2:005:0 0 2 = 2f6f
ffff8e67c6eea9c0 2935658807 S Ci:2:005:0 s c0 bc 0800 23be 0002 2 <
ffff8e67c6eea9c0 2935661439 C Ci:2:005:0 0 2 = 0000
ffff8e67c6eea9c0 2935661583 S Co:2:005:0 s 40 bc 0900 0014 0002 2 = d39e
ffff8e67c6eea9c0 2935664131 C Co:2:005:0 0 2 >
ffff8e67c6eea9c0 2935664323 S Ci:2:005:0 s c0 bc 0900 001c 0002 2 <
ffff8e67c6eea9c0 2935666937 C Ci:2:005:0 0 2 = 2f6f
ffff8e67c6eea9c0 2935667101 S Co:2:005:0 s 40 bc 0800 00c0 0002 2 = 6df8
ffff8e67c6eea9c0 2935669648 C Co:2:005:0 0 2 >
ffff8e67c6eea9c0 2935669838 S Co:2:005:0 s 40 b9 0000 0000 0004 4 = 09009802
ffff8e67c6eea9c0 2935672464 C Co:2:005:0 0 4 >
ffff8e67c6eea9c0 2935672563 S Ii:2:005:3 -115:1 3 <
ffff8e67c6eea9c0 2935673888 C Ii:2:005:3 0:1 3 = 100000
ffff8e67c6eea9c0 2935674095 S Ci:2:005:0 s c0 bc 0800 0016 0002 2 <
ffff8e67c6eea9c0 2935676671 C Ci:2:005:0 0 2 = 0900
ffff8e67c6eea9c0 2935676801 S Ci:2:005:0 s c0 bc 0900 001c 0002 2 <
ffff8e67c6eea9c0 2935679536 C Ci:2:005:0 0 2 = 2f6f
ffff8e67c6eea9c0 2935679715 S Ci:2:005:0 s c0 bc 0800 23be 0002 2 <
ffff8e67c6eea9c0 2935682328 C Ci:2:005:0 0 2 = 0000
ffff8e67c4a97240 2935682459 S Co:2:005:0 s 40 bc 0900 0014 0002 2 = d39e
ffff8e67c4a97240 2935685094 C Co:2:005:0 0 2 >
ffff8e67c4a97240 2935685183 S Ci:2:005:0 s c0 bc 0900 001c 0002 2 <
ffff8e67c4a97240 2935687788 C Ci:2:005:0 0 2 = 2f6f
ffff8e67c4a97240 2935687857 S Co:2:005:0 s 40 bc 0800 00c0 0002 2 = 0f88
ffff8e67c4a97240 2935690545 C Co:2:005:0 0 2 >
ffff8e67c4a97240 2935690604 S Co:2:005:0 s 40 b9 0000 0000 0004 4 = 09009802
ffff8e67c4a97240 2935693288 C Co:2:005:0 0 4 >
ffff8e67c4a97240 2935693348 S Ii:2:005:3 -115:1 3 <
ffff8e67c4a97240 2935694617 C Ii:2:005:3 0:1 3 = 100000
ffff8e67c4a97240 2935694678 S Ci:2:005:0 s c0 bc 0800 0016 0002 2 <
ffff8e67c4a97240 2935697428 C Ci:2:005:0 0 2 = 0900
ffff8e67c4a97240 2935697490 S Ci:2:005:0 s c0 bc 0900 001c 0002 2 <
ffff8e67c4a97240 2935700142 C Ci:2:005:0 0 2 = 2f6f
ffff8e67c4a97240 2935700195 S Ci:2:005:0 s c0 bc 0800 23be 0002 2 <
ffff8e67c4a97240 2935702944 C Ci:2:005:0 0 2 = 0000
ffff8e67c4a97240 2935703004 S Co:2:005:0 s 40 bc 0900 0014 0002 2 = d39e
ffff8e67c4a97240 2935705640 C Co:2:005:0 0 2 >
ffff8e67c4a97240 2935705701 S Ci:2:005:0 s c0 bc 0900 001c 0002 2 <
ffff8e67c4a97240 2935708424 C Ci:2:005:0 0 2 = 2f6f
ffff8e67c4a97240 2935708489 S Co:2:005:0 s 40 bc 0800 00c0 0002 2 = ce8b
ffff8e67c4a97240 2935711135 C Co:2:005:0 0 2 >
ffff8e67c4a97240 2935711193 S Co:2:005:0 s 40 b9 0000 0000 0004 4 = 09009802
ffff8e67c4a97240 2935713894 C Co:2:005:0 0 4 >
ffff8e67c4a97240 2935713952 S Ii:2:005:3 -115:1 3 <
ffff8e67c4a97240 2935715312 C Ii:2:005:3 0:1 3 = 100000
ffff8e67c4a97240 2935715373 S Ci:2:005:0 s c0 bc 0800 0016 0002 2 <
ffff8e67c4a97240 2935718144 C Ci:2:005:0 0 2 = 0900
ffff8e67c4a97240 2935718205 S Ci:2:005:0 s c0 bc 0900 001c 0002 2 <
ffff8e67c4a97240 2935720922 C Ci:2:005:0 0 2 = 2f6f
ffff8e67c4a97240 2935720983 S Ci:2:005:0 s c0 bc 0800 23be 0002 2 <
ffff8e67c4a97240 2935723645 C Ci:2:005:0 0 2 = 0000
ffff8e67c4a97240 2935723706 S Co:2:005:0 s 40 bc 0900 0014 0002 2 = d39e
ffff8e67c4a97240 2935726415 C Co:2:005:0 0 2 >
ffff8e67c4a97240 2935726476 S Ci:2:005:0 s c0 bc 0900 001c 0002 2 <
ffff8e67c4a97240 2935729144 C Ci:2:005:0 0 2 = 2f6f
ffff8e67c4a97240 2935729210 S Co:2:005:0 s 40 bc 0800 00c0 0004 4 = 9989ff00
ffff8e67c4a97240 2935731895 C Co:2:005:0 0 4 >
ffff8e67c4a97240 2935731952 S Co:2:005:0 s 40 b9 0000 0000 0004 4 = 09006603
ffff8e67c4a97240 2935734635 C Co:2:005:0 0 4 >
ffff8e67c4a97240 2935734694 S Ii:2:005:3 -115:1 3 <
ffff8e67c4a97240 2935736026 C Ii:2:005:3 0:1 3 = 100000
ffff8e67c4a97240 2935736087 S Ci:2:005:0 s c0 bc 0800 0016 0002 2 <
ffff8e67c4a97240 2935738812 C Ci:2:005:0 0 2 = 0900
ffff8e67c4a97240 2935738873 S Ci:2:005:0 s c0 bc 0900 001c 0002 2 <
ffff8e67c4a97240 2935741548 C Ci:2:005:0 0 2 = 2f6f
ffff8e67c4a97240 2935741602 S Ci:2:005:0 s c0 bc 0800 23be 0002 2 <
ffff8e67c4a97240 2935744283 C Ci:2:005:0 0 2 = 0000
ffff8e67c4a97240 2935744344 S Co:2:005:0 s 40 bc 0900 0014 0002 2 = d39e
ffff8e67c4a97240 2935747023 C Co:2:005:0 0 2 >
ffff8e67c4a97240 2935747083 S Ci:2:005:0 s c0 bc 0900 001c 0002 2 <
ffff8e67c4a97240 2935749762 C Ci:2:005:0 0 2 = 2f6f
ffff8e67c4a97240 2935749838 S Co:2:005:0 s 40 b9 0000 0000 0004 4 = 09016601
ffff8e67c4a97240 2935752542 C Co:2:005:0 0 4 >
ffff8e67c4a97240 2935752600 S Ii:2:005:3 -115:1 3 <
ffff8e67c4a97240 2935753874 C Ii:2:005:3 0:1 3 = 100000
ffff8e67c4a97240 2935753934 S Ci:2:005:0 s c0 bc 0800 0016 0002 2 <
ffff8e67c4a97240 2935756651 C Ci:2:005:0 0 2 = 0900
ffff8e67c4a97240 2935756714 S Ci:2:005:0 s c0 bc 0900 001c 0002 2 <
ffff8e67c4a97240 2935759387 C Ci:2:005:0 0 2 = 2f6f
ffff8e67c4a97240 2935759441 S Ci:2:005:0 s c0 bc 0800 23be 0004 4 <
ffff8e67c4a97240 2935762153 C Ci:2:005:0 0 4 = 00006ad9
ffff8e67c4a97240 2935762216 S Co:2:005:0 s 40 bc 0800 00c0 0002 2 = 0488
ffff8e67c4a97240 2935764881 C Co:2:005:0 0 2 >
ffff8e67c4a97240 2935764939 S Co:2:005:0 s 40 b9 0000 0000 0004 4 = 09009802
ffff8e67c4a97240 2935767624 C Co:2:005:0 0 4 >
ffff8e67c4a97240 2935767681 S Ii:2:005:3 -115:1 3 <
ffff8e67c4a97240 2935768970 C Ii:2:005:3 0:1 3 = 100000
ffff8e67c4a97240 2935769029 S Ci:2:005:0 s c0 bc 0800 0016 0002 2 <
ffff8e67c4a97240 2935771785 C Ci:2:005:0 0 2 = 0900
ffff8e67c4a97240 2935771848 S Ci:2:005:0 s c0 bc 0900 001c 0002 2 <
ffff8e67c4a97240 2935774523 C Ci:2:005:0 0 2 = 2f6f
ffff8e67c4a97240 2935774578 S Ci:2:005:0 s c0 bc 0800 23be 0002 2 <
ffff8e67c4a97240 2935777259 C Ci:2:005:0 0 2 = 0000
ffff8e67c4a97240 2935777368 S Co:2:005:0 s 40 bc 0900 0014 0002 2 = d39e
ffff8e67c4a97240 2935779965 C Co:2:005:0 0 2 >
ffff8e67c4a97240 2935780024 S Ci:2:005:0 s c0 bc 0900 001c 0002 2 <
ffff8e67c4a97240 2935782742 C Ci:2:005:0 0 2 = 2f6f
ffff8e67c4a97240 2935782822 S Co:2:005:0 s 40 bc 0800 00c0 0002 2 = 0f88
ffff8e67c4a97240 2935785525 C Co:2:005:0 0 2 >
ffff8e67c4a97240 2935785584 S Co:2:005:0 s 40 b9 0000 0000 0004 4 = 09009802
ffff8e67c4a97240 2935788299 C Co:2:005:0 0 4 >
ffff8e67c4a97240 2935788358 S Ii:2:005:3 -115:1 3 <
ffff8e67c4a97240 2935789589 C Ii:2:005:3 0:1 3 = 100000
ffff8e67c4a97240 2935789648 S Ci:2:005:0 s c0 bc 0800 0016 0002 2 <
ffff8e67c4a97240 2935792431 C Ci:2:005:0 0 2 = 0900
ffff8e67c4a97240 2935792489 S Ci:2:005:0 s c0 bc 0900 001c 0002 2 <
ffff8e67c4a97240 2935795152 C Ci:2:005:0 0 2 = 2f6f
ffff8e67c4a97240 2935795205 S Ci:2:005:0 s c0 bc 0800 23be 0002 2 <
ffff8e67c4a97240 2935797937 C Ci:2:005:0 0 2 = 0000
ffff8e67c4a97240 2935797997 S Co:2:005:0 s 40 bc 0900 0014 0002 2 = d39e
ffff8e67c4a97240 2935800615 C Co:2:005:0 0 2 >
ffff8e67c4a97240 2935800675 S Ci:2:005:0 s c0 bc 0900 001c 0002 2 <
ffff8e67c4a97240 2935803417 C Ci:2:005:0 0 2 = 2f6f
ffff8e67c4a97240 2935803481 S Co:2:005:0 s 40 bc 0800 00c0 0002 2 = c188
ffff8e67c4a97240 2935806132 C Co:2:005:0 0 2 >
ffff8e67c4a97240 2935806189 S Co:2:005:0 s 40 b9 0000 0000 0004 4 = 09009802
ffff8e67c4a97240 2935808922 C Co:2:005:0 0 4 >
ffff8e67c4a97240 2935808980 S Ii:2:005:3 -115:1 3 <
ffff8e67c4a97240 2935810282 C Ii:2:005:3 0:1 3 = 100000
ffff8e67c4a97240 2935810341 S Ci:2:005:0 s c0 bc 0800 0016 0002 2 <
ffff8e67c4a97240 2935813015 C Ci:2:005:0 0 2 = 0900
ffff8e67c4a97240 2935813076 S Ci:2:005:0 s c0 bc 0900 001c 0002 2 <
ffff8e67c4a97240 2935815832 C Ci:2:005:0 0 2 = 2f6f
ffff8e67c4a97240 2935815893 S Ci:2:005:0 s c0 bc 0800 23be 0002 2 <
ffff8e67c4a97240 2935818529 C Ci:2:005:0 0 2 = 0000
ffff8e67c4a97240 2935818589 S Co:2:005:0 s 40 bc 0900 0014 0002 2 = d39e
ffff8e67c4a97240 2935821280 C Co:2:005:0 0 2 >
ffff8e67c4a97240 2935821341 S Ci:2:005:0 s c0 bc 0900 001c 0002 2 <
ffff8e67c4a97240 2935824033 C Ci:2:005:0 0 2 = 2f6f
ffff8e67c4a97240 2935824097 S Co:2:005:0 s 40 bc 0800 00c0 0002 2 = c68b
ffff8e67c4a97240 2935826739 C Co:2:005:0 0 2 >
ffff8e67c4a97240 2935826815 S Co:2:005:0 s 40 b9 0000 0000 0004 4 = 09009802
ffff8e67c4a97240 2935829494 C Co:2:005:0 0 4 >
ffff8e67c4a97240 2935829552 S Ii:2:005:3 -115:1 3 <
ffff8e67c4a97240 2935830870 C Ii:2:005:3 0:1 3 = 100000
ffff8e67c4a97240 2935830930 S Ci:2:005:0 s c0 bc 0800 0016 0002 2 <
ffff8e67c4a97240 2935833664 C Ci:2:005:0 0 2 = 0900
ffff8e67c4a97240 2935833717 S Ci:2:005:0 s c0 bc 0900 001c 0002 2 <
ffff8e67c4a97240 2935836482 C Ci:2:005:0 0 2 = 2f6f
ffff8e67c4a97240 2935836536 S Ci:2:005:0 s c0 bc 0800 23be 0002 2 <
ffff8e67c4a97240 2935839144 C Ci:2:005:0 0 2 = 0000
ffff8e67c4a97240 2935839197 S Co:2:005:0 s 40 bc 0900 0014 0002 2 = d39e
ffff8e67c4a97240 2935841898 C Co:2:005:0 0 2 >
ffff8e67c4a97240 2935841956 S Ci:2:005:0 s c0 bc 0900 001c 0002 2 <
ffff8e67c4a97240 2935844636 C Ci:2:005:0 0 2 = 2f6f
ffff8e67c4a97240 2935844701 S Co:2:005:0 s 40 bc 0800 00c0 0002 2 = 0f89
ffff8e67c4a97240 2935847371 C Co:2:005:0 0 2 >
ffff8e67c4a97240 2935847431 S Co:2:005:0 s 40 b9 0000 0000 0004 4 = 09009802
ffff8e67c4a97240 2935850115 C Co:2:005:0 0 4 >
ffff8e67c4a97240 2935850172 S Ii:2:005:3 -115:1 3 <
ffff8e67c4a97240 2935851475 C Ii:2:005:3 0:1 3 = 100000
ffff8e67c4a97240 2935851533 S Ci:2:005:0 s c0 bc 0800 0016 0002 2 <
ffff8e67c4a97240 2935854256 C Ci:2:005:0 0 2 = 0900
ffff8e67c4a97240 2935854317 S Ci:2:005:0 s c0 bc 0900 001c 0002 2 <
ffff8e67c4a97240 2935857032 C Ci:2:005:0 0 2 = 2f6f
ffff8e67c4a97240 2935857085 S Ci:2:005:0 s c0 bc 0800 23be 0002 2 <
ffff8e67c4a97240 2935859747 C Ci:2:005:0 0 2 = 0000
ffff8e67c4a97240 2935859897 S Co:2:005:0 s 40 bc 0900 0014 0002 2 = d39e
ffff8e67c4a97240 2935862520 C Co:2:005:0 0 2 >
ffff8e67c4a97240 2935862581 S Ci:2:005:0 s c0 bc 0900 001c 0002 2 <
ffff8e67c4a97240 2935865306 C Ci:2:005:0 0 2 = 2f6f
ffff8e67c4a97240 2935865372 S Co:2:005:0 s 40 bc 0800 00c0 0004 4 = 99895b00
ffff8e67c4a97240 2935868032 C Co:2:005:0 0 4 >
ffff8e67c4a97240 2935868090 S Co:2:005:0 s 40 b9 0000 0000 0004 4 = 09006603
ffff8e67c4a97240 2935870738 C Co:2:005:0 0 4 >
ffff8e67c4a97240 2935870810 S Ii:2:005:3 -115:1 3 <
ffff8e67c4a97240 2935872137 C Ii:2:005:3 0:1 3 = 100000
ffff8e67c4a97240 2935872198 S Ci:2:005:0 s c0 bc 0800 0016 0002 2 <
ffff8e67c4a97240 2935874889 C Ci:2:005:0 0 2 = 0900
ffff8e67c4a97240 2935874949 S Ci:2:005:0 s c0 bc 0900 001c 0002 2 <
ffff8e67c4a97240 2935877643 C Ci:2:005:0 0 2 = 2f6f
ffff8e67c4a97240 2935877703 S Ci:2:005:0 s c0 bc 0800 23be 0002 2 <
ffff8e67c4a97240 2935880397 C Ci:2:005:0 0 2 = 0000
ffff8e67c4a97240 2935880457 S Co:2:005:0 s 40 bc 0900 0014 0002 2 = d39e
ffff8e67c4a97240 2935883070 C Co:2:005:0 0 2 >
ffff8e67c4a97240 2935883129 S Ci:2:005:0 s c0 bc 0900 001c 0002 2 <
ffff8e67c4a97240 2935885755 C Ci:2:005:0 0 2 = 2f6f
ffff8e67c4a97240 2935885837 S Co:2:005:0 s 40 b9 0000 0000 0004 4 = 09016601
ffff8e67c4a97240 2935888486 C Co:2:005:0 0 4 >
ffff8e67c4a97240 2935888543 S Ii:2:005:3 -115:1 3 <
ffff8e67c4a97240 2935889866 C Ii:2:005:3 0:1 3 = 100000
ffff8e67c4a97240 2935889925 S Ci:2:005:0 s c0 bc 0800 0016 0002 2 <
ffff8e67c4a97240 2935892641 C Ci:2:005:0 0 2 = 0900
ffff8e67c4a97240 2935892702 S Ci:2:005:0 s c0 bc 0900 001c 0002 2 <
ffff8e67c4a97240 2935895409 C Ci:2:005:0 0 2 = 2f6f
ffff8e67c4a97240 2935895464 S Ci:2:005:0 s c0 bc 0800 23be 0004 4 <
ffff8e67c4a97240 2935898160 C Ci:2:005:0 0 4 = 000017d9
ffff8e67c4a97240 2935898224 S Co:2:005:0 s 40 bc 0800 00c0 0004 4 = 99895a00
ffff8e67c4a97240 2935900876 C Co:2:005:0 0 4 >
ffff8e67c4a97240 2935900934 S Co:2:005:0 s 40 b9 0000 0000 0004 4 = 09006603
ffff8e67c4a97240 2935903623 C Co:2:005:0 0 4 >
ffff8e67c4a97240 2935903682 S Ii:2:005:3 -115:1 3 <
ffff8e67c4a97240 2935905005 C Ii:2:005:3 0:1 3 = 100000
ffff8e67c4a97240 2935905066 S Ci:2:005:0 s c0 bc 0800 0016 0002 2 <
ffff8e67c4a97240 2935907789 C Ci:2:005:0 0 2 = 0900
ffff8e67c4a97240 2935907857 S Ci:2:005:0 s c0 bc 0900 001c 0002 2 <
ffff8e67c4a97240 2935910473 C Ci:2:005:0 0 2 = 2f6f
ffff8e67c4a97240 2935910526 S Ci:2:005:0 s c0 bc 0800 23be 0002 2 <
ffff8e67c4a97240 2935913244 C Ci:2:005:0 0 2 = 0000
ffff8e67c4a97240 2935913351 S Co:2:005:0 s 40 bc 0900 0014 0002 2 = d39e
ffff8e67c4a97240 2935915957 C Co:2:005:0 0 2 >
ffff8e67c4a97240 2935916068 S Ci:2:005:0 s c0 bc 0900 001c 0002 2 <
ffff8e67c4a97240 2935918621 C Ci:2:005:0 0 2 = 2f6f
ffff8e67c4a97240 2935918684 S Co:2:005:0 s 40 b9 0000 0000 0004 4 = 09016601
ffff8e67c4a97240 2935921402 C Co:2:005:0 0 4 >
ffff8e67c4a97240 2935921460 S Ii:2:005:3 -115:1 3 <
ffff8e67c4a97240 2935922731 C Ii:2:005:3 0:1 3 = 100000
ffff8e67c4a97240 2935922812 S Ci:2:005:0 s c0 bc 0800 0016 0002 2 <
ffff8e67c4a97240 2935925575 C Ci:2:005:0 0 2 = 0900
ffff8e67c4a97240 2935925639 S Ci:2:005:0 s c0 bc 0900 001c 0002 2 <
ffff8e67c4a97240 2935928259 C Ci:2:005:0 0 2 = 2f6f
ffff8e67c4a97240 2935928418 S Ci:2:005:0 s c0 bc 0800 23be 0004 4 <
ffff8e67c4a97240 2935931066 C Ci:2:005:0 0 4 = 000007d9
ffff8e67c4a97240 2935931135 S Co:2:005:0 s 40 bc 0800 00c0 0004 4 = 99895900
ffff8e67c4a97240 2935933739 C Co:2:005:0 0 4 >
ffff8e67c4a97240 2935933813 S Co:2:005:0 s 40 b9 0000 0000 0004 4 = 09006603
ffff8e67c4a97240 2935936440 C Co:2:005:0 0 4 >
ffff8e67c4a97240 2935936499 S Ii:2:005:3 -115:1 3 <
ffff8e67c4a97240 2935937745 C Ii:2:005:3 0:1 3 = 100000
ffff8e67c4a97240 2935937821 S Ci:2:005:0 s c0 bc 0800 0016 0002 2 <
ffff8e67c4a97240 2935940619 C Ci:2:005:0 0 2 = 0900
ffff8e67c4a97240 2935940658 S Ci:2:005:0 s c0 bc 0900 001c 0002 2 <
ffff8e67c4a97240 2935943328 C Ci:2:005:0 0 2 = 2f6f
ffff8e67c4a97240 2935943383 S Ci:2:005:0 s c0 bc 0800 23be 0002 2 <
ffff8e67c4a97240 2935946070 C Ci:2:005:0 0 2 = 0000
ffff8e67c4a97240 2935946175 S Co:2:005:0 s 40 bc 0900 0014 0002 2 = d39e
ffff8e67c4a97240 2935948817 C Co:2:005:0 0 2 >
ffff8e67c4a97240 2935948886 S Ci:2:005:0 s c0 bc 0900 001c 0002 2 <
ffff8e67c4a97240 2935951548 C Ci:2:005:0 0 2 = 2f6f
ffff8e67c4a97240 2935951609 S Co:2:005:0 s 40 b9 0000 0000 0004 4 = 09016601
ffff8e67c4a97240 2935954316 C Co:2:005:0 0 4 >
ffff8e67c4a97240 2935954376 S Ii:2:005:3 -115:1 3 <
ffff8e67c4a97240 2935955642 C Ii:2:005:3 0:1 3 = 100000
ffff8e67c4a97240 2935955704 S Ci:2:005:0 s c0 bc 0800 0016 0002 2 <
ffff8e67c4a97240 2935958444 C Ci:2:005:0 0 2 = 0900
ffff8e67c4a97240 2935958508 S Ci:2:005:0 s c0 bc 0900 001c 0002 2 <
ffff8e67c4a97240 2935961165 C Ci:2:005:0 0 2 = 2f6f
ffff8e67c4a97240 2935961226 S Ci:2:005:0 s c0 bc 0800 23be 0004 4 <
ffff8e67c4a97240 2935963875 C Ci:2:005:0 0 4 = 00006ed9
ffff8e67c4a97240 2935963932 S Co:2:005:0 s 40 bc 0800 00c0 0004 4 = 9989c800
ffff8e67c4a97240 2935966535 C Co:2:005:0 0 4 >
ffff8e67c4a97240 2935966595 S Co:2:005:0 s 40 b9 0000 0000 0004 4 = 09006603
ffff8e67c4a97240 2935969396 C Co:2:005:0 0 4 >
ffff8e67c4a97240 2935969456 S Ii:2:005:3 -115:1 3 <
ffff8e67c4a97240 2935970743 C Ii:2:005:3 0:1 3 = 100000
ffff8e67c4a97240 2935970819 S Ci:2:005:0 s c0 bc 0800 0016 0002 2 <
ffff8e67c4a97240 2935973576 C Ci:2:005:0 0 2 = 0900
ffff8e67c4a97240 2935973640 S Ci:2:005:0 s c0 bc 0900 001c 0002 2 <
ffff8e67c4a97240 2935976325 C Ci:2:005:0 0 2 = 2f6f
ffff8e67c4a97240 2935976381 S Ci:2:005:0 s c0 bc 0800 23be 0002 2 <
ffff8e67c4a97240 2935979015 C Ci:2:005:0 0 2 = 0000
ffff8e67c4a97240 2935979130 S Co:2:005:0 s 40 bc 0900 0014 0002 2 = d39e
ffff8e67c4a97240 2935981780 C Co:2:005:0 0 2 >
ffff8e67c4a97240 2935981843 S Ci:2:005:0 s c0 bc 0900 001c 0002 2 <
ffff8e67c4a97240 2935984569 C Ci:2:005:0 0 2 = 2f6f
ffff8e67c4a97240 2935984632 S Co:2:005:0 s 40 b9 0000 0000 0004 4 = 09016601
ffff8e67c4a97240 2935987349 C Co:2:005:0 0 4 >
ffff8e67c4a97240 2935987400 S Ii:2:005:3 -115:1 3 <
ffff8e67c4a97240 2935988634 C Ii:2:005:3 0:1 3 = 100000
ffff8e67c4a97240 2935988695 S Ci:2:005:0 s c0 bc 0800 0016 0002 2 <
ffff8e67c4a97240 2935991588 C Ci:2:005:0 0 2 = 0900
ffff8e67c4a97240 2935991651 S Ci:2:005:0 s c0 bc 0900 001c 0002 2 <
ffff8e67c4a97240 2935994325 C Ci:2:005:0 0 2 = 2f6f
ffff8e67c4a97240 2935994382 S Ci:2:005:0 s c0 bc 0800 23be 0004 4 <
ffff8e67c4a97240 2935997012 C Ci:2:005:0 0 4 = 00006ed9
ffff8e67c4a97240 2935997076 S Co:2:005:0 s 40 bc 0800 00c0 0004 4 = 9989cf00
ffff8e67c4a97240 2935999894 C Co:2:005:0 0 4 >
ffff8e67c4a97240 2935999955 S Co:2:005:0 s 40 b9 0000 0000 0004 4 = 09006603
ffff8e67c4a97240 2936002560 C Co:2:005:0 0 4 >
ffff8e67c4a97240 2936002620 S Ii:2:005:3 -115:1 3 <
ffff8e67c4a97240 2936003833 C Ii:2:005:3 0:1 3 = 100000
ffff8e67c4a97240 2936003892 S Ci:2:005:0 s c0 bc 0800 0016 0002 2 <
ffff8e67c4a97240 2936006638 C Ci:2:005:0 0 2 = 0900
ffff8e67c4a97240 2936006692 S Ci:2:005:0 s c0 bc 0900 001c 0002 2 <
ffff8e67c4a97240 2936009450 C Ci:2:005:0 0 2 = 2f6f
ffff8e67c4a97240 2936009501 S Ci:2:005:0 s c0 bc 0800 23be 0002 2 <
ffff8e67c4a97240 2936012148 C Ci:2:005:0 0 2 = 0000
ffff8e67c4a97240 2936012212 S Co:2:005:0 s 40 bc 0900 0014 0002 2 = d39e
ffff8e67c4a97240 2936014890 C Co:2:005:0 0 2 >
ffff8e67c4a97240 2936014952 S Ci:2:005:0 s c0 bc 0900 001c 0002 2 <
ffff8e67c4a97240 2936017669 C Ci:2:005:0 0 2 = 2f6f
ffff8e67c4a97240 2936017732 S Co:2:005:0 s 40 b9 0000 0000 0004 4 = 09016601
ffff8e67c4a97240 2936020447 C Co:2:005:0 0 4 >
ffff8e67c4a97240 2936020507 S Ii:2:005:3 -115:1 3 <
ffff8e67c4a97240 2936021734 C Ii:2:005:3 0:1 3 = 100000
ffff8e67c4a97240 2936021806 S Ci:2:005:0 s c0 bc 0800 0016 0002 2 <
ffff8e67c4a97240 2936024606 C Ci:2:005:0 0 2 = 0900
ffff8e67c4a97240 2936024671 S Ci:2:005:0 s c0 bc 0900 001c 0002 2 <
ffff8e67c4a97240 2936027318 C Ci:2:005:0 0 2 = 2f6f
ffff8e67c4a97240 2936027374 S Ci:2:005:0 s c0 bc 0800 23be 0004 4 <
ffff8e67c4a97240 2936030054 C Ci:2:005:0 0 4 = 000076d9
ffff8e67c4a97240 2936030119 S Co:2:005:0 s 40 bc 0800 00c0 0004 4 = 9989ce00
ffff8e67c4a97240 2936032675 C Co:2:005:0 0 4 >
ffff8e67c4a97240 2936032735 S Co:2:005:0 s 40 b9 0000 0000 0004 4 = 09006603
ffff8e67c4a97240 2936035301 C Co:2:005:0 0 4 >
ffff8e67c4a97240 2936035359 S Ii:2:005:3 -115:1 3 <
ffff8e67c4a97240 2936036507 C Ii:2:005:3 0:1 3 = 100000
ffff8e67c4a97240 2936036565 S Ci:2:005:0 s c0 bc 0800 0016 0002 2 <
ffff8e67c4a97240 2936039278 C Ci:2:005:0 0 2 = 0900
ffff8e67c4a97240 2936039341 S Ci:2:005:0 s c0 bc 0900 001c 0002 2 <
ffff8e67c4a97240 2936042020 C Ci:2:005:0 0 2 = 2f6f
ffff8e67c4a97240 2936042072 S Ci:2:005:0 s c0 bc 0800 23be 0002 2 <
ffff8e67c4a97240 2936044692 C Ci:2:005:0 0 2 = 0000
ffff8e67c4a97240 2936044753 S Co:2:005:0 s 40 bc 0900 0014 0002 2 = d39e
ffff8e67c4a97240 2936047394 C Co:2:005:0 0 2 >
ffff8e67c4a97240 2936047456 S Ci:2:005:0 s c0 bc 0900 001c 0002 2 <
ffff8e67c4a97240 2936050079 C Ci:2:005:0 0 2 = 2f6f
ffff8e67c4a97240 2936050134 S Co:2:005:0 s 40 b9 0000 0000 0004 4 = 09016601
ffff8e67c4a97240 2936052743 C Co:2:005:0 0 4 >
ffff8e67c4a97240 2936052819 S Ii:2:005:3 -115:1 3 <
ffff8e67c4a97240 2936054059 C Ii:2:005:3 0:1 3 = 100000
ffff8e67c4a97240 2936054127 S Ci:2:005:0 s c0 bc 0800 0016 0002 2 <
ffff8e67c4a97240 2936056880 C Ci:2:005:0 0 2 = 0900
ffff8e67c4a97240 2936056943 S Ci:2:005:0 s c0 bc 0900 001c 0002 2 <
ffff8e67c4a97240 2936059477 C Ci:2:005:0 0 2 = 2f6f
ffff8e67c4a97240 2936059539 S Ci:2:005:0 s c0 bc 0800 23be 0004 4 <
ffff8e67c4a97240 2936062257 C Ci:2:005:0 0 4 = 00006ed9
ffff8e67c4a97240 2936062315 S Co:2:005:0 s 40 bc 0800 00c0 0002 2 = 0f88
ffff8e67c4a97240 2936064855 C Co:2:005:0 0 2 >
ffff8e67c4a97240 2936064917 S Co:2:005:0 s 40 b9 0000 0000 0004 4 = 09009802
ffff8e67c4a97240 2936067521 C Co:2:005:0 0 4 >
ffff8e67c4a97240 2936067581 S Ii:2:005:3 -115:1 3 <
ffff8e67c4a97240 2936068754 C Ii:2:005:3 0:1 3 = 100000
ffff8e67c4a97240 2936068822 S Ci:2:005:0 s c0 bc 0800 0016 0002 2 <
ffff8e67c4a97240 2936071501 C Ci:2:005:0 0 2 = 0900
ffff8e67c4a97240 2936071565 S Ci:2:005:0 s c0 bc 0900 001c 0002 2 <
ffff8e67c4a97240 2936074254 C Ci:2:005:0 0 2 = 2f6f
ffff8e67c4a97240 2936074310 S Ci:2:005:0 s c0 bc 0800 23be 0002 2 <
ffff8e67c4a97240 2936076819 C Ci:2:005:0 0 2 = 0000
ffff8e67c4a97240 2936076872 S Co:2:005:0 s 40 bc 0900 0014 0002 2 = d39e
ffff8e67c4a97240 2936079525 C Co:2:005:0 0 2 >
ffff8e67c4a97240 2936079587 S Ci:2:005:0 s c0 bc 0900 001c 0002 2 <
ffff8e67c4a97240 2936082241 C Ci:2:005:0 0 2 = 2f6f
ffff8e67c4a97240 2936082308 S Co:2:005:0 s 40 bc 0800 00c0 0004 4 = aab829f6
ffff8e67c4a97240 2936084830 C Co:2:005:0 0 4 >
ffff8e67c4a97240 2936084889 S Co:2:005:0 s 40 b9 0000 0000 0004 4 = 09006604
ffff8e67c4a97240 2936087453 C Co:2:005:0 0 4 >
ffff8e67c4a97240 2936087513 S Ii:2:005:3 -115:1 3 <
ffff8e67c4a97240 2936088753 C Ii:2:005:3 0:1 3 = 100000
ffff8e67c4a97240 2936088821 S Ci:2:005:0 s c0 bc 0800 0016 0002 2 <
ffff8e67c4a97240 2936091626 C Ci:2:005:0 0 2 = 0900
ffff8e67c4a97240 2936091690 S Ci:2:005:0 s c0 bc 0900 001c 0002 2 <
ffff8e67c4a97240 2936094428 C Ci:2:005:0 0 2 = 2f6f
ffff8e67c4a97240 2936094482 S Ci:2:005:0 s c0 bc 0800 23be 0002 2 <
ffff8e67c4a97240 2936097130 C Ci:2:005:0 0 2 = 0000
ffff8e67c4a97240 2936097186 S Co:2:005:0 s 40 bc 0900 0014 0002 2 = d39e
ffff8e67c4a97240 2936099861 C Co:2:005:0 0 2 >
ffff8e67c4a97240 2936099921 S Ci:2:005:0 s c0 bc 0900 001c 0002 2 <
ffff8e67c4a97240 2936102537 C Ci:2:005:0 0 2 = 2f6f
ffff8e67c4a97240 2936102604 S Co:2:005:0 s 40 bc 0800 00c0 0004 4 = a1087300
ffff8e67c4a97240 2936105259 C Co:2:005:0 0 4 >
ffff8e67c4a97240 2936105318 S Co:2:005:0 s 40 b9 0000 0000 0004 4 = 09006603
ffff8e67c4a97240 2936107892 C Co:2:005:0 0 4 >
ffff8e67c4a97240 2936107952 S Ii:2:005:3 -115:1 3 <
ffff8e67c4a97240 2936109147 C Ii:2:005:3 0:1 3 = 100000
ffff8e67c4a97240 2936109203 S Ci:2:005:0 s c0 bc 0800 0016 0002 2 <
ffff8e67c4a97240 2936112024 C Ci:2:005:0 0 2 = 0900
ffff8e67c4a97240 2936112090 S Ci:2:005:0 s c0 bc 0900 001c 0002 2 <
ffff8e67c4a97240 2936114733 C Ci:2:005:0 0 2 = 2f6f
ffff8e67c4a97240 2936114803 S Ci:2:005:0 s c0 bc 0800 23be 0002 2 <
ffff8e67c4a97240 2936117632 C Ci:2:005:0 0 2 = 0000
ffff8e67c4a97240 2936117694 S Co:2:005:0 s 40 bc 0900 0014 0002 2 = d39e
ffff8e67c4a97240 2936120267 C Co:2:005:0 0 2 >
ffff8e67c4a97240 2936120330 S Ci:2:005:0 s c0 bc 0900 001c 0002 2 <
ffff8e67c4a97240 2936122993 C Ci:2:005:0 0 2 = 2f6f
ffff8e67c4a97240 2936123058 S Co:2:005:0 s 40 b9 0000 0000 0004 4 = 09016608
ffff8e67c4a97240 2936125736 C Co:2:005:0 0 4 >
ffff8e67c4a97240 2936125807 S Ii:2:005:3 -115:1 3 <
ffff8e67c4a97240 2936127102 C Ii:2:005:3 0:1 3 = 100000
ffff8e67c4a97240 2936127164 S Ci:2:005:0 s c0 bc 0800 0016 0002 2 <
ffff8e67c4a97240 2936129877 C Ci:2:005:0 0 2 = 0900
ffff8e67c4a97240 2936129942 S Ci:2:005:0 s c0 bc 0900 001c 0002 2 <
ffff8e67c4a97240 2936132556 C Ci:2:005:0 0 2 = 2f6f
ffff8e67c4a97240 2936132625 S Ci:2:005:0 s c0 bc 0800 23be 000a 10 <
ffff8e67c4a97240 2936135212 C Ci:2:005:0 0 10 = 0000e6a6 33c04dda 670b
ffff8e67c4a97240 2936135324 S Co:2:005:0 s 40 bc 0800 00c0 0004 4 = a1087b00
ffff8e67c4a97240 2936137991 C Co:2:005:0 0 4 >
ffff8e67c4a97240 2936138052 S Co:2:005:0 s 40 b9 0000 0000 0004 4 = 09006603
ffff8e67c4a97240 2936140725 C Co:2:005:0 0 4 >
ffff8e67c4a97240 2936140809 S Ii:2:005:3 -115:1 3 <
ffff8e67c4a97240 2936142078 C Ii:2:005:3 0:1 3 = 100000
ffff8e67c4a97240 2936142137 S Ci:2:005:0 s c0 bc 0800 0016 0002 2 <
ffff8e67c4a97240 2936144882 C Ci:2:005:0 0 2 = 0900
ffff8e67c4a97240 2936144945 S Ci:2:005:0 s c0 bc 0900 001c 0002 2 <
ffff8e67c4a97240 2936147513 C Ci:2:005:0 0 2 = 2f6f
ffff8e67c4a97240 2936147574 S Ci:2:005:0 s c0 bc 0800 23be 0002 2 <
ffff8e67c4a97240 2936150221 C Ci:2:005:0 0 2 = 0000
ffff8e67c4a97240 2936150275 S Co:2:005:0 s 40 bc 0900 0014 0002 2 = d39e
ffff8e67c4a97240 2936152962 C Co:2:005:0 0 2 >
ffff8e67c4a97240 2936153024 S Ci:2:005:0 s c0 bc 0900 001c 0002 2 <
ffff8e67c4a97240 2936155625 C Ci:2:005:0 0 2 = 2f6f
ffff8e67c4a97240 2936155689 S Co:2:005:0 s 40 b9 0000 0000 0004 4 = 09016608
ffff8e67c4a97240 2936158401 C Co:2:005:0 0 4 >
ffff8e67c4a97240 2936158460 S Ii:2:005:3 -115:1 3 <
ffff8e67c4a97240 2936159673 C Ii:2:005:3 0:1 3 = 100000
ffff8e67c4a97240 2936159732 S Ci:2:005:0 s c0 bc 0800 0016 0002 2 <
ffff8e67c4a97240 2936162571 C Ci:2:005:0 0 2 = 0900
ffff8e67c4a97240 2936162634 S Ci:2:005:0 s c0 bc 0900 001c 0002 2 <
ffff8e67c4a97240 2936165261 C Ci:2:005:0 0 2 = 2f6f
ffff8e67c4a97240 2936165317 S Ci:2:005:0 s c0 bc 0800 23be 000a 10 <
ffff8e67c4a97240 2936167958 C Ci:2:005:0 0 10 = 0000f2b8 cd3fb225 980b
ffff8e67c4a97240 2936168082 S Co:2:005:0 s 40 bc 0800 00c0 0004 4 = a1086300
ffff8e67c4a97240 2936170727 C Co:2:005:0 0 4 >
ffff8e67c4a97240 2936170802 S Co:2:005:0 s 40 b9 0000 0000 0004 4 = 09006603
ffff8e67c4a97240 2936173546 C Co:2:005:0 0 4 >
ffff8e67c4a97240 2936173607 S Ii:2:005:3 -115:1 3 <
ffff8e67c4a97240 2936174802 C Ii:2:005:3 0:1 3 = 100000
ffff8e67c4a97240 2936174860 S Ci:2:005:0 s c0 bc 0800 0016 0002 2 <
ffff8e67c4a97240 2936177521 C Ci:2:005:0 0 2 = 0900
ffff8e67c4a97240 2936177584 S Ci:2:005:0 s c0 bc 0900 001c 0002 2 <
ffff8e67c4a97240 2936180241 C Ci:2:005:0 0 2 = 2f6f
ffff8e67c4a97240 2936180297 S Ci:2:005:0 s c0 bc 0800 23be 0002 2 <
ffff8e67c4a97240 2936182867 C Ci:2:005:0 0 2 = 0000
ffff8e67c4a97240 2936182923 S Co:2:005:0 s 40 bc 0900 0014 0002 2 = d39e
ffff8e67c4a97240 2936185584 C Co:2:005:0 0 2 >
ffff8e67c4a97240 2936185646 S Ci:2:005:0 s c0 bc 0900 001c 0002 2 <
ffff8e67c4a97240 2936188240 C Ci:2:005:0 0 2 = 2f6f
ffff8e67c4a97240 2936188304 S Co:2:005:0 s 40 b9 0000 0000 0004 4 = 09016608
ffff8e67c4a97240 2936191003 C Co:2:005:0 0 4 >
ffff8e67c4a97240 2936191067 S Ii:2:005:3 -115:1 3 <
ffff8e67c4a97240 2936192344 C Ii:2:005:3 0:1 3 = 100000
ffff8e67c4a97240 2936192403 S Ci:2:005:0 s c0 bc 0800 0016 0002 2 <
ffff8e67c4a97240 2936195092 C Ci:2:005:0 0 2 = 0900
ffff8e67c4a97240 2936195142 S Ci:2:005:0 s c0 bc 0900 001c 0002 2 <
ffff8e67c4a97240 2936197702 C Ci:2:005:0 0 2 = 2f6f
ffff8e67c4a97240 2936197782 S Ci:2:005:0 s c0 bc 0800 23be 000a 10 <
ffff8e67c4a97240 2936200635 C Ci:2:005:0 0 10 = 0000f74e cd3c3225 9a73
ffff8e67c4a97240 2936200704 S Co:2:005:0 s 40 bc 0800 00c0 0004 4 = a1086b00
ffff8e67c4a97240 2936203347 C Co:2:005:0 0 4 >
ffff8e67c4a97240 2936203408 S Co:2:005:0 s 40 b9 0000 0000 0004 4 = 09006603
ffff8e67c4a97240 2936205989 C Co:2:005:0 0 4 >
ffff8e67c4a97240 2936206050 S Ii:2:005:3 -115:1 3 <
ffff8e67c4a97240 2936207364 C Ii:2:005:3 0:1 3 = 100000
ffff8e67c4a97240 2936207424 S Ci:2:005:0 s c0 bc 0800 0016 0002 2 <
ffff8e67c4a97240 2936210137 C Ci:2:005:0 0 2 = 0900
ffff8e67c4a97240 2936210201 S Ci:2:005:0 s c0 bc 0900 001c 0002 2 <
ffff8e67c4a97240 2936212841 C Ci:2:005:0 0 2 = 2f6f
ffff8e67c4a97240 2936212902 S Ci:2:005:0 s c0 bc 0800 23be 0002 2 <
ffff8e67c4a97240 2936215630 C Ci:2:005:0 0 2 = 0000
ffff8e67c4a97240 2936215693 S Co:2:005:0 s 40 bc 0900 0014 0002 2 = d39e
ffff8e67c4a97240 2936218377 C Co:2:005:0 0 2 >
ffff8e67c4a97240 2936218440 S Ci:2:005:0 s c0 bc 0900 001c 0002 2 <
ffff8e67c4a97240 2936221212 C Ci:2:005:0 0 2 = 2f6f
ffff8e67c4a97240 2936221272 S Co:2:005:0 s 40 b9 0000 0000 0004 4 = 09016608
ffff8e67c4a97240 2936223945 C Co:2:005:0 0 4 >
ffff8e67c4a97240 2936224003 S Ii:2:005:3 -115:1 3 <
ffff8e67c4a97240 2936225313 C Ii:2:005:3 0:1 3 = 100000
ffff8e67c4a97240 2936225375 S Ci:2:005:0 s c0 bc 0800 0016 0002 2 <
ffff8e67c4a97240 2936227998 C Ci:2:005:0 0 2 = 0900
ffff8e67c4a97240 2936228086 S Ci:2:005:0 s c0 bc 0900 001c 0002 2 <
ffff8e67c4a97240 2936230788 C Ci:2:005:0 0 2 = 2f6f
ffff8e67c4a97240 2936230857 S Ci:2:005:0 s c0 bc 0800 23be 000a 10 <
ffff8e67c4a97240 2936233437 C Ci:2:005:0 0 10 = 0000fc96 b89ce569 2828
ffff8e67c4a97240 2936233543 S Co:2:005:0 s 40 bc 0800 00c0 0004 4 = a1085300
ffff8e67c4a97240 2936236197 C Co:2:005:0 0 4 >
ffff8e67c4a97240 2936236259 S Co:2:005:0 s 40 b9 0000 0000 0004 4 = 09006603
ffff8e67c4a97240 2936238980 C Co:2:005:0 0 4 >
ffff8e67c4a97240 2936239042 S Ii:2:005:3 -115:1 3 <
ffff8e67c4a97240 2936240217 C Ii:2:005:3 0:1 3 = 100000
ffff8e67c4a97240 2936240248 S Ci:2:005:0 s c0 bc 0800 0016 0002 2 <
ffff8e67c4a97240 2936242866 C Ci:2:005:0 0 2 = 0900
ffff8e67c4a97240 2936242907 S Ci:2:005:0 s c0 bc 0900 001c 0002 2 <
ffff8e67c4a97240 2936245564 C Ci:2:005:0 0 2 = 2f6f
ffff8e67c4a97240 2936245628 S Ci:2:005:0 s c0 bc 0800 23be 0002 2 <
ffff8e67c4a97240 2936248194 C Ci:2:005:0 0 2 = 0000
ffff8e67c4a97240 2936248249 S Co:2:005:0 s 40 bc 0900 0014 0002 2 = d39e
ffff8e67c4a97240 2936250828 C Co:2:005:0 0 2 >
ffff8e67c4a97240 2936250889 S Ci:2:005:0 s c0 bc 0900 001c 0002 2 <
ffff8e67c4a97240 2936253441 C Ci:2:005:0 0 2 = 2f6f
ffff8e67c4a97240 2936253506 S Co:2:005:0 s 40 b9 0000 0000 0004 4 = 09016608
ffff8e67c4a97240 2936256036 C Co:2:005:0 0 4 >
ffff8e67c4a97240 2936256099 S Ii:2:005:3 -115:1 3 <
ffff8e67c4a97240 2936257229 C Ii:2:005:3 0:1 3 = 100000
ffff8e67c4a97240 2936257289 S Ci:2:005:0 s c0 bc 0800 0016 0002 2 <
ffff8e67c4a97240 2936260044 C Ci:2:005:0 0 2 = 0900
ffff8e67c4a97240 2936260119 S Ci:2:005:0 s c0 bc 0900 001c 0002 2 <
ffff8e67c4a97240 2936262707 C Ci:2:005:0 0 2 = 2f6f
ffff8e67c4a97240 2936262913 S Ci:2:005:0 s c0 bc 0800 23be 000a 10 <
ffff8e67c4a97240 2936265408 C Ci:2:005:0 0 10 = 0000ef11 803fb225 19cb
ffff8e67c4a97240 2936265477 S Co:2:005:0 s 40 bc 0800 00c0 0004 4 = a1085b00
ffff8e67c4a97240 2936268014 C Co:2:005:0 0 4 >
ffff8e67c4a97240 2936268080 S Co:2:005:0 s 40 b9 0000 0000 0004 4 = 09006603
ffff8e67c4a97240 2936270670 C Co:2:005:0 0 4 >
ffff8e67c4a97240 2936270732 S Ii:2:005:3 -115:1 3 <
ffff8e67c4a97240 2936271974 C Ii:2:005:3 0:1 3 = 100000
ffff8e67c4a97240 2936272034 S Ci:2:005:0 s c0 bc 0800 0016 0002 2 <
ffff8e67c4a97240 2936274675 C Ci:2:005:0 0 2 = 0900
ffff8e67c4a97240 2936274736 S Ci:2:005:0 s c0 bc 0900 001c 0002 2 <
ffff8e67c4a97240 2936277352 C Ci:2:005:0 0 2 = 2f6f
ffff8e67c4a97240 2936277409 S Ci:2:005:0 s c0 bc 0800 23be 0002 2 <
ffff8e67c4a97240 2936279950 C Ci:2:005:0 0 2 = 0000
ffff8e67c4a97240 2936280012 S Co:2:005:0 s 40 bc 0900 0014 0002 2 = d39e
ffff8e67c4a97240 2936282641 C Co:2:005:0 0 2 >
ffff8e67c4a97240 2936282700 S Ci:2:005:0 s c0 bc 0900 001c 0002 2 <
ffff8e67c4a97240 2936285676 C Ci:2:005:0 0 2 = 2f6f
ffff8e67c4a97240 2936285788 S Co:2:005:0 s 40 b9 0000 0000 0004 4 = 09016608
ffff8e67c4a97240 2936288348 C Co:2:005:0 0 4 >
ffff8e67c4a97240 2936288408 S Ii:2:005:3 -115:1 3 <
ffff8e67c4a97240 2936289610 C Ii:2:005:3 0:1 3 = 100000
ffff8e67c4a97240 2936289670 S Ci:2:005:0 s c0 bc 0800 0016 0002 2 <
ffff8e67c4a97240 2936292486 C Ci:2:005:0 0 2 = 0900
ffff8e67c4a97240 2936292550 S Ci:2:005:0 s c0 bc 0900 001c 0002 2 <
ffff8e67c4a97240 2936295166 C Ci:2:005:0 0 2 = 2f6f
ffff8e67c4a97240 2936295221 S Ci:2:005:0 s c0 bc 0800 23be 000a 10 <
ffff8e67c4a97240 2936297807 C Ci:2:005:0 0 10 = 00003799 cd3eb324 990a
ffff8e67c4a97240 2936297865 S Co:2:005:0 s 40 bc 0800 00c0 0004 4 = a1084300
ffff8e67c4a97240 2936300628 C Co:2:005:0 0 4 >
ffff8e67c4a97240 2936300690 S Co:2:005:0 s 40 b9 0000 0000 0004 4 = 09006603
ffff8e67c4a97240 2936303302 C Co:2:005:0 0 4 >
ffff8e67c4a97240 2936303361 S Ii:2:005:3 -115:1 3 <
ffff8e67c4a97240 2936304615 C Ii:2:005:3 0:1 3 = 100000
ffff8e67c4a97240 2936304674 S Ci:2:005:0 s c0 bc 0800 0016 0002 2 <
ffff8e67c4a97240 2936307522 C Ci:2:005:0 0 2 = 0900
ffff8e67c4a97240 2936307585 S Ci:2:005:0 s c0 bc 0900 001c 0002 2 <
ffff8e67c4a97240 2936310199 C Ci:2:005:0 0 2 = 2f6f
ffff8e67c4a97240 2936310252 S Ci:2:005:0 s c0 bc 0800 23be 0002 2 <
ffff8e67c4a97240 2936312929 C Ci:2:005:0 0 2 = 0000
ffff8e67c4a97240 2936312990 S Co:2:005:0 s 40 bc 0900 0014 0002 2 = d39e
ffff8e67c4a97240 2936315662 C Co:2:005:0 0 2 >
ffff8e67c4a97240 2936315717 S Ci:2:005:0 s c0 bc 0900 001c 0002 2 <
ffff8e67c4a97240 2936318356 C Ci:2:005:0 0 2 = 2f6f
ffff8e67c4a97240 2936318416 S Co:2:005:0 s 40 b9 0000 0000 0004 4 = 09016608
ffff8e67c4a97240 2936321066 C Co:2:005:0 0 4 >
ffff8e67c4a97240 2936321107 S Ii:2:005:3 -115:1 3 <
ffff8e67c4a97240 2936322354 C Ii:2:005:3 0:1 3 = 100000
ffff8e67c4a97240 2936322419 S Ci:2:005:0 s c0 bc 0800 0016 0002 2 <
ffff8e67c4a97240 2936325132 C Ci:2:005:0 0 2 = 0900
ffff8e67c4a97240 2936325212 S Ci:2:005:0 s c0 bc 0900 001c 0002 2 <
ffff8e67c4a97240 2936327790 C Ci:2:005:0 0 2 = 2f6f
ffff8e67c4a97240 2936327851 S Ci:2:005:0 s c0 bc 0800 23be 000a 10 <
ffff8e67c4a97240 2936330446 C Ci:2:005:0 0 10 = 0000e758 cd3eb324 9a31
ffff8e67c4a97240 2936330511 S Co:2:005:0 s 40 bc 0800 00c0 0004 4 = a1084b00
ffff8e67c4a97240 2936333200 C Co:2:005:0 0 4 >
ffff8e67c4a97240 2936333261 S Co:2:005:0 s 40 b9 0000 0000 0004 4 = 09006603
ffff8e67c4a97240 2936335827 C Co:2:005:0 0 4 >
ffff8e67c4a97240 2936335888 S Ii:2:005:3 -115:1 3 <
ffff8e67c4a97240 2936337141 C Ii:2:005:3 0:1 3 = 100000
ffff8e67c4a97240 2936337200 S Ci:2:005:0 s c0 bc 0800 0016 0002 2 <
ffff8e67c4a97240 2936339846 C Ci:2:005:0 0 2 = 0900
ffff8e67c4a97240 2936339910 S Ci:2:005:0 s c0 bc 0900 001c 0002 2 <
ffff8e67c4a97240 2936342492 C Ci:2:005:0 0 2 = 2f6f
ffff8e67c4a97240 2936342557 S Ci:2:005:0 s c0 bc 0800 23be 0002 2 <
ffff8e67c4a97240 2936345226 C Ci:2:005:0 0 2 = 0000
ffff8e67c4a97240 2936345282 S Co:2:005:0 s 40 bc 0900 0014 0002 2 = d39e
ffff8e67c4a97240 2936347990 C Co:2:005:0 0 2 >
ffff8e67c4a97240 2936348069 S Ci:2:005:0 s c0 bc 0900 001c 0002 2 <
ffff8e67c4a97240 2936350796 C Ci:2:005:0 0 2 = 2f6f
ffff8e67c4a97240 2936350887 S Co:2:005:0 s 40 b9 0000 0000 0004 4 = 09016608
ffff8e67c4a97240 2936353556 C Co:2:005:0 0 4 >
ffff8e67c4a97240 2936353621 S Ii:2:005:3 -115:1 3 <
ffff8e67c4a97240 2936354849 C Ii:2:005:3 0:1 3 = 100000
ffff8e67c4a97240 2936354912 S Ci:2:005:0 s c0 bc 0800 0016 0002 2 <
ffff8e67c4a97240 2936357436 C Ci:2:005:0 0 2 = 0900
ffff8e67c4a97240 2936357500 S Ci:2:005:0 s c0 bc 0900 001c 0002 2 <
ffff8e67c4a97240 2936360283 C Ci:2:005:0 0 2 = 2f6f
ffff8e67c4a97240 2936360337 S Ci:2:005:0 s c0 bc 0800 23be 000a 10 <
ffff8e67c4a97240 2936362940 C Ci:2:005:0 0 10 = 00006641 bd079f65 c027
ffff8e67c4a97240 2936363009 S Co:2:005:0 s 40 bc 0800 00c0 0004 4 = a1083300
ffff8e67c4a97240 2936365596 C Co:2:005:0 0 4 >
ffff8e67c4a97240 2936365657 S Co:2:005:0 s 40 b9 0000 0000 0004 4 = 09006603
ffff8e67c4a97240 2936368240 C Co:2:005:0 0 4 >
ffff8e67c4a97240 2936368302 S Ii:2:005:3 -115:1 3 <
ffff8e67c4a97240 2936369540 C Ii:2:005:3 0:1 3 = 100000
ffff8e67c4a97240 2936369604 S Ci:2:005:0 s c0 bc 0800 0016 0002 2 <
ffff8e67c4a97240 2936372364 C Ci:2:005:0 0 2 = 0900
ffff8e67c4a97240 2936372428 S Ci:2:005:0 s c0 bc 0900 001c 0002 2 <
ffff8e67c4a97240 2936375096 C Ci:2:005:0 0 2 = 2f6f
ffff8e67c4a97240 2936375152 S Ci:2:005:0 s c0 bc 0800 23be 0002 2 <
ffff8e67c4a97240 2936377820 C Ci:2:005:0 0 2 = 0000
ffff8e67c4a97240 2936377929 S Co:2:005:0 s 40 bc 0900 0014 0002 2 = d39e
ffff8e67c4a97240 2936380638 C Co:2:005:0 0 2 >
ffff8e67c4a97240 2936380701 S Ci:2:005:0 s c0 bc 0900 001c 0002 2 <
ffff8e67c4a97240 2936383377 C Ci:2:005:0 0 2 = 2f6f
ffff8e67c4a97240 2936383441 S Co:2:005:0 s 40 b9 0000 0000 0004 4 = 09016608
ffff8e67c4a97240 2936386092 C Co:2:005:0 0 4 >
ffff8e67c4a97240 2936386151 S Ii:2:005:3 -115:1 3 <
ffff8e67c4a97240 2936387487 C Ii:2:005:3 0:1 3 = 100000
ffff8e67c4a97240 2936387549 S Ci:2:005:0 s c0 bc 0800 0016 0002 2 <
ffff8e67c4a97240 2936390226 C Ci:2:005:0 0 2 = 0900
ffff8e67c4a97240 2936390290 S Ci:2:005:0 s c0 bc 0900 001c 0002 2 <
ffff8e67c4a97240 2936392926 C Ci:2:005:0 0 2 = 2f6f
ffff8e67c4a97240 2936392988 S Ci:2:005:0 s c0 bc 0800 23be 000a 10 <
ffff8e67c4a97240 2936395719 C Ci:2:005:0 0 10 = 0000a359 08b19325 9815
ffff8e67c4a97240 2936395799 S Co:2:005:0 s 40 bc 0800 00c0 0004 4 = a1083b00
ffff8e67c4a97240 2936398504 C Co:2:005:0 0 4 >
ffff8e67c4a97240 2936398564 S Co:2:005:0 s 40 b9 0000 0000 0004 4 = 09006603
ffff8e67c4a97240 2936401210 C Co:2:005:0 0 4 >
ffff8e67c4a97240 2936401270 S Ii:2:005:3 -115:1 3 <
ffff8e67c4a97240 2936402519 C Ii:2:005:3 0:1 3 = 100000
ffff8e67c4a97240 2936402577 S Ci:2:005:0 s c0 bc 0800 0016 0002 2 <
ffff8e67c4a97240 2936405407 C Ci:2:005:0 0 2 = 0900
ffff8e67c4a97240 2936405471 S Ci:2:005:0 s c0 bc 0900 001c 0002 2 <
ffff8e67c4a97240 2936408056 C Ci:2:005:0 0 2 = 2f6f
ffff8e67c4a97240 2936408109 S Ci:2:005:0 s c0 bc 0800 23be 0002 2 <
ffff8e67c4a97240 2936410869 C Ci:2:005:0 0 2 = 0000
ffff8e67c4a97240 2936410921 S Co:2:005:0 s 40 bc 0900 0014 0002 2 = d39e
ffff8e67c4a97240 2936413583 C Co:2:005:0 0 2 >
ffff8e67c4a97240 2936413646 S Ci:2:005:0 s c0 bc 0900 001c 0002 2 <
ffff8e67c4a97240 2936416375 C Ci:2:005:0 0 2 = 2f6f
ffff8e67c4a97240 2936416440 S Co:2:005:0 s 40 b9 0000 0000 0004 4 = 09016608
ffff8e67c4a97240 2936419074 C Co:2:005:0 0 4 >
ffff8e67c4a97240 2936419133 S Ii:2:005:3 -115:1 3 <
ffff8e67c4a97240 2936420450 C Ii:2:005:3 0:1 3 = 100000
ffff8e67c4a97240 2936420512 S Ci:2:005:0 s c0 bc 0800 0016 0002 2 <
ffff8e67c4a97240 2936423241 C Ci:2:005:0 0 2 = 0900
ffff8e67c4a97240 2936423304 S Ci:2:005:0 s c0 bc 0900 001c 0002 2 <
ffff8e67c4a97240 2936425936 C Ci:2:005:0 0 2 = 2f6f
ffff8e67c4a97240 2936426000 S Ci:2:005:0 s c0 bc 0800 23be 000a 10 <
ffff8e67c4a97240 2936428690 C Ci:2:005:0 0 10 = 0000e659 cc27b239 8e2b
ffff8e67c4a97240 2936428769 S Co:2:005:0 s 40 bc 0800 00c0 0004 4 = a1082300
ffff8e67c4a97240 2936431456 C Co:2:005:0 0 4 >
ffff8e67c4a97240 2936431518 S Co:2:005:0 s 40 b9 0000 0000 0004 4 = 09006603
ffff8e67c4a97240 2936434088 C Co:2:005:0 0 4 >
ffff8e67c4a97240 2936434149 S Ii:2:005:3 -115:1 3 <
ffff8e67c4a97240 2936435439 C Ii:2:005:3 0:1 3 = 100000
ffff8e67c4a97240 2936435501 S Ci:2:005:0 s c0 bc 0800 0016 0002 2 <
ffff8e67c4a97240 2936438222 C Ci:2:005:0 0 2 = 0900
ffff8e67c4a97240 2936438287 S Ci:2:005:0 s c0 bc 0900 001c 0002 2 <
ffff8e67c4a97240 2936440938 C Ci:2:005:0 0 2 = 2f6f
ffff8e67c4a97240 2936440998 S Ci:2:005:0 s c0 bc 0800 23be 0002 2 <
ffff8e67c4a97240 2936443717 C Ci:2:005:0 0 2 = 0000
ffff8e67c4a97240 2936443795 S Co:2:005:0 s 40 bc 0900 0014 0002 2 = d39e
ffff8e67c4a97240 2936446486 C Co:2:005:0 0 2 >
ffff8e67c4a97240 2936446546 S Ci:2:005:0 s c0 bc 0900 001c 0002 2 <
ffff8e67c4a97240 2936449202 C Ci:2:005:0 0 2 = 2f6f
ffff8e67c4a97240 2936449247 S Co:2:005:0 s 40 b9 0000 0000 0004 4 = 09016608
ffff8e67c4a97240 2936451860 C Co:2:005:0 0 4 >
ffff8e67c4a97240 2936451918 S Ii:2:005:3 -115:1 3 <
ffff8e67c4a97240 2936453160 C Ii:2:005:3 0:1 3 = 100000
ffff8e67c4a97240 2936453216 S Ci:2:005:0 s c0 bc 0800 0016 0002 2 <
ffff8e67c4a97240 2936455921 C Ci:2:005:0 0 2 = 0900
ffff8e67c4a97240 2936455963 S Ci:2:005:0 s c0 bc 0900 001c 0002 2 <
ffff8e67c4a97240 2936458686 C Ci:2:005:0 0 2 = 2f6f
ffff8e67c4a97240 2936458747 S Ci:2:005:0 s c0 bc 0800 23be 000a 10 <
ffff8e67c4a97240 2936461468 C Ci:2:005:0 0 10 = 0000be75 e93f76ab b90b
ffff8e67c4a97240 2936461534 S Co:2:005:0 s 40 bc 0800 00c0 0004 4 = a1082b00
ffff8e67c4a97240 2936464200 C Co:2:005:0 0 4 >
ffff8e67c4a97240 2936464287 S Co:2:005:0 s 40 b9 0000 0000 0004 4 = 09006603
ffff8e67c4a97240 2936466920 C Co:2:005:0 0 4 >
ffff8e67c4a97240 2936466980 S Ii:2:005:3 -115:1 3 <
ffff8e67c4a97240 2936468358 C Ii:2:005:3 0:1 3 = 100000
ffff8e67c4a97240 2936468416 S Ci:2:005:0 s c0 bc 0800 0016 0002 2 <
ffff8e67c4a97240 2936471079 C Ci:2:005:0 0 2 = 0900
ffff8e67c4a97240 2936471143 S Ci:2:005:0 s c0 bc 0900 001c 0002 2 <
ffff8e67c4a97240 2936473875 C Ci:2:005:0 0 2 = 2f6f
ffff8e67c4a97240 2936473938 S Ci:2:005:0 s c0 bc 0800 23be 0002 2 <
ffff8e67c4a97240 2936476675 C Ci:2:005:0 0 2 = 0000
ffff8e67c4a97240 2936476739 S Co:2:005:0 s 40 bc 0900 0014 0002 2 = d39e
ffff8e67c4a97240 2936479362 C Co:2:005:0 0 2 >
ffff8e67c4a97240 2936479425 S Ci:2:005:0 s c0 bc 0900 001c 0002 2 <
ffff8e67c4a97240 2936482070 C Ci:2:005:0 0 2 = 2f6f
ffff8e67c4a97240 2936482134 S Co:2:005:0 s 40 b9 0000 0000 0004 4 = 09016608
ffff8e67c4a97240 2936484713 C Co:2:005:0 0 4 >
ffff8e67c4a97240 2936484788 S Ii:2:005:3 -115:1 3 <
ffff8e67c4a97240 2936486087 C Ii:2:005:3 0:1 3 = 100000
ffff8e67c4a97240 2936486149 S Ci:2:005:0 s c0 bc 0800 0016 0002 2 <
ffff8e67c4a97240 2936488787 C Ci:2:005:0 0 2 = 0900
ffff8e67c4a97240 2936488848 S Ci:2:005:0 s c0 bc 0900 001c 0002 2 <
ffff8e67c4a97240 2936491515 C Ci:2:005:0 0 2 = 2f6f
ffff8e67c4a97240 2936491580 S Ci:2:005:0 s c0 bc 0800 23be 000a 10 <
ffff8e67c4a97240 2936494202 C Ci:2:005:0 0 10 = 0000e6c7 cc3fb2d9 984e
ffff8e67c4a97240 2936494263 S Co:2:005:0 s 40 bc 0800 00c0 0004 4 = a1081300
ffff8e67c4a97240 2936496900 C Co:2:005:0 0 4 >
ffff8e67c4a97240 2936496962 S Co:2:005:0 s 40 b9 0000 0000 0004 4 = 09006603
ffff8e67c4a97240 2936499590 C Co:2:005:0 0 4 >
ffff8e67c4a97240 2936499647 S Ii:2:005:3 -115:1 3 <
ffff8e67c4a97240 2936500872 C Ii:2:005:3 0:1 3 = 100000
ffff8e67c4a97240 2936500931 S Ci:2:005:0 s c0 bc 0800 0016 0002 2 <
ffff8e67c4a97240 2936503598 C Ci:2:005:0 0 2 = 0900
ffff8e67c4a97240 2936503662 S Ci:2:005:0 s c0 bc 0900 001c 0002 2 <
ffff8e67c4a97240 2936506338 C Ci:2:005:0 0 2 = 2f6f
ffff8e67c4a97240 2936506394 S Ci:2:005:0 s c0 bc 0800 23be 0002 2 <
ffff8e67c4a97240 2936508928 C Ci:2:005:0 0 2 = 0000
ffff8e67c4a97240 2936508991 S Co:2:005:0 s 40 bc 0900 0014 0002 2 = d39e
ffff8e67c4a97240 2936511709 C Co:2:005:0 0 2 >
ffff8e67c4a97240 2936511787 S Ci:2:005:0 s c0 bc 0900 001c 0002 2 <
ffff8e67c4a97240 2936514390 C Ci:2:005:0 0 2 = 2f6f
ffff8e67c4a97240 2936514454 S Co:2:005:0 s 40 b9 0000 0000 0004 4 = 09016608
ffff8e67c4a97240 2936517080 C Co:2:005:0 0 4 >
ffff8e67c4a97240 2936517140 S Ii:2:005:3 -115:1 3 <
ffff8e67c4a97240 2936518396 C Ii:2:005:3 0:1 3 = 100000
ffff8e67c4a97240 2936518480 S Ci:2:005:0 s c0 bc 0800 0016 0002 2 <
ffff8e67c4a97240 2936521212 C Ci:2:005:0 0 2 = 0900
ffff8e67c4a97240 2936521276 S Ci:2:005:0 s c0 bc 0900 001c 0002 2 <
ffff8e67c4a97240 2936523932 C Ci:2:005:0 0 2 = 2f6f
ffff8e67c4a97240 2936523997 S Ci:2:005:0 s c0 bc 0800 23be 000a 10 <
ffff8e67c4a97240 2936526627 C Ci:2:005:0 0 10 = 00008a3e ad4bdd2f b82b
ffff8e67c4a97240 2936526695 S Co:2:005:0 s 40 bc 0800 00c0 0004 4 = a1081b00
ffff8e67c4a97240 2936529377 C Co:2:005:0 0 4 >
ffff8e67c4a97240 2936529431 S Co:2:005:0 s 40 b9 0000 0000 0004 4 = 09006603
ffff8e67c4a97240 2936532086 C Co:2:005:0 0 4 >
ffff8e67c4a97240 2936532148 S Ii:2:005:3 -115:1 3 <
ffff8e67c4a97240 2936533232 C Ii:2:005:3 0:1 3 = 100000
ffff8e67c4a97240 2936533264 S Ci:2:005:0 s c0 bc 0800 0016 0002 2 <
ffff8e67c4a97240 2936535873 C Ci:2:005:0 0 2 = 0900
ffff8e67c4a97240 2936535909 S Ci:2:005:0 s c0 bc 0900 001c 0002 2 <
ffff8e67c4a97240 2936538523 C Ci:2:005:0 0 2 = 2f6f
ffff8e67c4a97240 2936538561 S Ci:2:005:0 s c0 bc 0800 23be 0002 2 <
ffff8e67c4a97240 2936541118 C Ci:2:005:0 0 2 = 0000
ffff8e67c4a97240 2936541150 S Co:2:005:0 s 40 bc 0900 0014 0002 2 = d39e
ffff8e67c4a97240 2936543842 C Co:2:005:0 0 2 >
ffff8e67c4a97240 2936543905 S Ci:2:005:0 s c0 bc 0900 001c 0002 2 <
ffff8e67c4a97240 2936546562 C Ci:2:005:0 0 2 = 2f6f
ffff8e67c4a97240 2936546626 S Co:2:005:0 s 40 b9 0000 0000 0004 4 = 09016608
ffff8e67c4a97240 2936549196 C Co:2:005:0 0 4 >
ffff8e67c4a97240 2936549262 S Ii:2:005:3 -115:1 3 <
ffff8e67c4a97240 2936550487 C Ii:2:005:3 0:1 3 = 100000
ffff8e67c4a97240 2936550539 S Ci:2:005:0 s c0 bc 0800 0016 0002 2 <
ffff8e67c4a97240 2936553222 C Ci:2:005:0 0 2 = 0900
ffff8e67c4a97240 2936553284 S Ci:2:005:0 s c0 bc 0900 001c 0002 2 <
ffff8e67c4a97240 2936555913 C Ci:2:005:0 0 2 = 2f6f
ffff8e67c4a97240 2936555975 S Ci:2:005:0 s c0 bc 0800 23be 000a 10 <
ffff8e67c4a97240 2936558659 C Ci:2:005:0 0 10 = 0000c679 ec1fb225 98f6
ffff8e67f59f0840 2936565991 S Co:2:005:0 s 40 bc 0800 00c0 0004 4 = a1080300
ffff8e67f59f0840 2936567892 C Co:2:005:0 0 4 >
ffff8e67f59f0840 2936568160 S Co:2:005:0 s 40 b9 0000 0000 0004 4 = 09006603
ffff8e67f59f0840 2936570609 C Co:2:005:0 0 4 >
ffff8e67f59f0840 2936570799 S Ii:2:005:3 -115:1 3 <
ffff8e67f59f0840 2936571966 C Ii:2:005:3 0:1 3 = 100000
ffff8e67f59f0840 2936572192 S Ci:2:005:0 s c0 bc 0800 0016 0002 2 <
ffff8e67f59f0840 2936574854 C Ci:2:005:0 0 2 = 0900
ffff8e67f59f0840 2936574970 S Ci:2:005:0 s c0 bc 0900 001c 0002 2 <
ffff8e67f59f0840 2936577334 C Ci:2:005:0 0 2 = 2f6f
ffff8e67f59f0840 2936577484 S Ci:2:005:0 s c0 bc 0800 23be 0002 2 <
ffff8e67f59f0840 2936579910 C Ci:2:005:0 0 2 = 0000
ffff8e67f59f0840 2936580047 S Co:2:005:0 s 40 bc 0900 0014 0002 2 = d39e
ffff8e67f59f0840 2936582570 C Co:2:005:0 0 2 >
ffff8e67f59f0840 2936582687 S Ci:2:005:0 s c0 bc 0900 001c 0002 2 <
ffff8e67f59f0840 2936585246 C Ci:2:005:0 0 2 = 2f6f
ffff8e67f59f0840 2936585331 S Co:2:005:0 s 40 b9 0000 0000 0004 4 = 09016608
ffff8e67f59f0840 2936587929 C Co:2:005:0 0 4 >
ffff8e67f59f0840 2936588079 S Ii:2:005:3 -115:1 3 <
ffff8e67f59f0840 2936589117 C Ii:2:005:3 0:1 3 = 100000
ffff8e67f59f0840 2936589234 S Ci:2:005:0 s c0 bc 0800 0016 0002 2 <
ffff8e67f59f0840 2936591829 C Ci:2:005:0 0 2 = 0900
ffff8e67f59f0840 2936592042 S Ci:2:005:0 s c0 bc 0900 001c 0002 2 <
ffff8e67f59f0840 2936594452 C Ci:2:005:0 0 2 = 2f6f
ffff8e67f59f0840 2936594570 S Ci:2:005:0 s c0 bc 0800 23be 000a 10 <
ffff8e67f59f0840 2936597153 C Ci:2:005:0 0 10 = 0000e64e f126f42a 9801
ffff8e67f59f0840 2936597304 S Co:2:005:0 s 40 bc 0800 00c0 0004 4 = a1080b00
ffff8e67f59f0840 2936599795 C Co:2:005:0 0 4 >
ffff8e67f59f0840 2936599893 S Co:2:005:0 s 40 b9 0000 0000 0004 4 = 09006603
ffff8e67f59f0840 2936602337 C Co:2:005:0 0 4 >
ffff8e67f59f0840 2936602474 S Ii:2:005:3 -115:1 3 <
ffff8e67f59f0840 2936603656 C Ii:2:005:3 0:1 3 = 100000
ffff8e67f59f0840 2936603788 S Ci:2:005:0 s c0 bc 0800 0016 0002 2 <
ffff8e67f59f0840 2936606324 C Ci:2:005:0 0 2 = 0900
ffff8e67f59f0840 2936606447 S Ci:2:005:0 s c0 bc 0900 001c 0002 2 <
ffff8e67f59f0840 2936608908 C Ci:2:005:0 0 2 = 2f6f
ffff8e67f59f0840 2936609057 S Ci:2:005:0 s c0 bc 0800 23be 0002 2 <
ffff8e67f59f0840 2936611582 C Ci:2:005:0 0 2 = 0000
ffff8e67f59f0840 2936611722 S Co:2:005:0 s 40 bc 0900 0014 0002 2 = d39e
ffff8e67f59f0840 2936614340 C Co:2:005:0 0 2 >
ffff8e67f59f0840 2936614485 S Ci:2:005:0 s c0 bc 0900 001c 0002 2 <
ffff8e67f59f0840 2936616948 C Ci:2:005:0 0 2 = 2f6f
ffff8e67f59f0840 2936617095 S Co:2:005:0 s 40 b9 0000 0000 0004 4 = 09016608
ffff8e67f59f0840 2936619558 C Co:2:005:0 0 4 >
ffff8e67f59f0840 2936619677 S Ii:2:005:3 -115:1 3 <
ffff8e67f59f0840 2936620757 C Ii:2:005:3 0:1 3 = 100000
ffff8e67f59f0840 2936620877 S Ci:2:005:0 s c0 bc 0800 0016 0002 2 <
ffff8e67f59f0840 2936623363 C Ci:2:005:0 0 2 = 0900
ffff8e67f59f0840 2936623511 S Ci:2:005:0 s c0 bc 0900 001c 0002 2 <
ffff8e67f59f0840 2936626082 C Ci:2:005:0 0 2 = 2f6f
ffff8e67f59f0840 2936626218 S Ci:2:005:0 s c0 bc 0800 23be 000a 10 <
ffff8e67f59f0840 2936628678 C Ci:2:005:0 0 10 = 0000c679 ec1f9205 99ee
ffff8e67f59f0840 2936628848 S Co:2:005:0 s 40 bc 0800 00c0 0004 4 = a108f300
ffff8e67f59f0840 2936631344 C Co:2:005:0 0 4 >
ffff8e67f59f0840 2936631469 S Co:2:005:0 s 40 b9 0000 0000 0004 4 = 09006603
ffff8e67f59f0840 2936633942 C Co:2:005:0 0 4 >
ffff8e67f59f0840 2936634072 S Ii:2:005:3 -115:1 3 <
ffff8e67f59f0840 2936635281 C Ii:2:005:3 0:1 3 = 100000
ffff8e67f59f0840 2936635431 S Ci:2:005:0 s c0 bc 0800 0016 0002 2 <
ffff8e67f59f0840 2936637888 C Ci:2:005:0 0 2 = 0900
ffff8e67f59f0840 2936638029 S Ci:2:005:0 s c0 bc 0900 001c 0002 2 <
ffff8e67f59f0840 2936640563 C Ci:2:005:0 0 2 = 2f6f
ffff8e67f59f0840 2936640734 S Ci:2:005:0 s c0 bc 0800 23be 0002 2 <
ffff8e67f59f0840 2936643246 C Ci:2:005:0 0 2 = 0000
ffff8e67f59f0840 2936643346 S Co:2:005:0 s 40 bc 0900 0014 0002 2 = d39e
ffff8e67f59f0840 2936645921 C Co:2:005:0 0 2 >
ffff8e67f59f0840 2936646068 S Ci:2:005:0 s c0 bc 0900 001c 0002 2 <
ffff8e67f59f0840 2936648560 C Ci:2:005:0 0 2 = 2f6f
ffff8e67f59f0840 2936648685 S Co:2:005:0 s 40 b9 0000 0000 0004 4 = 09016608
ffff8e67f59f0840 2936651215 C Co:2:005:0 0 4 >
ffff8e67f59f0840 2936651341 S Ii:2:005:3 -115:1 3 <
ffff8e67f59f0840 2936652529 C Ii:2:005:3 0:1 3 = 100000
ffff8e67f59f0840 2936652627 S Ci:2:005:0 s c0 bc 0800 0016 0002 2 <
ffff8e67f59f0840 2936655204 C Ci:2:005:0 0 2 = 0900
ffff8e67f59f0840 2936655326 S Ci:2:005:0 s c0 bc 0900 001c 0002 2 <
ffff8e67f59f0840 2936657804 C Ci:2:005:0 0 2 = 2f6f
ffff8e67f59f0840 2936658016 S Ci:2:005:0 s c0 bc 0800 23be 000a 10 <
ffff8e67f59f0840 2936660423 C Ci:2:005:0 0 10 = 0000e45a eacbe3a0 9c08
ffff8e67f59f0840 2936660544 S Co:2:005:0 s 40 bc 0800 00c0 0004 4 = a108fb00
ffff8e67f59f0840 2936663039 C Co:2:005:0 0 4 >
ffff8e67f59f0840 2936663171 S Co:2:005:0 s 40 b9 0000 0000 0004 4 = 09006603
ffff8e67f59f0840 2936665692 C Co:2:005:0 0 4 >
ffff8e67f59f0840 2936665818 S Ii:2:005:3 -115:1 3 <
ffff8e67f59f0840 2936667047 C Ii:2:005:3 0:1 3 = 100000
ffff8e67f59f0840 2936667172 S Ci:2:005:0 s c0 bc 0800 0016 0002 2 <
ffff8e67f59f0840 2936669682 C Ci:2:005:0 0 2 = 0900
ffff8e67f59f0840 2936669810 S Ci:2:005:0 s c0 bc 0900 001c 0002 2 <
ffff8e67f59f0840 2936672342 C Ci:2:005:0 0 2 = 2f6f
ffff8e67f59f0840 2936672487 S Ci:2:005:0 s c0 bc 0800 23be 0002 2 <
ffff8e67f59f0840 2936674932 C Ci:2:005:0 0 2 = 0000
ffff8e67f59f0840 2936675080 S Co:2:005:0 s 40 bc 0900 0014 0002 2 = d39e
ffff8e67f59f0840 2936677574 C Co:2:005:0 0 2 >
ffff8e67f59f0840 2936677702 S Ci:2:005:0 s c0 bc 0900 001c 0002 2 <
ffff8e67f59f0840 2936680202 C Ci:2:005:0 0 2 = 2f6f
ffff8e67f59f0840 2936680361 S Co:2:005:0 s 40 b9 0000 0000 0004 4 = 09016608
ffff8e67f59f0840 2936682828 C Co:2:005:0 0 4 >
ffff8e67f59f0840 2936682957 S Ii:2:005:3 -115:1 3 <
ffff8e67f59f0840 2936684042 C Ii:2:005:3 0:1 3 = 100000
ffff8e67f59f0840 2936684166 S Ci:2:005:0 s c0 bc 0800 0016 0002 2 <
ffff8e67f59f0840 2936686699 C Ci:2:005:0 0 2 = 0900
ffff8e67f59f0840 2936686848 S Ci:2:005:0 s c0 bc 0900 001c 0002 2 <
ffff8e67f59f0840 2936689304 C Ci:2:005:0 0 2 = 2f6f
ffff8e67f59f0840 2936689413 S Ci:2:005:0 s c0 bc 0800 23be 000a 10 <
ffff8e67f59f0840 2936691933 C Ci:2:005:0 0 10 = 0000e44b dfaba422 9e1a
ffff8e67f59f0840 2936692086 S Co:2:005:0 s 40 bc 0800 00c0 0004 4 = a108e300
ffff8e67f59f0840 2936694563 C Co:2:005:0 0 4 >
ffff8e67f59f0840 2936694685 S Co:2:005:0 s 40 b9 0000 0000 0004 4 = 09006603
ffff8e67f59f0840 2936697336 C Co:2:005:0 0 4 >
ffff8e67f59f0840 2936697466 S Ii:2:005:3 -115:1 3 <
ffff8e67f59f0840 2936698631 C Ii:2:005:3 0:1 3 = 100000
ffff8e67f59f0840 2936698769 S Ci:2:005:0 s c0 bc 0800 0016 0002 2 <
ffff8e67f59f0840 2936701317 C Ci:2:005:0 0 2 = 0900
ffff8e67f59f0840 2936701439 S Ci:2:005:0 s c0 bc 0900 001c 0002 2 <
ffff8e67f59f0840 2936703948 C Ci:2:005:0 0 2 = 2f6f
ffff8e67f59f0840 2936704105 S Ci:2:005:0 s c0 bc 0800 23be 0002 2 <
ffff8e67f59f0840 2936706572 C Ci:2:005:0 0 2 = 0000
ffff8e67f59f0840 2936706706 S Co:2:005:0 s 40 bc 0900 0014 0002 2 = d39e
ffff8e67f59f0840 2936709191 C Co:2:005:0 0 2 >
ffff8e67f59f0840 2936709361 S Ci:2:005:0 s c0 bc 0900 001c 0002 2 <
ffff8e67f59f0840 2936711835 C Ci:2:005:0 0 2 = 2f6f
ffff8e67f59f0840 2936711980 S Co:2:005:0 s 40 b9 0000 0000 0004 4 = 09016608
ffff8e67f59f0840 2936714437 C Co:2:005:0 0 4 >
ffff8e67f59f0840 2936714586 S Ii:2:005:3 -115:1 3 <
ffff8e67f59f0840 2936715778 C Ii:2:005:3 0:1 3 = 100000
ffff8e67f59f0840 2936715903 S Ci:2:005:0 s c0 bc 0800 0016 0002 2 <
ffff8e67f59f0840 2936718466 C Ci:2:005:0 0 2 = 0900
ffff8e67f59f0840 2936718605 S Ci:2:005:0 s c0 bc 0900 001c 0002 2 <
ffff8e67f59f0840 2936721091 C Ci:2:005:0 0 2 = 2f6f
ffff8e67f59f0840 2936721242 S Ci:2:005:0 s c0 bc 0800 23be 000a 10 <
ffff8e67f59f0840 2936723690 C Ci:2:005:0 0 10 = 0000f3f8 6e18ad35 bb02
ffff8e67f59f0840 2936723820 S Co:2:005:0 s 40 bc 0800 00c0 0004 4 = a108eb00
ffff8e67f59f0840 2936726429 C Co:2:005:0 0 4 >
ffff8e67f59f0840 2936726561 S Co:2:005:0 s 40 b9 0000 0000 0004 4 = 09006603
ffff8e67f59f0840 2936729045 C Co:2:005:0 0 4 >
ffff8e67f59f0840 2936729174 S Ii:2:005:3 -115:1 3 <
ffff8e67f59f0840 2936730260 C Ii:2:005:3 0:1 3 = 100000
ffff8e67f59f0840 2936730452 S Ci:2:005:0 s c0 bc 0800 0016 0002 2 <
ffff8e67f59f0840 2936732930 C Ci:2:005:0 0 2 = 0900
ffff8e67f59f0840 2936733082 S Ci:2:005:0 s c0 bc 0900 001c 0002 2 <
ffff8e67f59f0840 2936735563 C Ci:2:005:0 0 2 = 2f6f
ffff8e67f59f0840 2936735704 S Ci:2:005:0 s c0 bc 0800 23be 0002 2 <
ffff8e67f59f0840 2936738210 C Ci:2:005:0 0 2 = 0000
ffff8e67f59f0840 2936738362 S Co:2:005:0 s 40 bc 0900 0014 0002 2 = d39e
ffff8e67f59f0840 2936740824 C Co:2:005:0 0 2 >
ffff8e67f59f0840 2936740951 S Ci:2:005:0 s c0 bc 0900 001c 0002 2 <
ffff8e67f59f0840 2936743437 C Ci:2:005:0 0 2 = 2f6f
ffff8e67f59f0840 2936743587 S Co:2:005:0 s 40 b9 0000 0000 0004 4 = 09016608
ffff8e67f59f0840 2936746080 C Co:2:005:0 0 4 >
ffff8e67f59f0840 2936746209 S Ii:2:005:3 -115:1 3 <
ffff8e67f59f0840 2936747395 C Ii:2:005:3 0:1 3 = 100000
ffff8e67f59f0840 2936747543 S Ci:2:005:0 s c0 bc 0800 0016 0002 2 <
ffff8e67f59f0840 2936750063 C Ci:2:005:0 0 2 = 0900
ffff8e67f59f0840 2936750226 S Ci:2:005:0 s c0 bc 0900 001c 0002 2 <
ffff8e67f59f0840 2936752690 C Ci:2:005:0 0 2 = 2f6f
ffff8e67f59f0840 2936752818 S Ci:2:005:0 s c0 bc 0800 23be 000a 10 <
ffff8e67f59f0840 2936755352 C Ci:2:005:0 0 10 = 0000e158 4f3eb225 ff08
ffff8e67f59f0840 2936755488 S Co:2:005:0 s 40 bc 0800 00c0 0004 4 = a108d300
ffff8e67f59f0840 2936758055 C Co:2:005:0 0 4 >
ffff8e67f59f0840 2936758184 S Co:2:005:0 s 40 b9 0000 0000 0004 4 = 09006603
ffff8e67f59f0840 2936760678 C Co:2:005:0 0 4 >
ffff8e67f59f0840 2936760820 S Ii:2:005:3 -115:1 3 <
ffff8e67f59f0840 2936762037 C Ii:2:005:3 0:1 3 = 100000
ffff8e67f59f0840 2936762203 S Ci:2:005:0 s c0 bc 0800 0016 0002 2 <
ffff8e67f59f0840 2936764677 C Ci:2:005:0 0 2 = 0900
ffff8e67f59f0840 2936764816 S Ci:2:005:0 s c0 bc 0900 001c 0002 2 <
ffff8e67f59f0840 2936767313 C Ci:2:005:0 0 2 = 2f6f
ffff8e67f59f0840 2936767444 S Ci:2:005:0 s c0 bc 0800 23be 0002 2 <
ffff8e67f59f0840 2936769884 C Ci:2:005:0 0 2 = 0000
ffff8e67f59f0840 2936770059 S Co:2:005:0 s 40 bc 0900 0014 0002 2 = d39e
ffff8e67f59f0840 2936772640 C Co:2:005:0 0 2 >
ffff8e67f59f0840 2936772779 S Ci:2:005:0 s c0 bc 0900 001c 0002 2 <
ffff8e67f59f0840 2936775470 C Ci:2:005:0 0 2 = 2f6f
ffff8e67f59f0840 2936775696 S Co:2:005:0 s 40 b9 0000 0000 0004 4 = 09016608
ffff8e67f59f0840 2936778308 C Co:2:005:0 0 4 >
ffff8e67f59f0840 2936778528 S Ii:2:005:3 -115:1 3 <
ffff8e67f59f0840 2936779697 C Ii:2:005:3 0:1 3 = 100000
ffff8e67f59f0840 2936779757 S Ci:2:005:0 s c0 bc 0800 0016 0002 2 <
ffff8e67f59f0840 2936782465 C Ci:2:005:0 0 2 = 0900
ffff8e67f59f0840 2936782672 S Ci:2:005:0 s c0 bc 0900 001c 0002 2 <
ffff8e67f59f0840 2936785153 C Ci:2:005:0 0 2 = 2f6f
ffff8e67f59f0840 2936785300 S Ci:2:005:0 s c0 bc 0800 23be 000a 10 <
ffff8e67f59f0840 2936787880 C Ci:2:005:0 0 10 = 0000ea59 dc3f9208 1401
ffff8e67f59f0840 2936788074 S Co:2:005:0 s 40 bc 0800 00c0 0004 4 = a108db00
ffff8e67f59f0840 2936790543 C Co:2:005:0 0 4 >
ffff8e67f59f0840 2936790732 S Co:2:005:0 s 40 b9 0000 0000 0004 4 = 09006603
ffff8e67f59f0840 2936793204 C Co:2:005:0 0 4 >
ffff8e67f59f0840 2936793290 S Ii:2:005:3 -115:1 3 <
ffff8e67f59f0840 2936794546 C Ii:2:005:3 0:1 3 = 100000
ffff8e67f59f0840 2936794674 S Ci:2:005:0 s c0 bc 0800 0016 0002 2 <
ffff8e67f59f0840 2936797361 C Ci:2:005:0 0 2 = 0900
ffff8e67f59f0840 2936797461 S Ci:2:005:0 s c0 bc 0900 001c 0002 2 <
ffff8e67f59f0840 2936800025 C Ci:2:005:0 0 2 = 2f6f
ffff8e67f59f0840 2936800127 S Ci:2:005:0 s c0 bc 0800 23be 0002 2 <
ffff8e67f59f0840 2936802706 C Ci:2:005:0 0 2 = 0000
ffff8e67f59f0840 2936802892 S Co:2:005:0 s 40 bc 0900 0014 0002 2 = d39e
ffff8e67f59f0840 2936805524 C Co:2:005:0 0 2 >
ffff8e67f59f0840 2936805633 S Ci:2:005:0 s c0 bc 0900 001c 0002 2 <
ffff8e67f59f0840 2936808192 C Ci:2:005:0 0 2 = 2f6f
ffff8e67f59f0840 2936808262 S Co:2:005:0 s 40 b9 0000 0000 0004 4 = 09016608
ffff8e67f59f0840 2936810833 C Co:2:005:0 0 4 >
ffff8e67f59f0840 2936811001 S Ii:2:005:3 -115:1 3 <
ffff8e67f59f0840 2936812188 C Ii:2:005:3 0:1 3 = 100000
ffff8e67f59f0840 2936812279 S Ci:2:005:0 s c0 bc 0800 0016 0002 2 <
ffff8e67f59f0840 2936814975 C Ci:2:005:0 0 2 = 0900
ffff8e67f59f0840 2936815180 S Ci:2:005:0 s c0 bc 0900 001c 0002 2 <
ffff8e67f59f0840 2936817616 C Ci:2:005:0 0 2 = 2f6f
ffff8e67f59f0840 2936818065 S Ci:2:005:0 s c0 bc 0800 23be 000a 10 <
ffff8e67f59f0840 2936820461 C Ci:2:005:0 0 10 = 0000464d 9dcfa425 be77
ffff8e67f59f0840 2936820629 S Co:2:005:0 s 40 bc 0800 00c0 0004 4 = a108c300
ffff8e67f59f0840 2936823176 C Co:2:005:0 0 4 >
ffff8e67f59f0840 2936823341 S Co:2:005:0 s 40 b9 0000 0000 0004 4 = 09006603
ffff8e67f59f0840 2936825815 C Co:2:005:0 0 4 >
ffff8e67f59f0840 2936825975 S Ii:2:005:3 -115:1 3 <
ffff8e67f59f0840 2936827147 C Ii:2:005:3 0:1 3 = 100000
ffff8e67f59f0840 2936827306 S Ci:2:005:0 s c0 bc 0800 0016 0002 2 <
ffff8e67f59f0840 2936829941 C Ci:2:005:0 0 2 = 0900
ffff8e67f59f0840 2936830097 S Ci:2:005:0 s c0 bc 0900 001c 0002 2 <
ffff8e67f59f0840 2936832646 C Ci:2:005:0 0 2 = 2f6f
ffff8e67f59f0840 2936832820 S Ci:2:005:0 s c0 bc 0800 23be 0002 2 <
ffff8e67f59f0840 2936835394 C Ci:2:005:0 0 2 = 0000
ffff8e67f59f0840 2936835549 S Co:2:005:0 s 40 bc 0900 0014 0002 2 = d39e
ffff8e67f59f0840 2936838177 C Co:2:005:0 0 2 >
ffff8e67f59f0840 2936838330 S Ci:2:005:0 s c0 bc 0900 001c 0002 2 <
ffff8e67f59f0840 2936840810 C Ci:2:005:0 0 2 = 2f6f
ffff8e67f59f0840 2936840977 S Co:2:005:0 s 40 b9 0000 0000 0004 4 = 09016608
ffff8e67f59f0840 2936843592 C Co:2:005:0 0 4 >
ffff8e67f59f0840 2936843772 S Ii:2:005:3 -115:1 3 <
ffff8e67f59f0840 2936844915 C Ii:2:005:3 0:1 3 = 100000
ffff8e67f59f0840 2936845079 S Ci:2:005:0 s c0 bc 0800 0016 0002 2 <
ffff8e67f59f0840 2936847558 C Ci:2:005:0 0 2 = 0900
ffff8e67f59f0840 2936847716 S Ci:2:005:0 s c0 bc 0900 001c 0002 2 <
ffff8e67f59f0840 2936850334 C Ci:2:005:0 0 2 = 2f6f
ffff8e67f59f0840 2936850488 S Ci:2:005:0 s c0 bc 0800 23be 000a 10 <
ffff8e67f59f0840 2936853013 C Ci:2:005:0 0 10 = 0000a559 08b19325 9893
ffff8e67f59f0840 2936853189 S Co:2:005:0 s 40 bc 0800 00c0 0004 4 = a108cb00
ffff8e67f59f0840 2936855799 C Co:2:005:0 0 4 >
ffff8e67f59f0840 2936855966 S Co:2:005:0 s 40 b9 0000 0000 0004 4 = 09006603
ffff8e67f59f0840 2936858394 C Co:2:005:0 0 4 >
ffff8e67f59f0840 2936858542 S Ii:2:005:3 -115:1 3 <
ffff8e67f59f0840 2936859724 C Ii:2:005:3 0:1 3 = 100000
ffff8e67f59f0840 2936859903 S Ci:2:005:0 s c0 bc 0800 0016 0002 2 <
ffff8e67f59f0840 2936862455 C Ci:2:005:0 0 2 = 0900
ffff8e67f59f0840 2936862638 S Ci:2:005:0 s c0 bc 0900 001c 0002 2 <
ffff8e67f59f0840 2936865176 C Ci:2:005:0 0 2 = 2f6f
ffff8e67f59f0840 2936865301 S Ci:2:005:0 s c0 bc 0800 23be 0002 2 <
ffff8e67f59f0840 2936867894 C Ci:2:005:0 0 2 = 0000
ffff8e67f59f0840 2936868080 S Co:2:005:0 s 40 bc 0900 0014 0002 2 = d39e
ffff8e67f59f0840 2936870661 C Co:2:005:0 0 2 >
ffff8e67f59f0840 2936870840 S Ci:2:005:0 s c0 bc 0900 001c 0002 2 <
ffff8e67f59f0840 2936873408 C Ci:2:005:0 0 2 = 2f6f
ffff8e67f59f0840 2936873558 S Co:2:005:0 s 40 b9 0000 0000 0004 4 = 09016608
ffff8e67f59f0840 2936876064 C Co:2:005:0 0 4 >
ffff8e67f59f0840 2936876201 S Ii:2:005:3 -115:1 3 <
ffff8e67f59f0840 2936877400 C Ii:2:005:3 0:1 3 = 100000
ffff8e67f59f0840 2936877516 S Ci:2:005:0 s c0 bc 0800 0016 0002 2 <
ffff8e67f59f0840 2936880169 C Ci:2:005:0 0 2 = 0900
ffff8e67f59f0840 2936880309 S Ci:2:005:0 s c0 bc 0900 001c 0002 2 <
ffff8e67f59f0840 2936882927 C Ci:2:005:0 0 2 = 2f6f
ffff8e67f59f0840 2936883096 S Ci:2:005:0 s c0 bc 0800 23be 000a 10 <
ffff8e67f59f0840 2936885709 C Ci:2:005:0 0 10 = 00006a53 1cb592c5 b51b
ffff8e67f59f0840 2936885848 S Co:2:005:0 s 40 bc 0800 00c0 0004 4 = a108b300
ffff8e67f59f0840 2936888446 C Co:2:005:0 0 4 >
ffff8e67f59f0840 2936888598 S Co:2:005:0 s 40 b9 0000 0000 0004 4 = 09006603
ffff8e67f59f0840 2936891178 C Co:2:005:0 0 4 >
ffff8e67f59f0840 2936891333 S Ii:2:005:3 -115:1 3 <
ffff8e67f59f0840 2936892472 C Ii:2:005:3 0:1 3 = 100000
ffff8e67f59f0840 2936892627 S Ci:2:005:0 s c0 bc 0800 0016 0002 2 <
ffff8e67f59f0840 2936895347 C Ci:2:005:0 0 2 = 0900
ffff8e67f59f0840 2936895518 S Ci:2:005:0 s c0 bc 0900 001c 0002 2 <
ffff8e67f59f0840 2936898008 C Ci:2:005:0 0 2 = 2f6f
ffff8e67f59f0840 2936898160 S Ci:2:005:0 s c0 bc 0800 23be 0002 2 <
ffff8e67f59f0840 2936900826 C Ci:2:005:0 0 2 = 0000
ffff8e67f59f0840 2936900985 S Co:2:005:0 s 40 bc 0900 0014 0002 2 = d39e
ffff8e67f59f0840 2936903589 C Co:2:005:0 0 2 >
ffff8e67f59f0840 2936903763 S Ci:2:005:0 s c0 bc 0900 001c 0002 2 <
ffff8e67f59f0840 2936906329 C Ci:2:005:0 0 2 = 2f6f
ffff8e67f59f0840 2936906485 S Co:2:005:0 s 40 b9 0000 0000 0004 4 = 09016608
ffff8e67f59f0840 2936909039 C Co:2:005:0 0 4 >
ffff8e67f59f0840 2936909191 S Ii:2:005:3 -115:1 3 <
ffff8e67f59f0840 2936910414 C Ii:2:005:3 0:1 3 = 100000
ffff8e67f59f0840 2936910571 S Ci:2:005:0 s c0 bc 0800 0016 0002 2 <
ffff8e67f59f0840 2936913179 C Ci:2:005:0 0 2 = 0900
ffff8e67f59f0840 2936913338 S Ci:2:005:0 s c0 bc 0900 001c 0002 2 <
ffff8e67f59f0840 2936915889 C Ci:2:005:0 0 2 = 2f6f
ffff8e67f59f0840 2936916005 S Ci:2:005:0 s c0 bc 0800 23be 000a 10 <
ffff8e67f59f0840 2936918563 C Ci:2:005:0 0 10 = 0000f667 5a3f76ab b90b
ffff8e67f59f0840 2936918715 S Co:2:005:0 s 40 bc 0800 00c0 0004 4 = a108bb00
ffff8e67f59f0840 2936921247 C Co:2:005:0 0 4 >
ffff8e67f59f0840 2936921416 S Co:2:005:0 s 40 b9 0000 0000 0004 4 = 09006603
ffff8e67f59f0840 2936923972 C Co:2:005:0 0 4 >
ffff8e67f59f0840 2936924106 S Ii:2:005:3 -115:1 3 <
ffff8e67f59f0840 2936925434 C Ii:2:005:3 0:1 3 = 100000
ffff8e67f59f0840 2936925606 S Ci:2:005:0 s c0 bc 0800 0016 0002 2 <
ffff8e67f59f0840 2936928130 C Ci:2:005:0 0 2 = 0900
ffff8e67f59f0840 2936928287 S Ci:2:005:0 s c0 bc 0900 001c 0002 2 <
ffff8e67f59f0840 2936930797 C Ci:2:005:0 0 2 = 2f6f
ffff8e67f59f0840 2936930971 S Ci:2:005:0 s c0 bc 0800 23be 0002 2 <
ffff8e67f59f0840 2936933385 C Ci:2:005:0 0 2 = 0000
ffff8e67f59f0840 2936933541 S Co:2:005:0 s 40 bc 0900 0014 0002 2 = d39e
ffff8e67f59f0840 2936936033 C Co:2:005:0 0 2 >
ffff8e67f59f0840 2936936187 S Ci:2:005:0 s c0 bc 0900 001c 0002 2 <
ffff8e67f59f0840 2936938658 C Ci:2:005:0 0 2 = 2f6f
ffff8e67f59f0840 2936938825 S Co:2:005:0 s 40 b9 0000 0000 0004 4 = 09016608
ffff8e67f59f0840 2936941314 C Co:2:005:0 0 4 >
ffff8e67f59f0840 2936941466 S Ii:2:005:3 -115:1 3 <
ffff8e67f59f0840 2936942586 C Ii:2:005:3 0:1 3 = 100000
ffff8e67f59f0840 2936942756 S Ci:2:005:0 s c0 bc 0800 0016 0002 2 <
ffff8e67f59f0840 2936945458 C Ci:2:005:0 0 2 = 0900
ffff8e67f59f0840 2936945626 S Ci:2:005:0 s c0 bc 0900 001c 0002 2 <
ffff8e67f59f0840 2936948121 C Ci:2:005:0 0 2 = 2f6f
ffff8e67f59f0840 2936948278 S Ci:2:005:0 s c0 bc 0800 23be 000a 10 <
ffff8e67f59f0840 2936950757 C Ci:2:005:0 0 10 = 0000e640 cd22b257 c9db
ffff8e67f59f0840 2936950929 S Co:2:005:0 s 40 bc 0800 00c0 0004 4 = a108a300
ffff8e67f59f0840 2936953522 C Co:2:005:0 0 4 >
ffff8e67f59f0840 2936953675 S Co:2:005:0 s 40 b9 0000 0000 0004 4 = 09006603
ffff8e67f59f0840 2936956177 C Co:2:005:0 0 4 >
ffff8e67f59f0840 2936956328 S Ii:2:005:3 -115:1 3 <
ffff8e67f59f0840 2936957458 C Ii:2:005:3 0:1 3 = 100000
ffff8e67f59f0840 2936957614 S Ci:2:005:0 s c0 bc 0800 0016 0002 2 <
ffff8e67f59f0840 2936960155 C Ci:2:005:0 0 2 = 0900
ffff8e67f59f0840 2936960298 S Ci:2:005:0 s c0 bc 0900 001c 0002 2 <
ffff8e67f59f0840 2936962871 C Ci:2:005:0 0 2 = 2f6f
ffff8e67f59f0840 2936962997 S Ci:2:005:0 s c0 bc 0800 23be 0002 2 <
ffff8e67f59f0840 2936965534 C Ci:2:005:0 0 2 = 0000
ffff8e67f59f0840 2936965709 S Co:2:005:0 s 40 bc 0900 0014 0002 2 = d39e
ffff8e67f59f0840 2936968144 C Co:2:005:0 0 2 >
ffff8e67f59f0840 2936968297 S Ci:2:005:0 s c0 bc 0900 001c 0002 2 <
ffff8e67f59f0840 2936970828 C Ci:2:005:0 0 2 = 2f6f
ffff8e67f59f0840 2936971000 S Co:2:005:0 s 40 b9 0000 0000 0004 4 = 09016608
ffff8e67f59f0840 2936973429 C Co:2:005:0 0 4 >
ffff8e67f59f0840 2936973583 S Ii:2:005:3 -115:1 3 <
ffff8e67f59f0840 2936974758 C Ii:2:005:3 0:1 3 = 100000
ffff8e67f59f0840 2936974924 S Ci:2:005:0 s c0 bc 0800 0016 0002 2 <
ffff8e67f59f0840 2936977528 C Ci:2:005:0 0 2 = 0900
ffff8e67f59f0840 2936977686 S Ci:2:005:0 s c0 bc 0900 001c 0002 2 <
ffff8e67f59f0840 2936980086 C Ci:2:005:0 0 2 = 2f6f
ffff8e67f59f0840 2936980205 S Ci:2:005:0 s c0 bc 0800 23be 000a 10 <
ffff8e67f59f0840 2936982759 C Ci:2:005:0 0 10 = 0000f879 a217e725 5c85
ffff8e67f59f0840 2936982936 S Co:2:005:0 s 40 bc 0800 00c0 0004 4 = a108ab00
ffff8e67f59f0840 2936985460 C Co:2:005:0 0 4 >
ffff8e67f59f0840 2936985626 S Co:2:005:0 s 40 b9 0000 0000 0004 4 = 09006603
ffff8e67f59f0840 2936988138 C Co:2:005:0 0 4 >
ffff8e67f59f0840 2936988288 S Ii:2:005:3 -115:1 3 <
ffff8e67f59f0840 2936989489 C Ii:2:005:3 0:1 3 = 100000
ffff8e67f59f0840 2936989640 S Ci:2:005:0 s c0 bc 0800 0016 0002 2 <
ffff8e67f59f0840 2936992149 C Ci:2:005:0 0 2 = 0900
ffff8e67f59f0840 2936992307 S Ci:2:005:0 s c0 bc 0900 001c 0002 2 <
ffff8e67f59f0840 2936994946 C Ci:2:005:0 0 2 = 2f6f
ffff8e67f59f0840 2936995113 S Ci:2:005:0 s c0 bc 0800 23be 0002 2 <
ffff8e67f59f0840 2936997666 C Ci:2:005:0 0 2 = 0000
ffff8e67f59f0840 2936997830 S Co:2:005:0 s 40 bc 0900 0014 0002 2 = d39e
ffff8e67f59f0840 2937000430 C Co:2:005:0 0 2 >
ffff8e67f59f0840 2937000582 S Ci:2:005:0 s c0 bc 0900 001c 0002 2 <
ffff8e67f59f0840 2937003132 C Ci:2:005:0 0 2 = 2f6f
ffff8e67f59f0840 2937003257 S Co:2:005:0 s 40 b9 0000 0000 0004 4 = 09016608
ffff8e67f59f0840 2937005917 C Co:2:005:0 0 4 >
ffff8e67f59f0840 2937006048 S Ii:2:005:3 -115:1 3 <
ffff8e67f59f0840 2937007247 C Ii:2:005:3 0:1 3 = 100000
ffff8e67f59f0840 2937007330 S Ci:2:005:0 s c0 bc 0800 0016 0002 2 <
ffff8e67f59f0840 2937010006 C Ci:2:005:0 0 2 = 0900
ffff8e67f59f0840 2937010147 S Ci:2:005:0 s c0 bc 0900 001c 0002 2 <
ffff8e67f59f0840 2937012635 C Ci:2:005:0 0 2 = 2f6f
ffff8e67f59f0840 2937012803 S Ci:2:005:0 s c0 bc 0800 23be 000a 10 <
ffff8e67f59f0840 2937015380 C Ci:2:005:0 0 10 = 0000c759 cc20b338 1813
ffff8e67f59f0840 2937015539 S Co:2:005:0 s 40 bc 0800 00c0 0004 4 = a1089300
ffff8e67f59f0840 2937018138 C Co:2:005:0 0 4 >
ffff8e67f59f0840 2937018288 S Co:2:005:0 s 40 b9 0000 0000 0004 4 = 09006603
ffff8e67f59f0840 2937020893 C Co:2:005:0 0 4 >
ffff8e67f59f0840 2937021077 S Ii:2:005:3 -115:1 3 <
ffff8e67f59f0840 2937022097 C Ii:2:005:3 0:1 3 = 100000
ffff8e67f59f0840 2937022182 S Ci:2:005:0 s c0 bc 0800 0016 0002 2 <
ffff8e67f59f0840 2937024920 C Ci:2:005:0 0 2 = 0900
ffff8e67f59f0840 2937025089 S Ci:2:005:0 s c0 bc 0900 001c 0002 2 <
ffff8e67f59f0840 2937027486 C Ci:2:005:0 0 2 = 2f6f
ffff8e67f59f0840 2937027638 S Ci:2:005:0 s c0 bc 0800 23be 0002 2 <
ffff8e67f59f0840 2937030142 C Ci:2:005:0 0 2 = 0000
ffff8e67f59f0840 2937030311 S Co:2:005:0 s 40 bc 0900 0014 0002 2 = d39e
ffff8e67f59f0840 2937032812 C Co:2:005:0 0 2 >
ffff8e67f59f0840 2937032939 S Ci:2:005:0 s c0 bc 0900 001c 0002 2 <
ffff8e67f59f0840 2937035402 C Ci:2:005:0 0 2 = 2f6f
ffff8e67f59f0840 2937035558 S Co:2:005:0 s 40 b9 0000 0000 0004 4 = 09016608
ffff8e67f59f0840 2937038016 C Co:2:005:0 0 4 >
ffff8e67f59f0840 2937038166 S Ii:2:005:3 -115:1 3 <
ffff8e67f59f0840 2937039355 C Ii:2:005:3 0:1 3 = 100000
ffff8e67f59f0840 2937039507 S Ci:2:005:0 s c0 bc 0800 0016 0002 2 <
ffff8e67f59f0840 2937042151 C Ci:2:005:0 0 2 = 0900
ffff8e67f59f0840 2937042304 S Ci:2:005:0 s c0 bc 0900 001c 0002 2 <
ffff8e67f59f0840 2937044861 C Ci:2:005:0 0 2 = 2f6f
ffff8e67f59f0840 2937045015 S Ci:2:005:0 s c0 bc 0800 23be 000a 10 <
ffff8e67f59f0840 2937047571 C Ci:2:005:0 0 10 = 00009745 da1fea09 bd0b
ffff8e67f59f0840 2937047746 S Co:2:005:0 s 40 bc 0800 00c0 0004 4 = a1089b00
ffff8e67f59f0840 2937050270 C Co:2:005:0 0 4 >
ffff8e67f59f0840 2937050423 S Co:2:005:0 s 40 b9 0000 0000 0004 4 = 09006603
ffff8e67f59f0840 2937052922 C Co:2:005:0 0 4 >
ffff8e67f59f0840 2937053089 S Ii:2:005:3 -115:1 3 <
ffff8e67f59f0840 2937054266 C Ii:2:005:3 0:1 3 = 100000
ffff8e67f59f0840 2937054417 S Ci:2:005:0 s c0 bc 0800 0016 0002 2 <
ffff8e67f59f0840 2937057039 C Ci:2:005:0 0 2 = 0900
ffff8e67f59f0840 2937057195 S Ci:2:005:0 s c0 bc 0900 001c 0002 2 <
ffff8e67f59f0840 2937059772 C Ci:2:005:0 0 2 = 2f6f
ffff8e67f59f0840 2937059927 S Ci:2:005:0 s c0 bc 0800 23be 0002 2 <
ffff8e67f59f0840 2937062578 C Ci:2:005:0 0 2 = 0000
ffff8e67f59f0840 2937062730 S Co:2:005:0 s 40 bc 0900 0014 0002 2 = d39e
ffff8e67f59f0840 2937065296 C Co:2:005:0 0 2 >
ffff8e67f59f0840 2937065447 S Ci:2:005:0 s c0 bc 0900 001c 0002 2 <
ffff8e67f59f0840 2937068030 C Ci:2:005:0 0 2 = 2f6f
ffff8e67f59f0840 2937068183 S Co:2:005:0 s 40 b9 0000 0000 0004 4 = 09016608
ffff8e67f59f0840 2937070826 C Co:2:005:0 0 4 >
ffff8e67f59f0840 2937070992 S Ii:2:005:3 -115:1 3 <
ffff8e67f59f0840 2937072142 C Ii:2:005:3 0:1 3 = 100000
ffff8e67f59f0840 2937072226 S Ci:2:005:0 s c0 bc 0800 0016 0002 2 <
ffff8e67f59f0840 2937074916 C Ci:2:005:0 0 2 = 0900
ffff8e67f59f0840 2937075076 S Ci:2:005:0 s c0 bc 0900 001c 0002 2 <
ffff8e67f59f0840 2937077531 C Ci:2:005:0 0 2 = 2f6f
ffff8e67f59f0840 2937077688 S Ci:2:005:0 s c0 bc 0800 23be 000a 10 <
ffff8e67f59f0840 2937080156 C Ci:2:005:0 0 10 = 000022d7 ed3fb2bb 980b
ffff8e67f59f0840 2937080318 S Co:2:005:0 s 40 bc 0800 00c0 0004 4 = a1088300
ffff8e67f59f0840 2937082883 C Co:2:005:0 0 4 >
ffff8e67f59f0840 2937083083 S Co:2:005:0 s 40 b9 0000 0000 0004 4 = 09006603
ffff8e67f59f0840 2937085576 C Co:2:005:0 0 4 >
ffff8e67f59f0840 2937085728 S Ii:2:005:3 -115:1 3 <
ffff8e67f59f0840 2937086874 C Ii:2:005:3 0:1 3 = 100000
ffff8e67f59f0840 2937087077 S Ci:2:005:0 s c0 bc 0800 0016 0002 2 <
ffff8e67f59f0840 2937089661 C Ci:2:005:0 0 2 = 0900
ffff8e67f59f0840 2937089823 S Ci:2:005:0 s c0 bc 0900 001c 0002 2 <
ffff8e67f59f0840 2937092439 C Ci:2:005:0 0 2 = 2f6f
ffff8e67f59f0840 2937092598 S Ci:2:005:0 s c0 bc 0800 23be 0002 2 <
ffff8e67f59f0840 2937095203 C Ci:2:005:0 0 2 = 0000
ffff8e67f59f0840 2937095359 S Co:2:005:0 s 40 bc 0900 0014 0002 2 = d39e
ffff8e67f59f0840 2937097895 C Co:2:005:0 0 2 >
ffff8e67f59f0840 2937098078 S Ci:2:005:0 s c0 bc 0900 001c 0002 2 <
ffff8e67f59f0840 2937100499 C Ci:2:005:0 0 2 = 2f6f
ffff8e67f59f0840 2937100679 S Co:2:005:0 s 40 b9 0000 0000 0004 4 = 09016608
ffff8e67f59f0840 2937103160 C Co:2:005:0 0 4 >
ffff8e67f59f0840 2937103313 S Ii:2:005:3 -115:1 3 <
ffff8e67f59f0840 2937104483 C Ii:2:005:3 0:1 3 = 100000
ffff8e67f59f0840 2937104635 S Ci:2:005:0 s c0 bc 0800 0016 0002 2 <
ffff8e67f59f0840 2937107311 C Ci:2:005:0 0 2 = 0900
ffff8e67f59f0840 2937107466 S Ci:2:005:0 s c0 bc 0900 001c 0002 2 <
ffff8e67f59f0840 2937110028 C Ci:2:005:0 0 2 = 2f6f
ffff8e67f59f0840 2937110183 S Ci:2:005:0 s c0 bc 0800 23be 000a 10 <
ffff8e67f59f0840 2937112637 C Ci:2:005:0 0 10 = 0000e659 cc3fb225 980b
ffff8e67f59f0840 2937112812 S Co:2:005:0 s 40 bc 0800 00c0 0004 4 = a1088b00
ffff8e67f59f0840 2937115449 C Co:2:005:0 0 4 >
ffff8e67f59f0840 2937115605 S Co:2:005:0 s 40 b9 0000 0000 0004 4 = 09006603
ffff8e67f59f0840 2937118144 C Co:2:005:0 0 4 >
ffff8e67f59f0840 2937118297 S Ii:2:005:3 -115:1 3 <
ffff8e67f59f0840 2937119460 C Ii:2:005:3 0:1 3 = 100000
ffff8e67f59f0840 2937119613 S Ci:2:005:0 s c0 bc 0800 0016 0002 2 <
ffff8e67f59f0840 2937122304 C Ci:2:005:0 0 2 = 0900
ffff8e67f59f0840 2937122457 S Ci:2:005:0 s c0 bc 0900 001c 0002 2 <
ffff8e67f59f0840 2937125188 C Ci:2:005:0 0 2 = 2f6f
ffff8e67f59f0840 2937125300 S Ci:2:005:0 s c0 bc 0800 23be 0002 2 <
ffff8e67f59f0840 2937127921 C Ci:2:005:0 0 2 = 0000
ffff8e67f59f0840 2937128084 S Co:2:005:0 s 40 bc 0900 0014 0002 2 = d39e
ffff8e67f59f0840 2937130694 C Co:2:005:0 0 2 >
ffff8e67f59f0840 2937130851 S Ci:2:005:0 s c0 bc 0900 001c 0002 2 <
ffff8e67f59f0840 2937133438 C Ci:2:005:0 0 2 = 2f6f
ffff8e67f59f0840 2937133593 S Co:2:005:0 s 40 b9 0000 0000 0004 4 = 09016608
ffff8e67f59f0840 2937136136 C Co:2:005:0 0 4 >
ffff8e67f59f0840 2937136287 S Ii:2:005:3 -115:1 3 <
ffff8e67f59f0840 2937137485 C Ii:2:005:3 0:1 3 = 100000
ffff8e67f59f0840 2937137637 S Ci:2:005:0 s c0 bc 0800 0016 0002 2 <
ffff8e67f59f0840 2937140270 C Ci:2:005:0 0 2 = 0900
ffff8e67f59f0840 2937140424 S Ci:2:005:0 s c0 bc 0900 001c 0002 2 <
ffff8e67f59f0840 2937143036 C Ci:2:005:0 0 2 = 2f6f
ffff8e67f59f0840 2937143179 S Ci:2:005:0 s c0 bc 0800 23be 000a 10 <
ffff8e67f59f0840 2937145757 C Ci:2:005:0 0 10 = 0000e659 cc3fb225 9804
ffff8e67f59f0840 2937145930 S Co:2:005:0 s 40 bc 0800 00c0 0004 4 = aab829e7
ffff8e67f59f0840 2937148449 C Co:2:005:0 0 4 >
ffff8e67f59f0840 2937148601 S Co:2:005:0 s 40 b9 0000 0000 0004 4 = 09006604
ffff8e67f59f0840 2937151185 C Co:2:005:0 0 4 >
ffff8e67f59f0840 2937151340 S Ii:2:005:3 -115:1 3 <
ffff8e67f59f0840 2937152500 C Ii:2:005:3 0:1 3 = 100000
ffff8e67f59f0840 2937152650 S Ci:2:005:0 s c0 bc 0800 0016 0002 2 <
ffff8e67f59f0840 2937155150 C Ci:2:005:0 0 2 = 0900
ffff8e67f59f0840 2937155304 S Ci:2:005:0 s c0 bc 0900 001c 0002 2 <
ffff8e67f59f0840 2937157920 C Ci:2:005:0 0 2 = 2f6f
ffff8e67f59f0840 2937158072 S Ci:2:005:0 s c0 bc 0800 23be 0002 2 <
ffff8e67f59f0840 2937160652 C Ci:2:005:0 0 2 = 0000
ffff8e67f59f0840 2937160821 S Co:2:005:0 s 40 bc 0900 0014 0002 2 = d39e
ffff8e67f59f0840 2937163445 C Co:2:005:0 0 2 >
ffff8e67f59f0840 2937163604 S Ci:2:005:0 s c0 bc 0900 001c 0002 2 <
ffff8e67f59f0840 2937166145 C Ci:2:005:0 0 2 = 2f6f
ffff8e67f59f0840 2937166303 S Co:2:005:0 s 40 bc 0800 00c0 0002 2 = 0f89
ffff8e67f59f0840 2937168889 C Co:2:005:0 0 2 >
ffff8e67f59f0840 2937169070 S Co:2:005:0 s 40 b9 0000 0000 0004 4 = 09009802
ffff8e67f59f0840 2937171556 C Co:2:005:0 0 4 >
ffff8e67f59f0840 2937171760 S Ii:2:005:3 -115:1 3 <
ffff8e67f59f0840 2937172835 C Ii:2:005:3 0:1 3 = 100000
ffff8e67f59f0840 2937172993 S Ci:2:005:0 s c0 bc 0800 0016 0002 2 <
ffff8e67f59f0840 2937175652 C Ci:2:005:0 0 2 = 0900
ffff8e67f59f0840 2937175820 S Ci:2:005:0 s c0 bc 0900 001c 0002 2 <
ffff8e67f59f0840 2937178460 C Ci:2:005:0 0 2 = 2f6f
ffff8e67f59f0840 2937178620 S Ci:2:005:0 s c0 bc 0800 23be 0002 2 <
ffff8e67f59f0840 2937181160 C Ci:2:005:0 0 2 = 0000
ffff8e67f59f0840 2937181319 S Co:2:005:0 s 40 bc 0900 0014 0002 2 = d39e
ffff8e67f59f0840 2937183902 C Co:2:005:0 0 2 >
ffff8e67f59f0840 2937184079 S Ci:2:005:0 s c0 bc 0900 001c 0002 2 <
ffff8e67f59f0840 2937186521 C Ci:2:005:0 0 2 = 2f6f
ffff8e67f59f0840 2937186686 S Co:2:005:0 s 40 bc 0800 00c0 0004 4 = 99895b00
ffff8e67f59f0840 2937189301 C Co:2:005:0 0 4 >
ffff8e67f59f0840 2937189456 S Co:2:005:0 s 40 b9 0000 0000 0004 4 = 09006603
ffff8e67f59f0840 2937192011 C Co:2:005:0 0 4 >
ffff8e67f59f0840 2937192193 S Ii:2:005:3 -115:1 3 <
ffff8e67f59f0840 2937193383 C Ii:2:005:3 0:1 3 = 100000
ffff8e67f59f0840 2937193539 S Ci:2:005:0 s c0 bc 0800 0016 0002 2 <
ffff8e67f59f0840 2937196149 C Ci:2:005:0 0 2 = 0900
ffff8e67f59f0840 2937196311 S Ci:2:005:0 s c0 bc 0900 001c 0002 2 <
ffff8e67f59f0840 2937198845 C Ci:2:005:0 0 2 = 2f6f
ffff8e67f59f0840 2937199002 S Ci:2:005:0 s c0 bc 0800 23be 0002 2 <
ffff8e67f59f0840 2937201610 C Ci:2:005:0 0 2 = 0000
ffff8e67f59f0840 2937201784 S Co:2:005:0 s 40 bc 0900 0014 0002 2 = d39e
ffff8e67f59f0840 2937204288 C Co:2:005:0 0 2 >
ffff8e67f59f0840 2937204445 S Ci:2:005:0 s c0 bc 0900 001c 0002 2 <
ffff8e67f59f0840 2937207046 C Ci:2:005:0 0 2 = 2f6f
ffff8e67f59f0840 2937207208 S Co:2:005:0 s 40 b9 0000 0000 0004 4 = 09016601
ffff8e67f59f0840 2937209786 C Co:2:005:0 0 4 >
ffff8e67f59f0840 2937209964 S Ii:2:005:3 -115:1 3 <
ffff8e67f59f0840 2937211123 C Ii:2:005:3 0:1 3 = 100000
ffff8e67f59f0840 2937211277 S Ci:2:005:0 s c0 bc 0800 0016 0002 2 <
ffff8e67f59f0840 2937213911 C Ci:2:005:0 0 2 = 0900
ffff8e67f59f0840 2937214077 S Ci:2:005:0 s c0 bc 0900 001c 0002 2 <
ffff8e67f59f0840 2937216488 C Ci:2:005:0 0 2 = 2f6f
ffff8e67f59f0840 2937216646 S Ci:2:005:0 s c0 bc 0800 23be 0004 4 <
ffff8e67f59f0840 2937219180 C Ci:2:005:0 0 4 = 00001759
ffff8e67f59f0840 2937219348 S Co:2:005:0 s 40 bc 0800 00c0 0004 4 = 99895a00
ffff8e67f59f0840 2937221914 C Co:2:005:0 0 4 >
ffff8e67f59f0840 2937222085 S Co:2:005:0 s 40 b9 0000 0000 0004 4 = 09006603
ffff8e67f59f0840 2937224544 C Co:2:005:0 0 4 >
ffff8e67f59f0840 2937224698 S Ii:2:005:3 -115:1 3 <
ffff8e67f59f0840 2937225796 C Ii:2:005:3 0:1 3 = 100000
ffff8e67f59f0840 2937225949 S Ci:2:005:0 s c0 bc 0800 0016 0002 2 <
ffff8e67f59f0840 2937228639 C Ci:2:005:0 0 2 = 0900
ffff8e67f59f0840 2937228811 S Ci:2:005:0 s c0 bc 0900 001c 0002 2 <
ffff8e67f59f0840 2937231299 C Ci:2:005:0 0 2 = 2f6f
ffff8e67f59f0840 2937231458 S Ci:2:005:0 s c0 bc 0800 23be 0002 2 <
ffff8e67f59f0840 2937234015 C Ci:2:005:0 0 2 = 0000
ffff8e67f59f0840 2937234173 S Co:2:005:0 s 40 bc 0900 0014 0002 2 = d39e
ffff8e67f59f0840 2937236772 C Co:2:005:0 0 2 >
ffff8e67f59f0840 2937236941 S Ci:2:005:0 s c0 bc 0900 001c 0002 2 <
ffff8e67f59f0840 2937239422 C Ci:2:005:0 0 2 = 2f6f
ffff8e67f59f0840 2937239582 S Co:2:005:0 s 40 b9 0000 0000 0004 4 = 09016601
ffff8e67f59f0840 2937242151 C Co:2:005:0 0 4 >
ffff8e67f59f0840 2937242304 S Ii:2:005:3 -115:1 3 <
ffff8e67f59f0840 2937243485 C Ii:2:005:3 0:1 3 = 100000
ffff8e67f59f0840 2937243641 S Ci:2:005:0 s c0 bc 0800 0016 0002 2 <
ffff8e67f59f0840 2937246295 C Ci:2:005:0 0 2 = 0900
ffff8e67f59f0840 2937246455 S Ci:2:005:0 s c0 bc 0900 001c 0002 2 <
ffff8e67f59f0840 2937249016 C Ci:2:005:0 0 2 = 2f6f
ffff8e67f59f0840 2937249176 S Ci:2:005:0 s c0 bc 0800 23be 0004 4 <
ffff8e67f59f0840 2937251716 C Ci:2:005:0 0 4 = 00000759
ffff8e67f59f0840 2937251935 S Co:2:005:0 s 40 bc 0800 00c0 0004 4 = 99895900
ffff8e67f59f0840 2937254530 C Co:2:005:0 0 4 >
ffff8e67f59f0840 2937254687 S Co:2:005:0 s 40 b9 0000 0000 0004 4 = 09006603
ffff8e67f59f0840 2937257249 C Co:2:005:0 0 4 >
ffff8e67f59f0840 2937257408 S Ii:2:005:3 -115:1 3 <
ffff8e67f59f0840 2937258599 C Ii:2:005:3 0:1 3 = 100000
ffff8e67f59f0840 2937258774 S Ci:2:005:0 s c0 bc 0800 0016 0002 2 <
ffff8e67f59f0840 2937261422 C Ci:2:005:0 0 2 = 0900
ffff8e67f59f0840 2937261582 S Ci:2:005:0 s c0 bc 0900 001c 0002 2 <
ffff8e67f59f0840 2937264110 C Ci:2:005:0 0 2 = 2f6f
ffff8e67f59f0840 2937264265 S Ci:2:005:0 s c0 bc 0800 23be 0002 2 <
ffff8e67f59f0840 2937266912 C Ci:2:005:0 0 2 = 0000
ffff8e67f59f0840 2937267078 S Co:2:005:0 s 40 bc 0900 0014 0002 2 = d39e
ffff8e67f59f0840 2937269635 C Co:2:005:0 0 2 >
ffff8e67f59f0840 2937269803 S Ci:2:005:0 s c0 bc 0900 001c 0002 2 <
ffff8e67f59f0840 2937272341 C Ci:2:005:0 0 2 = 2f6f
ffff8e67f59f0840 2937272507 S Co:2:005:0 s 40 b9 0000 0000 0004 4 = 09016601
ffff8e67f59f0840 2937275015 C Co:2:005:0 0 4 >
ffff8e67f59f0840 2937275169 S Ii:2:005:3 -115:1 3 <
ffff8e67f59f0840 2937276373 C Ii:2:005:3 0:1 3 = 100000
ffff8e67f59f0840 2937276530 S Ci:2:005:0 s c0 bc 0800 0016 0002 2 <
ffff8e67f59f0840 2937279140 C Ci:2:005:0 0 2 = 0900
ffff8e67f59f0840 2937279298 S Ci:2:005:0 s c0 bc 0900 001c 0002 2 <
ffff8e67f59f0840 2937281885 C Ci:2:005:0 0 2 = 2f6f
ffff8e67f59f0840 2937282091 S Ci:2:005:0 s c0 bc 0800 23be 0004 4 <
ffff8e67f59f0840 2937284642 C Ci:2:005:0 0 4 = 00006e59
ffff8e67f59f0840 2937284812 S Co:2:005:0 s 40 bc 0800 00c0 0004 4 = 9989c800
ffff8e67f59f0840 2937287434 C Co:2:005:0 0 4 >
ffff8e67f59f0840 2937287594 S Co:2:005:0 s 40 b9 0000 0000 0004 4 = 09006603
ffff8e67f59f0840 2937290136 C Co:2:005:0 0 4 >
ffff8e67f59f0840 2937290292 S Ii:2:005:3 -115:1 3 <
ffff8e67f59f0840 2937291469 C Ii:2:005:3 0:1 3 = 100000
ffff8e67f59f0840 2937291627 S Ci:2:005:0 s c0 bc 0800 0016 0002 2 <
ffff8e67f59f0840 2937294295 C Ci:2:005:0 0 2 = 0900
ffff8e67f59f0840 2937294455 S Ci:2:005:0 s c0 bc 0900 001c 0002 2 <
ffff8e67f59f0840 2937297033 C Ci:2:005:0 0 2 = 2f6f
ffff8e67f59f0840 2937297190 S Ci:2:005:0 s c0 bc 0800 23be 0002 2 <
ffff8e67f59f0840 2937299704 C Ci:2:005:0 0 2 = 0000
ffff8e67f59f0840 2937299866 S Co:2:005:0 s 40 bc 0900 0014 0002 2 = d39e
ffff8e67f59f0840 2937302449 C Co:2:005:0 0 2 >
ffff8e67f59f0840 2937302619 S Ci:2:005:0 s c0 bc 0900 001c 0002 2 <
ffff8e67f59f0840 2937305161 C Ci:2:005:0 0 2 = 2f6f
ffff8e67f59f0840 2937305253 S Co:2:005:0 s 40 b9 0000 0000 0004 4 = 09016601
ffff8e67f59f0840 2937307909 C Co:2:005:0 0 4 >
ffff8e67f59f0840 2937308065 S Ii:2:005:3 -115:1 3 <
ffff8e67f59f0840 2937309306 C Ii:2:005:3 0:1 3 = 100000
ffff8e67f59f0840 2937309461 S Ci:2:005:0 s c0 bc 0800 0016 0002 2 <
ffff8e67f59f0840 2937312018 C Ci:2:005:0 0 2 = 0900
ffff8e67f59f0840 2937312172 S Ci:2:005:0 s c0 bc 0900 001c 0002 2 <
ffff8e67f59f0840 2937314782 C Ci:2:005:0 0 2 = 2f6f
ffff8e67f59f0840 2937314948 S Ci:2:005:0 s c0 bc 0800 23be 0004 4 <
ffff8e67f59f0840 2937317378 C Ci:2:005:0 0 4 = 00006e59
ffff8e67f59f0840 2937317535 S Co:2:005:0 s 40 bc 0800 00c0 0004 4 = 9989cf00
ffff8e67f59f0840 2937320136 C Co:2:005:0 0 4 >
ffff8e67f59f0840 2937320286 S Co:2:005:0 s 40 b9 0000 0000 0004 4 = 09006603
ffff8e67f59f0840 2937322898 C Co:2:005:0 0 4 >
ffff8e67f59f0840 2937323072 S Ii:2:005:3 -115:1 3 <
ffff8e67f59f0840 2937324043 C Ii:2:005:3 0:1 3 = 100000
ffff8e67f59f0840 2937324216 S Ci:2:005:0 s c0 bc 0800 0016 0002 2 <
ffff8e67f59f0840 2937326900 C Ci:2:005:0 0 2 = 0900
ffff8e67f59f0840 2937327074 S Ci:2:005:0 s c0 bc 0900 001c 0002 2 <
ffff8e67f59f0840 2937329585 C Ci:2:005:0 0 2 = 2f6f
ffff8e67f59f0840 2937329758 S Ci:2:005:0 s c0 bc 0800 23be 0002 2 <
ffff8e67f59f0840 2937332345 C Ci:2:005:0 0 2 = 0000
ffff8e67f59f0840 2937332497 S Co:2:005:0 s 40 bc 0900 0014 0002 2 = d39e
ffff8e67f59f0840 2937335006 C Co:2:005:0 0 2 >
ffff8e67f59f0840 2937335160 S Ci:2:005:0 s c0 bc 0900 001c 0002 2 <
ffff8e67f59f0840 2937337783 C Ci:2:005:0 0 2 = 2f6f
ffff8e67f59f0840 2937337947 S Co:2:005:0 s 40 b9 0000 0000 0004 4 = 09016601
ffff8e67f59f0840 2937340499 C Co:2:005:0 0 4 >
ffff8e67f59f0840 2937340647 S Ii:2:005:3 -115:1 3 <
ffff8e67f59f0840 2937341877 C Ii:2:005:3 0:1 3 = 100000
ffff8e67f59f0840 2937342081 S Ci:2:005:0 s c0 bc 0800 0016 0002 2 <
ffff8e67f59f0840 2937344638 C Ci:2:005:0 0 2 = 0900
ffff8e67f59f0840 2937344804 S Ci:2:005:0 s c0 bc 0900 001c 0002 2 <
ffff8e67f59f0840 2937347420 C Ci:2:005:0 0 2 = 2f6f
ffff8e67f59f0840 2937347575 S Ci:2:005:0 s c0 bc 0800 23be 0004 4 <
ffff8e67f59f0840 2937350139 C Ci:2:005:0 0 4 = 00007659
ffff8e67f59f0840 2937350333 S Co:2:005:0 s 40 bc 0800 00c0 0004 4 = 9989ce00
ffff8e67f59f0840 2937352887 C Co:2:005:0 0 4 >
ffff8e67f59f0840 2937353097 S Co:2:005:0 s 40 b9 0000 0000 0004 4 = 09006603
ffff8e67f59f0840 2937355618 C Co:2:005:0 0 4 >
ffff8e67f59f0840 2937355783 S Ii:2:005:3 -115:1 3 <
ffff8e67f59f0840 2937356957 C Ii:2:005:3 0:1 3 = 100000
ffff8e67f59f0840 2937357120 S Ci:2:005:0 s c0 bc 0800 0016 0002 2 <
ffff8e67f59f0840 2937359774 C Ci:2:005:0 0 2 = 0900
ffff8e67f59f0840 2937359947 S Ci:2:005:0 s c0 bc 0900 001c 0002 2 <
ffff8e67f59f0840 2937362380 C Ci:2:005:0 0 2 = 2f6f
ffff8e67f59f0840 2937362533 S Ci:2:005:0 s c0 bc 0800 23be 0002 2 <
ffff8e67f59f0840 2937365141 C Ci:2:005:0 0 2 = 0000
ffff8e67f59f0840 2937365308 S Co:2:005:0 s 40 bc 0900 0014 0002 2 = d39e
ffff8e67f59f0840 2937367903 C Co:2:005:0 0 2 >
ffff8e67f59f0840 2937368062 S Ci:2:005:0 s c0 bc 0900 001c 0002 2 <
ffff8e67f59f0840 2937370537 C Ci:2:005:0 0 2 = 2f6f
ffff8e67f59f0840 2937370692 S Co:2:005:0 s 40 b9 0000 0000 0004 4 = 09016601
ffff8e67f59f0840 2937373297 C Co:2:005:0 0 4 >
ffff8e67f59f0840 2937373475 S Ii:2:005:3 -115:1 3 <
ffff8e67f59f0840 2937374561 C Ii:2:005:3 0:1 3 = 100000
ffff8e67f59f0840 2937374713 S Ci:2:005:0 s c0 bc 0800 0016 0002 2 <
ffff8e67f59f0840 2937377424 C Ci:2:005:0 0 2 = 0900
ffff8e67f59f0840 2937377581 S Ci:2:005:0 s c0 bc 0900 001c 0002 2 <
ffff8e67f59f0840 2937380151 C Ci:2:005:0 0 2 = 2f6f
ffff8e67f59f0840 2937380338 S Ci:2:005:0 s c0 bc 0800 23be 0004 4 <
ffff8e67f59f0840 2937382769 C Ci:2:005:0 0 4 = 00006e59
ffff8e67f59f0840 2937382931 S Co:2:005:0 s 40 bc 0800 00c0 0002 2 = 0f88
ffff8e67f59f0840 2937385459 C Co:2:005:0 0 2 >
ffff8e67f59f0840 2937385632 S Co:2:005:0 s 40 b9 0000 0000 0004 4 = 09009802
ffff8e67f59f0840 2937388127 C Co:2:005:0 0 4 >
ffff8e67f59f0840 2937388275 S Ii:2:005:3 -115:1 3 <
ffff8e67f59f0840 2937389477 C Ii:2:005:3 0:1 3 = 100000
ffff8e67f59f0840 2937389631 S Ci:2:005:0 s c0 bc 0800 0016 0002 2 <
ffff8e67f59f0840 2937392260 C Ci:2:005:0 0 2 = 0900
ffff8e67f59f0840 2937392417 S Ci:2:005:0 s c0 bc 0900 001c 0002 2 <
ffff8e67f59f0840 2937395023 C Ci:2:005:0 0 2 = 2f6f
ffff8e67f59f0840 2937395177 S Ci:2:005:0 s c0 bc 0800 23be 0002 2 <
ffff8e67f59f0840 2937397719 C Ci:2:005:0 0 2 = 0000
ffff8e67f59f0840 2937397899 S Co:2:005:0 s 40 bc 0900 0014 0002 2 = d39e
ffff8e67f59f0840 2937400520 C Co:2:005:0 0 2 >
ffff8e67f59f0840 2937400701 S Ci:2:005:0 s c0 bc 0900 001c 0002 2 <
ffff8e67f59f0840 2937403256 C Ci:2:005:0 0 2 = 2f6f
ffff8e67f59f0840 2937403415 S Co:2:005:0 s 40 bc 0001 1124 0008 8 = 00001011 00001fff
ffff8e67f59f0840 2937406002 C Co:2:005:0 0 8 >
ffff8e67f59f0840 2937406186 S Co:2:005:0 s 40 bc 0001 1264 0008 8 = 00001011 00001fff
ffff8e67f59f0840 2937408761 C Co:2:005:0 0 8 >
ffff8e67f59f0840 2937408925 S Co:2:005:0 s 40 bc 0001 1128 0008 8 = 010f0000 1fff0000
ffff8e67f59f0840 2937411425 C Co:2:005:0 0 8 >
ffff8e67f59f0840 2937411579 S Co:2:005:0 s 40 bc 0001 1268 0008 8 = 010f0000 1fff0000
ffff8e67f59f0840 2937414131 C Co:2:005:0 0 8 >
ffff8e67f59f0840 2937414282 S Co:2:005:0 s 40 bc 0001 1004 0008 8 = 01000000 03000000
ffff8e67f59f0840 2937416897 C Co:2:005:0 0 8 >
ffff8e67f59f0840 2937417067 S Co:2:005:0 s 40 bc 0001 1504 0008 8 = 00000000 07000000
ffff8e67f59f0840 2937419493 C Co:2:005:0 0 8 >
ffff8e67f59f0840 2937419648 S Co:2:005:0 s 40 bc 0001 1500 0008 8 = 00000004 000000ff
ffff8e67f59f0840 2937422125 C Co:2:005:0 0 8 >
ffff8e67f59f0840 2937422274 S Co:2:005:0 s 40 bc 0001 1510 0008 8 = 00000000 00007f00
ffff8e67f59f0840 2937424745 C Co:2:005:0 0 8 >
ffff8e67f59f0840 2937424866 S Co:2:005:0 s 40 bc 0001 1504 0008 8 = 00020000 00030000
ffff8e67f59f0840 2937427423 C Co:2:005:0 0 8 >
ffff8e67f59f0840 2937427573 S Co:2:005:0 s 40 bc 0001 1000 0008 8 = 00000010 00000010
ffff8e67f59f0840 2937430128 C Co:2:005:0 0 8 >
ffff8e67f59f0840 2937430252 S Co:2:005:0 s 40 bc 0001 1000 0008 8 = 00000010 00000010
ffff8e67f59f0840 2937432745 C Co:2:005:0 0 8 >
ffff8e67f59f0840 2937432932 S Co:2:005:0 s 40 bc 0001 1a00 0008 8 = 00000000 00000003
ffff8e67f59f0840 2937435423 C Co:2:005:0 0 8 >
ffff8e67f59f0840 2937435579 S Co:2:005:0 s 40 bc 0001 1a08 0008 8 = 00000000 00010000
ffff8e67f59f0840 2937438127 C Co:2:005:0 0 8 >
ffff8e67f59f0840 2937438280 S Co:2:005:0 s 40 bc 0001 1a08 0008 8 = 00000000 00020000
ffff8e67f59f0840 2937440756 C Co:2:005:0 0 8 >
ffff8e67f59f0840 2937440925 S Co:2:005:0 s 40 bc 0001 1a08 0008 8 = 00000000 00040000
ffff8e67f59f0840 2937443389 C Co:2:005:0 0 8 >
ffff8e67f59f0840 2937443544 S Co:2:005:0 s 40 bc 0001 1a08 0008 8 = 00080000 00080000
ffff8e67f59f0840 2937446125 C Co:2:005:0 0 8 >
ffff8e67f59f0840 2937446276 S Co:2:005:0 s 40 bc 0001 1a08 0008 8 = 00200000 00300000
ffff8e67f59f0840 2937448742 C Co:2:005:0 0 8 >
ffff8e67f59f0840 2937448902 S Co:2:005:0 s 40 bc 0001 1a08 0008 8 = 00400000 00400000
ffff8e67f59f0840 2937451521 C Co:2:005:0 0 8 >
ffff8e67f59f0840 2937451674 S Co:2:005:0 s 40 bc 0001 1a08 0008 8 = 00800000 00800000
ffff8e67f59f0840 2937454306 C Co:2:005:0 0 8 >
ffff8e67f59f0840 2937454466 S Co:2:005:0 s 40 bc 0001 1a08 0008 8 = 00000000 07000000
ffff8e67f59f0840 2937456994 C Co:2:005:0 0 8 >
ffff8e67f59f0840 2937457108 S Co:2:005:0 s 40 bc 0001 1a08 0008 8 = 00000000 18000000
ffff8e67f59f0840 2937459590 C Co:2:005:0 0 8 >
ffff8e67f59f0840 2937459758 S Co:2:005:0 s 40 bc 0001 1a08 0008 8 = 00000000 20000000
ffff8e67f59f0840 2937462296 C Co:2:005:0 0 8 >
ffff8e67f59f0840 2937462445 S Co:2:005:0 s 40 bc 0001 1a08 0008 8 = 00000000 40000000
ffff8e67f59f0840 2937465005 C Co:2:005:0 0 8 >
ffff8e67f59f0840 2937465167 S Co:2:005:0 s 40 bc 0001 1a08 0008 8 = 00000000 80000000
ffff8e67f59f0840 2937467710 C Co:2:005:0 0 8 >
ffff8e67f59f0840 2937467890 S Co:2:005:0 s 40 bc 0001 1a0c 0008 8 = 00000000 ffff0000
ffff8e67f59f0840 2937470555 C Co:2:005:0 0 8 >
ffff8e67f59f0840 2937470707 S Co:2:005:0 s 40 bc 0001 1588 0008 8 = 00000000 00001000
ffff8e67f59f0840 2937473398 C Co:2:005:0 0 8 >
ffff8e67f59f0840 2937473552 S Co:2:005:0 s 40 bc 0001 1688 0008 8 = 00000000 00001000
ffff8e67f59f0840 2937476116 C Co:2:005:0 0 8 >
ffff8e67f59f0840 2937476271 S Co:2:005:0 s 40 bc 0001 1570 0008 8 = 00010000 00010000
ffff8e67f59f0840 2937478842 C Co:2:005:0 0 8 >
ffff8e67f59f0840 2937478996 S Co:2:005:0 s 40 bc 0001 1670 0008 8 = 00010000 00010000
ffff8e67f59f0840 2937481531 C Co:2:005:0 0 8 >
ffff8e67f59f0840 2937481699 S Co:2:005:0 s 40 bc 0001 1574 0008 8 = 00000000 80000000
ffff8e67f59f0840 2937484274 C Co:2:005:0 0 8 >
ffff8e67f59f0840 2937484454 S Co:2:005:0 s 40 bc 0001 1574 0008 8 = 00030000 001f0000
ffff8e67f59f0840 2937487066 C Co:2:005:0 0 8 >
ffff8e67f59f0840 2937487224 S Co:2:005:0 s 40 bc 0001 1104 0008 8 = 60d30000 ffff0000
ffff8e67f59f0840 2937489753 C Co:2:005:0 0 8 >
ffff8e67f59f0840 2937489929 S Co:2:005:0 s 40 bc 0001 1104 0008 8 = 00000000 0000ffff
ffff8e67f59f0840 2937492417 C Co:2:005:0 0 8 >
ffff8e67f59f0840 2937492569 S Co:2:005:0 s 40 bc 0001 1510 0008 8 = 00200000 00200000
ffff8e67f59f0840 2937495089 C Co:2:005:0 0 8 >
ffff8e67f59f0840 2937495238 S Co:2:005:0 s 40 bc 0001 1518 0008 8 = 00030000 00ff0000
ffff8e67f59f0840 2937497850 C Co:2:005:0 0 8 >
ffff8e67f59f0840 2937498002 S Co:2:005:0 s 40 bc 0001 1518 0008 8 = 0e000000 ff000000
ffff8e67f59f0840 2937500464 C Co:2:005:0 0 8 >
ffff8e67f59f0840 2937500643 S Co:2:005:0 s 40 bc 0001 1510 0008 8 = 00000000 00080000
ffff8e67f59f0840 2937503116 C Co:2:005:0 0 8 >
ffff8e67f59f0840 2937503270 S Co:2:005:0 s 40 bc 0001 1514 0008 8 = 00000000 07000000
ffff8e67f59f0840 2937505870 C Co:2:005:0 0 8 >
ffff8e67f59f0840 2937506076 S Co:2:005:0 s 40 bc 0001 1510 0008 8 = 00000000 00030000
ffff8e67f59f0840 2937508446 C Co:2:005:0 0 8 >
ffff8e67f59f0840 2937508600 S Co:2:005:0 s 40 bc 0001 1530 0008 8 = 000057e4 0000ffff
ffff8e67f59f0840 2937511119 C Co:2:005:0 0 8 >
ffff8e67f59f0840 2937511271 S Co:2:005:0 s 40 bc 0001 1534 0008 8 = 4f1a0000 ffff0000
ffff8e67f59f0840 2937513781 C Co:2:005:0 0 8 >
ffff8e67f59f0840 2937513944 S Co:2:005:0 s 40 bc 0001 1534 0008 8 = 00002bf2 0000ffff
ffff8e67f59f0840 2937516479 C Co:2:005:0 0 8 >
ffff8e67f59f0840 2937516633 S Co:2:005:0 s 40 bc 0001 1538 0008 8 = 1ec20000 ffff0000
ffff8e67f59f0840 2937519121 C Co:2:005:0 0 8 >
ffff8e67f59f0840 2937519271 S Co:2:005:0 s 40 bc 0001 152c 0008 8 = 02d00000 ffff0000
ffff8e67f59f0840 2937521880 C Co:2:005:0 0 8 >
ffff8e67f59f0840 2937522066 S Co:2:005:0 s 40 bc 0001 152c 0008 8 = 000001e0 0000ffff
ffff8e67f59f0840 2937524537 C Co:2:005:0 0 8 >
ffff8e67f59f0840 2937524691 S Co:2:005:0 s 40 bc 0001 1000 0008 8 = 00000000 00000002
ffff8e67f59f0840 2937527242 C Co:2:005:0 0 8 >
ffff8e67f59f0840 2937527394 S Co:2:005:0 s 40 bc 0001 1584 0008 8 = 00000000 ffff0000
ffff8e67f59f0840 2937529971 C Co:2:005:0 0 8 >
ffff8e67f59f0840 2937530134 S Co:2:005:0 s 40 bc 0001 1584 0008 8 = 00000000 0000ffff
ffff8e67f59f0840 2937532512 C Co:2:005:0 0 8 >
ffff8e67f59f0840 2937532631 S Co:2:005:0 s 40 bc 0001 1588 0008 8 = 00000000 ffff0000
ffff8e67f59f0840 2937535066 C Co:2:005:0 0 8 >
ffff8e67f59f0840 2937535231 S Co:2:005:0 s 40 bc 0001 1518 0008 8 = 00000000 0000ffff
ffff8e67f59f0840 2937537756 C Co:2:005:0 0 8 >
ffff8e67f59f0840 2937537876 S Co:2:005:0 s 40 bc 0001 151c 0008 8 = 00000000 ffff0000
ffff8e67f59f0840 2937540363 C Co:2:005:0 0 8 >
ffff8e67f59f0840 2937540527 S Co:2:005:0 s 40 bc 0001 151c 0008 8 = 00000000 001f0000
ffff8e67f59f0840 2937542992 C Co:2:005:0 0 8 >
ffff8e67f59f0840 2937543157 S Co:2:005:0 s 40 bc 0001 1524 0008 8 = 00000100 0000ff00
ffff8e67f59f0840 2937545608 C Co:2:005:0 0 8 >
ffff8e67f59f0840 2937545792 S Co:2:005:0 s 40 bc 0001 1524 0008 8 = 00000028 000000ff
ffff8e67f59f0840 2937548231 C Co:2:005:0 0 8 >
ffff8e67f59f0840 2937548396 S Co:2:005:0 s 40 bc 0001 1a00 0008 8 = 00000000 00000003
ffff8e67f59f0840 2937550990 C Co:2:005:0 0 8 >
ffff8e67f59f0840 2937551152 S Co:2:005:0 s 40 bc 0001 1a14 0008 8 = 00000000 00000001
ffff8e67f59f0840 2937553748 C Co:2:005:0 0 8 >
ffff8e67f59f0840 2937553879 S Co:2:005:0 s 40 bc 0001 1a14 0008 8 = 00000000 00000006
ffff8e67f59f0840 2937556405 C Co:2:005:0 0 8 >
ffff8e67f59f0840 2937556553 S Co:2:005:0 s 40 bc 0001 1a14 0008 8 = 00000000 00000008
ffff8e67f59f0840 2937559051 C Co:2:005:0 0 8 >
ffff8e67f59f0840 2937559219 S Co:2:005:0 s 40 bc 0001 1a14 0008 8 = 00000010 00000010
ffff8e67f59f0840 2937561663 C Co:2:005:0 0 8 >
ffff8e67f59f0840 2937561818 S Co:2:005:0 s 40 bc 0001 1a14 0008 8 = 00000000 00000060
ffff8e67f59f0840 2937564325 C Co:2:005:0 0 8 >
ffff8e67f59f0840 2937564464 S Co:2:005:0 s 40 bc 0001 1a04 0008 8 = 01400000 ffff0000
ffff8e67f59f0840 2937566896 C Co:2:005:0 0 8 >
ffff8e67f59f0840 2937567050 S Co:2:005:0 s 40 bc 0001 1580 0008 8 = 10000000 10000000
ffff8e67f59f0840 2937569548 C Co:2:005:0 0 8 >
ffff8e67f59f0840 2937569700 S Co:2:005:0 s 40 bc 0001 1580 0008 8 = 00060000 00ff0000
ffff8e67f59f0840 2937572143 C Co:2:005:0 0 8 >
ffff8e67f59f0840 2937572293 S Co:2:005:0 s 40 bc 0001 1580 0008 8 = 00000100 0000ff00
ffff8e67f59f0840 2937574816 C Co:2:005:0 0 8 >
ffff8e67f59f0840 2937574981 S Co:2:005:0 s 40 bc 0001 1580 0008 8 = 00000006 000000ff
ffff8e67f59f0840 2937577445 C Co:2:005:0 0 8 >
ffff8e67f59f0840 2937577596 S Co:2:005:0 s 40 bc 0001 157c 0008 8 = 00000000 00000001
ffff8e67f59f0840 2937580043 C Co:2:005:0 0 8 >
ffff8e67f59f0840 2937580195 S Co:2:005:0 s 40 bc 0001 157c 0008 8 = 00001000 00001000
ffff8e67f59f0840 2937582695 C Co:2:005:0 0 8 >
ffff8e67f59f0840 2937582852 S Co:2:005:0 s 40 bc 0001 157c 0008 8 = 00000050 00000070
ffff8e67f59f0840 2937585326 C Co:2:005:0 0 8 >
ffff8e67f59f0840 2937585480 S Co:2:005:0 s 40 bc 0001 157c 0008 8 = 00000000 00000001
ffff8e67f59f0840 2937587882 C Co:2:005:0 0 8 >
ffff8e67f59f0840 2937588079 S Co:2:005:0 s 40 bc 0001 1674 0008 8 = 00000000 80000000
ffff8e67f59f0840 2937590552 C Co:2:005:0 0 8 >
ffff8e67f59f0840 2937590705 S Co:2:005:0 s 40 bc 0001 1674 0008 8 = 00030000 001f0000
ffff8e67f59f0840 2937593167 C Co:2:005:0 0 8 >
ffff8e67f59f0840 2937593318 S Co:2:005:0 s 40 bc 0001 1244 0008 8 = 60d30000 ffff0000
ffff8e67f59f0840 2937595795 C Co:2:005:0 0 8 >
ffff8e67f59f0840 2937595957 S Co:2:005:0 s 40 bc 0001 1244 0008 8 = 00000000 0000ffff
ffff8e67f59f0840 2937598421 C Co:2:005:0 0 8 >
ffff8e67f59f0840 2937598570 S Co:2:005:0 s 40 bc 0001 1610 0008 8 = 00200000 00200000
ffff8e67f59f0840 2937601041 C Co:2:005:0 0 8 >
ffff8e67f59f0840 2937601157 S Co:2:005:0 s 40 bc 0001 1618 0008 8 = 00030000 00ff0000
ffff8e67f59f0840 2937603630 C Co:2:005:0 0 8 >
ffff8e67f59f0840 2937603760 S Co:2:005:0 s 40 bc 0001 1618 0008 8 = 0e000000 ff000000
ffff8e67f59f0840 2937606330 C Co:2:005:0 0 8 >
ffff8e67f59f0840 2937606501 S Co:2:005:0 s 40 bc 0001 1610 0008 8 = 00000000 00080000
ffff8e67f59f0840 2937608937 C Co:2:005:0 0 8 >
ffff8e67f59f0840 2937609103 S Co:2:005:0 s 40 bc 0001 1610 0008 8 = 00000000 00030000
ffff8e67f59f0840 2937611544 C Co:2:005:0 0 8 >
ffff8e67f59f0840 2937611697 S Co:2:005:0 s 40 bc 0001 1614 0008 8 = 00000000 07000000
ffff8e67f59f0840 2937614170 C Co:2:005:0 0 8 >
ffff8e67f59f0840 2937614323 S Co:2:005:0 s 40 bc 0001 1630 0008 8 = 000057e4 0000ffff
ffff8e67f59f0840 2937616795 C Co:2:005:0 0 8 >
ffff8e67f59f0840 2937616959 S Co:2:005:0 s 40 bc 0001 1634 0008 8 = 4f1a0000 ffff0000
ffff8e67f59f0840 2937619461 C Co:2:005:0 0 8 >
ffff8e67f59f0840 2937619618 S Co:2:005:0 s 40 bc 0001 1634 0008 8 = 00002bf2 0000ffff
ffff8e67f59f0840 2937622043 C Co:2:005:0 0 8 >
ffff8e67f59f0840 2937622198 S Co:2:005:0 s 40 bc 0001 1638 0008 8 = 1ec20000 ffff0000
ffff8e67f59f0840 2937624661 C Co:2:005:0 0 8 >
ffff8e67f59f0840 2937624820 S Co:2:005:0 s 40 bc 0001 1638 0008 8 = 00000000 0000ffff
ffff8e67f59f0840 2937627322 C Co:2:005:0 0 8 >
ffff8e67f59f0840 2937627474 S Co:2:005:0 s 40 bc 0001 162c 0008 8 = 02d00000 ffff0000
ffff8e67f59f0840 2937629899 C Co:2:005:0 0 8 >
ffff8e67f59f0840 2937630073 S Co:2:005:0 s 40 bc 0001 162c 0008 8 = 000001e0 0000ffff
ffff8e67f59f0840 2937632510 C Co:2:005:0 0 8 >
ffff8e67f59f0840 2937632689 S Co:2:005:0 s 40 bc 0001 1504 0008 8 = 00020000 00030000
ffff8e67f59f0840 2937635176 C Co:2:005:0 0 8 >
ffff8e67f59f0840 2937635342 S Co:2:005:0 s 40 bc 0001 1618 0008 8 = 00000000 0000ffff
ffff8e67f59f0840 2937637800 C Co:2:005:0 0 8 >
ffff8e67f59f0840 2937637910 S Co:2:005:0 s 40 bc 0001 161c 0008 8 = 00000000 ffff0000
ffff8e67f59f0840 2937640416 C Co:2:005:0 0 8 >
ffff8e67f59f0840 2937640568 S Co:2:005:0 s 40 bc 0001 161c 0008 8 = 00000000 001f0000
ffff8e67f59f0840 2937643038 C Co:2:005:0 0 8 >
ffff8e67f59f0840 2937643181 S Co:2:005:0 s 40 bc 0001 1624 0008 8 = 00000100 0000ff00
ffff8e67f59f0840 2937645664 C Co:2:005:0 0 8 >
ffff8e67f59f0840 2937645809 S Co:2:005:0 s 40 bc 0001 1624 0008 8 = 0000001f 000000ff
ffff8e67f59f0840 2937648318 C Co:2:005:0 0 8 >
ffff8e67f59f0840 2937648442 S Co:2:005:0 s 40 bc 0001 1684 0008 8 = 00000000 ffff0000
ffff8e67f59f0840 2937650944 C Co:2:005:0 0 8 >
ffff8e67f59f0840 2937651069 S Co:2:005:0 s 40 bc 0001 1684 0008 8 = 00000000 0000ffff
ffff8e67f59f0840 2937653540 C Co:2:005:0 0 8 >
ffff8e67f59f0840 2937653693 S Co:2:005:0 s 40 bc 0001 1688 0008 8 = 00000000 ffff0000
ffff8e67f59f0840 2937656196 C Co:2:005:0 0 8 >
ffff8e67f59f0840 2937656351 S Co:2:005:0 s 40 bc 0001 1a24 0008 8 = 00000000 00000001
ffff8e67f59f0840 2937658755 C Co:2:005:0 0 8 >
ffff8e67f59f0840 2937658875 S Co:2:005:0 s 40 bc 0001 1a34 0008 8 = 00000000 00000001
ffff8e67f59f0840 2937661441 C Co:2:005:0 0 8 >
ffff8e67f59f0840 2937661602 S Co:2:005:0 s 40 bc 0001 1a34 0008 8 = 00000000 00000006
ffff8e67f59f0840 2937664035 C Co:2:005:0 0 8 >
ffff8e67f59f0840 2937664191 S Co:2:005:0 s 40 bc 0001 1a34 0008 8 = 00000000 00000008
ffff8e67f59f0840 2937666665 C Co:2:005:0 0 8 >
ffff8e67f59f0840 2937666821 S Co:2:005:0 s 40 bc 0001 1a34 0008 8 = 00000010 00000010
ffff8e67f59f0840 2937669328 C Co:2:005:0 0 8 >
ffff8e67f59f0840 2937669486 S Co:2:005:0 s 40 bc 0001 1a34 0008 8 = 00000000 00000060
ffff8e67f59f0840 2937671876 C Co:2:005:0 0 8 >
ffff8e67f59f0840 2937672075 S Co:2:005:0 s 40 bc 0001 1a24 0008 8 = 01400000 ffff0000
ffff8e67f59f0840 2937674498 C Co:2:005:0 0 8 >
ffff8e67f59f0840 2937674657 S Co:2:005:0 s 40 bc 0001 1680 0008 8 = 10000000 10000000
ffff8e67f59f0840 2937677219 C Co:2:005:0 0 8 >
ffff8e67f59f0840 2937677392 S Co:2:005:0 s 40 bc 0001 1680 0008 8 = 00060000 00ff0000
ffff8e67f59f0840 2937679799 C Co:2:005:0 0 8 >
ffff8e67f59f0840 2937679910 S Co:2:005:0 s 40 bc 0001 1680 0008 8 = 00000100 0000ff00
ffff8e67f59f0840 2937682443 C Co:2:005:0 0 8 >
ffff8e67f59f0840 2937682602 S Co:2:005:0 s 40 bc 0001 1680 0008 8 = 00000006 000000ff
ffff8e67f59f0840 2937685070 C Co:2:005:0 0 8 >
ffff8e67f59f0840 2937685230 S Co:2:005:0 s 40 bc 0001 167c 0008 8 = 00000000 00000001
ffff8e67f59f0840 2937687620 C Co:2:005:0 0 8 >
ffff8e67f59f0840 2937687792 S Co:2:005:0 s 40 bc 0001 167c 0008 8 = 00001000 00001000
ffff8e67f59f0840 2937690313 C Co:2:005:0 0 8 >
ffff8e67f59f0840 2937690476 S Co:2:005:0 s 40 bc 0001 167c 0008 8 = 00000050 00000070
ffff8e67f59f0840 2937692924 C Co:2:005:0 0 8 >
ffff8e67f59f0840 2937693086 S Co:2:005:0 s 40 bc 0001 167c 0008 8 = 00000000 00000001
ffff8e67f59f0840 2937695534 C Co:2:005:0 0 8 >
ffff8e67f59f0840 2937695691 S Co:2:005:0 s 40 bc 0001 1008 0008 8 = 00000000 0000f000
ffff8e67f59f0840 2937698312 C Co:2:005:0 0 8 >
ffff8e67f59f0840 2937698472 S Co:2:005:0 s 40 bc 0001 1008 0008 8 = 00000000 00000f00
ffff8e67f59f0840 2937700932 C Co:2:005:0 0 8 >
ffff8e67f59f0840 2937701093 S Co:2:005:0 s 40 bc 0001 1008 0008 8 = 00000010 000000f0
ffff8e67f59f0840 2937703532 C Co:2:005:0 0 8 >
ffff8e67f59f0840 2937703690 S Co:2:005:0 s 40 bc 0001 100c 0008 8 = 00200000 00f00000
ffff8e67f59f0840 2937706157 C Co:2:005:0 0 8 >
ffff8e67f59f0840 2937706311 S Co:2:005:0 s 40 bc 0001 100c 0008 8 = 30000000 f0000000
ffff8e67f59f0840 2937708790 C Co:2:005:0 0 8 >
ffff8e67f59f0840 2937708959 S Co:2:005:0 s 40 bc 0001 1008 0008 8 = 00000000 0000000f
ffff8e67f59f0840 2937711447 C Co:2:005:0 0 8 >
ffff8e67f59f0840 2937711603 S Co:2:005:0 s 40 bc 0001 100c 0008 8 = 00000000 000f0000
ffff8e67f59f0840 2937714001 C Co:2:005:0 0 8 >
ffff8e67f59f0840 2937714160 S Co:2:005:0 s 40 bc 0001 100c 0008 8 = 00000000 0f000000
ffff8e67f59f0840 2937716729 C Co:2:005:0 0 8 >
ffff8e67f59f0840 2937716845 S Co:2:005:0 s 40 b8 0000 0000 0004 4 = 04a00000
ffff8e67f59f0840 2937719448 C Co:2:005:0 0 4 >
ffff8e67f59f0840 2937719576 S Ci:2:005:0 s c0 bc 0800 2008 0002 2 <
ffff8e67f59f0840 2937722042 C Ci:2:005:0 0 2 = 0001
ffff8e67f59f0840 2937722201 S Co:2:005:0 s 40 b8 0000 0000 0004 4 = 05000002
ffff8e67f59f0840 2937724660 C Co:2:005:0 0 4 >
ffff8e67f59f0840 2937724834 S Ii:2:005:3 -115:1 3 <
ffff8e67f59f0840 2937725863 C Ii:2:005:3 0:1 3 = 100000
ffff8e67f59f0840 2937726017 S Ci:2:005:0 s c0 bc 0800 0014 0002 2 <
ffff8e67f59f0840 2937728545 C Ci:2:005:0 0 2 = 0500
ffff8e67f59f0840 2937728706 S Ci:2:005:0 s c0 bc 0800 2008 0002 2 <
ffff8e67f59f0840 2937731262 C Ci:2:005:0 0 2 = 0001
ffff8e67f59f0840 2937731439 S Ci:2:005:0 s c0 bc 0900 0074 0002 2 <
ffff8e67f59f0840 2937733809 C Ci:2:005:0 0 2 = 011e
ffff8e67f59f0840 2937733967 S Ci:2:005:0 s c0 bc 0900 01b0 0002 2 <
ffff8e67f59f0840 2937736486 C Ci:2:005:0 0 2 = 0000
ffff8e67f59f0840 2937736657 S Ci:2:005:0 s c0 bc 0800 2008 0002 2 <
ffff8e67f59f0840 2937739082 C Ci:2:005:0 0 2 = 0001
ffff8e67f59f0840 2937739241 S Ci:2:005:0 s c0 bc 0800 2008 0002 2 <
ffff8e67f59f0840 2937741709 C Ci:2:005:0 0 2 = 0001
ffff8e67f59f0840 2937741915 S Co:2:005:0 s 40 bc 0900 0074 0002 2 = 0004
ffff8e67f59f0840 2937744436 C Co:2:005:0 0 2 >
ffff8e67f59f0840 2937744597 S Co:2:005:0 s 40 bc 0900 01b0 0002 2 = 0000
ffff8e67f59f0840 2937747068 C Co:2:005:0 0 2 >
ffff8e67f59f0840 2937747227 S Ci:2:005:0 s c0 bc 0800 2008 0002 2 <
ffff8e67f59f0840 2937749739 C Ci:2:005:0 0 2 = 0001
ffff8e67f59f0840 2937749922 S Ci:2:005:0 s c0 bc 0900 0074 0002 2 <
ffff8e67f59f0840 2937752327 C Ci:2:005:0 0 2 = 011a
ffff8e67f59f0840 2937752490 S Ci:2:005:0 s c0 bc 0900 01b0 0002 2 <
ffff8e67f59f0840 2937755077 C Ci:2:005:0 0 2 = 0000

last 6 lines repeat until streamer is finally started
